No,ImageNoX,ImageNoY,ImageNoZ,ElpsLabel,ObjLabel,Average,GravX,GravY,Angle,MjrAx,MnrAx,X2,Status,DepthAve
0,0.0,0.0,0.0,0.0,1.0,0.0,51.52,30.35,61.208,37.84,37.299,9.861,0.0,0.0
1,0.0,0.0,0.0,1.0,3.0,0.0,354.305,132.276,92.816,38.523,38.268,9.921,0.0,0.0
2,0.0,0.0,0.0,2.0,4.0,0.0,182.297,162.856,134.204,37.878,37.762,9.927,0.0,0.0
3,0.0,0.0,0.0,3.0,5.0,0.0,244.931,174.447,92.182,38.41,38.26,9.906,0.0,0.0
4,0.0,0.0,0.0,4.0,6.0,0.0,380.944,211.125,-38.828,38.58,38.45,9.953,0.0,0.0
5,0.0,0.0,0.0,5.0,7.0,0.0,286.558,238.391,-43.563,38.132,37.868,9.82,0.0,0.0
6,0.0,0.0,0.0,6.0,8.0,0.0,272.318,339.929,129.572,38.529,38.324,9.929,0.0,0.0
7,0.0,0.0,0.0,7.0,9.0,0.0,337.156,340.262,82.958,38.271,38.051,9.861,0.0,0.0
8,1.0,0.0,0.0,0.0,0.0,0.0,1146.606,107.2,99.057,38.778,38.77,9.943,0.0,0.0
9,1.0,0.0,0.0,1.0,1.0,0.0,828.08,171.596,98.996,38.13,37.987,9.911,0.0,0.0
10,1.0,0.0,0.0,2.0,2.0,0.0,786.886,198.764,57.786,37.701,37.589,9.881,0.0,0.0
11,1.0,0.0,0.0,3.0,4.0,0.0,678.686,355.226,40.744,38.825,38.403,9.827,0.0,0.0
12,1.0,0.0,0.0,4.0,5.0,0.0,771.542,398.768,109.226,38.1,37.973,9.905,0.0,0.0
13,2.0,0.0,0.0,0.0,0.0,0.0,1543.39,107.342,66.067,38.385,38.123,9.885,0.0,0.0
14,2.0,0.0,0.0,1.0,2.0,0.0,1732.863,131.835,-25.629,38.496,38.289,9.921,0.0,0.0
15,2.0,0.0,0.0,2.0,3.0,0.0,1558.032,205.135,94.306,38.888,38.37,9.981,0.0,0.0
16,2.0,0.0,0.0,3.0,4.0,0.0,1674.991,276.674,119.793,38.83,38.252,9.959,0.0,0.0
17,2.0,0.0,0.0,4.0,5.0,0.0,1585.1,299.52,93.385,38.671,38.369,9.878,0.0,0.0
18,2.0,0.0,0.0,5.0,6.0,0.0,1186.533,305.455,123.204,38.048,37.82,9.879,0.0,0.0
19,2.0,0.0,0.0,6.0,7.0,0.0,1321.858,343.055,30.646,38.722,38.556,9.985,0.0,0.0
20,3.0,0.0,0.0,0.0,0.0,0.0,2012.504,106.201,133.542,37.83,37.379,9.793,0.0,0.0
21,3.0,0.0,0.0,1.0,2.0,0.0,2304.344,222.129,96.865,38.998,38.912,9.989,0.0,0.0
22,3.0,0.0,0.0,2.0,3.0,0.0,1785.105,244.115,27.566,38.297,37.982,9.855,0.0,0.0
23,3.0,0.0,0.0,3.0,4.0,0.0,2232.631,315.036,117.629,38.809,38.55,9.919,0.0,0.0
25,3.0,0.0,0.0,5.0,8.0,0.0,2314.531,400.329,93.18,42.44,30.804,9.209,0.0,0.0
26,4.0,0.0,0.0,0.0,1.0,0.0,2424.178,54.332,71.758,38.205,37.766,9.891,0.0,0.0
27,4.0,0.0,0.0,1.0,2.0,0.0,2682.074,148.636,78.086,38.267,38.097,9.866,0.0,0.0
28,4.0,0.0,0.0,2.0,3.0,0.0,2478.505,175.743,-16.654,37.759,37.482,9.797,0.0,0.0
29,4.0,0.0,0.0,3.0,4.0,0.0,2577.497,183.654,53.431,38.915,38.399,9.913,0.0,0.0
30,4.0,0.0,0.0,4.0,10.0,0.0,2498.453,417.997,-2.134,40.858,31.562,9.321,0.0,0.0
31,4.0,0.0,0.0,5.0,11.0,0.0,2652.931,418.857,-4.001,41.476,30.05,9.195,0.0,0.0
32,5.0,0.0,0.0,0.0,1.0,0.0,3316.128,117.122,117.767,38.271,38.153,9.874,0.0,0.0
33,5.0,0.0,0.0,1.0,2.0,0.0,3264.491,141.148,127.026,38.105,37.732,9.875,0.0,0.0
34,5.0,0.0,0.0,2.0,3.0,0.0,3435.084,149.495,128.662,38.75,38.567,9.914,0.0,0.0
35,5.0,0.0,0.0,3.0,4.0,0.0,2909.255,229.798,39.033,38.761,38.556,9.99,0.0,0.0
36,5.0,0.0,0.0,4.0,5.0,0.0,3216.24,320.726,-11.864,38.127,38.09,9.848,0.0,0.0
37,5.0,0.0,0.0,5.0,6.0,0.0,3339.865,365.898,39.932,39.122,39.024,9.945,0.0,0.0
38,6.0,0.0,0.0,0.0,1.0,0.0,3803.01,143.271,59.623,38.421,38.168,9.895,0.0,0.0
39,6.0,0.0,0.0,1.0,2.0,0.0,3642.612,199.543,18.749,37.922,37.717,9.849,0.0,0.0
40,6.0,0.0,0.0,2.0,4.0,0.0,3524.26,342.087,58.107,38.717,38.415,9.89,0.0,0.0
41,6.0,0.0,0.0,3.0,5.0,0.0,3726.493,387.448,77.73,38.703,38.466,9.97,0.0,0.0
42,7.0,0.0,0.0,0.0,0.0,0.0,4542.377,46.165,-42.82,39.341,39.048,9.976,0.0,0.0
43,7.0,0.0,0.0,1.0,1.0,0.0,4447.437,62.352,2.026,37.997,37.658,9.851,0.0,0.0
44,7.0,0.0,0.0,2.0,2.0,0.0,4515.756,109.809,-21.958,38.518,38.217,9.915,0.0,0.0
45,7.0,0.0,0.0,3.0,3.0,0.0,4470.273,111.142,86.953,38.246,38.071,9.937,0.0,0.0
46,7.0,0.0,0.0,4.0,4.0,0.0,4363.245,218.386,44.26,38.77,38.703,9.934,0.0,0.0
47,7.0,0.0,0.0,5.0,5.0,0.0,4212.211,222.496,24.747,38.384,38.024,9.872,0.0,0.0
48,7.0,0.0,0.0,6.0,6.0,0.0,4100.312,235.693,73.881,38.359,38.282,9.902,0.0,0.0
49,7.0,0.0,0.0,7.0,7.0,0.0,4142.767,236.206,-3.73,38.548,38.389,9.941,0.0,0.0
50,7.0,0.0,0.0,8.0,9.0,0.0,4340.752,273.884,130.254,38.419,38.301,9.912,0.0,0.0
51,7.0,0.0,0.0,9.0,10.0,0.0,4428.926,297.323,24.946,38.728,38.598,9.991,0.0,0.0
53,7.0,0.0,0.0,11.0,11.0,0.0,4473.657,325.942,67.083,38.918,38.299,9.976,0.0,0.0
54,7.0,0.0,0.0,12.0,13.0,0.0,4088.388,365.297,48.962,38.2,38.119,9.861,0.0,0.0
55,7.0,0.0,0.0,13.0,14.0,0.0,4402.621,368.988,113.27,38.958,38.89,9.982,0.0,0.0
56,8.0,0.0,0.0,0.0,0.0,0.0,5004.884,74.766,94.151,37.964,37.776,9.862,0.0,0.0
57,8.0,0.0,0.0,1.0,1.0,0.0,5068.759,82.82,100.332,38.083,37.609,9.855,0.0,0.0
58,8.0,0.0,0.0,2.0,3.0,0.0,4979.401,323.349,-27.989,38.619,38.424,9.954,0.0,0.0
59,8.0,0.0,0.0,3.0,4.0,0.0,4703.058,415.956,-1.081,40.324,35.267,9.606,0.0,0.0
60,9.0,0.0,0.0,0.0,3.0,0.0,5229.518,60.2,65.509,38.458,38.122,9.895,0.0,0.0
61,9.0,0.0,0.0,1.0,4.0,0.0,5223.102,110.131,40.732,38.062,37.732,9.869,0.0,0.0
62,9.0,0.0,0.0,2.0,5.0,0.0,5482.446,135.784,82.929,37.949,37.484,9.822,0.0,0.0
63,9.0,0.0,0.0,3.0,8.0,0.0,5328.661,372.993,-29.161,37.857,37.54,9.817,0.0,0.0
64,9.0,0.0,0.0,4.0,9.0,0.0,5404.999,378.058,38.754,38.187,37.845,9.9,0.0,0.0
65,0.0,1.0,0.0,0.0,1.0,0.0,475.907,460.76,53.856,38.33,38.142,9.88,0.0,0.0
66,0.0,1.0,0.0,1.0,2.0,0.0,527.891,507.102,93.483,38.65,38.368,9.875,0.0,0.0
69,0.0,1.0,0.0,4.0,6.0,0.0,163.758,619.695,22.495,37.79,37.542,9.887,0.0,0.0
70,0.0,1.0,0.0,5.0,7.0,0.0,252.529,620.782,119.333,38.169,37.978,9.838,0.0,0.0
71,0.0,1.0,0.0,6.0,8.0,0.0,86.358,694.852,52.068,37.987,37.829,9.872,0.0,0.0
72,0.0,1.0,0.0,7.0,9.0,0.0,273.611,762.994,29.743,38.29,38.017,9.859,0.0,0.0
73,1.0,1.0,0.0,0.0,1.0,0.0,845.461,451.432,58.948,37.508,37.147,9.797,0.0,0.0
74,1.0,1.0,0.0,1.0,2.0,0.0,667.154,644.969,74.171,38.249,38.049,9.858,0.0,0.0
75,1.0,1.0,0.0,2.0,3.0,0.0,678.707,761.781,7.808,38.324,38.256,9.894,0.0,0.0
76,1.0,1.0,0.0,3.0,4.0,0.0,719.108,789.247,31.554,38.185,37.677,9.878,0.0,0.0
77,2.0,1.0,0.0,0.0,0.0,0.0,1229.158,432.492,46.946,38.122,37.756,9.88,0.0,0.0
78,2.0,1.0,0.0,1.0,1.0,0.0,1697.344,515.488,93.806,38.79,38.529,9.989,0.0,0.0
79,2.0,1.0,0.0,2.0,2.0,0.0,1365.977,557.18,103.295,38.281,37.711,9.894,0.0,0.0
80,2.0,1.0,0.0,3.0,5.0,0.0,1263.109,725.019,108.978,38.434,38.226,9.905,0.0,0.0
81,2.0,1.0,0.0,4.0,6.0,0.0,1610.276,819.713,-6.894,38.704,38.508,9.9,0.0,0.0
83,3.0,1.0,0.0,1.0,2.0,0.0,1928.607,474.144,42.599,37.863,37.586,9.824,0.0,0.0
84,3.0,1.0,0.0,2.0,4.0,0.0,1989.203,532.215,98.175,37.53,37.526,9.773,0.0,0.0
85,3.0,1.0,0.0,3.0,5.0,0.0,2064.933,689.563,-24.677,38.439,38.307,9.916,0.0,0.0
86,3.0,1.0,0.0,4.0,6.0,0.0,1764.462,700.177,68.919,38.41,38.13,9.889,0.0,0.0
87,3.0,1.0,0.0,5.0,8.0,0.0,2243.445,716.963,3.294,39.034,38.535,9.946,0.0,0.0
88,3.0,1.0,0.0,6.0,9.0,0.0,2235.143,793.913,-38.878,39.215,39.037,9.958,0.0,0.0
89,4.0,1.0,0.0,0.0,5.0,0.0,2750.696,506.089,75.25,38.115,37.673,9.868,0.0,0.0
90,4.0,1.0,0.0,1.0,6.0,0.0,2402.62,571.636,103.263,38.124,37.819,9.888,0.0,0.0
92,4.0,1.0,0.0,3.0,11.0,0.0,2594.496,768.763,77.772,38.369,38.307,9.907,0.0,0.0
93,4.0,1.0,0.0,4.0,12.0,0.0,2495.693,779.863,15.863,38.765,38.599,9.996,0.0,0.0
94,4.0,1.0,0.0,5.0,13.0,0.0,2370.373,791.579,10.73,38.666,38.437,9.962,0.0,0.0
95,4.0,1.0,0.0,6.0,14.0,0.0,2847.979,800.099,38.409,39.184,39.107,9.89,0.0,0.0
96,4.0,1.0,0.0,7.0,15.0,0.0,2451.124,801.117,7.155,38.675,38.393,9.882,0.0,0.0
97,5.0,1.0,0.0,0.0,1.0,0.0,3304.232,442.655,107.531,38.706,38.179,9.933,0.0,0.0
98,5.0,1.0,0.0,1.0,2.0,0.0,3137.44,477.501,-42.781,37.938,37.843,9.867,0.0,0.0
99,5.0,1.0,0.0,2.0,3.0,0.0,3282.872,639.434,-32.724,38.406,38.249,9.904,0.0,0.0
100,5.0,1.0,0.0,3.0,4.0,0.0,3317.203,667.08,-8.375,38.587,38.4,9.871,0.0,0.0
101,5.0,1.0,0.0,4.0,6.0,0.0,3173.553,708.959,-6.621,35.042,34.966,9.494,0.0,0.0
102,5.0,1.0,0.0,5.0,8.0,0.0,3095.972,758.139,79.025,38.763,38.586,9.993,0.0,0.0
103,5.0,1.0,0.0,6.0,9.0,0.0,3030.462,825.559,-2.447,40.909,32.274,9.339,0.0,0.0
105,6.0,1.0,0.0,0.0,1.0,0.0,3841.824,515.348,118.892,38.167,38.048,9.847,0.0,0.0
106,6.0,1.0,0.0,1.0,2.0,0.0,3712.165,521.821,74.267,38.803,38.36,9.894,0.0,0.0
107,6.0,1.0,0.0,2.0,3.0,0.0,3682.414,575.271,74.495,38.68,38.288,9.944,0.0,0.0
108,6.0,1.0,0.0,3.0,4.0,0.0,3533.895,671.522,59.887,38.243,37.908,9.839,0.0,0.0
109,7.0,1.0,0.0,0.0,0.0,0.0,4182.575,447.853,59.019,37.348,36.951,9.751,0.0,0.0
110,7.0,1.0,0.0,1.0,1.0,0.0,4446.17,480.287,90.126,37.926,37.765,9.856,0.0,0.0
112,7.0,1.0,0.0,3.0,4.0,0.0,4511.382,548.923,23.495,38.81,38.649,9.932,0.0,0.0
113,7.0,1.0,0.0,4.0,5.0,0.0,4198.559,628.934,54.456,38.242,37.661,9.807,0.0,0.0
114,7.0,1.0,0.0,5.0,6.0,0.0,4293.843,670.88,-26.592,38.374,38.159,9.889,0.0,0.0
115,7.0,1.0,0.0,6.0,7.0,0.0,4401.633,720.145,89.244,38.551,38.271,9.926,0.0,0.0
116,7.0,1.0,0.0,7.0,8.0,0.0,4233.251,720.67,-29.432,38.799,38.439,9.904,0.0,0.0
118,7.0,1.0,0.0,9.0,10.0,0.0,4585.673,825.805,-5.253,41.117,32.582,9.31,0.0,0.0
119,7.0,1.0,0.0,10.0,11.0,0.0,4399.311,829.33,-3.631,42.269,24.423,8.706,0.0,0.0
120,8.0,1.0,0.0,0.0,2.0,0.0,4827.701,492.107,63.506,38.43,37.99,9.874,0.0,0.0
121,8.0,1.0,0.0,1.0,4.0,0.0,4747.507,607.765,40.831,38.208,37.872,9.906,0.0,0.0
122,8.0,1.0,0.0,2.0,5.0,0.0,4671.199,629.872,38.112,38.381,38.171,9.891,0.0,0.0
123,8.0,1.0,0.0,3.0,6.0,0.0,4665.773,735.767,7.541,39.057,38.827,9.986,0.0,0.0
124,8.0,1.0,0.0,4.0,7.0,0.0,4902.94,736.41,66.946,38.721,38.48,9.974,0.0,0.0
125,8.0,1.0,0.0,5.0,8.0,0.0,5027.825,814.756,90.225,39.116,38.752,9.909,0.0,0.0
126,0.0,2.0,0.0,0.0,0.0,0.0,391.933,868.703,74.501,38.423,38.167,9.896,0.0,0.0
127,0.0,2.0,0.0,1.0,1.0,0.0,275.001,905.925,66.302,38.091,37.737,9.873,0.0,0.0
128,0.0,2.0,0.0,2.0,2.0,0.0,149.08,948.988,76.288,37.666,37.291,9.837,0.0,0.0
129,0.0,2.0,0.0,3.0,3.0,0.0,324.561,984.156,87.473,38.022,37.749,9.866,0.0,0.0
130,0.0,2.0,0.0,4.0,5.0,0.0,369.61,999.461,40.311,37.948,37.835,9.868,0.0,0.0
132,0.0,2.0,0.0,6.0,7.0,0.0,431.255,1067.59,60.782,38.402,38.263,9.905,0.0,0.0
133,0.0,2.0,0.0,7.0,8.0,0.0,485.515,1133.472,58.337,38.941,38.646,9.948,0.0,0.0
134,0.0,2.0,0.0,8.0,9.0,0.0,118.494,1148.508,-0.426,38.147,37.888,9.901,0.0,0.0
135,1.0,2.0,0.0,0.0,0.0,0.0,823.027,918.896,96.478,38.034,37.77,9.87,0.0,0.0
136,1.0,2.0,0.0,1.0,1.0,0.0,649.276,948.779,71.027,37.81,37.434,9.874,0.0,0.0
137,1.0,2.0,0.0,2.0,2.0,0.0,889.932,957.253,67.772,38.557,38.328,9.934,0.0,0.0
138,1.0,2.0,0.0,3.0,5.0,0.0,724.596,1004.629,-27.176,38.3,38.018,9.861,0.0,0.0
139,1.0,2.0,0.0,4.0,7.0,0.0,1004.653,1076.03,109.857,38.578,38.317,9.935,0.0,0.0
140,1.0,2.0,0.0,5.0,8.0,0.0,638.164,1156.743,-4.47,38.34,38.173,9.886,0.0,0.0
141,1.0,2.0,0.0,6.0,9.0,0.0,899.57,1160.456,-21.594,38.691,38.315,9.95,0.0,0.0
142,1.0,2.0,0.0,7.0,10.0,0.0,613.04,1212.832,82.95,38.593,38.352,9.941,0.0,0.0
143,2.0,2.0,0.0,0.0,1.0,0.0,1334.643,871.547,100.053,37.574,37.349,9.833,0.0,0.0
144,2.0,2.0,0.0,1.0,2.0,0.0,1290.733,901.604,75.73,37.803,37.621,9.821,0.0,0.0
145,2.0,2.0,0.0,2.0,3.0,0.0,1568.633,918.629,68.921,38.43,38.146,9.894,0.0,0.0
146,2.0,2.0,0.0,3.0,4.0,0.0,1179.182,1009.985,14.845,37.974,37.603,9.841,0.0,0.0
147,2.0,2.0,0.0,4.0,5.0,0.0,1725.942,1041.204,101.17,39.046,38.616,9.957,0.0,0.0
148,2.0,2.0,0.0,5.0,6.0,0.0,1350.591,1042.342,87.047,38.106,37.718,9.873,0.0,0.0
149,2.0,2.0,0.0,6.0,8.0,0.0,1607.563,1120.315,65.97,39.112,38.767,9.986,0.0,0.0
150,2.0,2.0,0.0,7.0,9.0,0.0,1226.576,1141.958,5.624,38.184,37.963,9.839,0.0,0.0
151,2.0,2.0,0.0,8.0,10.0,0.0,1672.852,1203.225,-14.838,39.416,39.064,9.988,0.0,0.0
153,3.0,2.0,0.0,0.0,0.0,0.0,1811.045,878.296,95.72,37.508,37.286,9.739,0.0,0.0
154,3.0,2.0,0.0,1.0,1.0,0.0,1783.667,916.516,68.987,38.036,37.698,9.86,0.0,0.0
155,3.0,2.0,0.0,2.0,5.0,0.0,2293.128,1107.83,25.393,39.185,38.983,9.948,0.0,0.0
156,3.0,2.0,0.0,3.0,6.0,0.0,2069.428,1119.786,-31.097,38.491,38.355,9.929,0.0,0.0
157,3.0,2.0,0.0,4.0,7.0,0.0,2099.118,1195.196,37.732,38.653,38.22,9.933,0.0,0.0
159,4.0,2.0,0.0,0.0,1.0,0.0,2631.48,888.795,82.708,38.475,38.021,9.883,0.0,0.0
160,4.0,2.0,0.0,1.0,2.0,0.0,2407.415,919.257,61.485,37.914,37.404,9.884,0.0,0.0
161,4.0,2.0,0.0,2.0,3.0,0.0,2808.285,970.655,64.721,38.413,38.347,9.917,0.0,0.0
162,4.0,2.0,0.0,3.0,4.0,0.0,2340.533,1040.233,61.325,37.935,37.756,9.855,0.0,0.0
163,4.0,2.0,0.0,4.0,5.0,0.0,2456.301,1106.492,51.448,38.416,38.021,9.876,0.0,0.0
164,4.0,2.0,0.0,5.0,7.0,0.0,2629.64,1166.619,82.987,38.229,38.083,9.86,0.0,0.0
165,4.0,2.0,0.0,6.0,8.0,0.0,2502.562,1184.573,34.606,39.0,38.509,9.938,0.0,0.0
166,4.0,2.0,0.0,7.0,9.0,0.0,2577.345,1213.278,33.986,38.575,38.45,9.952,0.0,0.0
167,4.0,2.0,0.0,8.0,10.0,0.0,2646.866,1226.889,9.077,38.598,38.519,9.964,0.0,0.0
168,5.0,2.0,0.0,0.0,1.0,0.0,3361.45,870.787,90.666,38.267,37.919,9.919,0.0,0.0
169,5.0,2.0,0.0,1.0,3.0,0.0,3157.866,981.926,86.703,37.72,37.594,9.806,0.0,0.0
170,5.0,2.0,0.0,2.0,4.0,0.0,2997.175,1118.544,50.322,37.267,37.204,9.697,0.0,0.0
171,5.0,2.0,0.0,3.0,5.0,0.0,2970.551,1167.022,132.679,38.516,38.123,9.902,0.0,0.0
172,5.0,2.0,0.0,4.0,6.0,0.0,3376.991,1172.148,58.789,39.079,38.793,9.985,0.0,0.0
173,5.0,2.0,0.0,5.0,7.0,0.0,3112.503,1228.424,-40.219,38.528,38.351,9.933,0.0,0.0
174,6.0,2.0,0.0,0.0,0.0,0.0,3992.794,845.067,26.435,38.925,38.699,9.953,0.0,0.0
175,6.0,2.0,0.0,1.0,1.0,0.0,3504.248,878.594,41.161,37.422,36.988,9.765,0.0,0.0
176,6.0,2.0,0.0,2.0,2.0,0.0,3533.38,1069.355,13.685,37.806,37.546,9.812,0.0,0.0
177,7.0,2.0,0.0,0.0,2.0,0.0,4579.088,952.648,96.8,38.414,38.116,9.813,0.0,0.0
178,7.0,2.0,0.0,1.0,3.0,0.0,4252.852,1113.045,40.561,37.838,37.595,9.822,0.0,0.0
179,7.0,2.0,0.0,2.0,4.0,0.0,4557.259,1191.552,-28.013,38.981,38.722,9.963,0.0,0.0
180,7.0,2.0,0.0,3.0,5.0,0.0,4093.966,1197.84,59.761,38.95,38.317,9.907,0.0,0.0
181,7.0,2.0,0.0,4.0,6.0,0.0,4248.863,1205.265,87.33,38.558,38.178,9.914,0.0,0.0
182,8.0,2.0,0.0,0.0,1.0,0.0,4890.643,946.268,124.327,37.897,37.712,9.845,0.0,0.0
183,8.0,2.0,0.0,1.0,2.0,0.0,4667.58,983.181,43.477,38.871,38.526,9.924,0.0,0.0
184,8.0,2.0,0.0,2.0,3.0,0.0,5193.44,987.338,91.514,41.367,32.597,9.431,0.0,0.0
185,8.0,2.0,0.0,3.0,4.0,0.0,4677.457,1051.428,43.899,38.039,37.88,9.885,0.0,0.0
186,9.0,2.0,0.0,0.0,0.0,0.0,5440.276,913.213,35.522,38.252,38.041,9.934,0.0,0.0
187,9.0,2.0,0.0,1.0,1.0,0.0,5405.512,937.447,-19.59,37.79,37.628,9.82,0.0,0.0
188,9.0,2.0,0.0,2.0,3.0,0.0,5601.465,980.708,3.469,38.299,37.977,9.855,0.0,0.0
189,9.0,2.0,0.0,3.0,5.0,0.0,5499.993,1035.482,69.257,38.3,37.812,9.91,0.0,0.0
190,9.0,2.0,0.0,4.0,6.0,0.0,5551.249,1089.675,65.331,38.927,38.148,9.883,0.0,0.0
191,0.0,3.0,0.0,0.0,1.0,0.0,260.539,1327.469,69.249,38.208,38.035,9.851,0.0,0.0
192,0.0,3.0,0.0,1.0,2.0,0.0,29.379,1464.33,30.352,38.581,38.124,9.988,0.0,0.0
193,0.0,3.0,0.0,2.0,3.0,0.0,118.039,1471.964,69.855,37.677,37.505,9.789,0.0,0.0
194,0.0,3.0,0.0,3.0,4.0,0.0,408.835,1473.779,87.632,39.004,38.951,9.995,0.0,0.0
195,1.0,3.0,0.0,0.0,1.0,0.0,1054.346,1251.504,58.516,38.44,38.303,9.915,0.0,0.0
196,1.0,3.0,0.0,1.0,3.0,0.0,885.736,1299.399,118.496,37.967,37.716,9.855,0.0,0.0
197,1.0,3.0,0.0,2.0,4.0,0.0,732.519,1306.565,67.655,38.25,37.945,9.921,0.0,0.0
198,1.0,3.0,0.0,3.0,5.0,0.0,845.772,1348.174,79.971,38.121,38.037,9.916,0.0,0.0
199,1.0,3.0,0.0,4.0,6.0,0.0,650.244,1370.631,61.667,37.973,37.574,9.837,0.0,0.0
200,1.0,3.0,0.0,5.0,7.0,0.0,723.025,1397.172,-2.654,37.948,37.819,9.866,0.0,0.0
202,1.0,3.0,0.0,7.0,9.0,0.0,909.14,1498.171,60.778,38.232,37.976,9.846,0.0,0.0
205,2.0,3.0,0.0,1.0,2.0,0.0,1559.0,1376.504,82.106,38.532,38.312,9.928,0.0,0.0
206,2.0,3.0,0.0,2.0,3.0,0.0,1731.177,1460.644,36.444,38.867,38.733,9.95,0.0,0.0
207,2.0,3.0,0.0,3.0,4.0,0.0,1537.293,1516.073,-35.926,38.372,38.257,9.901,0.0,0.0
208,3.0,3.0,0.0,0.0,0.0,0.0,1930.451,1246.065,103.717,37.555,37.374,9.756,0.0,0.0
209,3.0,3.0,0.0,1.0,1.0,0.0,2030.612,1273.088,63.652,38.262,37.934,9.921,0.0,0.0
210,3.0,3.0,0.0,2.0,2.0,0.0,1790.897,1275.184,74.356,37.955,37.505,9.826,0.0,0.0
211,3.0,3.0,0.0,3.0,7.0,0.0,2210.083,1367.789,-33.937,39.055,38.651,9.889,0.0,0.0
212,3.0,3.0,0.0,4.0,8.0,0.0,2109.879,1399.465,92.028,38.255,37.684,9.887,0.0,0.0
213,3.0,3.0,0.0,5.0,9.0,0.0,2147.831,1414.062,5.798,37.829,37.7,9.835,0.0,0.0
214,3.0,3.0,0.0,6.0,10.0,0.0,2231.477,1436.224,-18.63,38.381,38.206,9.973,0.0,0.0
215,4.0,3.0,0.0,0.0,2.0,0.0,2341.357,1307.165,55.833,38.168,37.639,9.871,0.0,0.0
216,4.0,3.0,0.0,1.0,3.0,0.0,2750.045,1522.715,128.986,38.793,38.693,9.935,0.0,0.0
217,5.0,3.0,0.0,0.0,1.0,0.0,3053.635,1285.993,72.581,37.958,37.596,9.838,0.0,0.0
218,5.0,3.0,0.0,1.0,2.0,0.0,3246.402,1301.255,83.584,37.835,37.428,9.8,0.0,0.0
219,5.0,3.0,0.0,2.0,3.0,0.0,3091.739,1360.881,96.882,37.843,37.609,9.824,0.0,0.0
220,5.0,3.0,0.0,3.0,4.0,0.0,2961.305,1394.892,27.974,38.144,37.83,9.893,0.0,0.0
221,5.0,3.0,0.0,4.0,5.0,0.0,3323.738,1417.881,77.559,38.539,38.379,9.938,0.0,0.0
222,5.0,3.0,0.0,5.0,7.0,0.0,3214.292,1482.554,72.797,38.295,38.231,9.887,0.0,0.0
223,5.0,3.0,0.0,6.0,11.0,0.0,2914.012,1636.65,16.519,39.083,38.808,9.912,0.0,0.0
224,5.0,3.0,0.0,7.0,12.0,0.0,3108.624,1640.808,-3.211,39.946,33.843,9.442,0.0,0.0
225,6.0,3.0,0.0,0.0,0.0,0.0,3724.127,1245.814,57.364,37.658,37.606,9.878,0.0,0.0
226,6.0,3.0,0.0,1.0,1.0,0.0,4028.401,1411.034,-37.577,38.346,37.879,9.773,0.0,0.0
227,6.0,3.0,0.0,2.0,2.0,0.0,3726.531,1531.846,75.754,39.089,38.426,9.939,0.0,0.0
228,6.0,3.0,0.0,3.0,3.0,0.0,3935.685,1534.035,-43.21,39.036,38.648,9.961,0.0,0.0
229,6.0,3.0,0.0,4.0,4.0,0.0,3479.797,1577.547,3.426,38.7,38.212,9.862,0.0,0.0
230,6.0,3.0,0.0,5.0,6.0,0.0,3589.019,1627.223,56.543,38.556,38.229,9.845,0.0,0.0
231,7.0,3.0,0.0,0.0,1.0,0.0,4242.336,1263.305,107.232,37.659,37.444,9.779,0.0,0.0
232,7.0,3.0,0.0,1.0,2.0,0.0,4176.315,1279.414,120.618,37.739,37.451,9.641,0.0,0.0
233,7.0,3.0,0.0,2.0,3.0,0.0,4458.569,1346.049,-1.15,38.224,37.79,9.821,0.0,0.0
234,7.0,3.0,0.0,3.0,4.0,0.0,4570.746,1356.997,-23.806,38.267,38.163,9.875,0.0,0.0
235,7.0,3.0,0.0,4.0,6.0,0.0,4236.531,1424.755,6.345,38.035,37.885,9.886,0.0,0.0
236,7.0,3.0,0.0,5.0,7.0,0.0,4369.301,1455.502,62.364,38.565,38.51,9.958,0.0,0.0
237,7.0,3.0,0.0,6.0,8.0,0.0,4411.176,1460.305,-8.691,38.565,38.304,9.932,0.0,0.0
238,7.0,3.0,0.0,7.0,9.0,0.0,4570.862,1494.854,32.09,38.423,38.195,9.899,0.0,0.0
239,7.0,3.0,0.0,8.0,10.0,0.0,4435.741,1597.567,102.732,38.62,38.477,9.885,0.0,0.0
240,7.0,3.0,0.0,9.0,11.0,0.0,4143.143,1601.083,76.188,38.949,38.853,9.976,0.0,0.0
241,8.0,3.0,0.0,0.0,1.0,0.0,4722.945,1301.638,93.074,37.876,37.719,9.921,0.0,0.0
242,8.0,3.0,0.0,1.0,2.0,0.0,4994.869,1354.494,125.223,37.855,37.531,9.816,0.0,0.0
243,8.0,3.0,0.0,2.0,3.0,0.0,5182.993,1394.17,119.49,38.879,38.801,9.96,0.0,0.0
244,8.0,3.0,0.0,3.0,4.0,0.0,4697.126,1406.418,117.871,38.816,38.414,9.903,0.0,0.0
245,8.0,3.0,0.0,4.0,5.0,0.0,4842.223,1420.716,48.76,38.663,38.505,9.97,0.0,0.0
246,8.0,3.0,0.0,5.0,6.0,0.0,5099.07,1484.766,112.454,38.574,38.481,9.88,0.0,0.0
247,8.0,3.0,0.0,6.0,7.0,0.0,5192.172,1543.817,90.982,39.849,34.731,9.546,0.0,0.0
248,9.0,3.0,0.0,0.0,3.0,0.0,5756.957,1357.841,124.829,39.098,38.794,9.913,0.0,0.0
249,9.0,3.0,0.0,1.0,5.0,0.0,5443.269,1410.458,91.759,38.541,38.357,9.86,0.0,0.0
250,9.0,3.0,0.0,2.0,6.0,0.0,5766.449,1439.384,89.581,39.177,37.103,9.777,0.0,0.0
251,9.0,3.0,0.0,3.0,7.0,0.0,5408.892,1454.107,47.076,38.02,37.912,9.887,0.0,0.0
252,9.0,3.0,0.0,4.0,8.0,0.0,5658.415,1475.032,132.815,39.056,38.893,9.995,0.0,0.0
253,9.0,3.0,0.0,5.0,10.0,0.0,5271.131,1579.821,76.556,38.352,38.272,9.9,0.0,0.0
254,0.0,4.0,0.0,0.0,2.0,0.0,460.939,1698.964,79.837,37.97,37.826,9.793,0.0,0.0
255,0.0,4.0,0.0,1.0,3.0,0.0,231.27,1733.015,83.213,38.262,37.861,9.911,0.0,0.0
256,0.0,4.0,0.0,2.0,4.0,0.0,522.235,1754.899,-12.329,38.356,38.289,9.903,0.0,0.0
257,0.0,4.0,0.0,3.0,5.0,0.0,399.879,1784.67,89.284,38.961,38.437,9.924,0.0,0.0
258,0.0,4.0,0.0,4.0,7.0,0.0,315.653,1827.729,13.383,38.358,38.233,9.896,0.0,0.0
259,0.0,4.0,0.0,5.0,8.0,0.0,218.767,1844.086,-1.938,38.381,38.244,9.9,0.0,0.0
262,0.0,4.0,0.0,8.0,11.0,0.0,452.982,1931.361,-43.958,38.562,38.401,9.944,0.0,0.0
263,0.0,4.0,0.0,9.0,12.0,0.0,195.568,1975.618,-33.168,39.001,38.829,9.979,0.0,0.0
264,0.0,4.0,0.0,10.0,13.0,0.0,171.561,2018.54,-38.467,38.76,38.248,9.874,0.0,0.0
265,1.0,4.0,0.0,0.0,0.0,0.0,694.642,1691.789,56.548,37.68,37.319,9.766,0.0,0.0
266,1.0,4.0,0.0,1.0,1.0,0.0,994.032,1723.179,97.368,38.711,38.489,9.974,0.0,0.0
267,1.0,4.0,0.0,2.0,2.0,0.0,816.213,1809.55,81.235,37.982,37.738,9.859,0.0,0.0
268,1.0,4.0,0.0,3.0,3.0,0.0,597.576,1826.811,44.902,38.58,38.254,9.927,0.0,0.0
269,1.0,4.0,0.0,4.0,4.0,0.0,716.497,1826.293,30.455,37.847,37.62,9.826,0.0,0.0
270,1.0,4.0,0.0,5.0,5.0,0.0,973.934,1865.053,98.159,38.386,38.116,9.884,0.0,0.0
271,1.0,4.0,0.0,6.0,6.0,0.0,939.622,1901.663,112.645,38.146,37.96,9.833,0.0,0.0
272,1.0,4.0,0.0,7.0,7.0,0.0,617.14,1977.854,22.769,38.85,38.569,9.927,0.0,0.0
273,1.0,4.0,0.0,8.0,8.0,0.0,833.267,2027.152,72.713,39.374,39.19,9.998,0.0,0.0
274,2.0,4.0,0.0,0.0,0.0,0.0,1557.247,1708.43,71.143,38.382,37.967,9.865,0.0,0.0
275,2.0,4.0,0.0,1.0,4.0,0.0,1419.49,1992.173,34.66,38.458,38.401,9.931,0.0,0.0
276,2.0,4.0,0.0,2.0,5.0,0.0,1539.353,2002.677,10.293,39.097,38.735,9.98,0.0,0.0
278,3.0,4.0,0.0,0.0,0.0,0.0,2000.607,1669.289,106.332,38.015,37.561,9.841,0.0,0.0
279,3.0,4.0,0.0,1.0,1.0,0.0,2139.846,1673.031,100.712,38.391,38.078,9.88,0.0,0.0
280,3.0,4.0,0.0,2.0,3.0,0.0,2116.007,1753.284,127.532,38.145,37.948,9.832,0.0,0.0
281,3.0,4.0,0.0,3.0,4.0,0.0,2046.509,1893.554,125.316,38.197,37.848,9.902,0.0,0.0
282,3.0,4.0,0.0,4.0,5.0,0.0,2235.88,1898.005,87.276,38.813,38.766,9.947,0.0,0.0
283,3.0,4.0,0.0,5.0,6.0,0.0,2086.738,1914.34,93.347,38.154,37.914,9.828,0.0,0.0
286,4.0,4.0,0.0,0.0,2.0,0.0,2585.174,1824.865,80.395,38.029,37.89,9.809,0.0,0.0
287,4.0,4.0,0.0,1.0,3.0,0.0,2570.529,1996.768,-29.778,38.35,38.068,9.874,0.0,0.0
288,4.0,4.0,0.0,2.0,4.0,0.0,2484.703,2030.24,129.786,38.145,37.94,9.83,0.0,0.0
289,5.0,4.0,0.0,0.0,2.0,0.0,3074.935,1885.637,7.456,37.958,37.678,9.848,0.0,0.0
290,5.0,4.0,0.0,1.0,4.0,0.0,3094.033,1955.955,90.351,38.321,38.076,9.871,0.0,0.0
291,5.0,4.0,0.0,2.0,5.0,0.0,3036.643,1957.912,24.483,38.359,38.164,9.887,0.0,0.0
292,5.0,4.0,0.0,3.0,6.0,0.0,3301.835,1975.998,94.333,38.693,38.56,9.906,0.0,0.0
293,5.0,4.0,0.0,4.0,7.0,0.0,3169.694,1996.442,111.704,38.312,38.243,9.891,0.0,0.0
294,5.0,4.0,0.0,5.0,8.0,0.0,2957.006,2016.256,23.662,38.777,38.632,9.925,0.0,0.0
295,6.0,4.0,0.0,0.0,2.0,0.0,3641.686,1675.522,49.404,37.793,37.701,9.83,0.0,0.0
296,6.0,4.0,0.0,1.0,3.0,0.0,3810.77,1677.179,85.335,38.535,38.233,9.919,0.0,0.0
297,6.0,4.0,0.0,2.0,5.0,0.0,3775.22,1747.031,60.086,38.438,38.131,9.893,0.0,0.0
298,6.0,4.0,0.0,3.0,6.0,0.0,3548.51,1792.213,35.121,37.868,37.671,9.836,0.0,0.0
299,6.0,4.0,0.0,4.0,7.0,0.0,3551.417,1893.294,51.141,38.591,38.378,9.945,0.0,0.0
300,7.0,4.0,0.0,0.0,3.0,0.0,4088.541,1702.423,49.637,37.99,37.699,9.856,0.0,0.0
301,7.0,4.0,0.0,1.0,4.0,0.0,4186.712,1722.022,68.783,38.533,37.925,9.803,0.0,0.0
302,7.0,4.0,0.0,2.0,7.0,0.0,4619.484,1916.872,92.257,42.722,28.472,8.998,0.0,0.0
303,7.0,4.0,0.0,3.0,8.0,0.0,4431.265,1982.057,72.687,39.003,38.725,9.966,0.0,0.0
304,7.0,4.0,0.0,4.0,9.0,0.0,4512.273,2007.141,91.803,38.828,38.303,9.744,0.0,0.0
305,7.0,4.0,0.0,5.0,10.0,0.0,4468.49,2050.791,-3.737,40.754,30.365,9.097,0.0,0.0
306,8.0,4.0,0.0,0.0,2.0,0.0,4814.195,1712.676,52.411,37.362,37.169,9.782,0.0,0.0
307,8.0,4.0,0.0,1.0,3.0,0.0,5065.261,1751.304,64.135,38.412,38.159,9.97,0.0,0.0
308,8.0,4.0,0.0,2.0,5.0,0.0,5053.881,1883.992,-0.315,38.639,38.522,9.893,0.0,0.0
309,8.0,4.0,0.0,3.0,6.0,0.0,4731.702,1884.378,43.825,38.192,38.148,9.94,0.0,0.0
310,8.0,4.0,0.0,4.0,9.0,0.0,4899.691,1947.733,131.561,39.183,39.057,9.957,0.0,0.0
311,8.0,4.0,0.0,5.0,10.0,0.0,5123.396,1950.309,-41.454,39.723,39.048,9.951,0.0,0.0
312,8.0,4.0,0.0,6.0,12.0,0.0,4773.41,2018.981,0.296,39.093,38.766,9.983,0.0,0.0
314,9.0,4.0,0.0,1.0,1.0,0.0,5499.163,1657.731,66.264,38.947,38.517,9.932,0.0,0.0
315,9.0,4.0,0.0,2.0,4.0,0.0,5360.198,1845.425,-7.151,38.771,38.394,9.97,0.0,0.0
316,9.0,4.0,0.0,3.0,5.0,0.0,5428.32,1854.811,54.309,38.398,38.194,9.896,0.0,0.0
317,9.0,4.0,0.0,4.0,7.0,0.0,5585.893,1956.393,101.241,38.563,38.397,9.868,0.0,0.0
318,0.0,5.0,0.0,0.0,1.0,0.0,53.188,2078.762,42.857,37.984,37.422,9.819,0.0,0.0
319,0.0,5.0,0.0,1.0,2.0,0.0,102.116,2096.556,33.52,38.187,37.566,9.864,0.0,0.0
321,0.0,5.0,0.0,3.0,4.0,0.0,480.349,2401.572,12.838,38.879,38.633,9.939,0.0,0.0
322,1.0,5.0,0.0,0.0,1.0,0.0,775.673,2066.169,84.517,38.255,37.902,9.916,0.0,0.0
323,1.0,5.0,0.0,1.0,2.0,0.0,909.344,2078.943,101.31,37.978,37.585,9.839,0.0,0.0
324,1.0,5.0,0.0,2.0,3.0,0.0,962.589,2181.046,3.119,38.193,38.135,9.862,0.0,0.0
325,1.0,5.0,0.0,3.0,4.0,0.0,808.484,2194.517,1.647,37.816,37.77,9.842,0.0,0.0
326,1.0,5.0,0.0,4.0,6.0,0.0,714.119,2298.551,29.998,38.069,37.972,9.901,0.0,0.0
327,1.0,5.0,0.0,5.0,7.0,0.0,1073.874,2305.14,101.257,38.581,38.285,9.931,0.0,0.0
328,1.0,5.0,0.0,6.0,9.0,0.0,664.828,2344.101,58.42,38.488,38.229,9.912,0.0,0.0
329,1.0,5.0,0.0,7.0,11.0,0.0,644.499,2382.772,101.786,38.661,38.443,9.887,0.0,0.0
330,1.0,5.0,0.0,8.0,13.0,0.0,742.26,2410.978,50.083,38.626,38.503,9.965,0.0,0.0
331,2.0,5.0,0.0,0.0,1.0,0.0,1583.183,2239.023,133.287,38.225,38.032,9.852,0.0,0.0
332,2.0,5.0,0.0,1.0,3.0,0.0,1513.551,2269.69,119.604,38.146,37.743,9.881,0.0,0.0
333,2.0,5.0,0.0,2.0,5.0,0.0,1508.064,2333.417,91.136,38.377,38.11,9.882,0.0,0.0
334,2.0,5.0,0.0,3.0,6.0,0.0,1174.618,2395.796,88.891,38.478,38.131,9.898,0.0,0.0
336,3.0,5.0,0.0,1.0,2.0,0.0,2027.518,2100.789,76.296,38.403,37.658,9.903,0.0,0.0
338,3.0,5.0,0.0,3.0,4.0,0.0,2060.391,2220.81,70.254,38.103,37.957,9.903,0.0,0.0
339,3.0,5.0,0.0,4.0,5.0,0.0,2131.616,2266.765,115.022,38.426,38.228,9.904,0.0,0.0
340,3.0,5.0,0.0,5.0,6.0,0.0,1963.279,2290.494,-15.591,38.327,38.146,9.88,0.0,0.0
341,3.0,5.0,0.0,6.0,7.0,0.0,1781.538,2321.403,52.042,38.327,38.049,9.945,0.0,0.0
342,3.0,5.0,0.0,7.0,8.0,0.0,2233.757,2355.75,-12.631,38.421,38.23,9.904,0.0,0.0
343,3.0,5.0,0.0,8.0,9.0,0.0,1872.309,2362.871,-0.373,38.473,38.292,9.918,0.0,0.0
344,3.0,5.0,0.0,9.0,10.0,0.0,2038.625,2417.472,39.278,38.19,37.956,9.839,0.0,0.0
345,3.0,5.0,0.0,10.0,11.0,0.0,1904.797,2421.95,54.231,38.052,37.764,9.796,0.0,0.0
346,4.0,5.0,0.0,0.0,1.0,0.0,2395.286,2154.113,70.76,38.129,37.487,9.846,0.0,0.0
347,4.0,5.0,0.0,1.0,2.0,0.0,2642.982,2205.038,70.405,38.319,38.098,9.873,0.0,0.0
348,4.0,5.0,0.0,2.0,3.0,0.0,2361.938,2304.864,32.831,38.358,38.109,9.88,0.0,0.0
349,4.0,5.0,0.0,3.0,4.0,0.0,2426.031,2324.897,63.431,38.405,38.234,9.902,0.0,0.0
350,4.0,5.0,0.0,4.0,6.0,0.0,2772.596,2348.536,79.689,38.868,38.747,9.952,0.0,0.0
351,4.0,5.0,0.0,5.0,7.0,0.0,2590.509,2349.161,105.373,37.739,37.528,9.8,0.0,0.0
353,4.0,5.0,0.0,7.0,9.0,0.0,2480.894,2403.068,-11.857,38.295,38.22,9.886,0.0,0.0
354,4.0,5.0,0.0,8.0,10.0,0.0,2584.966,2411.358,116.659,38.949,38.696,9.956,0.0,0.0
355,5.0,5.0,0.0,0.0,0.0,0.0,3069.107,2103.677,72.47,38.061,37.76,9.872,0.0,0.0
356,5.0,5.0,0.0,1.0,1.0,0.0,3340.24,2121.697,123.441,38.543,38.271,9.925,0.0,0.0
357,5.0,5.0,0.0,2.0,2.0,0.0,3330.861,2193.15,-31.63,38.139,37.925,9.904,0.0,0.0
358,5.0,5.0,0.0,3.0,3.0,0.0,2970.064,2211.771,72.091,37.656,37.614,9.878,0.0,0.0
359,5.0,5.0,0.0,4.0,4.0,0.0,3417.119,2223.128,75.624,38.849,38.793,9.955,0.0,0.0
360,5.0,5.0,0.0,5.0,5.0,0.0,3394.925,2272.475,9.457,38.607,38.524,9.89,0.0,0.0
361,5.0,5.0,0.0,6.0,7.0,0.0,3071.191,2386.468,97.934,38.536,38.458,9.872,0.0,0.0
362,5.0,5.0,0.0,7.0,8.0,0.0,2921.959,2401.641,9.813,38.496,38.297,9.922,0.0,0.0
363,5.0,5.0,0.0,8.0,9.0,0.0,3223.341,2405.634,20.323,38.914,38.656,9.946,0.0,0.0
364,6.0,5.0,0.0,0.0,0.0,0.0,3675.545,2073.601,84.649,37.989,37.312,9.805,0.0,0.0
365,6.0,5.0,0.0,1.0,1.0,0.0,3880.959,2148.263,100.82,38.65,38.206,9.855,0.0,0.0
366,6.0,5.0,0.0,2.0,2.0,0.0,3905.398,2234.714,87.047,39.134,38.856,10.0,0.0,0.0
367,6.0,5.0,0.0,3.0,3.0,0.0,3563.242,2276.241,-10.347,38.162,37.894,9.903,0.0,0.0
368,6.0,5.0,0.0,4.0,4.0,0.0,3725.328,2308.727,119.377,38.142,38.053,9.921,0.0,0.0
369,6.0,5.0,0.0,5.0,5.0,0.0,3874.267,2338.118,-9.529,38.829,38.339,9.971,0.0,0.0
370,6.0,5.0,0.0,6.0,7.0,0.0,3841.571,2451.74,-2.116,39.059,38.721,9.973,0.0,0.0
371,7.0,5.0,0.0,0.0,2.0,0.0,4394.659,2227.458,53.91,38.449,38.153,9.897,0.0,0.0
372,7.0,5.0,0.0,1.0,3.0,0.0,4619.997,2304.522,98.377,47.612,26.827,8.947,0.0,0.0
373,7.0,5.0,0.0,2.0,5.0,0.0,4426.812,2437.386,29.636,39.112,38.804,9.915,0.0,0.0
374,7.0,5.0,0.0,3.0,6.0,0.0,4158.548,2452.339,50.153,39.305,39.221,9.919,0.0,0.0
375,8.0,5.0,0.0,0.0,0.0,0.0,4797.446,2086.43,44.547,38.315,38.228,9.967,0.0,0.0
376,8.0,5.0,0.0,1.0,1.0,0.0,5120.341,2144.425,125.828,38.47,38.207,9.907,0.0,0.0
378,8.0,5.0,0.0,3.0,3.0,0.0,4945.276,2227.5,118.256,38.861,38.472,9.915,0.0,0.0
379,8.0,5.0,0.0,4.0,4.0,0.0,4736.322,2228.146,38.983,38.298,37.917,9.848,0.0,0.0
380,8.0,5.0,0.0,5.0,7.0,0.0,4765.526,2328.243,55.595,38.442,38.045,9.883,0.0,0.0
384,8.0,5.0,0.0,9.0,11.0,0.0,4957.772,2433.691,-30.926,38.494,38.377,9.932,0.0,0.0
385,9.0,5.0,0.0,0.0,0.0,0.0,5417.826,2079.982,63.462,38.094,37.519,9.845,0.0,0.0
386,9.0,5.0,0.0,1.0,1.0,0.0,5253.455,2173.325,59.258,38.364,37.979,9.864,0.0,0.0
387,9.0,5.0,0.0,2.0,2.0,0.0,5641.145,2182.959,54.909,38.739,38.654,9.923,0.0,0.0
388,9.0,5.0,0.0,3.0,3.0,0.0,5582.555,2205.257,104.681,38.848,38.675,9.94,0.0,0.0
389,9.0,5.0,0.0,4.0,5.0,0.0,5717.805,2377.755,42.031,39.145,38.981,9.942,0.0,0.0
390,9.0,5.0,0.0,5.0,6.0,0.0,5204.416,2392.53,4.309,38.494,38.243,9.839,0.0,0.0
391,9.0,5.0,0.0,6.0,7.0,0.0,5316.306,2418.973,132.48,38.34,38.177,9.886,0.0,0.0
392,9.0,5.0,0.0,7.0,8.0,0.0,5646.414,2430.509,57.561,38.967,38.767,9.967,0.0,0.0
394,0.0,6.0,0.0,0.0,1.0,0.0,261.572,2482.103,87.991,38.528,38.048,9.894,0.0,0.0
395,0.0,6.0,0.0,1.0,2.0,0.0,441.188,2482.687,96.246,38.903,38.441,9.992,0.0,0.0
396,0.0,6.0,0.0,2.0,3.0,0.0,524.918,2562.7,128.402,39.116,38.716,9.98,0.0,0.0
397,0.0,6.0,0.0,3.0,4.0,0.0,176.595,2595.963,63.399,38.41,38.344,9.917,0.0,0.0
398,0.0,6.0,0.0,4.0,5.0,0.0,426.429,2624.733,103.26,38.853,38.634,9.935,0.0,0.0
399,0.0,6.0,0.0,5.0,6.0,0.0,565.306,2640.601,34.695,38.738,38.597,9.992,0.0,0.0
400,0.0,6.0,0.0,6.0,7.0,0.0,203.315,2656.548,59.268,37.696,37.547,9.875,0.0,0.0
401,1.0,6.0,0.0,0.0,2.0,0.0,724.447,2570.758,77.838,38.288,37.886,9.918,0.0,0.0
402,1.0,6.0,0.0,1.0,4.0,0.0,1020.33,2740.771,105.744,39.09,38.723,9.977,0.0,0.0
403,1.0,6.0,0.0,2.0,6.0,0.0,754.475,2758.371,120.04,38.439,38.277,9.912,0.0,0.0
404,1.0,6.0,0.0,3.0,7.0,0.0,816.697,2794.605,81.162,38.686,38.498,9.897,0.0,0.0
405,1.0,6.0,0.0,4.0,8.0,0.0,910.824,2824.508,114.428,37.813,37.618,9.822,0.0,0.0
406,1.0,6.0,0.0,5.0,9.0,0.0,885.14,2860.556,79.246,39.028,38.787,9.977,0.0,0.0
407,2.0,6.0,0.0,0.0,1.0,0.0,1698.95,2545.407,99.573,38.059,37.825,9.804,0.0,0.0
408,2.0,6.0,0.0,1.0,2.0,0.0,1468.155,2558.288,51.628,38.242,38.017,9.93,0.0,0.0
409,2.0,6.0,0.0,2.0,4.0,0.0,1510.444,2595.844,31.059,37.974,37.777,9.863,0.0,0.0
410,2.0,6.0,0.0,3.0,5.0,0.0,1591.956,2618.465,105.879,38.254,38.086,9.863,0.0,0.0
411,2.0,6.0,0.0,4.0,6.0,0.0,1369.42,2644.785,3.777,38.423,38.274,9.909,0.0,0.0
412,2.0,6.0,0.0,5.0,8.0,0.0,1214.896,2733.631,37.102,38.543,38.249,9.922,0.0,0.0
413,2.0,6.0,0.0,6.0,9.0,0.0,1521.804,2748.348,128.016,38.419,38.319,9.915,0.0,0.0
414,2.0,6.0,0.0,7.0,10.0,0.0,1347.68,2769.332,86.626,38.503,38.025,9.81,0.0,0.0
415,2.0,6.0,0.0,8.0,11.0,0.0,1432.431,2779.573,54.122,38.121,37.958,9.906,0.0,0.0
416,2.0,6.0,0.0,9.0,12.0,0.0,1337.842,2830.808,112.956,38.756,38.416,9.895,0.0,0.0
417,2.0,6.0,0.0,10.0,13.0,0.0,1519.528,2836.799,-9.941,39.263,39.158,9.98,0.0,0.0
418,2.0,6.0,0.0,11.0,14.0,0.0,1653.975,2851.981,112.636,39.665,39.246,9.896,0.0,0.0
419,3.0,6.0,0.0,0.0,2.0,0.0,1755.853,2477.392,49.923,38.836,38.555,9.924,0.0,0.0
420,3.0,6.0,0.0,1.0,3.0,0.0,1826.863,2528.468,57.016,37.517,36.974,9.776,0.0,0.0
421,3.0,6.0,0.0,2.0,5.0,0.0,1953.928,2595.844,87.804,38.323,37.871,9.844,0.0,0.0
422,3.0,6.0,0.0,3.0,6.0,0.0,1807.683,2601.377,36.727,38.214,37.648,9.878,0.0,0.0
423,3.0,6.0,0.0,4.0,9.0,0.0,2086.52,2695.673,99.279,38.673,38.393,9.957,0.0,0.0
424,3.0,6.0,0.0,5.0,10.0,0.0,1760.194,2713.01,125.662,38.171,37.954,9.912,0.0,0.0
425,3.0,6.0,0.0,6.0,11.0,0.0,1877.808,2728.358,132.36,38.237,37.414,9.622,0.0,0.0
426,3.0,6.0,0.0,7.0,13.0,0.0,1767.291,2864.873,-1.187,41.035,33.534,9.467,0.0,0.0
427,4.0,6.0,0.0,0.0,1.0,0.0,2522.224,2495.079,82.453,37.992,37.572,9.838,0.0,0.0
428,4.0,6.0,0.0,1.0,2.0,0.0,2741.164,2501.345,84.879,37.891,37.553,9.823,0.0,0.0
429,4.0,6.0,0.0,2.0,3.0,0.0,2787.867,2582.902,34.667,38.275,37.791,9.904,0.0,0.0
430,4.0,6.0,0.0,3.0,5.0,0.0,2494.132,2732.12,97.776,38.304,38.124,9.875,0.0,0.0
432,4.0,6.0,0.0,5.0,7.0,0.0,2803.71,2844.848,16.098,39.706,39.252,9.974,0.0,0.0
433,4.0,6.0,0.0,6.0,8.0,0.0,2643.454,2862.728,-4.576,38.658,36.622,9.725,0.0,0.0
434,5.0,6.0,0.0,0.0,0.0,0.0,3289.01,2472.88,108.309,38.306,37.972,9.932,0.0,0.0
435,5.0,6.0,0.0,1.0,1.0,0.0,3275.586,2523.805,102.249,38.429,38.124,9.891,0.0,0.0
436,5.0,6.0,0.0,2.0,3.0,0.0,3077.679,2564.945,35.939,38.107,37.741,9.876,0.0,0.0
437,5.0,6.0,0.0,3.0,4.0,0.0,3184.122,2595.672,70.332,38.208,37.813,9.898,0.0,0.0
438,5.0,6.0,0.0,4.0,5.0,0.0,3002.293,2619.422,-15.74,38.858,38.763,9.952,0.0,0.0
439,5.0,6.0,0.0,5.0,6.0,0.0,3408.645,2658.646,-12.443,39.204,38.805,9.927,0.0,0.0
440,5.0,6.0,0.0,6.0,7.0,0.0,3175.187,2703.411,-38.013,38.435,38.316,9.841,0.0,0.0
441,5.0,6.0,0.0,7.0,9.0,0.0,3060.595,2761.934,16.66,38.683,37.955,9.607,0.0,0.0
442,5.0,6.0,0.0,8.0,11.0,0.0,3292.915,2768.463,87.571,38.939,38.751,9.961,0.0,0.0
443,5.0,6.0,0.0,9.0,12.0,0.0,2920.427,2842.509,-34.849,39.303,39.057,9.972,0.0,0.0
444,6.0,6.0,0.0,0.0,1.0,0.0,3880.969,2594.79,97.572,38.852,38.729,9.947,0.0,0.0
445,6.0,6.0,0.0,1.0,2.0,0.0,4023.676,2667.335,121.465,38.771,38.359,9.89,0.0,0.0
446,6.0,6.0,0.0,2.0,3.0,0.0,3659.256,2736.363,-10.725,38.13,37.966,9.909,0.0,0.0
447,6.0,6.0,0.0,3.0,4.0,0.0,3859.977,2750.202,-0.569,38.738,38.407,9.968,0.0,0.0
448,6.0,6.0,0.0,4.0,8.0,0.0,3841.835,2868.506,-6.189,43.054,26.612,8.861,0.0,0.0
449,7.0,6.0,0.0,0.0,2.0,0.0,4565.031,2599.364,88.073,38.367,37.835,9.922,0.0,0.0
451,8.0,6.0,0.0,0.0,2.0,0.0,4711.835,2508.325,58.564,37.711,37.636,9.811,0.0,0.0
452,8.0,6.0,0.0,1.0,3.0,0.0,5064.252,2525.311,70.064,38.266,38.01,9.855,0.0,0.0
453,8.0,6.0,0.0,2.0,7.0,0.0,4679.537,2834.972,133.526,38.67,38.305,9.945,0.0,0.0
454,8.0,6.0,0.0,3.0,8.0,0.0,4865.318,2843.125,17.418,38.336,38.19,9.964,0.0,0.0
455,9.0,6.0,0.0,0.0,2.0,0.0,5238.341,2532.737,13.307,38.223,38.149,9.944,0.0,0.0
456,9.0,6.0,0.0,1.0,3.0,0.0,5566.884,2568.093,106.73,38.361,37.902,9.853,0.0,0.0
457,9.0,6.0,0.0,2.0,4.0,0.0,5213.24,2579.517,92.481,38.22,38.075,9.934,0.0,0.0
458,9.0,6.0,0.0,3.0,5.0,0.0,5480.819,2602.203,61.177,38.354,38.04,9.87,0.0,0.0
459,9.0,6.0,0.0,4.0,6.0,0.0,5601.76,2759.631,-28.594,38.989,38.808,9.9,0.0,0.0
461,0.0,7.0,0.0,0.0,0.0,0.0,57.652,2877.332,63.538,38.867,38.224,9.885,0.0,0.0
462,0.0,7.0,0.0,1.0,2.0,0.0,571.027,2955.158,103.977,38.588,38.31,9.935,0.0,0.0
463,0.0,7.0,0.0,2.0,3.0,0.0,337.696,2960.322,122.545,37.792,37.406,9.792,0.0,0.0
464,0.0,7.0,0.0,3.0,4.0,0.0,515.53,3038.486,-14.347,38.959,38.764,9.966,0.0,0.0
465,0.0,7.0,0.0,4.0,5.0,0.0,171.347,3076.043,37.299,38.476,38.335,9.924,0.0,0.0
466,0.0,7.0,0.0,5.0,6.0,0.0,219.872,3117.96,43.596,38.494,37.998,9.883,0.0,0.0
468,1.0,7.0,0.0,0.0,1.0,0.0,633.507,2881.387,76.79,38.182,37.755,9.887,0.0,0.0
469,1.0,7.0,0.0,1.0,3.0,0.0,1064.04,2945.005,43.915,38.701,38.5,9.898,0.0,0.0
470,1.0,7.0,0.0,2.0,4.0,0.0,1010.87,2954.779,-20.072,38.229,37.947,9.919,0.0,0.0
471,1.0,7.0,0.0,3.0,6.0,0.0,957.738,2966.5,122.286,38.355,37.96,9.937,0.0,0.0
472,1.0,7.0,0.0,4.0,7.0,0.0,751.376,3000.301,87.914,38.108,37.836,9.812,0.0,0.0
473,1.0,7.0,0.0,5.0,8.0,0.0,794.198,3104.474,74.757,37.711,37.414,9.782,0.0,0.0
474,1.0,7.0,0.0,6.0,9.0,0.0,835.46,3121.388,-8.548,38.111,37.874,9.894,0.0,0.0
475,1.0,7.0,0.0,7.0,10.0,0.0,972.607,3125.95,83.836,38.891,38.697,9.948,0.0,0.0
476,1.0,7.0,0.0,8.0,11.0,0.0,1027.304,3170.831,66.337,38.44,38.276,9.912,0.0,0.0
477,2.0,7.0,0.0,0.0,2.0,0.0,1510.673,2890.17,70.991,38.128,37.917,9.825,0.0,0.0
478,2.0,7.0,0.0,1.0,3.0,0.0,1661.423,2921.385,95.121,39.1,38.809,9.989,0.0,0.0
479,2.0,7.0,0.0,2.0,4.0,0.0,1448.147,3021.241,73.765,38.295,38.085,9.794,0.0,0.0
480,2.0,7.0,0.0,3.0,5.0,0.0,1425.492,3116.285,6.322,38.213,37.956,9.841,0.0,0.0
481,2.0,7.0,0.0,4.0,6.0,0.0,1208.78,3169.71,-14.88,38.87,38.515,9.922,0.0,0.0
483,3.0,7.0,0.0,0.0,1.0,0.0,1934.067,2875.844,75.54,38.0,37.702,9.857,0.0,0.0
484,3.0,7.0,0.0,1.0,2.0,0.0,2224.653,3007.2,129.374,38.844,38.408,9.905,0.0,0.0
485,3.0,7.0,0.0,2.0,3.0,0.0,1935.054,3009.083,83.849,37.995,37.826,9.872,0.0,0.0
486,3.0,7.0,0.0,3.0,4.0,0.0,2163.359,3107.479,-33.13,38.814,38.461,9.985,0.0,0.0
487,3.0,7.0,0.0,4.0,5.0,0.0,1807.871,3183.146,22.145,38.656,38.37,9.952,0.0,0.0
490,4.0,7.0,0.0,2.0,3.0,0.0,2731.285,2925.738,61.365,38.03,37.757,9.792,0.0,0.0
491,4.0,7.0,0.0,3.0,4.0,0.0,2420.737,2965.731,50.003,37.186,36.91,9.724,0.0,0.0
493,4.0,7.0,0.0,5.0,7.0,0.0,2446.906,3164.501,-12.775,38.064,37.886,9.889,0.0,0.0
494,4.0,7.0,0.0,6.0,8.0,0.0,2660.157,3222.468,125.069,38.689,38.647,9.916,0.0,0.0
495,4.0,7.0,0.0,7.0,9.0,0.0,2877.754,3222.627,-18.359,39.264,39.116,9.974,0.0,0.0
496,4.0,7.0,0.0,8.0,11.0,0.0,2556.783,3266.585,41.358,39.113,38.95,9.935,0.0,0.0
497,4.0,7.0,0.0,9.0,12.0,0.0,2761.625,3267.496,-13.724,39.347,39.113,9.912,0.0,0.0
498,5.0,7.0,0.0,0.0,1.0,0.0,2991.469,2948.226,52.069,37.945,37.751,9.856,0.0,0.0
500,5.0,7.0,0.0,2.0,3.0,0.0,3298.052,2977.229,81.438,38.526,38.358,9.933,0.0,0.0
501,5.0,7.0,0.0,3.0,4.0,0.0,3198.749,3030.073,132.123,38.755,38.386,9.967,0.0,0.0
502,5.0,7.0,0.0,4.0,6.0,0.0,2962.4,3162.544,21.454,38.188,38.013,9.922,0.0,0.0
503,5.0,7.0,0.0,5.0,9.0,0.0,3112.937,3272.126,-2.833,39.333,34.653,9.553,0.0,0.0
504,6.0,7.0,0.0,0.0,2.0,0.0,3956.063,2881.7,-2.712,38.163,38.107,9.854,0.0,0.0
505,6.0,7.0,0.0,1.0,3.0,0.0,3502.368,2932.628,36.725,38.375,37.821,9.922,0.0,0.0
506,6.0,7.0,0.0,2.0,4.0,0.0,4019.881,3016.612,96.469,38.813,38.561,9.921,0.0,0.0
507,6.0,7.0,0.0,3.0,5.0,0.0,3772.321,3100.856,-8.871,38.574,38.379,9.867,0.0,0.0
508,6.0,7.0,0.0,4.0,6.0,0.0,3709.705,3101.211,-11.104,38.396,38.202,9.897,0.0,0.0
509,6.0,7.0,0.0,5.0,7.0,0.0,3802.059,3137.741,73.782,38.685,38.46,9.891,0.0,0.0
510,6.0,7.0,0.0,6.0,8.0,0.0,3726.206,3210.474,90.841,38.619,38.09,9.911,0.0,0.0
511,6.0,7.0,0.0,7.0,9.0,0.0,3613.629,3213.705,15.013,38.055,37.913,9.892,0.0,0.0
512,6.0,7.0,0.0,8.0,10.0,0.0,3637.364,3269.423,11.446,38.663,37.838,9.885,0.0,0.0
513,7.0,7.0,0.0,0.0,1.0,0.0,4099.184,2889.126,79.618,38.254,37.907,9.84,0.0,0.0
514,7.0,7.0,0.0,1.0,2.0,0.0,4334.123,2967.402,77.931,38.378,38.112,9.883,0.0,0.0
515,7.0,7.0,0.0,2.0,4.0,0.0,4252.513,3097.228,119.205,38.134,37.974,9.91,0.0,0.0
516,7.0,7.0,0.0,3.0,5.0,0.0,4101.0,3228.115,20.522,38.712,38.521,9.903,0.0,0.0
517,7.0,7.0,0.0,4.0,6.0,0.0,4544.816,3232.201,0.452,38.914,38.762,9.96,0.0,0.0
518,7.0,7.0,0.0,5.0,7.0,0.0,4368.677,3264.954,27.058,38.852,38.593,9.93,0.0,0.0
519,8.0,7.0,0.0,0.0,1.0,0.0,4663.875,3017.288,61.012,38.134,37.847,9.817,0.0,0.0
520,8.0,7.0,0.0,1.0,2.0,0.0,5007.485,3036.582,97.793,38.404,38.231,9.901,0.0,0.0
521,8.0,7.0,0.0,2.0,3.0,0.0,4786.471,3055.726,23.905,38.08,37.755,9.874,0.0,0.0
524,8.0,7.0,0.0,5.0,7.0,0.0,4846.161,3146.415,39.232,38.18,37.924,9.91,0.0,0.0
525,8.0,7.0,0.0,6.0,8.0,0.0,4693.463,3191.21,-8.561,38.213,38.081,9.857,0.0,0.0
526,8.0,7.0,0.0,7.0,9.0,0.0,4736.726,3195.364,33.23,38.684,38.523,9.9,0.0,0.0
527,9.0,7.0,0.0,0.0,2.0,0.0,5749.168,2990.878,131.108,39.065,38.434,9.937,0.0,0.0
528,9.0,7.0,0.0,1.0,3.0,0.0,5691.023,3043.95,129.453,38.511,38.391,9.936,0.0,0.0
529,9.0,7.0,0.0,2.0,4.0,0.0,5539.682,3063.491,49.295,38.288,37.809,9.758,0.0,0.0
530,0.0,8.0,0.0,0.0,1.0,0.0,277.43,3368.517,74.955,37.828,37.102,9.833,0.0,0.0
531,0.0,8.0,0.0,1.0,3.0,0.0,315.294,3586.119,106.489,38.185,37.942,9.912,0.0,0.0
532,0.0,8.0,0.0,2.0,4.0,0.0,354.58,3616.312,99.434,38.891,38.808,9.963,0.0,0.0
533,0.0,8.0,0.0,3.0,6.0,0.0,583.323,3673.313,94.216,40.654,36.599,9.61,0.0,0.0
534,0.0,8.0,0.0,4.0,7.0,0.0,308.866,3677.864,1.649,39.703,38.277,9.925,0.0,0.0
535,1.0,8.0,0.0,0.0,2.0,0.0,775.533,3309.738,37.397,38.536,38.31,9.929,0.0,0.0
536,1.0,8.0,0.0,1.0,3.0,0.0,1120.106,3331.391,17.902,38.863,38.781,9.956,0.0,0.0
537,1.0,8.0,0.0,2.0,6.0,0.0,823.214,3399.885,92.215,38.246,38.136,9.869,0.0,0.0
538,1.0,8.0,0.0,3.0,7.0,0.0,943.653,3485.114,-28.226,38.847,38.734,9.947,0.0,0.0
539,1.0,8.0,0.0,4.0,8.0,0.0,1097.879,3585.231,-33.185,38.745,38.594,9.992,0.0,0.0
540,1.0,8.0,0.0,5.0,10.0,0.0,1127.148,3638.2,19.449,39.114,38.792,9.914,0.0,0.0
541,1.0,8.0,0.0,6.0,12.0,0.0,1017.689,3675.23,-2.363,38.645,38.483,9.89,0.0,0.0
542,2.0,8.0,0.0,0.0,1.0,0.0,1716.868,3293.123,103.812,38.957,38.762,9.965,0.0,0.0
543,2.0,8.0,0.0,1.0,2.0,0.0,1602.484,3368.514,-12.891,38.253,38.171,9.874,0.0,0.0
544,2.0,8.0,0.0,2.0,3.0,0.0,1179.142,3396.022,95.586,38.198,38.064,9.853,0.0,0.0
545,2.0,8.0,0.0,3.0,4.0,0.0,1224.132,3396.733,45.023,38.534,38.275,9.924,0.0,0.0
546,2.0,8.0,0.0,4.0,5.0,0.0,1736.263,3403.209,92.207,39.772,34.499,9.509,0.0,0.0
547,2.0,8.0,0.0,5.0,6.0,0.0,1693.687,3490.102,132.696,38.721,38.359,9.883,0.0,0.0
549,3.0,8.0,0.0,0.0,3.0,0.0,1860.173,3578.275,109.123,38.515,38.419,9.865,0.0,0.0
550,3.0,8.0,0.0,1.0,4.0,0.0,2258.545,3633.003,0.885,39.41,39.023,9.837,0.0,0.0
551,3.0,8.0,0.0,2.0,6.0,0.0,1997.242,3673.043,-37.089,38.704,38.365,9.958,0.0,0.0
552,4.0,8.0,0.0,0.0,2.0,0.0,2713.537,3288.213,62.057,38.213,38.063,9.932,0.0,0.0
553,4.0,8.0,0.0,1.0,4.0,0.0,2597.6,3465.762,76.148,38.074,38.007,9.83,0.0,0.0
554,4.0,8.0,0.0,2.0,5.0,0.0,2744.133,3568.278,-24.92,38.769,38.549,9.914,0.0,0.0
556,4.0,8.0,0.0,4.0,7.0,0.0,2504.308,3656.666,-31.255,38.385,37.84,9.775,0.0,0.0
557,4.0,8.0,0.0,5.0,8.0,0.0,2821.389,3658.241,41.804,38.441,38.386,9.777,0.0,0.0
558,5.0,8.0,0.0,0.0,1.0,0.0,3349.882,3284.792,91.916,38.399,37.953,9.941,0.0,0.0
559,5.0,8.0,0.0,1.0,2.0,0.0,3325.546,3355.372,45.023,37.791,37.762,9.838,0.0,0.0
560,5.0,8.0,0.0,2.0,3.0,0.0,3192.565,3443.799,57.272,38.344,38.25,9.896,0.0,0.0
561,5.0,8.0,0.0,3.0,4.0,0.0,3129.178,3446.516,78.161,37.722,37.598,9.732,0.0,0.0
562,5.0,8.0,0.0,4.0,6.0,0.0,3178.629,3485.112,117.574,37.95,36.939,9.75,0.0,0.0
563,5.0,8.0,0.0,5.0,7.0,0.0,3146.906,3523.217,120.576,38.307,38.149,9.878,0.0,0.0
564,5.0,8.0,0.0,6.0,8.0,0.0,3257.025,3579.845,12.271,38.426,38.102,9.888,0.0,0.0
565,6.0,8.0,0.0,0.0,1.0,0.0,3890.703,3335.151,-10.727,38.204,37.949,9.916,0.0,0.0
566,6.0,8.0,0.0,1.0,2.0,0.0,3601.593,3387.273,74.757,38.716,38.381,9.961,0.0,0.0
568,6.0,8.0,0.0,3.0,4.0,0.0,4035.05,3486.888,35.586,39.274,39.131,9.978,0.0,0.0
569,6.0,8.0,0.0,4.0,5.0,0.0,3621.776,3584.705,32.366,38.018,37.907,9.886,0.0,0.0
570,6.0,8.0,0.0,5.0,6.0,0.0,3586.774,3627.38,-12.813,38.742,38.635,9.921,0.0,0.0
571,6.0,8.0,0.0,6.0,7.0,0.0,3879.897,3643.952,-31.776,38.96,38.821,9.973,0.0,0.0
572,7.0,8.0,0.0,0.0,1.0,0.0,4578.488,3395.698,-27.447,38.523,38.256,9.92,0.0,0.0
573,7.0,8.0,0.0,1.0,2.0,0.0,4478.862,3428.993,106.787,38.684,38.343,9.876,0.0,0.0
574,7.0,8.0,0.0,2.0,4.0,0.0,4362.046,3512.942,-17.652,38.608,37.979,9.819,0.0,0.0
575,7.0,8.0,0.0,3.0,5.0,0.0,4217.626,3529.363,57.312,38.627,38.483,9.887,0.0,0.0
576,8.0,8.0,0.0,0.0,0.0,0.0,5007.084,3322.843,75.973,38.822,38.347,9.97,0.0,0.0
577,8.0,8.0,0.0,1.0,1.0,0.0,4731.111,3336.276,20.113,37.763,37.414,9.788,0.0,0.0
578,8.0,8.0,0.0,2.0,2.0,0.0,4681.378,3361.25,132.868,38.172,38.028,9.922,0.0,0.0
579,8.0,8.0,0.0,3.0,3.0,0.0,4965.616,3406.693,93.605,38.38,38.26,9.902,0.0,0.0
580,8.0,8.0,0.0,4.0,4.0,0.0,5043.744,3532.556,62.89,39.277,39.0,9.962,0.0,0.0
581,9.0,8.0,0.0,0.0,0.0,0.0,5245.823,3286.814,134.723,38.163,37.953,9.835,0.0,0.0
582,9.0,8.0,0.0,1.0,1.0,0.0,5725.951,3308.846,122.764,38.043,37.832,9.803,0.0,0.0
583,9.0,8.0,0.0,2.0,2.0,0.0,5679.514,3346.653,125.696,38.729,38.421,9.968,0.0,0.0
584,9.0,8.0,0.0,3.0,3.0,0.0,5399.323,3430.756,57.839,38.109,37.872,9.893,0.0,0.0
585,9.0,8.0,0.0,4.0,4.0,0.0,5249.464,3464.657,34.54,38.326,38.2,9.887,0.0,0.0
586,9.0,8.0,0.0,5.0,5.0,0.0,5625.313,3518.091,-41.974,38.852,38.75,9.95,0.0,0.0
587,9.0,8.0,0.0,6.0,6.0,0.0,5541.634,3591.573,81.685,38.316,38.021,9.863,0.0,0.0
588,9.0,8.0,0.0,7.0,7.0,0.0,5336.231,3607.428,71.314,38.11,37.869,9.893,0.0,0.0
590,9.0,8.0,0.0,9.0,11.0,0.0,5434.333,3678.188,-1.656,39.539,37.617,9.819,0.0,0.0
591,0.0,9.0,0.0,0.0,3.0,0.0,503.174,3702.222,109.566,38.901,38.617,9.939,0.0,0.0
592,0.0,9.0,0.0,1.0,4.0,0.0,310.035,3745.312,106.729,37.797,37.428,9.795,0.0,0.0
593,0.0,9.0,0.0,2.0,5.0,0.0,83.266,3758.91,62.202,37.727,37.23,9.837,0.0,0.0
594,0.0,9.0,0.0,3.0,6.0,0.0,91.631,3836.079,73.477,38.362,37.99,9.865,0.0,0.0
595,0.0,9.0,0.0,4.0,7.0,0.0,543.2,3842.1,-27.497,38.769,38.679,9.93,0.0,0.0
596,0.0,9.0,0.0,5.0,8.0,0.0,298.366,3935.934,-37.341,38.362,38.273,9.901,0.0,0.0
597,0.0,9.0,0.0,6.0,9.0,0.0,273.552,3973.271,98.054,38.898,38.479,9.846,0.0,0.0
598,0.0,9.0,0.0,7.0,11.0,0.0,450.453,4088.331,-4.645,40.646,34.813,9.591,0.0,0.0
599,0.0,9.0,0.0,8.0,12.0,0.0,394.179,4092.391,-3.798,42.009,26.797,8.94,0.0,0.0
600,1.0,9.0,0.0,0.0,2.0,0.0,863.312,3700.571,85.444,38.08,37.556,9.848,0.0,0.0
601,1.0,9.0,0.0,1.0,3.0,0.0,658.71,3727.045,67.965,37.882,37.434,9.884,0.0,0.0
602,1.0,9.0,0.0,2.0,4.0,0.0,771.846,3788.176,63.018,38.137,38.058,9.845,0.0,0.0
604,1.0,9.0,0.0,4.0,6.0,0.0,1125.49,3877.337,104.147,38.464,38.094,9.891,0.0,0.0
605,1.0,9.0,0.0,5.0,7.0,0.0,853.321,3910.41,-39.912,38.03,37.92,9.889,0.0,0.0
606,1.0,9.0,0.0,6.0,8.0,0.0,1087.4,3915.159,37.533,39.351,39.147,9.99,0.0,0.0
607,1.0,9.0,0.0,7.0,9.0,0.0,934.81,3922.222,-36.618,38.453,38.361,9.925,0.0,0.0
608,1.0,9.0,0.0,8.0,11.0,0.0,854.102,3967.908,36.539,38.093,37.827,9.809,0.0,0.0
610,2.0,9.0,0.0,1.0,3.0,0.0,1218.705,3716.841,75.692,37.678,37.131,9.818,0.0,0.0
611,2.0,9.0,0.0,2.0,4.0,0.0,1643.682,3806.087,132.019,38.828,38.651,9.934,0.0,0.0
612,2.0,9.0,0.0,3.0,6.0,0.0,1244.843,3813.494,50.958,38.449,37.942,9.87,0.0,0.0
614,2.0,9.0,0.0,5.0,8.0,0.0,1614.909,3995.76,100.626,38.896,38.665,9.945,0.0,0.0
615,2.0,9.0,0.0,6.0,9.0,0.0,1217.402,4068.088,127.928,39.083,38.933,9.928,0.0,0.0
616,2.0,9.0,0.0,7.0,10.0,0.0,1265.857,4085.41,2.483,38.791,38.228,9.875,0.0,0.0
617,3.0,9.0,0.0,0.0,2.0,0.0,2310.772,3716.983,92.164,39.043,36.646,9.773,0.0,0.0
618,3.0,9.0,0.0,1.0,3.0,0.0,2074.827,3731.059,68.099,38.399,37.96,9.866,0.0,0.0
619,3.0,9.0,0.0,2.0,4.0,0.0,1908.876,3743.21,70.862,38.204,37.885,9.831,0.0,0.0
620,3.0,9.0,0.0,3.0,6.0,0.0,1810.038,3933.014,64.37,38.34,38.155,9.883,0.0,0.0
621,3.0,9.0,0.0,4.0,8.0,0.0,2095.993,4000.66,9.591,38.099,37.897,9.819,0.0,0.0
622,3.0,9.0,0.0,5.0,9.0,0.0,1794.559,4007.814,-6.913,38.592,38.344,9.94,0.0,0.0
623,3.0,9.0,0.0,6.0,10.0,0.0,1909.429,4023.479,74.49,39.049,38.796,9.907,0.0,0.0
624,3.0,9.0,0.0,7.0,12.0,0.0,1945.48,4048.478,47.673,38.595,38.25,9.853,0.0,0.0
625,4.0,9.0,0.0,0.0,4.0,0.0,2528.275,3761.171,61.463,38.094,37.911,9.896,0.0,0.0
626,4.0,9.0,0.0,1.0,6.0,0.0,2773.336,3922.23,1.435,38.726,38.502,9.978,0.0,0.0
627,4.0,9.0,0.0,2.0,7.0,0.0,2402.829,3938.738,59.592,37.853,37.412,9.8,0.0,0.0
628,4.0,9.0,0.0,3.0,9.0,0.0,2735.974,4011.047,14.184,38.254,38.131,9.869,0.0,0.0
629,4.0,9.0,0.0,4.0,13.0,0.0,2634.111,4071.231,125.333,38.86,38.647,9.938,0.0,0.0
630,5.0,9.0,0.0,0.0,1.0,0.0,3308.832,3760.653,132.075,38.469,38.394,9.931,0.0,0.0
631,5.0,9.0,0.0,1.0,2.0,0.0,3399.662,3765.107,61.987,38.441,38.24,9.907,0.0,0.0
632,5.0,9.0,0.0,2.0,4.0,0.0,2985.353,3813.082,42.278,38.52,38.078,9.897,0.0,0.0
633,5.0,9.0,0.0,3.0,5.0,0.0,2899.575,3812.999,29.287,38.058,37.977,9.9,0.0,0.0
634,5.0,9.0,0.0,4.0,6.0,0.0,3035.402,3834.819,53.045,37.976,37.634,9.845,0.0,0.0
635,5.0,9.0,0.0,5.0,7.0,0.0,3466.418,3847.246,91.791,41.814,30.54,9.275,0.0,0.0
636,5.0,9.0,0.0,6.0,8.0,0.0,3074.333,3941.174,29.399,38.439,37.911,9.865,0.0,0.0
637,5.0,9.0,0.0,7.0,9.0,0.0,3467.839,3961.941,92.49,42.211,27.55,9.016,0.0,0.0
638,6.0,9.0,0.0,0.0,0.0,0.0,3551.443,3705.962,47.914,38.267,37.99,9.853,0.0,0.0
639,6.0,9.0,0.0,1.0,1.0,0.0,4001.98,3718.852,132.91,38.916,38.363,9.909,0.0,0.0
640,6.0,9.0,0.0,2.0,2.0,0.0,3490.478,3722.955,108.936,37.975,37.894,9.879,0.0,0.0
641,6.0,9.0,0.0,3.0,4.0,0.0,3854.356,3869.514,82.326,38.671,38.552,9.977,0.0,0.0
642,6.0,9.0,0.0,4.0,5.0,0.0,3744.008,3912.371,81.384,37.397,37.131,9.781,0.0,0.0
644,7.0,9.0,0.0,0.0,1.0,0.0,4411.653,3783.768,61.643,38.098,37.823,9.886,0.0,0.0
645,7.0,9.0,0.0,1.0,2.0,0.0,4504.756,3788.902,93.478,38.181,38.098,9.932,0.0,0.0
646,7.0,9.0,0.0,2.0,3.0,0.0,4169.087,3808.71,44.34,38.538,38.15,9.908,0.0,0.0
647,7.0,9.0,0.0,3.0,4.0,0.0,4140.365,3844.426,41.604,37.952,37.733,9.855,0.0,0.0
648,7.0,9.0,0.0,4.0,5.0,0.0,4469.867,4061.439,80.164,38.887,38.663,9.869,0.0,0.0
649,8.0,9.0,0.0,0.0,0.0,0.0,4892.472,3709.672,103.046,38.131,38.066,9.922,0.0,0.0
650,8.0,9.0,0.0,1.0,1.0,0.0,4827.856,3794.573,81.811,37.939,37.719,9.851,0.0,0.0
651,8.0,9.0,0.0,2.0,2.0,0.0,4820.91,3955.435,59.144,37.88,37.621,9.831,0.0,0.0
652,9.0,9.0,0.0,0.0,2.0,0.0,5430.704,3779.071,73.528,38.599,38.397,9.872,0.0,0.0
653,9.0,9.0,0.0,1.0,4.0,0.0,5615.531,3832.437,92.141,38.285,38.066,9.941,0.0,0.0
654,9.0,9.0,0.0,2.0,6.0,0.0,5733.506,3878.988,-14.825,39.015,38.859,9.985,0.0,0.0
655,9.0,9.0,0.0,3.0,7.0,0.0,5323.259,3958.294,21.154,38.129,37.603,9.708,0.0,0.0
656,9.0,9.0,0.0,4.0,8.0,0.0,5631.938,3984.679,58.806,38.772,38.662,9.929,0.0,0.0
657,9.0,9.0,0.0,5.0,9.0,0.0,5480.769,4013.55,14.43,38.979,38.859,9.906,0.0,0.0
659,9.0,9.0,0.0,7.0,12.0,0.0,5224.806,4069.506,-23.063,38.444,38.103,9.891,0.0,0.0
660,0.0,10.0,0.0,0.0,3.0,0.0,141.493,4193.63,45.538,38.198,37.817,9.898,0.0,0.0
661,0.0,10.0,0.0,1.0,4.0,0.0,336.092,4200.362,81.273,38.255,37.851,9.909,0.0,0.0
662,0.0,10.0,0.0,2.0,5.0,0.0,53.101,4200.347,56.72,38.097,37.691,9.868,0.0,0.0
663,0.0,10.0,0.0,3.0,6.0,0.0,222.24,4256.287,58.874,38.467,38.108,9.893,0.0,0.0
664,0.0,10.0,0.0,4.0,7.0,0.0,404.085,4259.229,-23.016,38.743,38.665,9.925,0.0,0.0
665,0.0,10.0,0.0,5.0,9.0,0.0,206.013,4331.575,28.415,38.15,38.031,9.92,0.0,0.0
666,0.0,10.0,0.0,6.0,10.0,0.0,307.095,4336.876,113.261,38.145,37.89,9.824,0.0,0.0
667,0.0,10.0,0.0,7.0,11.0,0.0,395.026,4382.419,95.767,39.241,38.863,9.94,0.0,0.0
668,0.0,10.0,0.0,8.0,12.0,0.0,313.643,4445.029,-34.574,38.638,38.413,9.955,0.0,0.0
669,0.0,10.0,0.0,9.0,13.0,0.0,29.003,4491.779,30.272,39.488,39.312,9.955,0.0,0.0
671,1.0,10.0,0.0,1.0,2.0,0.0,1013.891,4134.089,40.84,38.38,38.25,9.901,0.0,0.0
672,1.0,10.0,0.0,2.0,3.0,0.0,668.631,4165.572,51.321,38.061,37.595,9.851,0.0,0.0
674,1.0,10.0,0.0,4.0,5.0,0.0,1115.742,4293.356,108.449,38.917,38.633,9.869,0.0,0.0
675,1.0,10.0,0.0,5.0,6.0,0.0,867.36,4339.881,77.819,38.954,38.592,9.943,0.0,0.0
676,1.0,10.0,0.0,6.0,7.0,0.0,1094.124,4348.642,68.867,38.632,38.345,9.87,0.0,0.0
677,2.0,10.0,0.0,0.0,2.0,0.0,1307.968,4103.647,67.194,37.878,37.526,9.818,0.0,0.0
678,2.0,10.0,0.0,1.0,3.0,0.0,1637.48,4140.248,-9.191,38.519,38.445,9.944,0.0,0.0
679,2.0,10.0,0.0,2.0,4.0,0.0,1216.365,4306.289,3.053,38.43,38.336,9.919,0.0,0.0
680,2.0,10.0,0.0,3.0,5.0,0.0,1380.309,4332.681,-4.739,38.051,37.933,9.894,0.0,0.0
681,2.0,10.0,0.0,4.0,6.0,0.0,1501.378,4379.13,133.011,38.434,38.354,9.921,0.0,0.0
682,2.0,10.0,0.0,5.0,7.0,0.0,1589.689,4418.97,133.048,38.838,38.757,9.949,0.0,0.0
683,2.0,10.0,0.0,6.0,8.0,0.0,1700.788,4420.771,12.468,39.166,39.102,9.96,0.0,0.0
684,3.0,10.0,0.0,0.0,0.0,0.0,2284.201,4148.205,88.41,39.187,39.014,9.952,0.0,0.0
685,3.0,10.0,0.0,1.0,1.0,0.0,2154.53,4150.065,89.615,38.344,37.831,9.842,0.0,0.0
686,3.0,10.0,0.0,2.0,2.0,0.0,2083.003,4192.475,38.479,38.508,38.306,9.925,0.0,0.0
687,3.0,10.0,0.0,3.0,3.0,0.0,2158.208,4243.549,28.794,38.515,38.359,9.933,0.0,0.0
688,3.0,10.0,0.0,4.0,4.0,0.0,2134.402,4307.565,-44.141,38.411,38.17,9.894,0.0,0.0
689,3.0,10.0,0.0,5.0,5.0,0.0,1996.605,4332.52,101.237,38.504,38.237,9.84,0.0,0.0
690,3.0,10.0,0.0,6.0,6.0,0.0,2190.642,4401.37,104.251,39.432,38.92,9.971,0.0,0.0
691,3.0,10.0,0.0,7.0,7.0,0.0,2275.354,4435.001,-38.209,39.781,39.543,9.947,0.0,0.0
692,3.0,10.0,0.0,8.0,8.0,0.0,2190.673,4450.668,134.739,38.852,38.624,9.934,0.0,0.0
693,4.0,10.0,0.0,0.0,1.0,0.0,2494.932,4105.109,93.16,37.85,37.527,9.814,0.0,0.0
694,4.0,10.0,0.0,1.0,3.0,0.0,2889.481,4133.956,91.672,40.935,32.336,9.417,0.0,0.0
695,4.0,10.0,0.0,2.0,4.0,0.0,2870.448,4223.462,9.087,38.747,38.605,9.918,0.0,0.0
696,4.0,10.0,0.0,3.0,5.0,0.0,2370.19,4251.684,96.133,38.68,38.455,9.89,0.0,0.0
697,4.0,10.0,0.0,4.0,5.0,0.0,2404.43,4232.447,53.966,37.862,37.652,9.832,0.0,0.0
698,4.0,10.0,0.0,5.0,8.0,0.0,2549.125,4422.104,86.303,38.503,38.254,9.917,0.0,0.0
700,5.0,10.0,0.0,1.0,4.0,0.0,3272.559,4235.122,114.437,38.29,38.232,9.887,0.0,0.0
701,5.0,10.0,0.0,2.0,5.0,0.0,3317.832,4241.311,6.149,38.213,38.104,9.86,0.0,0.0
702,5.0,10.0,0.0,3.0,6.0,0.0,3062.012,4276.126,61.437,38.443,38.22,9.905,0.0,0.0
703,5.0,10.0,0.0,4.0,7.0,0.0,2924.124,4320.592,70.853,38.533,38.144,9.907,0.0,0.0
704,5.0,10.0,0.0,5.0,10.0,0.0,3440.482,4480.74,-43.753,39.44,39.216,9.936,0.0,0.0
705,6.0,10.0,0.0,0.0,0.0,0.0,4004.22,4104.149,121.13,39.13,38.688,9.903,0.0,0.0
706,6.0,10.0,0.0,1.0,1.0,0.0,3835.22,4205.396,108.586,38.542,38.442,9.947,0.0,0.0
707,6.0,10.0,0.0,2.0,2.0,0.0,3969.287,4207.275,98.5,38.531,38.257,9.921,0.0,0.0
708,6.0,10.0,0.0,3.0,3.0,0.0,3730.254,4222.42,-21.005,38.452,38.279,9.914,0.0,0.0
709,6.0,10.0,0.0,4.0,6.0,0.0,3635.271,4340.989,-17.346,38.125,38.027,9.916,0.0,0.0
710,6.0,10.0,0.0,5.0,7.0,0.0,3632.152,4397.89,31.247,37.771,37.554,9.808,0.0,0.0
711,6.0,10.0,0.0,6.0,8.0,0.0,3508.217,4417.086,101.459,38.491,38.459,9.867,0.0,0.0
712,6.0,10.0,0.0,7.0,10.0,0.0,3758.587,4462.845,87.454,38.434,38.125,9.892,0.0,0.0
713,7.0,10.0,0.0,0.0,2.0,0.0,4458.685,4181.941,111.859,38.471,38.42,9.934,0.0,0.0
715,7.0,10.0,0.0,2.0,4.0,0.0,4478.693,4402.129,-13.902,38.679,38.504,9.972,0.0,0.0
716,8.0,10.0,0.0,0.0,0.0,0.0,5136.742,4134.227,-6.788,38.834,38.132,9.87,0.0,0.0
717,8.0,10.0,0.0,1.0,1.0,0.0,5015.459,4144.51,106.342,37.736,37.444,9.789,0.0,0.0
718,8.0,10.0,0.0,2.0,4.0,0.0,5193.07,4212.503,91.078,40.597,33.233,9.434,0.0,0.0
719,8.0,10.0,0.0,3.0,5.0,0.0,4835.583,4236.572,59.728,38.049,37.675,9.86,0.0,0.0
720,8.0,10.0,0.0,4.0,6.0,0.0,4944.401,4240.309,99.142,38.309,38.077,9.869,0.0,0.0
721,8.0,10.0,0.0,5.0,7.0,0.0,5167.168,4245.204,94.126,38.635,38.488,9.964,0.0,0.0
722,8.0,10.0,0.0,6.0,8.0,0.0,4684.602,4264.959,69.727,38.144,37.894,9.9,0.0,0.0
723,8.0,10.0,0.0,7.0,9.0,0.0,4882.473,4299.532,132.222,38.642,38.392,9.953,0.0,0.0
724,8.0,10.0,0.0,8.0,10.0,0.0,4896.27,4342.567,79.299,37.671,37.514,9.79,0.0,0.0
725,8.0,10.0,0.0,9.0,11.0,0.0,5119.414,4395.361,-2.45,38.938,38.644,9.948,0.0,0.0
727,9.0,10.0,0.0,0.0,1.0,0.0,5577.045,4130.298,-34.135,38.394,38.286,9.907,0.0,0.0
728,9.0,10.0,0.0,1.0,2.0,0.0,5266.168,4176.027,67.582,38.446,38.137,9.895,0.0,0.0
729,9.0,10.0,0.0,2.0,5.0,0.0,5450.944,4255.127,101.569,38.342,38.262,9.897,0.0,0.0
730,9.0,10.0,0.0,3.0,10.0,0.0,5318.032,4432.698,12.197,38.766,38.465,9.903,0.0,0.0
731,0.0,11.0,0.0,0.0,2.0,0.0,163.617,4521.33,62.681,37.799,37.628,9.821,0.0,0.0
732,0.0,11.0,0.0,1.0,3.0,0.0,414.567,4583.484,89.694,38.407,38.272,9.907,0.0,0.0
733,0.0,11.0,0.0,2.0,4.0,0.0,257.12,4587.727,81.153,37.902,37.411,9.807,0.0,0.0
734,0.0,11.0,0.0,3.0,5.0,0.0,582.493,4636.212,90.05,39.385,37.139,9.808,0.0,0.0
735,0.0,11.0,0.0,4.0,7.0,0.0,46.795,4807.881,74.489,38.943,38.786,9.966,0.0,0.0
736,0.0,11.0,0.0,5.0,8.0,0.0,275.901,4872.602,66.715,38.459,38.097,9.891,0.0,0.0
737,1.0,11.0,0.0,0.0,0.0,0.0,595.859,4510.161,18.699,38.683,38.478,9.971,0.0,0.0
738,1.0,11.0,0.0,1.0,1.0,0.0,1054.978,4620.681,99.587,38.61,38.41,9.951,0.0,0.0
739,1.0,11.0,0.0,2.0,3.0,0.0,1070.813,4751.303,16.295,38.855,38.731,9.948,0.0,0.0
740,1.0,11.0,0.0,3.0,4.0,0.0,637.94,4868.388,56.548,38.714,38.323,9.954,0.0,0.0
741,1.0,11.0,0.0,4.0,5.0,0.0,690.594,4876.447,106.631,38.905,38.816,9.965,0.0,0.0
742,2.0,11.0,0.0,0.0,0.0,0.0,1330.123,4559.151,56.147,38.224,37.96,9.92,0.0,0.0
743,2.0,11.0,0.0,1.0,1.0,0.0,1642.046,4668.34,-29.533,37.684,37.563,9.954,0.0,0.0
744,2.0,11.0,0.0,2.0,2.0,0.0,1340.915,4679.754,116.648,38.409,38.285,9.909,0.0,0.0
745,2.0,11.0,0.0,3.0,3.0,0.0,1630.18,4726.19,-34.761,38.745,38.331,9.959,0.0,0.0
746,2.0,11.0,0.0,4.0,4.0,0.0,1272.327,4756.232,121.502,38.456,38.268,9.913,0.0,0.0
747,2.0,11.0,0.0,5.0,5.0,0.0,1338.699,4785.591,116.409,38.181,37.864,9.825,0.0,0.0
748,2.0,11.0,0.0,6.0,6.0,0.0,1195.457,4845.075,71.675,39.071,38.772,9.981,0.0,0.0
749,2.0,11.0,0.0,7.0,7.0,0.0,1287.798,4859.196,52.911,38.822,38.478,9.987,0.0,0.0
750,3.0,11.0,0.0,0.0,0.0,0.0,2256.955,4533.544,103.44,38.264,38.127,9.947,0.0,0.0
751,3.0,11.0,0.0,1.0,1.0,0.0,1987.916,4534.181,62.344,37.977,37.348,9.731,0.0,0.0
752,3.0,11.0,0.0,2.0,2.0,0.0,2126.708,4571.368,45.726,38.525,38.265,9.922,0.0,0.0
753,3.0,11.0,0.0,3.0,4.0,0.0,2249.335,4637.559,51.236,38.859,38.454,9.989,0.0,0.0
754,3.0,11.0,0.0,4.0,5.0,0.0,1987.011,4642.922,98.16,38.137,37.708,9.876,0.0,0.0
757,4.0,11.0,0.0,1.0,1.0,0.0,2348.933,4713.291,28.121,38.029,37.659,9.779,0.0,0.0
758,4.0,11.0,0.0,2.0,2.0,0.0,2644.578,4791.53,72.985,38.463,38.245,9.911,0.0,0.0
760,4.0,11.0,0.0,4.0,4.0,0.0,2811.35,4904.646,-5.684,40.123,34.403,9.553,0.0,0.0
761,5.0,11.0,0.0,0.0,1.0,0.0,3415.986,4789.332,103.07,39.078,38.888,9.922,0.0,0.0
762,5.0,11.0,0.0,1.0,2.0,0.0,3129.27,4823.008,79.406,38.355,38.004,9.866,0.0,0.0
763,5.0,11.0,0.0,2.0,3.0,0.0,2991.35,4862.288,38.698,38.436,38.296,9.839,0.0,0.0
764,6.0,11.0,0.0,0.0,1.0,0.0,3603.075,4522.866,99.828,38.081,37.672,9.863,0.0,0.0
765,6.0,11.0,0.0,1.0,2.0,0.0,3608.928,4580.217,57.822,37.835,37.735,9.84,0.0,0.0
767,6.0,11.0,0.0,3.0,5.0,0.0,3965.503,4724.187,54.649,40.177,38.702,9.966,0.0,0.0
768,6.0,11.0,0.0,4.0,6.0,0.0,3615.854,4801.647,31.972,38.592,38.456,9.955,0.0,0.0
769,6.0,11.0,0.0,5.0,7.0,0.0,3748.387,4813.82,38.876,38.484,38.459,9.941,0.0,0.0
770,6.0,11.0,0.0,6.0,8.0,0.0,3699.146,4821.614,-35.884,38.531,38.321,9.93,0.0,0.0
771,6.0,11.0,0.0,7.0,10.0,0.0,3717.199,4862.494,116.599,38.453,38.317,9.843,0.0,0.0
772,7.0,11.0,0.0,0.0,1.0,0.0,4559.401,4509.235,61.611,38.26,37.985,9.928,0.0,0.0
773,7.0,11.0,0.0,1.0,3.0,0.0,4372.57,4714.178,89.782,37.725,37.697,9.821,0.0,0.0
774,7.0,11.0,0.0,2.0,4.0,0.0,4385.882,4807.188,72.239,38.489,38.424,9.937,0.0,0.0
775,7.0,11.0,0.0,3.0,5.0,0.0,4275.881,4830.309,40.034,38.602,38.528,9.965,0.0,0.0
777,8.0,11.0,0.0,0.0,1.0,0.0,5093.662,4550.289,95.743,39.031,38.855,9.986,0.0,0.0
778,8.0,11.0,0.0,1.0,2.0,0.0,5050.065,4618.061,49.747,38.477,38.368,9.929,0.0,0.0
780,9.0,11.0,0.0,0.0,0.0,0.0,5217.955,4515.484,51.556,38.165,38.1,9.931,0.0,0.0
781,9.0,11.0,0.0,1.0,1.0,0.0,5356.542,4529.721,54.238,38.413,38.015,9.95,0.0,0.0
782,9.0,11.0,0.0,2.0,2.0,0.0,5658.332,4543.959,82.839,38.709,38.505,9.976,0.0,0.0
783,9.0,11.0,0.0,3.0,3.0,0.0,5633.294,4621.918,32.5,38.091,38.057,9.915,0.0,0.0
785,9.0,11.0,0.0,5.0,5.0,0.0,5361.435,4672.997,80.368,37.761,37.496,9.799,0.0,0.0
787,9.0,11.0,0.0,7.0,8.0,0.0,5289.186,4732.478,49.673,38.298,38.043,9.864,0.0,0.0
788,0.0,12.0,0.0,0.0,0.0,0.0,394.422,4928.257,55.478,37.947,37.744,9.933,0.0,0.0
789,0.0,12.0,0.0,1.0,1.0,0.0,68.573,4947.574,51.741,37.427,37.223,9.797,0.0,0.0
790,0.0,12.0,0.0,2.0,2.0,0.0,577.777,4960.913,-40.185,38.455,38.172,9.9,0.0,0.0
791,0.0,12.0,0.0,3.0,3.0,0.0,291.767,4980.652,103.277,37.695,37.556,9.798,0.0,0.0
792,0.0,12.0,0.0,4.0,4.0,0.0,314.404,5029.74,91.758,37.897,37.61,9.831,0.0,0.0
794,0.0,12.0,0.0,6.0,6.0,0.0,490.756,5068.476,82.499,38.815,38.326,9.967,0.0,0.0
796,0.0,12.0,0.0,8.0,8.0,0.0,302.581,5277.552,76.059,38.391,38.245,9.901,0.0,0.0
797,0.0,12.0,0.0,9.0,10.0,0.0,332.158,5307.66,48.801,38.491,38.375,9.931,0.0,0.0
798,1.0,12.0,0.0,0.0,0.0,0.0,704.659,4959.215,69.025,37.674,37.418,9.855,0.0,0.0
799,1.0,12.0,0.0,1.0,2.0,0.0,951.0,4972.493,61.157,38.32,37.905,9.925,0.0,0.0
800,1.0,12.0,0.0,2.0,4.0,0.0,854.294,5117.713,105.963,37.765,37.544,9.883,0.0,0.0
801,1.0,12.0,0.0,3.0,5.0,0.0,810.262,5156.9,110.797,37.775,37.571,9.811,0.0,0.0
802,1.0,12.0,0.0,4.0,6.0,0.0,1027.931,5215.824,77.628,38.934,38.598,9.941,0.0,0.0
803,1.0,12.0,0.0,5.0,7.0,0.0,733.249,5269.768,-41.784,38.661,38.437,9.961,0.0,0.0
804,1.0,12.0,0.0,6.0,8.0,0.0,1115.901,5308.867,25.508,40.207,38.721,9.506,0.0,0.0
805,2.0,12.0,0.0,0.0,1.0,0.0,1287.378,4981.754,91.105,38.313,37.91,9.924,0.0,0.0
806,2.0,12.0,0.0,1.0,2.0,0.0,1172.794,5097.389,65.873,37.778,37.401,9.866,0.0,0.0
807,2.0,12.0,0.0,2.0,4.0,0.0,1679.071,5150.933,-20.115,39.026,38.783,9.977,0.0,0.0
808,2.0,12.0,0.0,3.0,5.0,0.0,1398.809,5155.375,65.825,37.909,37.669,9.841,0.0,0.0
809,2.0,12.0,0.0,4.0,6.0,0.0,1417.237,5249.555,100.491,38.729,38.609,9.916,0.0,0.0
810,2.0,12.0,0.0,5.0,7.0,0.0,1543.221,5309.729,5.725,39.301,38.143,9.784,0.0,0.0
811,3.0,12.0,0.0,0.0,0.0,0.0,1763.482,4944.922,69.754,38.928,38.631,9.945,0.0,0.0
813,3.0,12.0,0.0,2.0,4.0,0.0,1983.78,5139.354,26.708,38.321,38.01,9.939,0.0,0.0
814,3.0,12.0,0.0,3.0,5.0,0.0,1921.921,5170.867,42.792,37.901,37.586,9.753,0.0,0.0
815,3.0,12.0,0.0,4.0,6.0,0.0,1990.007,5276.629,9.583,38.763,38.497,9.983,0.0,0.0
817,3.0,12.0,0.0,6.0,8.0,0.0,2041.832,5290.436,-24.993,38.514,38.249,9.843,0.0,0.0
818,4.0,12.0,0.0,0.0,1.0,0.0,2515.142,4923.46,62.766,38.114,37.669,9.867,0.0,0.0
819,4.0,12.0,0.0,1.0,2.0,0.0,2607.676,4970.017,14.399,38.739,38.335,9.959,0.0,0.0
820,4.0,12.0,0.0,2.0,4.0,0.0,2670.272,5019.618,103.354,38.079,38.009,9.907,0.0,0.0
821,4.0,12.0,0.0,3.0,5.0,0.0,2330.554,5069.363,71.926,38.527,38.174,9.91,0.0,0.0
822,4.0,12.0,0.0,4.0,8.0,0.0,2581.448,5167.209,87.827,38.653,38.136,9.921,0.0,0.0
823,4.0,12.0,0.0,5.0,9.0,0.0,2434.967,5238.232,47.43,38.48,38.197,9.907,0.0,0.0
824,4.0,12.0,0.0,6.0,10.0,0.0,2581.632,5270.032,27.284,39.256,38.997,9.958,0.0,0.0
825,5.0,12.0,0.0,0.0,0.0,0.0,3015.678,4966.86,81.127,37.231,36.736,9.785,0.0,0.0
826,5.0,12.0,0.0,1.0,1.0,0.0,3204.489,5014.582,89.973,38.773,38.461,9.979,0.0,0.0
827,5.0,12.0,0.0,2.0,2.0,0.0,3135.813,5033.351,91.94,38.377,37.824,9.845,0.0,0.0
828,5.0,12.0,0.0,3.0,4.0,0.0,2942.62,5105.802,-0.146,38.742,38.537,9.985,0.0,0.0
829,5.0,12.0,0.0,4.0,6.0,0.0,3467.277,5185.754,93.434,41.221,28.85,9.039,0.0,0.0
830,6.0,12.0,0.0,0.0,0.0,0.0,3778.839,4948.723,75.816,38.416,37.791,9.846,0.0,0.0
832,6.0,12.0,0.0,2.0,2.0,0.0,3965.259,4982.22,-26.912,38.534,38.432,9.944,0.0,0.0
833,6.0,12.0,0.0,3.0,3.0,0.0,3968.081,5038.104,79.344,38.542,38.326,9.931,0.0,0.0
834,6.0,12.0,0.0,4.0,4.0,0.0,3661.431,5056.308,68.286,37.924,37.846,9.866,0.0,0.0
835,6.0,12.0,0.0,5.0,5.0,0.0,3961.17,5129.885,88.665,39.223,38.87,9.938,0.0,0.0
836,6.0,12.0,0.0,6.0,7.0,0.0,3727.586,5187.843,-20.507,38.193,37.753,9.812,0.0,0.0
837,6.0,12.0,0.0,7.0,8.0,0.0,4000.808,5211.368,108.187,38.933,38.794,9.966,0.0,0.0
838,6.0,12.0,0.0,8.0,9.0,0.0,3516.707,5239.718,13.458,38.499,38.341,9.928,0.0,0.0
839,6.0,12.0,0.0,9.0,10.0,0.0,3531.963,5282.859,10.322,38.801,38.388,9.897,0.0,0.0
840,7.0,12.0,0.0,0.0,1.0,0.0,4466.797,4973.172,129.04,38.666,38.433,9.886,0.0,0.0
841,7.0,12.0,0.0,1.0,3.0,0.0,4253.606,5100.772,30.389,38.094,37.92,9.898,0.0,0.0
842,7.0,12.0,0.0,2.0,5.0,0.0,4451.854,5308.896,-15.652,38.961,38.586,9.868,0.0,0.0
843,8.0,12.0,0.0,0.0,0.0,0.0,4673.733,4915.568,75.937,38.453,37.94,9.87,0.0,0.0
844,8.0,12.0,0.0,1.0,1.0,0.0,4843.865,4944.804,59.986,37.921,37.552,9.904,0.0,0.0
845,8.0,12.0,0.0,2.0,2.0,0.0,4768.324,4987.717,79.201,38.345,37.826,9.841,0.0,0.0
846,8.0,12.0,0.0,3.0,5.0,0.0,4641.142,5047.029,39.06,38.661,38.385,9.954,0.0,0.0
847,8.0,12.0,0.0,4.0,6.0,0.0,4629.061,5134.327,40.193,37.795,37.678,9.827,0.0,0.0
848,8.0,12.0,0.0,5.0,9.0,0.0,5047.544,5190.168,122.214,38.534,38.44,9.945,0.0,0.0
849,8.0,12.0,0.0,6.0,10.0,0.0,4650.88,5220.556,46.618,38.467,38.049,9.886,0.0,0.0
850,8.0,12.0,0.0,7.0,11.0,0.0,4946.196,5244.994,30.908,39.138,38.875,9.928,0.0,0.0
851,9.0,12.0,0.0,0.0,0.0,0.0,5472.931,5078.79,75.494,37.803,37.522,9.808,0.0,0.0
852,9.0,12.0,0.0,1.0,2.0,0.0,5521.608,5102.7,115.525,38.183,38.163,9.864,0.0,0.0
853,9.0,12.0,0.0,2.0,5.0,0.0,5627.44,5196.902,131.771,39.165,38.801,9.997,0.0,0.0
854,9.0,12.0,0.0,3.0,6.0,0.0,5444.961,5202.057,12.844,38.009,37.892,9.883,0.0,0.0
855,9.0,12.0,0.0,4.0,7.0,0.0,5347.425,5234.042,34.062,38.478,38.35,9.927,0.0,0.0
856,9.0,12.0,0.0,5.0,9.0,0.0,5470.953,5304.118,130.582,38.707,38.604,9.989,0.0,0.0
857,0.0,4.0,0.0,0.0,0.0,0.0,463.479,1658.448,76.337,39.411,38.879,33.29,4.0,0.0
858,0.0,7.0,0.0,0.0,0.0,0.0,369.622,3245.26,-6.916,38.984,37.18,32.462,4.0,0.0
859,0.0,8.0,0.0,0.0,0.0,0.0,318.616,3509.44,-14.632,42.773,38.004,34.237,4.0,0.0
860,2.0,1.0,0.0,0.0,0.0,0.0,1705.308,719.859,15.019,38.464,37.548,32.325,4.0,0.0
861,2.0,2.0,0.0,0.0,0.0,0.0,1688.283,1244.123,84.159,40.759,39.059,33.729,4.0,0.0
862,2.0,3.0,0.0,0.0,0.0,0.0,1744.846,1355.492,-6.001,40.573,39.105,31.17,4.0,0.0
863,2.0,4.0,0.0,0.0,0.0,0.0,1337.537,2058.264,83.236,40.012,38.867,33.396,4.0,0.0
864,2.0,8.0,0.0,0.0,0.0,0.0,1502.729,3682.915,84.6,39.336,38.406,30.514,4.0,0.0
866,7.0,6.0,0.0,0.0,0.0,0.0,4550.015,2829.655,18.706,39.704,38.769,33.363,4.0,0.0
867,8.0,11.0,0.0,0.0,0.0,0.0,4673.721,4915.485,81.979,41.485,38.474,33.627,4.0,0.0
868,8.0,7.0,0.0,0.0,0.0,0.0,5197.967,3128.067,-42.594,40.034,39.195,33.672,4.0,0.0
871,0.0,0.0,0.0,0.0,0.0,0.0,117.822,54.345,-25.17,39.152,37.611,32.656,4.0,
872,0.0,0.0,0.0,0.0,0.0,0.0,127.308,34.506,125.751,39.067,37.388,32.348,4.0,
873,0.0,0.0,0.0,0.0,0.0,0.0,548.145,410.61,25.747,39.05,38.277,28.451,4.0,
874,0.0,0.0,0.0,0.0,0.0,0.0,516.617,400.204,132.225,38.762,38.238,30.31,4.0,
875,0.0,1.0,0.0,0.0,0.0,0.0,561.009,444.957,108.809,40.189,39.065,33.691,4.0,
876,0.0,3.0,0.0,0.0,0.0,0.0,106.067,1631.43,8.002,39.499,36.398,32.321,4.0,
877,0.0,5.0,0.0,0.0,0.0,0.0,145.813,2074.497,58.741,39.399,38.677,33.192,4.0,
878,0.0,5.0,0.0,0.0,0.0,0.0,149.779,2107.311,82.044,39.856,37.379,32.616,4.0,
879,0.0,6.0,0.0,0.0,0.0,0.0,532.062,2462.039,31.68,38.429,34.214,31.237,4.0,
880,0.0,6.0,0.0,0.0,0.0,0.0,569.53,2466.93,-10.965,40.217,39.162,31.25,4.0,
883,0.0,7.0,0.0,0.0,0.0,0.0,207.726,2934.666,98.561,38.831,36.992,32.391,4.0,
884,0.0,7.0,0.0,0.0,0.0,0.0,223.067,2938.496,59.331,38.938,37.822,32.658,4.0,
885,0.0,7.0,0.0,0.0,0.0,0.0,511.936,3209.891,125.097,39.693,39.257,31.093,4.0,
886,0.0,7.0,0.0,0.0,0.0,0.0,540.737,3221.397,134.86,39.375,38.578,33.169,4.0,
887,0.0,11.0,0.0,0.0,0.0,0.0,272.297,4796.81,63.169,40.527,38.216,33.655,4.0,
888,1.0,9.0,0.0,0.0,0.0,0.0,931.386,3964.6,14.115,39.816,39.283,33.637,4.0,
889,1.0,8.0,0.0,0.0,0.0,0.0,720.263,3361.437,22.175,41.007,37.085,33.127,4.0,
890,1.0,8.0,0.0,0.0,0.0,0.0,695.082,3369.227,115.442,40.709,38.95,33.87,4.0,
891,1.0,7.0,0.0,0.0,0.0,0.0,1097.856,3244.528,-42.736,41.186,37.394,33.31,4.0,
892,1.0,7.0,0.0,0.0,0.0,0.0,1130.63,2902.248,105.09,40.129,39.073,33.713,4.0,
893,1.0,6.0,0.0,0.0,0.0,0.0,638.257,2751.087,-9.101,37.498,35.928,31.22,4.0,
894,1.0,5.0,0.0,0.0,0.0,0.0,648.389,2264.568,86.799,38.917,36.809,31.977,4.0,
895,1.0,5.0,0.0,0.0,0.0,0.0,1002.936,2449.087,-32.399,38.248,36.492,31.703,4.0,
896,1.0,5.0,0.0,0.0,0.0,0.0,591.072,2348.432,42.358,38.569,37.988,32.548,4.0,
897,1.0,5.0,0.0,0.0,0.0,0.0,651.026,2293.352,97.412,39.554,38.361,33.118,4.0,
898,1.0,3.0,0.0,0.0,0.0,0.0,1041.889,1502.613,-7.596,39.312,38.601,33.171,4.0,
899,1.0,3.0,0.0,0.0,0.0,0.0,1045.103,1527.869,-3.009,38.95,38.373,32.971,4.0,
902,1.0,3.0,0.0,0.0,0.0,0.0,658.157,1259.764,68.123,39.18,37.509,32.71,4.0,
903,1.0,3.0,0.0,0.0,0.0,0.0,643.919,1273.426,130.439,39.673,39.569,33.69,4.0,
904,1.0,2.0,0.0,0.0,0.0,0.0,856.011,986.281,-17.231,39.343,37.827,32.664,4.0,
905,1.0,2.0,0.0,0.0,0.0,0.0,838.066,995.037,-29.596,39.088,39.01,33.204,4.0,
907,1.0,2.0,0.0,0.0,0.0,0.0,1045.602,990.192,68.715,41.217,37.954,33.268,4.0,
908,1.0,2.0,0.0,0.0,0.0,0.0,1042.107,980.856,-13.752,38.966,35.527,32.209,4.0,
909,2.0,5.0,0.0,0.0,0.0,0.0,1683.052,2249.235,38.1,39.091,38.076,32.819,4.0,
910,2.0,7.0,0.0,0.0,0.0,0.0,1680.73,3189.527,-44.159,39.179,37.939,32.758,4.0,
911,2.0,8.0,0.0,0.0,0.0,0.0,1192.178,3612.387,-4.938,40.851,34.561,32.091,4.0,
912,2.0,8.0,0.0,0.0,0.0,0.0,1730.535,3666.191,56.669,39.548,38.842,33.369,4.0,
913,2.0,12.0,0.0,0.0,0.0,0.0,1357.766,5148.416,133.745,38.8,38.038,32.728,4.0,
914,2.0,12.0,0.0,0.0,0.0,0.0,1345.138,5142.954,119.557,38.817,37.463,32.618,4.0,
915,3.0,12.0,0.0,0.0,0.0,0.0,2246.458,5286.884,45.592,39.645,37.8,32.921,4.0,
916,3.0,12.0,0.0,0.0,0.0,0.0,2294.157,5127.675,-6.602,38.512,37.015,32.068,4.0,
917,3.0,11.0,0.0,0.0,0.0,0.0,1871.053,4642.861,-30.047,39.497,39.032,33.383,4.0,
918,3.0,11.0,0.0,0.0,0.0,0.0,1839.415,4632.286,-24.099,38.85,37.882,32.597,4.0,
919,3.0,11.0,0.0,0.0,0.0,0.0,1866.416,4604.967,134.832,38.78,38.372,30.376,4.0,
920,3.0,9.0,0.0,0.0,0.0,0.0,2123.98,3948.985,20.172,39.436,39.192,33.443,4.0,
921,3.0,9.0,0.0,0.0,0.0,0.0,2089.979,3958.731,82.051,38.78,38.177,32.739,4.0,
922,3.0,9.0,0.0,0.0,0.0,0.0,2071.871,3937.456,103.9,38.83,37.817,30.191,4.0,
923,3.0,9.0,0.0,0.0,0.0,0.0,2022.884,3888.379,30.522,40.674,37.999,33.246,4.0,
924,3.0,9.0,0.0,0.0,0.0,0.0,2004.743,3884.224,105.84,39.432,36.85,32.749,4.0,
925,3.0,8.0,0.0,0.0,0.0,0.0,1892.014,3537.006,0.755,39.44,38.579,33.179,4.0,
926,3.0,7.0,0.0,0.0,0.0,0.0,2161.238,3201.107,117.994,39.835,39.609,33.777,4.0,
927,3.0,6.0,0.0,0.0,0.0,0.0,1803.975,2694.549,94.557,38.932,38.426,32.92,4.0,
928,3.0,6.0,0.0,0.0,0.0,0.0,1798.184,2656.302,45.114,39.009,38.418,32.939,4.0,
931,3.0,6.0,0.0,0.0,0.0,0.0,2229.527,2834.803,78.004,39.25,38.94,33.233,4.0,
932,3.0,6.0,0.0,0.0,0.0,0.0,2264.62,2823.038,15.929,39.877,38.663,33.435,4.0,
933,3.0,6.0,0.0,0.0,0.0,0.0,2019.099,2674.115,-33.075,38.714,38.118,32.725,4.0,
934,3.0,6.0,0.0,0.0,0.0,0.0,2010.602,2654.207,-26.897,38.613,38.348,30.336,4.0,
936,3.0,5.0,0.0,0.0,0.0,0.0,2298.284,2440.717,-0.062,39.688,38.472,33.284,4.0,
937,3.0,5.0,0.0,0.0,0.0,0.0,2259.78,2445.07,-20.79,39.459,38.316,30.649,4.0,
938,3.0,5.0,0.0,0.0,0.0,0.0,1951.686,2069.607,31.125,40.646,38.528,33.584,4.0,
939,3.0,5.0,0.0,0.0,0.0,0.0,1925.247,2056.079,45.206,39.944,38.655,30.919,4.0,
940,3.0,5.0,0.0,0.0,0.0,0.0,1888.637,2052.344,90.154,39.278,38.329,30.453,4.0,
941,3.0,4.0,0.0,0.0,0.0,0.0,2174.073,1750.485,-6.147,39.554,37.875,32.906,4.0,
942,3.0,3.0,0.0,0.0,0.0,0.0,2157.108,1324.819,37.545,38.853,38.465,32.905,4.0,
943,3.0,3.0,0.0,0.0,0.0,0.0,2168.068,1301.455,74.484,39.645,38.897,33.381,4.0,
944,3.0,2.0,0.0,0.0,0.0,0.0,2220.709,954.686,30.603,39.439,38.912,33.306,4.0,
945,3.0,2.0,0.0,0.0,0.0,0.0,2019.566,1198.421,103.001,38.408,37.819,32.432,4.0,
946,3.0,2.0,0.0,0.0,0.0,0.0,1989.194,1199.751,102.197,39.231,38.382,33.058,4.0,
947,3.0,1.0,0.0,0.0,0.0,0.0,2032.923,553.818,134.518,39.047,38.421,32.944,4.0,
948,3.0,1.0,0.0,0.0,0.0,0.0,2041.304,530.16,70.493,39.348,38.948,30.819,4.0,
949,3.0,1.0,0.0,0.0,0.0,0.0,2308.871,707.504,99.506,43.45,41.216,36.072,4.0,
950,3.0,0.0,0.0,0.0,0.0,0.0,2280.447,384.136,79.378,39.702,38.9,33.421,4.0,
951,3.0,0.0,0.0,0.0,0.0,0.0,2039.747,384.913,132.547,40.623,37.955,33.402,4.0,
952,4.0,0.0,0.0,0.0,0.0,0.0,2706.94,407.882,-44.785,39.176,37.833,32.849,4.0,
953,4.0,1.0,0.0,0.0,0.0,0.0,2737.078,436.03,56.603,40.525,38.962,33.811,4.0,
954,4.0,1.0,0.0,0.0,0.0,0.0,2706.251,439.037,128.599,41.598,38.851,34.007,4.0,
955,4.0,3.0,0.0,0.0,0.0,0.0,2756.752,1606.33,117.636,39.017,38.102,32.759,4.0,
956,4.0,6.0,0.0,0.0,0.0,0.0,2842.006,2610.644,102.258,39.214,38.128,32.915,4.0,
957,4.0,6.0,0.0,0.0,0.0,0.0,2839.827,2645.513,99.841,39.096,38.14,32.882,4.0,
958,4.0,7.0,0.0,0.0,0.0,0.0,2732.474,3116.163,121.854,39.354,38.338,33.037,4.0,
959,4.0,8.0,0.0,0.0,0.0,0.0,2877.595,3451.537,-22.986,39.921,39.355,33.681,4.0,
960,4.0,9.0,0.0,0.0,0.0,0.0,2826.601,4021.127,5.452,40.156,39.07,33.648,4.0,
961,4.0,9.0,0.0,0.0,0.0,0.0,2521.064,4029.049,14.14,38.251,38.087,32.474,4.0,
962,4.0,9.0,0.0,0.0,0.0,0.0,2506.08,4047.051,107.536,39.19,38.459,32.998,4.0,
963,4.0,10.0,0.0,0.0,0.0,0.0,2431.163,4274.295,-16.677,39.337,37.78,32.859,4.0,
964,4.0,10.0,0.0,0.0,0.0,0.0,2443.893,4303.633,-28.939,38.793,38.589,32.904,4.0,
965,4.0,12.0,0.0,0.0,0.0,0.0,2558.81,5005.84,99.298,39.302,35.525,32.018,4.0,
966,4.0,12.0,0.0,0.0,0.0,0.0,2547.146,5001.07,133.208,38.703,37.226,32.45,4.0,
968,5.0,12.0,0.0,0.0,0.0,0.0,3371.717,5069.62,28.056,38.779,38.657,32.945,4.0,
969,5.0,12.0,0.0,0.0,0.0,0.0,3382.927,5053.577,42.343,39.128,38.517,33.091,4.0,
971,5.0,10.0,0.0,0.0,0.0,0.0,3080.025,4409.56,-41.353,40.626,39.698,34.103,4.0,
972,5.0,10.0,0.0,0.0,0.0,0.0,3059.521,4377.662,30.101,39.513,39.014,33.42,4.0,
974,5.0,9.0,0.0,0.0,0.0,0.0,3393.916,3978.017,-4.289,38.82,38.673,32.959,4.0,
975,5.0,9.0,0.0,0.0,0.0,0.0,2944.081,4033.538,34.014,38.986,38.385,32.931,4.0,
976,5.0,9.0,0.0,0.0,0.0,0.0,2942.207,4060.951,112.493,40.381,38.124,30.556,4.0,
977,5.0,9.0,0.0,0.0,0.0,0.0,2927.229,4084.769,114.512,39.241,38.902,30.73,4.0,
978,5.0,7.0,0.0,0.0,0.0,0.0,2934.799,3209.551,-27.474,39.722,38.719,33.36,4.0,
979,5.0,6.0,0.0,0.0,0.0,0.0,3421.017,2765.598,52.367,42.178,36.897,33.557,4.0,
980,5.0,6.0,0.0,0.0,0.0,0.0,3391.266,2562.542,13.953,40.196,38.59,33.532,4.0,
981,5.0,6.0,0.0,0.0,0.0,0.0,3363.664,2547.284,22.117,39.569,38.624,33.241,4.0,
982,5.0,4.0,0.0,0.0,0.0,0.0,2986.631,1917.371,-42.111,39.915,38.294,33.209,4.0,
983,5.0,4.0,0.0,0.0,0.0,0.0,2998.389,1901.078,-27.565,38.269,38.032,32.44,4.0,
984,5.0,3.0,0.0,0.0,0.0,0.0,3315.95,1477.079,5.999,40.127,38.692,33.468,4.0,
985,5.0,3.0,0.0,0.0,0.0,0.0,3351.651,1556.126,93.992,39.645,37.073,32.317,4.0,
986,5.0,3.0,0.0,0.0,0.0,0.0,3350.684,1593.895,90.66,39.203,38.615,33.069,4.0,
987,5.0,2.0,0.0,0.0,0.0,0.0,2930.856,933.805,104.341,40.273,35.626,32.585,4.0,
988,5.0,2.0,0.0,0.0,0.0,0.0,2980.668,919.779,91.665,39.108,38.533,33.012,4.0,
989,5.0,2.0,0.0,0.0,0.0,0.0,2962.852,943.002,63.839,42.028,36.731,33.298,4.0,
990,5.0,1.0,0.0,0.0,0.0,0.0,2897.987,724.004,74.286,38.455,36.527,31.96,4.0,
991,5.0,1.0,0.0,0.0,0.0,0.0,3366.798,710.049,89.539,39.744,39.268,31.12,4.0,
992,5.0,1.0,0.0,0.0,0.0,0.0,3334.829,711.798,132.24,38.475,38.1,32.569,4.0,
993,6.0,0.0,0.0,0.0,0.0,0.0,3797.835,243.348,69.238,38.796,37.435,32.377,4.0,
994,6.0,0.0,0.0,0.0,0.0,0.0,3792.411,268.884,-43.521,39.383,38.838,33.286,4.0,
995,6.0,0.0,0.0,0.0,0.0,0.0,3800.454,293.197,99.533,38.703,37.698,32.44,4.0,
996,6.0,0.0,0.0,0.0,0.0,0.0,3952.518,14.831,35.156,38.655,37.269,32.329,4.0,
997,6.0,1.0,0.0,0.0,0.0,0.0,3961.51,792.942,60.877,41.173,37.659,33.485,4.0,
998,6.0,3.0,0.0,0.0,0.0,0.0,3784.46,1615.326,131.111,39.564,37.255,32.523,4.0,
999,6.0,3.0,0.0,0.0,0.0,0.0,3767.281,1627.648,125.776,40.861,38.878,33.796,4.0,
1000,6.0,4.0,0.0,0.0,0.0,0.0,3998.274,1689.069,8.686,40.281,37.333,32.916,4.0,
1001,6.0,4.0,0.0,0.0,0.0,0.0,4033.056,1695.589,56.151,40.71,38.926,33.863,4.0,
1005,6.0,6.0,0.0,0.0,0.0,0.0,4033.37,2850.806,51.111,38.974,38.474,32.95,4.0,
1006,6.0,6.0,0.0,0.0,0.0,0.0,4018.326,2849.389,119.488,38.818,38.265,32.824,4.0,
1007,6.0,6.0,0.0,0.0,0.0,0.0,4024.495,2755.31,-24.354,39.334,38.396,33.011,4.0,
1008,6.0,6.0,0.0,0.0,0.0,0.0,3986.22,2751.218,-4.446,38.552,38.02,32.594,4.0,
1009,6.0,6.0,0.0,0.0,0.0,0.0,3524.378,2750.76,62.2,39.03,37.873,32.712,4.0,
1010,6.0,6.0,0.0,0.0,0.0,0.0,3491.138,2754.083,-19.639,39.669,38.438,33.222,4.0,
1011,6.0,9.0,0.0,0.0,0.0,0.0,3831.434,3940.307,103.699,39.196,36.737,32.112,4.0,
1012,6.0,9.0,0.0,0.0,0.0,0.0,3843.822,3929.954,-15.482,39.059,38.302,32.863,4.0,
1013,6.0,10.0,0.0,0.0,0.0,0.0,3927.306,4330.618,118.459,39.357,38.506,33.12,4.0,
1014,6.0,10.0,0.0,0.0,0.0,0.0,3936.142,4434.049,73.985,39.941,38.73,33.482,4.0,
1015,6.0,10.0,0.0,0.0,0.0,0.0,3468.872,4324.894,49.782,38.38,38.046,32.507,4.0,
1016,6.0,11.0,0.0,0.0,0.0,0.0,3922.856,4695.576,115.931,40.682,38.358,33.48,4.0,
1017,6.0,11.0,0.0,0.0,0.0,0.0,3893.813,4858.213,-16.425,40.949,37.383,33.261,4.0,
1019,6.0,11.0,0.0,0.0,0.0,0.0,3747.156,4518.869,-14.591,40.333,38.479,33.379,4.0,
1020,6.0,11.0,0.0,0.0,0.0,0.0,3737.986,4523.504,71.139,39.182,37.582,32.809,4.0,
1021,7.0,11.0,0.0,0.0,0.0,0.0,4570.314,4873.5,25.29,39.009,37.343,32.448,4.0,
1022,7.0,11.0,0.0,0.0,0.0,0.0,4517.969,4635.673,-31.467,40.18,37.748,32.932,4.0,
1023,7.0,10.0,0.0,0.0,0.0,0.0,4442.12,4476.966,-4.438,39.85,39.266,33.649,4.0,
1025,7.0,10.0,0.0,0.0,0.0,0.0,4073.418,4106.709,7.185,39.748,38.396,33.275,4.0,
1026,7.0,10.0,0.0,0.0,0.0,0.0,4106.879,4125.396,-1.093,39.652,38.104,33.079,4.0,
1027,7.0,9.0,0.0,0.0,0.0,0.0,4575.871,3714.94,-44.454,42.031,38.289,33.892,4.0,
1028,7.0,9.0,0.0,0.0,0.0,0.0,4580.992,3710.456,62.725,38.726,37.749,30.217,4.0,
1029,7.0,6.0,0.0,0.0,0.0,0.0,4281.841,2783.666,-34.263,40.687,35.41,32.437,4.0,
1030,7.0,6.0,0.0,0.0,0.0,0.0,4301.849,2808.293,55.736,39.639,39.333,33.588,4.0,
1031,7.0,5.0,0.0,0.0,0.0,0.0,4231.549,2089.446,4.871,42.9,39.777,35.094,4.0,
1032,7.0,4.0,0.0,0.0,0.0,0.0,4608.95,1861.109,122.378,40.161,37.674,33.288,4.0,
1033,7.0,4.0,0.0,0.0,0.0,0.0,4551.302,1937.162,61.43,39.701,38.145,32.967,4.0,
1034,7.0,4.0,0.0,0.0,0.0,0.0,4526.103,1921.791,104.222,39.042,38.091,32.891,4.0,
1035,7.0,4.0,0.0,0.0,0.0,0.0,4556.65,1903.828,125.224,40.534,38.164,30.686,4.0,
1036,7.0,4.0,0.0,0.0,0.0,0.0,4566.284,1695.727,58.795,40.419,37.043,33.053,4.0,
1037,7.0,4.0,0.0,0.0,0.0,0.0,4585.841,1679.913,116.013,40.201,39.203,33.716,4.0,
1038,7.0,3.0,0.0,0.0,0.0,0.0,4525.3,1604.866,81.026,40.715,38.914,33.814,4.0,
1039,7.0,2.0,0.0,0.0,0.0,0.0,4407.877,859.056,76.162,41.373,36.431,33.06,4.0,
1040,7.0,1.0,0.0,0.0,0.0,0.0,4224.362,488.263,39.778,39.037,38.64,33.041,4.0,
1041,7.0,1.0,0.0,0.0,0.0,0.0,4213.399,518.665,30.372,39.657,39.033,33.471,4.0,
1042,7.0,0.0,0.0,0.0,0.0,0.0,4482.945,363.996,-31.968,39.467,37.563,32.755,4.0,
1043,7.0,0.0,0.0,0.0,0.0,0.0,4535.788,257.517,95.283,39.324,37.961,32.84,4.0,
1044,8.0,1.0,0.0,0.0,0.0,0.0,4686.717,486.653,30.545,38.238,38.079,32.451,4.0,
1045,8.0,1.0,0.0,0.0,0.0,0.0,4661.017,480.712,54.554,39.246,38.413,33.024,4.0,
1046,8.0,2.0,0.0,0.0,0.0,0.0,5178.852,1230.631,82.101,39.899,39.047,33.486,4.0,
1047,8.0,3.0,0.0,0.0,0.0,0.0,4989.885,1630.109,59.545,40.019,37.257,32.976,4.0,
1048,8.0,4.0,0.0,0.0,0.0,0.0,4952.984,1972.013,111.807,40.089,38.975,33.593,4.0,
1049,8.0,4.0,0.0,0.0,0.0,0.0,4622.696,1864.49,16.114,42.256,36.294,32.912,4.0,
1050,8.0,4.0,0.0,0.0,0.0,0.0,4947.055,1700.563,108.866,40.111,38.807,33.591,4.0,
1051,8.0,4.0,0.0,0.0,0.0,0.0,4957.586,1666.625,106.487,39.431,37.838,32.737,4.0,
1052,8.0,5.0,0.0,0.0,0.0,0.0,4650.961,2281.668,86.418,40.707,40.321,34.446,4.0,
1053,8.0,5.0,0.0,0.0,0.0,0.0,5134.905,2246.167,89.127,40.264,38.676,33.478,4.0,
1054,8.0,5.0,0.0,0.0,0.0,0.0,5157.037,2266.813,16.565,40.512,39.041,33.739,4.0,
1055,8.0,5.0,0.0,0.0,0.0,0.0,5137.396,2270.031,122.299,42.126,38.501,34.036,4.0,
1056,8.0,6.0,0.0,0.0,0.0,0.0,5170.421,2769.698,82.529,40.202,39.962,34.084,4.0,
1057,8.0,6.0,0.0,0.0,0.0,0.0,5149.272,2798.367,-27.768,38.411,37.512,32.318,4.0,
1058,8.0,6.0,0.0,0.0,0.0,0.0,5102.998,2699.317,119.651,40.336,36.998,33.078,4.0,
1059,8.0,6.0,0.0,0.0,0.0,0.0,5089.744,2691.606,116.158,39.372,38.237,33.1,4.0,
1060,8.0,7.0,0.0,0.0,0.0,0.0,5032.965,3127.226,107.6,40.037,39.315,33.732,4.0,
1061,8.0,9.0,0.0,0.0,0.0,0.0,5139.636,3990.697,120.031,39.31,37.709,32.692,4.0,
1062,8.0,9.0,0.0,0.0,0.0,0.0,5145.279,4019.114,129.435,39.039,38.618,33.014,4.0,
1063,8.0,10.0,0.0,0.0,0.0,0.0,5160.784,4449.831,-21.278,37.948,37.606,32.123,4.0,
1064,8.0,10.0,0.0,0.0,0.0,0.0,5098.797,4155.447,-10.293,40.465,39.208,33.887,4.0,
1065,8.0,11.0,0.0,0.0,0.0,0.0,5049.766,4766.707,107.265,38.726,36.534,31.954,4.0,
1066,8.0,12.0,0.0,0.0,0.0,0.0,5159.511,5027.585,10.966,39.441,36.727,32.647,4.0,
1067,8.0,12.0,0.0,0.0,0.0,0.0,5187.1,5170.588,65.286,39.095,36.69,32.284,4.0,
1068,8.0,12.0,0.0,0.0,0.0,0.0,4907.537,5193.666,38.514,39.851,38.129,32.984,4.0,
1069,8.0,12.0,0.0,0.0,0.0,0.0,4898.724,5188.238,129.448,38.469,34.767,31.386,4.0,
1070,8.0,12.0,0.0,0.0,0.0,0.0,4821.24,5020.216,48.38,39.038,38.406,32.945,4.0,
1071,8.0,12.0,0.0,0.0,0.0,0.0,4832.179,5048.698,112.315,39.844,38.674,33.388,4.0,
1072,9.0,12.0,0.0,0.0,0.0,0.0,5663.365,5104.083,-11.227,38.982,36.443,32.035,4.0,
1073,9.0,12.0,0.0,0.0,0.0,0.0,5696.862,5090.304,3.848,38.561,37.779,32.469,4.0,
1074,9.0,12.0,0.0,0.0,0.0,0.0,5249.729,5278.309,75.694,38.512,36.382,31.766,4.0,
1075,9.0,12.0,0.0,0.0,0.0,0.0,5260.4,5305.045,93.699,38.641,38.069,32.592,4.0,
1076,9.0,10.0,0.0,0.0,0.0,0.0,5747.697,4223.875,22.575,39.811,39.01,33.466,4.0,
1077,9.0,9.0,0.0,0.0,0.0,0.0,5707.631,4061.212,101.279,39.828,37.54,32.89,4.0,
1078,9.0,9.0,0.0,0.0,0.0,0.0,5745.829,3740.211,-2.628,40.276,37.682,33.096,4.0,
1079,9.0,7.0,0.0,0.0,0.0,0.0,5604.704,2951.077,-38.246,39.67,37.605,32.858,4.0,
1080,9.0,6.0,0.0,0.0,0.0,0.0,5462.916,2465.825,130.915,39.275,36.857,32.431,4.0,
1081,9.0,4.0,0.0,0.0,0.0,0.0,5239.111,1740.075,98.094,39.886,37.529,32.853,4.0,
1082,9.0,4.0,0.0,0.0,0.0,0.0,5216.601,1890.859,1.61,40.789,38.953,33.892,4.0,
1083,9.0,4.0,0.0,0.0,0.0,0.0,5746.581,1696.787,-5.011,39.866,37.032,32.666,4.0,
1084,9.0,3.0,0.0,0.0,0.0,0.0,5683.704,1604.875,77.617,40.827,35.583,30.33,4.0,
1085,9.0,1.0,0.0,0.0,0.0,0.0,5701.511,637.892,13.501,39.994,37.984,33.228,4.0,
1086,9.0,1.0,0.0,0.0,0.0,0.0,5691.598,667.936,88.641,39.16,38.108,32.849,4.0,
1087,9.0,0.0,0.0,0.0,0.0,0.0,5385.15,337.103,-4.091,39.437,38.582,33.221,4.0,
1088,9.0,0.0,0.0,0.0,0.0,0.0,5372.831,309.667,20.518,39.785,38.973,33.504,4.0,
1090,9.0,0.0,0.0,0.0,0.0,0.0,5644.585,244.599,74.582,38.587,37.929,32.48,4.0,
1091,9.0,0.0,0.0,0.0,0.0,0.0,5635.837,233.846,127.016,39.411,39.087,33.411,4.0,
1092,9.0,0.0,0.0,0.0,0.0,0.0,5547.176,67.759,103.329,39.911,38.877,33.493,4.0,
1093,9.0,0.0,0.0,0.0,0.0,0.0,5551.794,36.719,37.946,38.472,37.995,32.545,4.0,
</ResultDatas>,,,,,,,,,,,,,,
<ElementResult>,,,,,,,,,,,,,,
0,0.0,,,,,,,,,,,,,
1,0.0,,,,,,,,,,,,,
2,0.0,,,,,,,,,,,,,
3,0.0,,,,,,,,,,,,,
4,0.0,,,,,,,,,,,,,
5,1006.0,,,,,,,,,,,,,
</ElementResult>,,,,,,,,,,,,,,
0,0.0,0.0,0.0,0.0,0.0,0.0,87.842,42.783,57.499,38.017,37.785,9.87,0.0,0.0
1,0.0,0.0,0.0,1.0,1.0,0.0,561.689,57.182,133.158,38.317,37.715,9.824,0.0,0.0
2,0.0,0.0,0.0,2.0,4.0,0.0,371.128,108.397,70.648,38.346,37.949,9.934,0.0,0.0
3,0.0,0.0,0.0,3.0,5.0,0.0,416.856,171.269,94.373,38.215,37.943,9.916,0.0,0.0
4,0.0,0.0,0.0,4.0,6.0,0.0,366.8,231.955,90.551,38.499,38.283,9.997,0.0,0.0
5,1.0,0.0,0.0,0.0,1.0,0.0,785.601,23.163,75.643,37.415,37.118,9.781,0.0,0.0
6,1.0,0.0,0.0,1.0,2.0,0.0,865.164,24.201,113.176,37.932,37.648,9.841,0.0,0.0
7,1.0,0.0,0.0,2.0,3.0,0.0,1051.45,47.789,82.079,38.275,37.994,9.931,0.0,0.0
8,1.0,0.0,0.0,3.0,5.0,0.0,1087.287,163.707,117.903,38.436,38.165,9.897,0.0,0.0
9,1.0,0.0,0.0,4.0,6.0,0.0,887.706,216.347,106.983,37.693,37.534,9.795,0.0,0.0
10,1.0,0.0,0.0,5.0,8.0,0.0,910.126,260.703,43.718,38.273,38.087,9.943,0.0,0.0
11,1.0,0.0,0.0,6.0,9.0,0.0,734.251,288.479,-13.413,38.192,38.03,9.848,0.0,0.0
12,1.0,0.0,0.0,7.0,10.0,0.0,713.82,388.389,35.263,38.494,38.372,9.931,0.0,0.0
13,1.0,0.0,0.0,8.0,11.0,0.0,855.505,407.902,5.84,38.73,38.207,9.941,0.0,0.0
14,2.0,0.0,0.0,0.0,0.0,0.0,1684.292,30.806,27.168,38.764,38.514,9.909,0.0,0.0
15,2.0,0.0,0.0,1.0,1.0,0.0,1434.915,84.115,37.39,38.293,37.956,9.852,0.0,0.0
16,2.0,0.0,0.0,2.0,2.0,0.0,1196.808,90.608,75.663,37.525,37.344,9.825,0.0,0.0
17,2.0,0.0,0.0,3.0,3.0,0.0,1702.998,103.019,103.671,38.623,38.304,9.939,0.0,0.0
18,2.0,0.0,0.0,4.0,6.0,0.0,1702.208,251.113,-38.021,39.05,38.887,9.993,0.0,0.0
19,2.0,0.0,0.0,5.0,7.0,0.0,1273.469,284.306,33.495,38.217,37.908,9.835,0.0,0.0
20,2.0,0.0,0.0,6.0,9.0,0.0,1350.667,327.815,131.675,38.914,38.786,9.963,0.0,0.0
21,2.0,0.0,0.0,7.0,10.0,0.0,1358.663,383.883,35.004,38.484,38.056,9.89,0.0,0.0
22,2.0,0.0,0.0,8.0,11.0,0.0,1655.019,396.999,132.295,38.721,38.494,9.901,0.0,0.0
23,3.0,0.0,0.0,0.0,0.0,0.0,2276.577,42.115,-41.457,38.244,38.135,9.868,0.0,0.0
24,3.0,0.0,0.0,1.0,1.0,0.0,2189.711,128.631,117.871,38.312,37.87,9.843,0.0,0.0
25,3.0,0.0,0.0,2.0,2.0,0.0,1875.783,159.313,82.886,38.155,37.94,9.908,0.0,0.0
26,3.0,0.0,0.0,3.0,3.0,0.0,1757.026,185.508,49.471,37.889,37.669,9.838,0.0,0.0
27,3.0,0.0,0.0,4.0,4.0,0.0,1877.277,212.211,45.618,37.839,37.339,9.866,0.0,0.0
28,3.0,0.0,0.0,5.0,6.0,0.0,2140.298,224.634,127.094,38.237,37.941,9.919,0.0,0.0
29,3.0,0.0,0.0,6.0,7.0,0.0,2078.144,238.372,100.907,38.136,37.961,9.908,0.0,0.0
30,3.0,0.0,0.0,7.0,8.0,0.0,1925.9,273.698,62.418,38.261,37.759,9.822,0.0,0.0
31,3.0,0.0,0.0,8.0,9.0,0.0,1793.505,311.662,11.218,38.16,37.819,9.893,0.0,0.0
32,3.0,0.0,0.0,9.0,11.0,0.0,2313.616,376.023,94.343,40.494,32.399,9.317,0.0,0.0
34,4.0,0.0,0.0,1.0,4.0,0.0,2711.783,281.474,86.621,38.244,38.137,9.869,0.0,0.0
35,4.0,0.0,0.0,2.0,7.0,0.0,2613.0,400.754,-22.963,38.196,37.871,9.905,0.0,0.0
36,4.0,0.0,0.0,3.0,8.0,0.0,2821.893,416.561,-4.565,39.222,34.38,9.501,0.0,0.0
37,5.0,0.0,0.0,0.0,1.0,0.0,3330.182,41.484,115.806,38.738,38.511,9.905,0.0,0.0
38,5.0,0.0,0.0,1.0,2.0,0.0,3239.914,99.461,50.142,37.722,37.266,9.841,0.0,0.0
39,5.0,0.0,0.0,2.0,3.0,0.0,3128.554,125.294,89.012,37.635,37.076,9.804,0.0,0.0
40,5.0,0.0,0.0,3.0,4.0,0.0,3020.799,168.197,52.646,37.841,37.671,9.832,0.0,0.0
41,5.0,0.0,0.0,4.0,5.0,0.0,3030.563,223.271,126.727,37.77,37.66,9.822,0.0,0.0
42,5.0,0.0,0.0,5.0,6.0,0.0,3252.708,227.351,75.677,38.259,38.136,9.87,0.0,0.0
43,5.0,0.0,0.0,6.0,7.0,0.0,3463.25,251.363,93.824,39.019,35.967,9.61,0.0,0.0
44,5.0,0.0,0.0,7.0,8.0,0.0,3364.443,320.086,51.5,38.812,38.591,9.925,0.0,0.0
45,5.0,0.0,0.0,8.0,9.0,0.0,3230.932,384.313,-43.464,38.374,38.166,9.89,0.0,0.0
47,6.0,0.0,0.0,1.0,1.0,0.0,3627.119,168.949,52.947,37.666,37.374,9.771,0.0,0.0
48,6.0,0.0,0.0,2.0,3.0,0.0,3972.614,224.385,7.076,38.029,37.929,9.814,0.0,0.0
49,6.0,0.0,0.0,3.0,5.0,0.0,4022.774,351.022,70.809,38.778,38.767,9.943,0.0,0.0
50,7.0,0.0,0.0,0.0,1.0,0.0,4256.934,53.596,55.996,37.587,36.682,9.593,0.0,0.0
51,7.0,0.0,0.0,1.0,2.0,0.0,4140.555,66.353,74.102,37.533,37.377,9.754,0.0,0.0
52,7.0,0.0,0.0,2.0,3.0,0.0,4491.434,153.658,68.062,38.246,38.114,9.866,0.0,0.0
53,7.0,0.0,0.0,3.0,5.0,0.0,4383.848,205.94,49.354,38.764,38.58,9.993,0.0,0.0
54,7.0,0.0,0.0,4.0,6.0,0.0,4539.699,229.124,-8.409,38.738,38.586,9.915,0.0,0.0
55,7.0,0.0,0.0,5.0,7.0,0.0,4606.112,318.907,-44.227,39.13,38.798,9.992,0.0,0.0
56,7.0,0.0,0.0,6.0,9.0,0.0,4073.02,402.097,-37.633,38.973,38.309,9.693,0.0,0.0
57,8.0,0.0,0.0,0.0,1.0,0.0,5075.725,52.872,81.987,38.218,38.074,9.857,0.0,0.0
58,8.0,0.0,0.0,1.0,2.0,0.0,4900.527,83.184,61.201,38.473,38.062,9.888,0.0,0.0
59,8.0,0.0,0.0,2.0,3.0,0.0,5123.59,122.189,116.575,38.318,38.08,9.871,0.0,0.0
60,8.0,0.0,0.0,3.0,4.0,0.0,4684.588,144.738,77.34,37.675,37.166,9.821,0.0,0.0
61,8.0,0.0,0.0,4.0,5.0,0.0,5080.802,154.688,-43.432,38.028,37.797,9.873,0.0,0.0
62,8.0,0.0,0.0,5.0,6.0,0.0,4647.064,180.638,29.816,38.05,37.693,9.862,0.0,0.0
63,8.0,0.0,0.0,6.0,7.0,0.0,4816.584,277.614,25.98,37.796,37.569,9.813,0.0,0.0
64,8.0,0.0,0.0,7.0,8.0,0.0,4978.054,284.799,122.776,38.094,37.724,9.872,0.0,0.0
65,8.0,0.0,0.0,8.0,11.0,0.0,4740.712,335.708,4.828,38.18,38.116,9.858,0.0,0.0
66,9.0,0.0,0.0,0.0,1.0,0.0,5337.511,63.379,110.965,38.227,38.028,9.852,0.0,0.0
67,9.0,0.0,0.0,1.0,2.0,0.0,5439.807,95.772,56.85,37.791,37.236,9.769,0.0,0.0
68,9.0,0.0,0.0,2.0,3.0,0.0,5681.125,108.277,89.232,38.494,38.224,9.989,0.0,0.0
69,9.0,0.0,0.0,3.0,4.0,0.0,5269.342,159.963,118.561,38.11,37.717,9.796,0.0,0.0
70,9.0,0.0,0.0,4.0,6.0,0.0,5592.052,215.995,-3.39,37.956,37.797,9.787,0.0,0.0
72,0.0,1.0,0.0,0.0,2.0,0.0,516.824,494.127,76.011,38.984,38.698,9.96,0.0,0.0
73,0.0,1.0,0.0,1.0,3.0,0.0,444.297,505.462,111.878,38.243,37.81,9.902,0.0,0.0
74,0.0,1.0,0.0,2.0,4.0,0.0,431.711,578.345,88.9,38.223,37.758,9.817,0.0,0.0
75,0.0,1.0,0.0,3.0,5.0,0.0,292.804,606.922,101.055,37.938,37.58,9.833,0.0,0.0
76,0.0,1.0,0.0,4.0,7.0,0.0,329.155,814.006,63.314,38.154,37.892,9.825,0.0,0.0
77,1.0,1.0,0.0,0.0,1.0,0.0,599.932,472.421,23.494,37.334,37.009,9.757,0.0,0.0
78,1.0,1.0,0.0,1.0,3.0,0.0,918.472,543.876,107.319,37.834,37.669,9.909,0.0,0.0
79,1.0,1.0,0.0,2.0,4.0,0.0,1087.033,616.753,18.361,37.837,37.585,9.821,0.0,0.0
80,1.0,1.0,0.0,3.0,6.0,0.0,1028.412,723.19,-0.207,38.794,38.681,9.934,0.0,0.0
81,1.0,1.0,0.0,4.0,7.0,0.0,679.228,767.972,-28.095,38.313,37.96,9.854,0.0,0.0
82,2.0,1.0,0.0,0.0,1.0,0.0,1644.404,441.92,113.145,37.323,36.877,9.738,0.0,0.0
83,2.0,1.0,0.0,1.0,2.0,0.0,1286.31,446.231,67.556,37.675,37.342,9.768,0.0,0.0
84,2.0,1.0,0.0,2.0,3.0,0.0,1550.797,478.419,92.778,38.027,37.565,9.842,0.0,0.0
85,2.0,1.0,0.0,3.0,4.0,0.0,1188.481,525.799,33.986,38.093,37.678,9.866,0.0,0.0
86,2.0,1.0,0.0,4.0,5.0,0.0,1312.626,529.34,54.368,37.982,37.659,9.849,0.0,0.0
87,2.0,1.0,0.0,5.0,6.0,0.0,1528.101,552.793,101.794,37.899,37.766,9.852,0.0,0.0
88,2.0,1.0,0.0,6.0,7.0,0.0,1372.693,556.366,78.448,37.963,37.573,9.835,0.0,0.0
90,2.0,1.0,0.0,8.0,9.0,0.0,1668.96,610.348,103.331,38.26,38.099,9.866,0.0,0.0
91,2.0,1.0,0.0,9.0,10.0,0.0,1533.305,721.435,91.203,38.513,38.218,9.914,0.0,0.0
93,2.0,1.0,0.0,11.0,12.0,0.0,1697.286,780.251,58.338,38.403,38.003,9.872,0.0,0.0
94,3.0,1.0,0.0,0.0,0.0,0.0,2314.699,458.991,89.974,40.636,29.816,9.164,0.0,0.0
95,3.0,1.0,0.0,1.0,1.0,0.0,2069.695,481.632,83.163,38.229,37.806,9.823,0.0,0.0
96,3.0,1.0,0.0,2.0,2.0,0.0,1900.577,599.287,77.045,37.924,37.412,9.809,0.0,0.0
97,3.0,1.0,0.0,3.0,3.0,0.0,1809.213,626.555,34.597,38.786,38.366,9.968,0.0,0.0
98,3.0,1.0,0.0,4.0,4.0,0.0,2255.142,665.023,-4.016,38.777,38.52,9.911,0.0,0.0
99,3.0,1.0,0.0,5.0,5.0,0.0,2117.949,684.155,105.383,38.231,38.114,9.941,0.0,0.0
100,3.0,1.0,0.0,6.0,6.0,0.0,2093.368,758.943,122.131,38.611,38.356,9.869,0.0,0.0
101,3.0,1.0,0.0,7.0,7.0,0.0,2034.201,827.473,-2.03,41.353,28.483,9.914,0.0,0.0
102,4.0,1.0,0.0,0.0,4.0,0.0,2500.935,471.123,97.719,37.51,37.402,9.831,0.0,0.0
103,4.0,1.0,0.0,1.0,5.0,0.0,2460.035,570.771,87.489,38.313,38.029,9.863,0.0,0.0
104,4.0,1.0,0.0,2.0,6.0,0.0,2756.93,596.119,-37.267,37.516,37.253,9.813,0.0,0.0
105,4.0,1.0,0.0,3.0,7.0,0.0,2741.239,652.87,130.302,38.52,38.2,9.913,0.0,0.0
106,4.0,1.0,0.0,4.0,8.0,0.0,2545.238,672.757,69.176,38.493,38.281,9.919,0.0,0.0
107,4.0,1.0,0.0,5.0,9.0,0.0,2606.124,692.454,51.866,37.876,37.561,9.822,0.0,0.0
108,4.0,1.0,0.0,6.0,11.0,0.0,2641.357,797.796,-41.609,38.664,38.535,9.898,0.0,0.0
109,5.0,1.0,0.0,0.0,1.0,0.0,3018.148,500.141,71.557,37.896,37.246,9.784,0.0,0.0
110,5.0,1.0,0.0,1.0,2.0,0.0,2923.032,514.706,12.84,38.245,38.037,9.856,0.0,0.0
111,5.0,1.0,0.0,2.0,3.0,0.0,3248.189,566.621,9.29,37.894,37.742,9.848,0.0,0.0
112,5.0,1.0,0.0,3.0,4.0,0.0,3035.178,612.713,59.128,38.459,38.045,9.885,0.0,0.0
113,5.0,1.0,0.0,4.0,5.0,0.0,3299.755,706.498,-34.97,38.221,37.906,9.836,0.0,0.0
115,6.0,1.0,0.0,0.0,0.0,0.0,3680.192,427.546,92.23,37.749,37.389,9.784,0.0,0.0
116,6.0,1.0,0.0,1.0,1.0,0.0,3982.944,441.602,97.73,38.491,38.156,9.902,0.0,0.0
117,6.0,1.0,0.0,2.0,3.0,0.0,3515.446,545.396,9.89,37.822,37.73,9.838,0.0,0.0
118,6.0,1.0,0.0,3.0,5.0,0.0,4016.515,642.658,-12.212,39.124,39.0,9.942,0.0,0.0
119,6.0,1.0,0.0,4.0,6.0,0.0,3811.549,680.273,-27.159,38.298,38.106,9.872,0.0,0.0
120,6.0,1.0,0.0,5.0,7.0,0.0,3506.833,708.6,42.467,38.248,38.052,9.935,0.0,0.0
121,6.0,1.0,0.0,6.0,8.0,0.0,3768.309,736.825,102.622,38.516,38.36,9.932,0.0,0.0
123,7.0,1.0,0.0,0.0,1.0,0.0,4578.193,431.272,102.774,38.157,38.052,9.923,0.0,0.0
124,7.0,1.0,0.0,1.0,2.0,0.0,4511.407,455.303,34.007,38.461,38.429,9.934,0.0,0.0
125,7.0,1.0,0.0,2.0,3.0,0.0,4441.322,457.493,93.807,38.139,37.544,9.854,0.0,0.0
126,7.0,1.0,0.0,3.0,5.0,0.0,4209.052,517.623,114.799,37.871,37.345,9.794,0.0,0.0
127,7.0,1.0,0.0,4.0,6.0,0.0,4473.367,546.853,100.128,37.902,37.651,9.762,0.0,0.0
128,7.0,1.0,0.0,5.0,7.0,0.0,4180.76,609.262,47.711,37.747,37.688,9.822,0.0,0.0
129,7.0,1.0,0.0,6.0,9.0,0.0,4571.5,637.825,-25.509,38.692,38.349,9.954,0.0,0.0
130,7.0,1.0,0.0,7.0,11.0,0.0,4444.931,692.967,76.213,38.512,38.342,9.93,0.0,0.0
131,8.0,1.0,0.0,0.0,1.0,0.0,4992.918,499.892,45.636,37.897,37.688,9.842,0.0,0.0
132,8.0,1.0,0.0,1.0,2.0,0.0,5002.01,579.654,84.612,38.182,37.877,9.903,0.0,0.0
133,8.0,1.0,0.0,2.0,3.0,0.0,4749.048,586.918,56.849,37.704,37.369,9.775,0.0,0.0
134,8.0,1.0,0.0,3.0,4.0,0.0,4640.303,621.827,47.312,38.55,38.001,9.967,0.0,0.0
136,8.0,1.0,0.0,5.0,6.0,0.0,5037.637,655.661,-33.957,38.032,37.927,9.814,0.0,0.0
137,8.0,1.0,0.0,6.0,7.0,0.0,4979.27,674.606,27.519,38.081,38.012,9.908,0.0,0.0
138,9.0,1.0,0.0,0.0,0.0,0.0,5602.61,560.553,-14.898,38.407,38.322,9.914,0.0,0.0
140,9.0,1.0,0.0,2.0,3.0,0.0,5341.451,634.391,19.385,37.754,36.118,9.25,0.0,0.0
141,9.0,1.0,0.0,3.0,5.0,0.0,5738.641,713.12,60.986,38.246,38.138,9.946,0.0,0.0
143,0.0,2.0,0.0,0.0,3.0,0.0,411.995,940.855,97.919,38.32,37.876,9.921,0.0,0.0
144,0.0,2.0,0.0,1.0,4.0,0.0,281.481,1002.546,23.928,38.588,38.437,9.952,0.0,0.0
145,0.0,2.0,0.0,2.0,5.0,0.0,102.101,1009.858,8.134,37.76,37.334,9.856,0.0,0.0
147,0.0,2.0,0.0,4.0,8.0,0.0,51.816,1118.868,60.938,38.553,37.836,9.87,0.0,0.0
148,1.0,2.0,0.0,0.0,0.0,0.0,604.13,849.16,47.895,37.818,37.464,9.803,0.0,0.0
149,1.0,2.0,0.0,1.0,1.0,0.0,1134.961,861.067,102.502,38.59,38.231,9.925,0.0,0.0
150,1.0,2.0,0.0,2.0,2.0,0.0,836.926,881.865,80.456,37.985,37.775,9.865,0.0,0.0
151,1.0,2.0,0.0,3.0,3.0,0.0,660.627,911.881,55.808,37.717,37.226,9.835,0.0,0.0
152,1.0,2.0,0.0,4.0,4.0,0.0,887.753,950.484,67.801,37.85,37.374,9.872,0.0,0.0
153,1.0,2.0,0.0,5.0,6.0,0.0,714.085,982.656,77.569,38.022,37.776,9.869,0.0,0.0
155,2.0,2.0,0.0,0.0,0.0,0.0,1256.877,846.528,55.158,37.256,37.129,9.762,0.0,0.0
156,2.0,2.0,0.0,1.0,1.0,0.0,1651.655,903.888,90.535,38.133,37.636,9.866,0.0,0.0
157,2.0,2.0,0.0,2.0,2.0,0.0,1472.458,908.855,52.712,37.65,37.326,9.84,0.0,0.0
158,2.0,2.0,0.0,3.0,3.0,0.0,1628.924,969.433,122.351,38.37,38.15,9.887,0.0,0.0
159,2.0,2.0,0.0,4.0,4.0,0.0,1251.166,986.331,42.122,37.441,37.277,9.806,0.0,0.0
160,2.0,2.0,0.0,5.0,5.0,0.0,1678.236,1111.918,112.597,38.237,38.108,9.864,0.0,0.0
161,2.0,2.0,0.0,6.0,6.0,0.0,1498.427,1162.816,58.797,38.299,37.892,9.92,0.0,0.0
162,3.0,2.0,0.0,0.0,3.0,0.0,1886.014,1049.667,51.565,37.727,37.577,9.805,0.0,0.0
163,3.0,2.0,0.0,1.0,5.0,0.0,1987.257,1105.964,5.805,38.187,37.92,9.91,0.0,0.0
164,3.0,2.0,0.0,2.0,6.0,0.0,2026.409,1135.982,-43.999,37.812,37.451,9.8,0.0,0.0
165,3.0,2.0,0.0,3.0,7.0,0.0,1931.095,1184.741,80.773,38.416,38.199,9.899,0.0,0.0
166,3.0,2.0,0.0,4.0,8.0,0.0,2035.497,1229.203,7.827,38.011,37.783,9.869,0.0,0.0
167,4.0,2.0,0.0,0.0,1.0,0.0,2807.985,932.676,95.84,38.432,38.349,9.92,0.0,0.0
168,4.0,2.0,0.0,1.0,3.0,0.0,2860.558,1025.58,-37.684,38.457,38.312,9.919,0.0,0.0
169,4.0,2.0,0.0,2.0,4.0,0.0,2627.608,1087.347,65.439,38.042,37.682,9.86,0.0,0.0
170,4.0,2.0,0.0,3.0,6.0,0.0,2711.188,1195.27,-0.061,39.034,38.951,9.999,0.0,0.0
171,4.0,2.0,0.0,4.0,7.0,0.0,2421.008,1226.288,-22.618,38.784,38.456,9.904,0.0,0.0
172,5.0,2.0,0.0,0.0,0.0,0.0,3379.594,917.25,97.257,38.184,37.705,9.881,0.0,0.0
173,5.0,2.0,0.0,1.0,1.0,0.0,2936.013,973.089,-38.635,38.152,37.98,9.836,0.0,0.0
174,5.0,2.0,0.0,2.0,2.0,0.0,3214.161,1024.271,121.119,37.739,37.558,9.804,0.0,0.0
175,5.0,2.0,0.0,3.0,3.0,0.0,3370.385,1028.155,-32.301,38.347,38.027,9.868,0.0,0.0
176,5.0,2.0,0.0,4.0,4.0,0.0,3109.579,1036.797,130.658,37.298,37.121,9.767,0.0,0.0
177,5.0,2.0,0.0,5.0,5.0,0.0,2982.418,1088.007,42.067,38.008,37.848,9.877,0.0,0.0
178,5.0,2.0,0.0,6.0,6.0,0.0,3346.308,1101.901,14.735,38.491,38.371,9.931,0.0,0.0
179,5.0,2.0,0.0,7.0,8.0,0.0,3090.51,1210.41,11.006,38.391,38.062,9.878,0.0,0.0
180,6.0,2.0,0.0,0.0,0.0,0.0,3775.956,908.29,68.166,38.223,37.864,9.831,0.0,0.0
182,6.0,2.0,0.0,2.0,2.0,0.0,4008.512,1144.191,-22.086,38.781,38.581,9.919,0.0,0.0
183,6.0,2.0,0.0,3.0,3.0,0.0,3963.632,1169.991,72.469,38.669,38.351,9.951,0.0,0.0
184,7.0,2.0,0.0,0.0,0.0,0.0,4497.513,892.362,101.788,37.853,37.597,9.824,0.0,0.0
185,7.0,2.0,0.0,1.0,1.0,0.0,4480.231,958.468,100.838,38.293,37.994,9.933,0.0,0.0
186,7.0,2.0,0.0,2.0,2.0,0.0,4373.643,1035.311,96.412,37.923,37.252,9.788,0.0,0.0
187,8.0,2.0,0.0,0.0,0.0,0.0,4791.756,850.55,66.915,37.665,37.342,9.843,0.0,0.0
188,8.0,2.0,0.0,1.0,1.0,0.0,5052.293,868.17,56.236,38.199,37.976,9.918,0.0,0.0
193,9.0,2.0,0.0,0.0,1.0,0.0,5237.509,868.845,20.735,37.07,36.841,9.7,0.0,0.0
194,9.0,2.0,0.0,1.0,2.0,0.0,5685.77,916.272,120.673,37.801,37.653,9.982,0.0,0.0
195,9.0,2.0,0.0,2.0,3.0,0.0,5494.897,964.951,64.085,37.225,36.643,9.694,0.0,0.0
196,9.0,2.0,0.0,3.0,5.0,0.0,5397.969,994.346,39.372,37.959,37.564,9.834,0.0,0.0
197,9.0,2.0,0.0,4.0,6.0,0.0,5288.316,1006.219,37.82,38.159,38.053,9.923,0.0,0.0
198,9.0,2.0,0.0,5.0,7.0,0.0,5511.787,1048.121,29.943,37.55,37.357,9.754,0.0,0.0
199,9.0,2.0,0.0,6.0,8.0,0.0,5243.497,1073.87,-28.38,38.293,38.195,9.883,0.0,0.0
200,9.0,2.0,0.0,7.0,9.0,0.0,5204.722,1111.05,71.115,37.969,37.672,9.849,0.0,0.0
201,9.0,2.0,0.0,8.0,11.0,0.0,5608.535,1146.401,35.826,37.991,37.876,9.879,0.0,0.0
202,0.0,3.0,0.0,0.0,1.0,0.0,257.238,1387.365,104.009,38.239,37.347,9.614,0.0,0.0
203,0.0,3.0,0.0,1.0,3.0,0.0,267.513,1468.847,55.514,37.906,37.644,9.837,0.0,0.0
204,0.0,3.0,0.0,2.0,4.0,0.0,159.208,1504.454,0.895,38.373,38.188,9.892,0.0,0.0
205,0.0,3.0,0.0,3.0,5.0,0.0,439.229,1566.167,16.716,38.353,38.209,9.892,0.0,0.0
206,0.0,3.0,0.0,4.0,7.0,0.0,455.497,1634.02,56.164,38.521,38.437,9.943,0.0,0.0
207,1.0,3.0,0.0,0.0,0.0,0.0,958.925,1288.291,81.046,37.748,37.49,9.796,0.0,0.0
208,1.0,3.0,0.0,1.0,1.0,0.0,933.623,1324.927,96.156,38.337,38.077,9.949,0.0,0.0
209,1.0,3.0,0.0,2.0,2.0,0.0,1161.845,1379.189,91.834,41.466,31.767,9.394,0.0,0.0
210,1.0,3.0,0.0,3.0,3.0,0.0,717.941,1394.14,60.283,37.365,37.306,9.8,0.0,0.0
211,1.0,3.0,0.0,4.0,6.0,0.0,1158.051,1468.066,90.263,39.073,37.659,9.837,0.0,0.0
212,1.0,3.0,0.0,5.0,7.0,0.0,908.935,1471.977,106.834,38.349,36.551,9.675,0.0,0.0
213,1.0,3.0,0.0,6.0,8.0,0.0,1107.237,1497.326,-31.518,38.998,38.667,9.959,0.0,0.0
214,1.0,3.0,0.0,7.0,9.0,0.0,684.308,1605.19,15.781,37.969,37.832,9.794,0.0,0.0
215,1.0,3.0,0.0,8.0,10.0,0.0,1097.709,1613.376,-21.658,38.922,38.862,9.899,0.0,0.0
216,2.0,3.0,0.0,0.0,1.0,0.0,1738.003,1399.839,92.524,42.009,31.525,9.349,0.0,0.0
217,2.0,3.0,0.0,1.0,2.0,0.0,1672.272,1433.981,133.25,38.345,38.235,9.894,0.0,0.0
218,2.0,3.0,0.0,2.0,3.0,0.0,1274.176,1449.779,104.432,33.379,33.092,9.252,0.0,0.0
219,2.0,3.0,0.0,3.0,6.0,0.0,1440.048,1489.244,16.184,37.717,37.605,9.807,0.0,0.0
220,3.0,3.0,0.0,0.0,1.0,0.0,2241.887,1335.764,99.627,38.274,37.941,9.924,0.0,0.0
221,3.0,3.0,0.0,1.0,3.0,0.0,1873.625,1403.848,-21.093,38.285,37.993,9.932,0.0,0.0
222,3.0,3.0,0.0,2.0,6.0,0.0,2244.375,1548.923,11.513,38.674,38.536,9.976,0.0,0.0
223,3.0,3.0,0.0,3.0,7.0,0.0,2046.056,1633.306,83.718,38.531,38.132,9.905,0.0,0.0
224,3.0,3.0,0.0,4.0,8.0,0.0,2182.61,1641.098,-4.801,40.247,33.758,9.488,0.0,0.0
225,4.0,3.0,0.0,0.0,2.0,0.0,2867.481,1270.862,75.25,38.537,38.096,9.901,0.0,0.0
226,4.0,3.0,0.0,1.0,3.0,0.0,2399.798,1307.666,65.224,37.949,37.409,9.812,0.0,0.0
227,4.0,3.0,0.0,2.0,4.0,0.0,2769.515,1361.871,111.947,38.446,38.084,9.964,0.0,0.0
228,4.0,3.0,0.0,3.0,5.0,0.0,2588.284,1416.903,63.414,37.662,37.331,9.842,0.0,0.0
229,4.0,3.0,0.0,4.0,6.0,0.0,2644.852,1570.291,54.618,38.485,38.309,9.922,0.0,0.0
230,5.0,3.0,0.0,0.0,1.0,0.0,3392.368,1244.983,100.343,39.112,38.381,9.936,0.0,0.0
231,5.0,3.0,0.0,1.0,3.0,0.0,3322.395,1288.574,94.277,38.006,37.835,9.875,0.0,0.0
232,5.0,3.0,0.0,2.0,4.0,0.0,3167.26,1333.557,90.509,38.409,38.18,9.895,0.0,0.0
233,5.0,3.0,0.0,3.0,7.0,0.0,3441.543,1455.644,25.889,38.485,38.22,9.911,0.0,0.0
234,5.0,3.0,0.0,4.0,8.0,0.0,3455.108,1497.329,100.812,38.459,38.245,9.835,0.0,0.0
235,5.0,3.0,0.0,5.0,9.0,0.0,3147.738,1586.97,-25.173,38.672,38.379,9.955,0.0,0.0
236,5.0,3.0,0.0,6.0,11.0,0.0,3076.077,1621.684,60.514,38.642,38.316,9.943,0.0,0.0
237,6.0,3.0,0.0,0.0,1.0,0.0,3739.417,1361.818,63.723,37.914,37.517,9.822,0.0,0.0
238,6.0,3.0,0.0,1.0,2.0,0.0,3963.486,1368.992,109.28,38.27,37.974,9.851,0.0,0.0
239,6.0,3.0,0.0,2.0,3.0,0.0,3489.317,1376.876,22.032,38.153,37.853,9.897,0.0,0.0
240,6.0,3.0,0.0,3.0,4.0,0.0,3599.236,1382.386,55.861,38.171,37.961,9.836,0.0,0.0
241,6.0,3.0,0.0,4.0,7.0,0.0,3542.255,1504.089,61.604,38.28,37.968,9.928,0.0,0.0
242,6.0,3.0,0.0,5.0,8.0,0.0,3925.95,1636.074,14.271,38.994,38.832,9.979,0.0,0.0
243,6.0,3.0,0.0,6.0,9.0,0.0,3852.983,1643.505,-4.63,40.602,28.731,9.06,0.0,0.0
244,7.0,3.0,0.0,0.0,0.0,0.0,4226.964,1340.461,65.604,37.613,37.439,9.772,0.0,0.0
245,7.0,3.0,0.0,1.0,1.0,0.0,4444.187,1379.235,81.287,38.473,37.997,9.804,0.0,0.0
246,7.0,3.0,0.0,2.0,2.0,0.0,4481.446,1400.304,-43.398,38.764,37.963,9.766,0.0,0.0
247,8.0,3.0,0.0,0.0,0.0,0.0,4892.893,1289.749,55.262,37.668,37.076,9.731,0.0,0.0
248,8.0,3.0,0.0,1.0,2.0,0.0,4959.148,1527.91,63.352,38.489,37.988,9.881,0.0,0.0
249,9.0,3.0,0.0,0.0,0.0,0.0,5219.738,1364.484,61.859,37.906,37.518,9.821,0.0,0.0
250,9.0,3.0,0.0,1.0,1.0,0.0,5726.574,1522.924,61.209,38.82,38.629,9.93,0.0,0.0
251,9.0,3.0,0.0,2.0,2.0,0.0,5509.22,1559.106,53.044,38.573,38.264,9.927,0.0,0.0
253,0.0,4.0,0.0,1.0,5.0,0.0,357.337,1801.491,97.123,38.151,37.971,9.835,0.0,0.0
254,0.0,4.0,0.0,2.0,6.0,0.0,435.637,1937.597,120.97,38.295,38.048,9.864,0.0,0.0
255,0.0,4.0,0.0,3.0,7.0,0.0,547.872,1950.776,42.584,39.016,38.842,9.983,0.0,0.0
256,0.0,4.0,0.0,4.0,8.0,0.0,86.547,1985.781,46.848,38.233,38.084,9.86,0.0,0.0
257,0.0,4.0,0.0,5.0,9.0,0.0,401.251,2002.404,97.594,38.555,38.449,9.874,0.0,0.0
258,0.0,4.0,0.0,6.0,10.0,0.0,458.532,2047.56,-3.011,39.351,35.861,9.637,0.0,0.0
259,1.0,4.0,0.0,0.0,0.0,0.0,1062.657,1719.272,92.554,38.304,38.007,9.859,0.0,0.0
260,1.0,4.0,0.0,1.0,1.0,0.0,1060.477,1807.224,15.96,38.004,37.852,9.801,0.0,0.0
261,1.0,4.0,0.0,2.0,2.0,0.0,624.612,1879.581,42.915,38.522,37.986,9.886,0.0,0.0
262,1.0,4.0,0.0,3.0,3.0,0.0,688.647,1916.633,54.347,38.553,38.021,9.894,0.0,0.0
263,1.0,4.0,0.0,4.0,4.0,0.0,834.685,1932.995,103.952,38.238,37.972,9.847,0.0,0.0
264,1.0,4.0,0.0,5.0,5.0,0.0,735.278,1974.957,31.546,37.998,37.874,9.879,0.0,0.0
265,2.0,4.0,0.0,0.0,0.0,0.0,1511.6,1749.875,59.609,38.038,37.595,9.771,0.0,0.0
266,2.0,4.0,0.0,1.0,2.0,0.0,1737.188,1890.112,94.271,40.572,33.037,9.407,0.0,0.0
267,2.0,4.0,0.0,2.0,3.0,0.0,1507.481,1967.936,30.212,38.591,38.34,9.94,0.0,0.0
268,2.0,4.0,0.0,3.0,4.0,0.0,1391.074,1987.479,42.789,38.185,38.019,9.846,0.0,0.0
269,3.0,4.0,0.0,0.0,2.0,0.0,2018.242,1725.17,98.059,38.034,37.802,9.874,0.0,0.0
270,3.0,4.0,0.0,1.0,3.0,0.0,2138.581,1749.94,85.693,38.316,38.079,9.947,0.0,0.0
271,3.0,4.0,0.0,2.0,6.0,0.0,2221.265,1921.641,-1.264,38.375,38.14,9.886,0.0,0.0
272,3.0,4.0,0.0,3.0,7.0,0.0,1880.068,1990.534,80.552,38.927,38.331,9.981,0.0,0.0
273,4.0,4.0,0.0,0.0,0.0,0.0,2581.144,1691.801,92.711,38.084,37.951,9.9,0.0,0.0
274,4.0,4.0,0.0,1.0,1.0,0.0,2654.415,1691.553,61.624,37.393,37.271,9.799,0.0,0.0
276,4.0,4.0,0.0,3.0,5.0,0.0,2408.489,1889.28,39.999,37.816,37.544,9.812,0.0,0.0
277,5.0,4.0,0.0,0.0,1.0,0.0,2987.749,1710.74,114.24,37.405,37.087,9.776,0.0,0.0
278,5.0,4.0,0.0,1.0,2.0,0.0,2906.066,1729.564,50.677,38.259,37.964,9.925,0.0,0.0
279,5.0,4.0,0.0,2.0,3.0,0.0,3437.685,1814.238,-32.589,38.842,38.739,9.948,0.0,0.0
280,5.0,4.0,0.0,3.0,4.0,0.0,3225.107,1862.892,107.916,38.453,37.823,9.705,0.0,0.0
281,5.0,4.0,0.0,4.0,5.0,0.0,3254.836,1932.661,77.804,37.696,37.443,9.784,0.0,0.0
282,5.0,4.0,0.0,5.0,6.0,0.0,2908.894,1939.979,52.305,38.532,38.183,9.912,0.0,0.0
283,5.0,4.0,0.0,6.0,7.0,0.0,2979.385,1978.551,29.67,38.134,37.63,9.789,0.0,0.0
284,6.0,4.0,0.0,0.0,2.0,0.0,3626.612,1742.234,60.002,38.067,37.691,9.864,0.0,0.0
286,6.0,4.0,0.0,2.0,4.0,0.0,3906.047,1786.38,68.725,38.407,38.151,9.891,0.0,0.0
287,6.0,4.0,0.0,3.0,6.0,0.0,3630.418,1847.027,70.235,37.659,37.285,9.835,0.0,0.0
288,6.0,4.0,0.0,4.0,7.0,0.0,3614.024,1962.78,-4.556,38.573,38.527,9.962,0.0,0.0
290,8.0,4.0,0.0,0.0,0.0,0.0,4895.505,1721.161,39.173,37.866,37.787,9.851,0.0,0.0
291,8.0,4.0,0.0,1.0,1.0,0.0,5152.567,1728.47,-28.144,38.695,38.444,9.967,0.0,0.0
292,8.0,4.0,0.0,2.0,2.0,0.0,4827.03,1746.6,120.114,38.118,37.816,9.887,0.0,0.0
293,8.0,4.0,0.0,3.0,3.0,0.0,5056.23,1781.564,40.712,38.353,38.122,9.732,0.0,0.0
294,8.0,4.0,0.0,4.0,4.0,0.0,5111.429,1804.572,-14.09,38.397,38.058,9.879,0.0,0.0
296,8.0,4.0,0.0,6.0,6.0,0.0,4944.233,1887.229,74.894,38.202,37.936,9.837,0.0,0.0
297,9.0,4.0,0.0,0.0,0.0,0.0,5684.014,1662.262,112.106,38.703,38.21,9.937,0.0,0.0
299,9.0,4.0,0.0,2.0,4.0,0.0,5561.842,1774.856,84.843,38.139,37.868,9.82,0.0,0.0
300,9.0,4.0,0.0,3.0,5.0,0.0,5704.502,1892.473,127.56,38.474,38.213,9.908,0.0,0.0
301,9.0,4.0,0.0,4.0,6.0,0.0,5623.407,1924.096,100.004,38.608,38.463,9.882,0.0,0.0
302,9.0,4.0,0.0,5.0,7.0,0.0,5275.696,2002.05,-6.56,38.697,38.43,9.965,0.0,0.0
303,0.0,5.0,0.0,0.0,1.0,0.0,318.653,2063.093,70.772,38.58,38.057,9.902,0.0,0.0
304,0.0,5.0,0.0,1.0,2.0,0.0,303.651,2188.347,110.599,38.199,37.942,9.914,0.0,0.0
305,0.0,5.0,0.0,2.0,3.0,0.0,141.797,2212.198,72.15,38.09,37.872,9.891,0.0,0.0
306,0.0,5.0,0.0,3.0,4.0,0.0,83.182,2234.431,90.336,38.264,38.129,9.87,0.0,0.0
307,0.0,5.0,0.0,4.0,5.0,0.0,286.144,2321.954,114.552,38.205,38.161,9.943,0.0,0.0
308,0.0,5.0,0.0,5.0,6.0,0.0,218.438,2407.033,22.014,38.347,38.287,9.901,0.0,0.0
309,0.0,5.0,0.0,6.0,7.0,0.0,555.387,2411.955,9.959,39.008,38.854,9.984,0.0,0.0
310,0.0,5.0,0.0,7.0,8.0,0.0,147.113,2457.628,-2.531,40.324,32.148,9.327,0.0,0.0
311,0.0,5.0,0.0,8.0,9.0,0.0,365.422,2457.771,-4.166,39.701,32.143,9.346,0.0,0.0
312,1.0,5.0,0.0,0.0,0.0,0.0,1093.279,2122.209,128.3,38.033,37.807,9.875,0.0,0.0
313,1.0,5.0,0.0,1.0,2.0,0.0,873.438,2239.22,-24.652,37.799,37.595,9.817,0.0,0.0
314,1.0,5.0,0.0,2.0,3.0,0.0,809.947,2279.046,-14.483,37.957,37.815,9.866,0.0,0.0
315,1.0,5.0,0.0,3.0,4.0,0.0,956.069,2296.959,65.091,38.381,38.07,9.877,0.0,0.0
316,1.0,5.0,0.0,4.0,5.0,0.0,970.125,2384.523,102.863,38.641,38.223,9.931,0.0,0.0
317,1.0,5.0,0.0,5.0,6.0,0.0,676.033,2408.284,7.528,38.322,38.142,9.956,0.0,0.0
318,2.0,5.0,0.0,0.0,0.0,0.0,1391.658,2070.939,63.971,37.425,37.069,9.776,0.0,0.0
319,2.0,5.0,0.0,1.0,1.0,0.0,1303.752,2092.87,47.068,37.49,36.774,9.668,0.0,0.0
320,2.0,5.0,0.0,2.0,2.0,0.0,1181.689,2168.111,37.447,38.431,38.11,9.966,0.0,0.0
321,2.0,5.0,0.0,3.0,3.0,0.0,1202.253,2262.229,57.965,38.322,38.042,9.866,0.0,0.0
322,2.0,5.0,0.0,4.0,4.0,0.0,1588.115,2269.642,14.935,38.297,38.186,9.959,0.0,0.0
323,2.0,5.0,0.0,5.0,6.0,0.0,1313.862,2316.037,33.513,38.214,37.714,9.886,0.0,0.0
324,2.0,5.0,0.0,6.0,7.0,0.0,1366.118,2325.704,14.659,38.32,38.151,9.805,0.0,0.0
325,2.0,5.0,0.0,7.0,8.0,0.0,1337.259,2407.618,133.55,38.33,38.268,9.821,0.0,0.0
326,2.0,5.0,0.0,8.0,9.0,0.0,1365.52,2452.692,95.807,38.375,38.244,9.824,0.0,0.0
327,2.0,5.0,0.0,9.0,10.0,0.0,1690.061,2460.102,-4.329,41.911,27.854,8.967,0.0,0.0
328,3.0,5.0,0.0,0.0,0.0,0.0,2315.312,2075.503,91.656,41.13,28.497,9.038,0.0,0.0
329,3.0,5.0,0.0,1.0,1.0,0.0,1851.891,2124.44,84.496,37.812,37.455,9.8,0.0,0.0
330,3.0,5.0,0.0,2.0,2.0,0.0,2288.45,2128.423,51.805,38.374,37.963,9.863,0.0,0.0
331,3.0,5.0,0.0,3.0,3.0,0.0,1787.504,2219.56,31.609,37.864,37.713,9.841,0.0,0.0
332,3.0,5.0,0.0,4.0,4.0,0.0,2314.93,2256.746,91.72,41.1,29.372,9.15,0.0,0.0
333,3.0,5.0,0.0,5.0,5.0,0.0,2209.934,2277.603,83.047,38.464,38.304,9.918,0.0,0.0
334,3.0,5.0,0.0,6.0,7.0,0.0,2231.624,2336.8,110.937,38.535,38.497,9.877,0.0,0.0
335,3.0,5.0,0.0,7.0,8.0,0.0,2288.11,2350.712,-5.154,38.826,38.715,9.942,0.0,0.0
336,4.0,5.0,0.0,0.0,4.0,0.0,2890.791,2237.532,92.164,40.452,29.769,9.077,0.0,0.0
337,4.0,5.0,0.0,1.0,5.0,0.0,2472.226,2247.247,57.73,37.628,37.618,9.798,0.0,0.0
338,4.0,5.0,0.0,2.0,7.0,0.0,2558.461,2341.269,72.181,37.923,37.569,9.829,0.0,0.0
339,4.0,5.0,0.0,3.0,9.0,0.0,2888.812,2400.754,90.624,34.74,32.953,9.098,0.0,0.0
340,4.0,5.0,0.0,4.0,10.0,0.0,2408.652,2425.231,124.743,38.167,37.91,9.83,0.0,0.0
341,5.0,5.0,0.0,0.0,0.0,0.0,3372.869,2063.102,76.047,38.405,38.097,9.884,0.0,0.0
342,5.0,5.0,0.0,1.0,1.0,0.0,3277.388,2085.393,26.048,38.483,38.353,9.928,0.0,0.0
343,5.0,5.0,0.0,2.0,2.0,0.0,3425.494,2127.452,76.871,38.625,38.477,9.962,0.0,0.0
344,5.0,5.0,0.0,3.0,4.0,0.0,3291.796,2243.087,30.761,38.94,37.647,9.897,0.0,0.0
345,5.0,5.0,0.0,4.0,5.0,0.0,2990.18,2266.513,42.592,37.869,37.661,9.834,0.0,0.0
346,6.0,5.0,0.0,0.0,2.0,0.0,3816.84,2147.732,61.328,38.231,37.856,9.831,0.0,0.0
349,6.0,5.0,0.0,3.0,6.0,0.0,3870.066,2204.215,107.704,38.025,37.873,9.806,0.0,0.0
350,6.0,5.0,0.0,4.0,7.0,0.0,3566.34,2244.493,64.329,38.102,37.74,9.875,0.0,0.0
352,6.0,5.0,0.0,6.0,13.0,0.0,3589.927,2347.67,101.991,38.165,37.697,9.802,0.0,0.0
353,6.0,5.0,0.0,7.0,15.0,0.0,4032.267,2380.843,54.804,38.726,38.536,9.906,0.0,0.0
356,7.0,5.0,0.0,0.0,1.0,0.0,4347.099,2061.613,11.891,37.524,37.23,9.734,0.0,0.0
357,7.0,5.0,0.0,1.0,2.0,0.0,4155.06,2070.418,109.91,37.469,37.271,9.732,0.0,0.0
358,7.0,5.0,0.0,2.0,3.0,0.0,4230.296,2099.301,95.432,38.806,32.548,9.349,0.0,0.0
360,7.0,5.0,0.0,4.0,8.0,0.0,4230.859,2207.828,54.876,38.161,37.628,9.868,0.0,0.0
361,7.0,5.0,0.0,5.0,10.0,0.0,4264.69,2276.567,109.883,38.577,38.271,9.854,0.0,0.0
362,7.0,5.0,0.0,6.0,13.0,0.0,4600.129,2375.793,84.007,38.15,37.771,9.809,0.0,0.0
363,7.0,5.0,0.0,7.0,15.0,0.0,4405.137,2431.576,21.959,38.651,37.93,9.819,0.0,0.0
364,8.0,5.0,0.0,0.0,0.0,0.0,5017.843,2127.315,67.642,37.994,37.714,9.858,0.0,0.0
365,8.0,5.0,0.0,1.0,1.0,0.0,4854.809,2154.179,75.736,37.773,37.392,9.712,0.0,0.0
366,8.0,5.0,0.0,2.0,2.0,0.0,4880.475,2207.249,93.887,38.14,37.196,9.808,0.0,0.0
367,8.0,5.0,0.0,3.0,5.0,0.0,4817.776,2301.757,-29.809,38.296,37.582,9.73,0.0,0.0
368,8.0,5.0,0.0,4.0,6.0,0.0,4648.357,2303.101,55.243,38.152,37.938,9.908,0.0,0.0
369,8.0,5.0,0.0,5.0,8.0,0.0,4706.203,2356.844,47.409,38.61,38.117,9.914,0.0,0.0
370,9.0,5.0,0.0,0.0,0.0,0.0,5375.022,2066.328,76.528,38.127,37.607,9.785,0.0,0.0
371,9.0,5.0,0.0,1.0,1.0,0.0,5562.931,2071.793,109.719,38.355,37.738,9.988,0.0,0.0
372,9.0,5.0,0.0,2.0,2.0,0.0,5690.96,2083.5,98.128,38.251,37.974,9.925,0.0,0.0
373,9.0,5.0,0.0,3.0,4.0,0.0,5391.326,2170.975,91.748,37.967,37.646,9.923,0.0,0.0
374,9.0,5.0,0.0,4.0,5.0,0.0,5657.877,2220.767,97.83,38.222,38.041,9.93,0.0,0.0
375,9.0,5.0,0.0,5.0,7.0,0.0,5221.594,2229.227,47.908,38.606,38.448,9.955,0.0,0.0
376,9.0,5.0,0.0,6.0,8.0,0.0,5466.789,2322.822,47.297,38.508,38.308,9.925,0.0,0.0
377,9.0,5.0,0.0,7.0,9.0,0.0,5515.166,2355.193,63.111,38.683,38.314,9.872,0.0,0.0
378,9.0,5.0,0.0,8.0,10.0,0.0,5618.799,2370.702,109.764,38.779,38.554,9.992,0.0,0.0
379,9.0,5.0,0.0,9.0,11.0,0.0,5730.609,2421.619,10.778,39.003,38.824,9.979,0.0,0.0
380,9.0,5.0,0.0,10.0,12.0,0.0,5538.953,2437.428,-4.551,38.843,38.517,9.919,0.0,0.0
382,0.0,6.0,0.0,0.0,2.0,0.0,67.48,2597.486,92.225,37.677,37.517,9.791,0.0,0.0
383,0.0,6.0,0.0,1.0,4.0,0.0,564.098,2643.012,115.536,39.0,38.804,9.976,0.0,0.0
384,0.0,6.0,0.0,2.0,5.0,0.0,326.039,2653.234,65.676,38.324,38.265,9.896,0.0,0.0
385,0.0,6.0,0.0,3.0,6.0,0.0,543.665,2769.359,-13.225,39.012,38.892,9.989,0.0,0.0
386,0.0,6.0,0.0,4.0,7.0,0.0,102.546,2789.156,-7.366,38.482,38.283,9.918,0.0,0.0
387,1.0,6.0,0.0,0.0,1.0,0.0,925.59,2549.889,61.872,38.064,37.616,9.854,0.0,0.0
388,1.0,6.0,0.0,1.0,2.0,0.0,824.3,2555.994,87.443,37.777,37.571,9.811,0.0,0.0
389,1.0,6.0,0.0,2.0,3.0,0.0,996.91,2605.612,-11.74,38.522,38.317,9.928,0.0,0.0
390,1.0,6.0,0.0,3.0,4.0,0.0,612.102,2611.77,34.675,38.383,38.118,9.884,0.0,0.0
394,1.0,6.0,0.0,7.0,10.0,0.0,681.089,2838.042,49.844,38.781,38.716,9.937,0.0,0.0
395,2.0,6.0,0.0,0.0,2.0,0.0,1439.013,2493.14,92.395,37.736,37.383,9.781,0.0,0.0
396,2.0,6.0,0.0,1.0,3.0,0.0,1535.154,2532.484,64.346,38.405,37.682,9.983,0.0,0.0
397,2.0,6.0,0.0,2.0,4.0,0.0,1246.318,2606.507,62.403,37.905,37.567,9.827,0.0,0.0
398,2.0,6.0,0.0,3.0,6.0,0.0,1655.639,2647.958,120.668,38.44,38.139,9.894,0.0,0.0
399,2.0,6.0,0.0,4.0,7.0,0.0,1189.596,2705.573,43.677,37.809,37.612,9.82,0.0,0.0
400,2.0,6.0,0.0,5.0,8.0,0.0,1215.767,2729.248,-8.313,5.78,5.677,4.213,0.0,0.0
401,3.0,6.0,0.0,0.0,0.0,0.0,1860.304,2520.504,80.431,38.13,38.046,9.842,0.0,0.0
402,3.0,6.0,0.0,1.0,1.0,0.0,2152.088,2524.219,106.79,37.903,37.613,9.833,0.0,0.0
403,3.0,6.0,0.0,2.0,2.0,0.0,2043.746,2557.164,99.781,37.831,37.363,9.791,0.0,0.0
405,3.0,6.0,0.0,4.0,5.0,0.0,2242.586,2615.332,134.882,38.596,38.255,9.929,0.0,0.0
406,3.0,6.0,0.0,5.0,7.0,0.0,2316.445,2689.02,92.232,42.606,26.129,8.87,0.0,0.0
407,3.0,6.0,0.0,6.0,8.0,0.0,2111.691,2703.577,103.776,37.904,37.421,9.885,0.0,0.0
409,3.0,6.0,0.0,8.0,11.0,0.0,1934.335,2790.464,70.281,37.809,37.7,9.832,0.0,0.0
410,3.0,6.0,0.0,9.0,13.0,0.0,2114.322,2829.459,96.619,39.009,38.836,9.981,0.0,0.0
411,3.0,6.0,0.0,10.0,14.0,0.0,1991.833,2836.039,122.098,38.701,38.518,9.977,0.0,0.0
415,4.0,6.0,0.0,3.0,2.0,0.0,2632.359,2589.704,107.28,38.13,37.855,9.894,0.0,0.0
416,4.0,6.0,0.0,4.0,6.0,0.0,2515.876,2693.088,22.318,37.85,37.802,9.851,0.0,0.0
418,4.0,6.0,0.0,6.0,8.0,0.0,2455.631,2717.553,21.144,37.938,37.692,9.848,0.0,0.0
422,5.0,6.0,0.0,0.0,1.0,0.0,2975.961,2575.285,71.72,37.908,37.47,9.815,0.0,0.0
423,5.0,6.0,0.0,1.0,2.0,0.0,3415.207,2585.037,-28.995,38.346,38.018,9.867,0.0,0.0
424,5.0,6.0,0.0,2.0,3.0,0.0,3246.929,2588.149,63.347,37.935,37.762,9.856,0.0,0.0
425,5.0,6.0,0.0,3.0,4.0,0.0,3359.074,2596.476,-5.313,37.982,37.685,9.853,0.0,0.0
426,5.0,6.0,0.0,4.0,5.0,0.0,2943.14,2615.429,-13.682,37.999,37.81,9.871,0.0,0.0
428,5.0,6.0,0.0,6.0,8.0,0.0,3129.762,2766.857,68.681,37.412,37.073,9.775,0.0,0.0
429,5.0,6.0,0.0,7.0,9.0,0.0,3335.923,2773.523,122.185,38.253,38.131,9.869,0.0,0.0
430,5.0,6.0,0.0,8.0,11.0,0.0,2909.865,2854.421,24.062,37.824,37.452,9.802,0.0,0.0
432,6.0,6.0,0.0,1.0,2.0,0.0,3806.603,2818.849,77.08,38.245,38.147,9.87,0.0,0.0
433,7.0,6.0,0.0,0.0,0.0,0.0,4466.358,2539.32,88.914,38.62,37.909,9.737,0.0,0.0
434,7.0,6.0,0.0,1.0,3.0,0.0,4510.64,2586.419,88.614,38.139,37.754,9.882,0.0,0.0
440,7.0,6.0,0.0,7.0,10.0,0.0,4249.571,2720.973,23.207,38.007,37.665,9.854,0.0,0.0
442,8.0,6.0,0.0,0.0,2.0,0.0,4879.231,2500.379,105.87,37.462,36.958,9.69,0.0,0.0
443,8.0,6.0,0.0,1.0,3.0,0.0,4972.95,2543.277,55.496,38.139,37.647,9.868,0.0,0.0
444,8.0,6.0,0.0,2.0,4.0,0.0,4735.111,2545.322,37.815,37.578,37.434,9.767,0.0,0.0
445,8.0,6.0,0.0,3.0,5.0,0.0,4638.803,2549.522,121.534,37.872,37.508,9.815,0.0,0.0
446,8.0,6.0,0.0,4.0,10.0,0.0,4874.048,2783.956,34.255,38.011,37.843,9.801,0.0,0.0
447,8.0,6.0,0.0,5.0,11.0,0.0,4692.004,2787.563,57.773,37.641,36.976,9.715,0.0,0.0
453,9.0,6.0,0.0,0.0,2.0,0.0,5452.601,2487.483,8.517,37.85,36.947,9.816,0.0,0.0
454,9.0,6.0,0.0,1.0,3.0,0.0,5647.875,2493.073,86.762,38.612,38.044,9.904,0.0,0.0
455,9.0,6.0,0.0,2.0,4.0,0.0,5263.085,2494.183,133.067,37.916,37.212,9.706,0.0,0.0
456,9.0,6.0,0.0,3.0,5.0,0.0,5484.594,2548.958,10.44,37.728,37.437,9.787,0.0,0.0
457,9.0,6.0,0.0,4.0,6.0,0.0,5256.889,2601.889,66.368,37.945,37.256,9.792,0.0,0.0
458,9.0,6.0,0.0,5.0,7.0,0.0,5583.648,2621.459,101.468,38.027,37.72,9.863,0.0,0.0
461,9.0,6.0,0.0,8.0,9.0,0.0,5616.461,2674.088,76.901,38.717,38.063,9.92,0.0,0.0
462,9.0,6.0,0.0,9.0,10.0,0.0,5369.104,2705.8,69.857,37.247,37.152,9.764,0.0,0.0
464,9.0,6.0,0.0,11.0,12.0,0.0,5410.342,2805.993,131.093,38.385,38.211,9.897,0.0,0.0
466,0.0,7.0,0.0,0.0,0.0,0.0,257.798,2895.876,77.472,37.884,37.503,9.893,0.0,0.0
467,0.0,7.0,0.0,1.0,1.0,0.0,564.82,2917.393,134.369,38.516,38.212,9.913,0.0,0.0
468,0.0,7.0,0.0,2.0,2.0,0.0,309.895,2979.833,93.547,37.426,37.314,9.732,0.0,0.0
469,0.0,7.0,0.0,3.0,3.0,0.0,106.021,2980.439,31.634,38.198,37.65,9.876,0.0,0.0
470,0.0,7.0,0.0,4.0,4.0,0.0,332.91,3019.598,47.31,38.086,37.816,9.807,0.0,0.0
471,0.0,7.0,0.0,5.0,5.0,0.0,249.697,3020.145,121.077,37.813,37.559,9.814,0.0,0.0
472,0.0,7.0,0.0,6.0,6.0,0.0,465.998,3064.838,104.073,38.487,38.117,9.897,0.0,0.0
473,0.0,7.0,0.0,7.0,7.0,0.0,191.678,3073.119,69.946,37.646,37.59,9.796,0.0,0.0
474,0.0,7.0,0.0,8.0,8.0,0.0,40.265,3092.678,47.419,37.678,37.332,9.844,0.0,0.0
475,0.0,7.0,0.0,9.0,9.0,0.0,399.781,3209.387,83.674,38.886,38.508,9.999,0.0,0.0
476,1.0,7.0,0.0,0.0,1.0,0.0,883.318,2927.054,82.907,38.26,37.742,9.819,0.0,0.0
477,1.0,7.0,0.0,1.0,2.0,0.0,618.5,2932.662,52.204,38.164,37.771,9.887,0.0,0.0
478,1.0,7.0,0.0,2.0,3.0,0.0,1119.245,3006.923,133.209,38.012,37.776,9.792,0.0,0.0
479,1.0,7.0,0.0,3.0,4.0,0.0,643.268,3009.043,80.264,38.104,37.585,9.855,0.0,0.0
480,1.0,7.0,0.0,4.0,5.0,0.0,1147.218,3104.706,19.287,38.576,38.158,9.915,0.0,0.0
481,1.0,7.0,0.0,5.0,6.0,0.0,775.4,3161.998,37.187,37.722,37.573,9.804,0.0,0.0
482,1.0,7.0,0.0,6.0,7.0,0.0,693.812,3215.817,-1.307,38.467,38.383,9.929,0.0,0.0
483,1.0,7.0,0.0,7.0,8.0,0.0,770.063,3264.207,-24.391,38.841,38.784,9.953,0.0,0.0
484,2.0,7.0,0.0,0.0,0.0,0.0,1428.658,2875.763,93.822,38.138,37.721,9.877,0.0,0.0
485,2.0,7.0,0.0,1.0,1.0,0.0,1541.872,2898.875,100.465,37.849,37.749,9.844,0.0,0.0
486,2.0,7.0,0.0,2.0,2.0,0.0,1466.068,2968.622,89.005,38.473,38.157,9.901,0.0,0.0
487,2.0,7.0,0.0,3.0,3.0,0.0,1685.606,3006.411,41.05,38.269,38.115,9.946,0.0,0.0
488,2.0,7.0,0.0,4.0,4.0,0.0,1579.43,3082.801,29.153,38.425,38.223,9.903,0.0,0.0
489,2.0,7.0,0.0,5.0,5.0,0.0,1699.175,3094.754,71.743,39.021,38.608,9.953,0.0,0.0
490,2.0,7.0,0.0,6.0,7.0,0.0,1378.081,3111.165,65.324,37.997,37.718,9.858,0.0,0.0
491,2.0,7.0,0.0,7.0,8.0,0.0,1321.786,3201.449,64.602,38.064,37.62,9.855,0.0,0.0
492,3.0,7.0,0.0,0.0,0.0,0.0,2077.073,2906.489,41.299,37.676,37.534,9.793,0.0,0.0
493,3.0,7.0,0.0,1.0,2.0,0.0,2098.113,2979.582,84.596,37.639,37.408,9.849,0.0,0.0
494,3.0,7.0,0.0,2.0,3.0,0.0,2137.756,3000.321,101.454,37.964,37.411,9.891,0.0,0.0
495,3.0,7.0,0.0,3.0,4.0,0.0,2189.938,3060.327,109.721,38.347,37.833,9.919,0.0,0.0
496,3.0,7.0,0.0,4.0,5.0,0.0,2105.514,3086.147,95.519,37.864,37.736,9.844,0.0,0.0
497,3.0,7.0,0.0,5.0,7.0,0.0,1944.357,3184.726,-5.733,37.895,37.8,9.856,0.0,0.0
498,3.0,7.0,0.0,6.0,8.0,0.0,1779.732,3188.442,83.175,38.631,38.033,9.682,0.0,0.0
499,3.0,7.0,0.0,7.0,9.0,0.0,2038.194,3215.007,4.131,38.719,38.258,9.946,0.0,0.0
500,4.0,7.0,0.0,0.0,1.0,0.0,2576.243,2899.177,101.078,37.316,37.023,9.756,0.0,0.0
501,4.0,7.0,0.0,1.0,3.0,0.0,2517.951,2936.874,87.768,37.811,36.756,9.558,0.0,0.0
502,4.0,7.0,0.0,2.0,5.0,0.0,2807.0,2967.334,130.409,37.778,37.732,9.832,0.0,0.0
503,4.0,7.0,0.0,3.0,6.0,0.0,2540.279,3175.817,91.889,38.022,37.645,9.852,0.0,0.0
504,4.0,7.0,0.0,4.0,7.0,0.0,2381.391,3216.78,40.642,39.044,38.455,9.938,0.0,0.0
505,4.0,7.0,0.0,5.0,9.0,0.0,2386.039,3256.68,88.748,38.916,38.535,9.931,0.0,0.0
506,5.0,7.0,0.0,0.0,1.0,0.0,3412.221,2921.798,-16.724,38.17,38.042,9.924,0.0,0.0
507,5.0,7.0,0.0,1.0,3.0,0.0,3167.504,2957.336,63.423,37.767,37.496,9.8,0.0,0.0
508,5.0,7.0,0.0,2.0,4.0,0.0,3246.168,2974.566,77.164,37.723,37.421,9.862,0.0,0.0
509,5.0,7.0,0.0,3.0,5.0,0.0,3120.77,3053.199,64.746,38.684,38.535,9.977,0.0,0.0
510,5.0,7.0,0.0,4.0,6.0,0.0,3385.767,3078.609,-35.682,38.624,38.457,9.959,0.0,0.0
511,5.0,7.0,0.0,5.0,8.0,0.0,3240.589,3089.364,96.997,38.213,37.985,9.845,0.0,0.0
512,5.0,7.0,0.0,6.0,9.0,0.0,3209.519,3150.464,59.156,37.96,37.646,9.845,0.0,0.0
513,5.0,7.0,0.0,7.0,11.0,0.0,3110.065,3199.048,77.721,38.697,38.331,9.952,0.0,0.0
514,5.0,7.0,0.0,8.0,12.0,0.0,3147.904,3235.108,6.247,38.339,37.765,9.908,0.0,0.0
515,5.0,7.0,0.0,9.0,13.0,0.0,3072.829,3235.988,-31.907,37.786,37.671,9.825,0.0,0.0
516,5.0,7.0,0.0,10.0,14.0,0.0,3369.894,3242.097,129.778,38.584,37.868,9.877,0.0,0.0
517,5.0,7.0,0.0,11.0,15.0,0.0,3264.502,3258.951,92.003,38.736,38.402,9.89,0.0,0.0
522,6.0,7.0,0.0,4.0,3.0,0.0,3987.218,2913.644,91.686,38.549,38.264,9.849,0.0,0.0
523,6.0,7.0,0.0,5.0,4.0,0.0,3878.591,2948.258,43.727,38.282,38.114,9.871,0.0,0.0
524,6.0,7.0,0.0,6.0,5.0,0.0,3957.559,2975.524,-5.927,38.15,37.916,9.828,0.0,0.0
525,6.0,7.0,0.0,7.0,6.0,0.0,3842.457,3055.314,98.268,37.711,37.355,9.774,0.0,0.0
526,6.0,7.0,0.0,8.0,7.0,0.0,3488.158,3078.794,-0.248,38.446,38.012,9.879,0.0,0.0
528,6.0,7.0,0.0,10.0,14.0,0.0,3805.495,3275.587,-3.109,41.015,28.403,9.055,0.0,0.0
531,7.0,7.0,0.0,2.0,2.0,0.0,4531.454,3091.284,69.769,38.73,38.563,9.911,0.0,0.0
534,7.0,7.0,0.0,5.0,5.0,0.0,4096.526,3205.045,59.065,34.816,34.309,9.374,0.0,0.0
540,8.0,7.0,0.0,0.0,0.0,0.0,4824.799,3011.86,88.496,37.314,37.15,9.773,0.0,0.0
541,8.0,7.0,0.0,1.0,1.0,0.0,4783.006,3061.359,123.668,37.786,37.497,9.802,0.0,0.0
542,8.0,7.0,0.0,2.0,5.0,0.0,4759.399,3178.401,67.142,38.15,37.585,9.711,0.0,0.0
543,8.0,7.0,0.0,3.0,7.0,0.0,4813.076,3232.674,5.707,38.464,37.892,9.866,0.0,0.0
545,9.0,7.0,0.0,0.0,1.0,0.0,5583.533,2900.873,83.35,37.715,37.167,9.674,0.0,0.0
546,9.0,7.0,0.0,1.0,2.0,0.0,5771.664,3086.019,92.233,41.913,27.922,8.953,0.0,0.0
547,9.0,7.0,0.0,2.0,3.0,0.0,5208.889,3219.994,57.605,38.865,38.419,9.909,0.0,0.0
548,0.0,8.0,0.0,0.0,0.0,0.0,226.186,3338.66,100.152,37.126,36.915,9.717,0.0,0.0
549,0.0,8.0,0.0,1.0,1.0,0.0,179.968,3376.339,120.044,37.96,37.739,9.857,0.0,0.0
550,0.0,8.0,0.0,2.0,2.0,0.0,125.944,3547.644,9.655,38.292,38.146,9.876,0.0,0.0
551,0.0,8.0,0.0,3.0,3.0,0.0,42.125,3621.22,73.259,38.15,37.945,9.832,0.0,0.0
552,0.0,8.0,0.0,4.0,6.0,0.0,304.072,3675.272,11.177,38.462,38.21,9.831,0.0,0.0
553,1.0,8.0,0.0,0.0,2.0,0.0,1049.677,3495.53,98.962,38.391,38.235,9.9,0.0,0.0
554,1.0,8.0,0.0,1.0,3.0,0.0,916.369,3542.527,-23.301,38.536,38.278,9.925,0.0,0.0
555,1.0,8.0,0.0,2.0,4.0,0.0,1063.786,3571.433,53.195,38.599,38.416,9.95,0.0,0.0
556,1.0,8.0,0.0,3.0,5.0,0.0,1082.678,3647.126,24.451,39.422,39.249,9.938,0.0,0.0
557,1.0,8.0,0.0,4.0,6.0,0.0,833.337,3647.629,125.994,38.353,38.133,9.882,0.0,0.0
558,2.0,8.0,0.0,0.0,0.0,0.0,1286.271,3295.508,126.969,37.965,37.757,9.86,0.0,0.0
559,2.0,8.0,0.0,1.0,1.0,0.0,1392.322,3300.563,95.954,38.058,37.768,9.873,0.0,0.0
560,2.0,8.0,0.0,2.0,2.0,0.0,1693.164,3387.043,132.189,38.937,38.135,9.809,0.0,0.0
561,2.0,8.0,0.0,3.0,3.0,0.0,1594.364,3456.245,74.047,38.238,38.136,9.868,0.0,0.0
562,2.0,8.0,0.0,4.0,4.0,0.0,1339.268,3501.396,-17.838,38.031,37.944,9.893,0.0,0.0
563,2.0,8.0,0.0,5.0,5.0,0.0,1516.853,3562.796,79.016,38.081,37.752,9.873,0.0,0.0
564,2.0,8.0,0.0,6.0,6.0,0.0,1678.874,3616.566,51.584,38.609,38.437,9.955,0.0,0.0
565,2.0,8.0,0.0,7.0,7.0,0.0,1715.192,3677.036,3.425,39.542,38.906,9.984,0.0,0.0
566,3.0,8.0,0.0,0.0,0.0,0.0,2314.208,3307.015,90.69,41.256,30.911,9.257,0.0,0.0
567,3.0,8.0,0.0,1.0,2.0,0.0,1934.038,3414.747,117.932,37.69,37.484,9.789,0.0,0.0
568,3.0,8.0,0.0,2.0,5.0,0.0,1777.256,3525.942,24.214,38.392,38.164,9.891,0.0,0.0
569,3.0,8.0,0.0,3.0,6.0,0.0,2051.24,3621.5,22.765,38.484,38.375,9.93,0.0,0.0
570,4.0,8.0,0.0,0.0,2.0,0.0,2577.693,3289.295,87.193,38.179,37.653,9.874,0.0,0.0
571,4.0,8.0,0.0,1.0,4.0,0.0,2595.33,3345.726,86.38,37.846,37.528,9.814,0.0,0.0
572,4.0,8.0,0.0,2.0,5.0,0.0,2329.718,3408.365,46.04,38.461,37.998,9.878,0.0,0.0
573,4.0,8.0,0.0,3.0,6.0,0.0,2457.35,3462.909,4.974,38.449,38.273,9.913,0.0,0.0
574,4.0,8.0,0.0,4.0,7.0,0.0,2521.97,3477.291,100.215,38.238,37.753,9.818,0.0,0.0
575,4.0,8.0,0.0,5.0,8.0,0.0,2338.48,3488.636,-0.957,38.041,37.677,9.708,0.0,0.0
577,5.0,8.0,0.0,0.0,2.0,0.0,2936.354,3308.94,12.03,37.631,37.384,9.845,0.0,0.0
578,5.0,8.0,0.0,1.0,3.0,0.0,3424.885,3314.469,-11.23,7.477,5.883,4.037,0.0,0.0
579,5.0,8.0,0.0,2.0,4.0,0.0,3095.934,3357.983,-29.859,37.483,37.377,9.747,0.0,0.0
580,5.0,8.0,0.0,3.0,6.0,0.0,3353.258,3386.452,99.225,38.713,38.578,9.91,0.0,0.0
581,5.0,8.0,0.0,4.0,7.0,0.0,3113.656,3511.804,37.755,38.08,37.616,9.779,0.0,0.0
582,5.0,8.0,0.0,5.0,8.0,0.0,3065.338,3552.268,48.773,37.629,37.317,9.61,0.0,0.0
583,5.0,8.0,0.0,6.0,9.0,0.0,3265.937,3580.02,-28.576,38.58,38.394,9.87,0.0,0.0
584,6.0,8.0,0.0,0.0,2.0,0.0,3475.232,3362.996,42.341,37.84,37.151,9.841,0.0,0.0
585,6.0,8.0,0.0,1.0,3.0,0.0,3779.252,3400.878,77.362,38.505,38.187,9.909,0.0,0.0
586,6.0,8.0,0.0,2.0,4.0,0.0,3835.026,3411.081,107.159,38.669,38.213,9.933,0.0,0.0
587,6.0,8.0,0.0,3.0,5.0,0.0,3540.621,3484.656,91.672,37.25,36.372,9.51,0.0,0.0
588,6.0,8.0,0.0,4.0,6.0,0.0,3651.686,3582.27,-38.853,37.934,37.373,9.804,0.0,0.0
591,7.0,8.0,0.0,0.0,2.0,0.0,4492.625,3505.215,83.83,38.153,37.101,9.798,0.0,0.0
592,7.0,8.0,0.0,1.0,3.0,0.0,4364.92,3533.053,-21.215,37.889,37.716,9.844,0.0,0.0
593,7.0,8.0,0.0,2.0,4.0,0.0,4597.52,3538.387,117.883,37.972,37.59,9.838,0.0,0.0
596,8.0,8.0,0.0,2.0,6.0,0.0,4699.453,3370.583,63.354,37.915,37.554,9.827,0.0,0.0
597,8.0,8.0,0.0,3.0,8.0,0.0,5184.578,3466.164,-10.664,38.326,38.141,9.957,0.0,0.0
598,8.0,8.0,0.0,4.0,9.0,0.0,4981.783,3489.553,114.448,37.885,37.695,9.841,0.0,0.0
600,8.0,8.0,0.0,6.0,11.0,0.0,4712.534,3529.448,-8.218,37.825,37.602,9.821,0.0,0.0
602,8.0,8.0,0.0,8.0,17.0,0.0,4720.274,3683.962,-1.405,42.087,27.178,8.959,0.0,0.0
608,0.0,9.0,0.0,2.0,7.0,0.0,281.721,3893.109,-40.968,37.992,37.863,9.877,0.0,0.0
609,0.0,9.0,0.0,3.0,8.0,0.0,233.98,3908.436,27.6,38.03,37.962,9.895,0.0,0.0
610,0.0,9.0,0.0,4.0,9.0,0.0,500.484,3960.652,92.014,38.63,38.47,9.961,0.0,0.0
611,0.0,9.0,0.0,5.0,10.0,0.0,132.583,4014.093,41.083,38.166,38.017,9.843,0.0,0.0
612,0.0,9.0,0.0,6.0,12.0,0.0,209.123,4088.931,-3.129,40.169,33.629,9.443,0.0,0.0
613,1.0,9.0,0.0,0.0,0.0,0.0,772.403,3751.898,66.658,37.856,37.375,9.719,0.0,0.0
614,1.0,9.0,0.0,1.0,1.0,0.0,610.556,3760.602,55.006,38.457,38.099,9.891,0.0,0.0
615,1.0,9.0,0.0,2.0,2.0,0.0,858.527,3875.521,9.811,38.075,37.903,9.893,0.0,0.0
616,1.0,9.0,0.0,3.0,3.0,0.0,994.625,3934.805,75.263,38.316,37.951,9.779,0.0,0.0
617,1.0,9.0,0.0,4.0,5.0,0.0,891.276,4075.694,66.052,38.423,38.337,9.918,0.0,0.0
618,2.0,9.0,0.0,0.0,2.0,0.0,1345.508,3733.812,75.938,37.713,37.429,9.784,0.0,0.0
619,2.0,9.0,0.0,1.0,3.0,0.0,1719.214,3739.465,65.217,38.439,38.104,9.815,0.0,0.0
620,2.0,9.0,0.0,2.0,5.0,0.0,1199.552,3800.672,54.86,38.05,37.851,9.807,0.0,0.0
621,2.0,9.0,0.0,3.0,6.0,0.0,1661.3,3854.782,59.486,38.866,38.534,9.924,0.0,0.0
622,2.0,9.0,0.0,4.0,7.0,0.0,1661.474,3936.867,57.989,38.509,38.222,9.914,0.0,0.0
623,2.0,9.0,0.0,5.0,9.0,0.0,1485.756,4025.739,-25.08,38.354,38.204,9.891,0.0,0.0
625,2.0,9.0,0.0,7.0,11.0,0.0,1539.497,4090.82,-4.59,41.341,30.437,9.223,0.0,0.0
626,3.0,9.0,0.0,0.0,4.0,0.0,1824.396,4074.086,-4.0,38.718,38.606,9.915,0.0,0.0
627,4.0,9.0,0.0,0.0,0.0,0.0,2700.262,3750.668,54.6,37.896,37.425,9.808,0.0,0.0
629,4.0,9.0,0.0,2.0,2.0,0.0,2635.051,3891.046,74.12,38.044,37.852,9.806,0.0,0.0
630,4.0,9.0,0.0,3.0,3.0,0.0,2527.621,3942.389,117.668,38.531,38.334,9.931,0.0,0.0
631,4.0,9.0,0.0,4.0,4.0,0.0,2383.299,3959.859,133.38,38.136,37.807,9.888,0.0,0.0
632,4.0,9.0,0.0,5.0,5.0,0.0,2576.132,4046.982,-30.49,38.25,38.215,9.956,0.0,0.0
633,5.0,9.0,0.0,0.0,2.0,0.0,3186.601,3821.514,84.464,38.22,37.646,9.878,0.0,0.0
634,5.0,9.0,0.0,1.0,4.0,0.0,3137.902,3837.554,82.925,37.672,37.553,9.872,0.0,0.0
636,5.0,9.0,0.0,3.0,7.0,0.0,3431.722,4041.113,134.433,39.343,38.699,9.86,0.0,0.0
637,5.0,9.0,0.0,4.0,8.0,0.0,3077.043,4043.64,-20.47,38.007,37.777,9.868,0.0,0.0
638,6.0,9.0,0.0,0.0,0.0,0.0,3491.688,3716.434,67.334,38.059,37.602,9.776,0.0,0.0
639,6.0,9.0,0.0,1.0,1.0,0.0,3760.774,3782.201,-23.598,37.615,37.525,9.784,0.0,0.0
640,6.0,9.0,0.0,2.0,2.0,0.0,3709.862,3786.526,107.611,39.613,37.058,9.676,0.0,0.0
641,6.0,9.0,0.0,3.0,3.0,0.0,3582.633,3842.32,103.831,37.888,37.36,9.798,0.0,0.0
642,6.0,9.0,0.0,4.0,4.0,0.0,3589.478,3880.75,42.91,37.589,37.017,9.791,0.0,0.0
643,6.0,9.0,0.0,5.0,6.0,0.0,3659.123,4021.999,22.485,37.977,37.847,9.797,0.0,0.0
650,7.0,9.0,0.0,4.0,6.0,0.0,4420.344,4010.013,37.934,38.415,38.2,9.899,0.0,0.0
651,7.0,9.0,0.0,5.0,8.0,0.0,4458.605,4020.706,-5.026,37.809,37.44,9.798,0.0,0.0
652,7.0,9.0,0.0,6.0,9.0,0.0,4308.827,4029.956,20.256,37.705,37.518,9.795,0.0,0.0
653,8.0,9.0,0.0,0.0,3.0,0.0,5110.134,3735.804,48.379,38.089,37.689,9.791,0.0,0.0
654,8.0,9.0,0.0,1.0,4.0,0.0,4969.692,3881.421,111.365,38.059,37.686,9.787,0.0,0.0
655,8.0,9.0,0.0,2.0,6.0,0.0,4783.046,3900.066,30.96,37.949,37.7,9.7,0.0,0.0
656,8.0,9.0,0.0,3.0,7.0,0.0,4852.074,3946.626,105.067,37.873,37.338,9.869,0.0,0.0
657,8.0,9.0,0.0,4.0,10.0,0.0,4689.803,3979.432,-38.297,37.991,37.952,9.888,0.0,0.0
659,9.0,9.0,0.0,1.0,4.0,0.0,5610.461,3721.348,35.881,38.056,37.608,9.852,0.0,0.0
661,9.0,9.0,0.0,3.0,6.0,0.0,5496.091,3919.765,51.669,37.811,37.647,9.825,0.0,0.0
663,0.0,10.0,0.0,0.0,2.0,0.0,503.975,4108.302,112.415,37.799,37.677,9.828,0.0,0.0
664,0.0,10.0,0.0,1.0,4.0,0.0,77.339,4159.611,31.215,37.835,37.662,9.83,0.0,0.0
665,0.0,10.0,0.0,2.0,5.0,0.0,248.823,4253.475,5.848,38.276,38.151,9.875,0.0,0.0
666,1.0,10.0,0.0,0.0,2.0,0.0,1001.965,4101.448,85.535,38.504,38.276,9.92,0.0,0.0
667,1.0,10.0,0.0,1.0,4.0,0.0,624.675,4189.72,54.112,38.385,38.053,9.952,0.0,0.0
668,1.0,10.0,0.0,2.0,5.0,0.0,696.521,4287.307,50.416,38.229,37.752,9.893,0.0,0.0
669,1.0,10.0,0.0,3.0,6.0,0.0,1073.689,4313.758,114.218,38.505,38.355,9.93,0.0,0.0
670,1.0,10.0,0.0,4.0,8.0,0.0,1083.245,4359.132,107.589,38.52,38.466,9.871,0.0,0.0
671,1.0,10.0,0.0,5.0,9.0,0.0,813.229,4474.709,124.872,38.56,38.36,9.938,0.0,0.0
672,1.0,10.0,0.0,6.0,10.0,0.0,863.881,4497.689,-3.531,40.233,32.282,9.343,0.0,0.0
673,2.0,10.0,0.0,0.0,2.0,0.0,1192.117,4124.718,34.208,37.963,37.649,9.769,0.0,0.0
674,2.0,10.0,0.0,1.0,3.0,0.0,1586.787,4141.262,75.489,38.257,38.081,9.94,0.0,0.0
675,2.0,10.0,0.0,2.0,4.0,0.0,1722.881,4144.585,-42.961,38.342,37.985,9.862,0.0,0.0
677,2.0,10.0,0.0,4.0,7.0,0.0,1610.929,4267.725,63.706,38.091,38.018,9.834,0.0,0.0
678,2.0,10.0,0.0,5.0,8.0,0.0,1369.405,4289.413,31.915,37.506,37.0,9.778,0.0,0.0
679,2.0,10.0,0.0,6.0,9.0,0.0,1710.606,4321.485,121.002,39.052,38.661,9.964,0.0,0.0
680,2.0,10.0,0.0,7.0,12.0,0.0,1739.661,4458.754,93.762,42.055,28.175,9.043,0.0,0.0
682,3.0,10.0,0.0,1.0,3.0,0.0,1764.859,4166.805,37.772,38.113,37.712,9.873,0.0,0.0
683,3.0,10.0,0.0,2.0,4.0,0.0,1869.089,4171.903,96.654,37.874,37.58,9.825,0.0,0.0
684,3.0,10.0,0.0,3.0,5.0,0.0,2036.272,4234.64,46.215,38.101,37.678,9.715,0.0,0.0
685,3.0,10.0,0.0,4.0,6.0,0.0,1908.54,4245.708,59.826,37.949,37.506,9.824,0.0,0.0
686,3.0,10.0,0.0,5.0,7.0,0.0,1767.212,4319.178,-4.189,38.094,37.865,9.891,0.0,0.0
687,3.0,10.0,0.0,6.0,8.0,0.0,2044.423,4332.692,91.235,37.915,37.758,9.853,0.0,0.0
688,3.0,10.0,0.0,7.0,9.0,0.0,1848.347,4355.471,-35.174,38.261,37.873,9.761,0.0,0.0
690,3.0,10.0,0.0,9.0,11.0,0.0,2311.322,4419.963,90.365,39.498,36.086,9.684,0.0,0.0
691,3.0,10.0,0.0,10.0,12.0,0.0,2184.878,4449.165,96.214,39.005,38.653,9.957,0.0,0.0
692,3.0,10.0,0.0,11.0,14.0,0.0,2093.729,4471.276,8.115,37.942,37.634,9.841,0.0,0.0
693,4.0,10.0,0.0,0.0,0.0,0.0,2688.974,4129.337,71.741,38.024,37.029,9.695,0.0,0.0
694,4.0,10.0,0.0,1.0,1.0,0.0,2856.055,4199.494,-43.588,38.537,38.227,9.995,0.0,0.0
695,4.0,10.0,0.0,2.0,2.0,0.0,2795.386,4354.656,-8.812,38.361,37.89,9.852,0.0,0.0
696,4.0,10.0,0.0,3.0,3.0,0.0,2506.104,4391.84,-0.615,38.261,38.105,9.867,0.0,0.0
697,4.0,10.0,0.0,4.0,5.0,0.0,2568.21,4420.218,134.504,38.339,38.114,9.878,0.0,0.0
698,5.0,10.0,0.0,0.0,1.0,0.0,3382.112,4101.69,117.579,38.377,38.263,9.902,0.0,0.0
699,5.0,10.0,0.0,1.0,2.0,0.0,3102.606,4183.785,53.031,38.328,37.012,9.886,0.0,0.0
700,5.0,10.0,0.0,2.0,3.0,0.0,3390.745,4217.249,66.972,38.382,37.838,9.698,0.0,0.0
701,5.0,10.0,0.0,3.0,4.0,0.0,3363.497,4258.328,64.081,38.269,37.85,9.835,0.0,0.0
702,5.0,10.0,0.0,4.0,5.0,0.0,3129.342,4263.604,36.428,37.794,37.531,9.808,0.0,0.0
703,5.0,10.0,0.0,5.0,7.0,0.0,3042.317,4350.243,-2.112,37.495,36.649,9.731,0.0,0.0
704,5.0,10.0,0.0,6.0,8.0,0.0,3319.858,4381.535,87.904,38.219,38.13,9.865,0.0,0.0
705,5.0,10.0,0.0,7.0,9.0,0.0,3139.228,4387.51,131.601,38.432,38.19,9.9,0.0,0.0
706,5.0,10.0,0.0,8.0,10.0,0.0,3334.892,4435.7,102.002,38.545,38.111,9.904,0.0,0.0
707,5.0,10.0,0.0,9.0,11.0,0.0,3411.015,4494.331,-0.772,39.404,37.554,9.867,0.0,0.0
709,6.0,10.0,0.0,1.0,3.0,0.0,4014.241,4334.779,-43.376,38.579,37.871,9.802,0.0,0.0
711,6.0,10.0,0.0,3.0,4.0,0.0,3729.9,4357.547,26.112,37.753,36.872,9.639,0.0,0.0
712,6.0,10.0,0.0,4.0,5.0,0.0,3509.243,4376.379,50.234,38.113,37.92,9.9,0.0,0.0
713,6.0,10.0,0.0,5.0,6.0,0.0,3720.8,4487.387,-29.445,38.284,37.88,9.841,0.0,0.0
715,7.0,10.0,0.0,0.0,1.0,0.0,4259.687,4171.663,108.194,37.851,37.558,9.818,0.0,0.0
716,7.0,10.0,0.0,1.0,2.0,0.0,4357.697,4200.27,17.38,37.592,37.494,9.854,0.0,0.0
718,7.0,10.0,0.0,3.0,6.0,0.0,4308.722,4311.829,97.835,37.918,37.555,9.827,0.0,0.0
720,8.0,10.0,0.0,0.0,0.0,0.0,4962.865,4107.349,68.083,37.963,37.353,9.806,0.0,0.0
721,8.0,10.0,0.0,1.0,2.0,0.0,4750.542,4236.197,8.336,37.911,37.814,9.784,0.0,0.0
722,8.0,10.0,0.0,2.0,3.0,0.0,5163.47,4262.471,42.431,39.021,38.712,9.967,0.0,0.0
723,8.0,10.0,0.0,3.0,4.0,0.0,4631.046,4339.615,25.165,38.553,38.199,9.917,0.0,0.0
733,9.0,10.0,0.0,5.0,6.0,0.0,5447.419,4355.238,89.316,37.942,37.179,9.705,0.0,0.0
735,9.0,10.0,0.0,7.0,9.0,0.0,5385.778,4396.425,7.811,38.248,38.073,9.861,0.0,0.0
741,0.0,11.0,0.0,0.0,0.0,0.0,158.612,4573.587,82.757,38.088,37.702,9.868,0.0,0.0
742,0.0,11.0,0.0,1.0,1.0,0.0,133.705,4651.523,47.12,37.508,37.37,9.827,0.0,0.0
743,0.0,11.0,0.0,2.0,2.0,0.0,307.155,4789.699,96.033,37.982,37.843,9.873,0.0,0.0
744,0.0,11.0,0.0,3.0,3.0,0.0,580.379,4792.493,120.879,39.314,39.219,9.994,0.0,0.0
745,0.0,11.0,0.0,4.0,4.0,0.0,522.105,4833.32,105.838,39.06,38.845,9.989,0.0,0.0
746,0.0,11.0,0.0,5.0,5.0,0.0,387.762,4856.075,63.446,38.795,38.621,9.926,0.0,0.0
747,1.0,11.0,0.0,0.0,2.0,0.0,767.709,4559.545,61.33,37.851,37.414,9.724,0.0,0.0
748,1.0,11.0,0.0,1.0,5.0,0.0,628.082,4711.493,27.047,38.216,37.973,9.844,0.0,0.0
751,2.0,11.0,0.0,2.0,4.0,0.0,1613.675,4706.228,115.287,38.32,38.078,9.871,0.0,0.0
753,2.0,11.0,0.0,4.0,6.0,0.0,1451.378,4806.405,60.398,38.065,37.941,9.897,0.0,0.0
754,2.0,11.0,0.0,5.0,7.0,0.0,1637.642,4846.101,-11.511,38.742,38.527,9.984,0.0,0.0
755,2.0,11.0,0.0,6.0,8.0,0.0,1307.129,4892.519,-0.757,38.245,37.878,9.835,0.0,0.0
756,3.0,11.0,0.0,0.0,3.0,0.0,2124.569,4555.329,99.423,37.864,37.413,9.801,0.0,0.0
757,3.0,11.0,0.0,1.0,4.0,0.0,2048.724,4624.801,98.644,37.914,37.613,9.834,0.0,0.0
758,3.0,11.0,0.0,2.0,5.0,0.0,2175.922,4705.106,-6.692,38.708,37.977,9.909,0.0,0.0
759,3.0,11.0,0.0,3.0,8.0,0.0,1878.248,4790.011,60.165,38.363,37.714,9.905,0.0,0.0
760,3.0,11.0,0.0,4.0,9.0,0.0,2158.756,4811.757,81.529,38.427,37.991,9.873,0.0,0.0
761,3.0,11.0,0.0,5.0,10.0,0.0,1965.286,4903.854,-2.219,39.597,35.344,9.599,0.0,0.0
762,4.0,11.0,0.0,0.0,0.0,0.0,2671.93,4516.381,91.181,38.437,37.267,9.555,0.0,0.0
763,4.0,11.0,0.0,1.0,1.0,0.0,2800.595,4669.091,94.332,38.499,38.361,9.931,0.0,0.0
764,4.0,11.0,0.0,2.0,2.0,0.0,2407.836,4740.491,53.017,38.02,37.822,9.875,0.0,0.0
765,4.0,11.0,0.0,3.0,3.0,0.0,2480.03,4750.782,50.868,38.161,37.869,9.9,0.0,0.0
766,4.0,11.0,0.0,4.0,4.0,0.0,2463.801,4811.465,26.527,38.102,37.619,9.859,0.0,0.0
770,5.0,11.0,0.0,0.0,3.0,0.0,3353.29,4576.647,66.769,38.298,38.124,9.874,0.0,0.0
771,5.0,11.0,0.0,1.0,4.0,0.0,3408.429,4591.342,78.293,37.231,37.156,9.762,0.0,0.0
772,5.0,11.0,0.0,2.0,5.0,0.0,3344.406,4623.125,101.192,38.392,38.088,9.882,0.0,0.0
773,5.0,11.0,0.0,3.0,6.0,0.0,3036.894,4680.314,108.525,37.849,37.512,9.813,0.0,0.0
774,5.0,11.0,0.0,4.0,7.0,0.0,3434.544,4696.02,125.503,38.475,38.215,9.909,0.0,0.0
775,5.0,11.0,0.0,5.0,8.0,0.0,3110.412,4749.941,51.517,38.068,37.956,9.899,0.0,0.0
776,5.0,11.0,0.0,6.0,10.0,0.0,3399.828,4774.262,-30.15,38.47,38.302,9.919,0.0,0.0
777,5.0,11.0,0.0,7.0,13.0,0.0,2963.983,4850.926,35.897,38.494,38.23,9.913,0.0,0.0
779,6.0,11.0,0.0,0.0,2.0,0.0,3984.227,4523.669,-22.282,38.252,37.805,9.903,0.0,0.0
780,6.0,11.0,0.0,1.0,4.0,0.0,3960.619,4644.05,38.028,38.152,37.902,9.826,0.0,0.0
783,6.0,11.0,0.0,4.0,9.0,0.0,3481.986,4771.256,40.516,38.374,38.212,9.895,0.0,0.0
785,7.0,11.0,0.0,1.0,3.0,0.0,4605.828,4711.363,110.295,38.818,38.697,9.939,0.0,0.0
786,7.0,11.0,0.0,2.0,4.0,0.0,4516.341,4734.742,86.065,38.347,38.011,9.865,0.0,0.0
787,7.0,11.0,0.0,3.0,5.0,0.0,4504.141,4773.829,33.983,38.186,37.948,9.837,0.0,0.0
790,7.0,11.0,0.0,6.0,8.0,0.0,4532.998,4893.197,134.66,38.762,38.632,9.924,0.0,0.0
793,8.0,11.0,0.0,0.0,1.0,0.0,4998.224,4566.068,79.532,37.989,37.762,9.863,0.0,0.0
794,8.0,11.0,0.0,1.0,6.0,0.0,5056.409,4724.824,-40.04,37.907,37.857,9.789,0.0,0.0
797,8.0,11.0,0.0,4.0,9.0,0.0,4897.19,4835.744,2.243,37.825,37.787,9.845,0.0,0.0
798,8.0,11.0,0.0,5.0,11.0,0.0,4799.479,4847.952,17.321,37.696,37.617,9.884,0.0,0.0
799,8.0,11.0,0.0,6.0,14.0,0.0,4812.094,4898.141,1.512,38.345,38.157,9.884,0.0,0.0
801,9.0,11.0,0.0,1.0,4.0,0.0,5340.3,4548.948,125.382,37.878,37.664,9.913,0.0,0.0
802,9.0,11.0,0.0,2.0,5.0,0.0,5555.717,4615.354,37.022,37.867,37.184,9.849,0.0,0.0
803,9.0,11.0,0.0,3.0,6.0,0.0,5662.872,4634.35,76.352,37.928,37.788,9.859,0.0,0.0
804,9.0,11.0,0.0,4.0,10.0,0.0,5713.938,4858.209,4.482,39.094,38.867,9.922,0.0,0.0
805,0.0,12.0,0.0,0.0,0.0,0.0,312.309,5004.672,79.928,38.064,37.558,9.924,0.0,0.0
806,0.0,12.0,0.0,1.0,1.0,0.0,410.076,5072.967,106.52,37.717,37.452,9.865,0.0,0.0
807,0.0,12.0,0.0,2.0,3.0,0.0,21.836,5132.005,22.55,38.066,37.81,9.88,0.0,0.0
808,0.0,12.0,0.0,3.0,4.0,0.0,127.938,5226.267,-39.286,38.585,38.333,9.938,0.0,0.0
809,1.0,12.0,0.0,0.0,0.0,0.0,779.869,4963.476,58.72,38.329,37.843,9.918,0.0,0.0
810,1.0,12.0,0.0,1.0,1.0,0.0,847.765,5030.114,60.999,37.924,37.686,9.845,0.0,0.0
811,1.0,12.0,0.0,2.0,4.0,0.0,784.948,5233.389,22.806,38.042,37.67,9.859,0.0,0.0
813,1.0,12.0,0.0,4.0,6.0,0.0,1093.426,5313.779,-3.847,40.99,32.684,9.359,0.0,0.0
814,2.0,12.0,0.0,0.0,1.0,0.0,1732.403,4924.689,117.147,39.26,38.699,9.922,0.0,0.0
815,2.0,12.0,0.0,1.0,2.0,0.0,1275.922,4940.097,101.005,38.372,37.663,9.824,0.0,0.0
817,2.0,12.0,0.0,3.0,6.0,0.0,1183.866,5062.806,38.845,38.616,38.129,9.915,0.0,0.0
820,2.0,12.0,0.0,6.0,8.0,0.0,1232.193,5202.686,92.199,38.402,38.219,9.9,0.0,0.0
821,2.0,12.0,0.0,7.0,9.0,0.0,1659.742,5220.809,96.175,38.855,38.57,9.928,0.0,0.0
822,2.0,12.0,0.0,8.0,10.0,0.0,1359.49,5223.259,16.847,38.551,38.467,9.951,0.0,0.0
823,2.0,12.0,0.0,9.0,11.0,0.0,1691.182,5257.046,33.064,39.087,39.004,9.938,0.0,0.0
824,3.0,12.0,0.0,0.0,2.0,0.0,1857.683,4924.777,89.595,38.167,37.704,9.879,0.0,0.0
825,3.0,12.0,0.0,1.0,3.0,0.0,1940.881,4941.012,92.767,38.399,38.044,9.877,0.0,0.0
826,3.0,12.0,0.0,2.0,4.0,0.0,1765.984,4988.691,56.886,38.469,38.146,9.899,0.0,0.0
827,3.0,12.0,0.0,3.0,5.0,0.0,1812.785,5012.161,36.084,38.38,38.158,9.889,0.0,0.0
828,3.0,12.0,0.0,4.0,6.0,0.0,1915.079,5185.79,30.825,38.493,38.338,9.851,0.0,0.0
829,3.0,12.0,0.0,5.0,7.0,0.0,2074.388,5205.62,101.85,38.385,38.245,9.901,0.0,0.0
830,3.0,12.0,0.0,6.0,9.0,0.0,1834.859,5315.08,-1.403,40.727,29.113,9.099,0.0,0.0
831,4.0,12.0,0.0,0.0,0.0,0.0,2486.0,4976.058,129.476,37.607,37.563,9.865,0.0,0.0
832,4.0,12.0,0.0,1.0,1.0,0.0,2872.533,4978.34,-29.993,38.718,38.449,9.97,0.0,0.0
833,4.0,12.0,0.0,2.0,2.0,0.0,2559.133,5002.252,73.283,37.517,37.068,9.788,0.0,0.0
834,4.0,12.0,0.0,3.0,4.0,0.0,2830.764,5030.675,95.593,39.15,37.559,9.766,0.0,0.0
835,4.0,12.0,0.0,4.0,5.0,0.0,2379.639,5069.446,40.686,37.848,37.37,9.793,0.0,0.0
836,4.0,12.0,0.0,5.0,6.0,0.0,2716.241,5072.512,106.082,38.483,38.246,9.838,0.0,0.0
837,4.0,12.0,0.0,6.0,9.0,0.0,2384.543,5159.514,35.302,37.981,37.76,9.786,0.0,0.0
840,4.0,12.0,0.0,9.0,14.0,0.0,2559.191,5310.706,-2.666,39.448,36.921,9.789,0.0,0.0
841,5.0,12.0,0.0,0.0,0.0,0.0,3300.47,4941.544,112.763,38.311,38.029,9.94,0.0,0.0
842,5.0,12.0,0.0,1.0,2.0,0.0,3251.478,5103.317,-41.879,37.921,37.793,9.782,0.0,0.0
843,5.0,12.0,0.0,2.0,4.0,0.0,3447.958,5131.79,71.372,38.483,38.376,9.93,0.0,0.0
859,6.0,12.0,0.0,0.0,2.0,0.0,3583.473,4953.755,28.652,37.758,37.098,9.747,0.0,0.0
860,6.0,12.0,0.0,1.0,3.0,0.0,4003.114,4955.856,57.918,38.576,38.205,9.845,0.0,0.0
862,6.0,12.0,0.0,3.0,4.0,0.0,3837.741,5015.714,85.727,37.174,36.968,9.889,0.0,0.0
866,6.0,12.0,0.0,7.0,9.0,0.0,3749.667,5141.885,84.887,37.363,37.185,9.783,0.0,0.0
875,7.0,12.0,0.0,0.0,2.0,0.0,4242.868,4978.055,79.581,37.452,37.352,9.74,0.0,0.0
876,7.0,12.0,0.0,1.0,4.0,0.0,4248.22,5264.154,120.484,37.68,37.372,9.928,0.0,0.0
877,8.0,12.0,0.0,0.0,5.0,0.0,4761.435,5210.099,-4.743,38.162,38.076,9.927,0.0,0.0
879,8.0,12.0,0.0,2.0,8.0,0.0,4814.209,5253.821,34.764,38.635,38.085,9.912,0.0,0.0
880,8.0,12.0,0.0,3.0,9.0,0.0,4709.628,5265.145,-28.468,38.572,38.352,9.939,0.0,0.0
882,8.0,12.0,0.0,5.0,13.0,0.0,4698.411,5304.128,23.94,38.724,38.538,9.907,0.0,0.0
883,9.0,12.0,0.0,0.0,0.0,0.0,5487.09,4926.353,46.59,38.11,37.861,9.892,0.0,0.0
884,9.0,12.0,0.0,1.0,7.0,0.0,5638.319,5105.044,-7.453,37.777,37.557,9.809,0.0,0.0
885,9.0,12.0,0.0,2.0,8.0,0.0,5635.684,5196.645,-34.339,39.035,38.93,9.997,0.0,0.0
888,0.0,0.0,0.0,0.0,0.0,0.0,511.661,309.526,-27.561,41.315,36.071,33.047,4.0,0.0
889,0.0,3.0,0.0,0.0,0.0,0.0,574.076,1396.448,-28.236,43.409,38.288,34.615,4.0,0.0
890,0.0,3.0,0.0,0.0,0.0,0.0,185.448,1632.316,6.233,39.985,36.731,32.689,4.0,0.0
891,1.0,10.0,0.0,0.0,0.0,0.0,776.204,4325.487,-13.357,39.71,37.914,33.014,4.0,0.0
892,1.0,1.0,0.0,0.0,0.0,0.0,802.984,712.128,-2.554,40.896,37.45,33.312,4.0,0.0
893,2.0,4.0,0.0,0.0,0.0,0.0,1649.118,1855.903,109.331,39.369,38.33,33.012,4.0,0.0
894,2.0,4.0,0.0,0.0,0.0,0.0,1602.978,2020.243,48.62,39.157,37.663,32.653,4.0,0.0
895,2.0,5.0,0.0,0.0,0.0,0.0,1717.233,2289.423,125.835,40.401,37.901,33.137,4.0,0.0
896,2.0,7.0,0.0,0.0,0.0,0.0,1413.843,3243.248,5.292,37.235,34.262,30.56,4.0,0.0
897,2.0,9.0,0.0,0.0,0.0,0.0,1645.642,4074.898,6.421,39.905,37.487,32.937,4.0,0.0
898,2.0,9.0,0.0,0.0,0.0,0.0,1719.003,3793.403,27.811,40.41,38.415,33.57,4.0,0.0
899,2.0,10.0,0.0,0.0,0.0,0.0,1289.829,4413.536,17.174,39.296,36.855,32.401,4.0,0.0
900,3.0,12.0,0.0,0.0,0.0,0.0,1961.808,5208.875,117.038,38.93,37.302,32.384,4.0,0.0
901,3.0,11.0,0.0,0.0,0.0,0.0,2122.319,4787.588,-13.665,38.93,37.714,32.538,4.0,0.0
902,3.0,10.0,0.0,0.0,0.0,0.0,2298.39,4477.372,3.296,39.762,38.636,33.36,4.0,0.0
903,3.0,10.0,0.0,0.0,0.0,0.0,2034.224,4486.82,-30.093,41.063,40.385,34.65,4.0,0.0
904,3.0,8.0,0.0,0.0,0.0,0.0,2040.914,3523.319,-25.03,41.651,41.173,35.215,4.0,0.0
905,3.0,6.0,0.0,0.0,0.0,0.0,2104.444,2755.196,9.694,39.166,38.54,33.033,4.0,0.0
906,3.0,5.0,0.0,0.0,0.0,0.0,2308.509,2294.918,88.12,39.422,38.722,33.241,4.0,0.0
907,3.0,4.0,0.0,0.0,0.0,0.0,1907.472,1896.439,120.937,39.518,35.323,31.596,4.0,0.0
908,4.0,0.0,0.0,0.0,0.0,0.0,2796.835,239.815,-12.145,39.503,38.209,33.092,4.0,0.0
909,4.0,4.0,0.0,0.0,0.0,0.0,2644.722,1785.649,101.935,39.168,38.727,33.139,4.0,0.0
910,4.0,5.0,0.0,0.0,0.0,0.0,2368.674,2227.419,117.504,38.501,38.31,32.669,4.0,0.0
911,4.0,5.0,0.0,0.0,0.0,0.0,2596.066,2214.989,125.874,39.254,38.057,32.883,4.0,0.0
912,4.0,6.0,0.0,0.0,0.0,0.0,2654.351,2557.004,87.43,40.26,37.438,32.934,4.0,0.0
913,4.0,6.0,0.0,0.0,0.0,0.0,2722.263,2638.795,-6.875,39.226,38.217,32.85,4.0,0.0
914,4.0,7.0,0.0,0.0,0.0,0.0,2751.878,3249.898,-25.489,39.415,35.557,31.7,4.0,0.0
915,4.0,12.0,0.0,0.0,0.0,0.0,2393.111,5002.577,4.04,39.578,38.384,33.168,4.0,0.0
916,5.0,3.0,0.0,0.0,0.0,0.0,3382.094,1433.457,-35.382,40.478,38.749,33.653,4.0,
917,5.0,3.0,0.0,0.0,0.0,0.0,3194.086,1596.27,101.931,38.917,38.142,32.716,4.0,
918,5.0,9.0,0.0,0.0,0.0,0.0,3436.364,3875.952,61.987,40.104,35.774,32.234,4.0,
919,5.0,9.0,0.0,0.0,0.0,0.0,2973.039,3834.292,62.468,39.113,37.902,32.837,4.0,
920,5.0,11.0,0.0,0.0,0.0,0.0,2937.269,4798.974,73.404,39.497,39.223,33.477,4.0,
921,5.0,11.0,0.0,0.0,0.0,0.0,3313.44,4530.598,11.445,39.762,38.177,33.196,4.0,
922,5.0,12.0,0.0,0.0,0.0,0.0,3369.954,5134.164,-33.212,43.193,42.357,36.349,4.0,
923,5.0,12.0,0.0,0.0,0.0,0.0,2982.63,5189.487,16.355,39.825,39.27,33.697,4.0,
924,6.0,12.0,0.0,0.0,0.0,0.0,3849.775,4944.041,-17.693,39.964,37.112,32.721,4.0,
925,6.0,11.0,0.0,0.0,0.0,0.0,3684.484,4745.624,115.551,38.771,38.624,32.915,4.0,
926,6.0,11.0,0.0,0.0,0.0,0.0,3736.887,4628.899,-3.467,39.554,38.627,33.284,4.0,
927,6.0,9.0,0.0,0.0,0.0,0.0,3652.019,3954.992,12.091,39.285,37.873,32.883,4.0,
928,6.0,7.0,0.0,0.0,0.0,0.0,3990.115,3240.696,15.519,39.226,37.383,32.581,4.0,
929,6.0,7.0,0.0,0.0,0.0,0.0,3981.55,3188.766,38.211,40.149,36.972,32.793,4.0,
930,6.0,7.0,0.0,0.0,0.0,0.0,3735.262,3246.729,78.384,39.438,38.156,32.999,4.0,
931,6.0,6.0,0.0,0.0,0.0,0.0,4036.752,2589.582,-12.443,41.192,38.579,33.685,4.0,
932,6.0,5.0,0.0,0.0,0.0,0.0,3830.867,2396.397,52.664,39.114,38.011,32.83,4.0,
933,6.0,5.0,0.0,0.0,0.0,0.0,3886.207,2082.914,34.379,39.886,37.683,32.997,4.0,
934,6.0,0.0,0.0,0.0,0.0,0.0,3694.033,208.22,8.066,39.431,37.897,32.946,4.0,
935,7.0,1.0,0.0,0.0,0.0,0.0,4275.03,457.826,-22.246,39.997,38.254,33.23,4.0,
936,7.0,4.0,0.0,0.0,0.0,0.0,4368.788,1784.161,61.09,40.484,37.886,33.459,4.0,
937,7.0,5.0,0.0,0.0,0.0,0.0,4197.341,2176.493,-28.048,39.162,38.147,32.767,4.0,
938,7.0,5.0,0.0,0.0,0.0,0.0,4147.283,2199.69,49.666,40.233,38.195,33.382,4.0,
939,7.0,5.0,0.0,0.0,0.0,0.0,4318.361,2309.198,67.597,38.86,38.196,32.781,4.0,
940,7.0,6.0,0.0,0.0,0.0,0.0,4375.326,2757.428,106.714,41.064,37.423,33.442,4.0,
941,7.0,6.0,0.0,0.0,0.0,0.0,4439.216,2696.207,71.034,39.652,38.204,33.112,4.0,
942,7.0,9.0,0.0,0.0,0.0,0.0,4352.249,3761.009,59.266,39.144,37.102,32.512,4.0,
943,7.0,9.0,0.0,0.0,0.0,0.0,4135.615,3860.061,45.747,41.071,38.645,33.929,4.0,
944,7.0,9.0,0.0,0.0,0.0,0.0,4158.726,4053.942,62.698,39.121,36.443,32.23,4.0,
945,7.0,10.0,0.0,0.0,0.0,0.0,4428.245,4146.922,-2.096,39.543,38.07,32.928,4.0,
946,7.0,10.0,0.0,0.0,0.0,0.0,4550.646,4429.097,69.81,39.049,36.13,32.063,4.0,
947,7.0,11.0,0.0,0.0,0.0,0.0,4506.351,4688.748,51.603,46.752,41.513,37.279,4.0,
948,7.0,11.0,0.0,0.0,0.0,0.0,4378.234,4648.596,41.335,38.75,38.094,32.717,4.0,
949,7.0,11.0,0.0,0.0,0.0,0.0,4564.311,4819.528,88.093,39.897,38.038,33.206,4.0,
950,7.0,12.0,0.0,0.0,0.0,0.0,4278.63,5161.089,70.025,41.482,34.764,32.527,4.0,
951,7.0,12.0,0.0,0.0,0.0,0.0,4379.682,5284.576,-9.533,40.281,36.12,32.424,4.0,
952,8.0,12.0,0.0,0.0,0.0,0.0,4707.557,5223.206,109.286,39.272,38.298,32.926,4.0,
953,8.0,12.0,0.0,0.0,0.0,0.0,4756.034,5279.345,118.37,39.851,38.706,33.391,4.0,
954,8.0,0.0,0.0,0.0,0.0,0.0,4739.38,287.563,3.723,39.874,37.958,33.069,4.0,
955,9.0,6.0,0.0,0.0,0.0,0.0,5242.457,2758.713,3.132,39.843,39.297,33.655,4.0,
606,0.0,9.0,0.0,0.0,5.0,0.0,247.457,3769.361,55.297,37.283,36.979,9.746,0.0,0.0
607,0.0,9.0,0.0,1.0,6.0,0.0,116.121,3861.792,70.808,37.495,37.338,9.821,0.0,0.0
956,9.0,8.0,0.0,0.0,0.0,0.0,5405.721,3548.258,2.14,42.266,36.729,32.865,4.0,
957,9.0,8.0,0.0,0.0,0.0,0.0,5419.338,3506.432,129.74,39.172,37.652,32.661,4.0,
958,9.0,10.0,0.0,0.0,0.0,0.0,5541.258,4424.458,-24.761,39.412,38.567,33.139,4.0,
</ResultDatas>,,,,,,,,,,,,,,
<ElementResult>,,,,,,,,,,,,,,
0,0.0,,,,,,,,,,,,,
1,0.0,,,,,,,,,,,,,
2,2.0,,,,,,,,,,,,,
3,0.0,,,,,,,,,,,,,
4,0.0,,,,,,,,,,,,,
5,784.0,,,,,,,,,,,,,
</ElementResult>,,,,,,,,,,,,,,
0,0.0,0.0,0.0,0.0,1.0,0.0,91.979,27.723,69.123,37.955,37.355,9.883,0.0,0.0
1,0.0,0.0,0.0,1.0,2.0,0.0,276.698,27.46,53.787,37.144,36.736,9.696,0.0,0.0
2,0.0,0.0,0.0,2.0,3.0,0.0,398.903,66.265,82.936,38.788,38.231,9.951,0.0,0.0
3,0.0,0.0,0.0,3.0,4.0,0.0,146.714,89.057,67.608,37.474,37.106,9.788,0.0,0.0
4,0.0,0.0,0.0,4.0,5.0,0.0,472.117,132.639,83.22,38.222,38.011,9.926,0.0,0.0
5,0.0,0.0,0.0,5.0,6.0,0.0,221.631,149.698,64.02,37.912,37.433,9.81,0.0,0.0
6,0.0,0.0,0.0,6.0,7.0,0.0,173.858,272.913,-2.123,37.85,37.584,9.822,0.0,0.0
7,0.0,0.0,0.0,7.0,8.0,0.0,209.18,311.984,30.624,37.822,37.563,9.816,0.0,0.0
8,0.0,0.0,0.0,8.0,9.0,0.0,556.451,327.103,51.709,39.101,38.96,9.934,0.0,0.0
9,0.0,0.0,0.0,9.0,10.0,0.0,312.315,373.464,52.948,37.884,37.567,9.824,0.0,0.0
10,1.0,0.0,0.0,0.0,1.0,0.0,996.659,78.522,109.399,37.995,36.73,9.43,0.0,0.0
11,1.0,0.0,0.0,1.0,2.0,0.0,653.604,84.476,77.57,36.644,36.346,9.735,0.0,0.0
12,1.0,0.0,0.0,2.0,3.0,0.0,1064.372,92.973,105.845,37.637,37.496,9.783,0.0,0.0
13,1.0,0.0,0.0,3.0,4.0,0.0,712.146,118.27,71.576,37.413,36.943,9.758,0.0,0.0
14,1.0,0.0,0.0,4.0,5.0,0.0,917.222,133.511,55.739,37.901,37.296,9.868,0.0,0.0
15,1.0,0.0,0.0,5.0,6.0,0.0,636.968,203.665,39.425,37.315,37.152,9.773,0.0,0.0
16,1.0,0.0,0.0,6.0,7.0,0.0,970.775,251.277,84.393,37.858,37.543,9.818,0.0,0.0
17,1.0,0.0,0.0,7.0,8.0,0.0,891.429,276.736,128.008,37.609,37.448,9.85,0.0,0.0
18,1.0,0.0,0.0,8.0,9.0,0.0,763.987,290.919,40.108,38.026,37.743,9.866,0.0,0.0
19,1.0,0.0,0.0,9.0,10.0,0.0,969.541,338.755,101.835,38.103,37.791,9.882,0.0,0.0
20,1.0,0.0,0.0,10.0,11.0,0.0,737.159,350.249,116.912,38.275,38.133,9.872,0.0,0.0
21,2.0,0.0,0.0,0.0,1.0,0.0,1264.464,30.641,62.35,37.738,36.309,9.412,0.0,0.0
22,2.0,0.0,0.0,1.0,2.0,0.0,1596.554,58.868,91.74,37.681,37.434,9.858,0.0,0.0
23,2.0,0.0,0.0,2.0,3.0,0.0,1195.855,92.127,90.17,37.003,36.721,9.753,0.0,0.0
24,2.0,0.0,0.0,3.0,4.0,0.0,1433.603,133.076,88.919,37.482,37.049,9.781,0.0,0.0
25,2.0,0.0,0.0,4.0,5.0,0.0,1261.714,290.639,69.964,37.742,37.448,9.79,0.0,0.0
26,2.0,0.0,0.0,5.0,7.0,0.0,1646.954,389.993,35.763,38.559,38.426,9.947,0.0,0.0
27,2.0,0.0,0.0,6.0,8.0,0.0,1243.005,414.672,0.274,38.299,36.445,9.731,0.0,0.0
28,3.0,0.0,0.0,0.0,2.0,0.0,1896.178,30.066,92.449,37.58,35.74,9.458,0.0,0.0
29,3.0,0.0,0.0,1.0,3.0,0.0,2196.753,37.594,80.96,37.816,37.409,9.872,0.0,0.0
30,3.0,0.0,0.0,2.0,4.0,0.0,2139.918,62.488,68.775,37.739,37.554,9.804,0.0,0.0
31,3.0,0.0,0.0,3.0,5.0,0.0,2286.645,79.087,106.989,38.455,38.01,9.803,0.0,0.0
32,3.0,0.0,0.0,4.0,6.0,0.0,1772.087,193.564,69.675,37.847,37.636,9.829,0.0,0.0
33,3.0,0.0,0.0,5.0,7.0,0.0,2201.3,283.87,-44.338,38.74,38.642,9.998,0.0,0.0
34,3.0,0.0,0.0,6.0,8.0,0.0,2092.309,318.24,-21.334,37.418,37.358,9.813,0.0,0.0
35,3.0,0.0,0.0,7.0,9.0,0.0,1908.891,327.825,26.381,37.809,37.625,9.9,0.0,0.0
36,3.0,0.0,0.0,8.0,11.0,0.0,1996.533,419.114,-3.733,40.506,29.226,9.061,0.0,0.0
37,4.0,0.0,0.0,0.0,1.0,0.0,2591.22,135.309,76.995,38.296,37.972,9.93,0.0,0.0
38,4.0,0.0,0.0,1.0,2.0,0.0,2774.295,141.374,104.35,38.921,36.5,9.662,0.0,0.0
39,4.0,0.0,0.0,2.0,3.0,0.0,2644.926,219.495,48.293,38.08,37.792,9.879,0.0,0.0
40,4.0,0.0,0.0,3.0,4.0,0.0,2353.08,222.957,-34.577,37.403,37.356,9.734,0.0,0.0
42,4.0,0.0,0.0,5.0,6.0,0.0,2742.68,302.17,57.121,38.088,37.82,9.884,0.0,0.0
43,4.0,0.0,0.0,6.0,7.0,0.0,2467.706,353.995,19.388,37.864,37.767,9.848,0.0,0.0
44,4.0,0.0,0.0,7.0,8.0,0.0,2603.415,360.887,18.879,38.419,38.334,9.917,0.0,0.0
45,4.0,0.0,0.0,8.0,9.0,0.0,2764.716,419.618,1.137,47.212,28.69,9.263,0.0,0.0
46,5.0,0.0,0.0,0.0,0.0,0.0,3357.176,79.082,80.476,38.039,37.785,9.873,0.0,0.0
47,5.0,0.0,0.0,1.0,1.0,0.0,2946.065,91.063,81.869,37.537,36.495,9.716,0.0,0.0
48,5.0,0.0,0.0,2.0,2.0,0.0,3090.999,124.218,65.186,37.118,36.715,9.767,0.0,0.0
49,5.0,0.0,0.0,3.0,3.0,0.0,3318.133,164.276,61.67,37.977,37.837,9.872,0.0,0.0
50,5.0,0.0,0.0,4.0,4.0,0.0,3074.072,272.79,61.047,38.058,37.821,9.88,0.0,0.0
51,5.0,0.0,0.0,5.0,5.0,0.0,3340.556,300.726,103.289,38.124,38.021,9.915,0.0,0.0
52,6.0,0.0,0.0,0.0,0.0,0.0,3766.86,60.921,89.785,37.238,37.149,9.762,0.0,0.0
53,6.0,0.0,0.0,1.0,1.0,0.0,3513.117,129.359,55.454,37.58,37.334,9.831,0.0,0.0
54,6.0,0.0,0.0,2.0,2.0,0.0,4018.358,138.51,111.915,38.661,38.453,9.963,0.0,0.0
55,6.0,0.0,0.0,3.0,3.0,0.0,3556.918,173.678,57.983,37.906,37.546,9.825,0.0,0.0
56,6.0,0.0,0.0,4.0,4.0,0.0,3978.998,197.003,134.54,38.957,38.512,9.933,0.0,0.0
57,6.0,0.0,0.0,5.0,5.0,0.0,3498.61,250.653,13.144,37.923,37.583,9.832,0.0,0.0
58,6.0,0.0,0.0,6.0,6.0,0.0,3778.948,261.599,70.271,38.302,38.096,9.871,0.0,0.0
60,6.0,0.0,0.0,8.0,9.0,0.0,3962.739,415.964,-3.783,39.373,35.417,9.586,0.0,0.0
61,7.0,0.0,0.0,0.0,1.0,0.0,4074.841,145.15,75.146,38.031,37.565,9.843,0.0,0.0
62,7.0,0.0,0.0,1.0,2.0,0.0,4550.808,190.899,-40.543,38.335,38.239,9.894,0.0,0.0
63,7.0,0.0,0.0,2.0,3.0,0.0,4444.023,238.752,71.701,38.875,38.776,9.956,0.0,0.0
64,7.0,0.0,0.0,3.0,4.0,0.0,4118.775,239.157,49.87,37.547,37.239,9.814,0.0,0.0
65,7.0,0.0,0.0,4.0,5.0,0.0,4199.648,258.302,133.848,37.517,37.404,9.832,0.0,0.0
66,7.0,0.0,0.0,5.0,6.0,0.0,4390.929,332.127,-22.213,38.158,37.909,9.905,0.0,0.0
67,7.0,0.0,0.0,6.0,7.0,0.0,4475.992,339.804,89.476,38.163,37.865,9.899,0.0,0.0
68,8.0,0.0,0.0,0.0,2.0,0.0,4916.965,133.795,90.258,37.52,37.167,9.725,0.0,0.0
69,8.0,0.0,0.0,1.0,3.0,0.0,4682.873,201.964,56.933,37.622,37.193,9.818,0.0,0.0
70,8.0,0.0,0.0,2.0,4.0,0.0,4894.557,269.972,70.171,37.798,37.524,9.808,0.0,0.0
71,8.0,0.0,0.0,3.0,5.0,0.0,5002.079,283.38,8.832,37.337,36.968,9.752,0.0,0.0
72,8.0,0.0,0.0,4.0,6.0,0.0,5067.914,301.226,51.569,38.037,37.706,9.862,0.0,0.0
73,9.0,0.0,0.0,0.0,2.0,0.0,5633.354,68.898,83.171,38.141,37.947,9.907,0.0,0.0
74,9.0,0.0,0.0,1.0,3.0,0.0,5468.747,103.781,128.504,37.639,37.41,9.772,0.0,0.0
75,9.0,0.0,0.0,2.0,4.0,0.0,5662.637,235.459,102.588,38.236,37.762,9.895,0.0,0.0
76,9.0,0.0,0.0,3.0,5.0,0.0,5398.62,317.214,27.133,37.56,37.324,9.828,0.0,0.0
77,9.0,0.0,0.0,4.0,6.0,0.0,5457.182,326.864,51.048,38.129,37.902,9.823,0.0,0.0
78,9.0,0.0,0.0,5.0,9.0,0.0,5651.44,396.54,12.332,38.714,38.35,9.881,0.0,0.0
79,0.0,1.0,0.0,0.0,0.0,0.0,327.183,473.297,94.437,37.966,37.37,9.809,0.0,0.0
80,0.0,1.0,0.0,1.0,1.0,0.0,564.578,510.381,71.305,38.114,38.019,9.837,0.0,0.0
81,0.0,1.0,0.0,2.0,2.0,0.0,206.426,589.982,48.8,37.543,37.254,9.816,0.0,0.0
82,0.0,1.0,0.0,3.0,3.0,0.0,273.172,603.81,42.964,38.007,37.622,9.848,0.0,0.0
83,0.0,1.0,0.0,4.0,4.0,0.0,262.604,690.204,56.323,38.021,37.756,9.867,0.0,0.0
84,0.0,1.0,0.0,5.0,5.0,0.0,515.282,738.975,134.471,38.67,38.633,9.988,0.0,0.0
85,0.0,1.0,0.0,6.0,6.0,0.0,74.975,771.745,33.025,38.603,38.162,9.918,0.0,0.0
86,0.0,1.0,0.0,7.0,7.0,0.0,342.635,813.159,-6.396,38.565,38.402,9.869,0.0,0.0
87,1.0,1.0,0.0,0.0,1.0,0.0,779.895,534.612,63.83,37.705,37.44,9.862,0.0,0.0
88,1.0,1.0,0.0,1.0,2.0,0.0,615.886,620.204,53.34,37.754,37.434,9.79,0.0,0.0
89,2.0,1.0,0.0,0.0,1.0,0.0,1308.631,515.373,71.084,37.25,36.772,9.714,0.0,0.0
90,2.0,1.0,0.0,1.0,2.0,0.0,1240.562,562.266,37.626,37.486,36.902,9.762,0.0,0.0
91,2.0,1.0,0.0,2.0,3.0,0.0,1362.624,586.898,45.346,37.64,37.426,9.852,0.0,0.0
92,2.0,1.0,0.0,3.0,4.0,0.0,1304.806,588.647,57.275,37.73,37.5,9.795,0.0,0.0
93,2.0,1.0,0.0,4.0,5.0,0.0,1741.251,614.259,91.987,43.106,24.164,8.739,0.0,0.0
94,2.0,1.0,0.0,5.0,6.0,0.0,1229.472,690.469,64.543,37.681,37.545,9.872,0.0,0.0
95,2.0,1.0,0.0,6.0,7.0,0.0,1180.484,690.914,-14.933,38.029,37.898,9.886,0.0,0.0
96,3.0,1.0,0.0,0.0,1.0,0.0,1869.55,460.016,74.606,36.782,36.441,9.687,0.0,0.0
97,3.0,1.0,0.0,1.0,2.0,0.0,2132.157,476.142,69.791,37.843,37.663,9.832,0.0,0.0
98,3.0,1.0,0.0,2.0,3.0,0.0,2315.799,530.44,91.933,41.783,27.478,9.01,0.0,0.0
99,3.0,1.0,0.0,3.0,4.0,0.0,2202.053,555.567,85.335,37.976,37.867,9.875,0.0,0.0
100,3.0,1.0,0.0,4.0,5.0,0.0,1935.021,571.073,100.193,36.51,36.305,9.711,0.0,0.0
101,3.0,1.0,0.0,5.0,6.0,0.0,2260.807,589.686,-29.931,38.103,37.913,9.898,0.0,0.0
102,3.0,1.0,0.0,6.0,7.0,0.0,1747.482,613.812,89.667,37.817,37.591,9.742,0.0,0.0
103,3.0,1.0,0.0,7.0,8.0,0.0,2071.135,656.407,82.476,37.225,36.76,9.71,0.0,0.0
104,3.0,1.0,0.0,8.0,9.0,0.0,2021.884,696.641,-34.007,37.497,37.351,9.823,0.0,0.0
105,3.0,1.0,0.0,9.0,10.0,0.0,2078.405,708.664,88.172,37.473,37.289,9.811,0.0,0.0
106,4.0,1.0,0.0,0.0,2.0,0.0,2886.63,534.293,88.953,37.626,36.254,9.618,0.0,0.0
107,4.0,1.0,0.0,1.0,3.0,0.0,2798.853,627.326,128.511,38.276,38.121,9.871,0.0,0.0
108,4.0,1.0,0.0,2.0,4.0,0.0,2535.457,649.447,115.955,32.781,32.686,9.113,0.0,0.0
109,4.0,1.0,0.0,3.0,6.0,0.0,2533.257,755.283,-28.908,37.749,37.626,9.814,0.0,0.0
110,5.0,1.0,0.0,0.0,0.0,0.0,3420.715,459.567,74.631,38.27,37.962,9.926,0.0,0.0
111,5.0,1.0,0.0,1.0,2.0,0.0,2970.054,633.733,63.477,37.494,37.18,9.8,0.0,0.0
112,6.0,1.0,0.0,0.0,3.0,0.0,3631.247,516.672,9.385,37.69,37.459,9.863,0.0,0.0
113,6.0,1.0,0.0,1.0,5.0,0.0,3941.956,526.901,73.001,37.849,37.611,9.903,0.0,0.0
114,6.0,1.0,0.0,2.0,6.0,0.0,3697.571,578.798,33.875,38.08,37.968,9.902,0.0,0.0
115,6.0,1.0,0.0,3.0,7.0,0.0,3600.174,621.845,35.526,37.663,37.49,9.786,0.0,0.0
116,6.0,1.0,0.0,4.0,9.0,0.0,3758.663,790.564,89.866,38.196,37.861,9.903,0.0,0.0
117,6.0,1.0,0.0,5.0,11.0,0.0,4015.758,796.554,34.441,39.167,38.55,9.965,0.0,0.0
118,7.0,1.0,0.0,0.0,1.0,0.0,4430.501,496.434,66.643,38.337,37.678,9.822,0.0,0.0
119,7.0,1.0,0.0,1.0,2.0,0.0,4065.15,518.176,42.351,37.526,37.325,9.823,0.0,0.0
120,7.0,1.0,0.0,2.0,3.0,0.0,4176.315,525.119,2.331,37.819,37.544,9.813,0.0,0.0
121,7.0,1.0,0.0,3.0,4.0,0.0,4125.104,541.441,53.565,37.123,37.046,9.734,0.0,0.0
122,7.0,1.0,0.0,4.0,5.0,0.0,4427.473,569.446,114.265,38.875,38.312,9.972,0.0,0.0
123,7.0,1.0,0.0,5.0,7.0,0.0,4486.622,743.223,111.49,38.317,38.212,9.888,0.0,0.0
124,7.0,1.0,0.0,6.0,8.0,0.0,4140.554,774.947,35.552,38.099,37.892,9.895,0.0,0.0
125,8.0,1.0,0.0,0.0,1.0,0.0,5132.503,470.454,54.755,38.771,38.421,9.973,0.0,0.0
126,8.0,1.0,0.0,1.0,2.0,0.0,4705.655,507.507,75.592,37.761,37.098,9.747,0.0,0.0
127,8.0,1.0,0.0,2.0,4.0,0.0,4935.703,551.44,56.372,37.678,37.436,9.78,0.0,0.0
128,8.0,1.0,0.0,3.0,5.0,0.0,4683.02,563.539,90.154,37.078,36.788,9.771,0.0,0.0
129,8.0,1.0,0.0,4.0,6.0,0.0,5022.295,567.655,55.758,38.311,38.058,9.867,0.0,0.0
130,8.0,1.0,0.0,5.0,7.0,0.0,5130.562,600.721,111.338,38.126,37.828,9.813,0.0,0.0
133,8.0,1.0,0.0,8.0,10.0,0.0,4962.537,671.999,22.904,38.16,38.018,9.919,0.0,0.0
134,8.0,1.0,0.0,9.0,11.0,0.0,4874.917,733.076,130.03,38.724,38.438,9.969,0.0,0.0
135,8.0,1.0,0.0,10.0,12.0,0.0,4894.389,819.898,4.524,38.426,38.174,9.897,0.0,0.0
136,9.0,1.0,0.0,0.0,1.0,0.0,5219.632,443.978,89.299,37.674,37.129,9.816,0.0,0.0
137,9.0,1.0,0.0,1.0,3.0,0.0,5208.125,508.259,93.902,37.77,37.718,9.829,0.0,0.0
138,9.0,1.0,0.0,2.0,4.0,0.0,5487.722,511.232,59.539,37.683,37.58,9.8,0.0,0.0
139,9.0,1.0,0.0,3.0,5.0,0.0,5353.887,553.893,48.911,37.987,37.534,9.911,0.0,0.0
140,9.0,1.0,0.0,4.0,6.0,0.0,5721.562,561.527,79.19,38.51,38.315,9.926,0.0,0.0
141,9.0,1.0,0.0,5.0,7.0,0.0,5660.978,635.993,104.809,38.307,38.014,9.861,0.0,0.0
142,9.0,1.0,0.0,6.0,8.0,0.0,5431.507,657.722,85.424,37.335,37.176,9.857,0.0,0.0
143,0.0,2.0,0.0,0.0,1.0,0.0,528.303,839.327,108.481,38.044,37.813,9.877,0.0,0.0
144,0.0,2.0,0.0,1.0,2.0,0.0,46.068,850.377,82.342,35.514,26.924,9.382,0.0,0.0
145,0.0,2.0,0.0,2.0,3.0,0.0,409.153,911.518,103.943,38.098,38.055,9.916,0.0,0.0
146,0.0,2.0,0.0,3.0,4.0,0.0,576.956,914.009,44.611,38.526,38.34,9.931,0.0,0.0
147,0.0,2.0,0.0,4.0,5.0,0.0,270.62,1051.248,61.552,37.907,37.802,9.782,0.0,0.0
148,1.0,2.0,0.0,0.0,0.0,0.0,1060.57,870.204,124.549,37.926,37.763,9.855,0.0,0.0
149,1.0,2.0,0.0,1.0,1.0,0.0,715.026,871.739,77.481,37.781,37.69,9.827,0.0,0.0
151,1.0,2.0,0.0,3.0,4.0,0.0,677.659,918.913,74.021,37.446,37.188,9.794,0.0,0.0
152,1.0,2.0,0.0,4.0,5.0,0.0,1073.065,1059.52,10.886,38.148,37.814,9.891,0.0,0.0
153,1.0,2.0,0.0,5.0,6.0,0.0,1000.783,1191.228,46.401,38.882,38.638,9.94,0.0,0.0
154,1.0,2.0,0.0,6.0,8.0,0.0,681.028,1236.002,-0.99,41.426,27.029,8.931,0.0,0.0
155,2.0,2.0,0.0,0.0,0.0,0.0,1335.916,999.166,49.362,38.029,37.417,9.824,0.0,0.0
156,2.0,2.0,0.0,1.0,0.0,0.0,1319.981,963.692,76.703,37.449,36.99,9.77,0.0,0.0
157,2.0,2.0,0.0,2.0,1.0,0.0,1655.247,964.968,55.821,38.394,38.255,9.903,0.0,0.0
158,2.0,2.0,0.0,3.0,2.0,0.0,1538.553,966.537,-13.634,37.742,37.206,9.836,0.0,0.0
159,2.0,2.0,0.0,4.0,3.0,0.0,1271.723,988.782,63.065,37.581,37.408,9.764,0.0,0.0
160,2.0,2.0,0.0,5.0,4.0,0.0,1726.818,1017.686,62.87,32.866,32.572,9.191,0.0,0.0
161,2.0,2.0,0.0,6.0,6.0,0.0,1563.419,1113.739,48.03,37.726,37.583,9.806,0.0,0.0
162,3.0,2.0,0.0,0.0,1.0,0.0,1789.142,905.645,81.426,37.459,37.1,9.708,0.0,0.0
163,3.0,2.0,0.0,1.0,2.0,0.0,2293.764,929.49,132.705,38.249,37.973,9.848,0.0,0.0
164,3.0,2.0,0.0,2.0,5.0,0.0,2237.871,1051.09,49.719,38.238,38.021,9.853,0.0,0.0
166,3.0,2.0,0.0,4.0,9.0,0.0,2269.152,1081.392,71.576,38.186,38.069,9.852,0.0,0.0
167,3.0,2.0,0.0,5.0,10.0,0.0,2183.084,1186.651,64.758,38.225,38.147,9.868,0.0,0.0
169,4.0,2.0,0.0,0.0,1.0,0.0,2518.796,946.012,101.917,37.922,37.79,9.858,0.0,0.0
170,4.0,2.0,0.0,1.0,2.0,0.0,2876.708,984.428,82.304,38.335,38.307,9.902,0.0,0.0
171,4.0,2.0,0.0,2.0,3.0,0.0,2616.533,1025.176,79.41,37.933,37.577,9.832,0.0,0.0
172,4.0,2.0,0.0,3.0,5.0,0.0,2503.605,1096.586,54.457,37.235,37.166,9.764,0.0,0.0
173,4.0,2.0,0.0,4.0,7.0,0.0,2430.623,1125.413,65.072,38.163,37.731,9.882,0.0,0.0
174,4.0,2.0,0.0,5.0,8.0,0.0,2393.997,1230.425,-5.352,38.281,36.75,9.769,0.0,0.0
175,5.0,2.0,0.0,0.0,0.0,0.0,3408.895,944.936,-32.646,37.954,37.685,9.849,0.0,0.0
176,5.0,2.0,0.0,1.0,2.0,0.0,2966.777,978.086,41.64,37.905,37.572,9.828,0.0,0.0
177,5.0,2.0,0.0,2.0,4.0,0.0,3055.013,993.524,86.117,37.756,37.693,9.824,0.0,0.0
178,5.0,2.0,0.0,3.0,6.0,0.0,3047.648,1232.781,4.514,39.854,34.013,9.388,0.0,0.0
179,6.0,2.0,0.0,0.0,2.0,0.0,3951.181,1058.642,61.931,37.518,37.418,9.757,0.0,0.0
180,6.0,2.0,0.0,1.0,3.0,0.0,3565.148,1135.946,69.415,37.807,37.669,9.828,0.0,0.0
181,6.0,2.0,0.0,2.0,4.0,0.0,3876.171,1206.249,-31.971,38.375,38.187,9.892,0.0,0.0
182,6.0,2.0,0.0,3.0,5.0,0.0,3729.247,1234.551,-3.91,39.701,30.399,9.166,0.0,0.0
183,7.0,2.0,0.0,0.0,2.0,0.0,4507.743,922.664,67.471,37.511,37.281,9.738,0.0,0.0
184,7.0,2.0,0.0,1.0,3.0,0.0,4565.825,949.513,96.448,38.161,37.856,9.898,0.0,0.0
185,7.0,2.0,0.0,2.0,4.0,0.0,4377.893,990.104,87.328,37.952,37.834,9.868,0.0,0.0
186,7.0,2.0,0.0,3.0,5.0,0.0,4098.172,1008.978,57.068,37.99,37.52,9.832,0.0,0.0
187,7.0,2.0,0.0,4.0,6.0,0.0,4566.894,1095.043,109.283,38.232,38.078,9.859,0.0,0.0
188,7.0,2.0,0.0,5.0,7.0,0.0,4182.91,1135.318,-10.711,37.581,37.392,9.839,0.0,0.0
190,7.0,2.0,0.0,7.0,9.0,0.0,4357.741,1146.435,-1.48,38.33,38.235,9.892,0.0,0.0
191,8.0,2.0,0.0,0.0,1.0,0.0,4765.503,985.034,57.936,38.249,37.868,9.911,0.0,0.0
192,8.0,2.0,0.0,1.0,2.0,0.0,4742.746,1183.743,-28.769,38.498,38.205,9.91,0.0,0.0
193,8.0,2.0,0.0,2.0,3.0,0.0,4987.215,1218.636,88.462,38.531,38.202,9.914,0.0,0.0
194,9.0,2.0,0.0,0.0,1.0,0.0,5228.689,942.116,44.329,37.689,37.266,9.837,0.0,0.0
195,9.0,2.0,0.0,1.0,2.0,0.0,5324.659,987.871,59.026,37.016,36.812,9.767,0.0,0.0
196,0.0,3.0,0.0,0.0,1.0,0.0,193.944,1253.2,62.103,37.619,37.203,9.743,0.0,0.0
197,0.0,3.0,0.0,1.0,2.0,0.0,382.56,1270.041,99.483,38.002,37.951,9.89,0.0,0.0
198,0.0,3.0,0.0,2.0,5.0,0.0,198.393,1473.65,87.52,37.675,37.332,9.767,0.0,0.0
199,0.0,3.0,0.0,3.0,7.0,0.0,144.171,1511.437,105.799,37.814,37.749,9.839,0.0,0.0
200,0.0,3.0,0.0,4.0,8.0,0.0,438.958,1513.218,-36.393,38.266,38.151,9.873,0.0,0.0
201,0.0,3.0,0.0,5.0,10.0,0.0,172.901,1541.736,34.32,37.384,37.199,9.711,0.0,0.0
202,0.0,3.0,0.0,6.0,11.0,0.0,276.692,1542.134,96.514,38.235,37.617,9.876,0.0,0.0
203,0.0,3.0,0.0,7.0,12.0,0.0,397.602,1622.23,103.504,37.779,37.517,9.804,0.0,0.0
204,1.0,3.0,0.0,0.0,2.0,0.0,856.793,1257.001,79.518,37.583,37.291,9.826,0.0,0.0
205,1.0,3.0,0.0,1.0,3.0,0.0,1050.801,1280.652,83.155,37.604,37.465,9.774,0.0,0.0
206,1.0,3.0,0.0,2.0,4.0,0.0,807.115,1290.579,66.703,37.861,37.753,9.846,0.0,0.0
207,1.0,3.0,0.0,3.0,5.0,0.0,1102.503,1304.736,72.812,38.362,38.112,9.881,0.0,0.0
208,1.0,3.0,0.0,4.0,6.0,0.0,995.14,1371.525,84.084,37.587,37.425,9.767,0.0,0.0
209,1.0,3.0,0.0,5.0,7.0,0.0,951.88,1372.28,54.283,37.985,37.891,9.88,0.0,0.0
210,1.0,3.0,0.0,6.0,9.0,0.0,642.617,1473.171,91.422,38.258,37.887,9.838,0.0,0.0
211,1.0,3.0,0.0,7.0,10.0,0.0,803.115,1563.664,92.126,38.296,38.176,9.957,0.0,0.0
212,2.0,3.0,0.0,0.0,1.0,0.0,1270.824,1243.895,61.958,38.119,37.709,9.873,0.0,0.0
213,2.0,3.0,0.0,1.0,2.0,0.0,1505.005,1295.67,55.353,37.757,37.46,9.794,0.0,0.0
214,2.0,3.0,0.0,2.0,3.0,0.0,1243.341,1376.261,63.765,37.546,37.34,9.751,0.0,0.0
215,2.0,3.0,0.0,3.0,4.0,0.0,1269.729,1419.225,71.896,38.105,37.712,9.872,0.0,0.0
216,2.0,3.0,0.0,4.0,5.0,0.0,1369.267,1469.067,51.714,37.739,37.483,9.795,0.0,0.0
217,2.0,3.0,0.0,5.0,6.0,0.0,1329.378,1517.152,82.273,37.324,37.015,9.756,0.0,0.0
218,2.0,3.0,0.0,6.0,7.0,0.0,1416.637,1533.95,42.974,38.062,37.697,9.865,0.0,0.0
220,2.0,3.0,0.0,8.0,9.0,0.0,1443.173,1587.777,63.042,38.353,37.908,9.93,0.0,0.0
221,2.0,3.0,0.0,9.0,11.0,0.0,1517.219,1593.484,5.429,38.117,37.752,9.879,0.0,0.0
222,2.0,3.0,0.0,10.0,12.0,0.0,1407.751,1605.641,-34.891,38.473,38.071,9.967,0.0,0.0
223,2.0,3.0,0.0,11.0,13.0,0.0,1185.086,1645.3,-0.533,42.62,23.932,8.887,0.0,0.0
224,3.0,3.0,0.0,0.0,0.0,0.0,2279.463,1328.189,-28.343,38.527,38.395,9.939,0.0,0.0
225,4.0,3.0,0.0,0.0,1.0,0.0,2802.195,1260.87,100.133,37.819,37.373,9.791,0.0,0.0
226,4.0,3.0,0.0,1.0,4.0,0.0,2376.593,1403.756,59.854,38.078,37.766,9.875,0.0,0.0
227,4.0,3.0,0.0,2.0,5.0,0.0,2628.94,1421.947,45.087,37.119,36.643,9.917,0.0,0.0
228,4.0,3.0,0.0,3.0,5.0,0.0,2596.058,1403.504,31.381,37.946,37.571,9.989,0.0,0.0
229,4.0,3.0,0.0,4.0,6.0,0.0,2823.838,1404.099,127.305,38.016,38.006,9.899,0.0,0.0
230,4.0,3.0,0.0,5.0,7.0,0.0,2885.693,1446.867,85.625,38.39,37.664,9.826,0.0,0.0
231,4.0,3.0,0.0,6.0,8.0,0.0,2373.895,1466.71,81.769,37.409,34.411,9.359,0.0,0.0
232,4.0,3.0,0.0,7.0,9.0,0.0,2536.684,1529.14,106.087,37.445,37.295,9.732,0.0,0.0
233,5.0,3.0,0.0,0.0,1.0,0.0,3467.566,1297.005,91.399,41.159,27.954,8.967,0.0,0.0
234,5.0,3.0,0.0,1.0,2.0,0.0,3372.991,1358.242,57.304,38.784,37.719,9.96,0.0,0.0
235,5.0,3.0,0.0,2.0,3.0,0.0,3405.094,1385.349,106.837,38.247,38.112,9.866,0.0,0.0
236,5.0,3.0,0.0,3.0,4.0,0.0,3198.194,1399.772,85.179,38.023,37.645,9.853,0.0,0.0
237,5.0,3.0,0.0,4.0,6.0,0.0,2965.181,1536.315,52.371,37.962,37.429,9.816,0.0,0.0
238,5.0,3.0,0.0,5.0,7.0,0.0,3125.557,1643.496,-2.142,41.189,28.41,9.051,0.0,0.0
239,6.0,3.0,0.0,0.0,1.0,0.0,4005.03,1260.303,124.161,38.789,38.648,9.929,0.0,0.0
241,6.0,3.0,0.0,2.0,4.0,0.0,3635.803,1346.675,55.348,37.514,37.335,9.823,0.0,0.0
242,6.0,3.0,0.0,3.0,5.0,0.0,3701.525,1412.115,61.172,37.422,37.348,9.736,0.0,0.0
243,6.0,3.0,0.0,4.0,6.0,0.0,3771.214,1493.995,-23.093,37.616,37.361,9.762,0.0,0.0
244,6.0,3.0,0.0,5.0,7.0,0.0,3952.193,1514.306,94.469,37.779,37.605,9.815,0.0,0.0
245,6.0,3.0,0.0,6.0,8.0,0.0,3609.376,1535.85,81.288,37.686,37.272,9.837,0.0,0.0
246,6.0,3.0,0.0,7.0,10.0,0.0,3794.925,1587.7,104.702,38.445,37.868,9.86,0.0,0.0
247,6.0,3.0,0.0,8.0,11.0,0.0,3713.643,1608.153,-13.972,38.832,38.458,9.987,0.0,0.0
249,6.0,3.0,0.0,10.0,14.0,0.0,3896.344,1613.427,101.067,38.532,38.418,9.942,0.0,0.0
250,7.0,3.0,0.0,0.0,0.0,0.0,4318.195,1334.3,92.441,37.48,37.206,9.801,0.0,0.0
251,7.0,3.0,0.0,1.0,1.0,0.0,4426.633,1357.56,87.52,37.722,37.482,9.869,0.0,0.0
252,7.0,3.0,0.0,2.0,2.0,0.0,4147.793,1361.045,49.993,37.477,37.168,9.796,0.0,0.0
253,7.0,3.0,0.0,3.0,3.0,0.0,4508.309,1415.468,71.216,37.917,37.828,9.863,0.0,0.0
254,7.0,3.0,0.0,4.0,4.0,0.0,4290.849,1476.201,83.638,37.554,37.335,9.828,0.0,0.0
255,7.0,3.0,0.0,5.0,5.0,0.0,4095.265,1506.828,11.927,38.047,37.623,9.853,0.0,0.0
256,7.0,3.0,0.0,6.0,7.0,0.0,4345.846,1632.715,121.284,38.238,38.044,9.856,0.0,0.0
257,8.0,3.0,0.0,0.0,1.0,0.0,5136.813,1263.849,124.829,37.619,37.509,9.782,0.0,0.0
258,8.0,3.0,0.0,1.0,2.0,0.0,4849.353,1288.777,69.955,37.109,36.818,9.78,0.0,0.0
259,8.0,3.0,0.0,2.0,3.0,0.0,4997.93,1375.387,98.066,38.241,37.949,9.844,0.0,0.0
260,8.0,3.0,0.0,3.0,4.0,0.0,4657.14,1478.994,109.051,37.059,36.921,9.787,0.0,0.0
261,8.0,3.0,0.0,4.0,6.0,0.0,4696.652,1572.359,32.792,37.852,37.457,9.806,0.0,0.0
262,8.0,3.0,0.0,5.0,7.0,0.0,4871.864,1584.099,75.414,37.843,37.577,9.82,0.0,0.0
263,9.0,3.0,0.0,0.0,0.0,0.0,5400.116,1274.154,70.978,37.612,37.245,9.823,0.0,0.0
264,9.0,3.0,0.0,1.0,2.0,0.0,5714.426,1456.001,109.646,38.18,37.974,9.916,0.0,0.0
265,9.0,3.0,0.0,2.0,4.0,0.0,5285.674,1612.285,-16.683,38.168,37.912,9.83,0.0,0.0
266,9.0,3.0,0.0,3.0,5.0,0.0,5649.992,1641.269,-6.337,39.596,33.277,9.333,0.0,0.0
267,9.0,3.0,0.0,4.0,6.0,0.0,5316.408,1641.812,-1.937,39.906,31.715,9.346,0.0,0.0
268,0.0,4.0,0.0,0.0,1.0,0.0,406.031,1705.858,77.28,37.032,36.759,9.684,0.0,0.0
269,0.0,4.0,0.0,1.0,2.0,0.0,187.672,1757.701,96.002,37.553,37.318,9.826,0.0,0.0
270,0.0,4.0,0.0,2.0,4.0,0.0,319.275,1849.194,105.639,37.551,37.077,9.794,0.0,0.0
272,1.0,4.0,0.0,0.0,0.0,0.0,819.819,1653.246,85.083,37.437,36.94,9.761,0.0,0.0
273,1.0,4.0,0.0,1.0,2.0,0.0,1160.073,1766.942,92.829,39.835,34.786,9.556,0.0,0.0
274,1.0,4.0,0.0,2.0,3.0,0.0,844.844,1807.844,60.581,38.175,37.669,9.875,0.0,0.0
275,1.0,4.0,0.0,3.0,4.0,0.0,1050.602,1901.268,101.6,38.881,38.559,9.929,0.0,0.0
276,1.0,4.0,0.0,4.0,5.0,0.0,1091.24,1950.478,109.015,38.569,38.441,9.95,0.0,0.0
277,1.0,4.0,0.0,5.0,6.0,0.0,865.831,1991.024,109.58,38.513,38.173,9.908,0.0,0.0
278,1.0,4.0,0.0,6.0,7.0,0.0,730.803,2016.541,-35.337,37.74,37.683,9.821,0.0,0.0
279,1.0,4.0,0.0,7.0,8.0,0.0,996.673,2052.925,-3.711,41.247,25.579,8.818,0.0,0.0
280,2.0,4.0,0.0,0.0,1.0,0.0,1353.258,1686.38,89.792,37.991,37.624,9.845,0.0,0.0
281,2.0,4.0,0.0,1.0,2.0,0.0,1231.339,1693.365,67.279,37.531,37.084,9.792,0.0,0.0
283,2.0,4.0,0.0,3.0,6.0,0.0,1437.68,1922.2,5.978,37.948,37.916,9.878,0.0,0.0
284,2.0,4.0,0.0,4.0,7.0,0.0,1669.198,2036.051,-26.721,38.891,38.311,9.826,0.0,0.0
285,3.0,4.0,0.0,0.0,0.0,0.0,1907.706,1763.358,97.987,37.8,37.136,9.834,0.0,0.0
286,3.0,4.0,0.0,1.0,1.0,0.0,1864.971,1777.563,70.639,37.627,37.343,9.839,0.0,0.0
287,3.0,4.0,0.0,2.0,2.0,0.0,1758.214,1878.667,33.396,37.738,37.296,9.847,0.0,0.0
288,3.0,4.0,0.0,3.0,3.0,0.0,2027.808,1925.331,65.097,38.859,38.643,9.937,0.0,0.0
289,3.0,4.0,0.0,4.0,4.0,0.0,1830.057,1960.063,20.028,38.112,38.006,9.911,0.0,0.0
290,3.0,4.0,0.0,5.0,5.0,0.0,2033.586,1989.411,9.061,38.202,37.967,9.918,0.0,0.0
291,3.0,4.0,0.0,6.0,6.0,0.0,1943.924,1990.889,-15.922,38.102,37.911,9.821,0.0,0.0
292,4.0,4.0,0.0,0.0,1.0,0.0,2632.783,1799.013,61.703,38.171,37.763,9.887,0.0,0.0
293,4.0,4.0,0.0,1.0,2.0,0.0,2745.555,1803.97,117.979,38.056,37.591,9.774,0.0,0.0
294,4.0,4.0,0.0,2.0,3.0,0.0,2733.979,1874.454,78.28,37.777,37.512,9.803,0.0,0.0
295,4.0,4.0,0.0,3.0,4.0,0.0,2431.065,1887.557,83.512,37.785,37.553,9.887,0.0,0.0
296,4.0,4.0,0.0,4.0,5.0,0.0,2532.377,1933.201,12.001,37.981,37.302,9.577,0.0,0.0
297,4.0,4.0,0.0,5.0,6.0,0.0,2387.946,1943.947,-4.319,37.992,37.107,9.701,0.0,0.0
298,4.0,4.0,0.0,6.0,8.0,0.0,2817.924,1963.571,-23.081,38.01,37.712,9.86,0.0,0.0
299,5.0,4.0,0.0,0.0,1.0,0.0,3303.023,1684.864,86.688,37.623,37.306,9.833,0.0,0.0
300,5.0,4.0,0.0,1.0,2.0,0.0,3162.662,1769.713,94.845,37.609,37.427,9.847,0.0,0.0
301,5.0,4.0,0.0,2.0,3.0,0.0,3430.191,1862.686,74.085,38.253,38.208,9.879,0.0,0.0
302,5.0,4.0,0.0,3.0,4.0,0.0,3154.633,1916.263,-38.645,37.58,37.492,9.775,0.0,0.0
306,6.0,4.0,0.0,0.0,1.0,0.0,3749.237,1694.269,71.674,37.587,37.446,9.847,0.0,0.0
307,6.0,4.0,0.0,1.0,2.0,0.0,3960.731,1780.943,23.495,37.946,37.851,9.87,0.0,0.0
308,6.0,4.0,0.0,2.0,3.0,0.0,3569.935,1827.719,80.51,38.092,37.785,9.88,0.0,0.0
309,6.0,4.0,0.0,3.0,4.0,0.0,4026.215,1963.609,115.455,38.76,38.656,9.926,0.0,0.0
313,7.0,4.0,0.0,0.0,2.0,0.0,4446.083,1757.433,83.799,37.788,37.107,9.828,0.0,0.0
314,7.0,4.0,0.0,1.0,3.0,0.0,4206.026,1800.628,20.898,37.631,37.161,9.816,0.0,0.0
315,7.0,4.0,0.0,2.0,4.0,0.0,4598.12,1816.165,-43.538,38.62,38.377,9.873,0.0,0.0
316,7.0,4.0,0.0,3.0,5.0,0.0,4116.283,1929.08,49.524,37.369,37.116,9.775,0.0,0.0
317,7.0,4.0,0.0,4.0,7.0,0.0,4416.476,2038.05,55.537,38.017,37.903,9.885,0.0,0.0
318,7.0,4.0,0.0,5.0,8.0,0.0,4469.228,2051.449,-5.179,40.834,28.988,9.047,0.0,0.0
319,8.0,4.0,0.0,0.0,0.0,0.0,4700.431,1817.308,71.182,37.582,37.47,9.772,0.0,0.0
320,8.0,4.0,0.0,1.0,3.0,0.0,5117.064,1925.797,91.254,38.503,38.322,9.926,0.0,0.0
321,8.0,4.0,0.0,2.0,4.0,0.0,5055.212,2019.309,101.855,38.82,38.543,9.995,0.0,0.0
322,8.0,4.0,0.0,3.0,5.0,0.0,4698.346,2029.811,70.323,38.747,38.497,9.904,0.0,0.0
323,9.0,4.0,0.0,0.0,3.0,0.0,5640.171,1839.664,116.18,38.714,38.589,9.988,0.0,0.0
324,9.0,4.0,0.0,1.0,4.0,0.0,5507.505,1864.565,50.674,37.842,37.689,9.835,0.0,0.0
325,9.0,4.0,0.0,2.0,5.0,0.0,5682.13,1897.27,61.08,38.54,38.523,9.957,0.0,0.0
326,9.0,4.0,0.0,3.0,6.0,0.0,5298.013,1966.902,-9.886,38.19,38.087,9.78,0.0,0.0
327,9.0,4.0,0.0,4.0,7.0,0.0,5237.391,1984.884,107.081,38.111,38.012,9.835,0.0,0.0
328,0.0,5.0,0.0,0.0,0.0,0.0,21.04,2075.254,44.565,37.706,36.87,9.788,0.0,0.0
329,0.0,5.0,0.0,1.0,1.0,0.0,382.728,2132.382,94.495,38.053,37.678,9.783,0.0,0.0
330,0.0,5.0,0.0,2.0,2.0,0.0,113.825,2133.969,111.756,37.175,37.057,9.742,0.0,0.0
331,0.0,5.0,0.0,3.0,3.0,0.0,547.462,2157.242,131.946,38.13,37.936,9.904,0.0,0.0
332,0.0,5.0,0.0,4.0,5.0,0.0,270.533,2346.261,35.855,37.936,37.849,9.868,0.0,0.0
333,0.0,5.0,0.0,5.0,6.0,0.0,452.202,2395.885,-44.945,38.301,37.993,9.858,0.0,0.0
334,0.0,5.0,0.0,6.0,7.0,0.0,263.384,2417.476,85.055,38.61,38.395,9.949,0.0,0.0
335,0.0,5.0,0.0,7.0,8.0,0.0,36.486,2428.89,96.087,38.085,38.0,9.83,0.0,0.0
336,0.0,5.0,0.0,8.0,9.0,0.0,342.009,2434.911,78.098,38.41,38.103,9.885,0.0,0.0
337,1.0,5.0,0.0,0.0,1.0,0.0,1065.862,2068.091,76.434,37.871,37.771,9.849,0.0,0.0
338,1.0,5.0,0.0,1.0,2.0,0.0,850.281,2152.784,54.53,36.99,36.586,9.734,0.0,0.0
339,1.0,5.0,0.0,2.0,4.0,0.0,877.297,2263.725,120.693,37.802,37.666,9.827,0.0,0.0
340,1.0,5.0,0.0,3.0,5.0,0.0,710.069,2275.669,60.515,37.714,37.491,9.792,0.0,0.0
341,1.0,5.0,0.0,4.0,6.0,0.0,917.861,2276.175,98.575,37.849,37.731,9.841,0.0,0.0
342,1.0,5.0,0.0,5.0,7.0,0.0,1068.547,2283.957,-31.469,38.458,38.413,9.932,0.0,0.0
343,1.0,5.0,0.0,6.0,10.0,0.0,759.21,2368.015,126.319,38.433,38.254,9.908,0.0,0.0
344,2.0,5.0,0.0,0.0,1.0,0.0,1293.88,2129.921,72.659,37.725,37.518,9.797,0.0,0.0
345,2.0,5.0,0.0,1.0,2.0,0.0,1722.836,2148.262,59.829,38.527,38.304,9.852,0.0,0.0
346,2.0,5.0,0.0,2.0,3.0,0.0,1490.93,2194.777,63.797,37.947,37.615,9.839,0.0,0.0
347,2.0,5.0,0.0,3.0,4.0,0.0,1351.185,2210.055,94.525,38.127,37.246,9.737,0.0,0.0
348,2.0,5.0,0.0,4.0,5.0,0.0,1205.588,2304.668,37.377,38.081,37.704,9.792,0.0,0.0
349,2.0,5.0,0.0,5.0,6.0,0.0,1526.27,2383.294,-22.215,38.312,38.146,9.879,0.0,0.0
350,2.0,5.0,0.0,6.0,7.0,0.0,1739.425,2454.091,94.32,40.368,28.84,9.004,0.0,0.0
352,3.0,5.0,0.0,1.0,1.0,0.0,2142.896,2106.99,64.887,37.643,37.387,9.846,0.0,0.0
353,3.0,5.0,0.0,2.0,2.0,0.0,2188.908,2115.038,0.518,37.496,37.353,9.746,0.0,0.0
354,3.0,5.0,0.0,3.0,4.0,0.0,1891.425,2266.734,61.629,37.816,37.497,9.806,0.0,0.0
355,3.0,5.0,0.0,4.0,5.0,0.0,2290.827,2293.779,70.196,38.757,38.27,9.877,0.0,0.0
356,3.0,5.0,0.0,5.0,6.0,0.0,2076.916,2328.429,116.005,37.265,37.135,9.764,0.0,0.0
357,3.0,5.0,0.0,6.0,7.0,0.0,1860.002,2380.246,52.989,38.104,37.842,9.813,0.0,0.0
358,3.0,5.0,0.0,7.0,8.0,0.0,2018.734,2388.763,112.593,37.617,37.332,9.836,0.0,0.0
359,4.0,5.0,0.0,0.0,0.0,0.0,2612.981,2076.967,89.354,37.448,37.156,9.791,0.0,0.0
360,4.0,5.0,0.0,1.0,1.0,0.0,2721.849,2206.946,-11.412,38.066,37.905,9.892,0.0,0.0
361,4.0,5.0,0.0,2.0,2.0,0.0,2472.937,2216.744,-3.16,37.709,37.227,9.757,0.0,0.0
362,4.0,5.0,0.0,3.0,3.0,0.0,2504.71,2255.049,37.802,38.263,38.038,9.858,0.0,0.0
363,4.0,5.0,0.0,4.0,4.0,0.0,2607.691,2292.652,87.852,37.716,37.309,9.846,0.0,0.0
368,5.0,5.0,0.0,0.0,3.0,0.0,3336.549,2419.496,-8.809,38.704,38.373,9.959,0.0,0.0
369,6.0,5.0,0.0,0.0,1.0,0.0,3967.998,2211.716,9.196,37.838,37.776,9.846,0.0,0.0
370,6.0,5.0,0.0,1.0,2.0,0.0,4043.662,2212.344,91.278,42.269,27.842,9.052,0.0,0.0
371,6.0,5.0,0.0,2.0,3.0,0.0,3818.409,2237.939,128.221,38.159,38.032,9.921,0.0,0.0
376,6.0,5.0,0.0,7.0,6.0,0.0,3992.084,2388.834,92.832,38.405,38.241,9.828,0.0,0.0
377,7.0,5.0,0.0,0.0,3.0,0.0,4210.128,2264.936,87.535,37.768,37.351,9.858,0.0,0.0
378,7.0,5.0,0.0,1.0,4.0,0.0,4552.079,2311.626,-27.036,38.696,38.427,9.965,0.0,0.0
379,7.0,5.0,0.0,2.0,5.0,0.0,4382.242,2346.757,59.019,38.385,38.151,9.965,0.0,0.0
380,7.0,5.0,0.0,3.0,6.0,0.0,4288.089,2348.889,-26.728,37.755,37.565,9.807,0.0,0.0
381,7.0,5.0,0.0,4.0,7.0,0.0,4573.572,2436.856,-7.877,38.724,38.609,9.991,0.0,0.0
382,8.0,5.0,0.0,0.0,1.0,0.0,4894.276,2072.685,84.43,38.01,37.63,9.849,0.0,0.0
383,8.0,5.0,0.0,1.0,2.0,0.0,5085.468,2188.946,69.418,38.294,38.067,9.943,0.0,0.0
384,8.0,5.0,0.0,2.0,3.0,0.0,4876.23,2258.831,90.916,37.548,37.374,9.833,0.0,0.0
385,8.0,5.0,0.0,3.0,4.0,0.0,5058.682,2267.469,59.412,38.437,38.219,9.904,0.0,0.0
386,8.0,5.0,0.0,4.0,5.0,0.0,4735.607,2296.799,62.134,37.567,37.413,9.84,0.0,0.0
387,8.0,5.0,0.0,5.0,6.0,0.0,4988.554,2332.265,104.854,38.196,38.15,9.941,0.0,0.0
388,8.0,5.0,0.0,6.0,7.0,0.0,4768.509,2385.41,83.635,37.889,37.624,9.832,0.0,0.0
390,8.0,5.0,0.0,8.0,9.0,0.0,4669.975,2459.98,-0.79,41.791,27.088,8.901,0.0,0.0
391,9.0,5.0,0.0,0.0,0.0,0.0,5686.74,2070.672,98.429,38.449,38.313,9.918,0.0,0.0
392,9.0,5.0,0.0,1.0,2.0,0.0,5366.499,2105.995,65.964,37.703,37.258,9.76,0.0,0.0
393,9.0,5.0,0.0,2.0,3.0,0.0,5367.941,2154.714,32.593,38.339,38.109,9.877,0.0,0.0
394,9.0,5.0,0.0,3.0,4.0,0.0,5592.81,2189.112,86.464,38.049,37.86,9.808,0.0,0.0
395,9.0,5.0,0.0,4.0,5.0,0.0,5339.141,2238.524,111.372,39.137,37.652,9.92,0.0,0.0
396,9.0,5.0,0.0,5.0,6.0,0.0,5546.513,2384.95,-35.73,37.958,37.755,9.858,0.0,0.0
397,9.0,5.0,0.0,6.0,7.0,0.0,5258.764,2415.674,-7.805,37.902,37.63,9.835,0.0,0.0
398,9.0,5.0,0.0,7.0,8.0,0.0,5233.812,2460.105,-0.522,42.597,26.788,8.963,0.0,0.0
399,0.0,6.0,0.0,0.0,1.0,0.0,377.4,2477.518,88.886,37.449,37.323,9.736,0.0,0.0
400,0.0,6.0,0.0,1.0,2.0,0.0,313.635,2491.913,71.865,37.936,37.385,9.808,0.0,0.0
401,0.0,6.0,0.0,2.0,4.0,0.0,368.892,2579.493,57.724,37.627,37.504,9.782,0.0,0.0
402,0.0,6.0,0.0,3.0,5.0,0.0,172.551,2597.96,45.834,36.812,36.673,9.722,0.0,0.0
403,0.0,6.0,0.0,4.0,6.0,0.0,507.178,2640.919,89.306,38.215,37.822,9.9,0.0,0.0
404,0.0,6.0,0.0,5.0,7.0,0.0,57.528,2685.91,33.273,37.791,37.347,9.861,0.0,0.0
405,0.0,6.0,0.0,6.0,8.0,0.0,551.362,2710.503,60.203,38.741,38.331,9.958,0.0,0.0
406,0.0,6.0,0.0,7.0,9.0,0.0,171.792,2731.719,-2.121,38.182,38.008,9.921,0.0,0.0
407,0.0,6.0,0.0,8.0,10.0,0.0,358.061,2788.998,-6.343,37.917,37.791,9.936,0.0,0.0
408,1.0,6.0,0.0,0.0,1.0,0.0,740.327,2548.814,28.715,37.129,36.78,9.778,0.0,0.0
409,1.0,6.0,0.0,1.0,2.0,0.0,908.387,2579.781,105.575,37.944,37.477,9.82,0.0,0.0
410,1.0,6.0,0.0,2.0,3.0,0.0,978.779,2621.862,117.309,38.741,36.491,9.344,0.0,0.0
411,1.0,6.0,0.0,3.0,4.0,0.0,1022.252,2650.22,103.215,37.793,37.657,9.824,0.0,0.0
412,1.0,6.0,0.0,4.0,5.0,0.0,1102.916,2662.785,-22.933,38.286,38.238,9.964,0.0,0.0
414,1.0,6.0,0.0,6.0,8.0,0.0,1120.557,2795.369,114.149,39.224,39.105,9.968,0.0,0.0
415,2.0,6.0,0.0,0.0,2.0,0.0,1270.857,2527.909,11.987,37.374,37.269,9.796,0.0,0.0
416,2.0,6.0,0.0,1.0,3.0,0.0,1524.349,2547.184,69.157,37.507,36.792,9.995,0.0,0.0
417,2.0,6.0,0.0,2.0,4.0,0.0,1665.742,2614.882,22.871,38.229,38.132,9.943,0.0,0.0
418,2.0,6.0,0.0,3.0,5.0,0.0,1440.282,2638.812,96.134,37.621,37.126,9.809,0.0,0.0
419,2.0,6.0,0.0,4.0,6.0,0.0,1201.355,2645.761,81.696,37.577,37.352,9.834,0.0,0.0
421,2.0,6.0,0.0,6.0,9.0,0.0,1495.068,2717.559,10.137,37.832,37.734,9.839,0.0,0.0
422,2.0,6.0,0.0,7.0,10.0,0.0,1397.306,2721.211,102.14,37.745,37.606,9.811,0.0,0.0
423,2.0,6.0,0.0,8.0,11.0,0.0,1625.66,2846.894,118.011,38.551,38.073,9.825,0.0,0.0
424,3.0,6.0,0.0,0.0,1.0,0.0,2050.655,2500.107,75.542,37.749,37.526,9.801,0.0,0.0
425,3.0,6.0,0.0,1.0,2.0,0.0,1879.736,2503.338,39.867,37.173,36.629,9.686,0.0,0.0
428,3.0,6.0,0.0,4.0,5.0,0.0,1868.479,2764.727,3.591,37.878,37.418,9.882,0.0,0.0
429,4.0,6.0,0.0,0.0,1.0,0.0,2536.837,2497.251,95.985,37.513,37.417,9.834,0.0,0.0
430,4.0,6.0,0.0,1.0,2.0,0.0,2878.7,2659.483,-15.008,38.531,37.928,9.879,0.0,0.0
432,5.0,6.0,0.0,0.0,0.0,0.0,3457.694,2606.929,48.637,37.915,37.866,9.867,0.0,0.0
433,5.0,6.0,0.0,1.0,1.0,0.0,2962.677,2645.5,71.114,37.815,37.711,9.834,0.0,0.0
434,5.0,6.0,0.0,2.0,3.0,0.0,3146.446,2718.898,60.722,37.451,37.249,9.803,0.0,0.0
435,5.0,6.0,0.0,3.0,4.0,0.0,3302.181,2775.444,38.072,37.865,37.796,9.852,0.0,0.0
436,5.0,6.0,0.0,4.0,5.0,0.0,3468.484,2779.445,93.165,42.957,26.126,8.91,0.0,0.0
437,5.0,6.0,0.0,5.0,6.0,0.0,2927.431,2793.658,22.019,37.662,37.484,9.785,0.0,0.0
438,5.0,6.0,0.0,6.0,7.0,0.0,2980.9,2802.212,-29.9,37.988,37.774,9.789,0.0,0.0
439,5.0,6.0,0.0,7.0,8.0,0.0,3381.529,2814.029,91.815,38.545,38.338,9.933,0.0,0.0
440,5.0,6.0,0.0,8.0,9.0,0.0,3146.635,2823.008,53.896,37.485,37.244,9.807,0.0,0.0
441,6.0,6.0,0.0,0.0,1.0,0.0,3934.867,2488.515,91.531,38.559,38.088,9.903,0.0,0.0
442,6.0,6.0,0.0,1.0,3.0,0.0,3727.395,2611.24,70.667,37.487,36.979,9.773,0.0,0.0
443,6.0,6.0,0.0,2.0,4.0,0.0,3773.194,2658.913,92.143,37.483,37.353,9.744,0.0,0.0
444,6.0,6.0,0.0,3.0,5.0,0.0,3846.092,2670.944,30.027,38.353,38.176,9.888,0.0,0.0
445,6.0,6.0,0.0,4.0,6.0,0.0,3670.313,2692.383,-16.085,37.773,37.543,9.885,0.0,0.0
446,7.0,6.0,0.0,0.0,1.0,0.0,4279.665,2537.812,94.507,37.438,37.084,9.703,0.0,0.0
447,7.0,6.0,0.0,1.0,2.0,0.0,4268.483,2582.527,27.809,37.939,37.753,9.78,0.0,0.0
449,7.0,6.0,0.0,3.0,5.0,0.0,4292.03,2722.53,-3.303,37.826,37.7,9.834,0.0,0.0
450,7.0,6.0,0.0,4.0,7.0,0.0,4523.54,2867.525,-4.832,40.198,28.977,9.059,0.0,0.0
451,7.0,6.0,0.0,5.0,8.0,0.0,4327.989,2868.989,-3.612,41.734,25.134,8.765,0.0,0.0
452,8.0,6.0,0.0,0.0,1.0,0.0,5141.173,2579.056,103.626,38.643,38.385,9.952,0.0,0.0
453,8.0,6.0,0.0,1.0,2.0,0.0,4833.967,2695.609,51.137,37.473,37.361,9.821,0.0,0.0
454,8.0,6.0,0.0,2.0,3.0,0.0,5037.518,2697.175,110.43,37.372,37.089,9.772,0.0,0.0
455,8.0,6.0,0.0,3.0,4.0,0.0,4981.484,2745.761,101.335,38.103,37.62,9.86,0.0,0.0
456,8.0,6.0,0.0,4.0,5.0,0.0,4787.781,2756.363,73.752,38.094,38.011,9.909,0.0,0.0
457,8.0,6.0,0.0,5.0,6.0,0.0,4712.804,2758.136,45.064,37.99,37.686,9.853,0.0,0.0
458,9.0,6.0,0.0,0.0,2.0,0.0,5377.188,2482.446,76.15,37.703,37.553,9.876,0.0,0.0
459,9.0,6.0,0.0,1.0,3.0,0.0,5236.007,2545.222,71.568,37.498,37.154,9.797,0.0,0.0
460,9.0,6.0,0.0,2.0,4.0,0.0,5682.075,2629.28,114.212,38.172,37.828,9.896,0.0,0.0
461,9.0,6.0,0.0,3.0,5.0,0.0,5412.355,2658.105,107.068,37.612,37.424,9.847,0.0,0.0
462,9.0,6.0,0.0,4.0,6.0,0.0,5232.731,2660.106,-25.426,37.805,37.658,9.826,0.0,0.0
463,9.0,6.0,0.0,5.0,7.0,0.0,5368.547,2743.085,38.087,38.213,38.096,9.859,0.0,0.0
464,9.0,6.0,0.0,6.0,8.0,0.0,5331.23,2834.424,41.813,38.087,37.845,9.966,0.0,0.0
465,9.0,6.0,0.0,7.0,9.0,0.0,5501.996,2848.773,34.835,38.278,38.16,9.876,0.0,0.0
466,9.0,6.0,0.0,8.0,10.0,0.0,5267.191,2851.486,20.357,38.306,37.936,9.851,0.0,0.0
467,0.0,7.0,0.0,0.0,0.0,0.0,86.376,2898.482,79.455,37.21,36.814,9.715,0.0,0.0
468,0.0,7.0,0.0,1.0,1.0,0.0,247.819,2956.501,66.771,37.446,37.245,9.802,0.0,0.0
469,0.0,7.0,0.0,2.0,2.0,0.0,428.743,2971.764,83.93,38.154,37.859,9.897,0.0,0.0
470,0.0,7.0,0.0,3.0,5.0,0.0,381.623,3048.02,101.558,37.872,37.539,9.819,0.0,0.0
471,0.0,7.0,0.0,4.0,6.0,0.0,584.754,3070.955,90.973,40.347,33.673,9.529,0.0,0.0
472,0.0,7.0,0.0,5.0,7.0,0.0,414.306,3077.728,48.347,38.815,38.168,9.946,0.0,0.0
473,0.0,7.0,0.0,6.0,8.0,0.0,518.952,3172.674,121.263,38.945,38.828,9.972,0.0,0.0
474,0.0,7.0,0.0,7.0,10.0,0.0,322.154,3207.275,57.048,38.489,38.079,9.893,0.0,0.0
475,0.0,7.0,0.0,8.0,11.0,0.0,106.778,3276.417,-1.192,42.002,26.095,8.845,0.0,0.0
476,1.0,7.0,0.0,0.0,0.0,0.0,1155.127,2895.432,120.907,38.283,37.746,9.899,0.0,0.0
479,1.0,7.0,0.0,3.0,7.0,0.0,1161.645,3080.176,90.843,40.463,32.046,9.328,0.0,0.0
480,1.0,7.0,0.0,4.0,8.0,0.0,648.297,3122.195,19.695,38.362,38.138,9.884,0.0,0.0
481,1.0,7.0,0.0,5.0,9.0,0.0,808.116,3267.646,30.397,37.982,37.619,9.844,0.0,0.0
482,2.0,7.0,0.0,0.0,6.0,0.0,1478.904,3077.317,92.524,37.784,37.297,9.853,0.0,0.0
483,2.0,7.0,0.0,1.0,8.0,0.0,1674.66,3154.289,94.567,38.136,37.848,9.893,0.0,0.0
484,2.0,7.0,0.0,2.0,9.0,0.0,1716.425,3204.227,128.212,38.272,38.15,9.874,0.0,0.0
485,3.0,7.0,0.0,0.0,0.0,0.0,2073.822,2881.241,130.115,38.061,37.742,9.87,0.0,0.0
486,3.0,7.0,0.0,1.0,1.0,0.0,1993.301,2901.756,78.426,37.918,37.509,9.821,0.0,0.0
487,3.0,7.0,0.0,2.0,2.0,0.0,1834.76,2911.335,65.802,37.474,36.94,9.765,0.0,0.0
488,3.0,7.0,0.0,3.0,3.0,0.0,1751.875,2939.705,49.107,37.747,37.292,9.771,0.0,0.0
489,3.0,7.0,0.0,4.0,5.0,0.0,1922.152,3049.822,14.293,37.857,37.622,9.828,0.0,0.0
491,3.0,7.0,0.0,6.0,7.0,0.0,1856.184,3116.563,-43.216,38.009,37.742,9.863,0.0,0.0
492,3.0,7.0,0.0,7.0,8.0,0.0,2229.88,3171.912,106.427,38.044,37.622,9.852,0.0,0.0
493,4.0,7.0,0.0,0.0,0.0,0.0,2697.118,2920.932,109.289,37.525,37.208,9.808,0.0,0.0
494,4.0,7.0,0.0,1.0,1.0,0.0,2631.829,2954.264,120.086,37.588,37.291,9.827,0.0,0.0
495,4.0,7.0,0.0,2.0,3.0,0.0,2399.998,2993.331,47.053,37.658,37.131,9.815,0.0,0.0
496,4.0,7.0,0.0,3.0,4.0,0.0,2644.44,3099.883,51.443,38.135,37.744,9.88,0.0,0.0
497,5.0,7.0,0.0,0.0,0.0,0.0,3250.962,2904.635,85.702,38.293,37.737,9.899,0.0,0.0
498,5.0,7.0,0.0,1.0,1.0,0.0,2914.141,2951.663,-6.774,37.796,37.579,9.814,0.0,0.0
499,5.0,7.0,0.0,2.0,3.0,0.0,3359.567,2990.779,112.592,38.36,38.245,9.898,0.0,0.0
500,5.0,7.0,0.0,3.0,4.0,0.0,3468.701,3021.237,91.74,42.47,25.42,8.854,0.0,0.0
501,5.0,7.0,0.0,4.0,5.0,0.0,3177.491,3071.301,99.544,37.392,36.968,9.759,0.0,0.0
502,5.0,7.0,0.0,5.0,6.0,0.0,3245.418,3076.186,-32.776,38.282,37.526,9.871,0.0,0.0
503,5.0,7.0,0.0,6.0,9.0,0.0,3387.223,3235.476,120.132,38.581,38.325,9.861,0.0,0.0
504,6.0,7.0,0.0,0.0,0.0,0.0,3578.015,2922.753,-16.89,37.175,36.903,9.497,0.0,0.0
505,6.0,7.0,0.0,1.0,1.0,0.0,3705.332,3009.41,98.438,37.851,37.74,9.842,0.0,0.0
506,6.0,7.0,0.0,2.0,4.0,0.0,3929.283,3069.62,119.431,37.998,37.94,9.888,0.0,0.0
507,6.0,7.0,0.0,3.0,5.0,0.0,4019.437,3073.905,64.852,38.395,38.358,9.917,0.0,0.0
508,6.0,7.0,0.0,4.0,6.0,0.0,3483.125,3122.691,58.924,37.271,37.146,9.766,0.0,0.0
509,7.0,7.0,0.0,0.0,2.0,0.0,4234.528,2928.985,71.474,37.685,37.312,9.842,0.0,0.0
510,7.0,7.0,0.0,1.0,3.0,0.0,4307.721,2934.474,62.507,37.467,37.237,9.804,0.0,0.0
511,7.0,7.0,0.0,2.0,5.0,0.0,4417.246,3109.025,104.265,37.908,37.636,9.836,0.0,0.0
512,7.0,7.0,0.0,3.0,6.0,0.0,4479.864,3162.197,62.593,38.582,38.334,9.938,0.0,0.0
513,7.0,7.0,0.0,4.0,7.0,0.0,4553.279,3173.954,16.223,38.203,38.018,9.925,0.0,0.0
514,8.0,7.0,0.0,0.0,1.0,0.0,5145.252,2896.146,132.762,38.221,38.088,9.859,0.0,0.0
515,8.0,7.0,0.0,1.0,2.0,0.0,5105.051,2955.655,20.23,38.151,37.889,9.825,0.0,0.0
516,8.0,7.0,0.0,2.0,3.0,0.0,4979.664,2964.168,93.592,37.867,37.41,9.801,0.0,0.0
517,8.0,7.0,0.0,3.0,5.0,0.0,4984.341,3109.332,77.927,38.816,38.446,9.907,0.0,0.0
518,8.0,7.0,0.0,4.0,6.0,0.0,4762.561,3155.115,12.083,37.903,37.757,9.851,0.0,0.0
519,9.0,7.0,0.0,0.0,2.0,0.0,5379.0,2904.149,80.643,36.842,36.413,9.691,0.0,0.0
520,9.0,7.0,0.0,1.0,3.0,0.0,5501.546,2988.55,63.774,38.09,37.862,9.889,0.0,0.0
521,9.0,7.0,0.0,2.0,4.0,0.0,5385.847,3008.859,52.725,37.638,37.377,9.767,0.0,0.0
522,9.0,7.0,0.0,3.0,5.0,0.0,5665.73,3010.266,-38.162,37.894,37.859,9.864,0.0,0.0
523,9.0,7.0,0.0,4.0,6.0,0.0,5539.215,3035.91,42.696,38.097,37.666,9.788,0.0,0.0
524,9.0,7.0,0.0,5.0,7.0,0.0,5333.391,3064.505,82.379,37.842,37.632,9.827,0.0,0.0
525,9.0,7.0,0.0,6.0,8.0,0.0,5641.653,3143.426,119.2,37.817,37.607,9.821,0.0,0.0
526,0.0,8.0,0.0,0.0,2.0,0.0,185.255,3347.655,59.366,38.024,37.425,9.901,0.0,0.0
527,0.0,8.0,0.0,1.0,3.0,0.0,95.84,3532.208,93.394,37.422,37.314,9.808,0.0,0.0
528,0.0,8.0,0.0,2.0,5.0,0.0,155.215,3629.491,63.366,38.038,37.598,9.848,0.0,0.0
529,0.0,8.0,0.0,3.0,6.0,0.0,71.287,3666.249,70.607,38.336,37.845,9.843,0.0,0.0
530,0.0,8.0,0.0,4.0,7.0,0.0,200.169,3678.865,-0.622,38.967,36.504,9.674,0.0,0.0
531,0.0,8.0,0.0,5.0,8.0,0.0,350.903,3684.227,-4.153,41.751,27.034,9.021,0.0,0.0
532,1.0,8.0,0.0,0.0,1.0,0.0,832.631,3341.222,68.377,37.74,37.089,9.667,0.0,0.0
533,1.0,8.0,0.0,1.0,2.0,0.0,686.879,3518.482,38.545,37.802,37.613,9.897,0.0,0.0
534,1.0,8.0,0.0,2.0,3.0,0.0,926.922,3579.316,11.027,38.263,38.13,9.87,0.0,0.0
535,1.0,8.0,0.0,3.0,4.0,0.0,1009.804,3623.791,59.341,38.636,38.547,9.972,0.0,0.0
536,2.0,8.0,0.0,0.0,1.0,0.0,1274.617,3357.848,79.634,37.779,37.489,9.801,0.0,0.0
537,2.0,8.0,0.0,1.0,2.0,0.0,1712.707,3379.842,122.131,38.254,38.152,9.949,0.0,0.0
538,2.0,8.0,0.0,2.0,3.0,0.0,1408.999,3390.83,103.038,37.825,37.689,9.832,0.0,0.0
539,2.0,8.0,0.0,3.0,4.0,0.0,1280.416,3438.737,68.082,37.888,37.764,9.85,0.0,0.0
540,2.0,8.0,0.0,4.0,5.0,0.0,1613.988,3528.564,12.762,38.69,38.539,9.902,0.0,0.0
541,2.0,8.0,0.0,5.0,7.0,0.0,1321.02,3620.542,86.851,37.865,37.592,9.825,0.0,0.0
542,2.0,8.0,0.0,6.0,8.0,0.0,1316.904,3665.791,78.999,38.331,38.106,9.876,0.0,0.0
543,3.0,8.0,0.0,0.0,0.0,0.0,2244.349,3339.895,70.296,38.415,38.165,9.894,0.0,0.0
544,3.0,8.0,0.0,1.0,1.0,0.0,2108.97,3379.754,60.472,37.839,37.272,9.857,0.0,0.0
545,3.0,8.0,0.0,2.0,2.0,0.0,1910.477,3384.295,106.596,37.289,36.982,9.747,0.0,0.0
546,3.0,8.0,0.0,3.0,5.0,0.0,2242.775,3569.389,28.572,38.435,38.209,9.903,0.0,0.0
547,4.0,8.0,0.0,0.0,0.0,0.0,2509.851,3303.446,35.558,37.86,37.368,9.873,0.0,0.0
548,4.0,8.0,0.0,1.0,1.0,0.0,2575.556,3360.861,-25.322,37.295,37.0,9.6,0.0,0.0
549,4.0,8.0,0.0,2.0,1.0,0.0,2608.557,3340.777,86.98,37.982,37.805,9.792,0.0,0.0
550,4.0,8.0,0.0,3.0,2.0,0.0,2844.569,3353.049,96.214,38.38,38.153,9.888,0.0,0.0
551,4.0,8.0,0.0,4.0,3.0,0.0,2866.3,3508.129,80.113,37.711,37.378,9.777,0.0,0.0
552,4.0,8.0,0.0,5.0,4.0,0.0,2388.638,3566.169,17.365,37.796,37.452,9.798,0.0,0.0
553,4.0,8.0,0.0,6.0,5.0,0.0,2423.512,3682.007,-0.822,39.472,31.326,9.256,0.0,0.0
554,5.0,8.0,0.0,0.0,0.0,0.0,3192.685,3292.853,87.56,37.81,37.65,9.825,0.0,0.0
555,5.0,8.0,0.0,1.0,1.0,0.0,3024.696,3338.342,64.799,37.279,37.138,9.766,0.0,0.0
556,5.0,8.0,0.0,2.0,2.0,0.0,3301.728,3377.353,90.827,38.045,37.375,9.594,0.0,0.0
557,5.0,8.0,0.0,3.0,3.0,0.0,3268.796,3504.25,74.922,37.644,37.432,9.853,0.0,0.0
558,5.0,8.0,0.0,4.0,5.0,0.0,3343.719,3537.871,90.16,37.628,37.477,9.779,0.0,0.0
559,5.0,8.0,0.0,5.0,6.0,0.0,3277.467,3631.629,21.544,37.83,37.79,9.846,0.0,0.0
560,5.0,8.0,0.0,6.0,7.0,0.0,3098.252,3668.415,61.5,37.421,37.162,9.788,0.0,0.0
561,6.0,8.0,0.0,0.0,1.0,0.0,3661.105,3350.724,76.634,37.594,37.139,9.731,0.0,0.0
562,6.0,8.0,0.0,1.0,2.0,0.0,4019.962,3414.943,121.762,38.4,37.992,9.87,0.0,0.0
563,6.0,8.0,0.0,2.0,3.0,0.0,3760.832,3453.573,53.271,37.592,37.203,9.739,0.0,0.0
564,6.0,8.0,0.0,3.0,4.0,0.0,4013.087,3465.804,107.254,37.827,37.586,9.819,0.0,0.0
565,6.0,8.0,0.0,4.0,6.0,0.0,3852.325,3532.916,-34.573,38.304,38.078,9.946,0.0,0.0
566,6.0,8.0,0.0,5.0,7.0,0.0,3808.134,3556.688,44.361,37.814,37.722,9.835,0.0,0.0
567,6.0,8.0,0.0,6.0,8.0,0.0,3644.774,3570.184,39.671,37.256,37.014,9.747,0.0,0.0
568,6.0,8.0,0.0,7.0,9.0,0.0,3535.651,3664.472,87.076,38.057,37.937,9.819,0.0,0.0
569,7.0,8.0,0.0,0.0,0.0,0.0,4242.785,3300.643,12.226,38.025,37.891,9.885,0.0,0.0
570,7.0,8.0,0.0,1.0,2.0,0.0,4053.586,3493.224,64.451,38.239,37.895,9.913,0.0,0.0
571,7.0,8.0,0.0,2.0,3.0,0.0,4165.698,3562.783,98.008,37.605,37.344,9.836,0.0,0.0
572,7.0,8.0,0.0,3.0,4.0,0.0,4595.549,3600.229,73.646,38.932,38.419,9.918,0.0,0.0
573,7.0,8.0,0.0,4.0,5.0,0.0,4476.599,3605.544,94.621,38.804,37.98,9.92,0.0,0.0
574,7.0,8.0,0.0,5.0,7.0,0.0,4531.374,3678.979,-4.035,39.029,36.852,9.652,0.0,0.0
575,8.0,8.0,0.0,0.0,0.0,0.0,4976.973,3306.434,93.297,37.149,36.926,9.721,0.0,0.0
576,8.0,8.0,0.0,1.0,1.0,0.0,4860.272,3372.703,74.753,37.716,37.522,9.797,0.0,0.0
577,8.0,8.0,0.0,2.0,2.0,0.0,4940.411,3423.552,102.186,37.555,37.432,9.764,0.0,0.0
578,8.0,8.0,0.0,3.0,4.0,0.0,5065.446,3503.239,60.038,38.184,37.927,9.834,0.0,0.0
579,8.0,8.0,0.0,4.0,6.0,0.0,4861.4,3577.779,22.335,37.599,37.401,9.843,0.0,0.0
580,8.0,8.0,0.0,5.0,7.0,0.0,4763.295,3584.961,-1.212,37.518,37.207,9.807,0.0,0.0
585,8.0,8.0,0.0,10.0,11.0,0.0,4913.735,3651.991,96.557,38.165,38.08,9.851,0.0,0.0
586,9.0,8.0,0.0,0.0,1.0,0.0,5428.419,3620.94,16.871,38.287,38.059,9.941,0.0,0.0
587,9.0,8.0,0.0,1.0,2.0,0.0,5267.032,3640.789,12.53,37.982,37.917,9.883,0.0,0.0
588,0.0,9.0,0.0,0.0,3.0,0.0,476.36,3697.017,93.526,38.625,38.223,9.929,0.0,0.0
589,0.0,9.0,0.0,1.0,5.0,0.0,511.781,3793.392,-32.047,38.058,37.759,9.872,0.0,0.0
590,0.0,9.0,0.0,2.0,7.0,0.0,159.505,3821.11,12.894,37.051,36.697,9.756,0.0,0.0
591,0.0,9.0,0.0,3.0,8.0,0.0,548.113,3842.238,-40.807,38.277,38.126,9.872,0.0,0.0
593,0.0,9.0,0.0,5.0,12.0,0.0,178.099,3931.081,111.222,37.59,37.255,9.669,0.0,0.0
595,0.0,9.0,0.0,7.0,14.0,0.0,582.296,3948.714,92.762,38.851,37.256,9.757,0.0,0.0
596,0.0,9.0,0.0,8.0,17.0,0.0,444.791,4090.964,-4.665,40.139,30.155,9.165,0.0,0.0
597,1.0,9.0,0.0,0.0,0.0,0.0,693.833,3746.653,55.434,36.954,36.817,9.759,0.0,0.0
598,1.0,9.0,0.0,1.0,1.0,0.0,1094.775,3747.806,80.167,37.695,37.372,9.774,0.0,0.0
599,1.0,9.0,0.0,2.0,3.0,0.0,738.48,4039.424,58.447,38.142,38.078,9.924,0.0,0.0
600,2.0,9.0,0.0,0.0,1.0,0.0,1251.863,3971.904,60.092,38.136,37.696,9.798,0.0,0.0
602,2.0,9.0,0.0,2.0,3.0,0.0,1590.149,4090.424,-4.699,40.398,31.077,9.293,0.0,0.0
603,3.0,9.0,0.0,0.0,0.0,0.0,2019.57,3792.267,107.329,37.533,36.975,9.778,0.0,0.0
604,3.0,9.0,0.0,1.0,3.0,0.0,2025.197,4069.673,83.367,38.051,37.921,9.892,0.0,0.0
605,4.0,9.0,0.0,0.0,2.0,0.0,2528.74,3798.715,3.696,37.743,37.513,9.799,0.0,0.0
606,4.0,9.0,0.0,1.0,3.0,0.0,2806.174,3862.166,102.552,37.537,37.372,9.831,0.0,0.0
608,4.0,9.0,0.0,3.0,5.0,0.0,2346.264,4066.114,117.246,37.951,37.579,9.758,0.0,0.0
609,4.0,9.0,0.0,4.0,6.0,0.0,2391.262,4076.63,105.076,37.844,37.701,9.761,0.0,0.0
610,4.0,9.0,0.0,5.0,7.0,0.0,2691.575,4093.29,-4.49,41.962,24.611,8.742,0.0,0.0
611,5.0,9.0,0.0,0.0,1.0,0.0,2993.671,3741.854,86.16,37.043,36.587,9.74,0.0,0.0
612,5.0,9.0,0.0,1.0,2.0,0.0,3439.709,3830.564,68.653,38.241,38.053,9.857,0.0,0.0
613,5.0,9.0,0.0,2.0,5.0,0.0,3213.604,3911.846,83.306,38.384,37.992,9.867,0.0,0.0
614,5.0,9.0,0.0,3.0,6.0,0.0,3394.903,3955.042,102.308,38.406,38.273,9.907,0.0,0.0
615,5.0,9.0,0.0,4.0,7.0,0.0,3196.711,3985.798,105.212,37.629,37.181,9.818,0.0,0.0
616,5.0,9.0,0.0,5.0,8.0,0.0,3059.638,3988.914,-28.737,37.667,37.382,9.849,0.0,0.0
617,5.0,9.0,0.0,6.0,10.0,0.0,3306.182,4043.685,84.793,38.19,37.911,9.833,0.0,0.0
618,5.0,9.0,0.0,7.0,11.0,0.0,2941.926,4078.905,-23.456,37.805,37.77,9.84,0.0,0.0
619,6.0,9.0,0.0,0.0,2.0,0.0,4042.284,3704.403,90.107,41.221,30.794,9.237,0.0,0.0
620,6.0,9.0,0.0,1.0,3.0,0.0,3958.489,3707.931,122.705,37.965,37.746,9.858,0.0,0.0
621,6.0,9.0,0.0,2.0,6.0,0.0,3564.195,3826.21,47.729,38.204,37.852,9.827,0.0,0.0
622,6.0,9.0,0.0,3.0,7.0,0.0,3598.854,3841.538,119.992,6.278,4.33,3.698,0.0,0.0
623,6.0,9.0,0.0,4.0,8.0,0.0,4002.283,3874.058,7.068,37.697,37.628,9.808,0.0,0.0
624,6.0,9.0,0.0,5.0,9.0,0.0,3489.561,3877.082,18.205,37.574,37.256,9.821,0.0,0.0
625,6.0,9.0,0.0,6.0,10.0,0.0,3532.278,3878.547,55.628,37.606,37.129,9.731,0.0,0.0
626,6.0,9.0,0.0,7.0,11.0,0.0,3682.724,3947.164,55.205,37.824,37.575,9.818,0.0,0.0
627,6.0,9.0,0.0,8.0,12.0,0.0,3952.576,3986.707,-26.239,38.311,38.102,9.95,0.0,0.0
628,6.0,9.0,0.0,9.0,13.0,0.0,3873.986,4031.056,63.307,37.862,37.462,9.807,0.0,0.0
629,6.0,9.0,0.0,10.0,14.0,0.0,3512.931,4042.233,-14.436,38.218,38.037,9.852,0.0,0.0
630,7.0,9.0,0.0,0.0,2.0,0.0,4402.52,3820.805,118.811,38.134,37.924,9.903,0.0,0.0
631,7.0,9.0,0.0,1.0,3.0,0.0,4068.792,3821.287,53.729,37.91,37.486,9.817,0.0,0.0
632,7.0,9.0,0.0,2.0,5.0,0.0,4616.12,3908.85,93.64,39.121,34.622,9.517,0.0,0.0
634,7.0,9.0,0.0,4.0,7.0,0.0,4081.837,3971.713,99.304,37.841,37.666,9.909,0.0,0.0
635,8.0,9.0,0.0,0.0,1.0,0.0,4969.316,3755.079,75.133,37.944,37.373,9.807,0.0,0.0
636,8.0,9.0,0.0,1.0,2.0,0.0,4871.659,3826.789,115.021,37.762,37.595,9.812,0.0,0.0
637,8.0,9.0,0.0,2.0,3.0,0.0,4792.383,3828.874,-18.034,37.847,37.618,9.826,0.0,0.0
638,8.0,9.0,0.0,3.0,4.0,0.0,5096.552,3846.6,110.8,37.664,37.261,9.833,0.0,0.0
639,8.0,9.0,0.0,4.0,6.0,0.0,5011.328,3906.535,-40.623,37.99,37.818,9.794,0.0,0.0
640,8.0,9.0,0.0,5.0,8.0,0.0,4974.381,3946.197,111.463,38.239,38.019,9.853,0.0,0.0
641,8.0,9.0,0.0,6.0,9.0,0.0,4845.435,3946.589,85.848,37.646,37.513,9.864,0.0,0.0
642,8.0,9.0,0.0,7.0,10.0,0.0,5139.277,3982.399,-35.223,38.834,38.74,9.947,0.0,0.0
643,8.0,9.0,0.0,8.0,11.0,0.0,4743.269,3994.488,-31.815,38.659,38.3,9.943,0.0,0.0
644,9.0,9.0,0.0,0.0,0.0,0.0,5241.082,3774.434,50.016,37.694,37.578,9.801,0.0,0.0
645,9.0,9.0,0.0,1.0,1.0,0.0,5772.237,3810.511,91.467,42.065,26.48,8.91,0.0,0.0
647,9.0,9.0,0.0,3.0,3.0,0.0,5318.84,3944.402,65.836,37.838,37.445,9.88,0.0,0.0
648,9.0,9.0,0.0,4.0,4.0,0.0,5392.126,4021.04,15.445,37.945,37.91,9.877,0.0,0.0
649,9.0,9.0,0.0,5.0,5.0,0.0,5574.246,4066.512,-20.277,38.737,38.288,9.952,0.0,0.0
650,9.0,9.0,0.0,6.0,6.0,0.0,5616.756,4075.278,-18.949,38.612,38.545,9.893,0.0,0.0
651,9.0,9.0,0.0,7.0,7.0,0.0,5274.746,4080.862,46.418,38.065,37.984,9.902,0.0,0.0
652,0.0,10.0,0.0,0.0,1.0,0.0,69.638,4149.558,61.115,37.828,37.345,9.865,0.0,0.0
653,0.0,10.0,0.0,1.0,3.0,0.0,220.2,4331.117,131.207,38.003,37.638,9.773,0.0,0.0
654,0.0,10.0,0.0,2.0,5.0,0.0,110.309,4478.009,-15.604,38.248,38.133,9.869,0.0,0.0
655,1.0,10.0,0.0,0.0,0.0,0.0,880.06,4104.488,74.482,37.656,37.207,9.824,0.0,0.0
656,1.0,10.0,0.0,1.0,1.0,0.0,754.165,4199.008,78.121,37.67,37.185,9.823,0.0,0.0
657,1.0,10.0,0.0,2.0,2.0,0.0,1151.518,4260.619,-34.443,37.824,37.614,9.823,0.0,0.0
658,1.0,10.0,0.0,3.0,3.0,0.0,815.582,4262.101,-39.954,37.477,37.349,9.743,0.0,0.0
659,1.0,10.0,0.0,4.0,5.0,0.0,1085.086,4296.029,-13.55,37.833,37.595,9.821,0.0,0.0
660,1.0,10.0,0.0,5.0,6.0,0.0,1121.983,4327.219,113.143,38.483,38.127,9.898,0.0,0.0
661,1.0,10.0,0.0,6.0,8.0,0.0,1070.292,4495.053,-4.109,38.771,36.301,9.699,0.0,0.0
662,2.0,10.0,0.0,0.0,1.0,0.0,1424.106,4140.352,23.669,37.174,36.913,9.723,0.0,0.0
663,2.0,10.0,0.0,1.0,2.0,0.0,1296.569,4150.197,64.477,37.927,37.371,9.804,0.0,0.0
664,2.0,10.0,0.0,2.0,3.0,0.0,1670.934,4150.201,41.57,38.293,37.732,9.899,0.0,0.0
665,2.0,10.0,0.0,3.0,4.0,0.0,1715.409,4190.882,99.234,38.39,38.072,9.879,0.0,0.0
666,2.0,10.0,0.0,4.0,7.0,0.0,1348.269,4283.839,18.525,37.411,37.151,9.785,0.0,0.0
667,2.0,10.0,0.0,5.0,8.0,0.0,1628.766,4410.877,100.786,37.873,37.611,9.829,0.0,0.0
668,3.0,10.0,0.0,0.0,2.0,0.0,1905.017,4216.141,9.302,37.281,37.164,9.77,0.0,0.0
669,3.0,10.0,0.0,1.0,3.0,0.0,1870.845,4235.036,118.586,37.486,37.209,9.803,0.0,0.0
671,3.0,10.0,0.0,3.0,5.0,0.0,2018.83,4317.959,92.2,38.622,38.533,9.968,0.0,0.0
672,3.0,10.0,0.0,4.0,6.0,0.0,2084.15,4329.95,125.262,37.722,37.02,9.58,0.0,0.0
673,3.0,10.0,0.0,5.0,7.0,0.0,2310.694,4389.127,93.43,39.142,36.846,9.739,0.0,0.0
674,3.0,10.0,0.0,6.0,8.0,0.0,1916.406,4449.025,58.584,37.98,37.91,9.881,0.0,0.0
675,4.0,10.0,0.0,0.0,3.0,0.0,2567.92,4108.027,95.251,38.447,35.46,9.091,0.0,0.0
676,4.0,10.0,0.0,1.0,5.0,0.0,2690.01,4193.422,76.548,37.674,37.501,9.866,0.0,0.0
677,4.0,10.0,0.0,2.0,6.0,0.0,2818.71,4205.174,63.319,38.154,37.823,9.816,0.0,0.0
678,4.0,10.0,0.0,3.0,7.0,0.0,2871.006,4205.419,71.487,38.333,38.135,9.956,0.0,0.0
679,4.0,10.0,0.0,4.0,8.0,0.0,2504.472,4227.231,68.375,37.214,36.9,9.804,0.0,0.0
680,4.0,10.0,0.0,5.0,9.0,0.0,2380.947,4286.352,65.924,38.0,37.293,9.881,0.0,0.0
681,4.0,10.0,0.0,6.0,10.0,0.0,2537.913,4341.222,125.888,36.398,36.301,9.696,0.0,0.0
683,5.0,10.0,0.0,0.0,1.0,0.0,3144.274,4102.722,83.051,37.305,36.952,9.745,0.0,0.0
684,5.0,10.0,0.0,1.0,2.0,0.0,3303.337,4129.3,123.156,37.694,37.453,9.785,0.0,0.0
685,5.0,10.0,0.0,2.0,3.0,0.0,2984.572,4137.888,89.635,37.529,36.942,9.773,0.0,0.0
686,5.0,10.0,0.0,3.0,5.0,0.0,3303.975,4273.713,-42.285,37.522,37.401,9.833,0.0,0.0
687,5.0,10.0,0.0,4.0,6.0,0.0,3053.889,4284.344,36.309,37.805,37.496,9.882,0.0,0.0
688,5.0,10.0,0.0,5.0,9.0,0.0,3154.685,4450.715,27.891,37.77,37.518,9.803,0.0,0.0
689,5.0,10.0,0.0,6.0,10.0,0.0,3409.258,4461.421,23.696,38.697,38.679,9.921,0.0,0.0
690,5.0,10.0,0.0,7.0,11.0,0.0,3340.461,4474.191,-19.748,38.249,38.054,9.858,0.0,0.0
691,5.0,10.0,0.0,8.0,12.0,0.0,3134.06,4500.929,-2.964,41.704,25.149,8.768,0.0,0.0
692,6.0,10.0,0.0,0.0,0.0,0.0,3702.913,4333.079,31.26,37.458,37.285,9.809,0.0,0.0
693,6.0,10.0,0.0,1.0,1.0,0.0,3587.404,4353.476,67.889,37.214,37.029,9.743,0.0,0.0
694,7.0,10.0,0.0,0.0,1.0,0.0,4478.036,4121.841,94.359,38.374,38.016,9.87,0.0,0.0
695,7.0,10.0,0.0,1.0,2.0,0.0,4566.395,4161.843,101.286,38.343,38.07,9.873,0.0,0.0
696,7.0,10.0,0.0,2.0,3.0,0.0,4079.35,4215.022,38.97,37.991,37.78,9.866,0.0,0.0
697,7.0,10.0,0.0,3.0,4.0,0.0,4550.802,4401.699,68.513,38.562,38.362,9.939,0.0,0.0
698,8.0,10.0,0.0,0.0,0.0,0.0,4842.704,4187.026,64.264,37.517,37.221,9.732,0.0,0.0
699,8.0,10.0,0.0,1.0,2.0,0.0,4656.105,4263.684,20.766,37.38,37.346,9.807,0.0,0.0
700,8.0,10.0,0.0,2.0,3.0,0.0,4787.455,4264.376,70.18,38.075,37.596,9.853,0.0,0.0
701,8.0,10.0,0.0,3.0,4.0,0.0,5122.244,4276.903,132.116,38.055,37.579,9.772,0.0,0.0
702,8.0,10.0,0.0,4.0,5.0,0.0,5188.786,4333.618,60.645,38.612,38.516,9.889,0.0,0.0
703,8.0,10.0,0.0,5.0,6.0,0.0,5049.367,4348.119,95.026,38.102,37.565,9.852,0.0,0.0
704,8.0,10.0,0.0,6.0,8.0,0.0,4681.602,4483.649,71.535,37.883,37.801,9.779,0.0,0.0
705,8.0,10.0,0.0,7.0,9.0,0.0,5010.281,4491.832,96.59,38.548,38.478,9.876,0.0,0.0
706,9.0,10.0,0.0,0.0,3.0,0.0,5629.091,4150.06,84.154,38.184,37.579,9.865,0.0,0.0
707,9.0,10.0,0.0,1.0,4.0,0.0,5596.287,4195.628,105.262,38.135,38.038,9.918,0.0,0.0
708,9.0,10.0,0.0,2.0,5.0,0.0,5503.945,4199.528,93.097,37.26,37.176,9.769,0.0,0.0
709,9.0,10.0,0.0,3.0,6.0,0.0,5218.851,4239.31,62.64,37.629,37.267,9.829,0.0,0.0
710,9.0,10.0,0.0,4.0,8.0,0.0,5683.015,4376.918,88.471,38.23,38.078,9.859,0.0,0.0
711,9.0,10.0,0.0,5.0,9.0,0.0,5404.947,4397.086,59.797,37.919,37.869,9.792,0.0,0.0
712,9.0,10.0,0.0,6.0,10.0,0.0,5295.974,4427.911,60.946,38.435,38.048,9.882,0.0,0.0
713,9.0,10.0,0.0,7.0,11.0,0.0,5731.061,4437.27,1.657,38.721,38.379,9.962,0.0,0.0
714,0.0,11.0,0.0,0.0,2.0,0.0,361.954,4543.849,76.93,38.44,38.003,9.877,0.0,0.0
716,0.0,11.0,0.0,2.0,5.0,0.0,271.838,4630.029,75.559,37.977,37.881,9.877,0.0,0.0
717,0.0,11.0,0.0,3.0,6.0,0.0,67.797,4649.361,59.203,38.184,37.653,9.798,0.0,0.0
718,0.0,11.0,0.0,4.0,7.0,0.0,154.075,4798.554,78.099,37.749,37.381,9.783,0.0,0.0
719,0.0,11.0,0.0,5.0,8.0,0.0,497.818,4856.898,-7.234,38.974,38.699,9.959,0.0,0.0
720,1.0,11.0,0.0,0.0,2.0,0.0,1149.284,4651.915,84.506,37.974,37.792,9.865,0.0,0.0
721,1.0,11.0,0.0,1.0,3.0,0.0,1026.772,4655.366,72.097,37.547,37.371,9.755,0.0,0.0
722,1.0,11.0,0.0,2.0,4.0,0.0,773.734,4684.533,33.032,37.734,37.553,9.88,0.0,0.0
723,1.0,11.0,0.0,3.0,5.0,0.0,699.675,4751.128,117.442,37.641,37.531,9.788,0.0,0.0
724,1.0,11.0,0.0,4.0,6.0,0.0,1025.442,4766.066,110.443,38.995,38.555,9.944,0.0,0.0
725,1.0,11.0,0.0,5.0,7.0,0.0,939.506,4802.774,10.269,38.591,38.463,9.956,0.0,0.0
726,1.0,11.0,0.0,6.0,8.0,0.0,646.838,4813.232,-43.953,38.126,38.0,9.836,0.0,0.0
727,1.0,11.0,0.0,7.0,9.0,0.0,758.25,4862.56,38.154,37.785,37.521,9.805,0.0,0.0
729,2.0,11.0,0.0,0.0,1.0,0.0,1260.533,4531.408,83.129,37.746,37.426,9.788,0.0,0.0
731,2.0,11.0,0.0,2.0,6.0,0.0,1288.721,4861.845,11.5,38.525,38.37,9.935,0.0,0.0
732,2.0,11.0,0.0,3.0,7.0,0.0,1642.552,4906.722,-4.223,40.854,30.609,9.39,0.0,0.0
733,3.0,11.0,0.0,0.0,1.0,0.0,2118.082,4648.78,71.06,37.668,37.418,9.777,0.0,0.0
734,3.0,11.0,0.0,1.0,2.0,0.0,1856.645,4687.803,15.161,37.685,37.67,9.812,0.0,0.0
735,3.0,11.0,0.0,2.0,3.0,0.0,2086.261,4687.882,-23.445,37.413,37.151,9.786,0.0,0.0
736,3.0,11.0,0.0,3.0,4.0,0.0,2306.829,4705.668,-38.651,37.817,37.616,9.822,0.0,0.0
737,3.0,11.0,0.0,4.0,5.0,0.0,2054.151,4791.14,91.655,38.134,37.672,9.871,0.0,0.0
738,3.0,11.0,0.0,5.0,6.0,0.0,1844.887,4815.182,33.691,37.78,37.351,9.783,0.0,0.0
739,4.0,11.0,0.0,0.0,0.0,0.0,2453.225,4553.085,-43.515,37.615,37.511,9.859,0.0,0.0
740,4.0,11.0,0.0,1.0,5.0,0.0,2479.646,4729.388,103.081,37.377,37.34,9.806,0.0,0.0
741,4.0,11.0,0.0,2.0,6.0,0.0,2406.026,4765.51,39.935,38.24,38.166,9.872,0.0,0.0
742,4.0,11.0,0.0,3.0,7.0,0.0,2539.248,4763.692,63.545,33.302,33.172,9.172,0.0,0.0
743,4.0,11.0,0.0,4.0,8.0,0.0,2796.954,4792.06,-41.066,38.087,37.859,9.889,0.0,0.0
744,4.0,11.0,0.0,5.0,9.0,0.0,2438.801,4873.18,81.518,38.179,37.987,9.917,0.0,0.0
746,5.0,11.0,0.0,1.0,3.0,0.0,3093.145,4573.758,83.802,37.005,36.749,9.757,0.0,0.0
747,5.0,11.0,0.0,2.0,4.0,0.0,3137.161,4575.627,104.957,37.629,37.303,9.834,0.0,0.0
748,5.0,11.0,0.0,3.0,6.0,0.0,3331.913,4635.446,75.884,38.065,37.946,9.897,0.0,0.0
749,5.0,11.0,0.0,4.0,7.0,0.0,3145.114,4640.496,50.734,37.641,37.302,9.758,0.0,0.0
750,5.0,11.0,0.0,5.0,8.0,0.0,3452.355,4680.062,122.536,38.931,38.77,9.888,0.0,0.0
751,5.0,11.0,0.0,6.0,9.0,0.0,3405.515,4689.692,134.299,37.909,37.709,9.846,0.0,0.0
752,5.0,11.0,0.0,7.0,10.0,0.0,2909.1,4695.333,62.627,37.489,36.995,9.774,0.0,0.0
753,5.0,11.0,0.0,8.0,11.0,0.0,3447.707,4744.213,105.41,38.173,37.999,9.842,0.0,0.0
754,5.0,11.0,0.0,9.0,12.0,0.0,3284.47,4825.788,105.129,38.472,38.212,9.907,0.0,0.0
755,6.0,11.0,0.0,0.0,0.0,0.0,3756.277,4508.645,60.288,37.919,37.679,9.844,0.0,0.0
756,6.0,11.0,0.0,1.0,1.0,0.0,4020.41,4526.564,93.899,38.124,37.943,9.828,0.0,0.0
757,6.0,11.0,0.0,2.0,2.0,0.0,3521.093,4531.461,94.23,37.438,37.308,9.809,0.0,0.0
758,6.0,11.0,0.0,3.0,3.0,0.0,3740.379,4549.774,85.585,38.372,36.379,9.65,0.0,0.0
759,6.0,11.0,0.0,4.0,4.0,0.0,3655.03,4559.527,81.653,37.752,37.319,9.851,0.0,0.0
760,6.0,11.0,0.0,5.0,5.0,0.0,4013.095,4574.819,121.837,38.349,38.111,9.879,0.0,0.0
761,6.0,11.0,0.0,6.0,6.0,0.0,3685.515,4604.229,-42.865,6.773,5.133,3.768,0.0,0.0
762,6.0,11.0,0.0,7.0,6.0,0.0,3701.31,4587.878,25.492,37.25,37.062,9.676,0.0,0.0
763,6.0,11.0,0.0,8.0,7.0,0.0,3827.63,4619.654,76.641,37.943,37.607,9.915,0.0,0.0
764,6.0,11.0,0.0,9.0,11.0,0.0,3688.303,4764.947,72.713,37.592,37.477,9.852,0.0,0.0
765,6.0,11.0,0.0,10.0,12.0,0.0,4014.509,4780.609,2.387,38.642,38.302,9.942,0.0,0.0
766,6.0,11.0,0.0,11.0,14.0,0.0,3610.347,4863.859,63.15,38.157,38.033,9.92,0.0,0.0
767,7.0,11.0,0.0,0.0,1.0,0.0,4538.143,4525.93,68.469,38.026,37.925,9.813,0.0,0.0
768,7.0,11.0,0.0,1.0,3.0,0.0,4585.014,4559.392,81.248,37.897,37.78,9.854,0.0,0.0
769,7.0,11.0,0.0,2.0,4.0,0.0,4620.629,4646.981,92.139,41.707,25.584,8.81,0.0,0.0
770,7.0,11.0,0.0,3.0,5.0,0.0,4292.011,4691.169,133.834,37.902,37.697,9.844,0.0,0.0
771,7.0,11.0,0.0,4.0,6.0,0.0,4332.201,4701.147,45.319,38.038,37.824,9.878,0.0,0.0
772,7.0,11.0,0.0,5.0,7.0,0.0,4232.522,4716.321,-19.54,37.874,37.678,9.837,0.0,0.0
773,7.0,11.0,0.0,6.0,8.0,0.0,4459.912,4807.56,117.918,38.053,37.264,9.66,0.0,0.0
774,7.0,11.0,0.0,7.0,9.0,0.0,4137.584,4851.059,33.628,38.071,37.968,9.901,0.0,0.0
775,7.0,11.0,0.0,8.0,10.0,0.0,4209.258,4894.445,55.876,38.729,37.643,9.722,0.0,0.0
776,8.0,11.0,0.0,0.0,3.0,0.0,5064.278,4707.876,-34.441,37.941,37.897,9.875,0.0,0.0
777,8.0,11.0,0.0,1.0,4.0,0.0,5101.587,4774.651,72.383,38.392,38.138,9.888,0.0,0.0
778,8.0,11.0,0.0,2.0,5.0,0.0,5171.037,4794.883,-27.877,38.569,38.326,9.935,0.0,0.0
779,8.0,11.0,0.0,3.0,6.0,0.0,4891.871,4869.785,120.246,38.012,37.864,9.88,0.0,0.0
780,8.0,11.0,0.0,4.0,7.0,0.0,4840.724,4874.497,67.744,38.433,38.328,9.918,0.0,0.0
781,9.0,11.0,0.0,0.0,0.0,0.0,5387.813,4509.825,71.632,38.606,38.052,9.904,0.0,0.0
782,9.0,11.0,0.0,1.0,1.0,0.0,5432.13,4512.128,97.807,37.91,37.838,9.863,0.0,0.0
783,9.0,11.0,0.0,2.0,2.0,0.0,5406.539,4780.046,80.381,38.167,37.918,9.831,0.0,0.0
784,9.0,11.0,0.0,3.0,4.0,0.0,5319.046,4818.389,-26.76,37.85,37.619,9.827,0.0,0.0
785,9.0,11.0,0.0,4.0,5.0,0.0,5599.752,4892.962,-23.776,38.402,38.305,9.911,0.0,0.0
786,0.0,12.0,0.0,0.0,0.0,0.0,169.482,4930.429,77.019,37.562,37.361,9.756,0.0,0.0
787,0.0,12.0,0.0,1.0,1.0,0.0,38.539,4977.834,79.439,37.368,37.015,9.762,0.0,0.0
788,0.0,12.0,0.0,2.0,2.0,0.0,378.987,5015.928,106.695,38.128,37.874,9.896,0.0,0.0
789,0.0,12.0,0.0,3.0,3.0,0.0,464.199,5049.443,48.492,37.643,37.49,9.86,0.0,0.0
790,0.0,12.0,0.0,4.0,4.0,0.0,286.525,5137.399,-37.49,37.961,37.863,9.873,0.0,0.0
791,0.0,12.0,0.0,5.0,6.0,0.0,275.919,5208.786,94.555,37.768,37.488,9.799,0.0,0.0
792,0.0,12.0,0.0,6.0,7.0,0.0,314.38,5256.169,107.523,38.018,37.744,9.788,0.0,0.0
793,0.0,12.0,0.0,7.0,8.0,0.0,568.011,5312.133,-4.493,39.718,35.431,9.559,0.0,0.0
794,1.0,12.0,0.0,0.0,1.0,0.0,837.235,5037.73,72.229,37.833,37.6,9.822,0.0,0.0
795,1.0,12.0,0.0,1.0,2.0,0.0,713.589,5092.079,121.91,37.368,37.334,9.804,0.0,0.0
796,1.0,12.0,0.0,2.0,3.0,0.0,797.615,5161.176,-26.087,38.032,37.481,9.756,0.0,0.0
797,1.0,12.0,0.0,3.0,4.0,0.0,604.671,5180.885,36.361,37.792,37.424,9.794,0.0,0.0
798,1.0,12.0,0.0,4.0,5.0,0.0,895.715,5284.644,3.986,37.774,37.641,9.82,0.0,0.0
799,1.0,12.0,0.0,5.0,6.0,0.0,1165.052,5307.127,93.534,42.782,24.909,8.784,0.0,0.0
800,2.0,12.0,0.0,0.0,1.0,0.0,1449.41,4930.164,70.438,37.598,37.326,9.833,0.0,0.0
801,2.0,12.0,0.0,1.0,2.0,0.0,1306.342,4953.71,27.989,37.317,36.051,9.334,0.0,0.0
802,2.0,12.0,0.0,2.0,3.0,0.0,1383.793,5067.494,101.697,37.731,37.409,9.784,0.0,0.0
803,2.0,12.0,0.0,3.0,4.0,0.0,1305.216,5105.447,87.811,37.602,37.364,9.761,0.0,0.0
804,2.0,12.0,0.0,4.0,5.0,0.0,1258.74,5163.783,72.304,37.855,37.476,9.886,0.0,0.0
805,2.0,12.0,0.0,5.0,6.0,0.0,1520.455,5164.912,103.864,38.211,38.031,9.851,0.0,0.0
806,2.0,12.0,0.0,6.0,7.0,0.0,1210.54,5197.687,16.951,37.81,37.67,9.828,0.0,0.0
807,2.0,12.0,0.0,7.0,9.0,0.0,1596.41,5234.573,35.498,38.928,38.824,9.969,0.0,0.0
808,2.0,12.0,0.0,8.0,10.0,0.0,1335.76,5305.881,21.656,38.386,37.64,9.6,0.0,0.0
809,3.0,12.0,0.0,0.0,1.0,0.0,2027.955,5113.332,85.195,37.537,37.328,9.825,0.0,0.0
810,3.0,12.0,0.0,1.0,2.0,0.0,1994.207,5134.926,-20.952,37.449,37.32,9.813,0.0,0.0
811,3.0,12.0,0.0,2.0,3.0,0.0,1890.074,5175.955,30.9,37.815,37.546,9.813,0.0,0.0
814,3.0,12.0,0.0,5.0,5.0,0.0,1940.41,5226.034,49.115,37.022,36.62,9.742,0.0,0.0
815,3.0,12.0,0.0,6.0,6.0,0.0,2213.783,5289.974,-39.66,38.602,38.236,9.927,0.0,0.0
816,3.0,12.0,0.0,7.0,7.0,0.0,1854.186,5312.299,-1.603,39.151,34.35,9.482,0.0,0.0
817,4.0,12.0,0.0,0.0,0.0,0.0,2682.616,4967.834,81.878,37.524,37.077,9.79,0.0,0.0
818,4.0,12.0,0.0,1.0,1.0,0.0,2829.676,5046.506,124.39,37.913,37.796,9.858,0.0,0.0
819,4.0,12.0,0.0,2.0,2.0,0.0,2371.246,5077.388,133.086,37.295,33.53,9.358,0.0,0.0
820,4.0,12.0,0.0,3.0,3.0,0.0,2725.877,5110.47,78.705,38.272,38.024,9.934,0.0,0.0
821,4.0,12.0,0.0,4.0,4.0,0.0,2501.42,5119.797,73.806,37.329,37.156,9.775,0.0,0.0
822,4.0,12.0,0.0,5.0,5.0,0.0,2503.855,5184.28,90.529,38.395,37.79,9.843,0.0,0.0
823,4.0,12.0,0.0,6.0,6.0,0.0,2365.211,5191.909,38.306,38.158,37.992,9.915,0.0,0.0
824,4.0,12.0,0.0,7.0,7.0,0.0,2623.257,5299.214,-17.273,37.947,37.637,9.766,0.0,0.0
825,4.0,12.0,0.0,8.0,8.0,0.0,2797.446,5303.207,17.328,38.083,37.726,9.871,0.0,0.0
826,5.0,12.0,0.0,0.0,0.0,0.0,2964.241,4920.622,54.43,38.393,37.946,9.863,0.0,0.0
827,5.0,12.0,0.0,1.0,1.0,0.0,3085.679,4942.25,111.682,37.805,37.359,9.787,0.0,0.0
828,5.0,12.0,0.0,2.0,2.0,0.0,3407.235,5072.502,25.532,38.322,38.038,9.943,0.0,0.0
829,5.0,12.0,0.0,3.0,3.0,0.0,3109.014,5120.558,53.369,37.3,37.157,9.695,0.0,0.0
830,5.0,12.0,0.0,4.0,4.0,0.0,2988.552,5164.393,46.591,37.884,37.572,9.825,0.0,0.0
831,5.0,12.0,0.0,5.0,7.0,0.0,3132.139,5288.855,13.012,37.779,37.528,9.806,0.0,0.0
832,5.0,12.0,0.0,6.0,8.0,0.0,2956.304,5302.138,-42.005,37.916,37.837,9.864,0.0,0.0
833,5.0,12.0,0.0,7.0,9.0,0.0,3186.361,5311.625,-3.038,38.913,35.579,9.622,0.0,0.0
834,6.0,12.0,0.0,0.0,1.0,0.0,3807.975,4996.837,68.278,37.476,37.265,9.809,0.0,0.0
835,6.0,12.0,0.0,1.0,2.0,0.0,4032.196,5021.763,11.727,5.539,2.975,3.204,0.0,0.0
836,6.0,12.0,0.0,2.0,3.0,0.0,3562.347,5036.912,35.339,37.6,37.447,9.849,0.0,0.0
837,6.0,12.0,0.0,3.0,4.0,0.0,3784.761,5095.66,83.076,38.233,37.881,9.834,0.0,0.0
839,6.0,12.0,0.0,5.0,6.0,0.0,3492.3,5200.303,78.742,38.251,37.96,9.847,0.0,0.0
840,6.0,12.0,0.0,6.0,7.0,0.0,3899.007,5285.921,132.763,38.58,38.39,9.945,0.0,0.0
841,7.0,12.0,0.0,0.0,2.0,0.0,4565.06,4922.438,59.654,38.428,38.177,9.975,0.0,0.0
842,7.0,12.0,0.0,1.0,3.0,0.0,4228.213,4949.668,76.845,37.478,37.148,9.794,0.0,0.0
843,7.0,12.0,0.0,2.0,5.0,0.0,4595.799,5032.555,85.063,38.371,38.061,9.875,0.0,0.0
844,7.0,12.0,0.0,3.0,6.0,0.0,4071.975,5085.955,44.589,37.573,36.718,9.595,0.0,0.0
845,7.0,12.0,0.0,4.0,7.0,0.0,4562.773,5098.084,78.195,38.065,37.953,9.898,0.0,0.0
846,7.0,12.0,0.0,5.0,8.0,0.0,4481.453,5102.08,16.651,37.983,37.821,9.87,0.0,0.0
847,7.0,12.0,0.0,6.0,9.0,0.0,4102.446,5123.317,25.463,37.85,37.417,9.8,0.0,0.0
848,7.0,12.0,0.0,7.0,10.0,0.0,4143.671,5280.24,-7.982,37.835,37.617,9.824,0.0,0.0
849,7.0,12.0,0.0,8.0,11.0,0.0,4280.16,5298.18,23.192,38.634,37.468,9.833,0.0,0.0
850,8.0,12.0,0.0,0.0,0.0,0.0,4727.685,4928.972,101.051,37.641,37.012,9.721,0.0,0.0
851,8.0,12.0,0.0,1.0,1.0,0.0,4948.124,4948.314,95.091,37.996,37.645,9.849,0.0,0.0
852,8.0,12.0,0.0,2.0,2.0,0.0,4738.246,4969.847,50.657,37.917,37.496,9.82,0.0,0.0
853,8.0,12.0,0.0,3.0,3.0,0.0,4890.796,4978.339,57.002,37.651,37.517,9.865,0.0,0.0
854,8.0,12.0,0.0,4.0,4.0,0.0,5110.043,5033.898,72.74,38.185,38.047,9.926,0.0,0.0
855,8.0,12.0,0.0,5.0,6.0,0.0,4974.297,5059.4,95.333,37.877,37.823,9.857,0.0,0.0
856,8.0,12.0,0.0,6.0,7.0,0.0,5121.543,5142.192,-3.956,38.223,37.99,9.924,0.0,0.0
857,9.0,12.0,0.0,0.0,2.0,0.0,5765.0,4972.381,134.269,38.481,38.155,9.901,0.0,0.0
858,9.0,12.0,0.0,1.0,3.0,0.0,5437.594,4974.56,112.529,37.744,37.529,9.801,0.0,0.0
859,9.0,12.0,0.0,2.0,4.0,0.0,5295.138,4993.444,103.866,37.627,37.236,9.824,0.0,0.0
860,9.0,12.0,0.0,3.0,5.0,0.0,5481.231,5042.393,88.373,37.776,37.683,9.903,0.0,0.0
861,9.0,12.0,0.0,4.0,6.0,0.0,5718.588,5146.4,76.424,37.845,37.669,9.832,0.0,0.0
862,9.0,12.0,0.0,5.0,7.0,0.0,5319.828,5160.104,11.127,38.52,38.467,9.947,0.0,0.0
864,9.0,12.0,0.0,7.0,8.0,0.0,5649.366,5164.228,31.792,38.667,38.353,9.877,0.0,0.0
865,9.0,12.0,0.0,8.0,9.0,0.0,5268.615,5210.256,69.854,38.143,37.809,9.813,0.0,0.0
867,9.0,12.0,0.0,10.0,11.0,0.0,5721.341,5268.931,21.104,38.398,38.231,9.901,0.0,0.0
868,0.0,4.0,0.0,0.0,0.0,0.0,460.61,1930.406,91.242,40.387,39.323,33.943,4.0,
869,0.0,4.0,0.0,0.0,0.0,0.0,545.225,1945.965,10.796,39.49,39.038,33.371,4.0,
870,0.0,7.0,0.0,0.0,0.0,0.0,344.989,3027.007,61.581,39.567,38.472,33.17,4.0,
871,0.0,8.0,0.0,0.0,0.0,0.0,476.335,3611.139,60.181,40.42,37.908,33.335,4.0,
872,0.0,11.0,0.0,0.0,0.0,0.0,344.709,4630.611,92.749,39.768,38.331,33.212,4.0,
873,1.0,11.0,0.0,0.0,0.0,0.0,877.603,4872.359,-30.78,38.622,37.922,32.558,4.0,
874,1.0,7.0,0.0,0.0,0.0,0.0,943.997,2922.656,116.641,44.08,41.07,36.1,4.0,
875,1.0,6.0,0.0,0.0,0.0,0.0,1042.241,2721.215,15.42,39.729,37.807,32.97,4.0,
876,1.0,5.0,0.0,0.0,0.0,0.0,889.291,2354.835,-38.968,39.941,38.908,33.499,4.0,
877,1.0,1.0,0.0,0.0,0.0,0.0,802.988,668.03,50.455,39.64,36.628,32.459,4.0,
878,1.0,1.0,0.0,0.0,0.0,0.0,956.27,791.415,-0.111,38.744,36.697,32.156,4.0,
879,2.0,2.0,0.0,0.0,0.0,0.0,1412.542,1198.162,110.029,40.26,37.842,33.173,4.0,
880,3.0,11.0,0.0,0.0,0.0,0.0,2040.881,4554.678,16.103,39.64,36.884,32.314,4.0,
881,3.0,0.0,0.0,0.0,0.0,0.0,1852.207,380.48,12.01,39.014,38.438,32.978,4.0,
365,4.0,5.0,0.0,6.0,7.0,0.0,2854.355,2438.062,117.702,38.304,38.195,9.884,0.0,0.0
882,4.0,7.0,0.0,0.0,0.0,0.0,2482.185,3178.107,21.971,39.28,37.396,32.629,4.0,
883,4.0,9.0,0.0,0.0,0.0,0.0,2475.432,3737.66,125.081,38.986,37.674,32.59,4.0,
884,5.0,9.0,0.0,0.0,0.0,0.0,3036.396,3864.827,-21.153,39.864,38.567,33.331,4.0,
885,5.0,7.0,0.0,0.0,0.0,0.0,3108.852,2987.775,-4.982,44.71,44.215,37.827,4.0,
886,5.0,5.0,0.0,0.0,0.0,0.0,3436.46,2112.312,126.473,41.928,36.943,33.564,4.0,
887,6.0,1.0,0.0,0.0,0.0,0.0,3895.237,769.305,27.095,39.361,37.655,32.784,4.0,
888,6.0,1.0,0.0,0.0,0.0,0.0,3536.131,795.491,-23.014,38.407,36.269,31.856,4.0,
889,6.0,5.0,0.0,0.0,0.0,0.0,3767.817,2444.301,-0.195,41.404,37.981,33.782,4.0,
890,9.0,4.0,0.0,0.0,0.0,0.0,5717.62,2020.45,24.711,41.303,35.2,32.48,4.0,
</ResultDatas>,,,,,,,,,,,,,,
<ElementResult>,,,,,,,,,,,,,,
0,1.0,,,,,,,,,,,,,
1,1.0,,,,,,,,,,,,,
2,1.0,,,,,,,,,,,,,
3,0.0,,,,,,,,,,,,,
4,0.0,,,,,,,,,,,,,
5,830.0,,,,,,,,,,,,,
</ElementResult>,,,,,,,,,,,,,,
0,0.0,0.0,0.0,0.0,1.0,0.0,20.755,33.826,58.095,38.712,38.307,9.951,0.0,0.0
1,0.0,0.0,0.0,1.0,2.0,0.0,133.767,88.354,78.978,37.932,37.667,9.844,0.0,0.0
2,0.0,0.0,0.0,2.0,3.0,0.0,508.318,126.607,90.089,38.466,36.941,9.596,0.0,0.0
3,0.0,0.0,0.0,3.0,4.0,0.0,316.385,129.296,99.993,38.313,38.173,9.882,0.0,0.0
4,0.0,0.0,0.0,4.0,5.0,0.0,163.212,254.923,87.414,37.816,37.384,9.792,0.0,0.0
7,0.0,0.0,0.0,7.0,10.0,0.0,151.583,415.447,4.741,38.506,35.445,9.212,0.0,0.0
8,1.0,0.0,0.0,0.0,1.0,0.0,672.644,76.07,54.156,37.457,37.007,9.773,0.0,0.0
9,1.0,0.0,0.0,1.0,2.0,0.0,917.017,91.548,59.978,37.818,37.43,9.798,0.0,0.0
10,1.0,0.0,0.0,2.0,3.0,0.0,1040.133,143.828,68.353,37.863,37.525,9.816,0.0,0.0
11,1.0,0.0,0.0,3.0,4.0,0.0,712.166,149.639,42.126,37.349,37.185,9.782,0.0,0.0
13,1.0,0.0,0.0,5.0,7.0,0.0,892.979,261.932,109.627,37.375,37.175,9.784,0.0,0.0
14,1.0,0.0,0.0,6.0,8.0,0.0,901.177,323.192,76.645,38.349,38.205,9.891,0.0,0.0
15,1.0,0.0,0.0,7.0,10.0,0.0,629.467,407.224,32.424,38.927,38.652,9.947,0.0,0.0
16,2.0,0.0,0.0,0.0,3.0,0.0,1582.95,86.144,101.971,37.861,37.631,9.83,0.0,0.0
17,2.0,0.0,0.0,1.0,4.0,0.0,1498.095,156.176,100.778,37.925,37.511,9.823,0.0,0.0
18,2.0,0.0,0.0,2.0,5.0,0.0,1368.567,266.169,82.672,37.429,37.196,9.793,0.0,0.0
19,2.0,0.0,0.0,3.0,6.0,0.0,1343.38,301.844,70.707,38.283,37.988,9.854,0.0,0.0
20,2.0,0.0,0.0,4.0,7.0,0.0,1469.75,384.622,107.227,38.372,37.941,9.786,0.0,0.0
21,2.0,0.0,0.0,5.0,8.0,0.0,1671.023,409.973,81.338,39.019,38.694,9.89,0.0,0.0
22,2.0,0.0,0.0,6.0,9.0,0.0,1297.365,419.042,-1.429,41.306,29.264,9.112,0.0,0.0
23,2.0,0.0,0.0,7.0,10.0,0.0,1212.902,419.88,-0.576,42.22,27.245,8.987,0.0,0.0
24,3.0,0.0,0.0,0.0,0.0,0.0,2176.163,53.509,73.891,38.432,38.04,9.88,0.0,0.0
28,3.0,0.0,0.0,4.0,4.0,0.0,1989.285,255.783,83.126,38.045,37.848,9.806,0.0,0.0
29,3.0,0.0,0.0,5.0,6.0,0.0,2113.922,418.278,-4.252,40.412,31.31,9.233,0.0,0.0
30,4.0,0.0,0.0,0.0,0.0,0.0,2832.244,48.088,50.73,37.618,37.493,9.78,0.0,0.0
31,4.0,0.0,0.0,1.0,2.0,0.0,2762.67,104.516,88.631,38.035,37.559,9.843,0.0,0.0
32,4.0,0.0,0.0,2.0,3.0,0.0,2587.176,317.129,74.348,37.958,37.769,9.784,0.0,0.0
33,4.0,0.0,0.0,3.0,4.0,0.0,2460.37,369.172,68.661,38.587,38.481,9.882,0.0,0.0
34,4.0,0.0,0.0,4.0,5.0,0.0,2389.593,371.424,-23.667,38.232,38.067,9.858,0.0,0.0
35,5.0,0.0,0.0,0.0,0.0,0.0,3348.02,43.031,71.842,38.062,37.817,9.88,0.0,0.0
36,5.0,0.0,0.0,1.0,1.0,0.0,3123.075,72.63,70.221,37.911,37.631,9.836,0.0,0.0
37,5.0,0.0,0.0,2.0,3.0,0.0,3449.782,281.712,70.584,38.253,37.956,9.923,0.0,0.0
38,6.0,0.0,0.0,0.0,1.0,0.0,3799.447,79.35,71.709,37.349,37.106,9.771,0.0,0.0
39,6.0,0.0,0.0,1.0,2.0,0.0,3645.377,82.788,129.404,37.033,36.183,9.849,0.0,0.0
40,6.0,0.0,0.0,2.0,3.0,0.0,3724.731,92.048,55.9,38.03,37.8,9.873,0.0,0.0
41,6.0,0.0,0.0,3.0,4.0,0.0,3987.655,159.6,65.649,37.326,36.951,9.672,0.0,0.0
49,8.0,0.0,0.0,0.0,0.0,0.0,4704.236,113.567,54.535,37.56,36.965,9.704,0.0,0.0
50,8.0,0.0,0.0,1.0,1.0,0.0,5044.733,135.8,15.399,37.671,37.367,9.771,0.0,0.0
55,9.0,0.0,0.0,0.0,0.0,0.0,5764.134,59.067,73.564,37.975,37.84,9.649,0.0,0.0
56,9.0,0.0,0.0,1.0,1.0,0.0,5391.074,177.744,112.91,37.289,37.218,9.778,0.0,0.0
57,9.0,0.0,0.0,2.0,3.0,0.0,5770.764,258.538,93.403,40.952,29.87,9.152,0.0,0.0
58,9.0,0.0,0.0,3.0,4.0,0.0,5420.239,304.147,38.394,37.585,37.178,9.734,0.0,0.0
59,0.0,1.0,0.0,0.0,2.0,0.0,558.29,460.648,100.119,38.241,38.037,9.855,0.0,0.0
60,0.0,1.0,0.0,1.0,3.0,0.0,293.37,500.859,60.273,38.208,38.074,9.933,0.0,0.0
61,0.0,1.0,0.0,2.0,6.0,0.0,221.98,581.184,67.669,37.974,37.6,9.84,0.0,0.0
62,0.0,1.0,0.0,3.0,8.0,0.0,377.871,645.442,103.557,37.88,37.684,9.839,0.0,0.0
63,0.0,1.0,0.0,4.0,9.0,0.0,161.566,655.588,77.604,37.751,37.576,9.808,0.0,0.0
64,0.0,1.0,0.0,5.0,13.0,0.0,343.625,803.963,19.036,38.0,37.844,9.876,0.0,0.0
65,0.0,1.0,0.0,6.0,14.0,0.0,120.724,825.549,-1.828,40.523,32.293,9.372,0.0,0.0
66,0.0,1.0,0.0,7.0,15.0,0.0,463.792,827.474,-4.746,40.74,29.028,9.044,0.0,0.0
67,1.0,1.0,0.0,0.0,1.0,0.0,989.576,529.971,26.5,37.705,37.495,9.792,0.0,0.0
68,1.0,1.0,0.0,1.0,2.0,0.0,881.731,541.405,86.517,38.14,37.938,9.906,0.0,0.0
69,1.0,1.0,0.0,2.0,3.0,0.0,754.923,557.991,102.691,37.625,37.401,9.769,0.0,0.0
71,1.0,1.0,0.0,4.0,5.0,0.0,710.185,623.177,-24.621,38.136,37.808,9.812,0.0,0.0
72,1.0,1.0,0.0,5.0,6.0,0.0,850.708,664.2,-30.108,37.93,37.838,9.866,0.0,0.0
73,1.0,1.0,0.0,6.0,9.0,0.0,611.732,738.139,51.813,38.018,37.795,9.795,0.0,0.0
74,1.0,1.0,0.0,7.0,11.0,0.0,1120.845,798.586,47.123,38.948,38.761,9.889,0.0,0.0
75,1.0,1.0,0.0,8.0,12.0,0.0,1163.615,806.222,93.37,41.805,28.224,9.034,0.0,0.0
76,1.0,1.0,0.0,9.0,13.0,0.0,813.064,815.138,-12.721,38.264,37.849,9.911,0.0,0.0
77,2.0,1.0,0.0,0.0,3.0,0.0,1527.318,433.121,71.921,38.188,37.858,9.825,0.0,0.0
78,2.0,1.0,0.0,1.0,4.0,0.0,1356.141,451.179,71.191,37.622,36.906,9.781,0.0,0.0
79,2.0,1.0,0.0,2.0,5.0,0.0,1335.76,574.708,-2.407,37.806,36.949,9.657,0.0,0.0
80,2.0,1.0,0.0,3.0,6.0,0.0,1224.305,581.672,35.734,37.532,37.348,9.827,0.0,0.0
83,2.0,1.0,0.0,6.0,11.0,0.0,1572.589,734.555,52.268,38.096,37.919,9.821,0.0,0.0
84,2.0,1.0,0.0,7.0,12.0,0.0,1600.96,799.482,-25.457,38.239,38.117,9.79,0.0,0.0
85,2.0,1.0,0.0,8.0,14.0,0.0,1679.674,816.933,66.45,38.545,38.159,9.91,0.0,0.0
86,3.0,1.0,0.0,0.0,2.0,0.0,2254.123,465.016,28.417,38.038,37.951,9.818,0.0,0.0
87,3.0,1.0,0.0,1.0,4.0,0.0,1815.089,596.596,56.139,37.645,37.095,9.809,0.0,0.0
89,3.0,1.0,0.0,3.0,7.0,0.0,2011.626,750.706,-28.359,37.941,37.71,9.85,0.0,0.0
90,3.0,1.0,0.0,4.0,8.0,0.0,2075.789,813.968,46.241,38.543,38.405,9.942,0.0,0.0
93,4.0,1.0,0.0,2.0,3.0,0.0,2344.469,461.955,83.761,38.044,37.489,9.835,0.0,0.0
94,4.0,1.0,0.0,3.0,5.0,0.0,2749.562,578.127,32.158,38.097,37.793,9.882,0.0,0.0
95,4.0,1.0,0.0,4.0,6.0,0.0,2504.614,595.769,117.444,37.87,37.597,9.826,0.0,0.0
96,4.0,1.0,0.0,5.0,7.0,0.0,2833.511,599.584,-2.425,37.783,37.516,9.882,0.0,0.0
97,4.0,1.0,0.0,6.0,8.0,0.0,2688.318,679.742,123.152,37.895,37.691,9.842,0.0,0.0
98,4.0,1.0,0.0,7.0,9.0,0.0,2856.435,693.665,132.196,38.32,38.025,9.941,0.0,0.0
99,4.0,1.0,0.0,8.0,12.0,0.0,2666.998,806.047,-30.385,38.283,37.953,9.85,0.0,0.0
101,5.0,1.0,0.0,1.0,1.0,0.0,3059.193,562.025,118.832,38.363,38.177,9.966,0.0,0.0
102,5.0,1.0,0.0,2.0,2.0,0.0,3389.662,645.019,81.18,38.086,37.817,9.883,0.0,0.0
103,5.0,1.0,0.0,3.0,3.0,0.0,3459.195,707.375,21.831,38.777,38.447,9.902,0.0,0.0
104,5.0,1.0,0.0,4.0,4.0,0.0,3030.079,730.454,26.862,37.718,37.272,9.842,0.0,0.0
110,6.0,1.0,0.0,0.0,1.0,0.0,3639.399,649.616,44.599,38.067,37.299,9.736,0.0,0.0
111,6.0,1.0,0.0,1.0,2.0,0.0,3771.822,674.971,-36.687,37.44,37.409,9.746,0.0,0.0
112,6.0,1.0,0.0,2.0,3.0,0.0,3896.526,704.303,-21.243,37.466,35.048,9.941,0.0,0.0
113,6.0,1.0,0.0,3.0,5.0,0.0,3703.331,731.217,3.313,37.96,37.799,9.788,0.0,0.0
114,6.0,1.0,0.0,4.0,8.0,0.0,3919.491,782.709,-31.949,38.184,37.905,9.756,0.0,0.0
116,7.0,1.0,0.0,1.0,2.0,0.0,4246.883,461.326,106.721,37.504,37.376,9.75,0.0,0.0
117,7.0,1.0,0.0,2.0,3.0,0.0,4408.798,599.051,62.698,38.358,37.721,9.83,0.0,0.0
132,8.0,1.0,0.0,0.0,0.0,0.0,4681.226,494.319,70.262,37.877,36.636,9.859,0.0,0.0
133,8.0,1.0,0.0,1.0,3.0,0.0,4957.406,677.753,126.231,37.698,37.402,9.778,0.0,0.0
134,9.0,1.0,0.0,0.0,1.0,0.0,5226.019,536.457,31.501,37.895,37.492,9.816,0.0,0.0
135,9.0,1.0,0.0,1.0,5.0,0.0,5608.797,606.091,-18.659,38.369,38.351,9.912,0.0,0.0
136,9.0,1.0,0.0,2.0,7.0,0.0,5596.192,773.913,119.94,38.322,37.882,9.846,0.0,0.0
137,0.0,2.0,0.0,0.0,4.0,0.0,459.0,943.018,56.418,37.993,37.953,9.889,0.0,0.0
138,0.0,2.0,0.0,1.0,5.0,0.0,516.837,1057.29,-16.492,38.429,38.149,9.894,0.0,0.0
139,0.0,2.0,0.0,2.0,8.0,0.0,497.771,1101.686,-16.079,38.238,37.945,9.92,0.0,0.0
140,0.0,2.0,0.0,3.0,11.0,0.0,552.127,1201.008,104.643,38.336,38.196,9.888,0.0,0.0
141,1.0,2.0,0.0,0.0,2.0,0.0,1077.257,846.654,122.774,37.74,37.625,9.813,0.0,0.0
142,1.0,2.0,0.0,1.0,3.0,0.0,758.796,855.497,109.659,37.569,37.344,9.754,0.0,0.0
143,1.0,2.0,0.0,2.0,4.0,0.0,966.696,932.63,68.892,38.244,37.848,9.907,0.0,0.0
144,1.0,2.0,0.0,3.0,5.0,0.0,1138.333,946.328,131.282,38.175,37.7,9.88,0.0,0.0
145,1.0,2.0,0.0,4.0,6.0,0.0,1064.972,1010.991,102.542,37.82,37.412,9.796,0.0,0.0
146,1.0,2.0,0.0,5.0,7.0,0.0,971.672,1058.752,27.923,38.143,38.007,9.839,0.0,0.0
147,1.0,2.0,0.0,6.0,8.0,0.0,898.262,1064.234,24.719,38.107,37.955,9.904,0.0,0.0
148,1.0,2.0,0.0,7.0,10.0,0.0,980.156,1127.3,78.285,38.258,38.171,9.875,0.0,0.0
149,1.0,2.0,0.0,8.0,12.0,0.0,1087.275,1135.663,133.456,38.615,38.19,9.923,0.0,0.0
150,1.0,2.0,0.0,9.0,13.0,0.0,986.494,1204.219,121.26,38.7,38.445,9.891,0.0,0.0
151,1.0,2.0,0.0,10.0,14.0,0.0,916.97,1226.329,89.023,38.401,38.294,9.909,0.0,0.0
152,2.0,2.0,0.0,0.0,3.0,0.0,1482.072,941.999,68.959,37.901,37.702,9.844,0.0,0.0
153,2.0,2.0,0.0,1.0,6.0,0.0,1633.715,1036.988,22.246,38.252,37.882,9.836,0.0,0.0
155,2.0,2.0,0.0,3.0,9.0,0.0,1489.607,1097.092,111.465,38.738,38.677,9.926,0.0,0.0
156,2.0,2.0,0.0,4.0,10.0,0.0,1614.65,1114.713,99.241,38.347,37.692,9.825,0.0,0.0
157,3.0,2.0,0.0,0.0,2.0,0.0,2184.255,922.23,48.622,37.673,37.391,9.774,0.0,0.0
158,3.0,2.0,0.0,1.0,4.0,0.0,2109.276,952.135,81.008,37.772,37.363,9.783,0.0,0.0
159,3.0,2.0,0.0,2.0,5.0,0.0,1788.335,964.818,63.421,37.433,37.347,9.814,0.0,0.0
160,3.0,2.0,0.0,3.0,9.0,0.0,1755.47,1058.843,87.244,37.997,37.585,9.766,0.0,0.0
161,3.0,2.0,0.0,4.0,10.0,0.0,1934.685,1067.033,-37.69,37.672,37.331,9.843,0.0,0.0
162,3.0,2.0,0.0,5.0,11.0,0.0,2254.839,1096.446,14.277,38.473,38.429,9.936,0.0,0.0
163,3.0,2.0,0.0,6.0,12.0,0.0,1981.402,1114.988,58.564,38.574,38.165,9.839,0.0,0.0
164,3.0,2.0,0.0,7.0,13.0,0.0,1863.004,1178.662,-4.71,38.22,38.006,9.849,0.0,0.0
165,4.0,2.0,0.0,0.0,1.0,0.0,2811.257,929.766,101.434,38.298,37.965,9.778,0.0,0.0
166,4.0,2.0,0.0,1.0,2.0,0.0,2682.49,961.0,61.703,38.037,38.005,9.901,0.0,0.0
167,4.0,2.0,0.0,2.0,5.0,0.0,2623.911,1081.726,131.799,37.568,37.379,9.836,0.0,0.0
168,4.0,2.0,0.0,3.0,6.0,0.0,2534.002,1130.667,102.311,38.769,38.326,9.886,0.0,0.0
180,5.0,2.0,0.0,0.0,0.0,0.0,3275.09,897.633,68.146,37.653,37.237,9.828,0.0,0.0
181,5.0,2.0,0.0,1.0,1.0,0.0,3008.914,964.679,73.894,38.167,37.388,9.761,0.0,0.0
182,5.0,2.0,0.0,2.0,2.0,0.0,3370.7,983.091,96.191,37.954,37.528,9.829,0.0,0.0
187,6.0,2.0,0.0,0.0,0.0,0.0,3872.432,858.448,94.195,37.962,36.792,9.733,0.0,0.0
188,6.0,2.0,0.0,1.0,1.0,0.0,3778.922,897.135,58.024,38.261,37.923,9.843,0.0,0.0
193,6.0,2.0,0.0,6.0,7.0,0.0,3633.37,1103.955,122.925,37.677,37.545,9.794,0.0,0.0
194,6.0,2.0,0.0,7.0,8.0,0.0,3712.559,1146.649,94.432,33.527,33.031,9.264,0.0,0.0
195,6.0,2.0,0.0,8.0,9.0,0.0,3606.329,1198.805,12.215,38.14,37.729,9.879,0.0,0.0
201,7.0,2.0,0.0,3.0,7.0,0.0,4380.556,911.232,58.918,37.745,37.468,9.793,0.0,0.0
203,7.0,2.0,0.0,5.0,12.0,0.0,4268.248,1125.025,104.581,37.894,36.161,9.42,0.0,0.0
204,7.0,2.0,0.0,6.0,13.0,0.0,4323.615,1178.296,47.388,38.249,37.858,9.833,0.0,0.0
205,7.0,2.0,0.0,7.0,14.0,0.0,4131.702,1184.68,-3.156,38.124,38.035,9.84,0.0,0.0
206,8.0,2.0,0.0,0.0,2.0,0.0,5012.809,906.993,46.596,37.774,36.191,9.551,0.0,0.0
207,8.0,2.0,0.0,1.0,3.0,0.0,4818.752,935.878,46.925,37.655,36.65,9.597,0.0,0.0
208,8.0,2.0,0.0,2.0,5.0,0.0,4654.358,1024.064,56.703,37.6,37.084,9.802,0.0,0.0
209,8.0,2.0,0.0,3.0,7.0,0.0,4901.571,1087.737,55.972,37.668,37.588,9.799,0.0,0.0
211,8.0,2.0,0.0,5.0,9.0,0.0,4895.62,1190.815,99.278,38.117,37.777,9.882,0.0,0.0
212,9.0,2.0,0.0,0.0,3.0,0.0,5498.224,1066.666,59.861,37.636,37.386,9.846,0.0,0.0
213,9.0,2.0,0.0,1.0,4.0,0.0,5771.173,1104.258,93.313,40.671,29.112,9.011,0.0,0.0
214,9.0,2.0,0.0,2.0,5.0,0.0,5251.279,1200.138,48.376,37.534,37.296,9.82,0.0,0.0
216,9.0,2.0,0.0,4.0,6.0,0.0,5503.454,1219.033,-13.267,37.91,37.495,9.896,0.0,0.0
217,9.0,2.0,0.0,5.0,7.0,0.0,5458.19,1227.768,-20.386,38.292,37.991,9.933,0.0,0.0
218,0.0,3.0,0.0,0.0,2.0,0.0,383.869,1274.16,77.812,37.914,37.261,9.865,0.0,0.0
219,0.0,3.0,0.0,1.0,4.0,0.0,354.453,1379.072,52.66,38.08,37.946,9.899,0.0,0.0
220,0.0,3.0,0.0,2.0,5.0,0.0,214.887,1475.693,71.572,37.522,37.38,9.83,0.0,0.0
221,0.0,3.0,0.0,3.0,6.0,0.0,306.908,1521.293,76.766,38.064,37.688,9.864,0.0,0.0
222,0.0,3.0,0.0,4.0,7.0,0.0,422.391,1580.746,97.131,38.706,38.422,9.965,0.0,0.0
223,1.0,3.0,0.0,0.0,1.0,0.0,669.034,1501.177,35.736,37.988,37.728,9.859,0.0,0.0
224,2.0,3.0,0.0,0.0,1.0,0.0,1301.293,1253.737,81.663,38.231,37.665,9.882,0.0,0.0
225,2.0,3.0,0.0,1.0,2.0,0.0,1283.053,1302.947,93.735,37.827,37.366,9.868,0.0,0.0
226,2.0,3.0,0.0,2.0,3.0,0.0,1261.992,1354.752,53.279,37.183,36.624,9.763,0.0,0.0
227,2.0,3.0,0.0,3.0,4.0,0.0,1424.573,1378.037,69.57,37.9,37.725,9.847,0.0,0.0
228,2.0,3.0,0.0,4.0,5.0,0.0,1291.612,1463.539,53.639,37.15,37.035,9.736,0.0,0.0
229,2.0,3.0,0.0,5.0,6.0,0.0,1239.3,1474.47,1.131,37.901,37.771,9.853,0.0,0.0
230,2.0,3.0,0.0,6.0,7.0,0.0,1404.229,1478.638,25.387,37.907,37.48,9.894,0.0,0.0
231,3.0,3.0,0.0,0.0,0.0,0.0,1804.136,1275.026,88.629,37.555,37.109,9.798,0.0,0.0
232,3.0,3.0,0.0,1.0,1.0,0.0,1838.002,1303.055,60.221,37.457,36.948,9.765,0.0,0.0
233,3.0,3.0,0.0,2.0,2.0,0.0,1880.298,1372.952,99.76,37.915,37.846,9.865,0.0,0.0
234,3.0,3.0,0.0,3.0,5.0,0.0,2079.341,1464.348,87.643,38.013,37.484,9.83,0.0,0.0
235,3.0,3.0,0.0,4.0,6.0,0.0,1801.539,1536.39,67.917,38.103,38.053,9.916,0.0,0.0
236,3.0,3.0,0.0,5.0,7.0,0.0,2073.869,1576.044,-40.889,37.812,37.76,9.84,0.0,0.0
238,3.0,3.0,0.0,7.0,8.0,0.0,2153.283,1616.21,-28.574,38.66,35.8,9.535,0.0,0.0
240,4.0,3.0,0.0,0.0,2.0,0.0,2808.971,1340.313,-32.781,38.486,37.881,9.717,0.0,0.0
241,4.0,3.0,0.0,1.0,3.0,0.0,2501.973,1383.817,58.871,37.739,37.453,9.868,0.0,0.0
242,4.0,3.0,0.0,2.0,4.0,0.0,2725.179,1424.724,58.892,37.793,37.727,9.833,0.0,0.0
243,4.0,3.0,0.0,3.0,7.0,0.0,2579.93,1645.15,-1.916,42.847,24.097,9.811,0.0,0.0
245,5.0,3.0,0.0,1.0,4.0,0.0,3313.382,1326.327,109.717,38.187,37.937,9.835,0.0,0.0
246,5.0,3.0,0.0,2.0,6.0,0.0,3465.606,1375.575,91.664,40.749,32.116,9.301,0.0,0.0
247,5.0,3.0,0.0,3.0,7.0,0.0,3296.448,1385.989,84.763,38.042,37.461,9.831,0.0,0.0
248,5.0,3.0,0.0,4.0,8.0,0.0,3246.863,1496.926,46.449,38.044,37.273,9.73,0.0,0.0
249,5.0,3.0,0.0,5.0,9.0,0.0,3021.922,1498.143,47.084,37.86,37.671,9.835,0.0,0.0
251,5.0,3.0,0.0,7.0,11.0,0.0,3443.829,1594.32,39.815,38.496,38.336,9.927,0.0,0.0
252,6.0,3.0,0.0,0.0,5.0,0.0,3859.15,1317.536,72.673,37.231,36.538,9.603,0.0,0.0
253,6.0,3.0,0.0,1.0,6.0,0.0,3753.027,1329.554,-12.226,37.585,36.966,9.946,0.0,0.0
254,6.0,3.0,0.0,2.0,10.0,0.0,3845.486,1479.746,85.85,38.526,38.253,9.845,0.0,0.0
255,6.0,3.0,0.0,3.0,12.0,0.0,3604.822,1549.436,-37.155,37.866,37.737,9.844,0.0,0.0
266,7.0,3.0,0.0,0.0,0.0,0.0,4168.771,1259.276,64.435,37.687,37.146,9.821,0.0,0.0
267,7.0,3.0,0.0,1.0,2.0,0.0,4379.036,1311.462,120.704,38.451,37.263,9.938,0.0,0.0
268,7.0,3.0,0.0,2.0,4.0,0.0,4445.893,1339.071,61.54,37.408,37.258,9.799,0.0,0.0
269,7.0,3.0,0.0,3.0,5.0,0.0,4496.241,1367.389,68.102,37.521,37.176,9.803,0.0,0.0
270,7.0,3.0,0.0,4.0,6.0,0.0,4510.257,1457.33,-35.056,38.125,37.94,9.905,0.0,0.0
271,7.0,3.0,0.0,5.0,7.0,0.0,4314.56,1513.253,-37.098,37.459,37.372,9.821,0.0,0.0
272,7.0,3.0,0.0,6.0,11.0,0.0,4426.16,1549.85,112.423,38.294,38.201,9.883,0.0,0.0
273,7.0,3.0,0.0,7.0,12.0,0.0,4269.678,1558.048,-9.985,37.517,37.347,9.748,0.0,0.0
276,7.0,3.0,0.0,10.0,19.0,0.0,4419.094,1639.004,-5.024,38.662,36.327,9.763,0.0,0.0
277,8.0,3.0,0.0,0.0,1.0,0.0,5138.885,1335.494,-18.017,37.576,37.332,9.754,0.0,0.0
278,8.0,3.0,0.0,1.0,2.0,0.0,4726.726,1405.405,74.389,37.983,37.653,9.848,0.0,0.0
279,8.0,3.0,0.0,2.0,3.0,0.0,4850.952,1536.636,82.855,39.031,38.879,9.99,0.0,0.0
280,8.0,3.0,0.0,3.0,4.0,0.0,4818.577,1642.831,-2.917,40.39,29.842,9.086,0.0,0.0
281,8.0,3.0,0.0,4.0,5.0,0.0,4954.522,1644.944,-3.808,40.629,25.391,8.782,0.0,0.0
284,9.0,3.0,0.0,2.0,5.0,0.0,5700.526,1379.11,30.548,38.155,38.016,9.841,0.0,0.0
285,9.0,3.0,0.0,3.0,6.0,0.0,5378.261,1404.524,-30.568,38.309,37.956,9.93,0.0,0.0
286,9.0,3.0,0.0,4.0,7.0,0.0,5755.741,1475.73,104.124,38.017,37.7,9.859,0.0,0.0
287,9.0,3.0,0.0,5.0,8.0,0.0,5353.303,1489.952,116.032,37.34,37.102,9.77,0.0,0.0
288,9.0,3.0,0.0,6.0,10.0,0.0,5243.608,1570.019,75.358,37.871,37.738,9.845,0.0,0.0
289,9.0,3.0,0.0,7.0,11.0,0.0,5647.961,1639.08,-2.679,39.072,36.465,9.76,0.0,0.0
290,0.0,4.0,0.0,0.0,0.0,0.0,150.64,1663.299,86.293,37.415,37.183,9.713,0.0,0.0
291,0.0,4.0,0.0,1.0,1.0,0.0,140.857,1859.383,57.993,38.344,38.131,9.881,0.0,0.0
292,0.0,4.0,0.0,2.0,5.0,0.0,218.425,2039.675,111.311,38.167,37.865,9.978,0.0,0.0
293,1.0,4.0,0.0,0.0,0.0,0.0,670.376,1741.958,53.158,37.585,37.119,9.804,0.0,0.0
294,1.0,4.0,0.0,1.0,1.0,0.0,968.468,1833.309,44.768,37.707,37.182,9.828,0.0,0.0
295,1.0,4.0,0.0,2.0,3.0,0.0,1031.182,1877.28,62.764,38.368,38.21,9.894,0.0,0.0
296,1.0,4.0,0.0,3.0,4.0,0.0,792.968,1930.831,66.723,38.057,37.912,9.892,0.0,0.0
297,1.0,4.0,0.0,4.0,5.0,0.0,1005.183,1961.084,13.846,38.146,37.426,9.689,0.0,0.0
298,2.0,4.0,0.0,0.0,0.0,0.0,1192.932,1668.399,52.792,37.53,37.21,9.732,0.0,0.0
299,2.0,4.0,0.0,1.0,1.0,0.0,1720.543,1681.231,52.866,37.599,37.409,9.844,0.0,0.0
300,2.0,4.0,0.0,2.0,2.0,0.0,1401.344,1884.882,69.748,37.898,37.83,9.86,0.0,0.0
302,3.0,4.0,0.0,1.0,4.0,0.0,1960.458,1723.954,73.291,37.969,37.598,9.917,0.0,0.0
303,3.0,4.0,0.0,2.0,5.0,0.0,2167.845,1830.658,130.543,37.906,37.771,9.854,0.0,0.0
304,3.0,4.0,0.0,3.0,6.0,0.0,1934.906,1832.795,-28.368,37.73,36.706,9.689,0.0,0.0
305,3.0,4.0,0.0,4.0,7.0,0.0,1822.798,1867.725,117.165,38.292,38.171,9.879,0.0,0.0
306,3.0,4.0,0.0,5.0,8.0,0.0,1994.079,1920.947,-1.57,37.752,37.25,9.542,0.0,0.0
307,3.0,4.0,0.0,6.0,9.0,0.0,2278.499,1959.741,119.651,38.407,38.367,9.92,0.0,0.0
308,3.0,4.0,0.0,7.0,11.0,0.0,1916.894,2006.823,39.025,38.272,38.088,9.866,0.0,0.0
316,4.0,4.0,0.0,3.0,5.0,0.0,2549.4,1700.536,51.084,37.115,36.615,9.526,0.0,0.0
317,4.0,4.0,0.0,4.0,6.0,0.0,2729.715,1705.869,89.201,37.573,36.681,9.743,0.0,0.0
321,4.0,4.0,0.0,8.0,13.0,0.0,2660.923,1985.425,78.571,38.343,38.121,9.879,0.0,0.0
323,5.0,4.0,0.0,0.0,0.0,0.0,3115.566,1676.455,80.349,37.874,37.503,9.815,0.0,0.0
326,5.0,4.0,0.0,3.0,2.0,0.0,2974.027,1793.072,10.848,37.611,36.281,9.698,0.0,0.0
327,5.0,4.0,0.0,4.0,3.0,0.0,3208.298,1853.458,3.067,37.751,37.465,9.872,0.0,0.0
328,5.0,4.0,0.0,5.0,4.0,0.0,3099.545,1916.195,39.592,37.529,37.27,9.817,0.0,0.0
329,5.0,4.0,0.0,6.0,6.0,0.0,3254.349,1982.417,118.578,38.504,38.273,9.92,0.0,0.0
330,5.0,4.0,0.0,7.0,8.0,0.0,2914.776,2051.996,-0.812,43.137,27.02,9.068,0.0,0.0
345,6.0,4.0,0.0,14.0,17.0,0.0,3905.394,1788.101,79.325,38.014,37.651,9.852,0.0,0.0
346,6.0,4.0,0.0,15.0,19.0,0.0,3955.115,1843.694,110.438,37.986,37.691,9.853,0.0,0.0
347,6.0,4.0,0.0,16.0,21.0,0.0,3597.478,1944.891,55.19,38.014,37.33,9.443,0.0,0.0
348,6.0,4.0,0.0,17.0,22.0,0.0,3685.954,1980.3,23.716,38.094,38.026,9.835,0.0,0.0
351,7.0,4.0,0.0,2.0,4.0,0.0,4239.057,1673.113,12.094,37.373,36.822,9.737,0.0,0.0
352,7.0,4.0,0.0,3.0,6.0,0.0,4616.254,1689.386,89.031,39.213,34.244,9.479,0.0,0.0
353,7.0,4.0,0.0,4.0,7.0,0.0,4496.121,1773.266,-31.888,38.09,38.0,9.908,0.0,0.0
354,7.0,4.0,0.0,5.0,10.0,0.0,4262.359,1831.776,107.257,32.989,32.592,9.211,0.0,0.0
355,7.0,4.0,0.0,6.0,11.0,0.0,4538.412,1925.358,35.737,38.137,37.919,9.903,0.0,0.0
356,7.0,4.0,0.0,7.0,12.0,0.0,4146.687,2017.274,18.497,38.563,37.957,9.887,0.0,0.0
357,7.0,4.0,0.0,8.0,13.0,0.0,4219.417,2042.149,14.85,38.893,38.643,9.942,0.0,0.0
358,8.0,4.0,0.0,0.0,2.0,0.0,5073.524,1657.991,84.262,37.624,37.374,9.765,0.0,0.0
359,8.0,4.0,0.0,1.0,4.0,0.0,5192.735,1703.249,89.882,38.579,33.441,9.428,0.0,0.0
361,8.0,4.0,0.0,3.0,6.0,0.0,4755.293,1742.858,65.093,37.815,37.551,9.813,0.0,0.0
362,8.0,4.0,0.0,4.0,7.0,0.0,4637.916,1777.15,70.646,37.956,37.582,9.835,0.0,0.0
363,8.0,4.0,0.0,5.0,8.0,0.0,4961.585,1891.327,119.359,37.793,37.378,9.713,0.0,0.0
366,9.0,4.0,0.0,1.0,3.0,0.0,5385.52,1820.007,54.106,37.54,37.339,9.827,0.0,0.0
367,9.0,4.0,0.0,2.0,4.0,0.0,5743.652,1832.555,117.068,38.392,38.023,9.873,0.0,0.0
368,9.0,4.0,0.0,3.0,5.0,0.0,5719.809,1877.348,129.014,38.068,37.721,9.868,0.0,0.0
369,9.0,4.0,0.0,4.0,6.0,0.0,5672.804,1932.852,123.316,38.026,37.845,9.879,0.0,0.0
370,9.0,4.0,0.0,5.0,7.0,0.0,5358.123,1954.348,43.384,37.778,37.492,9.878,0.0,0.0
371,9.0,4.0,0.0,6.0,8.0,0.0,5217.258,1999.457,78.045,37.824,37.668,9.83,0.0,0.0
372,9.0,4.0,0.0,7.0,9.0,0.0,5750.139,2017.565,-29.0,38.494,38.449,9.866,0.0,0.0
373,0.0,5.0,0.0,0.0,1.0,0.0,187.071,2090.394,87.168,38.037,37.802,9.875,0.0,0.0
374,0.0,5.0,0.0,1.0,2.0,0.0,360.205,2174.628,71.933,37.878,37.654,9.835,0.0,0.0
375,0.0,5.0,0.0,2.0,3.0,0.0,93.354,2208.659,48.56,37.749,37.514,9.724,0.0,0.0
376,0.0,5.0,0.0,3.0,4.0,0.0,503.541,2316.17,40.578,38.249,37.976,9.849,0.0,0.0
377,0.0,5.0,0.0,4.0,5.0,0.0,47.02,2404.641,8.149,37.96,37.816,9.867,0.0,0.0
378,0.0,5.0,0.0,5.0,6.0,0.0,390.032,2453.191,11.824,39.483,38.694,9.949,0.0,0.0
379,1.0,5.0,0.0,0.0,0.0,0.0,666.244,2072.119,64.215,37.826,37.342,9.787,0.0,0.0
380,1.0,5.0,0.0,1.0,1.0,0.0,745.778,2120.5,70.803,37.609,37.186,9.893,0.0,0.0
381,1.0,5.0,0.0,2.0,2.0,0.0,1127.2,2145.384,115.912,37.973,37.706,9.854,0.0,0.0
382,1.0,5.0,0.0,3.0,3.0,0.0,1026.501,2175.182,58.007,37.937,37.574,9.832,0.0,0.0
383,1.0,5.0,0.0,4.0,5.0,0.0,1136.93,2269.427,19.965,37.81,37.676,9.829,0.0,0.0
384,1.0,5.0,0.0,5.0,6.0,0.0,949.325,2313.718,54.393,37.637,37.496,9.783,0.0,0.0
385,1.0,5.0,0.0,6.0,7.0,0.0,838.06,2319.925,89.399,37.424,37.143,9.786,0.0,0.0
386,1.0,5.0,0.0,7.0,8.0,0.0,910.26,2396.439,22.127,37.638,36.786,9.465,0.0,0.0
387,1.0,5.0,0.0,8.0,9.0,0.0,636.907,2432.974,117.112,38.864,37.873,9.698,0.0,0.0
388,2.0,5.0,0.0,0.0,0.0,0.0,1317.18,2061.257,55.557,37.306,37.233,9.782,0.0,0.0
389,2.0,5.0,0.0,1.0,1.0,0.0,1472.841,2067.193,51.696,37.833,37.606,9.823,0.0,0.0
390,2.0,5.0,0.0,2.0,2.0,0.0,1278.963,2086.459,63.241,37.363,36.999,9.759,0.0,0.0
391,2.0,5.0,0.0,3.0,3.0,0.0,1644.116,2110.638,94.01,38.327,37.998,9.862,0.0,0.0
392,2.0,5.0,0.0,4.0,5.0,0.0,1232.498,2217.225,51.766,37.636,37.09,9.806,0.0,0.0
393,2.0,5.0,0.0,5.0,7.0,0.0,1385.516,2254.367,-13.942,38.13,37.53,9.852,0.0,0.0
394,2.0,5.0,0.0,6.0,9.0,0.0,1454.455,2277.588,29.286,37.933,37.766,9.857,0.0,0.0
395,2.0,5.0,0.0,7.0,10.0,0.0,1683.656,2324.104,49.553,37.918,37.775,9.934,0.0,0.0
396,2.0,5.0,0.0,8.0,11.0,0.0,1512.711,2358.702,81.867,38.029,37.987,9.898,0.0,0.0
397,2.0,5.0,0.0,9.0,12.0,0.0,1394.802,2435.213,84.807,38.46,38.238,9.91,0.0,0.0
404,3.0,5.0,0.0,6.0,5.0,0.0,1763.324,2146.285,30.503,37.718,37.368,9.777,0.0,0.0
405,3.0,5.0,0.0,7.0,7.0,0.0,2015.854,2298.894,67.165,38.21,37.352,9.838,0.0,0.0
406,3.0,5.0,0.0,8.0,8.0,0.0,1752.354,2460.542,-0.167,42.793,25.749,8.81,0.0,0.0
407,3.0,5.0,0.0,9.0,9.0,0.0,2262.484,2460.719,-4.202,41.295,26.483,8.799,0.0,0.0
409,4.0,5.0,0.0,1.0,2.0,0.0,2446.488,2083.807,62.103,37.379,37.017,9.764,0.0,0.0
410,4.0,5.0,0.0,2.0,3.0,0.0,2615.663,2094.118,-14.464,37.835,37.651,9.829,0.0,0.0
411,4.0,5.0,0.0,3.0,8.0,0.0,2471.969,2160.059,115.219,37.554,37.28,9.744,0.0,0.0
412,4.0,5.0,0.0,4.0,9.0,0.0,2380.706,2206.553,18.192,37.696,37.112,9.74,0.0,0.0
413,4.0,5.0,0.0,5.0,11.0,0.0,2596.278,2277.603,75.599,37.755,37.663,9.82,0.0,0.0
415,4.0,5.0,0.0,7.0,14.0,0.0,2701.549,2327.5,-38.853,38.245,38.011,9.929,0.0,0.0
416,4.0,5.0,0.0,8.0,15.0,0.0,2347.103,2414.758,74.973,38.137,37.889,9.823,0.0,0.0
417,4.0,5.0,0.0,9.0,17.0,0.0,2463.602,2438.498,-16.413,38.326,38.276,9.897,0.0,0.0
418,5.0,5.0,0.0,0.0,1.0,0.0,3322.953,2065.549,36.271,37.039,36.773,9.687,0.0,0.0
419,5.0,5.0,0.0,1.0,2.0,0.0,3066.375,2087.062,56.294,37.55,37.158,9.805,0.0,0.0
424,5.0,5.0,0.0,6.0,8.0,0.0,3180.809,2149.968,122.449,39.672,37.092,9.914,0.0,0.0
425,5.0,5.0,0.0,7.0,9.0,0.0,3297.906,2150.634,70.346,37.693,37.038,9.807,0.0,0.0
428,5.0,5.0,0.0,10.0,12.0,0.0,2952.745,2179.003,3.297,38.068,37.693,9.865,0.0,0.0
431,5.0,5.0,0.0,13.0,14.0,0.0,3408.192,2189.781,47.502,38.238,37.823,9.827,0.0,0.0
432,5.0,5.0,0.0,14.0,15.0,0.0,3019.194,2189.735,66.56,37.836,37.589,9.898,0.0,0.0
435,5.0,5.0,0.0,17.0,17.0,0.0,3029.717,2285.173,-13.669,37.383,37.317,9.727,0.0,0.0
436,5.0,5.0,0.0,18.0,20.0,0.0,3049.411,2442.104,59.644,38.444,38.229,9.831,0.0,0.0
441,6.0,5.0,0.0,4.0,6.0,0.0,3609.182,2181.585,70.202,37.857,37.641,9.83,0.0,0.0
442,6.0,5.0,0.0,5.0,7.0,0.0,3529.005,2187.536,32.615,37.699,37.237,9.757,0.0,0.0
443,6.0,5.0,0.0,6.0,8.0,0.0,3985.131,2191.029,53.027,37.949,37.827,9.945,0.0,0.0
451,6.0,5.0,0.0,14.0,16.0,0.0,3481.695,2390.018,94.399,37.958,37.695,9.774,0.0,0.0
452,7.0,5.0,0.0,0.0,1.0,0.0,4437.335,2116.221,13.999,38.009,37.584,9.844,0.0,0.0
453,7.0,5.0,0.0,1.0,2.0,0.0,4186.3,2195.193,122.694,37.755,37.394,9.785,0.0,0.0
454,7.0,5.0,0.0,2.0,3.0,0.0,4471.692,2232.623,102.187,38.492,38.342,9.927,0.0,0.0
455,7.0,5.0,0.0,3.0,4.0,0.0,4150.297,2268.995,91.748,38.021,37.621,9.849,0.0,0.0
456,7.0,5.0,0.0,4.0,5.0,0.0,4218.808,2270.574,107.924,37.3,37.196,9.777,0.0,0.0
457,7.0,5.0,0.0,5.0,6.0,0.0,4620.444,2357.299,91.746,41.358,26.137,8.873,0.0,0.0
458,7.0,5.0,0.0,6.0,7.0,0.0,4284.308,2415.619,6.295,37.397,37.156,9.784,0.0,0.0
459,7.0,5.0,0.0,7.0,7.0,0.0,4322.56,2410.681,-15.947,37.714,37.51,9.872,0.0,0.0
460,8.0,5.0,0.0,0.0,0.0,0.0,5167.871,2091.509,123.192,38.194,37.976,9.841,0.0,0.0
461,8.0,5.0,0.0,1.0,1.0,0.0,4812.212,2105.4,52.965,37.513,36.177,9.442,0.0,0.0
462,8.0,5.0,0.0,2.0,3.0,0.0,5100.752,2188.497,62.788,38.071,37.772,9.875,0.0,0.0
463,8.0,5.0,0.0,3.0,5.0,0.0,4824.021,2269.455,118.985,37.973,37.347,9.732,0.0,0.0
465,8.0,5.0,0.0,5.0,7.0,0.0,4788.467,2308.423,76.248,38.099,37.219,9.806,0.0,0.0
466,8.0,5.0,0.0,6.0,8.0,0.0,5151.347,2339.403,117.25,38.136,37.797,9.887,0.0,0.0
467,8.0,5.0,0.0,7.0,10.0,0.0,4715.339,2460.343,-1.452,41.92,26.238,8.95,0.0,0.0
468,9.0,5.0,0.0,0.0,0.0,0.0,5496.631,2062.27,72.612,38.218,37.962,9.919,0.0,0.0
469,9.0,5.0,0.0,1.0,2.0,0.0,5505.619,2327.495,66.913,37.626,37.448,9.775,0.0,0.0
470,9.0,5.0,0.0,2.0,3.0,0.0,5257.947,2430.628,39.797,38.236,37.917,9.916,0.0,0.0
471,9.0,5.0,0.0,3.0,4.0,0.0,5355.333,2455.704,-2.76,39.438,35.419,9.665,0.0,0.0
472,0.0,6.0,0.0,0.0,2.0,0.0,576.709,2533.715,50.559,38.628,38.585,9.976,0.0,0.0
473,0.0,6.0,0.0,1.0,3.0,0.0,182.655,2648.985,99.012,37.626,37.312,9.834,0.0,0.0
474,0.0,6.0,0.0,2.0,5.0,0.0,436.663,2683.582,-38.679,37.755,37.49,9.875,0.0,0.0
475,0.0,6.0,0.0,3.0,6.0,0.0,537.463,2698.591,41.735,38.532,38.267,9.923,0.0,0.0
476,1.0,6.0,0.0,0.0,1.0,0.0,912.583,2596.106,88.816,37.476,37.192,9.799,0.0,0.0
477,1.0,6.0,0.0,1.0,4.0,0.0,843.665,2756.628,72.358,37.601,37.209,9.818,0.0,0.0
478,1.0,6.0,0.0,2.0,5.0,0.0,991.254,2824.647,-28.818,38.194,38.018,9.847,0.0,0.0
479,1.0,6.0,0.0,3.0,6.0,0.0,767.523,2826.785,51.742,38.63,38.456,9.96,0.0,0.0
480,2.0,6.0,0.0,0.0,2.0,0.0,1438.415,2532.792,123.281,37.527,37.071,9.952,0.0,0.0
481,2.0,6.0,0.0,1.0,3.0,0.0,1709.712,2646.464,85.298,38.208,38.077,9.933,0.0,0.0
482,2.0,6.0,0.0,2.0,4.0,0.0,1334.924,2664.523,110.961,37.834,37.769,9.768,0.0,0.0
483,2.0,6.0,0.0,3.0,6.0,0.0,1659.356,2779.59,-8.726,38.61,38.422,9.953,0.0,0.0
484,2.0,6.0,0.0,4.0,7.0,0.0,1639.863,2868.544,-5.563,41.247,26.737,8.862,0.0,0.0
489,3.0,6.0,0.0,4.0,6.0,0.0,2185.073,2604.144,50.866,38.323,38.066,9.87,0.0,0.0
490,3.0,6.0,0.0,5.0,8.0,0.0,2095.928,2724.955,17.905,37.628,37.538,9.787,0.0,0.0
494,4.0,6.0,0.0,3.0,4.0,0.0,2665.283,2546.405,72.872,38.06,37.663,9.859,0.0,0.0
496,4.0,6.0,0.0,5.0,6.0,0.0,2647.074,2591.307,69.293,37.853,37.644,9.754,0.0,0.0
497,4.0,6.0,0.0,6.0,7.0,0.0,2832.774,2606.389,92.903,37.944,37.717,9.852,0.0,0.0
498,4.0,6.0,0.0,7.0,9.0,0.0,2484.392,2687.312,5.01,37.91,37.805,9.859,0.0,0.0
499,4.0,6.0,0.0,8.0,10.0,0.0,2767.203,2797.575,-31.675,37.974,37.703,9.854,0.0,0.0
500,4.0,6.0,0.0,9.0,11.0,0.0,2372.764,2829.882,8.176,37.702,37.52,9.795,0.0,0.0
501,5.0,6.0,0.0,0.0,1.0,0.0,3332.031,2477.634,108.963,37.711,37.434,9.784,0.0,0.0
502,5.0,6.0,0.0,1.0,2.0,0.0,3466.305,2496.339,90.259,40.969,30.674,9.199,0.0,0.0
504,5.0,6.0,0.0,3.0,6.0,0.0,2959.184,2623.94,49.888,37.695,37.417,9.78,0.0,0.0
505,5.0,6.0,0.0,4.0,7.0,0.0,3084.548,2687.106,48.875,38.347,37.989,9.863,0.0,0.0
506,5.0,6.0,0.0,5.0,8.0,0.0,3168.045,2719.3,110.174,37.783,37.712,9.83,0.0,0.0
508,5.0,6.0,0.0,7.0,10.0,0.0,2971.466,2771.782,89.171,38.509,37.969,9.881,0.0,0.0
509,5.0,6.0,0.0,8.0,11.0,0.0,3391.876,2771.905,90.829,38.285,37.977,9.853,0.0,0.0
510,5.0,6.0,0.0,9.0,12.0,0.0,3144.759,2822.765,75.687,38.059,37.748,9.871,0.0,0.0
511,5.0,6.0,0.0,10.0,13.0,0.0,3002.817,2867.242,-2.087,40.777,28.782,9.045,0.0,0.0
512,6.0,6.0,0.0,0.0,2.0,0.0,3622.634,2523.576,37.342,37.784,37.526,9.884,0.0,0.0
513,6.0,6.0,0.0,1.0,3.0,0.0,3683.143,2564.19,95.651,37.442,36.487,9.702,0.0,0.0
523,6.0,6.0,0.0,11.0,12.0,0.0,3814.213,2713.492,31.6,37.869,37.621,9.829,0.0,0.0
524,6.0,6.0,0.0,12.0,14.0,0.0,3611.985,2741.617,83.485,38.123,37.917,9.824,0.0,0.0
525,6.0,6.0,0.0,13.0,15.0,0.0,3678.951,2784.28,38.13,37.95,37.583,9.835,0.0,0.0
527,7.0,6.0,0.0,1.0,2.0,0.0,4132.822,2530.122,49.075,37.351,37.259,9.792,0.0,0.0
528,7.0,6.0,0.0,2.0,3.0,0.0,4456.173,2675.12,88.324,37.987,37.802,9.868,0.0,0.0
530,7.0,6.0,0.0,4.0,5.0,0.0,4476.649,2709.582,5.244,38.923,36.322,9.722,0.0,0.0
531,7.0,6.0,0.0,5.0,6.0,0.0,4535.121,2724.236,7.543,37.702,37.58,9.802,0.0,0.0
532,7.0,6.0,0.0,6.0,8.0,0.0,4439.651,2862.82,-2.585,39.402,36.883,9.778,0.0,0.0
533,7.0,6.0,0.0,7.0,9.0,0.0,4359.993,2864.379,-5.166,39.637,34.595,9.506,0.0,0.0
534,7.0,6.0,0.0,8.0,10.0,0.0,4488.871,2865.137,-5.485,39.366,33.307,9.459,0.0,0.0
535,8.0,6.0,0.0,0.0,1.0,0.0,4954.537,2472.884,95.165,38.376,38.097,9.88,0.0,0.0
536,8.0,6.0,0.0,1.0,2.0,0.0,4731.905,2511.319,78.368,37.945,37.647,9.842,0.0,0.0
537,8.0,6.0,0.0,2.0,3.0,0.0,4915.933,2555.604,101.042,37.972,37.796,9.866,0.0,0.0
538,8.0,6.0,0.0,3.0,4.0,0.0,4915.877,2632.61,78.701,37.974,37.643,9.846,0.0,0.0
539,8.0,6.0,0.0,4.0,5.0,0.0,4706.708,2739.773,30.584,37.582,37.462,9.849,0.0,0.0
540,8.0,6.0,0.0,5.0,6.0,0.0,4799.737,2746.763,26.058,37.979,37.784,9.865,0.0,0.0
541,8.0,6.0,0.0,6.0,7.0,0.0,5146.6,2768.033,-27.843,38.294,38.185,9.881,0.0,0.0
543,9.0,6.0,0.0,0.0,1.0,0.0,5549.344,2481.271,84.843,37.516,37.41,9.833,0.0,0.0
545,9.0,6.0,0.0,2.0,3.0,0.0,5764.889,2594.583,90.819,38.352,38.117,9.957,0.0,0.0
546,9.0,6.0,0.0,3.0,4.0,0.0,5488.31,2630.995,22.799,37.999,37.525,9.467,0.0,0.0
547,9.0,6.0,0.0,4.0,5.0,0.0,5650.007,2644.471,112.991,38.939,38.733,9.959,0.0,0.0
548,9.0,6.0,0.0,5.0,6.0,0.0,5362.937,2655.956,38.43,37.672,37.386,9.773,0.0,0.0
549,9.0,6.0,0.0,6.0,7.0,0.0,5568.405,2662.767,108.817,37.782,37.695,9.828,0.0,0.0
550,9.0,6.0,0.0,7.0,8.0,0.0,5336.895,2825.68,84.767,38.193,37.978,9.842,0.0,0.0
551,0.0,7.0,0.0,0.0,2.0,0.0,445.446,2941.216,112.819,38.332,37.435,9.864,0.0,0.0
552,0.0,7.0,0.0,1.0,4.0,0.0,166.232,3029.891,24.572,37.504,37.414,9.832,0.0,0.0
553,0.0,7.0,0.0,2.0,5.0,0.0,39.599,3055.462,37.283,38.08,37.374,9.824,0.0,0.0
554,0.0,7.0,0.0,3.0,6.0,0.0,307.099,3121.622,83.086,37.567,37.108,9.8,0.0,0.0
555,0.0,7.0,0.0,4.0,7.0,0.0,142.251,3163.037,21.506,37.406,37.318,9.807,0.0,0.0
556,1.0,7.0,0.0,0.0,1.0,0.0,943.969,2893.165,62.597,37.242,36.661,9.698,0.0,0.0
557,1.0,7.0,0.0,1.0,2.0,0.0,1073.048,2905.629,102.686,37.609,37.201,9.817,0.0,0.0
558,1.0,7.0,0.0,2.0,3.0,0.0,836.52,2926.17,115.808,37.537,37.383,9.832,0.0,0.0
559,1.0,7.0,0.0,3.0,4.0,0.0,923.745,2940.65,63.135,38.155,37.865,9.822,0.0,0.0
560,1.0,7.0,0.0,4.0,5.0,0.0,968.891,2948.811,51.946,38.042,37.835,9.88,0.0,0.0
561,1.0,7.0,0.0,5.0,6.0,0.0,1023.145,2981.995,91.565,37.743,37.502,9.798,0.0,0.0
562,1.0,7.0,0.0,6.0,7.0,0.0,961.823,3238.476,86.11,38.477,38.308,9.921,0.0,0.0
563,2.0,7.0,0.0,0.0,1.0,0.0,1197.679,2965.955,49.518,37.875,37.675,9.837,0.0,0.0
564,2.0,7.0,0.0,1.0,2.0,0.0,1617.535,3033.591,92.481,38.176,37.987,9.841,0.0,0.0
566,2.0,7.0,0.0,3.0,4.0,0.0,1438.379,3063.057,56.071,37.897,37.61,9.832,0.0,0.0
568,2.0,7.0,0.0,5.0,6.0,0.0,1438.064,3103.667,99.623,37.971,37.587,9.838,0.0,0.0
569,2.0,7.0,0.0,6.0,8.0,0.0,1531.836,3148.621,-2.745,38.292,38.071,9.866,0.0,0.0
570,2.0,7.0,0.0,7.0,9.0,0.0,1710.846,3256.169,31.656,39.076,39.003,9.936,0.0,0.0
571,3.0,7.0,0.0,0.0,0.0,0.0,2149.973,2891.518,76.012,38.283,38.108,9.947,0.0,0.0
572,3.0,7.0,0.0,1.0,1.0,0.0,2261.378,3116.251,71.876,38.591,38.374,9.944,0.0,0.0
573,3.0,7.0,0.0,2.0,2.0,0.0,2073.784,3121.741,87.228,37.934,37.02,9.533,0.0,0.0
574,3.0,7.0,0.0,3.0,3.0,0.0,1753.246,3125.714,57.299,38.478,38.057,9.889,0.0,0.0
575,3.0,7.0,0.0,4.0,4.0,0.0,1918.776,3146.951,125.107,38.188,38.068,9.929,0.0,0.0
576,3.0,7.0,0.0,5.0,5.0,0.0,1951.241,3259.294,31.623,38.542,38.48,9.951,0.0,0.0
577,4.0,7.0,0.0,0.0,0.0,0.0,2867.759,2885.426,122.888,38.057,37.67,9.785,0.0,0.0
578,4.0,7.0,0.0,1.0,1.0,0.0,2536.945,2904.219,78.505,37.5,37.208,9.804,0.0,0.0
579,4.0,7.0,0.0,2.0,4.0,0.0,2525.18,3043.263,9.008,37.966,37.857,9.873,0.0,0.0
580,4.0,7.0,0.0,3.0,5.0,0.0,2651.243,3084.034,51.672,37.853,37.639,9.83,0.0,0.0
581,4.0,7.0,0.0,4.0,6.0,0.0,2773.456,3095.784,64.378,37.927,37.596,9.833,0.0,0.0
582,4.0,7.0,0.0,5.0,7.0,0.0,2488.115,3168.662,68.137,38.315,38.006,9.861,0.0,0.0
583,4.0,7.0,0.0,6.0,8.0,0.0,2864.539,3169.452,77.377,38.497,38.22,9.912,0.0,0.0
584,4.0,7.0,0.0,7.0,9.0,0.0,2351.742,3193.668,54.563,37.917,37.671,9.842,0.0,0.0
585,4.0,7.0,0.0,8.0,10.0,0.0,2604.004,3270.244,-1.038,38.753,37.247,9.82,0.0,0.0
586,5.0,7.0,0.0,0.0,2.0,0.0,3187.78,2932.638,74.278,37.448,37.034,9.774,0.0,0.0
589,5.0,7.0,0.0,3.0,4.0,0.0,3044.787,3008.139,-14.493,37.222,36.854,9.722,0.0,0.0
590,5.0,7.0,0.0,4.0,5.0,0.0,3346.566,3119.243,126.098,38.073,37.919,9.895,0.0,0.0
591,5.0,7.0,0.0,5.0,6.0,0.0,3157.344,3124.771,114.031,37.63,37.532,9.787,0.0,0.0
592,5.0,7.0,0.0,6.0,7.0,0.0,3040.943,3153.67,49.41,37.696,37.514,9.87,0.0,0.0
593,5.0,7.0,0.0,7.0,8.0,0.0,3208.585,3173.257,70.934,37.873,37.389,9.799,0.0,0.0
594,5.0,7.0,0.0,8.0,10.0,0.0,3453.684,3213.899,124.939,38.373,37.982,9.865,0.0,0.0
595,5.0,7.0,0.0,9.0,11.0,0.0,3124.849,3239.949,127.725,38.219,37.985,9.845,0.0,0.0
596,5.0,7.0,0.0,10.0,12.0,0.0,3053.115,3260.165,94.941,37.843,37.784,9.847,0.0,0.0
598,6.0,7.0,0.0,1.0,2.0,0.0,3832.754,2967.3,92.815,37.712,37.5,9.793,0.0,0.0
599,6.0,7.0,0.0,2.0,3.0,0.0,4033.387,3040.63,126.402,38.33,37.934,9.854,0.0,0.0
600,6.0,7.0,0.0,3.0,4.0,0.0,3852.569,3104.154,116.909,37.752,37.474,9.872,0.0,0.0
601,6.0,7.0,0.0,4.0,5.0,0.0,3511.534,3124.336,81.514,38.249,37.957,9.922,0.0,0.0
602,7.0,7.0,0.0,0.0,3.0,0.0,4216.148,2877.218,62.688,38.051,37.886,9.736,0.0,0.0
603,7.0,7.0,0.0,1.0,4.0,0.0,4531.973,2984.34,81.115,38.5,38.29,9.998,0.0,0.0
604,7.0,7.0,0.0,2.0,7.0,0.0,4287.949,3203.802,13.186,37.994,37.811,9.87,0.0,0.0
605,7.0,7.0,0.0,3.0,8.0,0.0,4243.308,3224.736,-7.822,38.141,37.98,9.912,0.0,0.0
606,8.0,7.0,0.0,0.0,0.0,0.0,4873.105,2969.723,121.411,37.448,37.323,9.813,0.0,0.0
607,8.0,7.0,0.0,1.0,2.0,0.0,5171.174,3062.528,90.965,37.545,37.354,9.829,0.0,0.0
608,8.0,7.0,0.0,2.0,3.0,0.0,5174.113,3133.962,74.721,38.669,38.416,9.959,0.0,0.0
609,8.0,7.0,0.0,3.0,4.0,0.0,4793.905,3162.544,118.758,37.823,37.663,9.829,0.0,0.0
610,8.0,7.0,0.0,4.0,6.0,0.0,5008.288,3210.299,108.257,38.348,38.07,9.873,0.0,0.0
611,8.0,7.0,0.0,5.0,7.0,0.0,4720.955,3224.035,29.944,38.651,38.274,9.939,0.0,0.0
612,8.0,7.0,0.0,6.0,8.0,0.0,4774.363,3254.383,35.74,38.263,37.953,9.847,0.0,0.0
614,9.0,7.0,0.0,0.0,0.0,0.0,5643.006,2920.023,95.087,38.258,37.99,9.928,0.0,0.0
615,9.0,7.0,0.0,1.0,1.0,0.0,5420.811,2977.28,106.468,38.324,38.121,9.877,0.0,0.0
616,9.0,7.0,0.0,2.0,4.0,0.0,5539.712,3221.002,3.892,38.191,38.124,9.86,0.0,0.0
617,0.0,8.0,0.0,0.0,0.0,0.0,427.065,3331.732,95.027,37.636,37.405,9.848,0.0,0.0
618,0.0,8.0,0.0,1.0,1.0,0.0,564.276,3498.689,109.154,38.371,38.205,9.894,0.0,0.0
619,1.0,8.0,0.0,0.0,0.0,0.0,1065.871,3395.715,74.372,38.048,37.612,9.775,0.0,0.0
620,1.0,8.0,0.0,1.0,1.0,0.0,936.478,3436.791,32.295,37.808,37.669,9.906,0.0,0.0
621,1.0,8.0,0.0,2.0,3.0,0.0,1026.17,3520.904,104.552,37.631,37.372,9.843,0.0,0.0
622,1.0,8.0,0.0,3.0,4.0,0.0,903.674,3573.743,90.992,37.742,37.477,9.794,0.0,0.0
623,1.0,8.0,0.0,4.0,5.0,0.0,602.061,3603.446,64.135,38.285,37.993,9.855,0.0,0.0
624,1.0,8.0,0.0,5.0,6.0,0.0,1016.434,3622.156,92.582,38.286,38.022,9.859,0.0,0.0
626,1.0,8.0,0.0,7.0,8.0,0.0,829.819,3652.853,83.786,37.947,37.654,9.844,0.0,0.0
627,2.0,8.0,0.0,0.0,2.0,0.0,1196.027,3350.928,37.677,37.926,37.584,9.832,0.0,0.0
628,2.0,8.0,0.0,1.0,3.0,0.0,1412.287,3363.894,79.362,38.476,38.133,9.975,0.0,0.0
629,2.0,8.0,0.0,2.0,4.0,0.0,1575.143,3424.568,94.886,37.436,37.199,9.795,0.0,0.0
630,2.0,8.0,0.0,3.0,5.0,0.0,1679.829,3483.105,54.846,38.297,38.059,9.865,0.0,0.0
631,2.0,8.0,0.0,4.0,6.0,0.0,1491.616,3484.357,-44.875,33.632,33.1,9.374,0.0,0.0
632,2.0,8.0,0.0,5.0,7.0,0.0,1287.992,3552.143,6.705,37.834,37.809,9.849,0.0,0.0
633,2.0,8.0,0.0,6.0,8.0,0.0,1481.208,3577.818,68.007,38.292,38.154,9.877,0.0,0.0
634,2.0,8.0,0.0,7.0,9.0,0.0,1715.867,3584.233,97.636,39.339,35.279,9.711,0.0,0.0
635,2.0,8.0,0.0,8.0,10.0,0.0,1558.964,3587.434,-7.886,38.947,38.562,9.938,0.0,0.0
636,2.0,8.0,0.0,9.0,13.0,0.0,1576.119,3680.592,-5.364,39.334,34.384,9.522,0.0,0.0
637,3.0,8.0,0.0,0.0,1.0,0.0,2312.606,3307.565,91.018,39.329,33.801,9.496,0.0,0.0
638,3.0,8.0,0.0,1.0,2.0,0.0,2252.545,3356.063,113.367,37.978,37.555,9.835,0.0,0.0
639,3.0,8.0,0.0,2.0,3.0,0.0,2117.14,3494.332,123.462,38.54,38.344,9.934,0.0,0.0
640,3.0,8.0,0.0,3.0,4.0,0.0,2256.957,3564.156,132.994,38.477,38.315,9.922,0.0,0.0
641,3.0,8.0,0.0,4.0,6.0,0.0,2039.135,3595.498,-44.107,37.894,37.575,9.827,0.0,0.0
642,3.0,8.0,0.0,5.0,7.0,0.0,1990.546,3624.345,127.626,37.464,37.295,9.811,0.0,0.0
643,3.0,8.0,0.0,6.0,8.0,0.0,1764.961,3641.652,46.063,39.038,38.807,9.981,0.0,0.0
644,3.0,8.0,0.0,7.0,9.0,0.0,2244.296,3668.139,-32.941,39.016,38.662,9.96,0.0,0.0
645,4.0,8.0,0.0,0.0,2.0,0.0,2615.959,3417.788,81.614,38.218,37.729,9.888,0.0,0.0
646,4.0,8.0,0.0,1.0,3.0,0.0,2718.258,3425.864,75.071,38.353,38.026,9.868,0.0,0.0
647,4.0,8.0,0.0,2.0,4.0,0.0,2651.539,3449.137,61.464,38.18,37.911,9.908,0.0,0.0
648,4.0,8.0,0.0,3.0,5.0,0.0,2800.398,3500.238,-17.95,38.664,38.525,9.897,0.0,0.0
649,4.0,8.0,0.0,4.0,6.0,0.0,2515.007,3520.216,29.022,38.08,37.293,9.588,0.0,0.0
650,4.0,8.0,0.0,5.0,7.0,0.0,2394.756,3536.844,17.657,37.893,37.275,9.787,0.0,0.0
651,4.0,8.0,0.0,6.0,8.0,0.0,2585.77,3572.23,21.088,38.088,37.577,9.853,0.0,0.0
652,4.0,8.0,0.0,7.0,9.0,0.0,2867.995,3626.932,-31.084,38.0,37.932,9.811,0.0,0.0
653,4.0,8.0,0.0,8.0,10.0,0.0,2836.107,3653.036,128.156,38.499,38.143,9.902,0.0,0.0
654,4.0,8.0,0.0,9.0,11.0,0.0,2596.478,3680.146,-2.819,39.512,34.82,9.598,0.0,0.0
655,5.0,8.0,0.0,0.0,1.0,0.0,3222.03,3284.461,97.092,37.521,37.172,9.726,0.0,0.0
656,5.0,8.0,0.0,1.0,2.0,0.0,3462.471,3329.171,90.042,38.917,36.974,9.799,0.0,0.0
657,5.0,8.0,0.0,2.0,3.0,0.0,3009.312,3450.842,107.605,37.71,37.404,9.78,0.0,0.0
658,5.0,8.0,0.0,3.0,4.0,0.0,3293.203,3536.852,113.055,38.036,37.668,9.781,0.0,0.0
659,5.0,8.0,0.0,4.0,5.0,0.0,3255.612,3575.435,134.091,39.004,38.627,9.954,0.0,0.0
660,5.0,8.0,0.0,5.0,6.0,0.0,3174.247,3617.22,55.343,38.214,38.07,9.856,0.0,0.0
661,5.0,8.0,0.0,6.0,8.0,0.0,2987.202,3643.946,-22.239,38.676,37.772,9.804,0.0,0.0
662,5.0,8.0,0.0,7.0,9.0,0.0,3002.169,3681.221,-0.654,39.677,32.787,9.333,0.0,0.0
663,6.0,8.0,0.0,0.0,2.0,0.0,3889.881,3349.616,35.188,38.29,37.988,9.932,0.0,0.0
664,6.0,8.0,0.0,1.0,4.0,0.0,3775.318,3403.605,42.315,37.486,37.196,9.801,0.0,0.0
665,6.0,8.0,0.0,2.0,5.0,0.0,3778.481,3598.755,-38.396,37.997,37.7,9.857,0.0,0.0
666,7.0,8.0,0.0,0.0,1.0,0.0,4094.902,3353.17,86.575,37.952,37.718,9.853,0.0,0.0
668,7.0,8.0,0.0,2.0,4.0,0.0,4555.08,3665.251,-18.96,39.111,38.763,9.985,0.0,0.0
669,7.0,8.0,0.0,3.0,5.0,0.0,4182.147,3673.036,57.086,38.451,38.3,9.916,0.0,0.0
670,8.0,8.0,0.0,0.0,1.0,0.0,5029.68,3341.451,49.002,37.653,37.397,9.849,0.0,0.0
671,8.0,8.0,0.0,1.0,3.0,0.0,4992.259,3364.307,79.788,37.445,37.065,9.778,0.0,0.0
672,8.0,8.0,0.0,2.0,4.0,0.0,4855.513,3389.516,87.915,37.085,36.778,9.694,0.0,0.0
673,8.0,8.0,0.0,3.0,5.0,0.0,4797.88,3429.964,98.235,37.935,37.685,9.846,0.0,0.0
674,8.0,8.0,0.0,4.0,6.0,0.0,5111.155,3431.931,70.146,38.274,38.119,9.87,0.0,0.0
675,8.0,8.0,0.0,5.0,7.0,0.0,4995.299,3456.162,82.227,38.086,37.917,9.896,0.0,0.0
676,8.0,8.0,0.0,6.0,8.0,0.0,4647.605,3467.951,52.66,37.863,37.425,9.803,0.0,0.0
677,8.0,8.0,0.0,7.0,10.0,0.0,5160.166,3577.99,-38.8,38.219,37.803,9.899,0.0,0.0
678,8.0,8.0,0.0,8.0,11.0,0.0,5123.305,3601.619,16.362,38.504,38.474,9.946,0.0,0.0
679,8.0,8.0,0.0,9.0,12.0,0.0,4952.353,3604.772,126.69,37.646,37.404,9.772,0.0,0.0
680,9.0,8.0,0.0,0.0,1.0,0.0,5449.7,3396.088,81.885,37.991,37.619,9.845,0.0,0.0
681,9.0,8.0,0.0,1.0,2.0,0.0,5722.738,3471.952,-2.457,37.905,37.816,9.86,0.0,0.0
682,9.0,8.0,0.0,2.0,3.0,0.0,5427.519,3563.149,-22.393,37.589,37.497,9.777,0.0,0.0
683,9.0,8.0,0.0,3.0,4.0,0.0,5342.763,3600.133,109.59,37.932,37.805,9.861,0.0,0.0
684,0.0,9.0,0.0,0.0,0.0,0.0,364.826,3696.584,89.611,37.93,37.364,9.804,0.0,0.0
685,0.0,9.0,0.0,1.0,2.0,0.0,308.341,3924.433,76.211,37.978,37.488,9.825,0.0,0.0
686,0.0,9.0,0.0,2.0,3.0,0.0,411.346,3946.203,76.056,38.274,37.916,9.844,0.0,0.0
687,0.0,9.0,0.0,3.0,4.0,0.0,74.716,4086.041,-3.653,38.888,37.367,9.851,0.0,0.0
688,0.0,9.0,0.0,4.0,5.0,0.0,117.33,4091.424,-1.714,41.424,28.326,9.057,0.0,0.0
689,1.0,9.0,0.0,0.0,1.0,0.0,1072.257,3717.062,106.562,38.046,37.759,9.87,0.0,0.0
690,1.0,9.0,0.0,1.0,3.0,0.0,1125.678,3793.271,-31.33,38.697,38.555,9.981,0.0,0.0
691,1.0,9.0,0.0,2.0,4.0,0.0,656.981,3897.51,29.602,37.376,36.931,9.752,0.0,0.0
692,1.0,9.0,0.0,3.0,6.0,0.0,674.381,4087.527,-2.534,39.634,35.669,9.647,0.0,0.0
693,2.0,9.0,0.0,0.0,4.0,0.0,1218.479,4081.722,28.077,38.644,38.145,9.921,0.0,0.0
694,3.0,9.0,0.0,0.0,2.0,0.0,1841.612,3717.922,14.672,37.295,37.133,9.768,0.0,0.0
695,3.0,9.0,0.0,1.0,3.0,0.0,1757.939,3746.615,27.248,37.388,36.986,9.761,0.0,0.0
696,3.0,9.0,0.0,2.0,5.0,0.0,1997.224,3781.52,71.576,37.955,37.65,9.844,0.0,0.0
697,3.0,9.0,0.0,3.0,6.0,0.0,1978.192,3830.114,60.146,38.084,37.882,9.891,0.0,0.0
698,3.0,9.0,0.0,4.0,7.0,0.0,1892.633,3839.462,47.881,38.041,37.842,9.88,0.0,0.0
699,3.0,9.0,0.0,5.0,8.0,0.0,2213.248,3980.658,77.141,38.051,37.632,9.855,0.0,0.0
700,3.0,9.0,0.0,6.0,10.0,0.0,1753.596,4090.957,-0.439,41.407,29.344,9.122,0.0,0.0
701,4.0,9.0,0.0,0.0,1.0,0.0,2333.212,3711.325,74.614,37.822,37.56,9.893,0.0,0.0
702,4.0,9.0,0.0,1.0,2.0,0.0,2748.876,3716.961,80.77,38.294,37.873,9.841,0.0,0.0
703,4.0,9.0,0.0,2.0,3.0,0.0,2372.619,3724.921,57.825,38.343,37.888,9.849,0.0,0.0
705,4.0,9.0,0.0,4.0,5.0,0.0,2666.328,3890.079,83.293,37.884,37.639,9.834,0.0,0.0
707,4.0,9.0,0.0,6.0,7.0,0.0,2741.49,4015.888,103.199,38.098,37.84,9.888,0.0,0.0
708,4.0,9.0,0.0,7.0,8.0,0.0,2630.855,4032.692,48.813,38.087,38.073,9.917,0.0,0.0
709,5.0,9.0,0.0,0.0,1.0,0.0,3208.541,3725.285,84.204,37.351,37.261,9.792,0.0,0.0
710,5.0,9.0,0.0,1.0,2.0,0.0,3000.357,3742.899,83.43,37.805,37.473,9.802,0.0,0.0
711,5.0,9.0,0.0,2.0,3.0,0.0,3347.579,3779.187,70.938,37.763,37.674,9.823,0.0,0.0
712,5.0,9.0,0.0,3.0,4.0,0.0,3182.245,3854.583,55.001,38.047,37.815,9.802,0.0,0.0
713,5.0,9.0,0.0,4.0,5.0,0.0,3074.791,3892.39,126.668,38.524,38.341,9.931,0.0,0.0
714,5.0,9.0,0.0,5.0,6.0,0.0,3208.933,3911.36,73.96,38.143,37.773,9.809,0.0,0.0
715,5.0,9.0,0.0,6.0,7.0,0.0,3026.55,3944.964,70.867,38.537,38.129,9.905,0.0,0.0
716,5.0,9.0,0.0,7.0,8.0,0.0,3376.358,3972.265,105.143,39.067,38.29,9.846,0.0,0.0
717,5.0,9.0,0.0,8.0,9.0,0.0,3317.733,4018.68,-17.016,38.422,38.34,9.918,0.0,0.0
718,5.0,9.0,0.0,9.0,10.0,0.0,3224.876,4049.726,37.476,38.241,38.114,9.865,0.0,0.0
719,6.0,9.0,0.0,0.0,1.0,0.0,3703.924,3709.55,107.219,37.518,37.14,9.721,0.0,0.0
720,6.0,9.0,0.0,1.0,3.0,0.0,3859.317,3786.01,63.869,37.904,37.65,9.838,0.0,0.0
721,6.0,9.0,0.0,2.0,5.0,0.0,3917.933,3830.986,46.277,38.214,37.896,9.91,0.0,0.0
722,6.0,9.0,0.0,3.0,6.0,0.0,3700.945,3879.037,71.28,37.621,37.201,9.819,0.0,0.0
723,6.0,9.0,0.0,4.0,7.0,0.0,3745.745,3934.903,65.962,37.734,37.399,9.783,0.0,0.0
724,6.0,9.0,0.0,5.0,8.0,0.0,3900.326,3962.377,-5.111,37.274,37.254,9.781,0.0,0.0
725,6.0,9.0,0.0,6.0,9.0,0.0,3970.251,4020.691,68.323,38.435,38.328,9.843,0.0,0.0
726,6.0,9.0,0.0,7.0,10.0,0.0,3847.315,4025.858,118.293,38.485,38.184,9.906,0.0,0.0
727,6.0,9.0,0.0,8.0,11.0,0.0,3789.222,4083.517,-44.281,38.255,38.081,9.863,0.0,0.0
728,7.0,9.0,0.0,0.0,2.0,0.0,4598.02,3712.457,83.572,38.32,37.922,9.851,0.0,0.0
729,7.0,9.0,0.0,1.0,3.0,0.0,4618.0,3806.292,91.021,39.65,31.231,9.194,0.0,0.0
730,7.0,9.0,0.0,2.0,5.0,0.0,4498.827,3857.131,11.747,38.247,38.149,9.871,0.0,0.0
732,7.0,9.0,0.0,4.0,7.0,0.0,4100.752,3958.753,52.01,37.973,37.705,9.854,0.0,0.0
733,7.0,9.0,0.0,5.0,8.0,0.0,4358.961,3967.005,118.24,37.577,37.424,9.843,0.0,0.0
734,7.0,9.0,0.0,6.0,9.0,0.0,4198.36,3984.761,30.32,37.651,37.439,9.855,0.0,0.0
735,7.0,9.0,0.0,7.0,10.0,0.0,4197.926,4040.11,10.632,37.817,37.633,9.824,0.0,0.0
736,7.0,9.0,0.0,8.0,11.0,0.0,4539.659,4058.828,129.332,38.494,38.242,9.914,0.0,0.0
737,7.0,9.0,0.0,9.0,12.0,0.0,4253.501,4073.141,61.425,37.718,37.661,9.815,0.0,0.0
738,8.0,9.0,0.0,0.0,0.0,0.0,4959.412,3711.246,103.179,37.329,37.279,9.791,0.0,0.0
739,8.0,9.0,0.0,1.0,2.0,0.0,5085.604,3772.866,46.878,37.967,37.656,9.847,0.0,0.0
740,8.0,9.0,0.0,2.0,3.0,0.0,4710.662,3790.898,42.627,37.901,37.2,9.627,0.0,0.0
741,8.0,9.0,0.0,3.0,5.0,0.0,4806.636,3999.622,42.452,37.612,37.408,9.768,0.0,0.0
742,8.0,9.0,0.0,4.0,6.0,0.0,4697.951,4024.789,55.132,38.044,37.735,9.867,0.0,0.0
743,8.0,9.0,0.0,5.0,7.0,0.0,4765.276,4050.48,78.616,38.025,37.892,9.885,0.0,0.0
744,8.0,9.0,0.0,6.0,8.0,0.0,4805.318,4071.5,48.859,38.317,37.808,9.835,0.0,0.0
745,9.0,9.0,0.0,0.0,0.0,0.0,5768.137,3704.145,90.363,39.96,34.773,9.565,0.0,0.0
746,9.0,9.0,0.0,1.0,1.0,0.0,5358.023,3759.292,59.579,37.918,37.739,9.851,0.0,0.0
747,9.0,9.0,0.0,2.0,2.0,0.0,5731.0,3782.575,55.015,38.008,37.929,9.811,0.0,0.0
748,9.0,9.0,0.0,3.0,4.0,0.0,5352.421,3852.532,108.896,37.619,37.402,9.846,0.0,0.0
749,9.0,9.0,0.0,4.0,5.0,0.0,5241.863,3917.696,-44.77,38.318,38.257,9.971,0.0,0.0
750,9.0,9.0,0.0,5.0,6.0,0.0,5581.137,3945.167,122.017,37.126,37.031,9.732,0.0,0.0
751,9.0,9.0,0.0,6.0,7.0,0.0,5669.429,3952.716,49.738,38.114,37.972,9.907,0.0,0.0
752,9.0,9.0,0.0,7.0,8.0,0.0,5235.387,3959.506,68.972,37.105,36.83,9.781,0.0,0.0
753,9.0,9.0,0.0,8.0,9.0,0.0,5734.493,3961.441,-38.882,38.325,38.114,9.953,0.0,0.0
754,9.0,9.0,0.0,9.0,10.0,0.0,5468.406,3972.517,-33.349,37.892,37.887,9.867,0.0,0.0
755,9.0,9.0,0.0,10.0,11.0,0.0,5386.197,4004.659,28.96,37.741,37.608,9.889,0.0,0.0
756,9.0,9.0,0.0,11.0,12.0,0.0,5748.284,4090.374,-4.574,40.549,31.455,9.227,0.0,0.0
757,0.0,10.0,0.0,0.0,2.0,0.0,129.562,4169.744,75.849,37.873,37.143,9.844,0.0,0.0
758,0.0,10.0,0.0,1.0,3.0,0.0,316.058,4173.114,65.876,38.052,37.677,9.86,0.0,0.0
759,0.0,10.0,0.0,2.0,4.0,0.0,331.052,4209.342,62.115,37.85,37.358,9.793,0.0,0.0
760,0.0,10.0,0.0,3.0,5.0,0.0,96.788,4215.217,67.585,37.842,37.727,9.84,0.0,0.0
761,0.0,10.0,0.0,4.0,7.0,0.0,460.472,4237.653,92.375,38.423,38.168,9.896,0.0,0.0
762,0.0,10.0,0.0,5.0,9.0,0.0,342.509,4314.283,95.156,37.972,37.636,9.845,0.0,0.0
766,0.0,10.0,0.0,9.0,11.0,0.0,183.571,4396.621,67.215,37.784,37.533,9.807,0.0,0.0
767,0.0,10.0,0.0,10.0,12.0,0.0,231.494,4456.886,9.238,38.079,37.704,9.868,0.0,0.0
768,0.0,10.0,0.0,11.0,13.0,0.0,282.678,4489.992,129.793,38.351,38.098,9.877,0.0,0.0
769,1.0,10.0,0.0,0.0,1.0,0.0,1019.181,4157.799,76.714,38.037,37.873,9.884,0.0,0.0
770,1.0,10.0,0.0,1.0,2.0,0.0,877.733,4161.468,75.598,37.782,37.425,9.869,0.0,0.0
771,1.0,10.0,0.0,2.0,3.0,0.0,1060.881,4218.778,61.13,38.392,38.194,9.895,0.0,0.0
772,1.0,10.0,0.0,3.0,4.0,0.0,635.195,4271.965,39.511,37.557,36.873,9.615,0.0,0.0
773,1.0,10.0,0.0,4.0,5.0,0.0,942.448,4299.508,14.386,38.38,37.974,9.789,0.0,0.0
774,1.0,10.0,0.0,5.0,6.0,0.0,806.678,4309.437,87.056,37.575,37.408,9.763,0.0,0.0
775,1.0,10.0,0.0,6.0,8.0,0.0,957.08,4391.837,78.274,38.148,37.69,9.874,0.0,0.0
776,1.0,10.0,0.0,7.0,9.0,0.0,788.192,4486.512,119.214,38.336,38.125,9.879,0.0,0.0
777,2.0,10.0,0.0,0.0,3.0,0.0,1344.066,4141.699,53.922,38.02,37.666,9.855,0.0,0.0
778,2.0,10.0,0.0,1.0,4.0,0.0,1476.635,4187.624,83.871,37.595,37.27,9.825,0.0,0.0
779,2.0,10.0,0.0,2.0,5.0,0.0,1189.324,4325.415,43.395,37.819,37.617,9.822,0.0,0.0
780,2.0,10.0,0.0,3.0,7.0,0.0,1456.953,4377.758,102.391,38.031,37.748,9.867,0.0,0.0
781,2.0,10.0,0.0,4.0,8.0,0.0,1716.115,4384.637,83.655,39.201,38.994,9.951,0.0,0.0
782,2.0,10.0,0.0,5.0,9.0,0.0,1717.0,4437.009,82.717,38.688,38.39,9.883,0.0,0.0
783,2.0,10.0,0.0,6.0,10.0,0.0,1411.447,4438.065,98.268,38.284,37.965,9.928,0.0,0.0
784,3.0,10.0,0.0,0.0,1.0,0.0,2271.406,4110.212,78.333,38.234,37.894,9.912,0.0,0.0
785,3.0,10.0,0.0,1.0,2.0,0.0,2049.419,4232.791,71.034,37.863,37.5,9.813,0.0,0.0
786,3.0,10.0,0.0,2.0,3.0,0.0,2113.149,4291.039,74.252,37.843,37.611,9.825,0.0,0.0
787,3.0,10.0,0.0,3.0,4.0,0.0,2180.896,4323.636,117.539,38.089,37.872,9.891,0.0,0.0
788,3.0,10.0,0.0,4.0,5.0,0.0,1749.939,4329.292,87.253,37.982,37.882,9.878,0.0,0.0
789,3.0,10.0,0.0,5.0,6.0,0.0,1929.775,4341.089,67.189,37.113,36.842,9.783,0.0,0.0
790,3.0,10.0,0.0,6.0,8.0,0.0,2186.865,4402.593,100.602,38.777,38.343,9.964,0.0,0.0
791,3.0,10.0,0.0,7.0,10.0,0.0,1860.475,4469.217,24.525,38.151,37.951,9.833,0.0,0.0
792,4.0,10.0,0.0,0.0,0.0,0.0,2732.387,4104.085,65.583,37.848,37.406,9.798,0.0,0.0
793,4.0,10.0,0.0,1.0,1.0,0.0,2756.825,4136.112,76.666,37.714,37.354,9.774,0.0,0.0
794,4.0,10.0,0.0,2.0,2.0,0.0,2352.643,4152.926,-21.76,38.008,37.326,9.809,0.0,0.0
795,4.0,10.0,0.0,3.0,3.0,0.0,2390.151,4272.55,62.599,37.715,37.505,9.794,0.0,0.0
796,4.0,10.0,0.0,4.0,4.0,0.0,2610.211,4303.938,62.372,37.977,37.584,9.839,0.0,0.0
797,4.0,10.0,0.0,5.0,5.0,0.0,2723.121,4477.058,-37.019,38.569,38.279,9.929,0.0,0.0
798,5.0,10.0,0.0,0.0,0.0,0.0,2960.293,4163.737,45.279,37.586,37.155,9.809,0.0,0.0
799,5.0,10.0,0.0,1.0,1.0,0.0,3055.799,4269.896,61.241,37.316,37.023,9.756,0.0,0.0
800,5.0,10.0,0.0,2.0,2.0,0.0,3013.554,4279.888,96.126,37.976,37.913,9.805,0.0,0.0
801,5.0,10.0,0.0,3.0,3.0,0.0,3029.656,4384.673,-43.859,37.899,37.849,9.863,0.0,0.0
802,5.0,10.0,0.0,4.0,4.0,0.0,3421.805,4463.258,-20.749,38.152,38.027,9.919,0.0,0.0
803,5.0,10.0,0.0,5.0,5.0,0.0,3216.895,4474.279,-44.842,38.207,37.869,9.829,0.0,0.0
804,5.0,10.0,0.0,6.0,6.0,0.0,3166.242,4486.277,112.086,38.278,38.043,9.861,0.0,0.0
805,6.0,10.0,0.0,0.0,1.0,0.0,4013.858,4118.704,114.505,38.368,38.043,9.873,0.0,0.0
806,6.0,10.0,0.0,1.0,2.0,0.0,3795.865,4153.308,76.914,37.938,37.545,9.828,0.0,0.0
807,6.0,10.0,0.0,2.0,3.0,0.0,3573.689,4196.408,42.529,37.738,37.573,9.806,0.0,0.0
808,6.0,10.0,0.0,3.0,4.0,0.0,3994.685,4247.655,-15.206,38.088,37.985,9.906,0.0,0.0
809,6.0,10.0,0.0,4.0,5.0,0.0,3918.456,4387.625,88.365,38.213,37.98,9.921,0.0,0.0
811,7.0,10.0,0.0,0.0,1.0,0.0,4480.444,4279.437,54.399,38.345,37.98,9.938,0.0,0.0
812,7.0,10.0,0.0,1.0,2.0,0.0,4312.886,4339.982,124.534,37.494,37.039,9.704,0.0,0.0
813,7.0,10.0,0.0,2.0,5.0,0.0,4188.27,4468.549,24.366,37.674,37.545,9.794,0.0,0.0
814,8.0,10.0,0.0,0.0,1.0,0.0,5009.461,4129.348,100.04,38.175,37.876,9.902,0.0,0.0
815,8.0,10.0,0.0,1.0,2.0,0.0,4710.669,4144.491,68.879,38.081,37.669,9.863,0.0,0.0
816,8.0,10.0,0.0,2.0,3.0,0.0,5105.945,4258.848,47.772,37.782,37.629,9.819,0.0,0.0
817,8.0,10.0,0.0,3.0,4.0,0.0,5004.853,4362.764,31.651,37.983,37.811,9.869,0.0,0.0
818,8.0,10.0,0.0,4.0,5.0,0.0,5055.817,4373.47,49.958,38.064,37.865,9.81,0.0,0.0
819,8.0,10.0,0.0,5.0,6.0,0.0,4805.391,4425.0,-4.598,37.793,37.749,9.836,0.0,0.0
820,8.0,10.0,0.0,6.0,7.0,0.0,5181.56,4465.518,82.623,38.777,38.543,9.99,0.0,0.0
821,9.0,10.0,0.0,0.0,1.0,0.0,5359.726,4123.18,81.536,38.205,37.954,9.765,0.0,0.0
822,9.0,10.0,0.0,1.0,2.0,0.0,5582.486,4165.405,61.905,38.29,37.912,9.922,0.0,0.0
823,9.0,10.0,0.0,2.0,3.0,0.0,5531.305,4190.832,67.987,38.188,37.855,9.901,0.0,0.0
824,9.0,10.0,0.0,3.0,4.0,0.0,5239.272,4269.132,39.446,38.413,38.04,9.878,0.0,0.0
825,9.0,10.0,0.0,4.0,5.0,0.0,5339.692,4341.475,102.112,37.604,37.448,9.772,0.0,0.0
826,9.0,10.0,0.0,5.0,6.0,0.0,5759.37,4346.41,-29.374,38.392,37.838,9.926,0.0,0.0
827,9.0,10.0,0.0,6.0,7.0,0.0,5482.449,4405.151,75.646,37.842,37.632,9.827,0.0,0.0
828,9.0,10.0,0.0,7.0,8.0,0.0,5270.99,4407.992,48.886,38.2,38.126,9.938,0.0,0.0
829,9.0,10.0,0.0,8.0,9.0,0.0,5683.585,4412.623,-17.643,38.418,38.265,9.908,0.0,0.0
830,9.0,10.0,0.0,9.0,11.0,0.0,5370.512,4451.688,103.026,38.191,37.941,9.913,0.0,0.0
831,9.0,10.0,0.0,10.0,13.0,0.0,5475.125,4486.903,-23.277,38.673,38.476,9.892,0.0,0.0
832,0.0,11.0,0.0,0.0,1.0,0.0,410.343,4551.932,82.041,37.873,37.736,9.845,0.0,0.0
833,0.0,11.0,0.0,1.0,2.0,0.0,461.276,4838.478,105.162,37.987,37.758,9.786,0.0,0.0
834,0.0,11.0,0.0,2.0,3.0,0.0,566.233,4861.492,-19.953,38.595,38.38,9.946,0.0,0.0
835,0.0,11.0,0.0,3.0,4.0,0.0,454.098,4904.599,-4.844,39.196,34.28,9.484,0.0,0.0
836,0.0,11.0,0.0,4.0,5.0,0.0,100.27,4908.309,-1.524,42.072,26.347,8.891,0.0,0.0
837,1.0,11.0,0.0,0.0,2.0,0.0,1121.524,4549.004,104.267,38.635,38.304,9.94,0.0,0.0
838,1.0,11.0,0.0,1.0,3.0,0.0,841.142,4567.19,63.487,37.981,37.418,9.894,0.0,0.0
839,1.0,11.0,0.0,2.0,4.0,0.0,1160.985,4645.084,92.589,40.065,33.36,9.454,0.0,0.0
840,1.0,11.0,0.0,3.0,5.0,0.0,1049.835,4661.004,56.439,38.259,37.951,9.923,0.0,0.0
841,1.0,11.0,0.0,4.0,6.0,0.0,721.048,4706.54,123.587,38.106,38.007,9.834,0.0,0.0
842,1.0,11.0,0.0,5.0,7.0,0.0,692.873,4737.659,53.59,38.219,38.068,9.933,0.0,0.0
843,1.0,11.0,0.0,6.0,8.0,0.0,965.225,4758.436,114.211,38.369,37.881,9.928,0.0,0.0
844,1.0,11.0,0.0,7.0,9.0,0.0,1121.727,4786.059,85.95,38.622,38.453,9.883,0.0,0.0
845,1.0,11.0,0.0,8.0,10.0,0.0,1086.52,4812.42,96.086,38.242,38.08,9.861,0.0,0.0
846,1.0,11.0,0.0,9.0,11.0,0.0,633.822,4831.642,72.926,38.426,38.3,9.913,0.0,0.0
848,1.0,11.0,0.0,11.0,16.0,0.0,840.685,4893.311,15.926,38.602,38.277,9.933,0.0,0.0
849,2.0,11.0,0.0,0.0,0.0,0.0,1622.873,4594.97,62.433,38.322,37.904,9.848,0.0,0.0
850,2.0,11.0,0.0,1.0,1.0,0.0,1319.78,4620.387,68.464,37.849,37.539,9.816,0.0,0.0
851,2.0,11.0,0.0,2.0,3.0,0.0,1527.68,4663.535,16.896,38.032,37.95,9.817,0.0,0.0
852,2.0,11.0,0.0,3.0,4.0,0.0,1413.475,4698.364,70.327,38.366,38.002,9.867,0.0,0.0
853,2.0,11.0,0.0,4.0,5.0,0.0,1441.754,4734.452,80.367,37.672,37.282,9.76,0.0,0.0
854,2.0,11.0,0.0,5.0,6.0,0.0,1687.567,4852.516,118.787,38.412,38.233,9.903,0.0,0.0
855,2.0,11.0,0.0,6.0,7.0,0.0,1645.757,4877.733,-27.442,38.306,38.147,9.878,0.0,0.0
856,2.0,11.0,0.0,7.0,8.0,0.0,1437.345,4902.965,-4.657,38.39,36.207,9.714,0.0,0.0
857,3.0,11.0,0.0,0.0,0.0,0.0,1831.832,4529.546,64.015,37.427,37.113,9.782,0.0,0.0
858,3.0,11.0,0.0,1.0,1.0,0.0,2145.795,4558.845,113.084,37.689,37.429,9.781,0.0,0.0
859,3.0,11.0,0.0,2.0,2.0,0.0,1970.575,4652.973,-6.89,37.662,37.568,9.796,0.0,0.0
860,3.0,11.0,0.0,3.0,4.0,0.0,2295.433,4855.673,110.172,38.63,38.449,9.883,0.0,0.0
861,3.0,11.0,0.0,4.0,5.0,0.0,1824.644,4863.625,43.979,37.686,37.367,9.773,0.0,0.0
862,3.0,11.0,0.0,5.0,6.0,0.0,2004.024,4873.49,100.559,38.465,38.135,9.897,0.0,0.0
863,3.0,11.0,0.0,6.0,7.0,0.0,1773.354,4882.66,43.828,38.525,38.189,9.836,0.0,0.0
864,3.0,11.0,0.0,7.0,8.0,0.0,2191.796,4891.739,26.714,38.451,38.203,9.904,0.0,0.0
865,3.0,11.0,0.0,8.0,9.0,0.0,2298.67,4904.457,0.093,40.784,34.975,9.444,0.0,0.0
866,4.0,11.0,0.0,0.0,1.0,0.0,2610.833,4530.446,78.027,37.912,37.424,9.886,0.0,0.0
867,4.0,11.0,0.0,1.0,2.0,0.0,2663.592,4552.849,45.226,37.681,37.527,9.793,0.0,0.0
868,4.0,11.0,0.0,2.0,4.0,0.0,2654.936,4751.993,110.64,38.237,37.846,9.83,0.0,0.0
869,4.0,11.0,0.0,3.0,6.0,0.0,2762.885,4857.694,-43.777,37.773,37.564,9.809,0.0,0.0
870,5.0,11.0,0.0,0.0,2.0,0.0,3347.276,4531.755,106.17,38.2,37.96,9.916,0.0,0.0
871,5.0,11.0,0.0,1.0,4.0,0.0,2913.085,4668.6,2.257,34.14,33.809,9.376,0.0,0.0
873,6.0,11.0,0.0,0.0,1.0,0.0,3898.426,4570.33,-0.802,38.117,38.014,9.836,0.0,0.0
874,6.0,11.0,0.0,1.0,4.0,0.0,3556.805,4625.061,37.482,37.888,37.801,9.855,0.0,0.0
875,6.0,11.0,0.0,2.0,5.0,0.0,3940.888,4847.311,65.486,38.465,38.419,9.934,0.0,0.0
876,6.0,11.0,0.0,3.0,6.0,0.0,3583.096,4903.652,-1.921,39.35,35.501,9.665,0.0,0.0
877,7.0,11.0,0.0,0.0,0.0,0.0,4223.975,4547.645,60.313,37.513,37.069,9.788,0.0,0.0
878,7.0,11.0,0.0,1.0,1.0,0.0,4423.146,4562.661,56.82,37.914,37.446,9.813,0.0,0.0
879,7.0,11.0,0.0,2.0,2.0,0.0,4167.746,4653.969,47.17,37.568,37.156,9.806,0.0,0.0
880,7.0,11.0,0.0,3.0,3.0,0.0,4547.422,4666.019,109.174,38.428,38.098,9.887,0.0,0.0
881,7.0,11.0,0.0,4.0,5.0,0.0,4152.177,4776.657,72.76,37.892,37.695,9.842,0.0,0.0
882,7.0,11.0,0.0,5.0,6.0,0.0,4306.588,4863.399,25.799,37.795,37.77,9.839,0.0,0.0
883,8.0,11.0,0.0,0.0,0.0,0.0,5143.763,4541.075,96.209,38.548,38.202,9.916,0.0,0.0
885,8.0,11.0,0.0,2.0,2.0,0.0,4680.9,4568.169,109.192,37.469,35.452,8.931,0.0,0.0
886,8.0,11.0,0.0,3.0,3.0,0.0,4901.079,4569.102,64.426,37.373,37.094,9.773,0.0,0.0
887,8.0,11.0,0.0,4.0,5.0,0.0,4648.575,4630.62,74.923,38.017,37.644,9.852,0.0,0.0
888,8.0,11.0,0.0,5.0,7.0,0.0,4845.976,4781.395,23.894,37.891,37.635,9.834,0.0,0.0
889,8.0,11.0,0.0,6.0,8.0,0.0,4991.638,4790.162,79.293,38.455,38.187,9.902,0.0,0.0
890,8.0,11.0,0.0,7.0,9.0,0.0,5040.228,4824.143,83.972,38.437,38.358,9.922,0.0,0.0
891,8.0,11.0,0.0,8.0,10.0,0.0,4658.952,4846.431,-42.257,37.978,37.803,9.867,0.0,0.0
892,8.0,11.0,0.0,9.0,11.0,0.0,4921.729,4860.326,56.14,38.203,37.999,9.845,0.0,0.0
893,8.0,11.0,0.0,10.0,12.0,0.0,5083.805,4882.589,11.663,38.128,38.085,9.924,0.0,0.0
894,8.0,11.0,0.0,11.0,13.0,0.0,4806.623,4884.174,97.109,38.334,38.268,9.897,0.0,0.0
895,9.0,11.0,0.0,0.0,1.0,0.0,5312.354,4546.211,51.9,37.93,37.483,9.819,0.0,0.0
896,9.0,11.0,0.0,1.0,3.0,0.0,5566.379,4594.773,83.934,37.81,37.547,9.736,0.0,0.0
897,9.0,11.0,0.0,2.0,4.0,0.0,5413.373,4635.315,66.364,37.908,37.845,9.864,0.0,0.0
898,9.0,11.0,0.0,3.0,6.0,0.0,5351.438,4667.212,70.034,37.989,37.704,9.855,0.0,0.0
899,9.0,11.0,0.0,4.0,7.0,0.0,5691.409,4729.228,131.354,37.896,37.559,9.825,0.0,0.0
900,9.0,11.0,0.0,5.0,8.0,0.0,5561.167,4746.186,107.033,38.048,37.859,9.884,0.0,0.0
901,9.0,11.0,0.0,6.0,9.0,0.0,5767.563,4788.93,92.316,39.376,35.728,9.69,0.0,0.0
902,9.0,11.0,0.0,7.0,10.0,0.0,5553.567,4793.919,61.994,38.202,37.956,9.84,0.0,0.0
903,9.0,11.0,0.0,8.0,11.0,0.0,5438.957,4809.896,59.61,38.278,37.921,9.845,0.0,0.0
904,9.0,11.0,0.0,9.0,12.0,0.0,5353.131,4809.901,24.453,37.633,37.468,9.779,0.0,0.0
905,9.0,11.0,0.0,10.0,13.0,0.0,5272.361,4814.275,16.361,38.33,37.852,9.843,0.0,0.0
906,9.0,11.0,0.0,11.0,14.0,0.0,5598.295,4814.464,-0.516,38.157,38.077,9.926,0.0,0.0
907,9.0,11.0,0.0,12.0,15.0,0.0,5507.812,4816.169,100.741,37.651,37.427,9.776,0.0,0.0
908,9.0,11.0,0.0,13.0,16.0,0.0,5253.149,4903.257,-1.696,38.741,35.917,9.719,0.0,0.0
909,0.0,12.0,0.0,0.0,3.0,0.0,335.689,4937.716,113.262,38.044,37.535,9.841,0.0,0.0
910,0.0,12.0,0.0,1.0,4.0,0.0,265.074,4992.281,110.345,37.698,37.494,9.79,0.0,0.0
911,0.0,12.0,0.0,2.0,5.0,0.0,416.043,5006.734,71.303,37.893,37.518,9.819,0.0,0.0
912,0.0,12.0,0.0,3.0,6.0,0.0,418.249,5099.036,132.418,37.878,37.393,9.801,0.0,0.0
913,0.0,12.0,0.0,4.0,7.0,0.0,218.932,5166.1,65.461,37.249,36.895,9.73,0.0,0.0
914,0.0,12.0,0.0,5.0,8.0,0.0,345.005,5170.542,128.985,38.032,37.521,9.762,0.0,0.0
915,0.0,12.0,0.0,6.0,9.0,0.0,586.177,5179.903,93.175,40.951,31.187,9.269,0.0,0.0
916,0.0,12.0,0.0,7.0,10.0,0.0,149.772,5183.847,8.194,37.978,37.887,9.878,0.0,0.0
917,0.0,12.0,0.0,8.0,11.0,0.0,380.899,5204.87,64.534,38.474,38.024,9.884,0.0,0.0
919,0.0,12.0,0.0,10.0,15.0,0.0,221.648,5288.562,28.119,37.823,37.584,9.819,0.0,0.0
920,1.0,12.0,0.0,0.0,2.0,0.0,833.413,4946.627,72.839,37.639,37.384,9.846,0.0,0.0
921,1.0,12.0,0.0,1.0,3.0,0.0,995.175,4965.668,92.015,38.286,37.776,9.903,0.0,0.0
922,1.0,12.0,0.0,2.0,4.0,0.0,893.247,4993.686,73.435,37.576,37.26,9.821,0.0,0.0
923,1.0,12.0,0.0,3.0,5.0,0.0,626.849,5000.256,-27.4,38.051,37.893,9.889,0.0,0.0
924,1.0,12.0,0.0,4.0,7.0,0.0,1156.501,5103.854,68.582,38.545,38.286,9.927,0.0,0.0
925,1.0,12.0,0.0,5.0,10.0,0.0,692.666,5191.998,79.766,37.463,36.511,9.707,0.0,0.0
926,1.0,12.0,0.0,6.0,11.0,0.0,608.079,5218.591,25.938,38.181,38.052,9.85,0.0,0.0
927,1.0,12.0,0.0,7.0,12.0,0.0,793.208,5269.76,99.467,37.759,37.394,9.785,0.0,0.0
928,1.0,12.0,0.0,8.0,13.0,0.0,1026.807,5298.319,6.755,38.889,38.812,9.963,0.0,0.0
929,2.0,12.0,0.0,0.0,1.0,0.0,1733.536,5001.141,102.158,38.223,37.604,9.797,0.0,0.0
930,2.0,12.0,0.0,1.0,4.0,0.0,1193.01,5151.281,67.658,38.028,37.642,9.852,0.0,0.0
931,2.0,12.0,0.0,2.0,8.0,0.0,1738.079,5313.621,121.534,35.041,30.78,8.693,0.0,0.0
932,3.0,12.0,0.0,0.0,3.0,0.0,2225.684,4956.906,130.142,37.964,37.801,9.865,0.0,0.0
933,3.0,12.0,0.0,1.0,6.0,0.0,2307.393,5182.754,-13.869,38.584,38.211,9.922,0.0,0.0
934,3.0,12.0,0.0,2.0,7.0,0.0,2267.245,5311.264,-36.807,43.46,35.592,9.545,0.0,0.0
935,4.0,12.0,0.0,0.0,1.0,0.0,2703.77,4956.154,68.713,37.79,37.546,9.809,0.0,0.0
936,4.0,12.0,0.0,1.0,2.0,0.0,2809.224,4980.977,-17.69,38.194,38.013,9.923,0.0,0.0
937,4.0,12.0,0.0,2.0,4.0,0.0,2335.125,5048.175,81.85,38.009,37.797,9.87,0.0,0.0
938,4.0,12.0,0.0,3.0,5.0,0.0,2548.37,5068.634,89.508,37.72,37.332,9.773,0.0,0.0
939,4.0,12.0,0.0,4.0,6.0,0.0,2592.284,5118.576,86.021,37.952,37.781,9.861,0.0,0.0
940,4.0,12.0,0.0,5.0,7.0,0.0,2444.828,5122.97,49.421,37.382,37.168,9.784,0.0,0.0
941,4.0,12.0,0.0,6.0,8.0,0.0,2866.471,5141.528,-38.41,38.627,38.545,9.971,0.0,0.0
942,4.0,12.0,0.0,7.0,10.0,0.0,2351.502,5202.837,20.865,38.074,37.837,9.884,0.0,0.0
943,4.0,12.0,0.0,8.0,11.0,0.0,2530.71,5245.622,79.926,37.988,37.905,9.882,0.0,0.0
945,5.0,12.0,0.0,1.0,3.0,0.0,3207.324,5054.875,85.231,38.342,37.731,9.905,0.0,0.0
946,5.0,12.0,0.0,2.0,4.0,0.0,3347.32,5058.036,66.839,38.444,38.388,9.927,0.0,0.0
947,5.0,12.0,0.0,3.0,5.0,0.0,2979.001,5091.072,44.914,37.9,37.389,9.727,0.0,0.0
948,5.0,12.0,0.0,4.0,6.0,0.0,3201.219,5099.955,7.65,37.938,37.842,9.867,0.0,0.0
951,5.0,12.0,0.0,7.0,9.0,0.0,3279.435,5250.869,15.846,38.561,38.291,9.93,0.0,0.0
952,5.0,12.0,0.0,8.0,10.0,0.0,3168.25,5251.399,117.184,38.49,37.709,9.621,0.0,0.0
953,5.0,12.0,0.0,9.0,11.0,0.0,3397.506,5264.865,52.76,38.577,38.562,9.967,0.0,0.0
954,5.0,12.0,0.0,10.0,12.0,0.0,3087.491,5276.238,9.662,37.91,37.681,9.843,0.0,0.0
955,6.0,12.0,0.0,0.0,1.0,0.0,3984.87,4921.072,77.136,37.754,37.654,9.819,0.0,0.0
956,6.0,12.0,0.0,1.0,2.0,0.0,4003.521,4979.327,75.121,41.299,35.207,9.877,0.0,0.0
957,6.0,12.0,0.0,2.0,3.0,0.0,3704.602,5097.393,25.276,37.655,37.371,9.846,0.0,0.0
959,6.0,12.0,0.0,4.0,5.0,0.0,3713.427,5185.156,19.967,37.627,37.447,9.853,0.0,0.0
960,7.0,12.0,0.0,0.0,0.0,0.0,4387.757,4947.594,56.01,38.22,37.754,9.816,0.0,0.0
961,7.0,12.0,0.0,1.0,1.0,0.0,4389.972,5208.862,67.884,37.547,37.423,9.762,0.0,0.0
962,7.0,12.0,0.0,2.0,2.0,0.0,4104.601,5310.301,4.325,38.072,36.826,9.753,0.0,0.0
963,8.0,12.0,0.0,0.0,2.0,0.0,4961.284,5037.567,66.164,37.686,36.814,9.776,0.0,0.0
964,8.0,12.0,0.0,1.0,3.0,0.0,5037.899,5070.0,61.077,38.238,37.893,9.837,0.0,0.0
965,8.0,12.0,0.0,2.0,4.0,0.0,5133.574,5122.703,124.48,38.286,37.971,9.853,0.0,0.0
966,8.0,12.0,0.0,3.0,5.0,0.0,4709.95,5287.896,50.288,38.641,38.47,9.963,0.0,0.0
967,9.0,12.0,0.0,0.0,1.0,0.0,5585.471,4939.755,56.593,38.003,37.85,9.877,0.0,0.0
968,9.0,12.0,0.0,1.0,3.0,0.0,5705.611,5038.081,-32.97,38.137,37.993,9.913,0.0,0.0
969,9.0,12.0,0.0,2.0,5.0,0.0,5287.615,5114.263,131.64,38.725,38.09,9.778,0.0,0.0
970,9.0,12.0,0.0,3.0,6.0,0.0,5459.738,5120.763,110.561,38.235,38.037,9.931,0.0,0.0
971,9.0,12.0,0.0,4.0,7.0,0.0,5257.67,5225.307,60.32,38.231,38.058,9.933,0.0,0.0
972,9.0,12.0,0.0,5.0,8.0,0.0,5554.645,5225.753,128.081,37.861,37.726,9.92,0.0,0.0
973,9.0,12.0,0.0,6.0,9.0,0.0,5327.097,5228.374,83.056,38.254,38.008,9.853,0.0,0.0
974,9.0,12.0,0.0,7.0,10.0,0.0,5560.086,5298.352,14.602,37.993,37.932,9.81,0.0,0.0
975,3.0,0.0,0.0,0.0,0.0,0.0,1988.621,74.68,60.494,39.511,37.602,32.836,4.0,
976,3.0,0.0,0.0,0.0,0.0,0.0,2138.741,249.515,36.116,39.172,38.027,32.836,4.0,
977,4.0,1.0,0.0,0.0,0.0,0.0,2474.935,442.312,124.451,39.053,37.721,32.629,4.0,
190,6.0,2.0,0.0,3.0,5.0,0.0,3522.394,1024.69,96.283,38.382,38.11,9.883,0.0,0.0
44,7.0,0.0,0.0,1.0,2.0,0.0,4423.672,192.481,127.816,37.952,37.724,9.778,0.0,0.0
978,8.0,2.0,0.0,0.0,0.0,0.0,4763.719,1144.141,-34.486,40.338,39.112,33.774,4.0,
52,8.0,0.0,0.0,3.0,4.0,0.0,5138.752,278.991,59.716,38.195,37.625,9.796,0.0,0.0
979,9.0,4.0,0.0,0.0,0.0,0.0,5437.878,1698.598,-1.939,39.033,38.523,32.959,4.0,
</ResultDatas>,,,,,,,,,,,,,,
<ElementResult>,,,,,,,,,,,,,,
0,0.0,,,,,,,,,,,,,
1,0.0,,,,,,,,,,,,,
2,0.0,,,,,,,,,,,,,
3,0.0,,,,,,,,,,,,,
4,0.0,,,,,,,,,,,,,
5,784.0,,,,,,,,,,,,,
</ElementResult>,,,,,,,,,,,,,,
