No,ImageNoX,ImageNoY,ImageNoZ,ElpsLabel,ObjLabel,Average,GravX,GravY,Angle,MjrAx,MnrAx,X2,Status,DepthAve
2,0.0,0.0,1.0,2.0,3.0,0.0,348.716,138.179,-6.607,38.059,37.881,9.888,0.0,0.0
3,0.0,0.0,1.0,3.0,4.0,0.0,178.152,169.26,3.6,38.406,38.284,9.909,0.0,0.0
4,0.0,0.0,1.0,4.0,5.0,0.0,238.872,181.878,116.386,38.06,37.893,9.89,0.0,0.0
5,0.0,0.0,1.0,5.0,7.0,0.0,282.149,244.449,86.478,38.078,37.68,9.713,0.0,0.0
6,0.0,0.0,1.0,6.0,8.0,0.0,332.53,344.797,121.871,38.512,38.384,9.935,0.0,0.0
7,0.0,0.0,1.0,7.0,9.0,0.0,270.515,344.94,68.852,38.827,38.534,9.919,0.0,0.0
8,1.0,0.0,1.0,0.0,0.0,0.0,1140.788,111.402,132.15,38.343,38.121,9.804,0.0,0.0
9,1.0,0.0,1.0,1.0,1.0,0.0,824.999,176.025,126.229,38.213,37.925,9.914,0.0,0.0
10,1.0,0.0,1.0,2.0,2.0,0.0,784.228,202.66,11.908,38.452,38.215,9.906,0.0,0.0
11,1.0,0.0,1.0,3.0,5.0,0.0,674.865,356.959,-4.187,38.911,38.648,9.945,0.0,0.0
12,1.0,0.0,1.0,4.0,6.0,0.0,768.074,402.038,16.943,38.483,38.33,9.849,0.0,0.0
13,2.0,0.0,1.0,0.0,0.0,0.0,1541.71,111.815,25.638,38.488,38.345,9.851,0.0,0.0
14,2.0,0.0,1.0,1.0,2.0,0.0,1727.502,136.516,-1.488,38.87,38.661,9.941,0.0,0.0
15,2.0,0.0,1.0,2.0,4.0,0.0,1669.458,282.177,130.136,38.899,38.791,9.961,0.0,0.0
16,2.0,0.0,1.0,3.0,5.0,0.0,1581.594,302.599,4.903,37.863,37.667,9.835,0.0,0.0
17,2.0,0.0,1.0,4.0,6.0,0.0,1179.68,311.791,46.004,38.612,38.442,9.956,0.0,0.0
18,2.0,0.0,1.0,5.0,7.0,0.0,1315.495,345.827,103.058,38.485,38.431,9.938,0.0,0.0
19,3.0,0.0,1.0,0.0,1.0,0.0,2006.707,113.898,65.225,37.791,37.293,9.853,0.0,0.0
20,3.0,0.0,1.0,1.0,4.0,0.0,1780.716,248.409,35.207,38.543,38.109,9.904,0.0,0.0
21,3.0,0.0,1.0,2.0,5.0,0.0,2226.142,319.872,80.012,38.669,38.599,9.907,0.0,0.0
22,3.0,0.0,1.0,3.0,7.0,0.0,2034.436,387.887,-33.195,39.083,38.631,9.964,0.0,0.0
23,4.0,0.0,1.0,0.0,1.0,0.0,2420.294,60.256,-9.508,38.51,38.388,9.936,0.0,0.0
24,4.0,0.0,1.0,1.0,2.0,0.0,2677.452,152.354,23.191,38.298,37.049,8.987,0.0,0.0
25,4.0,0.0,1.0,2.0,3.0,0.0,2472.333,178.238,45.599,38.328,38.02,9.865,0.0,0.0
26,4.0,0.0,1.0,3.0,4.0,0.0,2572.3,185.229,105.598,37.886,37.768,9.851,0.0,0.0
28,5.0,0.0,1.0,0.0,1.0,0.0,3313.43,118.445,102.93,38.003,37.74,9.862,0.0,0.0
29,5.0,0.0,1.0,1.0,2.0,0.0,3260.035,143.021,-14.883,38.372,37.986,9.943,0.0,0.0
30,5.0,0.0,1.0,2.0,3.0,0.0,3431.352,152.737,-41.37,38.857,38.375,9.903,0.0,0.0
31,5.0,0.0,1.0,3.0,4.0,0.0,2905.236,233.205,31.846,38.67,38.437,9.963,0.0,0.0
32,5.0,0.0,1.0,4.0,5.0,0.0,3210.456,325.702,39.543,38.106,37.999,9.833,0.0,0.0
33,5.0,0.0,1.0,5.0,6.0,0.0,3331.973,366.84,64.264,38.875,38.703,9.947,0.0,0.0
34,6.0,0.0,1.0,0.0,1.0,0.0,3799.655,145.92,-42.209,38.455,38.274,9.914,0.0,0.0
35,6.0,0.0,1.0,1.0,2.0,0.0,3638.416,201.647,127.255,38.364,38.12,9.882,0.0,0.0
36,6.0,0.0,1.0,2.0,4.0,0.0,3519.726,344.319,130.382,38.968,38.769,9.967,0.0,0.0
37,6.0,0.0,1.0,3.0,6.0,0.0,3968.091,414.025,1.301,40.188,38.288,9.914,0.0,0.0
38,7.0,0.0,1.0,0.0,1.0,0.0,4538.652,46.628,114.384,38.663,38.187,9.853,0.0,0.0
40,7.0,0.0,1.0,2.0,2.0,0.0,4441.413,66.408,102.24,38.936,37.58,9.312,0.0,0.0
41,7.0,0.0,1.0,3.0,3.0,0.0,4464.61,112.414,-43.489,39.297,38.717,9.856,0.0,0.0
42,7.0,0.0,1.0,4.0,4.0,0.0,4508.884,115.128,61.689,38.258,37.694,9.813,0.0,0.0
43,7.0,0.0,1.0,5.0,5.0,0.0,4356.391,222.461,129.443,37.698,37.316,9.767,0.0,0.0
44,7.0,0.0,1.0,6.0,6.0,0.0,4205.208,225.775,29.985,38.341,38.111,9.955,0.0,0.0
46,7.0,0.0,1.0,8.0,8.0,0.0,4529.81,261.585,77.104,38.716,38.559,9.984,0.0,0.0
47,7.0,0.0,1.0,9.0,9.0,0.0,4336.02,276.305,90.022,38.3,37.798,9.757,0.0,0.0
48,7.0,0.0,1.0,10.0,10.0,0.0,4424.354,301.224,16.079,37.456,37.24,9.726,0.0,0.0
49,7.0,0.0,1.0,11.0,12.0,0.0,4078.538,362.329,-27.996,39.029,38.665,9.962,0.0,0.0
50,7.0,0.0,1.0,12.0,13.0,0.0,4396.741,369.124,-24.0,38.488,38.3,9.921,0.0,0.0
52,8.0,0.0,1.0,0.0,0.0,0.0,5000.164,76.093,50.371,38.633,38.433,9.957,0.0,0.0
53,8.0,0.0,1.0,1.0,1.0,0.0,5064.976,83.578,55.659,38.958,38.582,9.942,0.0,0.0
54,8.0,0.0,1.0,2.0,3.0,0.0,4976.037,327.582,13.237,38.092,37.538,9.771,0.0,0.0
57,9.0,0.0,1.0,0.0,2.0,0.0,5224.612,61.711,32.004,39.041,38.909,9.995,0.0,0.0
58,9.0,0.0,1.0,1.0,3.0,0.0,5217.287,114.829,27.7,38.232,37.986,9.848,0.0,0.0
59,9.0,0.0,1.0,2.0,4.0,0.0,5479.604,136.11,-29.081,38.025,37.828,9.877,0.0,0.0
61,9.0,0.0,1.0,4.0,7.0,0.0,5326.088,372.203,-37.329,39.189,38.594,9.899,0.0,0.0
62,9.0,0.0,1.0,5.0,8.0,0.0,5401.431,379.283,91.796,39.636,39.494,9.996,0.0,0.0
63,0.0,1.0,1.0,0.0,1.0,0.0,471.485,466.535,-37.912,39.084,38.567,9.957,0.0,0.0
64,0.0,1.0,1.0,1.0,2.0,0.0,522.579,510.972,-42.096,38.867,38.259,9.889,0.0,0.0
65,0.0,1.0,1.0,2.0,4.0,0.0,160.112,624.103,120.083,38.166,37.701,9.727,0.0,0.0
66,0.0,1.0,1.0,3.0,5.0,0.0,247.362,626.633,-14.468,38.06,37.904,9.891,0.0,0.0
67,0.0,1.0,1.0,4.0,6.0,0.0,82.482,699.187,-33.915,38.098,37.874,9.892,0.0,0.0
68,1.0,1.0,1.0,0.0,1.0,0.0,839.133,455.142,27.427,38.156,37.966,9.835,0.0,0.0
69,1.0,1.0,1.0,1.0,2.0,0.0,661.115,648.259,61.576,38.465,38.223,9.908,0.0,0.0
70,1.0,1.0,1.0,2.0,3.0,0.0,674.202,766.137,2.427,39.113,38.758,9.91,0.0,0.0
71,2.0,1.0,1.0,0.0,0.0,0.0,1223.441,438.504,60.892,39.136,38.713,9.982,0.0,0.0
73,2.0,1.0,1.0,2.0,2.0,0.0,1361.112,561.301,-34.681,37.947,37.805,9.787,0.0,0.0
74,2.0,1.0,1.0,3.0,5.0,0.0,1260.719,729.245,-29.231,37.785,37.694,9.828,0.0,0.0
76,3.0,1.0,1.0,0.0,1.0,0.0,1923.267,479.401,79.43,38.409,38.231,9.902,0.0,0.0
77,3.0,1.0,1.0,1.0,3.0,0.0,1981.731,535.837,-12.857,39.11,38.741,9.908,0.0,0.0
78,3.0,1.0,1.0,2.0,4.0,0.0,2058.94,693.718,-17.464,37.476,37.324,9.739,0.0,0.0
79,3.0,1.0,1.0,3.0,7.0,0.0,2236.702,721.452,-10.74,39.106,38.966,9.936,0.0,0.0
80,3.0,1.0,1.0,4.0,8.0,0.0,2230.923,797.853,72.135,39.444,39.137,10.0,0.0,0.0
81,4.0,1.0,1.0,0.0,5.0,0.0,2744.895,508.122,39.69,37.961,37.837,9.87,0.0,0.0
82,4.0,1.0,1.0,1.0,6.0,0.0,2395.398,571.911,132.333,38.215,37.994,9.846,0.0,0.0
83,4.0,1.0,1.0,2.0,8.0,0.0,2889.292,728.512,93.551,41.727,33.04,9.472,0.0,0.0
84,4.0,1.0,1.0,3.0,9.0,0.0,2589.829,772.871,52.382,38.163,37.957,9.835,0.0,0.0
85,4.0,1.0,1.0,4.0,10.0,0.0,2492.927,782.574,0.194,39.217,38.487,9.964,0.0,0.0
86,4.0,1.0,1.0,5.0,11.0,0.0,2362.246,792.85,-2.558,38.438,38.31,9.916,0.0,0.0
87,4.0,1.0,1.0,6.0,12.0,0.0,2841.519,803.025,75.354,39.33,38.818,9.945,0.0,0.0
88,4.0,1.0,1.0,7.0,13.0,0.0,2443.924,804.577,71.541,39.057,38.76,9.903,0.0,0.0
89,5.0,1.0,1.0,0.0,1.0,0.0,3301.541,447.551,97.924,38.296,38.154,9.878,0.0,0.0
90,5.0,1.0,1.0,1.0,2.0,0.0,3134.4,480.628,109.18,38.45,38.317,9.918,0.0,0.0
91,5.0,1.0,1.0,2.0,4.0,0.0,3312.923,672.179,54.904,38.588,37.909,9.809,0.0,0.0
92,5.0,1.0,1.0,3.0,5.0,0.0,3171.444,707.457,133.037,34.86,34.008,9.112,0.0,0.0
93,5.0,1.0,1.0,4.0,9.0,0.0,3025.361,827.791,-1.915,44.015,26.223,8.733,0.0,0.0
94,6.0,1.0,1.0,0.0,1.0,0.0,3836.591,517.135,60.819,38.142,38.134,9.855,0.0,0.0
95,6.0,1.0,1.0,1.0,2.0,0.0,3707.031,523.332,27.063,38.624,38.424,9.955,0.0,0.0
96,6.0,1.0,1.0,2.0,3.0,0.0,3676.027,578.389,59.367,37.957,37.518,9.828,0.0,0.0
97,6.0,1.0,1.0,3.0,4.0,0.0,3526.273,674.275,71.74,38.133,38.062,9.845,0.0,0.0
98,7.0,1.0,1.0,0.0,0.0,0.0,4178.848,451.334,77.437,38.311,38.122,9.875,0.0,0.0
99,7.0,1.0,1.0,1.0,3.0,0.0,4505.076,552.079,61.765,38.2,38.109,9.859,0.0,0.0
100,7.0,1.0,1.0,2.0,4.0,0.0,4195.102,633.126,86.765,38.481,38.379,9.93,0.0,0.0
101,7.0,1.0,1.0,3.0,5.0,0.0,4288.163,676.163,6.78,38.41,38.338,9.916,0.0,0.0
102,7.0,1.0,1.0,4.0,6.0,0.0,4396.693,723.035,17.593,37.72,37.312,9.77,0.0,0.0
103,7.0,1.0,1.0,5.0,7.0,0.0,4226.543,723.53,102.862,38.2,37.958,9.84,0.0,0.0
104,8.0,1.0,1.0,0.0,2.0,0.0,4825.877,495.541,87.986,38.722,38.493,9.976,0.0,0.0
105,8.0,1.0,1.0,1.0,4.0,0.0,4743.58,613.814,57.858,38.661,38.245,9.937,0.0,0.0
106,8.0,1.0,1.0,2.0,5.0,0.0,4666.069,630.737,128.613,38.56,38.29,9.929,0.0,0.0
107,8.0,1.0,1.0,3.0,6.0,0.0,4899.448,738.683,35.134,38.412,38.215,9.9,0.0,0.0
108,8.0,1.0,1.0,4.0,7.0,0.0,4662.77,740.906,110.456,38.876,38.755,9.954,0.0,0.0
109,8.0,1.0,1.0,5.0,8.0,0.0,5020.876,817.52,24.515,39.199,39.153,9.971,0.0,0.0
110,0.0,2.0,1.0,0.0,0.0,0.0,389.357,873.501,107.384,38.344,37.811,9.618,0.0,0.0
111,0.0,2.0,1.0,1.0,1.0,0.0,271.098,911.02,61.908,38.48,38.107,9.895,0.0,0.0
112,0.0,2.0,1.0,2.0,2.0,0.0,144.864,950.291,110.99,38.276,38.192,9.88,0.0,0.0
113,0.0,2.0,1.0,3.0,5.0,0.0,425.306,1070.613,91.905,37.443,36.533,9.342,0.0,0.0
114,0.0,2.0,1.0,4.0,6.0,0.0,481.222,1137.733,35.013,38.839,38.432,9.908,0.0,0.0
115,0.0,2.0,1.0,5.0,7.0,0.0,113.59,1154.423,109.517,38.539,38.214,9.916,0.0,0.0
116,1.0,2.0,1.0,0.0,0.0,0.0,817.563,924.413,80.771,38.487,38.326,9.924,0.0,0.0
117,1.0,2.0,1.0,1.0,1.0,0.0,645.687,953.826,82.238,38.715,38.534,9.981,0.0,0.0
118,1.0,2.0,1.0,2.0,2.0,0.0,887.744,961.08,101.653,38.414,38.217,9.901,0.0,0.0
119,1.0,2.0,1.0,3.0,5.0,0.0,717.997,1010.921,109.208,38.407,38.106,9.81,0.0,0.0
121,1.0,2.0,1.0,5.0,8.0,0.0,632.859,1159.092,17.35,38.952,38.719,9.959,0.0,0.0
122,1.0,2.0,1.0,6.0,9.0,0.0,895.086,1162.485,99.079,37.99,37.803,9.868,0.0,0.0
123,1.0,2.0,1.0,7.0,10.0,0.0,604.644,1216.595,50.124,39.112,38.978,9.865,0.0,0.0
124,2.0,2.0,1.0,0.0,2.0,0.0,1329.331,875.639,87.633,38.569,38.032,9.896,0.0,0.0
125,2.0,2.0,1.0,1.0,3.0,0.0,1282.127,907.908,111.038,38.246,37.056,9.654,0.0,0.0
126,2.0,2.0,1.0,2.0,4.0,0.0,1562.691,925.568,128.975,38.491,38.063,9.891,0.0,0.0
127,2.0,2.0,1.0,3.0,6.0,0.0,1175.547,1016.341,23.545,38.278,37.879,9.839,0.0,0.0
128,2.0,2.0,1.0,4.0,7.0,0.0,1718.253,1044.875,-40.974,38.021,37.932,9.813,0.0,0.0
129,2.0,2.0,1.0,5.0,8.0,0.0,1345.677,1045.274,108.025,38.136,37.851,9.894,0.0,0.0
130,2.0,2.0,1.0,6.0,9.0,0.0,1599.42,1124.282,-39.451,38.495,38.184,9.907,0.0,0.0
131,2.0,2.0,1.0,7.0,10.0,0.0,1221.733,1145.284,-38.348,38.354,38.218,9.893,0.0,0.0
132,3.0,2.0,1.0,0.0,0.0,0.0,1803.283,881.36,114.878,38.399,38.166,9.892,0.0,0.0
133,3.0,2.0,1.0,1.0,1.0,0.0,1777.714,919.584,-35.22,38.632,38.239,9.782,0.0,0.0
134,3.0,2.0,1.0,2.0,2.0,0.0,2213.861,956.823,89.921,38.48,38.166,9.903,0.0,0.0
135,3.0,2.0,1.0,3.0,5.0,0.0,2285.597,1110.535,-28.834,39.575,39.312,9.965,0.0,0.0
136,3.0,2.0,1.0,4.0,6.0,0.0,2065.282,1122.813,-43.307,38.328,36.962,8.802,0.0,0.0
138,3.0,2.0,1.0,6.0,8.0,0.0,2094.145,1196.44,108.868,38.69,38.479,9.895,0.0,0.0
139,4.0,2.0,1.0,0.0,2.0,0.0,2624.921,891.902,-1.618,38.355,38.187,9.89,0.0,0.0
141,4.0,2.0,1.0,2.0,3.0,0.0,2403.271,922.983,109.95,38.735,37.166,9.734,0.0,0.0
142,4.0,2.0,1.0,3.0,4.0,0.0,2801.705,972.621,85.535,38.34,38.183,9.887,0.0,0.0
143,4.0,2.0,1.0,4.0,5.0,0.0,2335.189,1045.184,-41.984,38.528,38.447,9.945,0.0,0.0
144,4.0,2.0,1.0,5.0,6.0,0.0,2447.757,1113.798,93.243,38.437,38.231,9.906,0.0,0.0
145,4.0,2.0,1.0,6.0,7.0,0.0,2623.318,1169.659,96.354,38.428,38.17,9.897,0.0,0.0
146,4.0,2.0,1.0,7.0,8.0,0.0,2496.262,1190.915,-27.688,38.299,38.185,9.807,0.0,0.0
147,5.0,2.0,1.0,0.0,1.0,0.0,3357.565,872.937,76.972,38.231,38.135,9.867,0.0,0.0
148,5.0,2.0,1.0,1.0,3.0,0.0,3152.306,982.563,-30.754,38.126,37.696,9.873,0.0,0.0
149,5.0,2.0,1.0,2.0,4.0,0.0,2992.632,1117.792,46.408,39.026,38.823,9.982,0.0,0.0
150,5.0,2.0,1.0,3.0,5.0,0.0,2964.917,1169.871,99.816,38.342,38.258,9.897,0.0,0.0
151,5.0,2.0,1.0,4.0,7.0,0.0,3105.587,1231.322,-2.101,39.963,36.241,9.689,0.0,0.0
152,6.0,2.0,1.0,0.0,2.0,0.0,3525.508,1072.844,-28.179,38.51,38.266,9.92,0.0,0.0
153,7.0,2.0,1.0,0.0,3.0,0.0,4248.159,1118.276,-28.575,37.999,37.891,9.805,0.0,0.0
154,7.0,2.0,1.0,1.0,5.0,0.0,4549.846,1195.022,48.407,38.692,38.417,9.887,0.0,0.0
155,7.0,2.0,1.0,2.0,7.0,0.0,4090.095,1202.581,113.577,38.962,38.746,9.964,0.0,0.0
156,7.0,2.0,1.0,3.0,8.0,0.0,4244.642,1204.59,9.656,38.621,38.494,9.964,0.0,0.0
157,8.0,2.0,1.0,0.0,1.0,0.0,4885.427,951.521,90.445,38.488,38.332,9.925,0.0,0.0
158,8.0,2.0,1.0,1.0,2.0,0.0,4661.925,986.025,10.92,38.675,38.544,9.901,0.0,0.0
159,8.0,2.0,1.0,2.0,3.0,0.0,5190.448,992.342,90.801,39.391,37.244,9.746,0.0,0.0
160,8.0,2.0,1.0,3.0,4.0,0.0,4672.893,1054.132,25.216,38.071,37.961,9.9,0.0,0.0
161,9.0,2.0,1.0,0.0,0.0,0.0,5434.427,917.22,45.827,38.252,37.924,9.842,0.0,0.0
162,9.0,2.0,1.0,1.0,1.0,0.0,5400.474,942.312,116.753,38.438,36.821,8.85,0.0,0.0
163,9.0,2.0,1.0,2.0,3.0,0.0,5597.053,981.799,79.419,38.213,37.844,9.751,0.0,0.0
164,0.0,3.0,1.0,0.0,1.0,0.0,254.536,1332.398,56.889,38.007,37.883,9.881,0.0,0.0
165,0.0,3.0,1.0,1.0,2.0,0.0,25.634,1467.662,14.269,38.326,38.044,9.867,0.0,0.0
166,0.0,3.0,1.0,2.0,3.0,0.0,114.006,1474.784,11.048,38.271,38.041,9.86,0.0,0.0
167,1.0,3.0,1.0,0.0,1.0,0.0,1051.141,1256.057,114.645,38.509,38.443,9.943,0.0,0.0
168,1.0,3.0,1.0,1.0,3.0,0.0,879.52,1304.213,25.443,38.11,37.979,9.908,0.0,0.0
169,1.0,3.0,1.0,2.0,4.0,0.0,727.796,1310.58,-38.347,37.929,36.767,9.221,0.0,0.0
170,1.0,3.0,1.0,3.0,5.0,0.0,843.454,1354.359,-41.704,37.722,37.553,9.879,0.0,0.0
171,1.0,3.0,1.0,4.0,6.0,0.0,646.083,1375.781,24.647,38.781,38.549,9.991,0.0,0.0
172,1.0,3.0,1.0,5.0,7.0,0.0,718.508,1401.123,47.254,38.773,38.491,9.983,0.0,0.0
173,1.0,3.0,1.0,6.0,8.0,0.0,906.716,1502.207,-18.687,37.388,36.526,9.858,0.0,0.0
174,2.0,3.0,1.0,0.0,0.0,0.0,1682.348,1247.483,-18.426,38.748,38.461,9.976,0.0,0.0
175,2.0,3.0,1.0,1.0,1.0,0.0,1737.107,1361.274,92.08,40.623,32.987,9.39,0.0,0.0
176,2.0,3.0,1.0,2.0,2.0,0.0,1555.251,1382.464,59.047,37.914,37.73,9.849,0.0,0.0
177,2.0,3.0,1.0,3.0,3.0,0.0,1726.366,1465.587,-40.494,39.106,38.781,9.986,0.0,0.0
178,3.0,3.0,1.0,0.0,0.0,0.0,1923.983,1252.606,102.845,38.107,37.78,9.805,0.0,0.0
179,3.0,3.0,1.0,1.0,2.0,0.0,1787.421,1282.673,70.902,38.525,37.948,9.881,0.0,0.0
180,3.0,3.0,1.0,2.0,6.0,0.0,2203.654,1371.766,46.968,38.349,38.244,9.896,0.0,0.0
183,3.0,3.0,1.0,5.0,9.0,0.0,2223.767,1437.156,94.658,38.387,37.868,9.852,0.0,0.0
184,4.0,3.0,1.0,0.0,3.0,0.0,2741.412,1525.11,29.208,38.232,38.059,9.857,0.0,0.0
185,4.0,3.0,1.0,1.0,4.0,0.0,2751.574,1608.682,88.118,39.136,38.746,9.985,0.0,0.0
186,5.0,3.0,1.0,0.0,1.0,0.0,3048.474,1290.352,56.458,38.292,38.099,9.947,0.0,0.0
187,5.0,3.0,1.0,1.0,2.0,0.0,3241.696,1302.379,119.506,38.71,38.402,9.887,0.0,0.0
188,5.0,3.0,1.0,2.0,3.0,0.0,3085.216,1363.53,71.583,38.364,38.205,9.893,0.0,0.0
189,5.0,3.0,1.0,3.0,4.0,0.0,2954.683,1395.528,-2.198,38.317,38.143,9.879,0.0,0.0
190,5.0,3.0,1.0,4.0,5.0,0.0,3318.293,1419.783,110.284,38.358,38.09,9.877,0.0,0.0
191,5.0,3.0,1.0,5.0,6.0,0.0,3311.376,1480.377,84.078,38.003,36.271,9.173,0.0,0.0
192,5.0,3.0,1.0,6.0,7.0,0.0,3207.345,1485.383,-33.52,37.779,37.389,9.788,0.0,0.0
194,5.0,3.0,1.0,8.0,10.0,0.0,2907.536,1640.37,-1.288,40.446,34.408,9.581,0.0,0.0
195,5.0,3.0,1.0,9.0,11.0,0.0,3103.666,1642.462,-4.065,41.511,29.254,9.024,0.0,0.0
196,6.0,3.0,1.0,0.0,0.0,0.0,3716.238,1246.762,68.551,38.039,37.63,9.852,0.0,0.0
197,6.0,3.0,1.0,1.0,1.0,0.0,4024.396,1413.128,-43.607,38.228,38.104,9.862,0.0,0.0
198,6.0,3.0,1.0,2.0,3.0,0.0,3722.413,1536.314,33.149,38.437,38.194,9.901,0.0,0.0
199,6.0,3.0,1.0,3.0,6.0,0.0,3581.377,1632.254,81.799,38.857,38.641,9.937,0.0,0.0
200,7.0,3.0,1.0,0.0,1.0,0.0,4239.412,1269.58,75.849,38.426,38.049,9.88,0.0,0.0
201,7.0,3.0,1.0,1.0,2.0,0.0,4170.604,1284.484,54.129,38.481,38.065,9.89,0.0,0.0
202,7.0,3.0,1.0,2.0,3.0,0.0,4455.714,1349.437,78.038,38.344,38.236,9.971,0.0,0.0
203,7.0,3.0,1.0,3.0,4.0,0.0,4566.154,1360.818,-41.844,38.037,37.699,9.785,0.0,0.0
204,7.0,3.0,1.0,4.0,6.0,0.0,4230.996,1426.257,-44.291,38.154,37.238,9.311,0.0,0.0
205,7.0,3.0,1.0,5.0,10.0,0.0,4564.494,1499.482,52.153,39.221,38.686,9.989,0.0,0.0
206,7.0,3.0,1.0,6.0,11.0,0.0,4432.547,1600.122,54.794,38.99,38.417,9.925,0.0,0.0
207,7.0,3.0,1.0,7.0,12.0,0.0,4136.785,1603.436,89.525,39.435,39.114,9.996,0.0,0.0
208,7.0,3.0,1.0,8.0,13.0,0.0,4519.841,1608.353,116.726,40.51,38.218,9.874,0.0,0.0
209,8.0,3.0,1.0,0.0,1.0,0.0,4716.562,1304.318,131.044,38.32,37.9,9.847,0.0,0.0
210,8.0,3.0,1.0,1.0,2.0,0.0,4982.515,1355.902,72.272,38.146,37.935,9.906,0.0,0.0
211,8.0,3.0,1.0,2.0,3.0,0.0,5176.357,1396.114,30.569,38.607,38.295,9.86,0.0,0.0
212,8.0,3.0,1.0,3.0,4.0,0.0,4693.072,1409.773,25.434,37.822,37.632,9.825,0.0,0.0
213,8.0,3.0,1.0,4.0,5.0,0.0,4837.361,1423.905,106.83,37.857,37.558,9.819,0.0,0.0
214,8.0,3.0,1.0,5.0,6.0,0.0,5092.778,1489.535,-32.863,38.476,38.357,9.927,0.0,0.0
215,8.0,3.0,1.0,6.0,7.0,0.0,5185.805,1545.411,25.784,39.396,39.062,9.911,0.0,0.0
216,9.0,3.0,1.0,0.0,2.0,0.0,5751.641,1360.428,131.102,38.959,38.583,9.868,0.0,0.0
217,9.0,3.0,1.0,1.0,4.0,0.0,5436.946,1411.5,68.114,38.294,37.938,9.849,0.0,0.0
218,9.0,3.0,1.0,2.0,5.0,0.0,5761.406,1442.399,13.807,38.608,38.399,9.95,0.0,0.0
219,9.0,3.0,1.0,3.0,6.0,0.0,5406.028,1456.22,45.268,38.368,38.32,9.908,0.0,0.0
220,9.0,3.0,1.0,4.0,7.0,0.0,5653.003,1477.603,87.729,38.574,38.192,9.918,0.0,0.0
221,9.0,3.0,1.0,5.0,9.0,0.0,5265.174,1580.275,-2.784,38.669,38.342,9.875,0.0,0.0
222,0.0,4.0,1.0,0.0,2.0,0.0,457.047,1703.386,119.079,38.467,38.051,9.886,0.0,0.0
223,0.0,4.0,1.0,1.0,4.0,0.0,514.911,1758.113,116.607,39.113,38.668,9.973,0.0,0.0
224,0.0,4.0,1.0,2.0,5.0,0.0,393.73,1789.528,115.589,37.801,37.731,9.759,0.0,0.0
225,0.0,4.0,1.0,3.0,7.0,0.0,308.024,1834.579,122.722,37.944,37.102,9.771,0.0,0.0
226,0.0,4.0,1.0,4.0,8.0,0.0,213.064,1849.277,109.009,38.168,38.013,9.843,0.0,0.0
227,0.0,4.0,1.0,5.0,9.0,0.0,507.35,1864.426,-14.983,34.618,34.357,9.354,0.0,0.0
228,0.0,4.0,1.0,6.0,10.0,0.0,446.933,1936.514,109.7,38.699,38.469,9.821,0.0,0.0
229,0.0,4.0,1.0,7.0,11.0,0.0,185.488,1982.114,126.561,39.425,39.047,9.987,0.0,0.0
230,0.0,4.0,1.0,8.0,13.0,0.0,165.472,2024.495,106.74,39.651,38.886,9.994,0.0,0.0
231,1.0,4.0,1.0,0.0,2.0,0.0,988.67,1725.919,49.125,38.321,38.13,9.878,0.0,0.0
232,1.0,4.0,1.0,1.0,3.0,0.0,810.393,1813.616,76.852,38.103,37.816,9.809,0.0,0.0
233,1.0,4.0,1.0,2.0,4.0,0.0,710.255,1831.218,59.349,38.487,38.307,9.922,0.0,0.0
234,1.0,4.0,1.0,3.0,7.0,0.0,935.882,1903.824,-42.397,37.977,36.401,9.476,0.0,0.0
235,1.0,4.0,1.0,4.0,8.0,0.0,614.762,1980.887,13.44,38.818,38.188,9.873,0.0,0.0
236,1.0,4.0,1.0,5.0,9.0,0.0,827.831,2028.691,76.805,38.794,38.611,9.925,0.0,0.0
237,2.0,4.0,1.0,0.0,0.0,0.0,1549.794,1712.904,-31.885,37.987,37.794,9.867,0.0,0.0
238,2.0,4.0,1.0,1.0,1.0,0.0,1411.887,1997.23,117.264,38.255,38.074,9.862,0.0,0.0
239,2.0,4.0,1.0,2.0,2.0,0.0,1531.164,2007.92,63.495,38.811,38.727,9.942,0.0,0.0
242,3.0,4.0,1.0,0.0,0.0,0.0,1996.186,1671.24,-11.11,38.307,38.05,9.866,0.0,0.0
243,3.0,4.0,1.0,1.0,1.0,0.0,2133.908,1675.092,67.823,38.633,38.442,9.883,0.0,0.0
244,3.0,4.0,1.0,2.0,2.0,0.0,2168.233,1753.081,68.965,38.574,38.074,9.903,0.0,0.0
245,3.0,4.0,1.0,3.0,3.0,0.0,2108.329,1757.812,37.564,37.904,37.828,9.861,0.0,0.0
246,3.0,4.0,1.0,4.0,4.0,0.0,2039.87,1896.573,39.18,38.381,37.873,9.852,0.0,0.0
247,3.0,4.0,1.0,5.0,5.0,0.0,2230.252,1902.449,96.636,38.706,38.218,9.863,0.0,0.0
248,3.0,4.0,1.0,6.0,6.0,0.0,2077.553,1918.673,84.345,37.792,37.098,9.751,0.0,0.0
249,4.0,4.0,1.0,0.0,1.0,0.0,2577.572,1828.949,105.014,37.978,37.632,9.845,0.0,0.0
250,4.0,4.0,1.0,1.0,2.0,0.0,2561.084,2002.83,-37.879,38.276,38.083,9.791,0.0,0.0
251,5.0,4.0,1.0,0.0,2.0,0.0,3070.271,1889.325,-20.435,38.114,37.891,9.82,0.0,0.0
252,5.0,4.0,1.0,1.0,5.0,0.0,3030.38,1962.604,99.229,38.465,38.105,9.892,0.0,0.0
253,5.0,4.0,1.0,2.0,6.0,0.0,3296.381,1978.177,-17.551,38.34,38.017,9.866,0.0,0.0
254,5.0,4.0,1.0,3.0,7.0,0.0,3163.863,1999.556,10.62,38.52,38.407,9.939,0.0,0.0
255,5.0,4.0,1.0,4.0,8.0,0.0,2950.433,2017.606,-39.265,38.836,38.685,9.94,0.0,0.0
256,6.0,4.0,1.0,0.0,2.0,0.0,3807.217,1679.789,66.244,38.177,37.84,9.822,0.0,0.0
257,6.0,4.0,1.0,1.0,3.0,0.0,3635.783,1680.26,120.699,38.0,37.868,9.879,0.0,0.0
258,6.0,4.0,1.0,2.0,5.0,0.0,3772.471,1749.503,133.697,37.866,37.346,9.793,0.0,0.0
259,6.0,4.0,1.0,3.0,6.0,0.0,3543.377,1796.076,96.323,38.346,38.123,9.88,0.0,0.0
260,6.0,4.0,1.0,4.0,7.0,0.0,3545.087,1897.588,73.293,38.002,37.494,9.754,0.0,0.0
261,7.0,4.0,1.0,0.0,2.0,0.0,4082.985,1708.894,131.511,38.514,35.777,9.029,0.0,0.0
262,7.0,4.0,1.0,1.0,3.0,0.0,4184.071,1727.195,64.282,38.664,38.585,9.981,0.0,0.0
263,7.0,4.0,1.0,2.0,7.0,0.0,4423.292,1984.636,79.012,38.234,38.149,9.869,0.0,0.0
264,7.0,4.0,1.0,3.0,8.0,0.0,4507.568,2009.297,-21.304,39.223,39.022,9.958,0.0,0.0
266,8.0,4.0,1.0,0.0,2.0,0.0,4808.168,1715.552,103.785,38.722,38.63,9.918,0.0,0.0
267,8.0,4.0,1.0,1.0,3.0,0.0,5059.237,1756.381,59.068,38.094,37.841,9.887,0.0,0.0
268,8.0,4.0,1.0,2.0,5.0,0.0,5049.587,1884.369,94.524,38.681,38.232,9.937,0.0,0.0
269,8.0,4.0,1.0,3.0,6.0,0.0,4727.132,1888.22,50.61,38.153,37.985,9.837,0.0,0.0
270,8.0,4.0,1.0,4.0,9.0,0.0,4895.121,1950.64,35.945,38.693,38.418,9.963,0.0,0.0
271,8.0,4.0,1.0,5.0,10.0,0.0,5118.489,1955.643,81.932,38.899,38.146,9.953,0.0,0.0
272,8.0,4.0,1.0,6.0,11.0,0.0,4947.171,1975.743,66.866,38.165,37.962,9.836,0.0,0.0
273,8.0,4.0,1.0,7.0,12.0,0.0,4766.434,2021.269,100.749,39.179,38.661,9.98,0.0,0.0
274,9.0,4.0,1.0,0.0,0.0,0.0,5491.202,1661.467,61.842,38.454,38.265,9.912,0.0,0.0
276,9.0,4.0,1.0,2.0,2.0,0.0,5233.771,1742.022,35.897,38.79,38.524,9.989,0.0,0.0
277,9.0,4.0,1.0,3.0,4.0,0.0,5423.139,1858.303,104.188,37.99,37.71,9.781,0.0,0.0
278,9.0,4.0,1.0,4.0,6.0,0.0,5583.115,1959.064,69.193,38.345,38.014,9.866,0.0,0.0
279,0.0,5.0,1.0,0.0,2.0,0.0,49.127,2084.639,4.911,38.429,38.246,9.907,0.0,0.0
280,0.0,5.0,1.0,1.0,4.0,0.0,583.971,2352.429,92.52,41.142,35.373,9.583,0.0,0.0
281,0.0,5.0,1.0,2.0,5.0,0.0,471.758,2406.693,-26.377,38.435,38.375,9.849,0.0,0.0
282,1.0,5.0,1.0,0.0,1.0,0.0,772.061,2074.475,33.896,38.741,38.682,9.927,0.0,0.0
283,1.0,5.0,1.0,1.0,2.0,0.0,900.235,2083.831,106.727,38.527,38.326,9.93,0.0,0.0
284,1.0,5.0,1.0,2.0,3.0,0.0,954.772,2183.972,66.056,38.357,38.232,9.895,0.0,0.0
285,1.0,5.0,1.0,3.0,4.0,0.0,803.088,2202.171,42.112,37.808,37.637,9.823,0.0,0.0
286,1.0,5.0,1.0,4.0,6.0,0.0,708.29,2304.983,49.551,38.343,38.237,9.894,0.0,0.0
287,1.0,5.0,1.0,5.0,7.0,0.0,1073.062,2316.203,30.612,38.345,38.105,9.878,0.0,0.0
289,1.0,5.0,1.0,7.0,12.0,0.0,735.766,2417.575,-26.238,38.801,38.346,9.892,0.0,0.0
290,1.0,5.0,1.0,8.0,13.0,0.0,998.049,2454.471,-5.255,39.371,37.374,9.765,0.0,0.0
292,2.0,5.0,1.0,0.0,0.0,0.0,1333.002,2060.179,97.7,38.627,38.304,9.939,0.0,0.0
293,2.0,5.0,1.0,1.0,1.0,0.0,1577.75,2244.291,98.913,38.369,38.157,9.887,0.0,0.0
294,2.0,5.0,1.0,2.0,2.0,0.0,1676.146,2253.776,45.375,38.847,38.601,9.93,0.0,0.0
295,3.0,5.0,1.0,0.0,1.0,0.0,2020.095,2105.014,105.155,38.138,37.726,9.878,0.0,0.0
296,3.0,5.0,1.0,1.0,2.0,0.0,2054.356,2223.923,21.593,37.898,37.75,9.85,0.0,0.0
297,3.0,5.0,1.0,2.0,4.0,0.0,1955.927,2291.353,-26.497,38.527,38.348,9.932,0.0,0.0
298,3.0,5.0,1.0,3.0,5.0,0.0,1775.228,2324.074,-24.822,38.796,38.504,9.987,0.0,0.0
299,3.0,5.0,1.0,4.0,6.0,0.0,2230.037,2357.594,90.052,38.637,38.275,9.862,0.0,0.0
300,3.0,5.0,1.0,5.0,7.0,0.0,1865.387,2367.736,50.634,38.998,38.763,9.97,0.0,0.0
301,4.0,5.0,1.0,0.0,2.0,0.0,2635.95,2207.459,125.356,37.85,37.325,9.712,0.0,0.0
302,4.0,5.0,1.0,1.0,3.0,0.0,2357.22,2308.518,-16.895,38.446,38.229,9.907,0.0,0.0
303,4.0,5.0,1.0,2.0,4.0,0.0,2421.52,2326.538,110.342,38.432,37.93,9.791,0.0,0.0
304,4.0,5.0,1.0,3.0,5.0,0.0,2764.674,2351.461,107.722,38.564,38.309,9.932,0.0,0.0
306,4.0,5.0,1.0,5.0,6.0,0.0,2583.19,2354.292,108.835,38.347,36.654,9.12,0.0,0.0
307,4.0,5.0,1.0,6.0,7.0,0.0,2472.425,2406.953,84.026,38.439,38.214,9.904,0.0,0.0
308,4.0,5.0,1.0,7.0,9.0,0.0,2577.44,2418.317,125.596,38.624,38.275,9.936,0.0,0.0
309,5.0,5.0,1.0,0.0,0.0,0.0,3062.821,2105.825,112.817,37.824,37.595,9.744,0.0,0.0
310,5.0,5.0,1.0,1.0,1.0,0.0,3333.321,2124.154,-34.007,38.118,37.77,9.882,0.0,0.0
311,5.0,5.0,1.0,2.0,2.0,0.0,3325.449,2197.627,10.356,37.854,37.733,9.842,0.0,0.0
312,5.0,5.0,1.0,3.0,3.0,0.0,2964.358,2214.572,29.727,38.977,38.588,9.871,0.0,0.0
313,5.0,5.0,1.0,4.0,4.0,0.0,3410.999,2226.063,117.589,38.659,38.366,9.802,0.0,0.0
314,5.0,5.0,1.0,5.0,5.0,0.0,3388.825,2278.214,127.48,38.408,38.288,9.834,0.0,0.0
315,5.0,5.0,1.0,6.0,6.0,0.0,3065.279,2388.399,-35.05,39.094,39.023,9.941,0.0,0.0
316,5.0,5.0,1.0,7.0,7.0,0.0,2916.386,2404.924,-32.371,38.891,38.389,9.908,0.0,0.0
317,5.0,5.0,1.0,8.0,8.0,0.0,3213.971,2407.739,48.363,38.747,38.439,9.897,0.0,0.0
318,6.0,5.0,1.0,0.0,0.0,0.0,3669.466,2076.512,82.698,38.383,38.286,9.906,0.0,0.0
319,6.0,5.0,1.0,1.0,1.0,0.0,3878.24,2152.466,108.833,38.208,38.062,9.854,0.0,0.0
320,6.0,5.0,1.0,2.0,2.0,0.0,3898.61,2236.503,84.152,38.493,38.09,9.894,0.0,0.0
321,6.0,5.0,1.0,3.0,3.0,0.0,3561.218,2282.493,73.028,38.562,38.402,9.944,0.0,0.0
322,6.0,5.0,1.0,4.0,4.0,0.0,3718.19,2310.902,123.699,38.73,38.457,9.897,0.0,0.0
323,6.0,5.0,1.0,5.0,5.0,0.0,3866.707,2339.75,59.161,38.21,37.863,9.829,0.0,0.0
324,6.0,5.0,1.0,6.0,6.0,0.0,3836.133,2455.337,-2.439,40.052,36.344,9.718,0.0,0.0
325,7.0,5.0,1.0,0.0,4.0,0.0,4419.963,2438.756,90.957,39.368,39.136,9.99,0.0,0.0
326,7.0,5.0,1.0,1.0,5.0,0.0,4151.974,2455.465,-4.371,39.655,35.833,9.673,0.0,0.0
327,8.0,5.0,1.0,0.0,0.0,0.0,4790.61,2090.568,125.453,38.327,35.868,9.92,0.0,0.0
328,8.0,5.0,1.0,1.0,1.0,0.0,5112.273,2147.03,83.405,38.613,38.417,9.877,0.0,0.0
329,8.0,5.0,1.0,2.0,3.0,0.0,4728.041,2231.945,51.338,38.427,38.118,9.89,0.0,0.0
330,8.0,5.0,1.0,3.0,6.0,0.0,4756.594,2330.986,134.699,38.561,38.162,9.913,0.0,0.0
332,8.0,5.0,1.0,5.0,8.0,0.0,4949.073,2437.544,41.954,39.045,38.93,9.998,0.0,0.0
333,9.0,5.0,1.0,0.0,0.0,0.0,5413.147,2082.507,32.378,38.156,37.92,9.829,0.0,0.0
334,9.0,5.0,1.0,1.0,2.0,0.0,5248.066,2174.599,38.167,38.818,38.487,9.912,0.0,0.0
335,9.0,5.0,1.0,2.0,3.0,0.0,5636.813,2186.157,129.119,38.74,38.641,9.922,0.0,0.0
336,9.0,5.0,1.0,3.0,6.0,0.0,5714.214,2378.705,-30.519,38.776,38.422,9.824,0.0,0.0
337,9.0,5.0,1.0,4.0,8.0,0.0,5311.328,2422.535,117.255,38.738,38.286,9.876,0.0,0.0
338,9.0,5.0,1.0,5.0,9.0,0.0,5641.742,2434.451,50.261,38.931,38.911,9.906,0.0,0.0
339,0.0,6.0,1.0,0.0,1.0,0.0,254.322,2485.891,-10.132,38.243,38.038,9.856,0.0,0.0
340,0.0,6.0,1.0,1.0,2.0,0.0,434.983,2486.77,89.165,38.727,38.364,9.885,0.0,0.0
341,0.0,6.0,1.0,2.0,4.0,0.0,170.017,2600.281,109.418,38.739,38.66,9.924,0.0,0.0
342,0.0,6.0,1.0,3.0,5.0,0.0,419.973,2631.145,125.481,37.788,37.434,9.794,0.0,0.0
343,0.0,6.0,1.0,4.0,6.0,0.0,558.241,2643.619,117.192,38.444,38.164,9.823,0.0,0.0
344,0.0,6.0,1.0,5.0,7.0,0.0,199.521,2661.872,-28.016,37.83,37.612,9.823,0.0,0.0
345,1.0,6.0,1.0,0.0,2.0,0.0,718.72,2575.133,47.084,38.366,38.106,9.805,0.0,0.0
346,1.0,6.0,1.0,1.0,3.0,0.0,1014.238,2744.378,-32.642,37.988,37.842,9.797,0.0,0.0
347,1.0,6.0,1.0,2.0,4.0,0.0,636.165,2753.617,20.888,38.791,38.7,9.936,0.0,0.0
348,1.0,6.0,1.0,3.0,5.0,0.0,746.868,2762.919,40.074,38.603,38.137,9.765,0.0,0.0
349,1.0,6.0,1.0,4.0,6.0,0.0,812.416,2798.976,52.788,38.823,38.403,9.902,0.0,0.0
350,2.0,6.0,1.0,0.0,1.0,0.0,1690.407,2550.451,93.375,38.26,38.227,9.882,0.0,0.0
351,2.0,6.0,1.0,1.0,3.0,0.0,1506.439,2599.628,107.543,37.939,37.7,9.849,0.0,0.0
352,2.0,6.0,1.0,2.0,5.0,0.0,1360.354,2649.904,1.856,38.285,37.954,9.85,0.0,0.0
353,2.0,6.0,1.0,3.0,7.0,0.0,1212.017,2737.192,15.121,38.01,37.715,9.86,0.0,0.0
354,2.0,6.0,1.0,4.0,8.0,0.0,1515.918,2754.927,109.416,37.82,37.405,9.795,0.0,0.0
355,2.0,6.0,1.0,5.0,9.0,0.0,1342.385,2774.093,106.23,38.685,38.297,9.946,0.0,0.0
356,2.0,6.0,1.0,6.0,10.0,0.0,1425.447,2783.801,-38.278,38.386,38.1,9.882,0.0,0.0
357,2.0,6.0,1.0,7.0,11.0,0.0,1329.541,2836.714,100.5,38.062,37.908,9.816,0.0,0.0
358,3.0,6.0,1.0,0.0,1.0,0.0,1751.295,2483.351,123.981,38.523,37.295,9.045,0.0,0.0
360,3.0,6.0,1.0,2.0,2.0,0.0,1821.948,2531.214,119.209,38.771,37.604,9.431,0.0,0.0
361,3.0,6.0,1.0,3.0,3.0,0.0,1950.348,2600.422,79.45,38.458,38.219,9.907,0.0,0.0
362,3.0,6.0,1.0,4.0,4.0,0.0,1802.689,2604.938,-2.716,38.154,38.07,9.925,0.0,0.0
364,3.0,6.0,1.0,6.0,9.0,0.0,1870.586,2734.471,116.94,38.27,38.055,9.861,0.0,0.0
366,4.0,6.0,1.0,0.0,0.0,0.0,2514.319,2497.459,-17.421,38.598,38.395,9.948,0.0,0.0
367,4.0,6.0,1.0,1.0,1.0,0.0,2733.94,2503.645,67.984,38.425,38.383,9.924,0.0,0.0
368,4.0,6.0,1.0,2.0,4.0,0.0,2489.178,2739.388,69.498,37.814,37.435,9.798,0.0,0.0
369,4.0,6.0,1.0,3.0,7.0,0.0,2640.173,2864.685,-5.407,40.289,34.218,9.544,0.0,0.0
370,5.0,6.0,1.0,0.0,0.0,0.0,3280.888,2477.412,104.796,38.491,37.886,9.867,0.0,0.0
371,5.0,6.0,1.0,1.0,1.0,0.0,3269.042,2528.741,49.593,38.724,38.437,9.893,0.0,0.0
372,5.0,6.0,1.0,2.0,5.0,0.0,2996.785,2623.277,113.365,37.848,37.36,9.792,0.0,0.0
373,5.0,6.0,1.0,3.0,6.0,0.0,3400.702,2659.491,20.214,38.829,38.652,9.935,0.0,0.0
374,5.0,6.0,1.0,4.0,7.0,0.0,3168.509,2705.932,116.408,38.139,37.825,9.814,0.0,0.0
375,5.0,6.0,1.0,5.0,9.0,0.0,3051.162,2765.507,9.561,38.797,38.506,9.912,0.0,0.0
376,5.0,6.0,1.0,6.0,10.0,0.0,3417.007,2770.333,-25.53,38.512,38.316,9.851,0.0,0.0
377,5.0,6.0,1.0,7.0,11.0,0.0,3287.613,2775.07,38.719,39.023,38.789,9.977,0.0,0.0
378,5.0,6.0,1.0,8.0,12.0,0.0,2914.919,2845.338,37.32,38.73,38.615,9.993,0.0,0.0
379,6.0,6.0,1.0,0.0,1.0,0.0,3874.65,2599.175,108.678,38.336,37.772,9.833,0.0,0.0
380,6.0,6.0,1.0,1.0,2.0,0.0,4019.062,2668.355,109.34,38.264,38.165,9.875,0.0,0.0
381,6.0,6.0,1.0,2.0,3.0,0.0,3655.994,2734.865,128.677,38.186,37.961,9.838,0.0,0.0
382,6.0,6.0,1.0,3.0,5.0,0.0,3852.917,2751.9,71.059,37.764,37.494,9.799,0.0,0.0
383,6.0,6.0,1.0,4.0,8.0,0.0,3840.893,2867.082,-4.101,41.427,29.261,9.174,0.0,0.0
384,7.0,6.0,1.0,0.0,2.0,0.0,4560.203,2600.394,78.949,38.509,38.13,9.902,0.0,0.0
385,8.0,6.0,1.0,0.0,1.0,0.0,4705.395,2511.799,111.555,38.598,36.93,9.065,0.0,0.0
386,8.0,6.0,1.0,1.0,2.0,0.0,5059.503,2528.429,103.579,38.494,38.241,9.914,0.0,0.0
387,8.0,6.0,1.0,2.0,6.0,0.0,4673.59,2837.318,0.41,39.119,38.938,9.934,0.0,0.0
388,8.0,6.0,1.0,3.0,8.0,0.0,4860.359,2844.536,-36.518,38.815,38.514,9.915,0.0,0.0
389,9.0,6.0,1.0,0.0,1.0,0.0,5460.537,2469.15,92.216,38.095,37.879,9.892,0.0,0.0
390,9.0,6.0,1.0,1.0,3.0,0.0,5234.997,2536.854,124.589,38.528,38.45,9.946,0.0,0.0
391,9.0,6.0,1.0,2.0,4.0,0.0,5563.594,2569.173,98.39,38.283,38.025,9.859,0.0,0.0
392,9.0,6.0,1.0,3.0,5.0,0.0,5207.708,2581.293,55.795,38.39,38.125,9.886,0.0,0.0
393,9.0,6.0,1.0,4.0,6.0,0.0,5478.271,2606.57,71.393,38.175,38.113,9.857,0.0,0.0
394,0.0,7.0,1.0,0.0,2.0,0.0,568.372,2958.39,82.655,38.841,38.585,9.927,0.0,0.0
395,0.0,7.0,1.0,1.0,3.0,0.0,333.314,2964.667,61.909,38.676,38.436,9.963,0.0,0.0
396,0.0,7.0,1.0,2.0,4.0,0.0,508.222,3043.304,90.471,37.79,37.493,9.802,0.0,0.0
397,0.0,7.0,1.0,3.0,5.0,0.0,168.466,3079.912,-16.11,38.629,38.321,9.942,0.0,0.0
398,0.0,7.0,1.0,4.0,6.0,0.0,216.037,3122.198,132.606,38.212,37.993,9.846,0.0,0.0
399,0.0,7.0,1.0,5.0,10.0,0.0,363.287,3251.699,72.522,38.572,38.239,9.849,0.0,0.0
400,1.0,7.0,1.0,0.0,1.0,0.0,628.602,2886.023,104.83,38.488,38.11,9.402,0.0,0.0
401,1.0,7.0,1.0,1.0,2.0,0.0,1126.192,2904.169,-37.709,38.801,38.622,9.927,0.0,0.0
402,1.0,7.0,1.0,2.0,3.0,0.0,1055.942,2947.315,126.521,38.772,37.413,9.144,0.0,0.0
403,1.0,7.0,1.0,3.0,5.0,0.0,1004.695,2960.778,26.003,38.348,38.154,9.884,0.0,0.0
404,1.0,7.0,1.0,4.0,6.0,0.0,955.126,2970.245,87.084,38.193,37.776,9.815,0.0,0.0
405,1.0,7.0,1.0,5.0,7.0,0.0,748.98,3005.234,127.438,37.953,37.741,9.856,0.0,0.0
406,1.0,7.0,1.0,6.0,8.0,0.0,787.949,3110.84,-8.27,39.036,38.568,9.876,0.0,0.0
407,1.0,7.0,1.0,7.0,9.0,0.0,828.64,3127.281,118.105,37.915,37.855,9.79,0.0,0.0
408,1.0,7.0,1.0,8.0,11.0,0.0,1023.291,3160.794,112.744,38.176,37.999,9.842,0.0,0.0
409,1.0,7.0,1.0,9.0,12.0,0.0,612.614,3219.532,96.628,38.668,38.355,9.951,0.0,0.0
410,2.0,7.0,1.0,0.0,3.0,0.0,1503.364,2891.601,97.086,38.485,37.887,9.719,0.0,0.0
411,2.0,7.0,1.0,1.0,4.0,0.0,1657.223,2927.078,97.649,39.054,38.721,9.972,0.0,0.0
412,2.0,7.0,1.0,2.0,5.0,0.0,1441.197,3025.479,125.718,38.517,36.812,9.296,0.0,0.0
413,2.0,7.0,1.0,3.0,6.0,0.0,1419.085,3118.987,110.52,38.203,38.17,9.868,0.0,0.0
414,2.0,7.0,1.0,4.0,7.0,0.0,1203.66,3171.195,-26.694,38.686,38.471,9.893,0.0,0.0
415,3.0,7.0,1.0,0.0,1.0,0.0,1928.499,2880.103,61.935,37.912,37.749,9.851,0.0,0.0
416,3.0,7.0,1.0,1.0,2.0,0.0,2218.674,3009.871,-9.51,38.794,38.348,9.968,0.0,0.0
417,3.0,7.0,1.0,2.0,3.0,0.0,1929.646,3011.772,-26.039,36.532,35.494,8.327,0.0,0.0
418,3.0,7.0,1.0,3.0,4.0,0.0,2158.402,3108.297,58.83,38.186,38.003,9.92,0.0,0.0
419,3.0,7.0,1.0,4.0,5.0,0.0,1801.488,3185.838,54.81,38.967,38.788,9.969,0.0,0.0
420,3.0,7.0,1.0,5.0,6.0,0.0,2152.926,3207.134,63.405,38.816,38.518,9.916,0.0,0.0
421,4.0,7.0,1.0,0.0,2.0,0.0,2725.749,2930.046,-31.523,38.276,38.013,9.934,0.0,0.0
422,4.0,7.0,1.0,1.0,3.0,0.0,2417.895,2968.785,97.2,38.508,38.038,9.392,0.0,0.0
425,4.0,7.0,1.0,4.0,7.0,0.0,2443.217,3168.818,8.502,37.925,37.612,9.836,0.0,0.0
426,4.0,7.0,1.0,5.0,8.0,0.0,2653.882,3223.843,38.093,38.84,38.657,9.937,0.0,0.0
427,4.0,7.0,1.0,6.0,10.0,0.0,2550.563,3268.702,-1.836,38.566,38.491,9.956,0.0,0.0
428,5.0,7.0,1.0,0.0,2.0,0.0,2985.576,2952.489,42.564,38.63,38.352,9.946,0.0,0.0
429,5.0,7.0,1.0,1.0,3.0,0.0,3293.477,2982.216,129.075,38.523,38.218,9.915,0.0,0.0
430,5.0,7.0,1.0,2.0,4.0,0.0,3191.019,3032.697,98.639,38.772,37.402,9.205,0.0,0.0
431,5.0,7.0,1.0,3.0,5.0,0.0,2955.8,3166.892,2.323,38.786,38.622,9.925,0.0,0.0
432,5.0,7.0,1.0,4.0,6.0,0.0,2929.871,3212.311,119.247,39.04,38.899,9.993,0.0,0.0
433,5.0,7.0,1.0,5.0,9.0,0.0,3108.56,3273.496,-3.505,40.111,32.189,9.308,0.0,0.0
434,6.0,7.0,1.0,0.0,2.0,0.0,3947.558,2885.434,96.079,38.673,38.492,9.894,0.0,0.0
435,6.0,7.0,1.0,1.0,3.0,0.0,3495.048,2934.174,111.374,38.466,37.354,9.107,0.0,0.0
436,6.0,7.0,1.0,2.0,4.0,0.0,4011.013,3021.969,60.574,38.289,37.929,9.847,0.0,0.0
437,6.0,7.0,1.0,3.0,5.0,0.0,3704.046,3104.058,46.913,37.894,37.593,9.829,0.0,0.0
438,6.0,7.0,1.0,4.0,7.0,0.0,3792.864,3142.688,-9.977,37.96,37.676,9.772,0.0,0.0
439,6.0,7.0,1.0,5.0,8.0,0.0,3718.272,3215.285,109.134,38.838,38.606,9.93,0.0,0.0
440,6.0,7.0,1.0,6.0,9.0,0.0,3608.793,3217.948,104.744,39.061,38.643,9.963,0.0,0.0
441,6.0,7.0,1.0,7.0,10.0,0.0,3632.565,3270.209,-4.482,39.145,37.435,9.818,0.0,0.0
442,7.0,7.0,1.0,0.0,2.0,0.0,4330.986,2974.871,129.824,38.228,37.886,9.834,0.0,0.0
443,7.0,7.0,1.0,1.0,3.0,0.0,4246.437,3102.494,1.749,38.18,37.949,9.836,0.0,0.0
444,7.0,7.0,1.0,2.0,4.0,0.0,4097.966,3231.765,28.069,38.581,38.298,9.933,0.0,0.0
445,7.0,7.0,1.0,3.0,5.0,0.0,4538.335,3234.894,21.721,39.05,38.835,9.912,0.0,0.0
446,8.0,7.0,1.0,0.0,1.0,0.0,4658.75,3021.542,-15.318,38.865,38.709,9.947,0.0,0.0
447,8.0,7.0,1.0,1.0,3.0,0.0,4780.211,3062.138,46.459,38.523,38.107,9.901,0.0,0.0
448,8.0,7.0,1.0,2.0,4.0,0.0,5188.773,3131.784,-5.017,39.049,38.576,9.954,0.0,0.0
449,8.0,7.0,1.0,3.0,5.0,0.0,5028.331,3132.735,105.903,38.031,35.756,8.837,0.0,0.0
450,8.0,7.0,1.0,4.0,6.0,0.0,4838.304,3147.991,12.296,38.12,37.958,9.829,0.0,0.0
452,9.0,7.0,1.0,0.0,1.0,0.0,5598.491,2957.93,-35.449,38.331,37.939,9.931,0.0,0.0
453,9.0,7.0,1.0,1.0,2.0,0.0,5745.618,2993.634,-30.237,38.773,38.539,9.913,0.0,0.0
454,9.0,7.0,1.0,2.0,3.0,0.0,5685.879,3046.519,121.33,38.107,37.83,9.811,0.0,0.0
455,0.0,8.0,1.0,0.0,2.0,0.0,271.797,3373.017,123.052,37.761,37.556,9.807,0.0,0.0
456,0.0,8.0,1.0,1.0,5.0,0.0,348.316,3622.078,-12.571,38.688,38.529,9.901,0.0,0.0
457,0.0,8.0,1.0,2.0,8.0,0.0,303.594,3680.139,-3.153,40.776,35.04,9.715,0.0,0.0
458,1.0,8.0,1.0,0.0,1.0,0.0,771.861,3315.25,74.742,38.933,38.585,9.939,0.0,0.0
464,1.0,8.0,1.0,6.0,8.0,0.0,817.538,3405.398,116.494,38.435,37.913,9.864,0.0,0.0
465,1.0,8.0,1.0,7.0,9.0,0.0,939.982,3487.233,-17.577,37.579,37.113,9.651,0.0,0.0
466,1.0,8.0,1.0,8.0,10.0,0.0,1089.585,3588.348,107.539,39.427,39.111,9.921,0.0,0.0
467,2.0,8.0,1.0,0.0,0.0,0.0,1711.362,3298.605,-36.143,38.757,38.587,9.917,0.0,0.0
468,2.0,8.0,1.0,1.0,1.0,0.0,1594.744,3371.587,132.756,38.498,38.378,9.857,0.0,0.0
469,2.0,8.0,1.0,2.0,4.0,0.0,1730.01,3407.696,-16.872,39.03,38.514,9.943,0.0,0.0
470,2.0,8.0,1.0,3.0,6.0,0.0,1185.689,3617.991,61.821,38.958,38.863,9.978,0.0,0.0
472,3.0,8.0,1.0,0.0,2.0,0.0,1884.145,3542.486,77.097,39.204,38.903,9.94,0.0,0.0
473,3.0,8.0,1.0,1.0,3.0,0.0,1854.339,3582.545,11.264,38.523,38.344,9.856,0.0,0.0
474,3.0,8.0,1.0,2.0,4.0,0.0,2249.681,3637.637,54.862,39.758,39.297,9.987,0.0,0.0
475,4.0,8.0,1.0,0.0,2.0,0.0,2709.735,3293.111,106.509,38.591,36.712,9.029,0.0,0.0
476,4.0,8.0,1.0,1.0,4.0,0.0,2590.778,3468.823,-17.354,38.206,38.034,9.85,0.0,0.0
477,4.0,8.0,1.0,2.0,5.0,0.0,2737.368,3572.096,115.159,37.889,37.858,9.863,0.0,0.0
478,4.0,8.0,1.0,3.0,6.0,0.0,2817.704,3660.649,62.032,39.136,38.841,9.923,0.0,0.0
479,4.0,8.0,1.0,4.0,7.0,0.0,2496.529,3660.898,92.27,38.729,38.316,9.879,0.0,0.0
480,5.0,8.0,1.0,0.0,1.0,0.0,3344.656,3289.111,105.62,38.471,38.343,9.925,0.0,0.0
481,5.0,8.0,1.0,1.0,2.0,0.0,3321.604,3357.903,126.22,38.739,38.536,9.908,0.0,0.0
483,5.0,8.0,1.0,3.0,4.0,0.0,3120.552,3450.143,108.938,37.874,37.759,9.926,0.0,0.0
484,5.0,8.0,1.0,4.0,6.0,0.0,3169.902,3488.828,-39.934,38.673,38.191,9.855,0.0,0.0
485,5.0,8.0,1.0,5.0,7.0,0.0,3138.909,3527.125,114.354,38.553,38.117,9.831,0.0,0.0
486,6.0,8.0,1.0,0.0,1.0,0.0,3882.285,3338.492,126.118,38.628,37.903,9.888,0.0,0.0
487,6.0,8.0,1.0,1.0,2.0,0.0,3595.565,3389.481,88.266,38.369,38.178,9.89,0.0,0.0
488,6.0,8.0,1.0,2.0,3.0,0.0,4027.267,3491.148,-10.338,39.206,38.923,9.943,0.0,0.0
489,6.0,8.0,1.0,3.0,4.0,0.0,3615.361,3585.087,33.921,38.933,38.779,9.964,0.0,0.0
490,7.0,8.0,1.0,0.0,1.0,0.0,4573.055,3399.683,-23.165,38.609,38.243,9.854,0.0,0.0
491,7.0,8.0,1.0,1.0,4.0,0.0,4356.88,3519.665,-22.178,37.74,37.494,9.796,0.0,0.0
492,7.0,8.0,1.0,2.0,5.0,0.0,4211.696,3532.616,79.735,38.214,38.067,9.856,0.0,0.0
494,8.0,8.0,1.0,1.0,1.0,0.0,4998.886,3325.6,63.329,38.641,38.507,9.968,0.0,0.0
495,8.0,8.0,1.0,2.0,2.0,0.0,4723.894,3339.164,73.595,38.461,38.211,9.906,0.0,0.0
496,8.0,8.0,1.0,3.0,3.0,0.0,4677.56,3364.672,78.923,38.003,37.858,9.801,0.0,0.0
497,8.0,8.0,1.0,4.0,4.0,0.0,4959.263,3408.128,4.146,38.336,37.967,9.859,0.0,0.0
498,9.0,8.0,1.0,0.0,0.0,0.0,5240.745,3293.46,84.924,38.186,37.972,9.84,0.0,0.0
499,9.0,8.0,1.0,1.0,1.0,0.0,5721.39,3313.086,-35.291,38.766,38.324,9.961,0.0,0.0
500,9.0,8.0,1.0,2.0,3.0,0.0,5393.852,3433.727,6.968,38.178,38.148,9.862,0.0,0.0
501,9.0,8.0,1.0,3.0,4.0,0.0,5242.211,3467.549,25.458,38.659,38.394,9.956,0.0,0.0
502,9.0,8.0,1.0,4.0,6.0,0.0,5535.31,3594.783,74.336,37.5,37.13,9.794,0.0,0.0
503,9.0,8.0,1.0,5.0,7.0,0.0,5330.281,3610.798,-5.858,38.549,38.207,9.917,0.0,0.0
504,9.0,8.0,1.0,6.0,9.0,0.0,5429.986,3679.932,-3.851,40.023,35.347,9.657,0.0,0.0
505,0.0,9.0,1.0,0.0,3.0,0.0,497.525,3709.531,93.942,38.449,38.069,9.886,0.0,0.0
506,0.0,9.0,1.0,1.0,4.0,0.0,300.646,3748.839,133.379,38.483,38.218,9.91,0.0,0.0
507,0.0,9.0,1.0,2.0,5.0,0.0,78.134,3761.781,123.884,38.472,37.983,9.803,0.0,0.0
508,0.0,9.0,1.0,3.0,6.0,0.0,85.929,3841.634,77.707,38.367,38.145,9.885,0.0,0.0
509,0.0,9.0,1.0,4.0,7.0,0.0,537.601,3846.45,33.026,38.845,38.684,9.941,0.0,0.0
510,0.0,9.0,1.0,5.0,8.0,0.0,292.66,3942.103,115.313,38.903,38.445,9.917,0.0,0.0
511,0.0,9.0,1.0,6.0,9.0,0.0,267.53,3975.201,106.583,38.098,38.014,9.834,0.0,0.0
514,1.0,9.0,1.0,0.0,2.0,0.0,860.665,3704.499,92.92,38.619,37.879,9.806,0.0,0.0
515,1.0,9.0,1.0,1.0,3.0,0.0,654.541,3732.536,44.282,38.317,38.059,9.868,0.0,0.0
516,1.0,9.0,1.0,2.0,4.0,0.0,765.512,3792.558,24.123,38.507,38.186,9.987,0.0,0.0
517,1.0,9.0,1.0,3.0,5.0,0.0,1120.26,3881.873,-22.744,39.046,38.657,9.963,0.0,0.0
518,1.0,9.0,1.0,4.0,6.0,0.0,846.473,3911.538,133.5,37.993,37.825,9.796,0.0,0.0
520,1.0,9.0,1.0,6.0,8.0,0.0,1080.231,3919.922,93.408,38.519,37.954,9.88,0.0,0.0
521,1.0,9.0,1.0,7.0,10.0,0.0,925.447,3966.021,60.277,38.017,37.604,9.77,0.0,0.0
522,1.0,9.0,1.0,8.0,11.0,0.0,849.443,3973.449,43.016,37.916,37.38,9.727,0.0,0.0
523,2.0,9.0,1.0,0.0,2.0,0.0,1213.624,3722.698,49.75,38.871,38.16,9.952,0.0,0.0
524,2.0,9.0,1.0,1.0,3.0,0.0,1637.942,3809.194,102.588,38.226,37.823,9.826,0.0,0.0
525,2.0,9.0,1.0,2.0,6.0,0.0,1210.495,4071.635,-13.295,40.035,39.488,9.974,0.0,0.0
526,3.0,9.0,1.0,0.0,2.0,0.0,2302.841,3722.876,-27.091,38.704,38.604,9.912,0.0,0.0
527,3.0,9.0,1.0,1.0,3.0,0.0,2070.312,3736.302,64.542,38.684,38.377,9.881,0.0,0.0
528,3.0,9.0,1.0,2.0,4.0,0.0,1904.017,3747.808,84.485,38.452,38.311,9.918,0.0,0.0
529,3.0,9.0,1.0,3.0,6.0,0.0,1804.363,3936.072,4.372,38.602,38.225,9.851,0.0,0.0
530,3.0,9.0,1.0,4.0,8.0,0.0,1788.509,4013.181,-23.392,38.465,38.017,9.881,0.0,0.0
531,3.0,9.0,1.0,5.0,10.0,0.0,2303.754,4045.734,11.657,38.965,38.593,9.87,0.0,0.0
532,3.0,9.0,1.0,6.0,11.0,0.0,1938.652,4053.095,77.584,39.215,38.504,9.891,0.0,0.0
533,4.0,9.0,1.0,0.0,3.0,0.0,2521.84,3766.312,118.022,38.588,38.289,9.933,0.0,0.0
535,4.0,9.0,1.0,2.0,5.0,0.0,2766.931,3925.387,54.673,38.688,38.429,9.964,0.0,0.0
536,4.0,9.0,1.0,3.0,6.0,0.0,2397.974,3941.729,14.444,39.115,38.676,9.974,0.0,0.0
537,4.0,9.0,1.0,4.0,8.0,0.0,2725.387,4014.744,86.102,38.35,38.118,9.805,0.0,0.0
538,4.0,9.0,1.0,5.0,9.0,0.0,2819.405,4024.109,88.14,38.818,38.592,9.925,0.0,0.0
539,4.0,9.0,1.0,6.0,12.0,0.0,2624.573,4074.316,-15.104,38.561,38.477,9.878,0.0,0.0
540,5.0,9.0,1.0,0.0,2.0,0.0,3301.82,3761.465,107.682,38.453,38.389,9.928,0.0,0.0
541,5.0,9.0,1.0,1.0,3.0,0.0,3391.578,3768.449,20.383,38.376,38.147,9.887,0.0,0.0
542,5.0,9.0,1.0,2.0,5.0,0.0,2978.745,3818.823,90.684,38.226,37.762,9.818,0.0,0.0
543,5.0,9.0,1.0,3.0,7.0,0.0,3463.02,3851.561,92.775,39.263,36.389,9.694,0.0,0.0
544,5.0,9.0,1.0,4.0,8.0,0.0,3068.736,3944.221,-17.986,39.076,38.806,9.986,0.0,0.0
545,5.0,9.0,1.0,5.0,9.0,0.0,3464.876,3962.1,91.924,40.727,33.752,9.517,0.0,0.0
546,5.0,9.0,1.0,6.0,10.0,0.0,3386.325,3981.626,-6.507,38.756,38.508,9.907,0.0,0.0
547,6.0,9.0,1.0,0.0,0.0,0.0,3545.714,3707.183,99.074,38.76,37.924,9.472,0.0,0.0
548,6.0,9.0,1.0,1.0,1.0,0.0,3991.26,3723.64,-44.665,38.898,38.557,9.931,0.0,0.0
549,6.0,9.0,1.0,2.0,2.0,0.0,3485.725,3728.2,100.395,38.709,38.529,9.979,0.0,0.0
550,6.0,9.0,1.0,3.0,4.0,0.0,3846.37,3871.478,105.746,37.368,36.62,8.888,0.0,0.0
551,6.0,9.0,1.0,4.0,5.0,0.0,3736.612,3912.536,127.168,38.218,37.678,9.882,0.0,0.0
552,7.0,9.0,1.0,0.0,1.0,0.0,4409.332,3786.782,118.936,38.596,38.121,9.912,0.0,0.0
553,7.0,9.0,1.0,1.0,2.0,0.0,4503.895,3788.211,-12.828,38.183,38.078,9.853,0.0,0.0
554,7.0,9.0,1.0,2.0,4.0,0.0,4133.36,3847.399,-8.2,39.098,38.748,9.982,0.0,0.0
557,8.0,9.0,1.0,2.0,0.0,0.0,4886.03,3712.835,120.066,38.356,36.917,9.966,0.0,0.0
558,8.0,9.0,1.0,3.0,1.0,0.0,4820.505,3797.354,98.677,38.336,37.934,9.778,0.0,0.0
559,8.0,9.0,1.0,4.0,2.0,0.0,4815.103,3958.984,-4.771,38.48,38.3,9.921,0.0,0.0
561,9.0,9.0,1.0,0.0,1.0,0.0,5742.526,3742.581,43.239,39.016,38.835,9.982,0.0,0.0
562,9.0,9.0,1.0,1.0,2.0,0.0,5422.409,3779.954,64.222,38.333,38.076,9.797,0.0,0.0
563,9.0,9.0,1.0,2.0,3.0,0.0,5606.82,3836.818,93.603,38.435,37.54,9.191,0.0,0.0
566,9.0,9.0,1.0,5.0,5.0,0.0,5727.277,3883.756,92.35,38.871,38.621,9.936,0.0,0.0
567,9.0,9.0,1.0,6.0,6.0,0.0,5318.588,3961.567,78.357,38.853,38.782,9.954,0.0,0.0
568,9.0,9.0,1.0,7.0,7.0,0.0,5629.374,3986.127,101.244,38.231,38.053,9.856,0.0,0.0
569,9.0,9.0,1.0,8.0,8.0,0.0,5478.33,4015.086,13.301,38.39,38.134,9.887,0.0,0.0
570,9.0,9.0,1.0,9.0,9.0,0.0,5701.249,4060.634,74.246,39.292,38.907,9.951,0.0,0.0
572,0.0,10.0,1.0,0.0,1.0,0.0,389.041,4102.387,128.958,38.397,38.3,9.909,0.0,0.0
573,0.0,10.0,1.0,1.0,2.0,0.0,564.202,4137.343,109.889,38.549,38.168,9.837,0.0,0.0
575,0.0,10.0,1.0,3.0,5.0,0.0,48.396,4202.881,41.472,38.621,38.297,9.938,0.0,0.0
576,0.0,10.0,1.0,4.0,6.0,0.0,328.679,4206.764,81.394,38.024,37.343,9.812,0.0,0.0
577,0.0,10.0,1.0,5.0,7.0,0.0,216.461,4258.583,7.691,37.958,37.8,9.865,0.0,0.0
578,0.0,10.0,1.0,6.0,8.0,0.0,398.049,4263.43,-25.496,37.613,37.374,9.689,0.0,0.0
579,0.0,10.0,1.0,7.0,10.0,0.0,198.218,4335.923,92.985,38.067,37.879,9.888,0.0,0.0
580,0.0,10.0,1.0,8.0,11.0,0.0,301.127,4341.936,109.001,37.517,37.357,9.674,0.0,0.0
583,0.0,10.0,1.0,11.0,13.0,0.0,311.959,4450.751,113.551,39.014,38.625,9.88,0.0,0.0
584,0.0,10.0,1.0,12.0,14.0,0.0,22.023,4494.022,-9.399,39.277,37.72,9.872,0.0,0.0
585,1.0,10.0,1.0,0.0,0.0,0.0,1006.783,4137.462,62.119,38.812,38.69,9.937,0.0,0.0
586,1.0,10.0,1.0,1.0,2.0,0.0,662.533,4167.917,13.738,37.854,37.766,9.846,0.0,0.0
587,1.0,10.0,1.0,2.0,3.0,0.0,1105.38,4295.784,61.454,38.88,38.355,9.903,0.0,0.0
588,1.0,10.0,1.0,3.0,4.0,0.0,861.052,4339.934,94.062,38.322,37.922,9.775,0.0,0.0
589,1.0,10.0,1.0,4.0,6.0,0.0,1087.745,4350.401,107.267,38.432,38.214,9.903,0.0,0.0
590,2.0,10.0,1.0,0.0,2.0,0.0,1302.372,4115.113,72.101,38.101,37.64,9.862,0.0,0.0
591,2.0,10.0,1.0,1.0,4.0,0.0,1212.074,4309.972,-44.179,38.337,37.925,9.853,0.0,0.0
593,2.0,10.0,1.0,3.0,6.0,0.0,1374.493,4335.43,66.559,38.123,37.934,9.903,0.0,0.0
594,2.0,10.0,1.0,4.0,8.0,0.0,1493.019,4383.825,0.453,37.415,37.263,9.649,0.0,0.0
595,2.0,10.0,1.0,5.0,9.0,0.0,1582.812,4422.662,13.338,38.579,38.093,9.831,0.0,0.0
597,3.0,10.0,1.0,0.0,0.0,0.0,2148.982,4156.506,114.343,38.101,37.642,9.862,0.0,0.0
598,3.0,10.0,1.0,1.0,2.0,0.0,2076.424,4194.744,-26.809,38.19,37.909,9.832,0.0,0.0
599,3.0,10.0,1.0,2.0,3.0,0.0,2150.996,4246.1,93.298,37.99,37.806,9.793,0.0,0.0
600,3.0,10.0,1.0,3.0,4.0,0.0,2130.413,4313.298,121.38,37.307,35.382,9.566,0.0,0.0
601,3.0,10.0,1.0,4.0,5.0,0.0,1988.918,4337.294,114.624,38.113,37.721,9.798,0.0,0.0
602,3.0,10.0,1.0,5.0,6.0,0.0,2180.782,4404.589,69.988,39.389,39.31,9.941,0.0,0.0
603,3.0,10.0,1.0,6.0,8.0,0.0,2183.503,4454.928,105.101,39.717,39.433,9.998,0.0,0.0
604,4.0,10.0,1.0,0.0,2.0,0.0,2486.773,4106.789,66.392,38.214,37.982,9.921,0.0,0.0
605,4.0,10.0,1.0,1.0,4.0,0.0,2884.281,4137.116,-30.97,39.024,38.503,9.941,0.0,0.0
608,4.0,10.0,1.0,4.0,8.0,0.0,2862.861,4227.65,-33.864,38.435,37.903,9.864,0.0,0.0
610,4.0,10.0,1.0,6.0,13.0,0.0,2543.797,4424.349,109.938,38.516,38.143,9.829,0.0,0.0
611,5.0,10.0,1.0,0.0,3.0,0.0,3312.277,4245.087,21.854,37.762,37.643,9.818,0.0,0.0
612,5.0,10.0,1.0,1.0,4.0,0.0,3055.557,4282.709,96.625,38.212,38.028,9.85,0.0,0.0
613,5.0,10.0,1.0,2.0,5.0,0.0,2917.082,4326.068,118.981,38.546,38.299,9.928,0.0,0.0
614,5.0,10.0,1.0,3.0,6.0,0.0,3461.176,4328.093,87.726,39.323,38.709,9.929,0.0,0.0
615,5.0,10.0,1.0,4.0,9.0,0.0,3428.316,4485.211,26.649,39.675,39.204,9.964,0.0,0.0
616,6.0,10.0,1.0,0.0,0.0,0.0,3997.897,4108.216,121.328,39.387,39.14,9.993,0.0,0.0
617,6.0,10.0,1.0,1.0,2.0,0.0,3965.396,4208.937,43.743,38.306,37.851,9.839,0.0,0.0
618,6.0,10.0,1.0,2.0,3.0,0.0,3829.158,4211.407,96.894,38.107,37.999,9.833,0.0,0.0
619,6.0,10.0,1.0,3.0,4.0,0.0,3726.49,4227.361,76.108,38.478,37.987,9.879,0.0,0.0
620,6.0,10.0,1.0,4.0,8.0,0.0,3623.091,4400.441,112.145,38.516,38.267,9.845,0.0,0.0
621,6.0,10.0,1.0,5.0,9.0,0.0,3501.361,4421.414,-43.664,38.565,38.373,9.941,0.0,0.0
622,7.0,10.0,1.0,0.0,2.0,0.0,4451.706,4184.895,60.591,38.564,38.165,9.838,0.0,0.0
623,7.0,10.0,1.0,1.0,3.0,0.0,4471.106,4406.79,-8.022,38.754,38.494,9.981,0.0,0.0
624,7.0,10.0,1.0,2.0,4.0,0.0,4435.312,4479.143,111.244,39.018,38.758,9.898,0.0,0.0
625,8.0,10.0,1.0,0.0,2.0,0.0,5008.791,4148.922,-35.893,37.893,37.698,9.766,0.0,0.0
626,8.0,10.0,1.0,1.0,3.0,0.0,5094.455,4158.11,114.685,38.506,38.207,9.836,0.0,0.0
627,8.0,10.0,1.0,2.0,5.0,0.0,4830.875,4238.998,69.712,38.263,38.014,9.855,0.0,0.0
628,8.0,10.0,1.0,3.0,7.0,0.0,5160.913,4247.532,126.989,38.851,38.418,9.908,0.0,0.0
629,8.0,10.0,1.0,4.0,8.0,0.0,4678.491,4272.03,66.821,38.087,37.774,9.877,0.0,0.0
630,8.0,10.0,1.0,5.0,9.0,0.0,4875.063,4304.139,99.187,38.007,37.729,9.785,0.0,0.0
631,8.0,10.0,1.0,6.0,10.0,0.0,4889.911,4347.731,76.431,38.28,37.841,9.835,0.0,0.0
632,8.0,10.0,1.0,7.0,11.0,0.0,5114.559,4397.718,-23.714,38.958,38.86,9.978,0.0,0.0
633,8.0,10.0,1.0,8.0,12.0,0.0,5153.243,4451.427,42.732,39.161,38.958,9.941,0.0,0.0
634,9.0,10.0,1.0,0.0,2.0,0.0,5571.574,4132.395,29.897,38.268,38.186,9.878,0.0,0.0
635,9.0,10.0,1.0,1.0,3.0,0.0,5259.581,4177.057,56.5,38.099,37.977,9.829,0.0,0.0
636,9.0,10.0,1.0,2.0,5.0,0.0,5739.759,4227.354,19.061,39.305,39.073,9.829,0.0,0.0
637,9.0,10.0,1.0,3.0,6.0,0.0,5444.77,4260.415,46.939,38.759,38.433,9.898,0.0,0.0
638,9.0,10.0,1.0,4.0,7.0,0.0,5516.132,4365.963,89.543,37.952,37.798,9.787,0.0,0.0
639,9.0,10.0,1.0,5.0,9.0,0.0,5311.905,4436.647,-24.386,39.044,38.687,9.892,0.0,0.0
640,0.0,11.0,1.0,0.0,1.0,0.0,585.713,4515.104,90.498,41.053,31.903,9.294,0.0,0.0
641,0.0,11.0,1.0,1.0,2.0,0.0,158.109,4525.355,93.698,38.945,36.84,9.486,0.0,0.0
642,0.0,11.0,1.0,2.0,3.0,0.0,409.57,4586.536,100.805,37.883,37.715,9.844,0.0,0.0
643,0.0,11.0,1.0,3.0,4.0,0.0,253.377,4590.324,-37.77,37.916,37.662,9.841,0.0,0.0
644,0.0,11.0,1.0,4.0,5.0,0.0,577.664,4637.517,-38.726,39.553,38.536,9.937,0.0,0.0
645,0.0,11.0,1.0,5.0,6.0,0.0,263.914,4805.042,69.048,38.02,37.717,9.785,0.0,0.0
646,0.0,11.0,1.0,6.0,7.0,0.0,39.747,4813.793,-23.052,38.58,38.514,9.885,0.0,0.0
647,0.0,11.0,1.0,7.0,8.0,0.0,269.068,4874.377,132.266,38.609,38.299,9.861,0.0,0.0
648,1.0,11.0,1.0,0.0,1.0,0.0,1048.295,4624.468,95.587,38.509,38.107,9.899,0.0,0.0
649,1.0,11.0,1.0,1.0,3.0,0.0,1065.126,4754.251,-5.184,38.578,38.201,9.845,0.0,0.0
650,1.0,11.0,1.0,2.0,6.0,0.0,684.218,4879.757,43.265,39.345,39.007,9.898,0.0,0.0
651,2.0,11.0,1.0,0.0,0.0,0.0,1323.989,4564.472,95.407,38.114,37.735,9.8,0.0,0.0
652,2.0,11.0,1.0,1.0,2.0,0.0,1633.295,4670.967,131.453,38.593,38.291,9.934,0.0,0.0
653,2.0,11.0,1.0,2.0,3.0,0.0,1334.925,4682.187,-29.662,38.342,38.119,9.879,0.0,0.0
654,2.0,11.0,1.0,3.0,4.0,0.0,1622.574,4728.198,118.865,38.239,38.083,9.861,0.0,0.0
655,2.0,11.0,1.0,4.0,5.0,0.0,1267.363,4760.95,13.036,38.617,38.461,9.883,0.0,0.0
656,2.0,11.0,1.0,5.0,6.0,0.0,1331.425,4787.696,-23.6,38.801,38.52,9.914,0.0,0.0
657,2.0,11.0,1.0,6.0,7.0,0.0,1188.571,4849.199,108.317,39.066,38.717,9.973,0.0,0.0
658,2.0,11.0,1.0,7.0,8.0,0.0,1286.44,4859.882,123.264,39.175,38.85,9.93,0.0,0.0
659,3.0,11.0,1.0,0.0,0.0,0.0,1979.89,4537.25,93.755,37.932,37.568,9.831,0.0,0.0
660,3.0,11.0,1.0,1.0,1.0,0.0,2254.214,4538.656,128.919,38.59,38.394,9.871,0.0,0.0
661,3.0,11.0,1.0,2.0,2.0,0.0,2122.073,4574.152,109.45,38.435,38.21,9.903,0.0,0.0
662,3.0,11.0,1.0,3.0,4.0,0.0,2243.217,4641.858,-3.806,38.888,38.851,9.893,0.0,0.0
663,3.0,11.0,1.0,4.0,5.0,0.0,1978.163,4645.623,-42.087,37.868,37.653,9.834,0.0,0.0
665,4.0,11.0,1.0,0.0,1.0,0.0,2342.603,4719.039,72.448,38.406,38.183,9.896,0.0,0.0
666,4.0,11.0,1.0,1.0,2.0,0.0,2636.135,4795.677,29.21,37.775,37.629,9.743,0.0,0.0
667,4.0,11.0,1.0,2.0,3.0,0.0,2560.568,4828.429,90.972,38.683,38.488,9.895,0.0,0.0
668,4.0,11.0,1.0,3.0,4.0,0.0,2809.093,4906.083,-10.263,41.307,28.708,8.105,0.0,0.0
669,5.0,11.0,1.0,0.0,3.0,0.0,3121.328,4824.531,60.631,37.833,37.472,9.73,0.0,0.0
670,6.0,11.0,1.0,0.0,1.0,0.0,3594.848,4526.467,99.384,38.314,38.15,9.879,0.0,0.0
671,6.0,11.0,1.0,1.0,2.0,0.0,3601.783,4585.266,62.606,38.038,37.803,9.875,0.0,0.0
672,6.0,11.0,1.0,2.0,3.0,0.0,3914.563,4699.81,107.568,38.569,36.399,8.866,0.0,0.0
673,6.0,11.0,1.0,3.0,4.0,0.0,3960.767,4726.915,-7.065,38.81,38.607,9.926,0.0,0.0
674,6.0,11.0,1.0,4.0,5.0,0.0,3610.753,4803.166,77.808,39.047,38.9,9.994,0.0,0.0
675,6.0,11.0,1.0,5.0,6.0,0.0,3740.189,4820.798,-31.135,38.542,38.435,9.87,0.0,0.0
676,6.0,11.0,1.0,6.0,8.0,0.0,3887.772,4860.406,99.452,38.549,38.111,9.829,0.0,0.0
677,6.0,11.0,1.0,7.0,9.0,0.0,3712.2,4864.627,32.459,38.849,38.641,9.936,0.0,0.0
678,7.0,11.0,1.0,0.0,1.0,0.0,4552.192,4509.968,126.766,38.997,38.634,9.954,0.0,0.0
679,7.0,11.0,1.0,1.0,2.0,0.0,4511.804,4638.969,34.61,38.685,38.657,9.917,0.0,0.0
680,7.0,11.0,1.0,2.0,6.0,0.0,4378.075,4813.417,49.289,37.422,37.166,9.712,0.0,0.0
681,7.0,11.0,1.0,3.0,7.0,0.0,4272.054,4834.929,58.029,38.164,37.645,9.87,0.0,0.0
682,7.0,11.0,1.0,4.0,8.0,0.0,4566.234,4876.46,77.559,39.392,39.153,9.922,0.0,0.0
683,8.0,11.0,1.0,0.0,1.0,0.0,5091.247,4556.494,-25.691,39.01,38.794,9.976,0.0,0.0
684,8.0,11.0,1.0,1.0,2.0,0.0,5041.814,4620.838,41.218,38.47,38.416,9.934,0.0,0.0
687,9.0,11.0,1.0,0.0,0.0,0.0,5214.24,4524.159,45.581,38.639,38.395,9.953,0.0,0.0
688,9.0,11.0,1.0,1.0,1.0,0.0,5352.369,4530.191,43.133,38.788,38.706,9.936,0.0,0.0
689,9.0,11.0,1.0,2.0,2.0,0.0,5651.792,4546.456,-20.139,38.536,38.104,9.902,0.0,0.0
690,9.0,11.0,1.0,3.0,3.0,0.0,5625.684,4624.647,-32.261,38.062,37.819,9.804,0.0,0.0
691,9.0,11.0,1.0,4.0,4.0,0.0,5351.699,4678.299,8.777,38.295,38.071,9.867,0.0,0.0
692,9.0,11.0,1.0,5.0,5.0,0.0,5281.88,4734.966,-0.846,38.436,38.105,9.889,0.0,0.0
693,0.0,12.0,1.0,0.0,0.0,0.0,387.394,4930.918,113.859,38.466,38.316,9.92,0.0,0.0
694,0.0,12.0,1.0,1.0,2.0,0.0,571.824,4961.852,121.201,38.671,38.245,9.938,0.0,0.0
695,0.0,12.0,1.0,2.0,3.0,0.0,287.19,4982.085,17.51,38.565,38.339,9.936,0.0,0.0
696,0.0,12.0,1.0,3.0,4.0,0.0,305.299,5033.459,46.991,37.663,37.513,9.713,0.0,0.0
697,1.0,12.0,1.0,0.0,2.0,0.0,698.28,4963.771,81.653,38.408,38.003,9.872,0.0,0.0
698,1.0,12.0,1.0,1.0,3.0,0.0,946.341,4974.499,38.759,38.402,37.695,9.832,0.0,0.0
700,1.0,12.0,1.0,3.0,5.0,0.0,851.21,5120.28,54.485,38.356,38.05,9.872,0.0,0.0
701,1.0,12.0,1.0,4.0,6.0,0.0,804.936,5160.14,30.173,38.154,38.015,9.918,0.0,0.0
702,1.0,12.0,1.0,5.0,7.0,0.0,1023.03,5217.727,61.764,38.325,38.065,9.795,0.0,0.0
703,2.0,12.0,1.0,0.0,1.0,0.0,1284.284,4986.607,0.981,38.248,38.155,9.872,0.0,0.0
705,2.0,12.0,1.0,2.0,4.0,0.0,1677.03,5152.762,3.767,38.766,38.6,9.92,0.0,0.0
706,2.0,12.0,1.0,3.0,5.0,0.0,1390.591,5160.701,32.507,38.68,38.438,9.888,0.0,0.0
707,2.0,12.0,1.0,4.0,6.0,0.0,1410.737,5252.433,113.861,38.669,38.467,9.966,0.0,0.0
708,2.0,12.0,1.0,5.0,7.0,0.0,1553.235,5304.626,20.38,39.311,39.143,9.984,0.0,0.0
709,3.0,12.0,1.0,0.0,0.0,0.0,1757.111,4951.272,72.964,38.334,38.072,9.872,0.0,0.0
710,3.0,12.0,1.0,1.0,2.0,0.0,2289.906,5130.191,-38.084,38.711,38.611,9.99,0.0,0.0
711,3.0,12.0,1.0,2.0,3.0,0.0,1978.648,5139.981,17.681,38.67,38.332,9.949,0.0,0.0
712,3.0,12.0,1.0,3.0,4.0,0.0,1916.963,5175.308,-19.045,38.615,38.294,9.937,0.0,0.0
713,3.0,12.0,1.0,4.0,6.0,0.0,2241.415,5289.617,9.304,39.359,38.928,9.89,0.0,0.0
714,4.0,12.0,1.0,0.0,1.0,0.0,2507.05,4926.124,101.614,38.383,38.035,9.798,0.0,0.0
715,4.0,12.0,1.0,1.0,2.0,0.0,2600.128,4976.999,61.335,38.305,38.181,9.882,0.0,0.0
716,4.0,12.0,1.0,2.0,4.0,0.0,2664.371,5024.608,3.466,38.658,38.408,9.882,0.0,0.0
717,4.0,12.0,1.0,3.0,8.0,0.0,2576.771,5167.216,3.427,38.271,38.114,9.869,0.0,0.0
718,4.0,12.0,1.0,4.0,9.0,0.0,2431.073,5241.595,18.231,38.523,38.242,9.918,0.0,0.0
719,4.0,12.0,1.0,5.0,10.0,0.0,2577.828,5273.816,117.918,38.407,38.166,9.893,0.0,0.0
720,5.0,12.0,1.0,0.0,1.0,0.0,3011.858,4972.367,100.225,38.197,37.975,9.842,0.0,0.0
721,5.0,12.0,1.0,1.0,2.0,0.0,3198.525,5017.695,103.916,37.726,37.493,9.794,0.0,0.0
722,5.0,12.0,1.0,2.0,3.0,0.0,3129.386,5039.946,98.615,38.375,37.172,9.838,0.0,0.0
723,5.0,12.0,1.0,3.0,5.0,0.0,2935.074,5108.759,-29.868,38.532,38.261,9.922,0.0,0.0
724,5.0,12.0,1.0,4.0,6.0,0.0,3463.86,5189.712,92.854,39.865,35.339,9.625,0.0,0.0
725,6.0,12.0,1.0,0.0,0.0,0.0,3772.646,4951.647,89.078,38.61,38.408,9.875,0.0,0.0
726,6.0,12.0,1.0,1.0,1.0,0.0,3956.904,4985.116,131.083,38.883,38.666,9.943,0.0,0.0
727,6.0,12.0,1.0,2.0,2.0,0.0,3962.7,5040.702,78.263,38.877,38.224,9.886,0.0,0.0
730,6.0,12.0,1.0,5.0,4.0,0.0,3951.433,5132.835,58.379,38.426,38.027,9.877,0.0,0.0
731,6.0,12.0,1.0,6.0,6.0,0.0,3722.086,5190.454,74.96,38.463,38.337,9.923,0.0,0.0
732,6.0,12.0,1.0,7.0,7.0,0.0,3994.167,5213.57,49.461,38.364,38.199,9.817,0.0,0.0
733,6.0,12.0,1.0,8.0,8.0,0.0,3510.285,5243.065,31.539,38.684,38.396,9.883,0.0,0.0
734,7.0,12.0,1.0,0.0,0.0,0.0,4460.054,4976.644,-14.674,38.365,38.118,9.882,0.0,0.0
735,7.0,12.0,1.0,1.0,2.0,0.0,4248.453,5104.948,97.678,37.871,37.571,9.823,0.0,0.0
737,8.0,12.0,1.0,0.0,0.0,0.0,4668.289,4918.566,66.644,38.2,37.908,9.833,0.0,0.0
738,8.0,12.0,1.0,1.0,2.0,0.0,4761.134,4992.465,52.563,38.661,38.281,9.866,0.0,0.0
739,8.0,12.0,1.0,2.0,4.0,0.0,5152.333,5030.95,134.923,38.51,38.266,9.919,0.0,0.0
740,8.0,12.0,1.0,3.0,5.0,0.0,4633.822,5050.896,103.591,38.486,37.937,9.874,0.0,0.0
741,8.0,12.0,1.0,4.0,7.0,0.0,5179.53,5175.435,112.878,39.198,39.055,9.958,0.0,0.0
742,8.0,12.0,1.0,5.0,9.0,0.0,5040.428,5195.812,107.698,38.263,37.812,9.68,0.0,0.0
743,8.0,12.0,1.0,6.0,10.0,0.0,4643.264,5223.63,45.111,38.616,38.542,9.969,0.0,0.0
748,9.0,12.0,1.0,3.0,5.0,0.0,5623.807,5200.799,-34.949,38.423,38.297,9.837,0.0,0.0
749,9.0,12.0,1.0,4.0,6.0,0.0,5438.456,5205.499,-27.274,37.997,37.804,9.87,0.0,0.0
750,9.0,12.0,1.0,5.0,7.0,0.0,5340.389,5237.77,121.823,38.409,38.356,9.918,0.0,0.0
751,0.0,9.0,1.0,0.0,0.0,0.0,445.53,4095.42,69.153,39.191,38.546,32.986,4.0,0.0
752,5.0,8.0,1.0,0.0,0.0,0.0,3186.097,3449.512,42.172,38.623,38.506,32.805,4.0,0.0
753,0.0,0.0,1.0,0.0,0.0,0.0,375.479,214.322,-35.61,40.223,38.123,33.346,4.0,
754,0.0,0.0,1.0,0.0,0.0,0.0,47.915,36.375,79.997,39.322,38.436,33.117,4.0,
755,0.0,0.0,1.0,0.0,0.0,0.0,113.926,61.33,128.824,38.769,38.63,32.913,4.0,
756,0.0,0.0,1.0,0.0,0.0,0.0,121.028,42.406,-10.608,38.754,38.247,32.771,4.0,
757,0.0,0.0,1.0,0.0,0.0,0.0,510.762,405.316,74.677,41.167,36.397,33.144,4.0,
758,0.0,0.0,1.0,0.0,0.0,0.0,543.646,415.028,89.575,39.637,38.709,30.803,4.0,
759,0.0,1.0,1.0,0.0,0.0,0.0,558.758,449.992,-14.065,40.025,39.615,33.858,4.0,
760,0.0,1.0,1.0,0.0,0.0,0.0,267.155,769.377,-26.814,39.606,37.469,32.677,4.0,
761,0.0,2.0,1.0,0.0,0.0,0.0,319.836,992.404,92.864,39.002,37.698,32.592,4.0,
762,0.0,2.0,1.0,0.0,0.0,0.0,364.145,1004.96,90.203,39.6,37.975,32.965,4.0,
763,0.0,3.0,1.0,0.0,0.0,0.0,399.923,1479.253,-17.337,39.325,38.668,33.174,4.0,
764,0.0,3.0,1.0,0.0,0.0,0.0,102.974,1636.101,-23.48,39.229,34.902,31.713,4.0,
765,0.0,4.0,1.0,0.0,0.0,0.0,457.192,1662.364,-35.463,40.065,38.828,33.5,4.0,
766,0.0,4.0,1.0,0.0,0.0,0.0,224.644,1739.303,57.68,39.215,38.291,32.988,4.0,
767,0.0,5.0,1.0,0.0,0.0,0.0,96.252,2102.572,-36.497,38.948,38.407,32.906,4.0,
768,0.0,5.0,1.0,0.0,0.0,0.0,145.734,2109.53,85.942,39.004,37.725,32.591,4.0,
769,0.0,5.0,1.0,0.0,0.0,0.0,141.921,2078.581,59.297,41.084,39.254,34.149,4.0,
770,0.0,6.0,1.0,0.0,0.0,0.0,518.337,2566.062,129.199,41.028,38.835,33.849,4.0,
771,0.0,6.0,1.0,0.0,0.0,0.0,525.309,2465.236,114.473,39.833,38.223,33.251,4.0,
772,0.0,6.0,1.0,0.0,0.0,0.0,563.032,2471.957,58.015,39.562,37.789,32.966,4.0,
774,0.0,7.0,1.0,0.0,0.0,0.0,531.667,3226.951,44.608,39.802,37.789,32.951,4.0,
775,0.0,7.0,1.0,0.0,0.0,0.0,506.468,3213.429,78.521,38.887,38.061,32.687,4.0,
778,0.0,7.0,1.0,0.0,0.0,0.0,52.254,2880.612,9.079,39.435,39.104,33.405,4.0,
779,0.0,7.0,1.0,0.0,0.0,0.0,215.657,2940.186,-13.502,39.19,37.079,32.278,4.0,
780,0.0,7.0,1.0,0.0,0.0,0.0,202.139,2940.387,90.961,39.352,37.173,32.849,4.0,
781,0.0,8.0,1.0,0.0,0.0,0.0,307.1,3591.819,91.295,39.018,38.147,32.824,4.0,
782,0.0,8.0,1.0,0.0,0.0,0.0,312.112,3513.45,58.304,42.312,39.615,34.849,4.0,
783,0.0,8.0,1.0,0.0,0.0,0.0,576.676,3674.91,115.718,43.82,31.047,31.291,4.0,
784,0.0,10.0,1.0,0.0,0.0,0.0,135.172,4197.923,-39.065,39.33,38.394,33.044,4.0,
785,0.0,10.0,1.0,0.0,0.0,0.0,389.16,4385.575,87.327,40.51,37.637,33.269,4.0,
786,0.0,12.0,1.0,0.0,0.0,0.0,487.102,5071.759,108.308,39.654,37.283,32.853,4.0,
788,0.0,12.0,1.0,0.0,0.0,0.0,296.535,5282.237,114.504,39.481,38.315,33.073,4.0,
789,0.0,12.0,1.0,0.0,0.0,0.0,326.987,5308.636,74.036,38.468,38.071,32.544,4.0,
790,0.0,12.0,1.0,0.0,0.0,0.0,61.612,4948.438,-15.668,40.025,36.675,32.548,4.0,
791,1.0,1.0,1.0,0.0,0.0,0.0,714.195,791.043,119.788,39.696,39.145,33.515,4.0,
792,1.0,2.0,1.0,0.0,0.0,0.0,850.917,990.852,124.451,39.479,38.304,32.981,4.0,
793,1.0,2.0,1.0,0.0,0.0,0.0,832.353,1001.78,71.231,39.658,39.106,33.532,4.0,
794,1.0,2.0,1.0,0.0,0.0,0.0,997.612,1079.951,106.31,42.987,36.257,33.532,4.0,
796,1.0,2.0,1.0,0.0,0.0,0.0,1038.322,996.9,133.303,38.125,36.358,31.589,4.0,
797,1.0,2.0,1.0,0.0,0.0,0.0,1040.324,986.647,10.114,38.228,36.005,31.888,4.0,
800,1.0,3.0,1.0,0.0,0.0,0.0,654.005,1264.618,37.209,39.975,39.436,33.825,4.0,
801,1.0,3.0,1.0,0.0,0.0,0.0,641.281,1279.2,41.676,39.141,37.817,32.937,4.0,
802,1.0,3.0,1.0,0.0,0.0,0.0,1040.693,1529.893,-5.235,39.144,37.902,32.904,4.0,
803,1.0,3.0,1.0,0.0,0.0,0.0,1036.777,1508.417,-3.107,39.551,38.407,33.297,4.0,
804,1.0,4.0,1.0,0.0,0.0,0.0,969.641,1868.467,8.936,39.046,38.92,33.16,4.0,
805,1.0,4.0,1.0,0.0,0.0,0.0,685.326,1694.993,-36.735,38.472,37.219,32.181,4.0,
806,1.0,5.0,1.0,0.0,0.0,0.0,637.993,2390.114,36.034,39.828,36.411,32.423,4.0,
807,1.0,5.0,1.0,0.0,0.0,0.0,657.614,2349.286,84.595,38.595,37.683,32.398,4.0,
808,1.0,5.0,1.0,0.0,0.0,0.0,648.582,2295.078,11.927,40.473,38.59,33.778,4.0,
809,1.0,5.0,1.0,0.0,0.0,0.0,646.506,2270.928,110.436,39.494,38.594,33.185,4.0,
810,1.0,6.0,1.0,0.0,0.0,0.0,902.007,2830.634,94.686,40.316,35.96,32.495,4.0,
811,1.0,6.0,1.0,0.0,0.0,0.0,876.454,2863.569,94.309,41.083,38.75,33.589,4.0,
812,1.0,7.0,1.0,0.0,0.0,0.0,967.144,3131.398,120.087,40.042,39.429,33.787,4.0,
813,1.0,7.0,1.0,0.0,0.0,0.0,1096.258,3248.135,-37.124,40.819,37.104,33.053,4.0,
814,1.0,8.0,1.0,0.0,0.0,0.0,1119.376,3644.249,-36.643,38.585,38.184,32.636,4.0,
815,1.0,8.0,1.0,0.0,0.0,0.0,1005.771,3677.317,105.556,38.112,37.333,29.639,4.0,
816,1.0,8.0,1.0,0.0,0.0,0.0,714.848,3364.711,24.229,39.548,38.118,33.031,4.0,
817,1.0,8.0,1.0,0.0,0.0,0.0,686.787,3372.282,-18.613,40.685,37.22,32.902,4.0,
818,1.0,8.0,1.0,0.0,0.0,0.0,1113.264,3335.696,82.748,39.71,37.789,32.964,4.0,
819,1.0,9.0,1.0,0.0,0.0,0.0,926.649,3925.046,89.7,38.98,38.455,32.942,4.0,
820,1.0,9.0,1.0,0.0,0.0,0.0,1125.875,4034.732,36.951,39.982,38.793,30.95,4.0,
821,1.0,11.0,1.0,0.0,0.0,0.0,631.03,4872.268,-34.008,39.117,37.875,32.803,4.0,
822,1.0,12.0,1.0,0.0,0.0,0.0,727.429,5275.001,119.42,39.797,38.216,33.1,4.0,
823,2.0,0.0,1.0,0.0,0.0,0.0,1552.605,209.25,124.235,39.619,37.244,32.67,4.0,
824,2.0,1.0,1.0,0.0,0.0,0.0,1698.663,726.231,-27.471,38.905,36.37,32.018,4.0,
825,2.0,1.0,1.0,0.0,0.0,0.0,1604.932,823.451,124.799,39.681,38.014,33.025,4.0,
826,2.0,1.0,1.0,0.0,0.0,0.0,1693.689,522.171,89.084,38.692,37.13,32.136,4.0,
827,2.0,2.0,1.0,0.0,0.0,0.0,1668.404,1203.029,104.742,39.909,38.276,33.172,4.0,
828,2.0,3.0,1.0,0.0,0.0,0.0,1531.767,1519.749,-14.752,39.461,37.343,32.66,4.0,
829,2.0,5.0,1.0,0.0,0.0,0.0,1506.585,2272.012,81.136,39.322,36.866,32.442,4.0,
830,2.0,5.0,1.0,0.0,0.0,0.0,1502.488,2337.833,42.941,39.834,38.23,33.221,4.0,
831,2.0,5.0,1.0,0.0,0.0,0.0,1167.599,2399.724,29.884,39.154,37.194,32.415,4.0,
832,2.0,6.0,1.0,0.0,0.0,0.0,1513.009,2841.476,-29.508,38.664,36.536,32.063,4.0,
833,2.0,6.0,1.0,0.0,0.0,0.0,1648.276,2855.386,-22.52,38.769,36.716,32.118,4.0,
834,2.0,6.0,1.0,0.0,0.0,0.0,1459.992,2563.828,48.059,39.063,38.332,32.924,4.0,
835,2.0,6.0,1.0,0.0,0.0,0.0,1583.2,2622.538,30.785,39.162,37.987,32.763,4.0,
836,2.0,7.0,1.0,0.0,0.0,0.0,1674.355,3194.457,133.725,38.03,34.725,30.893,4.0,
837,2.0,8.0,1.0,0.0,0.0,0.0,1686.767,3494.479,53.629,41.049,37.816,33.517,4.0,
838,2.0,8.0,1.0,0.0,0.0,0.0,1219.456,3400.115,37.114,40.949,37.058,33.223,4.0,
839,2.0,8.0,1.0,0.0,0.0,0.0,1171.85,3397.646,-6.283,39.231,39.046,33.282,4.0,
840,2.0,9.0,1.0,0.0,0.0,0.0,1494.254,3687.993,111.424,39.037,37.326,32.439,4.0,
841,2.0,9.0,1.0,0.0,0.0,0.0,1237.836,3815.921,27.234,40.478,36.726,32.781,4.0,
842,2.0,9.0,1.0,0.0,0.0,0.0,1605.142,3997.231,134.526,38.059,36.535,31.669,4.0,
843,2.0,9.0,1.0,0.0,0.0,0.0,1258.745,4089.388,10.187,39.009,37.357,32.629,4.0,
844,2.0,10.0,1.0,0.0,0.0,0.0,1693.608,4424.81,110.288,39.627,38.336,33.179,4.0,
845,2.0,10.0,1.0,0.0,0.0,0.0,1632.578,4141.668,102.654,39.091,37.003,32.359,4.0,
846,2.0,12.0,1.0,0.0,0.0,0.0,1351.942,5152.141,99.427,38.482,34.9,31.485,4.0,
847,2.0,12.0,1.0,0.0,0.0,0.0,1339.696,5144.637,113.004,38.777,34.691,31.488,4.0,
848,2.0,12.0,1.0,0.0,0.0,0.0,1164.941,5097.021,6.007,42.161,38.867,34.05,4.0,
849,3.0,0.0,1.0,0.0,0.0,0.0,2275.981,386.52,57.34,39.228,38.365,32.989,4.0,
850,3.0,0.0,1.0,0.0,0.0,0.0,2297.135,225.617,36.596,38.885,38.268,32.785,4.0,
851,3.0,0.0,1.0,0.0,0.0,0.0,2310.238,403.731,103.039,40.044,37.768,33.191,4.0,
852,3.0,1.0,1.0,0.0,0.0,0.0,1760.751,701.98,-23.923,38.297,37.39,32.205,4.0,
853,3.0,1.0,1.0,0.0,0.0,0.0,2301.653,715.693,32.57,42.093,40.687,35.188,4.0,
854,3.0,1.0,1.0,0.0,0.0,0.0,2027.189,559.324,124.605,40.397,38.719,33.616,4.0,
855,3.0,1.0,1.0,0.0,0.0,0.0,2038.38,534.533,-1.805,39.655,38.419,33.246,4.0,
856,3.0,2.0,1.0,0.0,0.0,0.0,2012.887,1203.592,103.724,39.709,38.528,33.309,4.0,
857,3.0,2.0,1.0,0.0,0.0,0.0,1983.685,1202.776,56.305,39.394,36.695,32.364,4.0,
858,3.0,3.0,1.0,0.0,0.0,0.0,2141.154,1418.577,-24.025,38.671,37.505,32.399,4.0,
859,3.0,3.0,1.0,0.0,0.0,0.0,2101.841,1404.064,-7.132,39.482,36.916,32.491,4.0,
860,3.0,3.0,1.0,0.0,0.0,0.0,2155.76,1325.079,25.687,39.954,36.03,32.446,4.0,
861,3.0,3.0,1.0,0.0,0.0,0.0,2160.788,1307.173,97.359,42.266,37.58,33.548,4.0,
862,3.0,3.0,1.0,0.0,0.0,0.0,2025.0,1275.895,-14.612,40.769,38.346,33.527,4.0,
863,3.0,5.0,1.0,0.0,0.0,0.0,1944.722,2076.173,11.858,40.486,37.782,33.25,4.0,
864,3.0,5.0,1.0,0.0,0.0,0.0,1918.581,2057.847,83.44,39.689,38.564,33.272,4.0,
865,3.0,5.0,1.0,0.0,0.0,0.0,1884.198,2057.323,94.454,42.052,39.555,32.135,4.0,
866,3.0,5.0,1.0,0.0,0.0,0.0,1901.312,2424.249,74.443,39.848,37.013,32.701,4.0,
867,3.0,5.0,1.0,0.0,0.0,0.0,2028.921,2421.169,-11.468,39.221,36.877,32.25,4.0,
868,3.0,5.0,1.0,0.0,0.0,0.0,2127.244,2271.531,105.172,38.395,37.493,32.293,4.0,
869,3.0,5.0,1.0,0.0,0.0,0.0,2291.163,2443.706,-33.278,39.548,37.615,28.448,4.0,
870,3.0,5.0,1.0,0.0,0.0,0.0,2256.443,2451.215,-19.132,40.451,37.695,33.251,4.0,
871,3.0,6.0,1.0,0.0,0.0,0.0,1787.377,2660.256,4.735,40.337,39.675,34.002,4.0,
872,3.0,6.0,1.0,0.0,0.0,0.0,1796.719,2698.657,-7.722,40.191,38.226,33.361,4.0,
873,3.0,6.0,1.0,0.0,0.0,0.0,1755.575,2719.135,105.915,39.661,38.57,33.244,4.0,
874,3.0,6.0,1.0,0.0,0.0,0.0,1760.128,2868.473,105.167,43.022,38.312,34.02,4.0,
875,3.0,6.0,1.0,0.0,0.0,0.0,2004.317,2655.585,-5.702,38.148,36.059,31.724,4.0,
876,3.0,6.0,1.0,0.0,0.0,0.0,2012.033,2677.481,-16.958,39.644,38.652,33.357,4.0,
877,3.0,6.0,1.0,0.0,0.0,0.0,2080.667,2700.115,131.626,40.177,38.116,33.297,4.0,
879,3.0,6.0,1.0,0.0,0.0,0.0,2259.086,2827.922,33.978,39.767,38.384,33.239,4.0,
880,3.0,6.0,1.0,0.0,0.0,0.0,2223.902,2838.086,-26.916,39.346,38.104,32.92,4.0,
881,2.0,8.0,1.0,0.0,0.0,0.0,1725.266,3667.927,50.61,39.017,36.332,32.05,4.0,
882,3.0,8.0,1.0,0.0,0.0,0.0,1991.367,3676.519,-22.713,39.257,38.644,33.149,4.0,
883,3.0,9.0,1.0,0.0,0.0,0.0,1903.456,4026.486,35.431,40.234,38.818,33.644,4.0,
884,3.0,9.0,1.0,0.0,0.0,0.0,1997.054,3885.923,103.156,38.47,35.861,31.85,4.0,
885,3.0,9.0,1.0,0.0,0.0,0.0,2018.22,3894.089,105.619,38.275,36.642,32.014,4.0,
886,3.0,9.0,1.0,0.0,0.0,0.0,2067.481,3939.578,108.982,39.226,37.455,32.608,4.0,
887,3.0,9.0,1.0,0.0,0.0,0.0,2084.079,3964.463,94.031,39.412,38.324,30.617,4.0,
888,3.0,9.0,1.0,0.0,0.0,0.0,2117.946,3953.61,-14.842,40.088,37.707,30.628,4.0,
889,3.0,9.0,1.0,0.0,0.0,0.0,2090.119,4003.945,-38.945,40.181,38.198,33.299,4.0,
890,3.0,10.0,1.0,0.0,0.0,0.0,2268.555,4436.238,-2.29,41.038,37.485,33.182,4.0,
891,3.0,10.0,1.0,0.0,0.0,0.0,2274.847,4154.988,19.297,38.52,37.085,32.123,4.0,
892,3.0,11.0,1.0,0.0,0.0,0.0,1865.009,4648.252,66.885,40.53,38.843,33.788,4.0,
893,3.0,11.0,1.0,0.0,0.0,0.0,1857.377,4609.003,108.922,39.324,37.793,32.768,4.0,
894,3.0,11.0,1.0,0.0,0.0,0.0,1833.24,4634.156,-33.102,40.075,38.878,33.569,4.0,
895,3.0,12.0,1.0,0.0,0.0,0.0,1985.716,5280.403,-9.717,39.123,37.483,32.567,4.0,
896,3.0,12.0,1.0,0.0,0.0,0.0,2035.494,5294.602,-7.678,39.917,37.334,32.943,4.0,
897,4.0,2.0,1.0,0.0,0.0,0.0,2569.356,1216.701,82.194,39.132,38.287,30.42,4.0,
898,4.0,2.0,1.0,0.0,0.0,0.0,2639.769,1228.565,-32.549,39.14,38.775,30.679,4.0,
899,4.0,3.0,1.0,0.0,0.0,0.0,2334.244,1308.912,12.926,38.595,35.212,31.174,4.0,
900,4.0,4.0,1.0,0.0,0.0,0.0,2476.289,2036.034,90.254,39.746,38.147,33.148,4.0,
901,4.0,5.0,1.0,0.0,0.0,0.0,2389.206,2162.633,-4.479,37.805,30.853,29.473,4.0,
902,4.0,6.0,1.0,0.0,0.0,0.0,2780.682,2586.302,83.649,38.329,35.152,31.307,4.0,
903,4.0,6.0,1.0,0.0,0.0,0.0,2796.304,2845.996,102.283,40.858,34.926,32.235,4.0,
904,4.0,6.0,1.0,0.0,0.0,0.0,2837.01,2614.82,134.393,39.724,39.046,33.505,4.0,
905,4.0,6.0,1.0,0.0,0.0,0.0,2834.48,2650.518,119.891,40.498,38.759,33.715,4.0,
906,4.0,7.0,1.0,0.0,0.0,0.0,2726.089,3117.56,-29.442,39.921,38.205,33.245,4.0,
907,4.0,7.0,1.0,0.0,0.0,0.0,2871.871,3226.22,89.406,41.176,35.794,32.701,4.0,
908,4.0,7.0,1.0,0.0,0.0,0.0,2755.866,3272.542,-9.825,40.746,37.352,33.417,4.0,
909,4.0,8.0,1.0,0.0,0.0,0.0,2868.329,3455.388,124.319,40.164,36.399,32.5,4.0,
910,4.0,9.0,1.0,0.0,0.0,0.0,2515.684,4034.128,130.953,38.528,38.218,32.622,4.0,
911,4.0,9.0,1.0,0.0,0.0,0.0,2499.345,4050.358,62.015,38.185,36.855,31.945,4.0,
912,4.0,10.0,1.0,0.0,0.0,0.0,2396.262,4235.777,110.97,40.953,36.415,32.892,4.0,
913,4.0,10.0,1.0,0.0,0.0,0.0,2426.1,4279.848,-41.01,38.868,37.901,32.662,4.0,
914,4.0,10.0,1.0,0.0,0.0,0.0,2438.17,4304.979,-37.896,39.008,38.715,33.057,4.0,
915,4.0,12.0,1.0,0.0,0.0,0.0,2861.114,5135.445,-21.388,39.805,37.91,32.983,4.0,
916,4.0,12.0,1.0,0.0,0.0,0.0,2323.856,5075.051,3.756,40.886,36.395,32.523,4.0,
917,4.0,12.0,1.0,0.0,0.0,0.0,2553.831,5010.135,97.198,40.23,36.163,32.8,4.0,
918,4.0,12.0,1.0,0.0,0.0,0.0,2541.332,5004.306,79.255,38.068,37.504,32.158,4.0,
919,5.0,1.0,1.0,0.0,0.0,0.0,3091.275,761.037,96.787,39.645,38.124,33.09,4.0,
920,5.0,1.0,1.0,0.0,0.0,0.0,3277.317,642.483,63.407,39.637,37.731,32.904,4.0,
921,5.0,1.0,1.0,0.0,0.0,0.0,3362.882,710.756,-40.814,39.804,37.699,32.926,4.0,
922,5.0,1.0,1.0,0.0,0.0,0.0,3330.029,712.229,99.258,38.33,37.179,32.124,4.0,
923,5.0,2.0,1.0,0.0,0.0,0.0,2975.051,925.305,9.223,38.485,37.994,32.521,4.0,
924,5.0,2.0,1.0,0.0,0.0,0.0,2922.524,939.059,75.45,39.99,39.367,33.771,4.0,
925,5.0,2.0,1.0,0.0,0.0,0.0,2956.492,948.665,-6.934,39.309,34.703,31.797,4.0,
926,5.0,2.0,1.0,0.0,0.0,0.0,3374.456,1176.036,91.089,40.294,37.71,33.108,4.0,
927,5.0,3.0,1.0,0.0,0.0,0.0,3344.952,1559.615,124.098,39.196,36.86,32.316,4.0,
928,5.0,3.0,1.0,0.0,0.0,0.0,3346.656,1596.345,105.208,38.891,38.436,32.861,4.0,
929,5.0,4.0,1.0,0.0,0.0,0.0,3091.389,1960.738,-19.496,40.412,38.065,33.389,4.0,
930,5.0,4.0,1.0,0.0,0.0,0.0,2995.555,1902.48,118.679,38.334,37.879,32.398,4.0,
931,5.0,4.0,1.0,0.0,0.0,0.0,2977.075,1923.913,132.111,40.07,37.379,32.812,4.0,
932,5.0,6.0,1.0,0.0,0.0,0.0,3071.961,2569.214,52.708,39.15,38.111,32.875,4.0,
933,5.0,6.0,1.0,0.0,0.0,0.0,3177.256,2600.602,85.388,39.935,36.884,32.565,4.0,
934,5.0,6.0,1.0,0.0,0.0,0.0,3359.103,2548.585,26.342,39.992,39.402,33.769,4.0,
935,5.0,6.0,1.0,0.0,0.0,0.0,3388.014,2566.483,75.9,39.836,38.009,33.107,4.0,
936,5.0,8.0,1.0,0.0,0.0,0.0,3249.281,3582.309,-39.289,39.776,38.359,33.158,4.0,
937,5.0,9.0,1.0,0.0,0.0,0.0,3028.413,3839.677,132.963,39.493,38.021,32.973,4.0,
938,5.0,9.0,1.0,0.0,0.0,0.0,2894.81,3817.639,-10.361,41.009,38.923,33.787,4.0,
939,5.0,9.0,1.0,0.0,0.0,0.0,2934.9,4038.695,87.933,40.03,35.43,32.075,4.0,
940,5.0,9.0,1.0,0.0,0.0,0.0,2935.265,4064.491,-39.324,39.807,37.906,32.972,4.0,
941,5.0,9.0,1.0,0.0,0.0,0.0,2918.307,4090.023,8.544,40.07,37.866,33.447,4.0,
942,5.0,10.0,1.0,0.0,0.0,0.0,3265.477,4239.993,83.855,38.446,37.721,32.417,4.0,
943,5.0,10.0,1.0,0.0,0.0,0.0,3049.719,4382.073,52.248,36.204,35.768,30.619,4.0,
944,5.0,10.0,1.0,0.0,0.0,0.0,3073.266,4415.859,-19.454,40.454,38.568,33.587,4.0,
945,5.0,11.0,1.0,0.0,0.0,0.0,2987.349,4865.176,121.258,38.613,37.307,32.249,4.0,
946,5.0,11.0,1.0,0.0,0.0,0.0,3409.815,4791.687,108.027,40.21,35.017,31.881,4.0,
947,5.0,12.0,1.0,0.0,0.0,0.0,3364.895,5075.393,4.592,40.616,35.992,32.701,4.0,
948,5.0,12.0,1.0,0.0,0.0,0.0,3373.771,5060.098,-27.177,39.462,38.563,33.168,4.0,
949,6.0,0.0,1.0,0.0,0.0,0.0,3723.432,389.609,91.231,42.376,35.499,32.898,4.0,
950,6.0,0.0,1.0,0.0,0.0,0.0,3795.285,246.815,-34.966,38.285,35.462,31.281,4.0,
951,6.0,0.0,1.0,0.0,0.0,0.0,3788.153,271.247,76.23,39.59,37.422,32.464,4.0,
952,6.0,0.0,1.0,0.0,0.0,0.0,3797.278,298.871,-14.56,40.154,39.417,33.853,4.0,
953,6.0,1.0,1.0,0.0,0.0,0.0,3956.067,792.44,54.315,39.721,37.169,32.776,4.0,
954,6.0,2.0,1.0,0.0,0.0,0.0,3500.476,881.45,128.7,38.712,34.812,31.197,4.0,
955,6.0,2.0,1.0,0.0,0.0,0.0,3983.984,846.596,-37.03,40.445,37.408,33.008,4.0,
956,6.0,3.0,1.0,0.0,0.0,0.0,3472.564,1580.635,68.535,39.115,37.658,32.72,4.0,
957,6.0,3.0,1.0,0.0,0.0,0.0,3929.807,1535.246,100.72,37.623,35.578,31.158,4.0,
958,6.0,3.0,1.0,0.0,0.0,0.0,3760.47,1628.713,127.167,36.257,35.611,30.471,4.0,
959,6.0,3.0,1.0,0.0,0.0,0.0,3779.541,1617.603,65.417,39.858,38.315,33.39,4.0,
960,6.0,4.0,1.0,0.0,0.0,0.0,3992.923,1693.571,-39.956,39.949,36.308,32.495,4.0,
961,6.0,4.0,1.0,0.0,0.0,0.0,4026.004,1701.392,108.964,40.671,38.015,33.546,4.0,
962,6.0,6.0,1.0,0.0,0.0,0.0,3981.274,2752.223,124.035,39.39,38.094,32.992,4.0,
963,6.0,6.0,1.0,0.0,0.0,0.0,4018.029,2760.77,-5.799,40.664,39.254,33.963,4.0,
964,6.0,6.0,1.0,0.0,0.0,0.0,3522.831,2753.053,1.973,38.549,36.437,29.477,4.0,
965,6.0,6.0,1.0,0.0,0.0,0.0,3484.278,2756.126,124.564,39.867,39.023,31.064,4.0,
966,6.0,6.0,1.0,0.0,0.0,0.0,4027.096,2854.344,12.414,40.151,38.195,33.141,4.0,
967,6.0,6.0,1.0,0.0,0.0,0.0,4010.912,2855.553,77.976,40.424,36.164,33.202,4.0,
968,6.0,7.0,1.0,0.0,0.0,0.0,3763.724,3106.207,60.769,38.464,36.433,31.87,4.0,
969,6.0,8.0,1.0,0.0,0.0,0.0,3581.246,3630.052,-18.018,39.143,38.821,33.171,4.0,
970,6.0,8.0,1.0,0.0,0.0,0.0,3869.569,3647.543,58.472,39.957,37.759,33.128,4.0,
971,6.0,9.0,1.0,0.0,0.0,0.0,3837.595,3931.107,51.416,39.741,37.917,33.232,4.0,
972,6.0,9.0,1.0,0.0,0.0,0.0,3822.745,3943.311,62.453,38.811,36.647,32.294,4.0,
973,6.0,10.0,1.0,0.0,0.0,0.0,3630.861,4344.937,-7.195,38.889,38.249,32.812,4.0,
974,6.0,10.0,1.0,0.0,0.0,0.0,3749.74,4464.747,55.548,37.994,36.496,31.719,4.0,
975,6.0,10.0,1.0,0.0,0.0,0.0,3919.797,4332.527,15.8,39.577,38.422,33.168,4.0,
976,6.0,10.0,1.0,0.0,0.0,0.0,3930.714,4437.867,-10.795,41.569,37.586,33.559,4.0,
977,6.0,11.0,1.0,0.0,0.0,0.0,3691.74,4827.804,84.2,39.478,38.501,33.124,4.0,
978,6.0,12.0,1.0,0.0,0.0,0.0,3527.631,5286.132,-0.321,39.52,38.594,33.251,4.0,
979,6.0,12.0,1.0,0.0,0.0,0.0,3652.861,5058.067,96.901,41.294,38.92,34.083,4.0,
980,7.0,11.0,1.0,0.0,0.0,0.0,4368.675,4719.096,114.103,38.049,35.514,31.279,4.0,
981,7.0,10.0,1.0,0.0,0.0,0.0,4067.534,4111.249,83.265,39.961,38.261,33.241,4.0,
982,7.0,10.0,1.0,0.0,0.0,0.0,4098.623,4130.691,8.024,40.007,39.292,33.691,4.0,
983,7.0,9.0,1.0,0.0,0.0,0.0,4464.246,4064.142,108.401,41.447,37.118,33.235,4.0,
984,7.0,9.0,1.0,0.0,0.0,0.0,4163.403,3813.03,110.245,39.623,38.636,33.286,4.0,
985,7.0,7.0,1.0,0.0,0.0,0.0,4365.506,3266.352,-17.567,40.266,34.459,31.946,4.0,
986,7.0,7.0,1.0,0.0,0.0,0.0,4091.118,2893.734,42.419,40.841,39.512,34.182,4.0,
987,7.0,6.0,1.0,0.0,0.0,0.0,4542.805,2831.345,29.542,37.879,34.804,30.955,4.0,
988,7.0,6.0,1.0,0.0,0.0,0.0,4294.579,2811.26,68.177,40.21,37.893,33.193,4.0,
989,7.0,6.0,1.0,0.0,0.0,0.0,4276.766,2787.833,123.386,38.965,37.855,32.683,4.0,
990,7.0,5.0,1.0,0.0,0.0,0.0,4391.117,2230.693,5.531,38.079,37.645,32.199,4.0,
991,7.0,5.0,1.0,0.0,0.0,0.0,4618.748,2309.173,-33.122,44.084,34.853,32.727,4.0,
992,7.0,5.0,1.0,0.0,0.0,0.0,4229.603,2091.028,-20.444,44.951,38.966,35.445,4.0,
993,7.0,5.0,1.0,0.0,0.0,0.0,4463.346,2057.547,123.536,38.852,37.705,32.556,4.0,
994,7.0,4.0,1.0,0.0,0.0,0.0,4547.797,1940.623,88.007,39.959,38.277,33.237,4.0,
995,7.0,4.0,1.0,0.0,0.0,0.0,4520.168,1924.824,112.378,39.428,37.907,32.985,4.0,
996,7.0,4.0,1.0,0.0,0.0,0.0,4551.059,1908.449,132.444,40.29,37.355,32.687,4.0,
997,7.0,4.0,1.0,0.0,0.0,0.0,4559.142,1699.463,-13.799,39.11,38.34,32.95,4.0,
998,7.0,4.0,1.0,0.0,0.0,0.0,4580.68,1683.039,80.94,39.774,39.165,33.607,4.0,
999,7.0,4.0,1.0,0.0,0.0,0.0,4604.114,1865.414,100.351,40.037,36.883,32.92,4.0,
1000,7.0,4.0,1.0,0.0,0.0,0.0,4618.12,1918.867,-27.97,39.362,38.264,32.927,4.0,
1001,7.0,3.0,1.0,0.0,0.0,0.0,4403.894,1461.84,-36.819,38.758,36.849,32.148,4.0,
1002,7.0,3.0,1.0,0.0,0.0,0.0,4364.355,1459.712,-36.119,40.069,38.242,33.286,4.0,
1003,7.0,2.0,1.0,0.0,0.0,0.0,4574.314,954.706,-23.479,40.849,37.326,33.408,4.0,
1004,7.0,2.0,1.0,0.0,0.0,0.0,4400.332,862.852,127.874,38.81,37.095,32.248,4.0,
1005,7.0,2.0,1.0,0.0,0.0,0.0,4393.26,840.46,7.566,40.172,38.563,33.604,4.0,
1006,7.0,2.0,1.0,0.0,0.0,0.0,4578.527,830.288,-8.308,40.029,36.33,32.668,4.0,
1007,7.0,1.0,1.0,0.0,0.0,0.0,4221.812,491.614,77.443,39.52,37.725,32.813,4.0,
1008,7.0,1.0,1.0,0.0,0.0,0.0,4209.614,523.489,101.389,38.755,38.12,32.716,4.0,
1009,7.0,1.0,1.0,0.0,0.0,0.0,4442.584,483.196,113.586,40.767,39.465,34.089,4.0,
1010,7.0,0.0,1.0,0.0,0.0,0.0,4467.651,327.057,-10.379,39.012,37.279,32.366,4.0,
1011,7.0,0.0,1.0,0.0,0.0,0.0,4475.205,365.948,114.18,39.639,38.374,33.184,4.0,
1012,7.0,0.0,1.0,0.0,0.0,0.0,4135.594,240.304,14.67,38.54,37.562,32.331,4.0,
1013,7.0,0.0,1.0,0.0,0.0,0.0,4097.642,237.345,93.29,39.912,38.383,33.385,4.0,
1014,8.0,1.0,1.0,0.0,0.0,0.0,5086.154,557.666,1.414,40.509,39.32,33.935,4.0,
1015,8.0,1.0,1.0,0.0,0.0,0.0,4682.998,490.031,50.273,39.436,36.771,32.43,4.0,
1016,8.0,1.0,1.0,0.0,0.0,0.0,4654.139,484.96,-31.189,38.957,38.567,28.545,4.0,
1017,8.0,2.0,1.0,0.0,0.0,0.0,5172.019,1238.163,80.929,45.333,37.902,31.77,4.0,
1018,8.0,3.0,1.0,0.0,0.0,0.0,4983.284,1631.327,-40.251,41.002,36.337,32.708,4.0,
1019,8.0,4.0,1.0,0.0,0.0,0.0,4943.812,1702.565,-27.38,39.681,36.433,32.336,4.0,
1020,8.0,4.0,1.0,0.0,0.0,0.0,4952.545,1669.673,34.394,40.527,39.062,33.987,4.0,
1021,8.0,5.0,1.0,0.0,0.0,0.0,4643.6,2288.879,131.054,41.809,38.072,33.788,4.0,
1022,8.0,5.0,1.0,0.0,0.0,0.0,4936.496,2231.181,117.524,47.285,33.301,34.092,4.0,
1023,8.0,5.0,1.0,0.0,0.0,0.0,5130.839,2274.979,97.557,40.122,34.483,31.615,4.0,
1024,8.0,5.0,1.0,0.0,0.0,0.0,5154.561,2267.877,79.825,39.082,37.333,32.656,4.0,
1025,8.0,5.0,1.0,0.0,0.0,0.0,5127.451,2248.569,-17.183,39.715,37.308,33.006,4.0,
1026,8.0,5.0,1.0,0.0,0.0,0.0,5194.467,2396.328,62.805,39.71,39.346,33.652,4.0,
1027,8.0,6.0,1.0,0.0,0.0,0.0,5098.216,2703.032,76.385,38.879,37.951,32.681,4.0,
1028,8.0,6.0,1.0,0.0,0.0,0.0,5079.87,2692.516,-34.008,39.85,35.713,32.267,4.0,
1029,8.0,6.0,1.0,0.0,0.0,0.0,5147.793,2801.83,103.466,41.219,38.443,33.882,4.0,
1030,8.0,6.0,1.0,0.0,0.0,0.0,5165.309,2775.316,83.885,39.276,37.732,32.776,4.0,
1031,8.0,7.0,1.0,0.0,0.0,0.0,5004.799,3039.924,16.738,38.962,36.077,31.868,4.0,
1032,8.0,7.0,1.0,0.0,0.0,0.0,4730.057,3197.598,133.381,38.462,36.533,31.836,4.0,
1033,8.0,7.0,1.0,0.0,0.0,0.0,4687.792,3198.036,-6.895,39.608,37.974,30.483,4.0,
1034,8.0,8.0,1.0,0.0,0.0,0.0,5038.679,3536.652,109.491,38.672,37.072,32.236,4.0,
1035,8.0,9.0,1.0,0.0,0.0,0.0,5135.127,3994.949,88.848,40.42,35.693,32.206,4.0,
1036,8.0,9.0,1.0,0.0,0.0,0.0,5135.931,4024.34,-14.76,39.141,38.676,33.082,4.0,
1037,8.0,10.0,1.0,0.0,0.0,0.0,5189.992,4215.574,79.364,38.935,38.324,32.871,4.0,
1038,8.0,10.0,1.0,0.0,0.0,0.0,5132.263,4137.705,-22.041,40.301,38.898,33.67,4.0,
1039,8.0,10.0,1.0,0.0,0.0,0.0,4937.847,4247.399,87.606,39.141,38.011,32.852,4.0,
1040,8.0,12.0,1.0,0.0,0.0,0.0,4941.324,5249.032,131.176,40.439,37.084,32.817,4.0,
1041,8.0,12.0,1.0,0.0,0.0,0.0,4816.194,5027.334,118.389,44.999,38.707,35.389,4.0,
1042,8.0,12.0,1.0,0.0,0.0,0.0,4825.804,5049.981,80.178,40.059,37.07,32.749,4.0,
1043,8.0,12.0,1.0,0.0,0.0,0.0,4838.901,4948.159,-29.424,41.719,39.808,34.64,4.0,
1044,8.0,12.0,1.0,0.0,0.0,0.0,4623.312,5137.141,39.329,39.572,38.856,33.369,4.0,
1045,9.0,0.0,1.0,0.0,0.0,0.0,5381.428,339.852,73.165,41.47,36.525,33.266,4.0,
1046,9.0,0.0,1.0,0.0,0.0,0.0,5370.003,308.775,25.825,40.433,37.916,33.326,4.0,
1047,9.0,0.0,1.0,0.0,0.0,0.0,5542.698,66.711,118.072,40.623,37.837,33.354,4.0,
1048,9.0,0.0,1.0,0.0,0.0,0.0,5546.153,37.7,19.523,39.36,38.408,33.078,4.0,
1049,9.0,0.0,1.0,0.0,0.0,0.0,5585.727,19.026,34.649,40.444,37.491,33.24,4.0,
1050,9.0,1.0,1.0,0.0,0.0,0.0,5688.657,665.926,123.448,39.656,37.126,32.616,4.0,
1051,9.0,1.0,1.0,0.0,0.0,0.0,5699.988,638.963,11.254,39.272,37.716,30.367,4.0,
1052,9.0,2.0,1.0,0.0,0.0,0.0,5547.133,1094.366,-31.54,39.737,38.543,33.24,4.0,
1053,9.0,2.0,1.0,0.0,0.0,0.0,5496.051,1038.506,82.094,39.978,38.434,33.408,4.0,
1054,9.0,3.0,1.0,0.0,0.0,0.0,5677.961,1609.053,37.697,39.685,37.519,32.809,4.0,
1055,9.0,4.0,1.0,0.0,0.0,0.0,5354.73,1847.305,-0.94,40.649,37.54,33.281,4.0,
1056,9.0,4.0,1.0,0.0,0.0,0.0,5210.329,1894.121,25.077,44.235,39.133,35.444,4.0,
1057,9.0,4.0,1.0,0.0,0.0,0.0,5742.602,1701.648,-17.579,42.856,35.072,32.711,4.0,
1058,9.0,5.0,1.0,0.0,0.0,0.0,5575.317,2208.201,104.434,38.643,36.319,31.889,4.0,
1059,9.0,6.0,1.0,0.0,0.0,0.0,5592.015,2767.081,97.185,37.037,35.562,30.875,4.0,
1060,9.0,7.0,1.0,0.0,0.0,0.0,5530.721,3067.701,-37.309,36.108,32.863,29.285,4.0,
1061,9.0,8.0,1.0,0.0,0.0,0.0,5675.374,3348.34,82.923,40.581,37.908,33.342,4.0,
1062,9.0,8.0,1.0,0.0,0.0,0.0,5618.042,3519.489,-26.274,38.302,30.88,29.403,4.0,
1063,9.0,10.0,1.0,0.0,0.0,0.0,5344.516,4390.668,-9.12,39.002,38.117,32.809,4.0,
1064,9.0,12.0,1.0,0.0,0.0,0.0,5468.909,5309.893,134.864,38.395,35.664,31.548,4.0,
1065,9.0,12.0,1.0,0.0,0.0,0.0,5514.524,5103.329,16.831,39.653,36.351,32.301,4.0,
1066,9.0,12.0,1.0,0.0,0.0,0.0,5470.556,5081.547,72.808,40.066,38.754,33.509,4.0,
1067,9.0,12.0,1.0,0.0,0.0,0.0,5657.439,5109.135,130.267,38.715,37.387,32.342,4.0,
1068,9.0,12.0,1.0,0.0,0.0,0.0,5692.154,5093.807,134.684,39.632,38.506,33.212,4.0,
1069,9.0,12.0,1.0,0.0,0.0,0.0,5252.882,5311.084,116.58,40.715,38.889,33.688,4.0,
1070,9.0,12.0,1.0,0.0,0.0,0.0,5244.999,5282.699,-9.535,41.637,37.879,33.996,4.0,
</ResultDatas>,,,,,,,,,,,,,,
<ElementResult>,,,,,,,,,,,,,,
0,0.0,,,,,,,,,,,,,
1,0.0,,,,,,,,,,,,,
2,0.0,,,,,,,,,,,,,
3,0.0,,,,,,,,,,,,,
4,0.0,,,,,,,,,,,,,
5,994.0,,,,,,,,,,,,,
</ElementResult>,,,,,,,,,,,,,,
0,0.0,0.0,1.0,0.0,1.0,0.0,553.722,62.833,-7.337,38.614,38.255,9.932,0.0,0.0
1,0.0,0.0,1.0,1.0,3.0,0.0,368.278,110.466,130.864,38.751,38.546,9.987,0.0,0.0
2,0.0,0.0,1.0,2.0,4.0,0.0,410.818,173.596,27.168,38.139,37.806,9.889,0.0,0.0
5,0.0,0.0,1.0,5.0,7.0,0.0,506.061,313.195,48.417,39.099,38.747,9.981,0.0,0.0
6,1.0,0.0,1.0,0.0,1.0,0.0,783.328,24.203,54.65,38.132,37.985,9.911,0.0,0.0
7,1.0,0.0,1.0,1.0,2.0,0.0,862.949,25.674,59.134,37.967,37.757,9.86,0.0,0.0
8,1.0,0.0,1.0,2.0,5.0,0.0,1082.463,165.556,22.031,38.611,38.23,9.928,0.0,0.0
9,1.0,0.0,1.0,3.0,6.0,0.0,882.267,219.01,86.014,38.0,37.782,9.867,0.0,0.0
10,1.0,0.0,1.0,4.0,7.0,0.0,1149.766,241.627,15.551,38.444,38.286,9.914,0.0,0.0
11,1.0,0.0,1.0,5.0,10.0,0.0,730.459,289.62,-10.122,38.648,38.323,9.945,0.0,0.0
12,1.0,0.0,1.0,6.0,11.0,0.0,707.326,391.814,-34.211,39.132,38.867,9.926,0.0,0.0
13,2.0,0.0,1.0,0.0,2.0,0.0,1432.223,84.005,-11.397,37.995,37.851,9.876,0.0,0.0
14,2.0,0.0,1.0,1.0,3.0,0.0,1193.352,92.278,8.37,38.779,38.683,9.932,0.0,0.0
15,2.0,0.0,1.0,2.0,4.0,0.0,1694.322,107.566,90.092,38.69,38.416,9.962,0.0,0.0
16,2.0,0.0,1.0,3.0,7.0,0.0,1697.509,253.454,58.962,39.027,38.809,9.98,0.0,0.0
17,2.0,0.0,1.0,4.0,8.0,0.0,1270.668,286.826,7.494,38.76,38.549,9.913,0.0,0.0
18,2.0,0.0,1.0,5.0,10.0,0.0,1346.378,330.36,78.508,38.545,38.387,9.94,0.0,0.0
19,3.0,0.0,1.0,0.0,1.0,0.0,2183.475,133.009,106.392,38.569,38.224,9.846,0.0,0.0
20,3.0,0.0,1.0,1.0,2.0,0.0,1869.829,163.195,63.464,38.692,38.494,9.897,0.0,0.0
21,3.0,0.0,1.0,2.0,3.0,0.0,1753.588,184.572,48.461,38.389,38.271,9.905,0.0,0.0
22,3.0,0.0,1.0,3.0,4.0,0.0,1871.942,213.233,81.342,38.73,38.714,9.93,0.0,0.0
23,3.0,0.0,1.0,4.0,5.0,0.0,2138.349,224.933,90.3,37.827,35.579,9.399,0.0,0.0
24,3.0,0.0,1.0,5.0,7.0,0.0,2073.089,240.421,110.965,37.668,37.264,9.756,0.0,0.0
25,3.0,0.0,1.0,6.0,8.0,0.0,1922.189,277.053,98.441,38.873,38.372,9.904,0.0,0.0
26,3.0,0.0,1.0,7.0,9.0,0.0,1786.723,314.425,19.362,39.181,38.791,9.998,0.0,0.0
27,4.0,0.0,1.0,0.0,1.0,0.0,2791.292,241.341,38.157,38.767,38.633,9.924,0.0,0.0
28,4.0,0.0,1.0,1.0,2.0,0.0,2708.768,282.235,-44.474,38.129,37.399,9.608,0.0,0.0
29,5.0,0.0,1.0,0.0,2.0,0.0,3233.271,102.247,124.095,38.497,38.26,9.917,0.0,0.0
30,5.0,0.0,1.0,1.0,3.0,0.0,3123.338,128.137,34.557,37.782,37.632,9.819,0.0,0.0
31,5.0,0.0,1.0,2.0,4.0,0.0,3015.786,171.139,15.268,38.81,38.343,9.893,0.0,0.0
32,5.0,0.0,1.0,3.0,5.0,0.0,3026.149,225.59,-24.388,37.735,37.679,9.819,0.0,0.0
33,5.0,0.0,1.0,4.0,7.0,0.0,3458.579,253.381,107.414,38.08,38.01,9.831,0.0,0.0
34,5.0,0.0,1.0,5.0,8.0,0.0,3359.008,323.413,57.443,38.481,38.307,9.921,0.0,0.0
35,5.0,0.0,1.0,6.0,10.0,0.0,3227.821,387.158,30.582,38.94,38.669,9.951,0.0,0.0
36,6.0,0.0,1.0,0.0,0.0,0.0,3621.135,169.193,68.571,38.379,38.1,9.806,0.0,0.0
38,7.0,0.0,1.0,0.0,1.0,0.0,4254.611,57.394,52.843,37.772,37.5,9.801,0.0,0.0
39,7.0,0.0,1.0,1.0,2.0,0.0,4135.64,69.817,127.782,38.013,37.765,9.867,0.0,0.0
40,7.0,0.0,1.0,2.0,3.0,0.0,4485.867,156.1,-43.015,38.382,38.271,9.828,0.0,0.0
41,7.0,0.0,1.0,3.0,5.0,0.0,4379.208,207.725,69.697,37.685,37.626,9.806,0.0,0.0
42,7.0,0.0,1.0,4.0,6.0,0.0,4535.87,230.503,24.308,38.586,38.32,9.937,0.0,0.0
43,7.0,0.0,1.0,5.0,7.0,0.0,4601.98,319.42,12.185,39.177,39.093,9.961,0.0,0.0
44,7.0,0.0,1.0,6.0,9.0,0.0,4069.014,403.838,65.914,39.017,38.887,9.989,0.0,0.0
45,8.0,0.0,1.0,0.0,1.0,0.0,5074.383,56.948,94.008,38.61,38.416,9.952,0.0,0.0
46,8.0,0.0,1.0,1.0,2.0,0.0,4898.116,83.179,-21.999,38.389,38.075,9.731,0.0,0.0
47,8.0,0.0,1.0,2.0,3.0,0.0,5123.733,125.042,43.475,38.371,38.323,9.909,0.0,0.0
48,8.0,0.0,1.0,3.0,4.0,0.0,4683.301,147.814,-41.107,38.018,37.736,9.788,0.0,0.0
49,8.0,0.0,1.0,4.0,5.0,0.0,5077.222,156.646,134.14,38.459,38.243,9.91,0.0,0.0
50,8.0,0.0,1.0,5.0,6.0,0.0,4641.471,183.055,-23.691,38.684,38.498,9.972,0.0,0.0
51,8.0,0.0,1.0,6.0,8.0,0.0,4973.428,286.554,-3.938,39.733,37.424,9.892,0.0,0.0
52,8.0,0.0,1.0,7.0,9.0,0.0,4733.183,288.652,-30.535,38.868,38.58,9.931,0.0,0.0
53,8.0,0.0,1.0,8.0,11.0,0.0,4736.139,338.099,-8.212,38.787,38.652,9.929,0.0,0.0
54,9.0,0.0,1.0,0.0,2.0,0.0,5435.526,98.723,63.484,38.626,38.431,9.956,0.0,0.0
55,9.0,0.0,1.0,1.0,3.0,0.0,5678.006,107.59,-22.16,38.892,38.683,9.947,0.0,0.0
57,0.0,1.0,1.0,0.0,1.0,0.0,589.17,473.903,90.91,42.817,24.087,8.804,0.0,0.0
58,0.0,1.0,1.0,1.0,3.0,0.0,439.743,507.231,81.968,38.127,37.973,9.909,0.0,0.0
59,0.0,1.0,1.0,2.0,4.0,0.0,426.115,580.917,92.396,37.671,37.082,9.81,0.0,0.0
60,0.0,1.0,1.0,3.0,5.0,0.0,289.218,609.627,87.757,37.95,37.667,9.846,0.0,0.0
61,0.0,1.0,1.0,4.0,8.0,0.0,327.443,816.804,48.056,39.128,38.763,9.987,0.0,0.0
62,1.0,1.0,1.0,0.0,2.0,0.0,595.962,473.618,41.471,38.366,38.286,9.904,0.0,0.0
63,1.0,1.0,1.0,1.0,4.0,0.0,912.153,546.699,107.194,37.824,37.481,9.805,0.0,0.0
64,1.0,1.0,1.0,2.0,5.0,0.0,1081.835,620.257,64.712,38.718,38.417,9.966,0.0,0.0
65,1.0,1.0,1.0,3.0,6.0,0.0,797.986,716.495,-35.172,39.124,39.089,9.953,0.0,0.0
66,1.0,1.0,1.0,4.0,7.0,0.0,1024.479,723.814,79.48,38.536,38.307,9.928,0.0,0.0
67,1.0,1.0,1.0,5.0,8.0,0.0,676.336,767.255,18.361,38.802,38.746,9.943,0.0,0.0
68,2.0,1.0,1.0,0.0,2.0,0.0,1280.129,448.931,121.522,38.771,38.683,9.931,0.0,0.0
69,2.0,1.0,1.0,1.0,3.0,0.0,1547.719,478.952,-43.074,38.927,38.695,9.953,0.0,0.0
70,2.0,1.0,1.0,2.0,4.0,0.0,1184.348,526.369,2.63,38.506,38.474,9.946,0.0,0.0
71,2.0,1.0,1.0,3.0,5.0,0.0,1309.431,531.275,96.768,38.528,38.264,9.922,0.0,0.0
72,2.0,1.0,1.0,4.0,6.0,0.0,1522.89,554.581,-11.558,38.09,38.014,9.833,0.0,0.0
73,2.0,1.0,1.0,5.0,7.0,0.0,1369.558,560.055,112.445,38.063,38.002,9.828,0.0,0.0
74,2.0,1.0,1.0,6.0,8.0,0.0,1665.421,614.709,-44.142,38.665,38.208,9.932,0.0,0.0
75,2.0,1.0,1.0,7.0,9.0,0.0,1528.596,720.576,114.052,38.154,38.032,9.843,0.0,0.0
76,2.0,1.0,1.0,8.0,10.0,0.0,1179.39,744.285,11.924,30.069,28.911,9.786,0.0,0.0
77,2.0,1.0,1.0,9.0,11.0,0.0,1692.954,784.392,29.83,39.188,38.916,9.939,0.0,0.0
78,3.0,1.0,1.0,0.0,0.0,0.0,2310.911,458.562,93.7,39.462,36.58,9.743,0.0,0.0
79,3.0,1.0,1.0,1.0,2.0,0.0,1895.043,603.231,131.415,37.776,37.611,9.816,0.0,0.0
80,3.0,1.0,1.0,2.0,3.0,0.0,1806.835,629.022,-2.944,38.056,37.925,9.817,0.0,0.0
81,3.0,1.0,1.0,3.0,4.0,0.0,2252.291,669.369,58.637,39.169,38.565,9.966,0.0,0.0
82,3.0,1.0,1.0,4.0,5.0,0.0,2111.894,686.119,119.313,38.017,37.124,9.501,0.0,0.0
83,3.0,1.0,1.0,5.0,7.0,0.0,2088.858,761.486,-27.221,38.836,38.66,9.937,0.0,0.0
84,4.0,1.0,1.0,0.0,4.0,0.0,2494.824,471.952,88.437,38.604,38.477,9.959,0.0,0.0
85,4.0,1.0,1.0,1.0,6.0,0.0,2454.205,573.607,14.074,38.224,37.855,9.83,0.0,0.0
86,4.0,1.0,1.0,2.0,7.0,0.0,2755.1,599.029,126.84,37.947,37.74,9.855,0.0,0.0
87,4.0,1.0,1.0,3.0,8.0,0.0,2733.958,655.905,108.767,38.139,37.879,9.898,0.0,0.0
88,4.0,1.0,1.0,4.0,9.0,0.0,2544.3,672.351,-32.17,38.083,37.96,9.75,0.0,0.0
89,4.0,1.0,1.0,5.0,10.0,0.0,2601.42,693.759,56.503,38.288,37.999,9.856,0.0,0.0
90,4.0,1.0,1.0,6.0,13.0,0.0,2636.345,799.63,1.782,38.767,38.188,9.867,0.0,0.0
91,5.0,1.0,1.0,0.0,1.0,0.0,3013.278,502.242,-21.987,38.194,37.933,9.913,0.0,0.0
92,5.0,1.0,1.0,1.0,2.0,0.0,2917.453,519.678,59.12,38.429,38.345,9.919,0.0,0.0
93,5.0,1.0,1.0,2.0,3.0,0.0,3246.312,569.422,74.688,37.657,37.383,9.771,0.0,0.0
94,5.0,1.0,1.0,3.0,4.0,0.0,3030.687,613.76,30.632,38.715,38.378,9.961,0.0,0.0
95,5.0,1.0,1.0,4.0,5.0,0.0,3295.477,707.393,31.444,38.378,37.846,9.849,0.0,0.0
96,6.0,1.0,1.0,0.0,0.0,0.0,3677.947,431.344,85.342,38.748,38.357,9.962,0.0,0.0
97,6.0,1.0,1.0,1.0,1.0,0.0,3978.189,442.64,-37.764,38.518,38.243,9.918,0.0,0.0
98,6.0,1.0,1.0,2.0,5.0,0.0,4012.117,645.218,125.931,38.9,38.451,9.918,0.0,0.0
99,6.0,1.0,1.0,3.0,7.0,0.0,3502.639,712.164,-4.644,39.159,38.775,9.993,0.0,0.0
100,6.0,1.0,1.0,4.0,8.0,0.0,3764.012,738.688,-29.79,38.304,38.113,9.873,0.0,0.0
104,7.0,1.0,1.0,0.0,2.0,0.0,4511.202,456.907,-14.654,38.801,38.787,9.948,0.0,0.0
105,7.0,1.0,1.0,1.0,3.0,0.0,4437.376,458.81,-24.517,38.885,38.589,9.934,0.0,0.0
106,7.0,1.0,1.0,2.0,4.0,0.0,4271.407,459.616,43.664,38.496,38.376,9.932,0.0,0.0
107,7.0,1.0,1.0,3.0,5.0,0.0,4205.969,520.919,-17.803,38.968,38.746,9.965,0.0,0.0
108,7.0,1.0,1.0,4.0,6.0,0.0,4471.05,546.101,96.268,38.471,37.99,9.879,0.0,0.0
109,7.0,1.0,1.0,5.0,7.0,0.0,4174.891,612.64,65.287,38.651,38.483,9.966,0.0,0.0
110,7.0,1.0,1.0,6.0,10.0,0.0,4439.848,696.654,128.45,37.736,37.71,9.824,0.0,0.0
111,8.0,1.0,1.0,0.0,0.0,0.0,4651.044,456.637,-14.97,38.463,38.327,9.846,0.0,0.0
112,8.0,1.0,1.0,1.0,1.0,0.0,4988.989,500.61,24.205,38.587,38.437,9.952,0.0,0.0
113,8.0,1.0,1.0,2.0,2.0,0.0,4998.863,583.234,20.399,38.204,38.145,9.865,0.0,0.0
114,8.0,1.0,1.0,3.0,3.0,0.0,4744.213,586.155,50.336,38.434,38.106,9.889,0.0,0.0
115,8.0,1.0,1.0,4.0,4.0,0.0,4635.537,620.263,-8.071,38.961,38.832,9.975,0.0,0.0
116,8.0,1.0,1.0,5.0,6.0,0.0,5034.647,658.655,94.624,37.916,36.515,9.771,0.0,0.0
117,9.0,1.0,1.0,0.0,1.0,0.0,5602.221,559.933,-42.521,38.731,38.371,9.962,0.0,0.0
118,9.0,1.0,1.0,1.0,2.0,0.0,5510.447,634.116,106.412,37.696,37.599,9.804,0.0,0.0
119,9.0,1.0,1.0,2.0,3.0,0.0,5337.931,637.704,66.565,38.351,38.084,9.876,0.0,0.0
120,0.0,2.0,1.0,0.0,3.0,0.0,409.951,945.876,50.272,38.409,38.315,9.913,0.0,0.0
121,0.0,2.0,1.0,1.0,4.0,0.0,278.156,1003.926,-31.763,38.116,38.077,9.844,0.0,0.0
122,0.0,2.0,1.0,2.0,5.0,0.0,98.208,1010.976,58.411,38.705,38.348,9.956,0.0,0.0
123,0.0,2.0,1.0,3.0,7.0,0.0,49.215,1123.704,102.525,38.861,38.844,9.963,0.0,0.0
124,1.0,2.0,1.0,0.0,0.0,0.0,600.198,851.435,124.166,38.567,37.921,9.808,0.0,0.0
125,1.0,2.0,1.0,1.0,1.0,0.0,1129.276,861.015,-25.399,39.006,38.402,9.925,0.0,0.0
126,1.0,2.0,1.0,2.0,2.0,0.0,831.202,883.693,64.582,38.562,38.331,9.935,0.0,0.0
127,1.0,2.0,1.0,3.0,3.0,0.0,656.15,916.03,96.687,38.235,37.781,9.897,0.0,0.0
128,1.0,2.0,1.0,4.0,4.0,0.0,882.059,953.737,90.637,38.529,38.207,9.914,0.0,0.0
129,1.0,2.0,1.0,5.0,6.0,0.0,707.879,981.783,102.084,39.054,38.89,9.994,0.0,0.0
130,2.0,2.0,1.0,0.0,1.0,0.0,1646.355,907.906,94.711,39.382,39.176,9.997,0.0,0.0
131,2.0,2.0,1.0,1.0,2.0,0.0,1468.414,911.335,51.564,38.879,38.546,9.927,0.0,0.0
132,2.0,2.0,1.0,2.0,3.0,0.0,1622.638,970.895,74.114,38.642,38.401,9.954,0.0,0.0
133,2.0,2.0,1.0,3.0,4.0,0.0,1247.213,988.887,-4.735,38.45,37.9,9.865,0.0,0.0
134,2.0,2.0,1.0,4.0,5.0,0.0,1673.572,1113.257,105.066,39.02,38.909,9.992,0.0,0.0
135,2.0,2.0,1.0,5.0,6.0,0.0,1494.158,1164.803,29.494,37.979,37.558,9.836,0.0,0.0
137,3.0,2.0,1.0,1.0,4.0,0.0,1881.248,1054.958,-17.823,38.427,38.365,9.922,0.0,0.0
138,3.0,2.0,1.0,2.0,5.0,0.0,1981.333,1110.02,-44.168,39.073,39.0,9.936,0.0,0.0
139,3.0,2.0,1.0,3.0,6.0,0.0,2023.325,1139.269,-0.831,38.669,38.526,9.974,0.0,0.0
140,3.0,2.0,1.0,4.0,7.0,0.0,1929.208,1187.177,-24.36,38.735,38.651,9.922,0.0,0.0
141,3.0,2.0,1.0,5.0,8.0,0.0,2033.637,1232.466,-4.448,39.626,34.366,9.553,0.0,0.0
142,4.0,2.0,1.0,0.0,1.0,0.0,2803.499,934.688,-24.993,38.225,38.029,9.852,0.0,0.0
144,4.0,2.0,1.0,2.0,6.0,0.0,2707.327,1197.405,10.707,39.281,39.244,9.993,0.0,0.0
145,4.0,2.0,1.0,3.0,7.0,0.0,2412.374,1229.074,13.374,38.699,38.599,9.837,0.0,0.0
146,5.0,2.0,1.0,0.0,1.0,0.0,2934.212,976.512,-8.614,38.37,38.323,9.909,0.0,0.0
148,5.0,2.0,1.0,2.0,4.0,0.0,3368.738,1031.669,24.427,38.446,38.321,9.918,0.0,0.0
149,5.0,2.0,1.0,3.0,5.0,0.0,3107.024,1041.197,111.807,37.911,37.721,9.848,0.0,0.0
150,5.0,2.0,1.0,4.0,7.0,0.0,3342.768,1104.406,-24.967,38.013,37.765,9.791,0.0,0.0
151,5.0,2.0,1.0,5.0,9.0,0.0,3085.562,1213.799,63.432,38.466,38.202,9.905,0.0,0.0
152,6.0,2.0,1.0,0.0,0.0,0.0,3770.436,911.359,8.572,38.534,38.145,9.907,0.0,0.0
153,6.0,2.0,1.0,1.0,3.0,0.0,3961.263,1172.699,-32.214,39.169,38.668,9.906,0.0,0.0
154,7.0,2.0,1.0,0.0,0.0,0.0,4494.303,895.603,113.679,38.513,38.374,9.934,0.0,0.0
155,7.0,2.0,1.0,1.0,1.0,0.0,4473.23,960.85,107.264,38.126,37.901,9.899,0.0,0.0
156,8.0,2.0,1.0,0.0,0.0,0.0,4787.426,852.718,50.658,38.885,38.767,9.957,0.0,0.0
157,8.0,2.0,1.0,1.0,1.0,0.0,5049.831,867.555,114.512,38.785,38.659,9.93,0.0,0.0
159,8.0,2.0,1.0,3.0,3.0,0.0,5196.716,1113.274,92.959,42.424,26.262,9.259,0.0,0.0
160,9.0,2.0,1.0,0.0,0.0,0.0,5232.639,869.687,-37.322,38.277,38.099,9.868,0.0,0.0
161,9.0,2.0,1.0,1.0,1.0,0.0,5683.298,916.814,59.308,38.21,37.742,9.889,0.0,0.0
162,9.0,2.0,1.0,2.0,2.0,0.0,5487.475,964.59,-17.509,38.202,37.638,9.723,0.0,0.0
163,9.0,2.0,1.0,3.0,3.0,0.0,5660.426,993.138,31.448,38.499,38.039,9.889,0.0,0.0
164,9.0,2.0,1.0,4.0,4.0,0.0,5395.254,994.325,-23.467,38.693,38.475,9.971,0.0,0.0
165,9.0,2.0,1.0,5.0,5.0,0.0,5285.595,1006.757,57.584,38.329,37.983,9.784,0.0,0.0
166,9.0,2.0,1.0,6.0,6.0,0.0,5508.135,1051.541,119.6,37.529,37.096,9.874,0.0,0.0
167,9.0,2.0,1.0,7.0,7.0,0.0,5240.552,1077.052,5.366,38.678,38.562,9.904,0.0,0.0
168,9.0,2.0,1.0,8.0,9.0,0.0,5601.351,1148.045,30.483,38.352,38.162,9.886,0.0,0.0
169,0.0,3.0,1.0,0.0,1.0,0.0,252.435,1390.001,122.961,38.493,38.159,9.903,0.0,0.0
170,0.0,3.0,1.0,1.0,2.0,0.0,571.481,1399.625,95.176,38.965,38.592,9.944,0.0,0.0
171,0.0,3.0,1.0,2.0,3.0,0.0,262.141,1471.837,79.139,37.856,37.706,9.839,0.0,0.0
172,0.0,3.0,1.0,3.0,4.0,0.0,153.978,1507.013,76.829,38.79,38.524,9.989,0.0,0.0
173,0.0,3.0,1.0,4.0,5.0,0.0,435.106,1569.583,53.572,38.849,38.682,9.941,0.0,0.0
174,0.0,3.0,1.0,5.0,7.0,0.0,179.793,1637.355,12.005,39.174,38.44,9.877,0.0,0.0
175,1.0,3.0,1.0,0.0,0.0,0.0,952.458,1290.875,-36.043,38.937,38.691,9.954,0.0,0.0
176,1.0,3.0,1.0,1.0,1.0,0.0,932.535,1326.073,124.884,38.634,38.08,9.836,0.0,0.0
178,1.0,3.0,1.0,3.0,3.0,0.0,1158.684,1382.243,91.836,40.313,37.138,9.846,0.0,0.0
179,1.0,3.0,1.0,4.0,4.0,0.0,714.143,1396.057,115.084,38.783,38.513,9.987,0.0,0.0
180,1.0,3.0,1.0,5.0,8.0,0.0,1100.112,1496.739,102.133,38.344,38.273,9.824,0.0,0.0
181,1.0,3.0,1.0,6.0,9.0,0.0,676.281,1606.675,95.524,38.786,38.36,9.892,0.0,0.0
182,1.0,3.0,1.0,7.0,10.0,0.0,1094.478,1615.691,116.151,39.405,39.118,9.993,0.0,0.0
183,2.0,3.0,1.0,0.0,1.0,0.0,1735.452,1402.458,95.098,39.59,35.849,9.732,0.0,0.0
184,2.0,3.0,1.0,1.0,2.0,0.0,1669.067,1438.315,-20.626,38.653,38.435,9.96,0.0,0.0
185,2.0,3.0,1.0,2.0,3.0,0.0,1264.102,1457.967,77.869,33.495,33.001,8.792,0.0,0.0
186,2.0,3.0,1.0,3.0,5.0,0.0,1434.812,1488.227,106.652,38.205,38.037,9.851,0.0,0.0
187,3.0,3.0,1.0,0.0,1.0,0.0,2236.313,1338.926,48.24,38.646,38.364,9.95,0.0,0.0
188,3.0,3.0,1.0,1.0,3.0,0.0,1868.574,1406.162,58.796,38.548,38.43,9.946,0.0,0.0
189,3.0,3.0,1.0,2.0,7.0,0.0,2040.19,1637.207,133.79,38.694,37.228,9.808,0.0,0.0
190,3.0,3.0,1.0,3.0,8.0,0.0,2177.15,1642.579,-3.846,41.232,30.92,9.239,0.0,0.0
191,4.0,3.0,1.0,0.0,3.0,0.0,2395.952,1311.974,76.244,38.189,37.958,9.838,0.0,0.0
192,4.0,3.0,1.0,1.0,4.0,0.0,2764.411,1364.962,69.759,38.956,38.46,9.926,0.0,0.0
193,4.0,3.0,1.0,2.0,5.0,0.0,2581.514,1415.392,109.685,38.278,37.907,9.843,0.0,0.0
195,4.0,3.0,1.0,4.0,6.0,0.0,2642.575,1571.765,107.778,39.2,38.185,9.851,0.0,0.0
196,5.0,3.0,1.0,0.0,2.0,0.0,3318.114,1291.737,-2.995,37.667,37.496,9.787,0.0,0.0
197,5.0,3.0,1.0,1.0,3.0,0.0,3164.949,1336.296,65.177,39.075,38.77,9.981,0.0,0.0
198,5.0,3.0,1.0,2.0,5.0,0.0,3378.245,1437.43,13.924,39.017,38.728,9.969,0.0,0.0
199,5.0,3.0,1.0,3.0,9.0,0.0,3192.078,1598.197,56.898,38.729,38.262,9.947,0.0,0.0
200,5.0,3.0,1.0,4.0,11.0,0.0,3071.905,1622.047,101.757,38.992,38.449,9.929,0.0,0.0
201,6.0,3.0,1.0,0.0,1.0,0.0,3736.964,1362.72,53.716,38.162,37.944,9.909,0.0,0.0
202,6.0,3.0,1.0,1.0,2.0,0.0,3961.27,1371.847,1.815,38.94,38.832,9.972,0.0,0.0
203,6.0,3.0,1.0,2.0,3.0,0.0,3485.949,1380.334,58.504,38.396,38.175,9.893,0.0,0.0
204,6.0,3.0,1.0,3.0,4.0,0.0,3596.187,1386.73,33.419,38.657,38.551,9.975,0.0,0.0
205,6.0,3.0,1.0,4.0,7.0,0.0,3540.073,1507.882,118.41,38.268,38.143,9.873,0.0,0.0
206,6.0,3.0,1.0,5.0,8.0,0.0,3922.91,1639.193,-3.252,40.692,36.823,9.714,0.0,0.0
207,6.0,3.0,1.0,6.0,9.0,0.0,3844.693,1645.098,-5.913,41.924,26.345,9.465,0.0,0.0
208,7.0,3.0,1.0,0.0,0.0,0.0,4224.202,1343.764,79.038,38.646,38.498,9.967,0.0,0.0
209,7.0,3.0,1.0,1.0,1.0,0.0,4440.469,1381.223,34.718,38.908,38.636,9.943,0.0,0.0
210,8.0,3.0,1.0,0.0,1.0,0.0,4888.915,1292.92,120.033,38.602,38.531,9.966,0.0,0.0
211,8.0,3.0,1.0,1.0,3.0,0.0,4956.397,1528.706,18.86,38.069,37.219,9.107,0.0,0.0
212,9.0,3.0,1.0,0.0,0.0,0.0,5213.064,1364.833,51.053,38.485,38.031,9.886,0.0,0.0
213,9.0,3.0,1.0,1.0,1.0,0.0,5721.672,1524.353,22.242,39.371,39.074,9.983,0.0,0.0
214,9.0,3.0,1.0,2.0,2.0,0.0,5502.999,1562.256,93.094,38.637,38.394,9.877,0.0,0.0
215,0.0,4.0,1.0,0.0,4.0,0.0,353.909,1803.972,40.093,38.066,37.907,9.892,0.0,0.0
216,0.0,4.0,1.0,1.0,8.0,0.0,397.337,2002.719,131.778,38.801,38.701,9.937,0.0,0.0
217,0.0,4.0,1.0,2.0,9.0,0.0,450.006,2049.256,-4.263,39.721,33.402,9.365,0.0,0.0
218,1.0,4.0,1.0,0.0,2.0,0.0,1056.513,1722.55,112.113,39.142,38.835,9.998,0.0,0.0
219,1.0,4.0,1.0,1.0,3.0,0.0,1055.291,1809.429,52.735,38.864,38.559,9.927,0.0,0.0
220,1.0,4.0,1.0,2.0,4.0,0.0,618.261,1880.238,-22.204,37.968,37.637,9.845,0.0,0.0
221,1.0,4.0,1.0,3.0,5.0,0.0,683.148,1919.485,130.261,38.307,37.941,9.851,0.0,0.0
222,1.0,4.0,1.0,4.0,6.0,0.0,831.188,1935.967,-38.999,38.302,37.885,9.843,0.0,0.0
223,1.0,4.0,1.0,5.0,7.0,0.0,729.478,1978.605,39.077,38.413,38.244,9.829,0.0,0.0
224,2.0,4.0,1.0,0.0,0.0,0.0,1507.86,1751.834,27.944,38.232,38.01,9.851,0.0,0.0
225,2.0,4.0,1.0,1.0,2.0,0.0,1735.039,1891.901,93.686,39.156,36.502,9.695,0.0,0.0
226,2.0,4.0,1.0,2.0,3.0,0.0,1503.283,1970.479,67.957,38.352,38.167,9.886,0.0,0.0
227,2.0,4.0,1.0,3.0,4.0,0.0,1386.94,1987.365,-35.909,38.478,38.343,9.85,0.0,0.0
228,2.0,4.0,1.0,4.0,5.0,0.0,1599.585,2023.027,65.118,39.122,38.672,9.975,0.0,0.0
229,3.0,4.0,1.0,0.0,2.0,0.0,2014.356,1729.265,79.314,38.557,38.195,9.916,0.0,0.0
230,3.0,4.0,1.0,1.0,3.0,0.0,2133.292,1753.216,-44.569,38.564,38.151,9.913,0.0,0.0
231,3.0,4.0,1.0,2.0,5.0,0.0,1901.218,1896.774,115.004,38.739,38.303,9.954,0.0,0.0
232,3.0,4.0,1.0,3.0,6.0,0.0,2218.682,1923.043,43.916,38.924,38.668,9.949,0.0,0.0
233,3.0,4.0,1.0,4.0,7.0,0.0,1874.13,1992.346,-7.394,38.679,38.447,9.965,0.0,0.0
234,4.0,4.0,1.0,0.0,0.0,0.0,2578.533,1692.224,-30.828,38.589,38.511,9.886,0.0,0.0
235,4.0,4.0,1.0,1.0,1.0,0.0,2652.624,1693.646,128.371,38.438,36.781,8.906,0.0,0.0
236,4.0,4.0,1.0,2.0,3.0,0.0,2639.484,1785.022,-31.728,38.302,37.885,9.843,0.0,0.0
237,4.0,4.0,1.0,3.0,5.0,0.0,2401.742,1890.439,131.422,38.446,38.306,9.917,0.0,0.0
238,5.0,4.0,1.0,0.0,2.0,0.0,2982.406,1714.55,55.838,38.456,38.101,9.892,0.0,0.0
239,5.0,4.0,1.0,1.0,3.0,0.0,2900.666,1729.96,26.638,38.87,38.426,9.911,0.0,0.0
240,5.0,4.0,1.0,2.0,4.0,0.0,3432.12,1817.099,32.214,38.964,38.875,9.981,0.0,0.0
241,5.0,4.0,1.0,3.0,5.0,0.0,3213.167,1849.258,27.765,37.936,37.647,9.842,0.0,0.0
242,5.0,4.0,1.0,4.0,6.0,0.0,3252.125,1933.948,-12.758,38.021,37.854,9.803,0.0,0.0
243,5.0,4.0,1.0,5.0,7.0,0.0,2901.459,1940.605,-11.737,38.822,38.729,9.944,0.0,0.0
244,6.0,4.0,1.0,0.0,2.0,0.0,3624.561,1744.278,-0.608,38.212,38.171,9.869,0.0,0.0
245,6.0,4.0,1.0,1.0,3.0,0.0,3902.186,1786.81,88.236,38.464,38.064,9.888,0.0,0.0
246,6.0,4.0,1.0,2.0,4.0,0.0,3783.657,1796.702,108.493,38.156,36.872,9.849,0.0,0.0
247,6.0,4.0,1.0,3.0,5.0,0.0,3626.658,1851.398,14.547,38.65,38.311,9.944,0.0,0.0
248,6.0,4.0,1.0,4.0,6.0,0.0,3609.793,1966.962,110.355,39.029,38.776,9.976,0.0,0.0
250,8.0,4.0,1.0,0.0,0.0,0.0,4892.762,1724.184,86.927,38.375,38.21,9.895,0.0,0.0
251,8.0,4.0,1.0,1.0,2.0,0.0,4822.743,1748.911,55.528,38.064,37.955,9.822,0.0,0.0
252,8.0,4.0,1.0,2.0,3.0,0.0,5050.833,1785.266,120.816,38.636,38.323,9.943,0.0,0.0
253,8.0,4.0,1.0,3.0,4.0,0.0,5106.067,1806.183,10.006,38.444,38.381,9.926,0.0,0.0
254,8.0,4.0,1.0,4.0,5.0,0.0,4942.93,1889.826,125.245,37.13,37.032,9.733,0.0,0.0
255,9.0,4.0,1.0,0.0,0.0,0.0,5676.843,1663.226,127.289,38.728,38.219,9.942,0.0,0.0
257,9.0,4.0,1.0,2.0,3.0,0.0,5559.007,1776.027,106.419,38.155,37.958,9.91,0.0,0.0
258,9.0,4.0,1.0,3.0,6.0,0.0,5703.314,1895.317,-11.751,38.235,38.062,9.858,0.0,0.0
259,9.0,4.0,1.0,4.0,7.0,0.0,5618.639,1928.545,127.729,38.465,37.905,9.791,0.0,0.0
260,0.0,5.0,1.0,0.0,1.0,0.0,313.064,2066.961,28.174,38.282,38.164,9.877,0.0,0.0
261,0.0,5.0,1.0,1.0,2.0,0.0,298.395,2191.741,23.077,38.076,38.003,9.906,0.0,0.0
262,0.0,5.0,1.0,2.0,3.0,0.0,137.9,2215.446,27.538,38.861,38.741,9.95,0.0,0.0
263,0.0,5.0,1.0,3.0,4.0,0.0,76.475,2238.455,123.005,40.04,38.186,9.884,0.0,0.0
264,0.0,5.0,1.0,4.0,5.0,0.0,281.1,2321.938,-34.286,37.97,37.778,9.787,0.0,0.0
265,0.0,5.0,1.0,5.0,6.0,0.0,215.176,2407.943,-41.086,38.343,38.128,9.88,0.0,0.0
266,0.0,5.0,1.0,6.0,8.0,0.0,142.807,2459.875,-3.121,41.057,29.016,9.672,0.0,0.0
267,0.0,5.0,1.0,7.0,9.0,0.0,359.541,2459.895,-7.119,40.784,27.848,9.12,0.0,0.0
268,1.0,5.0,1.0,0.0,3.0,0.0,804.313,2283.343,91.537,38.183,38.097,9.932,0.0,0.0
269,1.0,5.0,1.0,1.0,5.0,0.0,963.552,2385.19,111.108,38.515,38.094,9.898,0.0,0.0
270,1.0,5.0,1.0,2.0,6.0,0.0,667.987,2409.86,100.834,39.188,37.917,9.885,0.0,0.0
272,2.0,5.0,1.0,0.0,1.0,0.0,1299.122,2098.494,28.127,38.148,38.03,9.919,0.0,0.0
273,2.0,5.0,1.0,1.0,2.0,0.0,1173.284,2168.33,37.996,38.48,38.279,9.918,0.0,0.0
274,2.0,5.0,1.0,2.0,3.0,0.0,1195.536,2267.103,-23.087,38.694,38.228,9.939,0.0,0.0
275,2.0,5.0,1.0,3.0,4.0,0.0,1586.023,2274.442,115.263,38.491,38.428,9.938,0.0,0.0
276,2.0,5.0,1.0,4.0,5.0,0.0,1708.931,2292.63,89.724,38.224,38.15,9.868,0.0,0.0
277,2.0,5.0,1.0,5.0,6.0,0.0,1308.934,2319.92,40.742,39.387,39.116,9.99,0.0,0.0
278,2.0,5.0,1.0,6.0,7.0,0.0,1360.518,2331.625,31.267,39.041,38.672,9.964,0.0,0.0
279,2.0,5.0,1.0,7.0,8.0,0.0,1331.459,2406.266,90.879,39.454,39.134,9.856,0.0,0.0
280,2.0,5.0,1.0,8.0,10.0,0.0,1360.971,2454.181,-0.962,38.884,37.42,9.784,0.0,0.0
283,3.0,5.0,1.0,0.0,0.0,0.0,2312.56,2075.827,89.421,40.319,34.052,9.51,0.0,0.0
284,3.0,5.0,1.0,1.0,1.0,0.0,1847.801,2127.833,-35.019,38.186,38.082,9.931,0.0,0.0
285,3.0,5.0,1.0,2.0,2.0,0.0,2278.524,2128.353,104.852,39.178,38.757,9.992,0.0,0.0
286,3.0,5.0,1.0,3.0,4.0,0.0,1783.325,2225.148,55.134,38.245,38.099,9.864,0.0,0.0
287,3.0,5.0,1.0,4.0,6.0,0.0,2204.402,2278.24,-34.114,38.199,38.029,9.926,0.0,0.0
288,3.0,5.0,1.0,5.0,7.0,0.0,2303.793,2299.746,115.51,39.824,38.956,9.951,0.0,0.0
289,3.0,5.0,1.0,6.0,8.0,0.0,2227.865,2339.971,-9.721,39.407,38.977,9.902,0.0,0.0
290,3.0,5.0,1.0,7.0,9.0,0.0,2285.116,2352.234,-33.732,39.254,39.166,9.98,0.0,0.0
291,4.0,5.0,1.0,0.0,1.0,0.0,2591.966,2216.584,37.386,37.808,37.588,9.817,0.0,0.0
292,4.0,5.0,1.0,1.0,2.0,0.0,2366.469,2226.404,20.107,38.326,38.132,9.879,0.0,0.0
293,4.0,5.0,1.0,2.0,3.0,0.0,2886.932,2242.351,92.363,39.461,36.511,9.732,0.0,0.0
294,4.0,5.0,1.0,3.0,4.0,0.0,2466.356,2247.646,-21.621,39.042,38.884,9.992,0.0,0.0
295,4.0,5.0,1.0,4.0,7.0,0.0,2553.205,2342.71,33.121,38.176,38.028,9.846,0.0,0.0
296,4.0,5.0,1.0,5.0,8.0,0.0,2881.111,2400.126,-21.897,35.654,35.305,9.464,0.0,0.0
298,5.0,5.0,1.0,0.0,0.0,0.0,3366.147,2064.319,0.479,38.593,38.419,9.95,0.0,0.0
299,5.0,5.0,1.0,1.0,1.0,0.0,3272.194,2087.584,90.967,38.525,37.977,9.884,0.0,0.0
300,5.0,5.0,1.0,2.0,2.0,0.0,3418.351,2130.18,125.64,38.478,38.119,9.897,0.0,0.0
301,5.0,5.0,1.0,3.0,4.0,0.0,3287.821,2247.387,112.711,38.177,37.852,9.747,0.0,0.0
302,5.0,5.0,1.0,4.0,5.0,0.0,2987.525,2268.019,-6.613,38.331,37.839,9.842,0.0,0.0
303,6.0,5.0,1.0,0.0,1.0,0.0,3882.836,2083.904,-30.69,39.017,38.781,9.975,0.0,0.0
304,6.0,5.0,1.0,1.0,2.0,0.0,3813.107,2148.118,69.122,38.427,38.101,9.887,0.0,0.0
306,6.0,5.0,1.0,3.0,4.0,0.0,3534.996,2186.741,9.315,39.024,38.863,9.987,0.0,0.0
307,6.0,5.0,1.0,4.0,5.0,0.0,3864.037,2204.193,61.883,37.765,37.678,9.823,0.0,0.0
308,6.0,5.0,1.0,5.0,6.0,0.0,3561.047,2248.177,-15.068,38.362,38.219,9.894,0.0,0.0
309,6.0,5.0,1.0,6.0,9.0,0.0,3583.776,2348.459,105.706,38.954,38.828,9.973,0.0,0.0
310,6.0,5.0,1.0,7.0,10.0,0.0,3826.529,2398.476,122.195,38.609,38.276,9.934,0.0,0.0
311,7.0,5.0,1.0,0.0,1.0,0.0,4347.187,2061.537,101.463,38.785,38.551,9.992,0.0,0.0
312,7.0,5.0,1.0,1.0,2.0,0.0,4151.103,2072.766,76.798,38.706,38.369,9.958,0.0,0.0
313,7.0,5.0,1.0,2.0,3.0,0.0,4229.294,2102.066,86.077,38.221,38.003,9.925,0.0,0.0
314,7.0,5.0,1.0,3.0,5.0,0.0,4191.636,2178.352,75.76,38.983,38.647,9.88,0.0,0.0
315,7.0,5.0,1.0,4.0,6.0,0.0,4143.1,2203.038,22.605,38.982,38.645,9.954,0.0,0.0
316,7.0,5.0,1.0,5.0,7.0,0.0,4223.778,2209.257,79.589,38.556,38.475,9.953,0.0,0.0
317,7.0,5.0,1.0,6.0,8.0,0.0,4261.897,2279.549,110.855,38.527,38.38,9.861,0.0,0.0
318,7.0,5.0,1.0,7.0,10.0,0.0,4314.659,2312.124,97.385,37.765,37.592,9.736,0.0,0.0
320,7.0,5.0,1.0,9.0,12.0,0.0,4592.955,2375.39,8.128,39.243,38.994,9.957,0.0,0.0
321,8.0,5.0,1.0,0.0,0.0,0.0,5010.536,2130.634,78.423,38.328,38.059,9.869,0.0,0.0
322,8.0,5.0,1.0,1.0,1.0,0.0,4850.159,2157.406,117.871,38.718,38.294,9.95,0.0,0.0
323,8.0,5.0,1.0,2.0,2.0,0.0,4875.453,2209.197,30.127,38.234,37.978,9.847,0.0,0.0
324,8.0,5.0,1.0,3.0,4.0,0.0,5082.189,2291.484,108.014,38.702,38.607,9.989,0.0,0.0
327,8.0,5.0,1.0,6.0,6.0,0.0,4811.734,2304.43,-9.527,38.757,38.319,9.882,0.0,0.0
328,8.0,5.0,1.0,7.0,7.0,0.0,4644.403,2307.941,-2.874,39.033,38.563,9.95,0.0,0.0
329,8.0,5.0,1.0,8.0,8.0,0.0,4705.208,2359.856,-29.132,38.768,38.58,9.994,0.0,0.0
330,8.0,5.0,1.0,9.0,10.0,0.0,4746.676,2438.392,-29.73,38.786,38.651,9.929,0.0,0.0
331,9.0,5.0,1.0,0.0,0.0,0.0,5370.901,2068.143,55.666,38.487,38.287,9.919,0.0,0.0
332,9.0,5.0,1.0,1.0,1.0,0.0,5559.253,2074.452,120.327,38.096,37.994,9.908,0.0,0.0
333,9.0,5.0,1.0,2.0,2.0,0.0,5686.472,2086.545,69.603,38.547,38.328,9.932,0.0,0.0
334,9.0,5.0,1.0,3.0,3.0,0.0,5311.167,2163.484,115.012,38.265,38.07,9.787,0.0,0.0
335,9.0,5.0,1.0,4.0,4.0,0.0,5386.518,2174.696,121.758,38.834,36.924,8.786,0.0,0.0
336,9.0,5.0,1.0,5.0,6.0,0.0,5655.495,2222.708,40.655,38.366,38.268,9.901,0.0,0.0
337,9.0,5.0,1.0,6.0,7.0,0.0,5220.124,2232.148,-1.232,38.754,38.733,9.935,0.0,0.0
338,9.0,5.0,1.0,7.0,8.0,0.0,5552.343,2238.601,134.039,37.931,37.82,9.787,0.0,0.0
339,9.0,5.0,1.0,8.0,9.0,0.0,5462.325,2324.661,-34.152,38.552,38.307,9.931,0.0,0.0
340,9.0,5.0,1.0,9.0,10.0,0.0,5510.859,2355.59,43.054,37.929,37.617,9.837,0.0,0.0
341,9.0,5.0,1.0,10.0,11.0,0.0,5616.263,2372.793,96.401,38.813,38.319,9.89,0.0,0.0
342,9.0,5.0,1.0,11.0,13.0,0.0,5536.629,2440.651,48.804,38.918,38.868,9.974,0.0,0.0
343,0.0,6.0,1.0,0.0,2.0,0.0,64.586,2598.569,96.045,38.509,38.247,9.917,0.0,0.0
344,0.0,6.0,1.0,1.0,4.0,0.0,559.427,2645.324,65.528,38.949,38.683,9.954,0.0,0.0
345,0.0,6.0,1.0,2.0,5.0,0.0,319.929,2655.579,134.1,37.692,37.399,9.777,0.0,0.0
346,0.0,6.0,1.0,3.0,7.0,0.0,94.068,2794.976,67.098,38.54,38.267,9.923,0.0,0.0
347,1.0,6.0,1.0,0.0,1.0,0.0,921.346,2553.086,117.373,38.1,37.891,9.818,0.0,0.0
348,1.0,6.0,1.0,1.0,2.0,0.0,818.621,2557.1,76.1,37.854,37.614,9.827,0.0,0.0
349,1.0,6.0,1.0,2.0,3.0,0.0,991.949,2604.373,113.872,38.328,38.193,9.887,0.0,0.0
350,2.0,6.0,1.0,0.0,2.0,0.0,1437.27,2493.605,68.619,38.294,38.137,9.875,0.0,0.0
351,2.0,6.0,1.0,1.0,3.0,0.0,1528.507,2532.657,108.05,38.737,38.524,9.982,0.0,0.0
352,2.0,6.0,1.0,2.0,4.0,0.0,1241.546,2610.915,109.945,38.35,38.24,9.896,0.0,0.0
353,2.0,6.0,1.0,3.0,6.0,0.0,1648.749,2653.243,14.222,38.675,38.54,9.901,0.0,0.0
354,2.0,6.0,1.0,4.0,7.0,0.0,1184.959,2706.553,-21.626,39.283,39.083,9.973,0.0,0.0
355,3.0,6.0,1.0,0.0,0.0,0.0,1854.827,2522.978,92.072,38.756,38.639,9.924,0.0,0.0
356,3.0,6.0,1.0,1.0,1.0,0.0,2147.677,2525.991,103.284,37.993,37.829,9.873,0.0,0.0
357,3.0,6.0,1.0,2.0,2.0,0.0,2035.145,2559.629,130.538,37.779,37.441,9.794,0.0,0.0
358,3.0,6.0,1.0,3.0,3.0,0.0,2237.563,2617.291,109.718,38.556,38.372,9.939,0.0,0.0
359,3.0,6.0,1.0,4.0,6.0,0.0,2312.358,2689.21,92.127,40.523,34.607,9.541,0.0,0.0
360,3.0,6.0,1.0,5.0,8.0,0.0,2100.087,2757.617,13.507,38.457,38.306,9.918,0.0,0.0
361,3.0,6.0,1.0,6.0,9.0,0.0,1929.849,2791.808,123.998,38.561,38.258,9.925,0.0,0.0
362,3.0,6.0,1.0,7.0,11.0,0.0,2110.512,2830.688,70.804,38.605,38.437,9.954,0.0,0.0
363,3.0,6.0,1.0,8.0,12.0,0.0,1987.964,2840.679,-22.164,39.015,38.792,9.976,0.0,0.0
365,4.0,6.0,1.0,1.0,0.0,0.0,2892.0,2515.709,90.786,44.5,26.097,8.839,0.0,0.0
367,4.0,6.0,1.0,3.0,5.0,0.0,2513.841,2696.858,98.926,38.648,38.416,9.881,0.0,0.0
368,5.0,6.0,1.0,0.0,1.0,0.0,2971.192,2575.586,102.003,39.052,38.879,9.917,0.0,0.0
369,5.0,6.0,1.0,1.0,3.0,0.0,3410.374,2589.517,45.874,38.816,38.585,9.924,0.0,0.0
370,5.0,6.0,1.0,2.0,4.0,0.0,3355.824,2597.4,125.45,39.265,39.096,9.972,0.0,0.0
371,5.0,6.0,1.0,3.0,5.0,0.0,2940.873,2607.376,-28.162,38.891,38.73,9.953,0.0,0.0
372,5.0,6.0,1.0,4.0,7.0,0.0,3123.691,2770.256,-3.774,38.555,38.349,9.936,0.0,0.0
373,5.0,6.0,1.0,5.0,8.0,0.0,3331.325,2773.876,90.33,38.405,38.053,9.879,0.0,0.0
374,5.0,6.0,1.0,6.0,9.0,0.0,2906.531,2857.284,78.337,39.104,38.766,9.91,0.0,0.0
375,6.0,6.0,1.0,0.0,1.0,0.0,3799.41,2821.331,93.247,39.07,38.206,9.761,0.0,0.0
376,7.0,6.0,1.0,0.0,1.0,0.0,4460.302,2537.948,20.765,38.489,38.279,9.843,0.0,0.0
377,7.0,6.0,1.0,1.0,4.0,0.0,4503.713,2584.35,129.376,38.727,38.191,9.863,0.0,0.0
378,7.0,6.0,1.0,2.0,6.0,0.0,4242.479,2634.794,34.85,38.755,38.465,9.901,0.0,0.0
379,7.0,6.0,1.0,3.0,7.0,0.0,4619.459,2692.99,92.278,42.039,28.358,9.047,0.0,0.0
380,7.0,6.0,1.0,4.0,9.0,0.0,4244.449,2724.775,8.209,38.749,38.335,9.96,0.0,0.0
381,7.0,6.0,1.0,5.0,11.0,0.0,4370.254,2757.503,14.614,38.308,38.242,9.89,0.0,0.0
382,8.0,6.0,1.0,0.0,1.0,0.0,4876.319,2499.25,108.438,38.262,37.906,9.841,0.0,0.0
383,8.0,6.0,1.0,1.0,3.0,0.0,4969.269,2545.699,93.301,38.919,38.804,9.966,0.0,0.0
384,8.0,6.0,1.0,2.0,4.0,0.0,4731.302,2546.323,44.458,37.842,37.662,9.831,0.0,0.0
385,8.0,6.0,1.0,3.0,5.0,0.0,4633.592,2553.084,79.837,37.766,37.599,9.813,0.0,0.0
386,8.0,6.0,1.0,4.0,6.0,0.0,5072.063,2616.967,-15.072,38.193,37.883,9.906,0.0,0.0
387,8.0,6.0,1.0,5.0,9.0,0.0,5119.759,2721.454,114.216,38.729,38.456,9.972,0.0,0.0
388,8.0,6.0,1.0,6.0,10.0,0.0,4869.975,2785.413,125.477,38.259,38.171,9.8,0.0,0.0
389,8.0,6.0,1.0,7.0,11.0,0.0,4689.391,2788.474,-12.181,38.691,38.345,9.954,0.0,0.0
390,9.0,6.0,1.0,0.0,1.0,0.0,5449.786,2487.772,93.05,38.158,37.398,9.609,0.0,0.0
391,9.0,6.0,1.0,1.0,2.0,0.0,5647.466,2492.673,114.548,38.972,38.23,9.899,0.0,0.0
392,9.0,6.0,1.0,2.0,3.0,0.0,5258.002,2495.219,102.209,38.333,38.027,9.866,0.0,0.0
393,9.0,6.0,1.0,3.0,5.0,0.0,5251.087,2603.949,26.549,38.92,38.55,9.933,0.0,0.0
394,9.0,6.0,1.0,4.0,7.0,0.0,5580.541,2624.953,116.003,37.981,37.913,9.882,0.0,0.0
395,9.0,6.0,1.0,5.0,8.0,0.0,5611.63,2676.051,129.706,38.229,38.014,9.851,0.0,0.0
396,9.0,6.0,1.0,6.0,10.0,0.0,5236.373,2760.013,108.472,38.706,38.595,9.911,0.0,0.0
397,9.0,6.0,1.0,7.0,11.0,0.0,5404.302,2810.199,87.874,38.927,38.841,9.971,0.0,0.0
398,9.0,6.0,1.0,8.0,12.0,0.0,5619.279,2851.966,129.029,39.578,39.198,9.878,0.0,0.0
399,0.0,7.0,1.0,0.0,0.0,0.0,253.357,2900.311,114.116,37.881,36.358,9.609,0.0,0.0
400,0.0,7.0,1.0,1.0,1.0,0.0,556.781,2920.041,-27.401,38.465,38.365,9.927,0.0,0.0
401,0.0,7.0,1.0,2.0,3.0,0.0,304.226,2985.146,34.525,38.6,38.107,9.911,0.0,0.0
402,0.0,7.0,1.0,3.0,4.0,0.0,99.443,2987.098,-34.133,38.355,38.084,9.953,0.0,0.0
403,0.0,7.0,1.0,4.0,5.0,0.0,327.852,3021.55,113.59,38.458,38.329,9.921,0.0,0.0
404,0.0,7.0,1.0,5.0,6.0,0.0,246.392,3022.899,-33.79,38.295,38.197,9.883,0.0,0.0
405,0.0,7.0,1.0,6.0,7.0,0.0,460.996,3067.354,64.148,38.392,38.286,9.907,0.0,0.0
406,0.0,7.0,1.0,7.0,8.0,0.0,186.799,3075.736,131.766,37.983,37.653,9.848,0.0,0.0
407,0.0,7.0,1.0,8.0,9.0,0.0,34.108,3096.053,-19.943,38.485,38.291,9.92,0.0,0.0
408,0.0,7.0,1.0,9.0,10.0,0.0,396.255,3212.858,-3.118,39.041,38.826,9.984,0.0,0.0
409,1.0,7.0,1.0,0.0,2.0,0.0,614.239,2934.929,34.155,38.588,38.384,9.945,0.0,0.0
410,1.0,7.0,1.0,1.0,3.0,0.0,1112.973,3010.082,117.114,38.703,38.609,9.989,0.0,0.0
411,1.0,7.0,1.0,2.0,4.0,0.0,639.299,3013.113,45.509,39.073,38.704,9.973,0.0,0.0
412,1.0,7.0,1.0,3.0,5.0,0.0,1143.64,3107.693,49.598,39.226,38.933,9.947,0.0,0.0
413,1.0,7.0,1.0,4.0,6.0,0.0,770.773,3167.903,79.1,38.431,38.287,9.912,0.0,0.0
414,1.0,7.0,1.0,5.0,8.0,0.0,765.902,3269.137,-20.42,38.641,38.111,9.917,0.0,0.0
415,2.0,7.0,1.0,0.0,0.0,0.0,1424.997,2877.136,81.694,38.444,38.078,9.887,0.0,0.0
416,2.0,7.0,1.0,1.0,1.0,0.0,1538.146,2900.571,92.33,38.392,38.044,9.875,0.0,0.0
418,2.0,7.0,1.0,3.0,3.0,0.0,1679.002,3009.472,79.583,38.234,38.037,9.854,0.0,0.0
419,2.0,7.0,1.0,4.0,4.0,0.0,1575.592,3085.668,99.586,38.063,37.701,9.789,0.0,0.0
420,2.0,7.0,1.0,5.0,5.0,0.0,1696.002,3098.182,77.514,38.727,38.65,9.921,0.0,0.0
421,2.0,7.0,1.0,6.0,7.0,0.0,1373.937,3114.207,106.925,38.593,38.103,9.834,0.0,0.0
422,2.0,7.0,1.0,7.0,8.0,0.0,1316.316,3203.805,44.283,38.922,38.787,9.964,0.0,0.0
423,2.0,7.0,1.0,8.0,9.0,0.0,1409.607,3244.123,20.145,39.169,38.624,9.901,0.0,0.0
424,3.0,7.0,1.0,0.0,1.0,0.0,2070.126,2908.893,87.725,38.861,38.74,9.95,0.0,0.0
425,3.0,7.0,1.0,1.0,4.0,0.0,2130.769,3004.505,-44.225,38.336,38.103,9.876,0.0,0.0
426,3.0,7.0,1.0,2.0,5.0,0.0,2188.346,3059.665,37.42,38.646,38.375,9.952,0.0,0.0
427,3.0,7.0,1.0,3.0,10.0,0.0,1777.615,3192.56,56.641,38.822,38.674,9.937,0.0,0.0
428,3.0,7.0,1.0,4.0,11.0,0.0,2032.603,3217.489,71.14,38.45,38.243,9.833,0.0,0.0
432,4.0,7.0,1.0,3.0,5.0,0.0,2803.285,2969.685,-27.596,38.309,38.215,9.812,0.0,0.0
443,4.0,7.0,1.0,14.0,14.0,0.0,2535.362,3178.738,92.401,38.826,38.55,9.921,0.0,0.0
444,4.0,7.0,1.0,15.0,16.0,0.0,2747.697,3252.818,49.74,39.231,38.766,9.926,0.0,0.0
445,5.0,7.0,1.0,0.0,1.0,0.0,3404.362,2923.182,-22.755,38.83,38.503,9.992,0.0,0.0
446,5.0,7.0,1.0,1.0,3.0,0.0,3164.943,2959.794,51.95,38.242,38.042,9.856,0.0,0.0
447,5.0,7.0,1.0,2.0,4.0,0.0,3239.529,2977.019,116.435,38.337,38.079,9.873,0.0,0.0
448,5.0,7.0,1.0,3.0,6.0,0.0,3382.88,3081.372,71.009,38.677,38.044,9.912,0.0,0.0
450,5.0,7.0,1.0,5.0,9.0,0.0,3204.693,3154.232,15.182,37.944,37.858,9.794,0.0,0.0
451,5.0,7.0,1.0,6.0,12.0,0.0,3069.2,3239.227,-44.585,39.432,39.027,9.985,0.0,0.0
452,5.0,7.0,1.0,7.0,13.0,0.0,3144.786,3241.332,79.268,38.586,38.375,9.943,0.0,0.0
453,5.0,7.0,1.0,8.0,14.0,0.0,3362.98,3244.435,-15.777,38.429,38.05,9.882,0.0,0.0
454,6.0,7.0,1.0,0.0,0.0,0.0,4044.183,2885.307,90.507,44.142,25.442,8.739,0.0,0.0
455,6.0,7.0,1.0,1.0,1.0,0.0,3981.34,2916.652,108.216,38.711,38.49,9.899,0.0,0.0
456,6.0,7.0,1.0,2.0,2.0,0.0,3874.668,2950.845,-16.249,38.092,37.877,9.815,0.0,0.0
458,6.0,7.0,1.0,4.0,10.0,0.0,3734.021,3249.782,-13.393,38.514,38.19,9.911,0.0,0.0
459,6.0,7.0,1.0,5.0,11.0,0.0,3588.745,3274.485,-2.84,43.877,27.858,8.545,0.0,0.0
461,6.0,7.0,1.0,7.0,12.0,0.0,3803.708,3276.195,7.494,38.946,23.168,9.492,0.0,0.0
462,7.0,7.0,1.0,0.0,3.0,0.0,4531.683,3094.407,70.987,38.478,37.987,9.879,0.0,0.0
465,8.0,7.0,1.0,0.0,0.0,0.0,4820.302,3013.688,58.088,37.772,37.635,9.819,0.0,0.0
466,8.0,7.0,1.0,1.0,1.0,0.0,4776.175,3060.865,58.516,38.685,38.361,9.879,0.0,0.0
467,8.0,7.0,1.0,2.0,2.0,0.0,4702.191,3077.332,-9.878,38.694,38.327,9.952,0.0,0.0
468,8.0,7.0,1.0,3.0,3.0,0.0,4831.923,3093.464,67.125,38.709,38.501,9.9,0.0,0.0
469,8.0,7.0,1.0,4.0,4.0,0.0,4628.531,3138.505,25.528,38.415,38.343,9.917,0.0,0.0
470,8.0,7.0,1.0,5.0,5.0,0.0,4757.575,3178.478,77.971,38.792,38.718,9.938,0.0,0.0
471,8.0,7.0,1.0,6.0,7.0,0.0,4808.733,3233.277,-44.175,38.543,38.475,9.951,0.0,0.0
472,9.0,7.0,1.0,0.0,1.0,0.0,5579.834,2902.248,120.27,38.581,38.278,9.93,0.0,0.0
473,9.0,7.0,1.0,1.0,3.0,0.0,5768.635,3087.645,91.682,40.099,33.989,9.407,0.0,0.0
474,9.0,7.0,1.0,2.0,4.0,0.0,5206.295,3221.658,-32.43,39.529,39.463,9.978,0.0,0.0
475,0.0,8.0,1.0,0.0,0.0,0.0,221.926,3342.817,132.837,38.246,38.016,9.93,0.0,0.0
476,0.0,8.0,1.0,1.0,3.0,0.0,36.052,3624.306,72.053,38.127,38.007,9.837,0.0,0.0
477,0.0,8.0,1.0,2.0,5.0,0.0,296.145,3677.133,-15.554,38.808,38.322,9.89,0.0,0.0
478,1.0,8.0,1.0,0.0,2.0,0.0,1044.593,3501.519,4.672,38.237,38.154,9.87,0.0,0.0
479,1.0,8.0,1.0,1.0,3.0,0.0,910.704,3546.943,-11.198,38.64,37.518,9.614,0.0,0.0
480,1.0,8.0,1.0,2.0,4.0,0.0,1056.584,3572.621,91.341,39.001,38.789,9.974,0.0,0.0
481,1.0,8.0,1.0,3.0,6.0,0.0,829.352,3652.527,27.501,38.859,38.588,9.93,0.0,0.0
482,2.0,8.0,1.0,0.0,0.0,0.0,1278.85,3299.759,82.187,38.552,38.37,9.938,0.0,0.0
483,2.0,8.0,1.0,1.0,1.0,0.0,1387.509,3302.48,59.502,38.229,37.915,9.838,0.0,0.0
484,2.0,8.0,1.0,2.0,2.0,0.0,1688.447,3393.433,27.192,38.676,38.524,9.975,0.0,0.0
485,2.0,8.0,1.0,3.0,3.0,0.0,1586.763,3459.341,29.714,38.794,38.577,9.921,0.0,0.0
486,2.0,8.0,1.0,4.0,4.0,0.0,1336.037,3506.124,29.98,38.095,37.956,9.826,0.0,0.0
487,2.0,8.0,1.0,5.0,5.0,0.0,1510.429,3564.059,-6.345,38.477,38.17,9.903,0.0,0.0
488,3.0,8.0,1.0,0.0,1.0,0.0,2316.908,3411.145,92.051,45.42,23.364,8.839,0.0,0.0
489,3.0,8.0,1.0,1.0,2.0,0.0,1929.614,3416.459,89.363,38.608,38.447,9.956,0.0,0.0
490,3.0,8.0,1.0,2.0,5.0,0.0,1771.361,3527.696,-5.132,38.547,38.356,9.936,0.0,0.0
491,3.0,8.0,1.0,3.0,6.0,0.0,2046.883,3623.015,-19.535,39.233,39.044,9.962,0.0,0.0
492,4.0,8.0,1.0,0.0,2.0,0.0,2575.263,3292.026,70.77,38.73,38.494,9.902,0.0,0.0
493,4.0,8.0,1.0,1.0,4.0,0.0,2593.25,3348.586,90.98,38.337,38.212,9.89,0.0,0.0
494,4.0,8.0,1.0,2.0,6.0,0.0,2514.514,3482.035,116.396,38.651,38.327,9.87,0.0,0.0
495,4.0,8.0,1.0,3.0,7.0,0.0,2333.268,3489.758,3.792,38.367,37.97,9.863,0.0,0.0
496,5.0,8.0,1.0,0.0,2.0,0.0,2929.381,3311.387,79.088,38.484,38.292,9.92,0.0,0.0
497,5.0,8.0,1.0,1.0,3.0,0.0,3089.999,3361.842,68.257,38.309,38.149,9.879,0.0,0.0
499,5.0,8.0,1.0,3.0,4.0,0.0,3467.545,3368.404,90.97,41.605,27.384,8.875,0.0,0.0
500,5.0,8.0,1.0,4.0,5.0,0.0,3348.461,3390.278,25.434,38.623,38.485,9.887,0.0,0.0
501,5.0,8.0,1.0,5.0,6.0,0.0,3106.129,3514.631,125.079,38.634,38.393,9.876,0.0,0.0
502,5.0,8.0,1.0,6.0,7.0,0.0,3061.756,3554.817,41.563,38.779,38.604,9.922,0.0,0.0
503,6.0,8.0,1.0,0.0,2.0,0.0,3802.724,3283.91,49.978,38.173,37.727,9.882,0.0,0.0
504,6.0,8.0,1.0,1.0,5.0,0.0,3772.637,3402.102,134.242,38.501,38.278,9.845,0.0,0.0
505,6.0,8.0,1.0,2.0,6.0,0.0,3829.3,3416.782,121.445,38.426,38.142,9.893,0.0,0.0
506,6.0,8.0,1.0,3.0,7.0,0.0,3537.428,3483.952,-21.064,38.559,38.441,9.949,0.0,0.0
507,6.0,8.0,1.0,4.0,8.0,0.0,3647.224,3586.073,-21.039,38.076,38.044,9.835,0.0,0.0
508,7.0,8.0,1.0,0.0,0.0,0.0,4590.902,3302.692,76.085,38.715,38.299,9.95,0.0,0.0
509,7.0,8.0,1.0,1.0,1.0,0.0,4488.618,3507.086,-39.395,38.585,36.87,8.76,0.0,0.0
510,7.0,8.0,1.0,2.0,2.0,0.0,4360.93,3534.376,-34.142,37.457,37.385,9.745,0.0,0.0
511,7.0,8.0,1.0,3.0,3.0,0.0,4591.558,3539.373,51.404,38.947,38.63,9.947,0.0,0.0
512,8.0,8.0,1.0,0.0,1.0,0.0,4696.056,3373.574,113.129,38.355,38.174,9.888,0.0,0.0
513,8.0,8.0,1.0,1.0,2.0,0.0,4802.421,3445.994,32.772,38.033,37.935,9.815,0.0,0.0
514,8.0,8.0,1.0,2.0,5.0,0.0,4705.467,3530.985,132.034,38.284,38.133,9.873,0.0,0.0
515,9.0,8.0,1.0,0.0,0.0,0.0,5518.287,3289.994,89.898,38.992,38.687,9.96,0.0,0.0
516,9.0,8.0,1.0,1.0,2.0,0.0,5415.468,3508.149,7.68,38.786,38.53,9.914,0.0,0.0
517,9.0,8.0,1.0,2.0,4.0,0.0,5398.925,3550.43,96.099,38.342,37.986,9.861,0.0,0.0
518,0.0,9.0,1.0,0.0,3.0,0.0,243.025,3772.142,33.16,38.633,38.208,9.928,0.0,0.0
519,0.0,9.0,1.0,1.0,4.0,0.0,107.315,3866.271,-27.087,38.812,38.561,9.997,0.0,0.0
520,0.0,9.0,1.0,2.0,5.0,0.0,278.346,3895.635,-4.435,38.357,37.973,9.862,0.0,0.0
521,0.0,9.0,1.0,3.0,6.0,0.0,227.916,3913.055,92.956,38.394,38.068,9.879,0.0,0.0
522,0.0,9.0,1.0,4.0,7.0,0.0,497.749,3964.644,30.72,38.864,38.541,9.925,0.0,0.0
523,0.0,9.0,1.0,5.0,8.0,0.0,130.183,4015.346,123.465,38.544,38.446,9.872,0.0,0.0
524,0.0,9.0,1.0,6.0,10.0,0.0,201.976,4088.36,-2.79,39.84,34.525,9.522,0.0,0.0
525,1.0,9.0,1.0,0.0,0.0,0.0,768.632,3756.418,6.445,38.332,38.224,9.891,0.0,0.0
526,1.0,9.0,1.0,1.0,1.0,0.0,605.5,3764.633,2.135,38.653,38.546,9.975,0.0,0.0
527,1.0,9.0,1.0,2.0,2.0,0.0,853.81,3876.535,125.116,38.68,38.311,9.947,0.0,0.0
528,1.0,9.0,1.0,3.0,4.0,0.0,990.666,3940.459,-27.81,37.734,37.276,9.767,0.0,0.0
530,2.0,9.0,1.0,0.0,2.0,0.0,1340.173,3735.816,83.12,38.643,38.2,9.928,0.0,0.0
531,2.0,9.0,1.0,1.0,3.0,0.0,1718.808,3745.11,109.505,39.365,39.006,9.974,0.0,0.0
532,2.0,9.0,1.0,2.0,4.0,0.0,1714.668,3796.945,-42.457,38.542,38.157,9.91,0.0,0.0
533,2.0,9.0,1.0,3.0,5.0,0.0,1199.344,3808.04,32.255,38.157,37.764,9.886,0.0,0.0
534,2.0,9.0,1.0,4.0,6.0,0.0,1656.602,3855.903,-42.058,38.939,38.664,9.95,0.0,0.0
535,2.0,9.0,1.0,5.0,8.0,0.0,1655.697,3942.223,67.767,38.682,38.536,9.977,0.0,0.0
536,2.0,9.0,1.0,6.0,12.0,0.0,1640.282,4079.993,89.024,39.152,38.989,9.944,0.0,0.0
538,3.0,9.0,1.0,0.0,3.0,0.0,1817.737,4075.458,-37.826,38.664,38.259,9.939,0.0,0.0
539,4.0,9.0,1.0,0.0,1.0,0.0,2697.655,3750.863,23.564,38.611,38.424,9.878,0.0,0.0
540,4.0,9.0,1.0,1.0,3.0,0.0,2629.796,3890.801,107.032,36.405,34.809,9.956,0.0,0.0
541,4.0,9.0,1.0,2.0,4.0,0.0,2523.217,3943.847,99.667,38.432,38.321,9.917,0.0,0.0
542,4.0,9.0,1.0,3.0,5.0,0.0,2377.071,3964.886,128.185,38.132,37.956,9.831,0.0,0.0
543,4.0,9.0,1.0,4.0,6.0,0.0,2570.053,4049.882,-9.627,39.013,38.815,9.905,0.0,0.0
544,5.0,9.0,1.0,0.0,1.0,0.0,3179.125,3823.678,36.489,37.693,37.574,9.801,0.0,0.0
545,5.0,9.0,1.0,1.0,3.0,0.0,3132.196,3838.777,130.174,38.368,37.923,9.857,0.0,0.0
546,5.0,9.0,1.0,2.0,4.0,0.0,3430.017,3880.005,-3.093,39.229,38.645,9.985,0.0,0.0
547,5.0,9.0,1.0,3.0,6.0,0.0,3069.42,4045.565,64.657,39.083,38.526,9.877,0.0,0.0
548,6.0,9.0,1.0,0.0,0.0,0.0,3486.228,3717.972,-34.021,38.495,37.135,9.018,0.0,0.0
549,6.0,9.0,1.0,1.0,1.0,0.0,3706.802,3785.626,94.27,38.572,38.355,9.863,0.0,0.0
550,6.0,9.0,1.0,2.0,2.0,0.0,3755.904,3786.238,-9.82,38.634,38.526,9.893,0.0,0.0
551,6.0,9.0,1.0,3.0,4.0,0.0,3647.013,3955.841,55.532,37.9,37.838,9.862,0.0,0.0
552,6.0,9.0,1.0,4.0,5.0,0.0,3652.139,4024.192,100.946,38.819,38.637,9.932,0.0,0.0
553,7.0,9.0,1.0,0.0,1.0,0.0,4346.595,3762.146,63.135,38.582,38.325,9.861,0.0,0.0
554,7.0,9.0,1.0,1.0,2.0,0.0,4132.062,3861.634,4.205,38.555,38.408,9.944,0.0,0.0
555,7.0,9.0,1.0,2.0,3.0,0.0,4619.003,3899.588,92.289,42.66,28.969,9.207,0.0,0.0
557,7.0,9.0,1.0,4.0,6.0,0.0,4305.947,4031.031,5.286,38.994,38.611,9.951,0.0,0.0
558,7.0,9.0,1.0,5.0,8.0,0.0,4155.861,4056.589,108.786,39.393,39.219,9.93,0.0,0.0
559,8.0,9.0,1.0,0.0,0.0,0.0,4714.203,3692.26,80.628,38.665,37.767,9.874,0.0,0.0
560,8.0,9.0,1.0,1.0,2.0,0.0,5167.787,3713.953,133.485,39.023,38.266,9.837,0.0,0.0
561,8.0,9.0,1.0,2.0,3.0,0.0,5106.796,3740.479,1.771,38.771,38.667,9.929,0.0,0.0
562,8.0,9.0,1.0,3.0,4.0,0.0,4965.748,3882.099,99.753,37.113,36.539,9.666,0.0,0.0
563,8.0,9.0,1.0,4.0,6.0,0.0,4781.959,3905.094,100.925,38.423,38.331,9.917,0.0,0.0
564,8.0,9.0,1.0,5.0,7.0,0.0,4847.56,3948.481,1.943,39.387,38.341,9.894,0.0,0.0
565,8.0,9.0,1.0,6.0,8.0,0.0,4916.28,3961.455,74.114,38.263,38.244,9.885,0.0,0.0
566,9.0,9.0,1.0,0.0,1.0,0.0,5318.382,3709.218,113.309,38.567,36.367,9.769,0.0,0.0
567,9.0,9.0,1.0,1.0,2.0,0.0,5607.92,3724.793,-31.278,39.132,38.771,9.989,0.0,0.0
568,9.0,9.0,1.0,2.0,3.0,0.0,5489.681,3924.55,94.217,38.143,37.838,9.817,0.0,0.0
569,0.0,10.0,1.0,0.0,1.0,0.0,499.691,4112.243,-42.705,38.671,38.314,9.947,0.0,0.0
570,0.0,10.0,1.0,1.0,2.0,0.0,72.241,4161.816,29.008,38.396,38.047,9.877,0.0,0.0
571,0.0,10.0,1.0,2.0,3.0,0.0,240.326,4256.881,14.625,38.704,38.536,9.83,0.0,0.0
572,1.0,10.0,1.0,0.0,2.0,0.0,996.625,4105.572,78.576,38.348,38.172,9.886,0.0,0.0
573,1.0,10.0,1.0,1.0,5.0,0.0,619.782,4193.313,43.89,39.007,38.728,9.968,0.0,0.0
574,1.0,10.0,1.0,2.0,6.0,0.0,692.105,4289.01,5.233,38.947,38.543,9.936,0.0,0.0
575,1.0,10.0,1.0,3.0,8.0,0.0,768.886,4328.018,61.516,38.426,38.215,9.902,0.0,0.0
576,1.0,10.0,1.0,4.0,9.0,0.0,1077.714,4362.18,80.874,39.324,39.117,9.982,0.0,0.0
577,1.0,10.0,1.0,5.0,11.0,0.0,859.592,4498.709,-2.619,41.869,29.763,8.965,0.0,0.0
578,2.0,10.0,1.0,0.0,2.0,0.0,1186.233,4127.99,18.45,39.058,38.851,9.99,0.0,0.0
579,2.0,10.0,1.0,1.0,3.0,0.0,1581.379,4143.232,105.349,38.501,37.986,9.882,0.0,0.0
580,2.0,10.0,1.0,2.0,6.0,0.0,1605.222,4269.947,4.361,38.363,38.224,9.895,0.0,0.0
581,2.0,10.0,1.0,3.0,7.0,0.0,1362.248,4290.284,-13.215,38.984,38.677,9.958,0.0,0.0
582,2.0,10.0,1.0,4.0,8.0,0.0,1707.605,4323.713,-19.406,39.933,39.444,9.955,0.0,0.0
583,2.0,10.0,1.0,5.0,10.0,0.0,1280.427,4421.72,83.583,38.552,38.0,9.815,0.0,0.0
584,3.0,10.0,1.0,0.0,2.0,0.0,1757.87,4167.207,34.826,38.09,37.802,9.806,0.0,0.0
585,3.0,10.0,1.0,1.0,3.0,0.0,1862.913,4174.704,58.386,38.414,37.99,9.872,0.0,0.0
586,3.0,10.0,1.0,2.0,4.0,0.0,2030.674,4237.131,124.084,37.945,37.606,9.837,0.0,0.0
587,3.0,10.0,1.0,3.0,5.0,0.0,1902.524,4249.58,35.307,38.286,37.937,9.848,0.0,0.0
588,3.0,10.0,1.0,4.0,6.0,0.0,1762.854,4321.649,-7.488,38.636,38.561,9.898,0.0,0.0
589,3.0,10.0,1.0,5.0,8.0,0.0,1842.219,4358.037,53.143,39.418,39.091,9.991,0.0,0.0
590,3.0,10.0,1.0,6.0,12.0,0.0,2085.107,4471.6,-1.538,38.623,38.445,9.882,0.0,0.0
591,4.0,10.0,1.0,0.0,0.0,0.0,2684.074,4135.432,37.849,38.13,37.792,9.81,0.0,0.0
592,4.0,10.0,1.0,1.0,1.0,0.0,2849.688,4202.5,118.906,38.766,38.581,9.917,0.0,0.0
593,4.0,10.0,1.0,2.0,2.0,0.0,2786.624,4354.885,106.073,38.435,38.356,9.772,0.0,0.0
594,4.0,10.0,1.0,3.0,3.0,0.0,2504.347,4391.45,-27.742,38.341,38.044,9.869,0.0,0.0
595,4.0,10.0,1.0,4.0,5.0,0.0,2559.096,4423.869,38.525,38.303,37.982,9.856,0.0,0.0
597,5.0,10.0,1.0,1.0,2.0,0.0,3384.118,4219.621,-30.02,39.131,38.89,9.929,0.0,0.0
598,5.0,10.0,1.0,2.0,3.0,0.0,3357.541,4257.802,72.16,39.208,38.837,9.932,0.0,0.0
599,5.0,10.0,1.0,3.0,4.0,0.0,3124.267,4266.621,83.264,38.86,38.381,9.904,0.0,0.0
600,5.0,10.0,1.0,4.0,6.0,0.0,3038.555,4351.056,114.577,38.75,38.577,9.991,0.0,0.0
601,5.0,10.0,1.0,5.0,7.0,0.0,3315.201,4381.023,75.722,38.195,38.072,9.854,0.0,0.0
602,5.0,10.0,1.0,6.0,8.0,0.0,3132.813,4387.637,93.164,38.454,38.271,9.913,0.0,0.0
603,5.0,10.0,1.0,7.0,9.0,0.0,3329.592,4441.191,60.27,39.28,38.929,9.953,0.0,0.0
604,6.0,10.0,1.0,0.0,1.0,0.0,4009.946,4337.72,38.868,38.755,38.176,9.864,0.0,0.0
605,6.0,10.0,1.0,1.0,2.0,0.0,3723.854,4358.815,20.813,38.609,38.385,9.948,0.0,0.0
606,6.0,10.0,1.0,2.0,4.0,0.0,3716.463,4493.29,-2.223,38.636,38.108,9.916,0.0,0.0
607,7.0,10.0,1.0,0.0,0.0,0.0,4425.823,4150.28,-36.095,38.209,37.918,9.836,0.0,0.0
608,7.0,10.0,1.0,1.0,1.0,0.0,4257.108,4173.999,35.727,38.843,38.775,9.952,0.0,0.0
609,7.0,10.0,1.0,2.0,2.0,0.0,4353.015,4200.303,134.294,39.026,38.544,9.946,0.0,0.0
610,7.0,10.0,1.0,3.0,4.0,0.0,4305.713,4315.586,-42.917,37.399,36.899,9.751,0.0,0.0
611,7.0,10.0,1.0,4.0,5.0,0.0,4620.242,4343.578,92.725,42.802,25.297,8.816,0.0,0.0
612,7.0,10.0,1.0,5.0,6.0,0.0,4545.248,4428.844,69.507,39.875,39.647,9.972,0.0,0.0
613,8.0,10.0,1.0,0.0,1.0,0.0,4747.562,4236.063,84.96,38.265,37.891,9.839,0.0,0.0
614,8.0,10.0,1.0,1.0,2.0,0.0,5158.531,4265.007,-19.764,38.464,38.271,9.914,0.0,0.0
615,8.0,10.0,1.0,2.0,4.0,0.0,5196.606,4458.391,95.631,44.227,23.545,8.173,0.0,0.0
616,9.0,10.0,1.0,0.0,1.0,0.0,5653.089,4158.086,108.627,38.099,37.939,9.824,0.0,0.0
617,9.0,10.0,1.0,1.0,2.0,0.0,5442.074,4358.667,70.314,38.102,37.76,9.802,0.0,0.0
618,9.0,10.0,1.0,2.0,3.0,0.0,5582.819,4394.892,22.373,38.659,38.435,9.961,0.0,0.0
619,9.0,10.0,1.0,3.0,4.0,0.0,5380.347,4395.68,62.747,39.016,38.868,9.986,0.0,0.0
620,9.0,10.0,1.0,4.0,5.0,0.0,5533.676,4429.628,95.129,38.504,38.42,9.939,0.0,0.0
622,9.0,10.0,1.0,6.0,8.0,0.0,5358.782,4499.746,11.218,39.466,23.453,9.745,0.0,0.0
623,0.0,11.0,1.0,0.0,0.0,0.0,152.486,4576.079,7.192,38.396,38.094,9.883,0.0,0.0
624,0.0,11.0,1.0,1.0,2.0,0.0,126.468,4654.216,-44.537,38.107,37.914,9.822,0.0,0.0
625,0.0,11.0,1.0,2.0,3.0,0.0,299.439,4793.672,34.713,38.12,37.656,9.791,0.0,0.0
626,0.0,11.0,1.0,3.0,4.0,0.0,577.467,4799.669,36.424,39.414,38.964,9.974,0.0,0.0
627,0.0,11.0,1.0,4.0,6.0,0.0,381.761,4857.653,19.906,39.409,39.345,9.948,0.0,0.0
628,1.0,11.0,1.0,0.0,2.0,0.0,761.691,4561.361,100.052,38.353,38.081,9.875,0.0,0.0
629,1.0,11.0,1.0,1.0,3.0,0.0,620.344,4715.246,42.991,38.245,38.096,9.863,0.0,0.0
630,2.0,11.0,1.0,0.0,0.0,0.0,1607.627,4708.015,76.102,38.317,38.27,9.895,0.0,0.0
631,2.0,11.0,1.0,1.0,1.0,0.0,1445.555,4810.551,-6.292,38.306,38.023,9.862,0.0,0.0
632,2.0,11.0,1.0,2.0,2.0,0.0,1631.357,4849.015,-18.404,39.232,39.003,9.956,0.0,0.0
633,3.0,11.0,1.0,0.0,3.0,0.0,2119.357,4555.162,108.69,38.303,38.149,9.878,0.0,0.0
634,3.0,11.0,1.0,1.0,4.0,0.0,2046.195,4628.812,43.692,37.747,37.551,9.805,0.0,0.0
636,3.0,11.0,1.0,3.0,7.0,0.0,2116.578,4791.205,-9.684,38.501,36.776,9.811,0.0,0.0
637,3.0,11.0,1.0,4.0,8.0,0.0,1871.572,4793.768,95.363,38.635,38.248,9.933,0.0,0.0
638,3.0,11.0,1.0,5.0,9.0,0.0,2154.563,4812.782,7.497,38.575,38.366,9.941,0.0,0.0
639,4.0,11.0,1.0,0.0,0.0,0.0,2664.931,4519.141,-35.019,38.653,38.283,9.791,0.0,0.0
640,4.0,11.0,1.0,1.0,1.0,0.0,2793.018,4670.5,27.148,38.57,38.333,9.861,0.0,0.0
641,4.0,11.0,1.0,2.0,2.0,0.0,2404.442,4744.308,100.971,39.131,38.883,9.928,0.0,0.0
642,4.0,11.0,1.0,3.0,3.0,0.0,2476.193,4754.276,-41.426,39.014,38.843,9.983,0.0,0.0
643,4.0,11.0,1.0,4.0,5.0,0.0,2458.41,4814.322,73.788,38.873,38.46,9.915,0.0,0.0
644,5.0,11.0,1.0,0.0,2.0,0.0,3307.859,4532.096,69.675,38.901,38.538,9.929,0.0,0.0
645,5.0,11.0,1.0,1.0,4.0,0.0,3402.142,4594.736,120.236,38.661,38.458,9.964,0.0,0.0
646,5.0,11.0,1.0,2.0,6.0,0.0,3339.973,4626.967,55.138,38.352,38.011,9.866,0.0,0.0
647,5.0,11.0,1.0,3.0,9.0,0.0,3106.315,4751.682,-35.764,38.127,37.875,9.82,0.0,0.0
648,5.0,11.0,1.0,4.0,10.0,0.0,3469.094,4773.051,93.947,44.539,22.715,8.689,0.0,0.0
649,5.0,11.0,1.0,5.0,11.0,0.0,3394.511,4774.188,78.639,38.786,38.754,9.942,0.0,0.0
650,5.0,11.0,1.0,6.0,14.0,0.0,2958.46,4854.603,120.891,38.435,38.267,9.835,0.0,0.0
651,6.0,11.0,1.0,0.0,2.0,0.0,3977.822,4525.902,100.908,38.936,38.62,9.87,0.0,0.0
652,6.0,11.0,1.0,1.0,4.0,0.0,3734.337,4632.127,71.955,38.515,38.182,9.909,0.0,0.0
653,6.0,11.0,1.0,2.0,5.0,0.0,3955.935,4647.014,40.831,38.925,38.796,9.966,0.0,0.0
654,6.0,11.0,1.0,3.0,6.0,0.0,3677.403,4748.769,67.94,38.557,38.377,9.865,0.0,0.0
655,7.0,11.0,1.0,0.0,0.0,0.0,4371.159,4652.548,38.493,38.377,38.138,9.886,0.0,0.0
656,7.0,11.0,1.0,1.0,2.0,0.0,4601.83,4713.608,29.613,39.366,39.063,9.981,0.0,0.0
657,7.0,11.0,1.0,2.0,3.0,0.0,4559.294,4821.963,26.39,39.636,39.181,9.957,0.0,0.0
658,7.0,11.0,1.0,3.0,4.0,0.0,4526.424,4896.281,17.778,39.22,39.088,9.965,0.0,0.0
659,8.0,11.0,1.0,0.0,1.0,0.0,4995.036,4568.083,60.088,38.827,38.74,9.871,0.0,0.0
660,8.0,11.0,1.0,1.0,2.0,0.0,5186.574,4653.251,60.978,38.765,38.475,9.904,0.0,0.0
661,8.0,11.0,1.0,2.0,5.0,0.0,5050.798,4727.277,70.915,37.759,37.71,9.827,0.0,0.0
662,8.0,11.0,1.0,3.0,6.0,0.0,4892.941,4838.329,71.032,38.867,38.684,9.944,0.0,0.0
663,9.0,11.0,1.0,0.0,2.0,0.0,5335.476,4553.13,28.318,38.73,38.635,9.92,0.0,0.0
664,9.0,11.0,1.0,1.0,3.0,0.0,5550.114,4616.649,94.881,38.629,38.42,9.955,0.0,0.0
665,9.0,11.0,1.0,2.0,4.0,0.0,5658.629,4636.938,83.111,38.804,38.552,9.919,0.0,0.0
666,0.0,12.0,1.0,0.0,0.0,0.0,304.706,5009.991,85.554,38.077,37.809,9.805,0.0,0.0
667,0.0,12.0,1.0,1.0,1.0,0.0,403.862,5077.005,122.935,38.178,37.932,9.834,0.0,0.0
668,0.0,12.0,1.0,2.0,4.0,0.0,124.419,5230.039,106.207,39.0,38.829,9.905,0.0,0.0
670,1.0,12.0,1.0,1.0,1.0,0.0,842.519,5034.586,81.793,38.601,38.282,9.858,0.0,0.0
671,1.0,12.0,1.0,2.0,3.0,0.0,778.114,5232.808,118.642,38.773,38.457,9.902,0.0,0.0
673,2.0,12.0,1.0,0.0,1.0,0.0,1724.097,4928.616,101.673,39.231,38.975,9.952,0.0,0.0
674,2.0,12.0,1.0,1.0,2.0,0.0,1270.711,4943.678,58.691,37.838,37.584,9.821,0.0,0.0
675,2.0,12.0,1.0,2.0,5.0,0.0,1178.705,5067.224,95.228,38.302,38.094,9.796,0.0,0.0
676,2.0,12.0,1.0,3.0,8.0,0.0,1355.399,5227.815,-21.26,38.544,38.323,9.856,0.0,0.0
677,3.0,12.0,1.0,0.0,2.0,0.0,1851.85,4931.35,47.052,38.392,38.267,9.905,0.0,0.0
678,3.0,12.0,1.0,1.0,3.0,0.0,1933.734,4943.482,106.264,38.147,37.961,9.91,0.0,0.0
679,3.0,12.0,1.0,2.0,4.0,0.0,1764.394,4992.606,87.61,39.289,39.085,9.974,0.0,0.0
680,3.0,12.0,1.0,3.0,5.0,0.0,1805.041,5012.735,72.276,38.461,38.017,9.881,0.0,0.0
681,3.0,12.0,1.0,4.0,6.0,0.0,1908.353,5186.912,-26.599,38.703,38.426,9.89,0.0,0.0
682,3.0,12.0,1.0,5.0,7.0,0.0,2070.056,5208.25,-20.754,38.52,38.209,9.839,0.0,0.0
683,3.0,12.0,1.0,6.0,8.0,0.0,1958.189,5215.435,41.86,38.456,38.164,9.9,0.0,0.0
685,4.0,12.0,1.0,0.0,0.0,0.0,2865.247,4979.475,129.789,38.68,38.293,9.945,0.0,0.0
686,4.0,12.0,1.0,1.0,1.0,0.0,2481.529,4980.365,96.89,38.311,38.179,9.883,0.0,0.0
687,4.0,12.0,1.0,2.0,2.0,0.0,2388.082,5007.3,17.167,38.353,37.924,9.856,0.0,0.0
688,4.0,12.0,1.0,3.0,3.0,0.0,2553.284,5008.287,44.264,37.984,37.85,9.798,0.0,0.0
689,4.0,12.0,1.0,4.0,4.0,0.0,2824.172,5031.888,96.07,38.537,38.123,9.905,0.0,0.0
690,4.0,12.0,1.0,5.0,5.0,0.0,2374.159,5070.774,32.136,38.848,38.737,9.948,0.0,0.0
691,4.0,12.0,1.0,6.0,6.0,0.0,2712.333,5074.776,-30.974,37.775,37.308,9.626,0.0,0.0
692,4.0,12.0,1.0,7.0,7.0,0.0,2381.72,5164.889,78.501,38.224,37.937,9.84,0.0,0.0
693,4.0,12.0,1.0,8.0,9.0,0.0,2555.6,5312.368,-3.087,39.975,34.577,9.548,0.0,0.0
694,5.0,12.0,1.0,0.0,0.0,0.0,3295.819,4943.443,-32.854,38.639,38.211,9.929,0.0,0.0
695,5.0,12.0,1.0,1.0,3.0,0.0,3443.642,5134.598,104.553,38.916,38.659,9.947,0.0,0.0
696,5.0,12.0,1.0,2.0,5.0,0.0,2974.558,5193.026,120.383,38.923,38.429,9.918,0.0,0.0
697,6.0,12.0,1.0,0.0,2.0,0.0,3579.175,4957.27,-15.342,38.291,38.174,9.88,0.0,0.0
698,6.0,12.0,1.0,1.0,3.0,0.0,3995.563,4958.943,134.598,39.196,38.958,9.946,0.0,0.0
699,6.0,12.0,1.0,2.0,4.0,0.0,3832.872,5017.528,-17.295,38.369,38.355,9.913,0.0,0.0
700,6.0,12.0,1.0,3.0,5.0,0.0,3618.797,5022.412,-27.41,38.803,38.671,9.934,0.0,0.0
701,6.0,12.0,1.0,4.0,7.0,0.0,3742.958,5141.381,121.82,38.895,38.568,9.859,0.0,0.0
702,7.0,12.0,1.0,0.0,1.0,0.0,4239.629,4976.468,-18.132,38.953,38.767,9.966,0.0,0.0
703,7.0,12.0,1.0,1.0,2.0,0.0,4276.085,5166.526,102.879,38.09,37.734,9.797,0.0,0.0
704,8.0,12.0,1.0,0.0,6.0,0.0,4808.995,5258.232,31.281,39.446,39.129,10.0,0.0,0.0
705,9.0,12.0,1.0,0.0,0.0,0.0,5481.97,4929.541,105.336,38.821,38.268,9.884,0.0,0.0
706,9.0,12.0,1.0,1.0,1.0,0.0,5219.24,5023.375,63.049,39.082,38.686,9.971,0.0,0.0
707,9.0,12.0,1.0,2.0,3.0,0.0,5505.387,5060.791,-38.856,38.166,38.01,9.842,0.0,0.0
708,9.0,12.0,1.0,3.0,5.0,0.0,5759.217,5091.147,101.489,39.185,38.899,9.937,0.0,0.0
709,9.0,12.0,1.0,4.0,6.0,0.0,5232.483,5095.953,-18.551,38.13,38.042,9.842,0.0,0.0
710,9.0,12.0,1.0,5.0,7.0,0.0,5634.722,5107.005,-19.366,37.697,37.49,9.79,0.0,0.0
711,9.0,12.0,1.0,6.0,8.0,0.0,5631.136,5200.105,88.432,39.06,38.609,9.958,0.0,0.0
712,0.0,0.0,1.0,0.0,0.0,0.0,362.733,236.117,-35.72,39.388,38.691,33.164,4.0,
713,1.0,12.0,1.0,0.0,0.0,0.0,774.04,4966.128,-3.174,39.208,38.426,32.975,4.0,
714,2.0,7.0,1.0,0.0,0.0,0.0,1461.561,2970.882,80.56,39.734,39.184,33.569,4.0,
715,3.0,11.0,1.0,0.0,0.0,0.0,2171.475,4709.515,101.996,39.037,38.193,32.83,4.0,
716,4.0,5.0,1.0,0.0,0.0,0.0,2402.302,2428.005,64.392,39.748,39.209,33.564,4.0,
717,5.0,10.0,1.0,0.0,0.0,0.0,3096.567,4186.088,-12.38,39.884,38.954,33.515,4.0,
718,5.0,7.0,1.0,0.0,0.0,0.0,3233.655,3091.718,126.42,39.307,38.443,33.052,4.0,
</ResultDatas>,,,,,,,,,,,,,,
<ElementResult>,,,,,,,,,,,,,,
0,0.0,,,,,,,,,,,,,
1,0.0,,,,,,,,,,,,,
2,0.0,,,,,,,,,,,,,
3,0.0,,,,,,,,,,,,,
4,0.0,,,,,,,,,,,,,
5,665.0,,,,,,,,,,,,,
</ElementResult>,,,,,,,,,,,,,,
0,0.0,0.0,1.0,0.0,1.0,0.0,85.666,29.913,125.202,38.215,37.257,9.127,0.0,0.0
1,0.0,0.0,1.0,1.0,2.0,0.0,268.865,29.87,-42.84,38.266,38.157,9.874,0.0,0.0
2,0.0,0.0,1.0,2.0,3.0,0.0,391.279,67.18,95.968,38.262,37.95,9.772,0.0,0.0
3,0.0,0.0,1.0,3.0,5.0,0.0,465.524,133.691,100.562,38.972,38.663,9.954,0.0,0.0
4,0.0,0.0,1.0,4.0,6.0,0.0,215.845,155.21,96.671,38.12,37.794,9.884,0.0,0.0
5,0.0,0.0,1.0,5.0,7.0,0.0,166.348,275.767,22.352,38.396,38.302,9.91,0.0,0.0
6,0.0,0.0,1.0,6.0,9.0,0.0,207.729,313.163,-4.862,38.909,38.794,9.963,0.0,0.0
7,0.0,0.0,1.0,7.0,10.0,0.0,552.591,327.846,95.271,39.67,39.461,9.996,0.0,0.0
8,0.0,0.0,1.0,8.0,11.0,0.0,304.694,373.843,96.877,38.709,38.294,9.949,0.0,0.0
9,1.0,0.0,1.0,0.0,1.0,0.0,991.647,83.05,6.315,37.865,37.778,9.773,0.0,0.0
10,1.0,0.0,1.0,1.0,4.0,0.0,1058.55,96.4,85.43,38.932,38.565,9.937,0.0,0.0
11,1.0,0.0,1.0,2.0,6.0,0.0,705.952,121.671,79.913,38.087,37.56,9.624,0.0,0.0
12,1.0,0.0,1.0,3.0,8.0,0.0,631.767,207.269,133.439,38.0,37.371,9.737,0.0,0.0
14,1.0,0.0,1.0,5.0,10.0,0.0,882.149,278.887,118.297,38.406,36.634,8.821,0.0,0.0
15,1.0,0.0,1.0,6.0,11.0,0.0,758.317,293.465,127.504,38.932,38.689,9.878,0.0,0.0
16,1.0,0.0,1.0,7.0,12.0,0.0,964.182,339.133,83.147,38.381,38.229,9.898,0.0,0.0
17,1.0,0.0,1.0,8.0,13.0,0.0,728.126,352.736,113.773,38.598,38.382,9.87,0.0,0.0
19,2.0,0.0,1.0,1.0,2.0,0.0,1589.958,62.467,114.765,38.604,38.362,9.944,0.0,0.0
20,2.0,0.0,1.0,2.0,3.0,0.0,1190.971,97.033,17.976,38.174,37.885,9.827,0.0,0.0
21,2.0,0.0,1.0,3.0,7.0,0.0,1639.373,394.905,9.99,38.807,38.515,9.914,0.0,0.0
22,2.0,0.0,1.0,4.0,8.0,0.0,1237.53,417.345,-1.424,40.647,32.755,9.375,0.0,0.0
23,3.0,0.0,1.0,0.0,1.0,0.0,1755.227,22.136,-10.879,38.609,38.434,9.879,0.0,0.0
24,3.0,0.0,1.0,1.0,2.0,0.0,1889.651,30.32,-0.173,38.288,38.003,9.934,0.0,0.0
25,3.0,0.0,1.0,2.0,3.0,0.0,2189.751,43.814,134.14,38.644,38.339,9.946,0.0,0.0
26,3.0,0.0,1.0,3.0,5.0,0.0,2135.222,66.586,104.683,38.428,38.009,9.876,0.0,0.0
27,3.0,0.0,1.0,4.0,6.0,0.0,1766.579,200.542,111.469,38.743,38.481,9.977,0.0,0.0
28,3.0,0.0,1.0,5.0,7.0,0.0,2193.944,288.033,132.922,38.234,37.715,9.889,0.0,0.0
29,3.0,0.0,1.0,6.0,8.0,0.0,2084.129,321.594,56.352,38.449,38.239,9.908,0.0,0.0
30,3.0,0.0,1.0,7.0,9.0,0.0,1904.379,332.064,8.531,37.655,37.449,9.779,0.0,0.0
31,3.0,0.0,1.0,8.0,10.0,0.0,1847.102,382.053,-7.13,38.656,38.629,9.909,0.0,0.0
32,3.0,0.0,1.0,9.0,11.0,0.0,1991.521,420.103,-6.879,42.509,25.537,8.831,0.0,0.0
33,4.0,0.0,1.0,0.0,1.0,0.0,2583.653,139.807,25.128,38.614,38.441,9.956,0.0,0.0
34,4.0,0.0,1.0,1.0,2.0,0.0,2767.078,145.86,80.46,38.686,38.352,9.953,0.0,0.0
35,4.0,0.0,1.0,2.0,4.0,0.0,2347.821,225.276,5.166,39.13,39.031,9.947,0.0,0.0
36,4.0,0.0,1.0,3.0,5.0,0.0,2398.963,240.707,-4.903,38.7,38.326,9.953,0.0,0.0
37,4.0,0.0,1.0,4.0,6.0,0.0,2733.912,305.767,33.544,37.597,37.546,9.784,0.0,0.0
38,4.0,0.0,1.0,5.0,7.0,0.0,2459.589,356.128,128.697,38.208,38.024,9.85,0.0,0.0
39,4.0,0.0,1.0,6.0,8.0,0.0,2594.994,365.276,6.705,38.636,38.346,9.946,0.0,0.0
41,5.0,0.0,1.0,0.0,1.0,0.0,2940.719,94.255,28.216,38.408,38.083,9.808,0.0,0.0
42,5.0,0.0,1.0,1.0,2.0,0.0,3084.939,128.787,92.586,38.503,38.12,9.9,0.0,0.0
43,5.0,0.0,1.0,2.0,3.0,0.0,3312.856,166.657,56.6,37.916,37.552,9.827,0.0,0.0
44,5.0,0.0,1.0,3.0,5.0,0.0,3068.264,275.256,-20.097,38.22,38.082,9.935,0.0,0.0
45,5.0,0.0,1.0,4.0,6.0,0.0,3334.539,306.538,-6.958,38.149,37.882,9.9,0.0,0.0
46,6.0,0.0,1.0,0.0,0.0,0.0,3760.721,63.655,77.586,38.525,38.433,9.943,0.0,0.0
47,6.0,0.0,1.0,1.0,1.0,0.0,3508.53,132.498,76.243,38.358,38.15,9.885,0.0,0.0
48,6.0,0.0,1.0,2.0,2.0,0.0,4012.217,140.337,102.825,39.187,38.933,9.941,0.0,0.0
49,6.0,0.0,1.0,3.0,4.0,0.0,3552.263,178.657,63.892,38.465,38.397,9.931,0.0,0.0
50,6.0,0.0,1.0,4.0,5.0,0.0,3973.569,202.782,130.725,37.72,37.603,9.885,0.0,0.0
51,6.0,0.0,1.0,5.0,6.0,0.0,3492.689,254.146,-4.117,38.743,38.561,9.988,0.0,0.0
53,6.0,0.0,1.0,7.0,9.0,0.0,3957.258,417.288,-3.155,40.28,33.461,9.376,0.0,0.0
54,7.0,0.0,1.0,0.0,0.0,0.0,4069.637,146.513,72.491,38.344,38.244,9.895,0.0,0.0
55,7.0,0.0,1.0,1.0,1.0,0.0,4547.19,192.791,74.768,38.713,38.387,9.961,0.0,0.0
56,7.0,0.0,1.0,2.0,2.0,0.0,4115.622,242.297,13.475,38.237,37.89,9.913,0.0,0.0
58,7.0,0.0,1.0,4.0,4.0,0.0,4195.541,259.804,-18.703,37.784,37.382,9.865,0.0,0.0
59,7.0,0.0,1.0,5.0,5.0,0.0,4382.974,334.078,122.289,38.574,38.532,9.887,0.0,0.0
60,7.0,0.0,1.0,6.0,6.0,0.0,4467.77,343.76,-13.497,38.076,37.75,9.874,0.0,0.0
61,8.0,0.0,1.0,0.0,2.0,0.0,4913.504,136.229,107.59,38.701,38.296,9.872,0.0,0.0
62,8.0,0.0,1.0,1.0,3.0,0.0,4678.516,206.602,83.181,38.635,38.512,9.967,0.0,0.0
63,8.0,0.0,1.0,2.0,4.0,0.0,4887.062,272.737,79.364,37.623,37.43,9.85,0.0,0.0
64,8.0,0.0,1.0,3.0,5.0,0.0,4996.075,285.639,126.452,36.716,35.821,9.318,0.0,0.0
65,8.0,0.0,1.0,4.0,6.0,0.0,5061.748,305.251,14.409,38.221,38.054,9.855,0.0,0.0
67,9.0,0.0,1.0,0.0,2.0,0.0,5626.077,73.574,-18.286,38.492,38.306,9.923,0.0,0.0
68,9.0,0.0,1.0,1.0,3.0,0.0,5461.959,107.65,81.27,38.618,38.182,9.923,0.0,0.0
69,9.0,0.0,1.0,2.0,5.0,0.0,5392.9,316.854,19.187,38.81,38.598,9.925,0.0,0.0
70,9.0,0.0,1.0,3.0,9.0,0.0,5640.799,401.235,33.434,39.265,38.827,9.938,0.0,0.0
71,0.0,1.0,1.0,0.0,0.0,0.0,323.499,478.403,105.629,38.679,38.394,9.958,0.0,0.0
72,0.0,1.0,1.0,1.0,2.0,0.0,199.465,595.221,78.951,38.306,37.967,9.855,0.0,0.0
73,0.0,1.0,1.0,2.0,3.0,0.0,268.172,607.557,61.987,38.103,37.793,9.806,0.0,0.0
74,0.0,1.0,1.0,3.0,5.0,0.0,257.694,694.059,114.938,38.279,38.03,9.86,0.0,0.0
75,0.0,1.0,1.0,4.0,6.0,0.0,506.721,741.216,53.487,38.847,38.272,9.889,0.0,0.0
76,0.0,1.0,1.0,5.0,7.0,0.0,66.783,774.999,58.022,38.725,38.115,9.928,0.0,0.0
77,1.0,1.0,1.0,0.0,1.0,0.0,609.246,622.846,-25.459,38.613,38.471,9.96,0.0,0.0
78,1.0,1.0,1.0,1.0,2.0,0.0,799.076,670.567,70.552,38.456,38.128,9.895,0.0,0.0
79,2.0,1.0,1.0,0.0,3.0,0.0,1235.021,566.276,78.394,38.586,38.453,9.878,0.0,0.0
80,2.0,1.0,1.0,1.0,4.0,0.0,1356.385,589.802,31.23,38.692,38.567,9.906,0.0,0.0
81,2.0,1.0,1.0,2.0,5.0,0.0,1297.464,591.903,23.069,38.195,37.881,9.829,0.0,0.0
82,2.0,1.0,1.0,3.0,7.0,0.0,1222.669,693.337,33.328,38.86,38.455,9.913,0.0,0.0
83,3.0,1.0,1.0,0.0,1.0,0.0,1862.989,464.623,125.949,38.153,38.057,9.846,0.0,0.0
84,3.0,1.0,1.0,1.0,2.0,0.0,2124.871,481.117,98.926,38.683,38.483,9.97,0.0,0.0
85,3.0,1.0,1.0,2.0,3.0,0.0,2311.385,534.183,94.148,39.328,35.885,9.636,0.0,0.0
86,3.0,1.0,1.0,3.0,4.0,0.0,2196.477,559.01,-34.296,38.231,38.083,9.86,0.0,0.0
87,3.0,1.0,1.0,4.0,5.0,0.0,1929.465,575.113,99.995,38.167,38.009,9.842,0.0,0.0
88,3.0,1.0,1.0,5.0,6.0,0.0,2255.931,593.84,-17.721,38.837,38.538,9.921,0.0,0.0
90,3.0,1.0,1.0,7.0,10.0,0.0,2016.339,700.993,61.967,38.152,37.664,9.872,0.0,0.0
91,3.0,1.0,1.0,8.0,11.0,0.0,2072.22,712.272,83.37,38.113,37.654,9.789,0.0,0.0
92,4.0,1.0,1.0,0.0,3.0,0.0,2794.116,630.1,38.578,38.097,37.995,9.908,0.0,0.0
93,4.0,1.0,1.0,1.0,4.0,0.0,2530.82,650.2,66.259,34.093,33.975,9.31,0.0,0.0
94,4.0,1.0,1.0,2.0,6.0,0.0,2524.377,756.948,19.223,38.439,37.904,9.864,0.0,0.0
95,5.0,1.0,1.0,0.0,2.0,0.0,2966.102,633.173,-29.357,38.271,37.878,9.839,0.0,0.0
96,6.0,1.0,1.0,0.0,2.0,0.0,3624.095,521.909,41.85,38.397,37.994,9.87,0.0,0.0
97,6.0,1.0,1.0,1.0,4.0,0.0,3937.41,526.334,76.903,39.177,38.659,9.905,0.0,0.0
98,6.0,1.0,1.0,2.0,5.0,0.0,3690.462,582.969,55.969,38.213,38.168,9.869,0.0,0.0
99,6.0,1.0,1.0,3.0,7.0,0.0,3595.663,623.655,2.117,37.842,37.552,9.817,0.0,0.0
100,6.0,1.0,1.0,4.0,8.0,0.0,3889.875,771.904,63.287,38.293,38.243,9.889,0.0,0.0
101,6.0,1.0,1.0,5.0,9.0,0.0,3752.195,794.245,78.773,38.339,37.959,9.858,0.0,0.0
102,6.0,1.0,1.0,6.0,10.0,0.0,3533.335,796.116,105.689,39.149,38.612,9.896,0.0,0.0
103,7.0,1.0,1.0,0.0,1.0,0.0,4424.225,497.824,-36.759,37.951,37.798,9.787,0.0,0.0
104,7.0,1.0,1.0,1.0,2.0,0.0,4060.148,523.374,45.092,38.605,38.408,9.95,0.0,0.0
105,7.0,1.0,1.0,2.0,3.0,0.0,4171.32,529.758,-28.396,38.29,37.877,9.841,0.0,0.0
106,7.0,1.0,1.0,3.0,4.0,0.0,4117.369,548.231,88.19,38.609,38.171,9.77,0.0,0.0
107,7.0,1.0,1.0,4.0,5.0,0.0,4419.75,573.908,121.743,37.831,37.393,9.719,0.0,0.0
108,7.0,1.0,1.0,5.0,7.0,0.0,4481.758,745.887,108.858,38.185,37.869,9.902,0.0,0.0
109,7.0,1.0,1.0,6.0,8.0,0.0,4131.458,778.202,106.655,38.771,38.416,9.972,0.0,0.0
110,8.0,1.0,1.0,0.0,2.0,0.0,5125.647,473.207,-21.288,39.358,39.22,10.0,0.0,0.0
112,8.0,1.0,1.0,2.0,3.0,0.0,5197.228,512.211,92.059,42.434,24.48,9.129,0.0,0.0
113,8.0,1.0,1.0,3.0,4.0,0.0,4698.248,513.624,60.344,38.436,38.2,9.902,0.0,0.0
114,8.0,1.0,1.0,4.0,7.0,0.0,5016.746,570.881,-20.848,38.554,38.368,9.939,0.0,0.0
115,8.0,1.0,1.0,5.0,8.0,0.0,5124.093,602.729,127.084,38.8,38.136,9.94,0.0,0.0
118,8.0,1.0,1.0,8.0,12.0,0.0,4868.38,737.129,14.16,38.012,37.842,9.8,0.0,0.0
119,8.0,1.0,1.0,9.0,13.0,0.0,4888.742,821.258,23.819,38.596,38.132,9.838,0.0,0.0
120,9.0,1.0,1.0,0.0,1.0,0.0,5211.102,448.045,-14.532,38.755,38.578,9.992,0.0,0.0
121,9.0,1.0,1.0,1.0,4.0,0.0,5479.527,512.975,90.589,38.133,38.009,9.838,0.0,0.0
122,9.0,1.0,1.0,2.0,6.0,0.0,5715.542,564.258,-10.001,38.374,38.105,9.881,0.0,0.0
123,9.0,1.0,1.0,3.0,7.0,0.0,5653.796,635.806,-21.151,38.146,37.898,9.825,0.0,0.0
124,9.0,1.0,1.0,4.0,8.0,0.0,5425.869,661.622,-44.336,38.015,37.574,9.766,0.0,0.0
125,9.0,1.0,1.0,5.0,9.0,0.0,5612.978,813.143,19.474,38.631,38.441,9.958,0.0,0.0
127,0.0,2.0,1.0,1.0,3.0,0.0,402.805,914.573,117.321,38.338,38.321,9.904,0.0,0.0
128,0.0,2.0,1.0,2.0,4.0,0.0,569.907,918.997,112.793,38.268,37.869,9.837,0.0,0.0
129,0.0,2.0,1.0,3.0,5.0,0.0,264.981,1057.453,89.395,38.285,38.001,9.856,0.0,0.0
130,1.0,2.0,1.0,0.0,1.0,0.0,1055.191,871.683,-4.115,38.437,38.258,9.909,0.0,0.0
131,1.0,2.0,1.0,1.0,2.0,0.0,708.295,872.607,40.219,38.481,38.176,9.904,0.0,0.0
132,1.0,2.0,1.0,2.0,4.0,0.0,670.783,923.229,131.664,38.183,35.683,9.047,0.0,0.0
133,1.0,2.0,1.0,3.0,5.0,0.0,1064.991,1064.69,106.628,38.063,37.907,9.816,0.0,0.0
134,1.0,2.0,1.0,4.0,6.0,0.0,995.246,1195.845,65.639,38.345,38.204,9.89,0.0,0.0
136,2.0,2.0,1.0,0.0,1.0,0.0,1652.086,966.78,-1.451,38.404,38.112,9.811,0.0,0.0
137,2.0,2.0,1.0,1.0,3.0,0.0,1532.469,968.506,-29.229,37.7,37.278,9.763,0.0,0.0
138,2.0,2.0,1.0,2.0,4.0,0.0,1268.438,990.147,1.358,38.143,37.845,9.818,0.0,0.0
139,2.0,2.0,1.0,3.0,5.0,0.0,1706.496,997.339,-37.133,31.782,29.84,9.762,0.0,0.0
140,2.0,2.0,1.0,4.0,7.0,0.0,1407.057,1199.697,-11.176,38.766,38.604,9.92,0.0,0.0
142,3.0,2.0,1.0,0.0,0.0,0.0,1782.39,909.383,40.123,38.933,38.674,9.951,0.0,0.0
143,3.0,2.0,1.0,1.0,1.0,0.0,2286.297,931.715,31.444,38.585,38.133,9.912,0.0,0.0
144,3.0,2.0,1.0,2.0,3.0,0.0,2263.492,1081.976,28.452,38.933,38.813,9.969,0.0,0.0
145,3.0,2.0,1.0,3.0,4.0,0.0,2177.409,1189.302,113.286,39.171,38.774,9.919,0.0,0.0
147,4.0,2.0,1.0,0.0,0.0,0.0,2512.314,951.177,65.037,38.179,37.845,9.822,0.0,0.0
148,4.0,2.0,1.0,1.0,1.0,0.0,2869.92,989.265,123.936,38.887,38.659,9.943,0.0,0.0
149,4.0,2.0,1.0,2.0,2.0,0.0,2611.982,1028.33,129.478,38.214,36.576,8.85,0.0,0.0
150,4.0,2.0,1.0,3.0,4.0,0.0,2497.103,1099.352,46.941,38.187,38.06,9.928,0.0,0.0
151,4.0,2.0,1.0,4.0,6.0,0.0,2422.086,1127.076,-23.764,38.653,38.624,9.984,0.0,0.0
152,4.0,2.0,1.0,5.0,7.0,0.0,2387.758,1232.431,-2.128,39.776,34.225,9.47,0.0,0.0
153,5.0,2.0,1.0,0.0,0.0,0.0,3401.487,949.203,-4.734,38.205,38.076,9.933,0.0,0.0
154,5.0,2.0,1.0,1.0,2.0,0.0,2958.913,982.987,4.439,38.104,37.896,9.896,0.0,0.0
155,5.0,2.0,1.0,2.0,4.0,0.0,3049.857,995.428,98.061,38.659,38.487,9.967,0.0,0.0
156,5.0,2.0,1.0,3.0,6.0,0.0,3044.322,1233.501,-0.095,40.922,31.138,8.717,0.0,0.0
157,6.0,2.0,1.0,0.0,3.0,0.0,3943.692,1062.176,43.099,38.164,37.941,9.91,0.0,0.0
158,6.0,2.0,1.0,1.0,4.0,0.0,3560.821,1136.897,76.974,38.432,38.349,9.92,0.0,0.0
159,6.0,2.0,1.0,2.0,5.0,0.0,3868.262,1209.853,-8.177,39.148,39.01,9.946,0.0,0.0
160,6.0,2.0,1.0,3.0,6.0,0.0,3724.625,1236.918,-6.29,40.945,25.712,9.024,0.0,0.0
161,7.0,2.0,1.0,0.0,2.0,0.0,4502.646,922.803,110.461,37.974,37.641,9.846,0.0,0.0
162,7.0,2.0,1.0,1.0,3.0,0.0,4557.879,954.436,-31.366,38.402,38.253,9.904,0.0,0.0
163,7.0,2.0,1.0,2.0,4.0,0.0,4371.736,990.641,74.462,38.476,36.703,9.08,0.0,0.0
164,7.0,2.0,1.0,3.0,5.0,0.0,4090.41,1010.967,23.405,38.469,38.226,9.909,0.0,0.0
165,7.0,2.0,1.0,4.0,6.0,0.0,4562.375,1097.368,-30.864,38.493,38.402,9.935,0.0,0.0
166,7.0,2.0,1.0,5.0,8.0,0.0,4351.51,1149.423,-29.074,38.032,37.756,9.792,0.0,0.0
167,8.0,2.0,1.0,0.0,2.0,0.0,4762.551,987.261,121.423,38.123,37.816,9.811,0.0,0.0
168,8.0,2.0,1.0,1.0,3.0,0.0,4736.279,1184.194,-31.34,39.229,38.698,9.917,0.0,0.0
169,8.0,2.0,1.0,2.0,4.0,0.0,4982.224,1222.193,37.112,39.136,38.628,9.971,0.0,0.0
170,9.0,2.0,1.0,0.0,1.0,0.0,5222.418,943.649,-21.902,38.343,37.97,9.86,0.0,0.0
171,9.0,2.0,1.0,1.0,2.0,0.0,5317.892,991.945,-30.711,38.744,38.3,9.879,0.0,0.0
172,0.0,3.0,1.0,0.0,1.0,0.0,188.453,1255.84,99.913,39.017,38.155,9.817,0.0,0.0
173,0.0,3.0,1.0,1.0,2.0,0.0,376.202,1272.855,76.031,38.54,38.443,9.946,0.0,0.0
174,0.0,3.0,1.0,2.0,3.0,0.0,456.486,1318.409,97.06,38.513,38.295,9.923,0.0,0.0
175,0.0,3.0,1.0,3.0,5.0,0.0,191.874,1475.808,101.153,38.308,38.201,9.885,0.0,0.0
176,0.0,3.0,1.0,4.0,8.0,0.0,432.687,1517.715,-5.11,38.575,38.451,9.876,0.0,0.0
177,0.0,3.0,1.0,5.0,10.0,0.0,269.665,1545.261,-30.283,39.71,39.26,9.977,0.0,0.0
178,1.0,3.0,1.0,0.0,2.0,0.0,853.409,1261.354,94.403,38.573,38.31,9.858,0.0,0.0
179,1.0,3.0,1.0,1.0,4.0,0.0,800.464,1294.115,126.606,38.014,37.667,9.854,0.0,0.0
180,1.0,3.0,1.0,2.0,5.0,0.0,1095.229,1309.237,88.148,38.718,37.993,9.911,0.0,0.0
181,1.0,3.0,1.0,3.0,6.0,0.0,988.263,1374.446,36.927,38.49,38.403,9.935,0.0,0.0
182,1.0,3.0,1.0,4.0,7.0,0.0,945.972,1376.492,-3.994,37.549,37.164,9.728,0.0,0.0
183,1.0,3.0,1.0,5.0,9.0,0.0,634.015,1477.11,0.342,38.236,38.085,9.861,0.0,0.0
186,2.0,3.0,1.0,2.0,2.0,0.0,1499.317,1296.088,100.955,38.764,38.312,9.883,0.0,0.0
187,2.0,3.0,1.0,3.0,3.0,0.0,1237.471,1381.639,35.764,38.612,38.514,9.889,0.0,0.0
188,2.0,3.0,1.0,4.0,4.0,0.0,1264.638,1420.802,-21.143,38.814,38.594,9.925,0.0,0.0
189,2.0,3.0,1.0,5.0,5.0,0.0,1365.727,1472.278,129.215,38.395,38.125,9.887,0.0,0.0
190,2.0,3.0,1.0,6.0,6.0,0.0,1322.58,1521.343,34.714,38.425,38.289,9.836,0.0,0.0
191,2.0,3.0,1.0,7.0,7.0,0.0,1413.488,1537.247,29.152,38.481,38.212,9.909,0.0,0.0
192,2.0,3.0,1.0,8.0,9.0,0.0,1704.186,1595.379,18.541,39.425,38.723,9.872,0.0,0.0
193,2.0,3.0,1.0,9.0,10.0,0.0,1511.193,1596.988,-13.824,38.433,38.247,9.907,0.0,0.0
195,3.0,3.0,1.0,0.0,0.0,0.0,2272.426,1329.597,111.326,38.391,38.298,9.908,0.0,0.0
196,4.0,3.0,1.0,0.0,1.0,0.0,2799.122,1263.697,28.295,38.967,38.817,9.974,0.0,0.0
197,4.0,3.0,1.0,1.0,2.0,0.0,2370.507,1405.94,86.022,38.852,38.618,9.933,0.0,0.0
198,4.0,3.0,1.0,2.0,4.0,0.0,2815.037,1407.727,-23.645,38.379,37.865,9.928,0.0,0.0
199,4.0,3.0,1.0,3.0,5.0,0.0,2881.134,1451.53,10.322,38.938,38.72,9.957,0.0,0.0
200,4.0,3.0,1.0,4.0,7.0,0.0,2532.31,1532.454,64.252,38.341,38.18,9.887,0.0,0.0
201,4.0,3.0,1.0,5.0,8.0,0.0,2451.597,1614.405,110.26,39.147,38.823,9.997,0.0,0.0
202,5.0,3.0,1.0,0.0,1.0,0.0,3464.482,1302.147,90.753,39.683,34.263,9.46,0.0,0.0
203,5.0,3.0,1.0,1.0,2.0,0.0,3395.825,1387.091,56.474,38.751,38.465,9.827,0.0,0.0
204,5.0,3.0,1.0,2.0,5.0,0.0,2959.264,1541.815,25.057,39.034,38.903,9.993,0.0,0.0
205,5.0,3.0,1.0,3.0,6.0,0.0,3121.9,1642.899,13.267,34.816,25.511,8.945,0.0,0.0
206,6.0,3.0,1.0,0.0,2.0,0.0,4001.245,1262.683,-24.915,38.811,38.733,9.943,0.0,0.0
209,6.0,3.0,1.0,3.0,5.0,0.0,3695.188,1415.099,93.903,38.001,37.871,9.879,0.0,0.0
210,6.0,3.0,1.0,4.0,6.0,0.0,3764.347,1497.093,66.625,36.982,35.293,9.761,0.0,0.0
211,6.0,3.0,1.0,5.0,7.0,0.0,3946.448,1516.013,54.833,38.438,38.238,9.907,0.0,0.0
212,6.0,3.0,1.0,6.0,8.0,0.0,3603.619,1539.895,95.99,38.387,38.177,9.892,0.0,0.0
213,6.0,3.0,1.0,7.0,9.0,0.0,3787.466,1587.427,112.046,38.826,38.435,9.982,0.0,0.0
214,6.0,3.0,1.0,8.0,10.0,0.0,3705.233,1610.997,-38.491,38.036,37.703,9.862,0.0,0.0
215,6.0,3.0,1.0,9.0,12.0,0.0,3889.224,1617.772,54.686,38.856,38.757,9.952,0.0,0.0
216,7.0,3.0,1.0,0.0,0.0,0.0,4312.714,1339.759,58.023,39.099,38.868,9.997,0.0,0.0
217,7.0,3.0,1.0,1.0,2.0,0.0,4143.593,1367.128,107.069,37.673,37.517,9.868,0.0,0.0
218,7.0,3.0,1.0,2.0,3.0,0.0,4503.708,1418.835,6.458,38.842,38.596,9.929,0.0,0.0
219,7.0,3.0,1.0,3.0,4.0,0.0,4283.914,1480.36,106.215,38.535,38.277,9.924,0.0,0.0
220,7.0,3.0,1.0,4.0,5.0,0.0,4087.786,1509.961,116.867,38.421,38.271,9.909,0.0,0.0
221,8.0,3.0,1.0,0.0,1.0,0.0,5132.933,1266.517,111.602,39.038,38.886,9.991,0.0,0.0
222,8.0,3.0,1.0,1.0,2.0,0.0,4844.209,1292.919,53.255,38.457,38.362,9.925,0.0,0.0
223,8.0,3.0,1.0,2.0,3.0,0.0,4991.755,1381.819,85.111,38.329,38.298,9.9,0.0,0.0
224,8.0,3.0,1.0,3.0,4.0,0.0,4651.028,1481.608,-16.304,38.432,38.065,9.884,0.0,0.0
225,8.0,3.0,1.0,4.0,6.0,0.0,4684.544,1573.635,-36.645,38.686,38.356,9.954,0.0,0.0
226,8.0,3.0,1.0,5.0,7.0,0.0,4865.305,1587.041,-19.151,38.221,37.743,9.891,0.0,0.0
227,9.0,3.0,1.0,0.0,0.0,0.0,5396.2,1277.93,50.522,38.785,38.564,9.918,0.0,0.0
228,9.0,3.0,1.0,1.0,1.0,0.0,5708.237,1461.611,-22.875,38.359,38.114,9.88,0.0,0.0
230,9.0,3.0,1.0,3.0,5.0,0.0,5645.279,1642.895,-8.724,39.977,28.921,8.549,0.0,0.0
231,0.0,4.0,1.0,0.0,1.0,0.0,399.93,1706.628,75.807,38.647,38.144,9.922,0.0,0.0
232,0.0,4.0,1.0,1.0,2.0,0.0,182.346,1763.336,-40.225,37.944,37.616,9.838,0.0,0.0
233,0.0,4.0,1.0,2.0,5.0,0.0,456.403,1936.081,-4.152,38.317,37.96,9.855,0.0,0.0
234,1.0,4.0,1.0,0.0,1.0,0.0,812.551,1658.203,97.242,38.578,38.124,9.91,0.0,0.0
235,1.0,4.0,1.0,1.0,2.0,0.0,1153.343,1770.046,-35.338,38.939,38.384,9.914,0.0,0.0
236,1.0,4.0,1.0,2.0,3.0,0.0,840.285,1809.531,67.455,37.759,37.47,9.795,0.0,0.0
237,1.0,4.0,1.0,3.0,5.0,0.0,1046.742,1903.311,62.136,39.124,38.444,9.946,0.0,0.0
238,1.0,4.0,1.0,4.0,6.0,0.0,1086.59,1950.675,5.744,38.613,38.283,9.935,0.0,0.0
239,1.0,4.0,1.0,5.0,7.0,0.0,866.852,1982.842,-40.849,38.782,38.463,9.981,0.0,0.0
240,1.0,4.0,1.0,6.0,8.0,0.0,725.239,2017.777,110.921,39.321,39.057,9.974,0.0,0.0
242,2.0,4.0,1.0,1.0,2.0,0.0,1224.584,1697.587,113.791,38.287,36.645,9.692,0.0,0.0
243,2.0,4.0,1.0,2.0,6.0,0.0,1429.637,1925.392,127.207,37.959,37.85,9.795,0.0,0.0
244,2.0,4.0,1.0,3.0,7.0,0.0,1660.999,2037.031,65.79,34.554,34.407,9.352,0.0,0.0
245,3.0,4.0,1.0,0.0,1.0,0.0,1902.538,1761.501,87.698,39.037,38.986,9.929,0.0,0.0
246,3.0,4.0,1.0,1.0,2.0,0.0,1860.199,1780.102,-29.447,38.16,37.849,9.821,0.0,0.0
247,3.0,4.0,1.0,2.0,3.0,0.0,1753.105,1879.277,1.776,38.852,38.386,9.98,0.0,0.0
248,3.0,4.0,1.0,3.0,5.0,0.0,1825.22,1960.078,111.315,38.643,38.134,9.919,0.0,0.0
249,3.0,4.0,1.0,4.0,6.0,0.0,2027.049,1991.394,-28.502,38.541,38.11,9.904,0.0,0.0
250,3.0,4.0,1.0,5.0,7.0,0.0,1939.677,1992.545,-4.155,38.648,38.355,9.949,0.0,0.0
251,4.0,4.0,1.0,0.0,0.0,0.0,2627.237,1803.1,133.72,38.082,38.042,9.835,0.0,0.0
252,4.0,4.0,1.0,1.0,1.0,0.0,2735.965,1804.952,-30.147,38.31,37.961,9.854,0.0,0.0
254,4.0,4.0,1.0,3.0,3.0,0.0,2427.523,1890.825,-41.67,38.791,38.531,9.99,0.0,0.0
255,4.0,4.0,1.0,4.0,5.0,0.0,2382.356,1945.478,7.139,38.154,37.931,9.907,0.0,0.0
256,4.0,4.0,1.0,5.0,7.0,0.0,2810.657,1964.673,25.928,38.777,38.482,9.982,0.0,0.0
257,5.0,4.0,1.0,0.0,1.0,0.0,3296.957,1687.478,45.996,38.453,38.335,9.921,0.0,0.0
259,5.0,4.0,1.0,2.0,3.0,0.0,3422.986,1866.592,64.396,38.714,38.613,9.915,0.0,0.0
260,5.0,4.0,1.0,3.0,4.0,0.0,3148.992,1917.563,134.054,38.292,38.102,9.795,0.0,0.0
261,6.0,4.0,1.0,0.0,2.0,0.0,3740.055,1699.513,110.72,38.477,37.32,9.29,0.0,0.0
262,6.0,4.0,1.0,1.0,3.0,0.0,3954.744,1781.417,74.901,38.468,38.191,9.904,0.0,0.0
263,6.0,4.0,1.0,2.0,4.0,0.0,3562.173,1829.963,-7.061,37.913,37.781,9.856,0.0,0.0
264,6.0,4.0,1.0,3.0,5.0,0.0,4022.144,1966.87,35.613,39.473,39.025,9.917,0.0,0.0
265,7.0,4.0,1.0,0.0,2.0,0.0,4440.486,1761.219,79.544,37.841,37.626,9.826,0.0,0.0
266,7.0,4.0,1.0,1.0,3.0,0.0,4198.923,1801.624,126.475,38.204,37.085,9.229,0.0,0.0
267,7.0,4.0,1.0,2.0,4.0,0.0,4594.494,1818.55,-22.033,39.014,38.758,9.972,0.0,0.0
268,7.0,4.0,1.0,3.0,5.0,0.0,4110.176,1928.886,-13.803,38.802,38.446,9.905,0.0,0.0
269,7.0,4.0,1.0,4.0,8.0,0.0,4463.671,2050.48,22.685,37.605,26.51,9.822,0.0,0.0
270,8.0,4.0,1.0,0.0,0.0,0.0,4694.368,1820.881,133.587,38.929,38.772,9.963,0.0,0.0
271,8.0,4.0,1.0,1.0,3.0,0.0,5110.585,1930.482,112.29,39.336,38.332,9.958,0.0,0.0
272,8.0,4.0,1.0,2.0,4.0,0.0,5047.89,2022.657,50.933,39.433,39.269,9.942,0.0,0.0
273,8.0,4.0,1.0,3.0,5.0,0.0,4692.276,2031.859,91.994,38.969,38.719,9.961,0.0,0.0
274,9.0,4.0,1.0,0.0,3.0,0.0,5631.692,1845.709,51.3,38.166,38.042,9.923,0.0,0.0
275,9.0,4.0,1.0,1.0,4.0,0.0,5676.458,1901.75,97.25,38.322,38.182,9.961,0.0,0.0
276,9.0,4.0,1.0,2.0,5.0,0.0,5288.879,1969.326,-28.211,39.358,38.954,9.966,0.0,0.0
277,9.0,4.0,1.0,3.0,6.0,0.0,5230.561,1986.507,-13.461,38.94,38.604,9.943,0.0,0.0
278,9.0,4.0,1.0,4.0,7.0,0.0,5707.767,2023.087,90.107,39.315,39.208,9.993,0.0,0.0
279,0.0,5.0,1.0,0.0,2.0,0.0,375.368,2135.224,-26.126,38.013,37.578,9.843,0.0,0.0
280,0.0,5.0,1.0,1.0,3.0,0.0,540.526,2162.191,5.76,38.451,38.207,9.905,0.0,0.0
281,0.0,5.0,1.0,2.0,6.0,0.0,264.568,2349.489,-2.329,38.866,38.821,9.961,0.0,0.0
282,0.0,5.0,1.0,3.0,7.0,0.0,446.137,2398.309,33.688,39.092,38.851,9.846,0.0,0.0
283,0.0,5.0,1.0,4.0,9.0,0.0,28.474,2429.68,36.916,38.964,38.851,9.978,0.0,0.0
284,1.0,5.0,1.0,0.0,0.0,0.0,988.266,2060.718,128.965,38.486,38.13,9.899,0.0,0.0
285,1.0,5.0,1.0,1.0,1.0,0.0,1063.086,2070.339,81.841,38.942,38.768,9.964,0.0,0.0
286,1.0,5.0,1.0,2.0,2.0,0.0,842.081,2155.246,90.793,37.981,37.724,9.857,0.0,0.0
287,1.0,5.0,1.0,3.0,4.0,0.0,869.715,2268.158,95.996,37.831,36.46,9.309,0.0,0.0
288,1.0,5.0,1.0,4.0,5.0,0.0,704.583,2277.673,19.707,38.424,38.382,9.924,0.0,0.0
289,1.0,5.0,1.0,5.0,6.0,0.0,1061.151,2284.34,-35.953,38.785,38.615,9.924,0.0,0.0
291,1.0,5.0,1.0,7.0,8.0,0.0,883.411,2358.139,38.431,38.101,37.979,9.83,0.0,0.0
293,2.0,5.0,1.0,1.0,1.0,0.0,1289.895,2132.465,115.696,39.215,37.732,9.112,0.0,0.0
294,2.0,5.0,1.0,2.0,2.0,0.0,1715.891,2151.179,39.455,38.654,38.473,9.889,0.0,0.0
295,2.0,5.0,1.0,3.0,3.0,0.0,1480.955,2195.876,19.833,37.837,36.946,9.236,0.0,0.0
296,2.0,5.0,1.0,4.0,4.0,0.0,1345.95,2212.678,95.154,38.026,36.961,9.259,0.0,0.0
297,2.0,5.0,1.0,5.0,5.0,0.0,1202.004,2307.728,-25.87,38.87,38.537,9.925,0.0,0.0
298,2.0,5.0,1.0,6.0,6.0,0.0,1515.275,2385.093,-37.307,38.421,38.061,9.806,0.0,0.0
299,2.0,5.0,1.0,7.0,7.0,0.0,1734.836,2454.663,104.325,38.354,37.717,9.538,0.0,0.0
300,3.0,5.0,1.0,0.0,0.0,0.0,2135.201,2107.113,69.31,38.559,38.492,9.88,0.0,0.0
301,3.0,5.0,1.0,1.0,1.0,0.0,2182.603,2118.304,119.223,38.802,38.476,9.984,0.0,0.0
302,3.0,5.0,1.0,2.0,4.0,0.0,2280.778,2297.404,103.013,38.615,38.212,9.926,0.0,0.0
303,3.0,5.0,1.0,3.0,6.0,0.0,1851.94,2382.484,-34.039,37.742,37.576,9.885,0.0,0.0
304,3.0,5.0,1.0,4.0,7.0,0.0,2016.503,2391.213,-40.075,38.914,38.788,9.963,0.0,0.0
305,4.0,5.0,1.0,0.0,0.0,0.0,2609.733,2079.857,-41.806,38.233,37.979,9.846,0.0,0.0
306,4.0,5.0,1.0,1.0,1.0,0.0,2718.12,2211.051,-44.373,38.183,37.987,9.841,0.0,0.0
307,4.0,5.0,1.0,2.0,2.0,0.0,2466.087,2220.691,105.668,38.487,38.392,9.858,0.0,0.0
308,4.0,5.0,1.0,3.0,3.0,0.0,2498.347,2255.071,31.317,38.577,38.238,9.925,0.0,0.0
309,4.0,5.0,1.0,4.0,4.0,0.0,2602.383,2294.61,49.931,38.137,37.576,9.782,0.0,0.0
310,5.0,5.0,1.0,0.0,0.0,0.0,3431.401,2114.401,124.727,38.633,38.1,9.914,0.0,0.0
311,5.0,5.0,1.0,1.0,1.0,0.0,3330.944,2421.184,94.464,38.514,38.374,9.859,0.0,0.0
312,6.0,5.0,1.0,0.0,0.0,0.0,4039.501,2215.755,93.315,39.52,35.711,9.709,0.0,0.0
313,6.0,5.0,1.0,1.0,1.0,0.0,3961.792,2221.291,124.718,38.324,38.23,9.891,0.0,0.0
314,6.0,5.0,1.0,2.0,3.0,0.0,3986.287,2389.564,50.855,39.066,38.582,9.881,0.0,0.0
315,6.0,5.0,1.0,3.0,5.0,0.0,3761.711,2448.783,-29.836,38.632,38.614,9.904,0.0,0.0
316,7.0,5.0,1.0,0.0,3.0,0.0,4210.81,2268.522,-6.255,38.096,37.985,9.83,0.0,0.0
317,7.0,5.0,1.0,1.0,4.0,0.0,4544.773,2315.355,41.66,38.357,38.222,9.894,0.0,0.0
318,7.0,5.0,1.0,2.0,5.0,0.0,4285.551,2350.107,-28.334,38.298,38.042,9.863,0.0,0.0
319,7.0,5.0,1.0,3.0,6.0,0.0,4374.242,2350.823,125.052,37.515,37.218,9.581,0.0,0.0
320,8.0,5.0,1.0,0.0,1.0,0.0,4887.845,2077.806,80.508,38.738,38.481,9.901,0.0,0.0
321,8.0,5.0,1.0,1.0,2.0,0.0,5077.741,2189.451,94.176,38.707,38.379,9.884,0.0,0.0
322,8.0,5.0,1.0,2.0,3.0,0.0,4869.092,2260.882,-26.963,38.457,38.273,9.838,0.0,0.0
323,8.0,5.0,1.0,3.0,4.0,0.0,5050.496,2269.498,92.799,38.114,36.569,9.871,0.0,0.0
324,8.0,5.0,1.0,4.0,5.0,0.0,4729.408,2298.614,-33.542,38.303,38.003,9.936,0.0,0.0
325,8.0,5.0,1.0,5.0,6.0,0.0,4985.402,2334.687,-8.187,37.696,37.404,9.779,0.0,0.0
326,8.0,5.0,1.0,6.0,7.0,0.0,4762.076,2387.28,63.609,38.521,38.444,9.944,0.0,0.0
327,9.0,5.0,1.0,0.0,2.0,0.0,5358.627,2110.377,124.376,38.401,38.096,9.884,0.0,0.0
328,9.0,5.0,1.0,1.0,6.0,0.0,5334.864,2239.213,-44.438,38.461,38.247,9.911,0.0,0.0
329,9.0,5.0,1.0,2.0,8.0,0.0,5535.566,2386.889,43.877,38.634,38.252,9.858,0.0,0.0
330,9.0,5.0,1.0,3.0,9.0,0.0,5253.101,2421.143,130.159,38.622,38.245,9.856,0.0,0.0
331,0.0,6.0,1.0,0.0,1.0,0.0,371.253,2481.498,92.252,38.325,38.139,9.879,0.0,0.0
332,0.0,6.0,1.0,1.0,2.0,0.0,309.545,2497.818,105.904,38.114,37.608,9.782,0.0,0.0
333,0.0,6.0,1.0,2.0,3.0,0.0,364.527,2582.453,65.39,37.628,37.526,9.564,0.0,0.0
334,0.0,6.0,1.0,3.0,4.0,0.0,166.732,2600.745,-0.309,37.781,37.496,9.802,0.0,0.0
335,0.0,6.0,1.0,4.0,5.0,0.0,501.006,2644.607,20.866,38.612,38.184,9.922,0.0,0.0
336,0.0,6.0,1.0,5.0,6.0,0.0,55.644,2687.966,35.668,38.336,38.136,9.88,0.0,0.0
337,0.0,6.0,1.0,6.0,7.0,0.0,544.952,2713.467,64.115,38.571,38.35,9.863,0.0,0.0
338,0.0,6.0,1.0,7.0,8.0,0.0,163.927,2732.907,29.302,38.378,37.952,9.862,0.0,0.0
339,0.0,6.0,1.0,8.0,9.0,0.0,352.543,2791.222,89.104,38.8,38.559,9.995,0.0,0.0
340,1.0,6.0,1.0,0.0,1.0,0.0,734.327,2550.991,132.812,38.45,38.29,9.915,0.0,0.0
341,1.0,6.0,1.0,1.0,2.0,0.0,899.625,2583.674,88.91,37.926,37.616,9.836,0.0,0.0
342,1.0,6.0,1.0,2.0,3.0,0.0,1013.93,2649.38,126.328,37.447,36.938,9.762,0.0,0.0
343,1.0,6.0,1.0,3.0,5.0,0.0,1093.819,2665.783,94.764,38.87,38.639,9.938,0.0,0.0
344,1.0,6.0,1.0,4.0,6.0,0.0,1036.151,2723.724,126.066,38.272,37.776,9.825,0.0,0.0
345,1.0,6.0,1.0,5.0,9.0,0.0,1114.369,2796.324,66.556,38.999,38.656,9.882,0.0,0.0
346,2.0,6.0,1.0,0.0,1.0,0.0,1263.298,2530.888,98.917,37.759,36.908,8.968,0.0,0.0
347,2.0,6.0,1.0,1.0,3.0,0.0,1517.364,2550.752,-34.69,38.059,37.85,9.808,0.0,0.0
348,2.0,6.0,1.0,2.0,4.0,0.0,1658.946,2616.185,114.434,38.33,38.042,9.867,0.0,0.0
349,2.0,6.0,1.0,3.0,5.0,0.0,1434.653,2642.283,122.805,37.956,37.488,9.823,0.0,0.0
350,2.0,6.0,1.0,4.0,7.0,0.0,1394.365,2720.764,-35.266,38.057,37.88,9.811,0.0,0.0
351,2.0,6.0,1.0,5.0,9.0,0.0,1619.191,2849.897,19.628,39.037,38.871,9.915,0.0,0.0
352,3.0,6.0,1.0,0.0,1.0,0.0,2042.35,2504.23,111.59,38.093,36.944,9.006,0.0,0.0
353,3.0,6.0,1.0,1.0,2.0,0.0,1872.197,2505.785,53.871,38.412,38.085,9.883,0.0,0.0
354,4.0,6.0,1.0,0.0,1.0,0.0,2528.874,2499.585,-44.808,38.194,38.153,9.864,0.0,0.0
355,4.0,6.0,1.0,1.0,2.0,0.0,2870.203,2663.13,-36.019,38.436,37.775,9.847,0.0,0.0
357,5.0,6.0,1.0,1.0,1.0,0.0,3450.331,2609.428,-28.256,38.528,38.462,9.872,0.0,0.0
358,5.0,6.0,1.0,2.0,2.0,0.0,2957.507,2648.591,110.327,38.122,37.939,9.904,0.0,0.0
359,5.0,6.0,1.0,3.0,4.0,0.0,3141.641,2723.482,95.005,38.213,37.999,9.847,0.0,0.0
360,5.0,6.0,1.0,4.0,5.0,0.0,3464.486,2779.946,93.567,40.753,34.592,9.566,0.0,0.0
361,5.0,6.0,1.0,5.0,6.0,0.0,3294.404,2780.107,-38.423,37.914,37.768,9.778,0.0,0.0
362,5.0,6.0,1.0,6.0,7.0,0.0,2921.827,2797.148,9.351,38.65,38.198,9.853,0.0,0.0
363,5.0,6.0,1.0,7.0,8.0,0.0,2973.9,2805.029,64.815,38.5,38.458,9.868,0.0,0.0
364,5.0,6.0,1.0,8.0,9.0,0.0,3374.224,2816.89,32.501,38.821,38.524,9.918,0.0,0.0
365,5.0,6.0,1.0,9.0,10.0,0.0,3140.915,2827.897,99.223,38.492,38.315,9.923,0.0,0.0
366,6.0,6.0,1.0,0.0,1.0,0.0,3930.359,2492.191,77.459,38.545,38.14,9.832,0.0,0.0
367,6.0,6.0,1.0,1.0,3.0,0.0,3719.126,2612.366,0.87,38.098,38.033,9.836,0.0,0.0
368,6.0,6.0,1.0,2.0,4.0,0.0,3766.712,2662.729,-40.03,37.827,37.35,9.866,0.0,0.0
369,6.0,6.0,1.0,3.0,6.0,0.0,3662.464,2696.532,2.842,38.2,38.117,9.86,0.0,0.0
370,7.0,6.0,1.0,0.0,1.0,0.0,4272.822,2541.97,101.065,38.55,38.372,9.863,0.0,0.0
371,7.0,6.0,1.0,1.0,2.0,0.0,4261.166,2583.115,103.258,39.223,37.898,9.677,0.0,0.0
372,7.0,6.0,1.0,2.0,3.0,0.0,4286.773,2726.163,69.844,38.548,38.145,9.909,0.0,0.0
373,7.0,6.0,1.0,3.0,4.0,0.0,4366.638,2824.401,107.522,38.963,38.519,9.934,0.0,0.0
374,7.0,6.0,1.0,4.0,5.0,0.0,4516.43,2869.104,-9.349,39.859,25.083,8.516,0.0,0.0
375,8.0,6.0,1.0,0.0,0.0,0.0,4664.517,2467.757,20.705,38.36,38.192,9.891,0.0,0.0
376,8.0,6.0,1.0,1.0,1.0,0.0,5134.668,2581.986,81.246,38.382,38.288,9.906,0.0,0.0
377,8.0,6.0,1.0,2.0,2.0,0.0,4827.15,2698.164,27.732,37.855,37.731,9.842,0.0,0.0
378,8.0,6.0,1.0,3.0,4.0,0.0,4974.647,2749.992,-42.462,38.181,37.088,9.648,0.0,0.0
379,8.0,6.0,1.0,4.0,6.0,0.0,4780.565,2759.995,132.508,38.889,38.793,9.96,0.0,0.0
380,9.0,6.0,1.0,0.0,0.0,0.0,5228.33,2468.831,83.098,38.095,37.651,9.712,0.0,0.0
381,9.0,6.0,1.0,1.0,2.0,0.0,5369.691,2483.908,76.828,38.378,38.172,9.891,0.0,0.0
382,9.0,6.0,1.0,2.0,3.0,0.0,5231.264,2547.318,15.633,38.525,38.308,9.927,0.0,0.0
383,9.0,6.0,1.0,3.0,4.0,0.0,5676.83,2630.678,88.876,38.252,38.11,9.943,0.0,0.0
384,9.0,6.0,1.0,4.0,5.0,0.0,5407.858,2659.494,67.688,37.832,37.788,9.846,0.0,0.0
385,9.0,6.0,1.0,5.0,6.0,0.0,5227.559,2664.907,3.181,38.061,37.802,9.878,0.0,0.0
386,9.0,6.0,1.0,6.0,7.0,0.0,5365.466,2744.61,-24.364,38.208,37.724,9.811,0.0,0.0
387,9.0,6.0,1.0,7.0,8.0,0.0,5325.973,2836.483,11.389,38.707,38.377,9.884,0.0,0.0
388,9.0,6.0,1.0,8.0,9.0,0.0,5264.106,2850.775,105.002,39.121,38.85,9.923,0.0,0.0
389,9.0,6.0,1.0,9.0,10.0,0.0,5495.518,2851.116,79.407,38.703,38.521,9.827,0.0,0.0
390,0.0,7.0,1.0,0.0,1.0,0.0,241.746,2961.765,128.002,38.076,37.849,9.886,0.0,0.0
391,0.0,7.0,1.0,1.0,2.0,0.0,420.017,2974.102,-31.229,38.267,37.941,9.846,0.0,0.0
392,0.0,7.0,1.0,2.0,3.0,0.0,336.603,3031.732,69.352,37.637,37.567,9.792,0.0,0.0
393,0.0,7.0,1.0,3.0,5.0,0.0,579.214,3073.55,-5.483,38.99,38.601,9.874,0.0,0.0
394,0.0,7.0,1.0,4.0,6.0,0.0,407.081,3081.699,70.57,37.131,36.102,9.041,0.0,0.0
395,0.0,7.0,1.0,5.0,7.0,0.0,510.255,3173.818,69.065,38.752,38.658,9.926,0.0,0.0
396,0.0,7.0,1.0,6.0,8.0,0.0,317.473,3208.671,127.607,38.27,37.965,9.85,0.0,0.0
397,1.0,7.0,1.0,0.0,0.0,0.0,1150.516,2899.74,129.505,38.938,38.65,9.948,0.0,0.0
399,1.0,7.0,1.0,2.0,5.0,0.0,1158.344,3081.695,92.008,39.033,37.397,9.724,0.0,0.0
400,1.0,7.0,1.0,3.0,6.0,0.0,641.355,3124.826,-17.866,38.884,38.616,9.937,0.0,0.0
401,1.0,7.0,1.0,4.0,7.0,0.0,800.175,3268.661,-13.681,38.761,38.619,9.922,0.0,0.0
402,2.0,7.0,1.0,0.0,6.0,0.0,1669.369,3158.859,38.006,38.733,38.454,9.973,0.0,0.0
403,2.0,7.0,1.0,1.0,7.0,0.0,1709.232,3208.524,55.095,39.19,38.825,9.928,0.0,0.0
405,3.0,7.0,1.0,0.0,0.0,0.0,2065.605,2883.802,57.617,38.388,38.309,9.91,0.0,0.0
406,3.0,7.0,1.0,1.0,1.0,0.0,1986.301,2906.646,92.747,38.596,38.382,9.945,0.0,0.0
407,3.0,7.0,1.0,2.0,2.0,0.0,1827.857,2915.333,93.269,38.011,37.581,9.842,0.0,0.0
408,3.0,7.0,1.0,3.0,5.0,0.0,1775.779,2994.782,51.962,38.518,37.734,9.852,0.0,0.0
409,3.0,7.0,1.0,4.0,6.0,0.0,1913.65,3054.327,43.129,37.767,37.646,9.819,0.0,0.0
410,3.0,7.0,1.0,5.0,7.0,0.0,1851.473,3119.362,46.907,38.603,38.312,9.862,0.0,0.0
411,3.0,7.0,1.0,6.0,8.0,0.0,2224.787,3174.256,1.525,38.592,38.271,9.931,0.0,0.0
412,4.0,7.0,1.0,0.0,0.0,0.0,2691.003,2923.897,130.804,37.749,37.682,9.822,0.0,0.0
413,4.0,7.0,1.0,1.0,2.0,0.0,2625.289,2957.86,102.763,38.109,37.905,9.897,0.0,0.0
414,4.0,7.0,1.0,2.0,3.0,0.0,2395.463,2994.625,74.132,38.57,38.012,9.893,0.0,0.0
415,4.0,7.0,1.0,3.0,4.0,0.0,2477.361,3185.065,126.04,39.034,38.712,9.969,0.0,0.0
416,5.0,7.0,1.0,0.0,0.0,0.0,3247.267,2907.4,105.479,38.499,38.324,9.926,0.0,0.0
417,5.0,7.0,1.0,1.0,1.0,0.0,2906.201,2954.338,18.417,38.369,38.06,9.875,0.0,0.0
418,5.0,7.0,1.0,2.0,3.0,0.0,3349.601,2993.533,31.1,38.154,37.981,9.837,0.0,0.0
419,5.0,7.0,1.0,3.0,5.0,0.0,3171.537,3072.306,90.493,37.929,37.491,9.744,0.0,0.0
420,6.0,7.0,1.0,0.0,0.0,0.0,3571.753,2926.316,-33.023,38.668,38.453,9.964,0.0,0.0
421,6.0,7.0,1.0,1.0,4.0,0.0,3921.579,3074.679,119.386,38.279,37.961,9.775,0.0,0.0
422,6.0,7.0,1.0,2.0,5.0,0.0,4011.442,3075.315,-10.819,38.426,38.075,9.885,0.0,0.0
423,6.0,7.0,1.0,3.0,6.0,0.0,3477.052,3126.205,-5.25,38.282,38.085,9.867,0.0,0.0
424,7.0,7.0,1.0,0.0,1.0,0.0,4320.508,2877.647,74.045,38.475,38.085,9.817,0.0,0.0
425,7.0,7.0,1.0,1.0,2.0,0.0,4226.506,2933.536,7.677,37.982,37.854,9.875,0.0,0.0
426,7.0,7.0,1.0,2.0,3.0,0.0,4305.175,2937.772,18.384,37.733,37.692,9.821,0.0,0.0
428,7.0,7.0,1.0,4.0,5.0,0.0,4472.13,3165.322,50.514,38.048,37.979,9.823,0.0,0.0
429,8.0,7.0,1.0,0.0,1.0,0.0,5137.925,2900.515,105.418,38.475,38.147,9.899,0.0,0.0
431,8.0,7.0,1.0,2.0,4.0,0.0,4974.655,2969.115,97.637,38.209,37.886,9.832,0.0,0.0
432,8.0,7.0,1.0,3.0,6.0,0.0,4756.329,3156.043,119.021,38.608,38.373,9.946,0.0,0.0
433,9.0,7.0,1.0,0.0,2.0,0.0,5372.801,2905.735,33.062,38.828,38.655,9.935,0.0,0.0
434,9.0,7.0,1.0,1.0,3.0,0.0,5495.131,2991.04,30.841,37.718,37.563,9.802,0.0,0.0
435,9.0,7.0,1.0,2.0,4.0,0.0,5657.736,3013.479,117.668,38.361,38.263,9.9,0.0,0.0
436,9.0,7.0,1.0,3.0,5.0,0.0,5382.367,3013.482,-1.974,38.02,37.862,9.804,0.0,0.0
437,9.0,7.0,1.0,4.0,7.0,0.0,5325.721,3067.488,-12.163,38.608,38.478,9.96,0.0,0.0
438,9.0,7.0,1.0,5.0,8.0,0.0,5632.565,3148.818,127.329,38.322,37.619,9.59,0.0,0.0
439,0.0,8.0,1.0,0.0,0.0,0.0,98.144,3284.85,127.347,38.496,37.973,9.658,0.0,0.0
440,0.0,8.0,1.0,1.0,2.0,0.0,180.702,3352.171,100.914,38.024,37.665,9.855,0.0,0.0
441,0.0,8.0,1.0,2.0,3.0,0.0,92.31,3536.478,-3.856,38.666,38.384,9.955,0.0,0.0
442,0.0,8.0,1.0,3.0,4.0,0.0,472.661,3615.537,53.953,38.68,38.245,9.939,0.0,0.0
443,0.0,8.0,1.0,4.0,7.0,0.0,191.453,3682.092,-4.146,42.285,29.366,8.687,0.0,0.0
444,1.0,8.0,1.0,0.0,1.0,0.0,822.739,3343.337,112.279,37.872,37.653,9.834,0.0,0.0
445,1.0,8.0,1.0,1.0,2.0,0.0,680.242,3519.442,76.64,38.912,38.547,9.931,0.0,0.0
446,1.0,8.0,1.0,2.0,4.0,0.0,920.708,3582.972,6.036,37.961,37.73,9.856,0.0,0.0
447,1.0,8.0,1.0,3.0,5.0,0.0,1002.703,3626.858,64.215,38.972,38.681,9.882,0.0,0.0
448,2.0,8.0,1.0,0.0,0.0,0.0,1264.768,3362.452,100.279,38.083,37.85,9.811,0.0,0.0
449,2.0,8.0,1.0,1.0,2.0,0.0,1401.433,3392.564,0.625,38.029,37.606,9.849,0.0,0.0
450,2.0,8.0,1.0,2.0,3.0,0.0,1276.156,3440.964,97.205,38.29,38.231,9.887,0.0,0.0
451,2.0,8.0,1.0,3.0,4.0,0.0,1606.759,3529.734,-40.167,38.187,38.176,9.866,0.0,0.0
452,2.0,8.0,1.0,4.0,5.0,0.0,1603.832,3604.84,78.946,38.923,38.733,9.883,0.0,0.0
453,2.0,8.0,1.0,5.0,6.0,0.0,1313.597,3623.053,105.675,38.872,38.598,9.933,0.0,0.0
454,2.0,8.0,1.0,6.0,7.0,0.0,1307.322,3669.734,74.182,38.518,38.096,9.824,0.0,0.0
455,3.0,8.0,1.0,0.0,0.0,0.0,2238.471,3341.085,77.272,38.939,38.537,9.934,0.0,0.0
456,3.0,8.0,1.0,1.0,1.0,0.0,2099.409,3382.778,82.962,38.483,38.322,9.923,0.0,0.0
457,3.0,8.0,1.0,2.0,2.0,0.0,1905.592,3386.781,61.909,37.87,37.775,9.85,0.0,0.0
459,3.0,8.0,1.0,4.0,4.0,0.0,2238.916,3573.085,45.563,39.291,39.172,9.985,0.0,0.0
460,4.0,8.0,1.0,0.0,0.0,0.0,2502.105,3308.847,45.828,38.05,37.869,9.885,0.0,0.0
461,4.0,8.0,1.0,1.0,1.0,0.0,2604.53,3341.237,14.319,38.881,38.589,9.934,0.0,0.0
462,4.0,8.0,1.0,2.0,3.0,0.0,2569.118,3365.362,14.582,38.216,38.125,9.864,0.0,0.0
463,4.0,8.0,1.0,3.0,4.0,0.0,2859.163,3512.832,-2.534,38.988,38.686,9.959,0.0,0.0
464,4.0,8.0,1.0,4.0,5.0,0.0,2380.778,3570.791,-26.431,38.581,38.401,9.871,0.0,0.0
466,4.0,8.0,1.0,6.0,6.0,0.0,2418.608,3683.655,-2.206,43.347,25.115,8.485,0.0,0.0
467,5.0,8.0,1.0,0.0,0.0,0.0,3188.413,3295.687,112.168,38.225,38.057,9.856,0.0,0.0
468,5.0,8.0,1.0,1.0,2.0,0.0,3296.449,3379.142,117.031,37.786,37.684,9.827,0.0,0.0
469,5.0,8.0,1.0,2.0,3.0,0.0,3338.768,3539.468,-37.108,38.293,37.771,9.905,0.0,0.0
470,5.0,8.0,1.0,3.0,4.0,0.0,3269.904,3631.361,94.659,38.567,38.398,9.944,0.0,0.0
471,5.0,8.0,1.0,4.0,5.0,0.0,3090.161,3670.026,61.254,38.679,38.452,9.965,0.0,0.0
472,6.0,8.0,1.0,0.0,1.0,0.0,3657.094,3352.319,66.786,37.934,37.777,9.782,0.0,0.0
473,6.0,8.0,1.0,1.0,2.0,0.0,4010.424,3416.237,132.67,38.717,38.447,9.894,0.0,0.0
474,6.0,8.0,1.0,2.0,3.0,0.0,3752.011,3455.389,89.924,37.668,37.481,9.785,0.0,0.0
475,6.0,8.0,1.0,3.0,4.0,0.0,4006.014,3469.443,34.791,38.747,38.545,9.911,0.0,0.0
476,6.0,8.0,1.0,4.0,6.0,0.0,3847.314,3537.454,-23.767,38.361,37.473,9.649,0.0,0.0
477,6.0,8.0,1.0,5.0,7.0,0.0,3800.707,3559.843,-24.94,37.45,34.921,9.822,0.0,0.0
478,6.0,8.0,1.0,6.0,8.0,0.0,3640.926,3571.198,90.734,38.15,37.847,9.67,0.0,0.0
479,7.0,8.0,1.0,0.0,0.0,0.0,4236.364,3302.575,70.591,37.646,37.509,9.786,0.0,0.0
481,7.0,8.0,1.0,2.0,3.0,0.0,4159.731,3567.198,98.366,38.252,37.974,9.848,0.0,0.0
482,7.0,8.0,1.0,3.0,4.0,0.0,4588.31,3599.244,-13.314,39.227,39.064,9.963,0.0,0.0
483,7.0,8.0,1.0,4.0,5.0,0.0,4470.794,3610.278,71.279,38.746,38.558,9.912,0.0,0.0
484,7.0,8.0,1.0,5.0,6.0,0.0,4523.678,3681.749,-4.212,40.369,32.471,9.323,0.0,0.0
485,8.0,8.0,1.0,0.0,0.0,0.0,4969.567,3309.745,129.399,38.631,38.489,9.888,0.0,0.0
486,8.0,8.0,1.0,1.0,1.0,0.0,4857.074,3372.144,-1.626,37.862,37.692,9.762,0.0,0.0
487,8.0,8.0,1.0,2.0,2.0,0.0,4935.63,3425.124,120.705,38.234,38.036,9.854,0.0,0.0
488,8.0,8.0,1.0,3.0,5.0,0.0,4855.856,3580.198,134.385,38.164,37.356,9.99,0.0,0.0
489,8.0,8.0,1.0,4.0,6.0,0.0,4757.991,3586.004,-14.402,38.136,37.772,9.808,0.0,0.0
490,9.0,8.0,1.0,0.0,2.0,0.0,5262.867,3642.5,-43.294,38.703,38.478,9.896,0.0,0.0
491,0.0,9.0,1.0,0.0,2.0,0.0,343.622,3693.67,85.833,38.444,38.155,9.897,0.0,0.0
492,0.0,9.0,1.0,1.0,3.0,0.0,470.634,3700.629,109.821,38.717,38.299,9.951,0.0,0.0
493,0.0,9.0,1.0,2.0,7.0,0.0,153.685,3823.781,130.336,38.65,37.404,9.13,0.0,0.0
494,0.0,9.0,1.0,3.0,8.0,0.0,540.674,3845.809,-9.318,38.942,38.865,9.976,0.0,0.0
495,0.0,9.0,1.0,4.0,10.0,0.0,169.741,3931.94,26.85,39.068,38.793,9.983,0.0,0.0
496,0.0,9.0,1.0,5.0,11.0,0.0,577.152,3951.778,10.03,39.078,38.657,9.967,0.0,0.0
498,0.0,9.0,1.0,7.0,14.0,0.0,435.785,4091.764,-8.009,41.168,27.416,9.011,0.0,0.0
499,1.0,9.0,1.0,0.0,0.0,0.0,689.265,3750.222,69.28,38.155,37.59,9.787,0.0,0.0
500,1.0,9.0,1.0,1.0,3.0,0.0,731.944,4042.26,97.646,38.964,38.751,9.965,0.0,0.0
501,2.0,9.0,1.0,0.0,1.0,0.0,1246.668,3973.104,80.214,38.22,38.171,9.87,0.0,0.0
502,2.0,9.0,1.0,1.0,2.0,0.0,1581.187,4092.561,-4.495,41.065,27.809,9.444,0.0,0.0
503,3.0,9.0,1.0,0.0,0.0,0.0,2013.705,3795.941,-22.036,38.371,38.152,9.887,0.0,0.0
505,3.0,9.0,1.0,2.0,4.0,0.0,2018.239,4073.187,46.411,39.476,38.862,9.97,0.0,0.0
506,4.0,9.0,1.0,0.0,1.0,0.0,2469.128,3740.411,8.329,38.53,38.136,9.906,0.0,0.0
507,4.0,9.0,1.0,1.0,3.0,0.0,2522.84,3800.381,-33.146,38.031,37.842,9.803,0.0,0.0
508,4.0,9.0,1.0,2.0,4.0,0.0,2800.989,3865.889,-28.691,38.652,38.227,9.933,0.0,0.0
509,4.0,9.0,1.0,3.0,7.0,0.0,2384.14,4079.101,58.697,38.675,38.297,9.796,0.0,0.0
510,5.0,9.0,1.0,0.0,1.0,0.0,2989.332,3743.021,30.835,37.922,37.721,9.849,0.0,0.0
511,5.0,9.0,1.0,1.0,3.0,0.0,3033.597,3870.111,9.415,37.791,37.453,9.797,0.0,0.0
512,5.0,9.0,1.0,2.0,5.0,0.0,3203.525,3915.297,85.967,37.404,36.358,9.843,0.0,0.0
513,5.0,9.0,1.0,3.0,6.0,0.0,3389.525,3958.549,100.769,38.573,38.512,9.884,0.0,0.0
514,5.0,9.0,1.0,4.0,7.0,0.0,3191.814,3990.366,74.101,38.104,37.99,9.832,0.0,0.0
515,5.0,9.0,1.0,5.0,8.0,0.0,3051.947,3992.106,-32.192,38.788,38.563,9.918,0.0,0.0
516,5.0,9.0,1.0,6.0,9.0,0.0,3302.13,4047.433,-32.294,38.63,38.466,9.961,0.0,0.0
517,5.0,9.0,1.0,7.0,10.0,0.0,2937.422,4081.806,130.13,38.768,38.6,9.996,0.0,0.0
518,6.0,9.0,1.0,0.0,2.0,0.0,3950.042,3708.752,111.744,38.544,38.059,9.897,0.0,0.0
520,6.0,9.0,1.0,2.0,4.0,0.0,3556.815,3830.366,36.119,38.617,38.233,9.93,0.0,0.0
521,6.0,9.0,1.0,3.0,6.0,0.0,3481.277,3878.031,123.321,38.643,38.542,9.897,0.0,0.0
523,6.0,9.0,1.0,5.0,8.0,0.0,3527.085,3881.919,14.144,38.512,38.126,9.902,0.0,0.0
524,6.0,9.0,1.0,6.0,9.0,0.0,3677.427,3947.973,124.057,38.354,38.101,9.878,0.0,0.0
525,6.0,9.0,1.0,7.0,10.0,0.0,3949.701,3990.107,127.447,38.064,37.86,9.886,0.0,0.0
526,6.0,9.0,1.0,8.0,11.0,0.0,3866.061,4032.743,29.467,38.871,38.509,9.998,0.0,0.0
527,7.0,9.0,1.0,0.0,3.0,0.0,4393.731,3824.507,45.841,37.886,37.737,9.771,0.0,0.0
528,7.0,9.0,1.0,1.0,5.0,0.0,4608.565,3909.73,25.981,38.689,38.595,9.909,0.0,0.0
529,7.0,9.0,1.0,2.0,6.0,0.0,4207.889,3968.434,52.856,39.368,38.849,9.955,0.0,0.0
530,7.0,9.0,1.0,3.0,7.0,0.0,4075.391,3974.395,-40.542,38.657,38.379,9.953,0.0,0.0
533,8.0,9.0,1.0,0.0,1.0,0.0,4965.175,3756.15,130.451,38.105,38.031,9.837,0.0,0.0
534,8.0,9.0,1.0,1.0,2.0,0.0,4863.027,3828.943,116.203,37.817,37.799,9.846,0.0,0.0
535,8.0,9.0,1.0,2.0,3.0,0.0,4786.14,3833.265,84.759,38.444,37.985,9.8,0.0,0.0
536,8.0,9.0,1.0,3.0,4.0,0.0,5090.136,3847.484,78.532,38.551,38.072,9.899,0.0,0.0
537,8.0,9.0,1.0,4.0,7.0,0.0,4840.268,3948.209,102.299,38.936,38.288,9.901,0.0,0.0
538,8.0,9.0,1.0,5.0,9.0,0.0,5134.852,3985.169,39.775,39.375,39.075,9.984,0.0,0.0
539,8.0,9.0,1.0,6.0,10.0,0.0,4737.337,3995.944,51.184,38.69,38.652,9.993,0.0,0.0
541,9.0,9.0,1.0,1.0,1.0,0.0,5769.621,3816.228,92.701,42.527,29.552,8.525,0.0,0.0
542,9.0,9.0,1.0,2.0,2.0,0.0,5312.866,3947.544,133.769,37.923,37.759,9.778,0.0,0.0
543,9.0,9.0,1.0,3.0,3.0,0.0,5384.939,4022.801,40.466,39.033,38.769,9.976,0.0,0.0
544,9.0,9.0,1.0,4.0,5.0,0.0,5268.132,4080.93,-6.264,38.481,38.338,9.925,0.0,0.0
545,0.0,10.0,1.0,0.0,1.0,0.0,63.98,4149.996,78.202,38.476,38.373,9.929,0.0,0.0
546,0.0,10.0,1.0,1.0,2.0,0.0,211.33,4334.317,94.181,38.107,37.659,9.865,0.0,0.0
548,0.0,10.0,1.0,3.0,8.0,0.0,104.864,4480.596,-27.379,38.864,38.283,9.968,0.0,0.0
549,1.0,10.0,1.0,0.0,0.0,0.0,870.731,4106.297,15.484,38.645,38.399,9.955,0.0,0.0
550,1.0,10.0,1.0,1.0,1.0,0.0,748.682,4199.866,89.615,38.097,37.093,9.712,0.0,0.0
551,1.0,10.0,1.0,2.0,2.0,0.0,1146.724,4264.844,-11.642,38.987,38.644,9.954,0.0,0.0
552,1.0,10.0,1.0,3.0,3.0,0.0,810.375,4264.962,-41.631,37.99,36.198,8.835,0.0,0.0
553,1.0,10.0,1.0,4.0,4.0,0.0,1078.739,4299.248,50.303,39.561,39.3,9.962,0.0,0.0
554,1.0,10.0,1.0,5.0,5.0,0.0,1117.602,4331.991,-30.75,38.806,38.596,9.924,0.0,0.0
556,1.0,10.0,1.0,7.0,8.0,0.0,1061.94,4495.407,-3.57,40.192,36.597,9.698,0.0,0.0
557,2.0,10.0,1.0,0.0,1.0,0.0,1418.916,4146.367,81.504,38.323,38.029,9.864,0.0,0.0
558,2.0,10.0,1.0,1.0,2.0,0.0,1665.413,4150.778,-24.895,38.591,38.301,9.859,0.0,0.0
559,2.0,10.0,1.0,2.0,3.0,0.0,1289.101,4155.753,92.986,38.42,38.265,9.908,0.0,0.0
560,2.0,10.0,1.0,3.0,4.0,0.0,1711.324,4194.366,-12.471,38.92,38.812,9.967,0.0,0.0
561,2.0,10.0,1.0,4.0,7.0,0.0,1345.776,4285.379,52.594,38.142,37.811,9.813,0.0,0.0
562,3.0,10.0,1.0,0.0,2.0,0.0,1901.049,4219.585,29.77,38.545,38.317,9.931,0.0,0.0
563,3.0,10.0,1.0,1.0,3.0,0.0,1864.651,4238.488,61.457,38.689,38.66,9.918,0.0,0.0
565,3.0,10.0,1.0,3.0,6.0,0.0,2075.862,4333.327,109.709,35.641,33.52,9.468,0.0,0.0
566,3.0,10.0,1.0,4.0,8.0,0.0,2300.88,4392.666,39.347,39.542,39.09,9.933,0.0,0.0
567,3.0,10.0,1.0,5.0,9.0,0.0,1910.747,4448.989,-40.4,38.878,38.647,9.94,0.0,0.0
569,4.0,10.0,1.0,0.0,2.0,0.0,2687.56,4103.924,94.504,38.204,37.968,9.842,0.0,0.0
570,4.0,10.0,1.0,1.0,3.0,0.0,2560.32,4107.893,58.606,38.556,38.368,9.939,0.0,0.0
571,4.0,10.0,1.0,2.0,4.0,0.0,2495.315,4152.292,-3.989,38.711,38.369,9.884,0.0,0.0
572,4.0,10.0,1.0,3.0,5.0,0.0,2490.624,4191.72,93.596,39.339,38.886,9.882,0.0,0.0
573,4.0,10.0,1.0,4.0,6.0,0.0,2681.751,4195.514,-40.574,38.195,37.983,9.842,0.0,0.0
574,4.0,10.0,1.0,5.0,7.0,0.0,2864.775,4208.38,-15.91,38.913,38.777,9.887,0.0,0.0
575,4.0,10.0,1.0,6.0,8.0,0.0,2814.642,4210.096,-43.7,39.003,38.392,9.924,0.0,0.0
576,4.0,10.0,1.0,7.0,9.0,0.0,2496.719,4231.083,89.563,38.517,38.106,9.9,0.0,0.0
577,4.0,10.0,1.0,8.0,10.0,0.0,2369.144,4286.166,117.531,38.798,38.405,9.974,0.0,0.0
578,4.0,10.0,1.0,9.0,11.0,0.0,2530.332,4341.067,129.054,37.958,37.782,9.786,0.0,0.0
579,5.0,10.0,1.0,0.0,1.0,0.0,3138.56,4104.834,99.422,38.515,38.185,9.91,0.0,0.0
580,5.0,10.0,1.0,1.0,2.0,0.0,3297.493,4130.029,-38.833,38.708,38.374,9.883,0.0,0.0
581,5.0,10.0,1.0,2.0,3.0,0.0,2980.907,4139.917,60.183,38.419,38.165,9.895,0.0,0.0
583,5.0,10.0,1.0,4.0,6.0,0.0,3047.686,4283.322,26.732,38.348,36.934,9.728,0.0,0.0
584,5.0,10.0,1.0,5.0,7.0,0.0,3148.225,4454.533,106.508,38.568,38.104,9.906,0.0,0.0
585,5.0,10.0,1.0,6.0,9.0,0.0,3333.01,4476.945,-1.329,39.221,38.888,9.94,0.0,0.0
586,6.0,10.0,1.0,0.0,1.0,0.0,3694.897,4334.772,17.305,38.713,38.415,9.889,0.0,0.0
587,7.0,10.0,1.0,0.0,1.0,0.0,4473.67,4125.476,117.063,38.53,37.875,9.872,0.0,0.0
588,7.0,10.0,1.0,1.0,2.0,0.0,4560.484,4163.348,11.561,38.525,38.38,9.861,0.0,0.0
589,7.0,10.0,1.0,2.0,3.0,0.0,4068.825,4216.951,-10.415,38.236,38.172,9.949,0.0,0.0
590,7.0,10.0,1.0,3.0,4.0,0.0,4542.975,4404.801,25.38,38.888,38.731,9.952,0.0,0.0
591,8.0,10.0,1.0,0.0,0.0,0.0,4836.877,4189.572,104.404,38.319,37.944,9.704,0.0,0.0
592,8.0,10.0,1.0,1.0,2.0,0.0,4779.878,4265.168,78.061,38.612,38.062,9.906,0.0,0.0
593,8.0,10.0,1.0,2.0,3.0,0.0,4649.226,4266.044,99.342,38.281,36.994,9.967,0.0,0.0
594,8.0,10.0,1.0,3.0,4.0,0.0,5117.518,4280.369,36.27,38.253,38.166,9.95,0.0,0.0
595,8.0,10.0,1.0,4.0,6.0,0.0,5043.163,4349.235,105.641,38.46,37.924,9.869,0.0,0.0
596,8.0,10.0,1.0,5.0,8.0,0.0,4673.342,4483.998,-8.739,39.099,38.87,9.922,0.0,0.0
597,8.0,10.0,1.0,6.0,9.0,0.0,5002.105,4494.013,5.359,39.821,37.894,9.891,0.0,0.0
598,9.0,10.0,1.0,0.0,3.0,0.0,5620.125,4151.612,84.231,38.632,38.5,9.89,0.0,0.0
599,9.0,10.0,1.0,1.0,4.0,0.0,5592.405,4197.596,20.59,37.928,37.825,9.788,0.0,0.0
600,9.0,10.0,1.0,2.0,5.0,0.0,5500.716,4201.877,89.052,38.736,37.881,9.899,0.0,0.0
601,9.0,10.0,1.0,3.0,6.0,0.0,5211.123,4242.649,-6.856,38.405,38.276,9.907,0.0,0.0
602,9.0,10.0,1.0,4.0,8.0,0.0,5676.712,4378.675,58.121,38.84,38.721,9.945,0.0,0.0
603,9.0,10.0,1.0,5.0,9.0,0.0,5396.837,4396.941,-9.859,38.687,38.471,9.969,0.0,0.0
604,9.0,10.0,1.0,6.0,10.0,0.0,5290.993,4431.76,34.891,38.468,38.318,9.921,0.0,0.0
605,9.0,10.0,1.0,7.0,11.0,0.0,5722.803,4438.678,39.773,38.845,38.669,9.939,0.0,0.0
606,0.0,11.0,1.0,0.0,1.0,0.0,355.746,4546.708,89.508,38.709,38.362,9.957,0.0,0.0
607,0.0,11.0,1.0,1.0,4.0,0.0,339.185,4632.2,103.786,37.493,37.229,9.729,0.0,0.0
608,0.0,11.0,1.0,2.0,5.0,0.0,62.446,4651.074,90.971,38.378,38.031,9.872,0.0,0.0
609,0.0,11.0,1.0,3.0,6.0,0.0,144.603,4801.531,-39.887,38.207,37.905,9.91,0.0,0.0
610,0.0,11.0,1.0,4.0,7.0,0.0,491.315,4858.983,-20.468,39.218,39.026,9.957,0.0,0.0
611,1.0,11.0,1.0,0.0,2.0,0.0,1135.67,4584.759,56.233,39.378,38.864,9.885,0.0,0.0
612,1.0,11.0,1.0,1.0,3.0,0.0,1141.022,4653.115,116.332,38.502,38.162,9.83,0.0,0.0
613,1.0,11.0,1.0,2.0,4.0,0.0,1017.645,4658.159,-16.032,38.588,38.335,9.863,0.0,0.0
614,1.0,11.0,1.0,3.0,6.0,0.0,694.7,4756.673,27.391,38.26,37.913,9.842,0.0,0.0
615,1.0,11.0,1.0,4.0,9.0,0.0,640.509,4816.891,116.675,38.513,38.351,9.931,0.0,0.0
616,1.0,11.0,1.0,5.0,10.0,0.0,773.621,4860.101,16.771,38.434,38.225,9.905,0.0,0.0
617,1.0,11.0,1.0,6.0,11.0,0.0,870.62,4875.366,-30.93,38.116,37.982,9.832,0.0,0.0
618,2.0,11.0,1.0,0.0,0.0,0.0,1255.011,4531.196,66.847,37.987,37.838,9.797,0.0,0.0
619,2.0,11.0,1.0,1.0,5.0,0.0,1284.572,4865.283,107.832,38.974,38.922,9.988,0.0,0.0
620,3.0,11.0,1.0,0.0,0.0,0.0,2035.521,4557.958,70.372,38.428,37.906,9.862,0.0,0.0
621,3.0,11.0,1.0,1.0,3.0,0.0,1849.68,4690.656,62.318,37.899,37.689,9.842,0.0,0.0
622,3.0,11.0,1.0,2.0,4.0,0.0,2300.51,4707.334,-8.737,38.787,38.425,9.9,0.0,0.0
623,3.0,11.0,1.0,3.0,6.0,0.0,2052.165,4793.591,92.011,37.62,37.26,9.75,0.0,0.0
624,3.0,11.0,1.0,4.0,7.0,0.0,1839.266,4817.394,81.768,38.435,38.149,9.894,0.0,0.0
625,4.0,11.0,1.0,0.0,0.0,0.0,2448.083,4556.529,113.886,37.87,36.186,8.763,0.0,0.0
626,4.0,11.0,1.0,1.0,1.0,0.0,2791.282,4563.998,98.143,38.749,38.361,9.962,0.0,0.0
628,4.0,11.0,1.0,3.0,5.0,0.0,2472.379,4733.2,36.772,38.853,38.453,9.988,0.0,0.0
629,4.0,11.0,1.0,4.0,6.0,0.0,2538.483,4757.512,3.322,34.359,33.772,8.797,0.0,0.0
630,4.0,11.0,1.0,5.0,7.0,0.0,2399.746,4771.709,-35.705,38.503,38.147,9.903,0.0,0.0
631,4.0,11.0,1.0,6.0,8.0,0.0,2789.09,4793.286,-28.811,38.723,38.645,9.92,0.0,0.0
632,4.0,11.0,1.0,7.0,9.0,0.0,2429.763,4877.161,114.487,39.248,39.053,9.965,0.0,0.0
633,5.0,11.0,1.0,0.0,1.0,0.0,3127.692,4508.443,108.413,38.991,38.525,9.939,0.0,0.0
634,5.0,11.0,1.0,1.0,4.0,0.0,3327.456,4637.234,-41.363,38.428,38.085,9.885,0.0,0.0
635,5.0,11.0,1.0,2.0,5.0,0.0,3138.364,4642.69,47.394,38.232,37.794,9.823,0.0,0.0
636,5.0,11.0,1.0,3.0,7.0,0.0,3400.314,4690.802,47.56,38.704,38.491,9.898,0.0,0.0
637,5.0,11.0,1.0,4.0,8.0,0.0,2903.161,4698.518,0.216,38.281,37.808,9.831,0.0,0.0
638,5.0,11.0,1.0,5.0,9.0,0.0,3439.203,4745.086,69.437,38.643,38.49,9.89,0.0,0.0
639,5.0,11.0,1.0,6.0,11.0,0.0,3279.83,4828.271,111.72,38.29,38.155,9.877,0.0,0.0
640,6.0,11.0,1.0,0.0,1.0,0.0,4011.693,4528.57,87.6,39.3,38.79,9.864,0.0,0.0
641,6.0,11.0,1.0,1.0,2.0,0.0,3514.044,4534.543,76.326,38.801,38.3,9.738,0.0,0.0
642,6.0,11.0,1.0,2.0,4.0,0.0,4004.938,4577.384,124.095,38.869,38.429,9.911,0.0,0.0
643,6.0,11.0,1.0,3.0,5.0,0.0,3694.989,4587.326,-26.31,38.261,37.913,9.842,0.0,0.0
644,6.0,11.0,1.0,4.0,6.0,0.0,3822.445,4619.116,111.173,37.835,37.56,9.817,0.0,0.0
645,6.0,11.0,1.0,5.0,10.0,0.0,4006.434,4783.441,112.676,38.795,38.469,9.907,0.0,0.0
646,6.0,11.0,1.0,6.0,12.0,0.0,3603.424,4866.38,12.537,38.808,38.651,9.932,0.0,0.0
647,7.0,11.0,1.0,0.0,1.0,0.0,4532.3,4531.426,95.275,38.771,38.354,9.889,0.0,0.0
648,7.0,11.0,1.0,1.0,2.0,0.0,4580.829,4561.811,1.805,38.851,38.789,9.955,0.0,0.0
649,7.0,11.0,1.0,2.0,3.0,0.0,4616.65,4646.789,93.19,40.524,33.93,9.517,0.0,0.0
650,7.0,11.0,1.0,3.0,4.0,0.0,4282.073,4694.451,23.456,39.038,38.675,9.964,0.0,0.0
651,7.0,11.0,1.0,4.0,6.0,0.0,4228.398,4719.052,45.575,38.762,38.58,9.917,0.0,0.0
652,7.0,11.0,1.0,5.0,7.0,0.0,4453.424,4809.739,-22.29,38.108,37.905,9.898,0.0,0.0
653,7.0,11.0,1.0,6.0,8.0,0.0,4133.302,4853.26,96.671,38.754,38.47,9.902,0.0,0.0
654,7.0,11.0,1.0,7.0,9.0,0.0,4201.564,4898.233,83.454,39.208,39.135,9.97,0.0,0.0
655,8.0,11.0,1.0,0.0,3.0,0.0,5057.271,4711.754,-40.311,38.337,38.143,9.881,0.0,0.0
656,8.0,11.0,1.0,1.0,6.0,0.0,4885.158,4870.201,7.523,39.111,38.833,9.919,0.0,0.0
657,8.0,11.0,1.0,2.0,7.0,0.0,4836.407,4876.525,-31.976,38.864,38.517,9.922,0.0,0.0
658,9.0,11.0,1.0,0.0,0.0,0.0,5383.877,4512.168,40.522,38.707,38.461,9.894,0.0,0.0
659,9.0,11.0,1.0,1.0,1.0,0.0,5423.761,4516.497,8.792,38.942,38.651,9.949,0.0,0.0
660,9.0,11.0,1.0,2.0,3.0,0.0,5313.958,4818.972,101.72,38.427,38.169,9.821,0.0,0.0
661,0.0,12.0,1.0,0.0,0.0,0.0,160.107,4934.731,127.228,38.951,38.541,9.936,0.0,0.0
662,0.0,12.0,1.0,1.0,1.0,0.0,30.086,4983.731,-22.464,38.548,38.146,9.834,0.0,0.0
663,0.0,12.0,1.0,2.0,3.0,0.0,456.552,5051.244,33.208,38.187,37.897,9.83,0.0,0.0
664,0.0,12.0,1.0,3.0,7.0,0.0,271.072,5213.276,87.635,38.26,37.735,9.819,0.0,0.0
665,0.0,12.0,1.0,4.0,8.0,0.0,307.218,5258.398,102.174,38.701,38.204,9.936,0.0,0.0
666,0.0,12.0,1.0,5.0,9.0,0.0,560.891,5313.043,-4.846,39.889,33.668,9.357,0.0,0.0
667,1.0,12.0,1.0,0.0,0.0,0.0,831.09,5037.769,133.414,38.392,38.166,9.816,0.0,0.0
668,1.0,12.0,1.0,1.0,2.0,0.0,789.856,5165.021,105.522,38.45,38.133,9.894,0.0,0.0
669,1.0,12.0,1.0,2.0,4.0,0.0,888.183,5288.356,127.593,38.014,37.317,9.732,0.0,0.0
670,1.0,12.0,1.0,3.0,5.0,0.0,1161.543,5308.981,93.031,41.005,32.817,9.357,0.0,0.0
671,2.0,12.0,1.0,0.0,1.0,0.0,1440.68,4933.475,85.991,38.257,38.028,9.856,0.0,0.0
672,2.0,12.0,1.0,1.0,3.0,0.0,1375.884,5070.477,76.5,37.969,37.856,9.797,0.0,0.0
673,2.0,12.0,1.0,2.0,4.0,0.0,1299.061,5107.079,-2.766,38.301,37.877,9.767,0.0,0.0
674,2.0,12.0,1.0,3.0,5.0,0.0,1251.667,5167.588,94.131,38.879,38.655,9.941,0.0,0.0
675,2.0,12.0,1.0,4.0,7.0,0.0,1202.927,5200.447,34.234,38.409,38.293,9.91,0.0,0.0
677,2.0,12.0,1.0,6.0,9.0,0.0,1590.267,5237.844,123.336,39.259,39.042,9.965,0.0,0.0
678,3.0,12.0,1.0,0.0,0.0,0.0,2024.926,5114.605,2.923,38.237,37.766,9.82,0.0,0.0
679,3.0,12.0,1.0,1.0,1.0,0.0,1987.337,5137.119,98.022,37.86,37.277,9.783,0.0,0.0
680,3.0,12.0,1.0,2.0,2.0,0.0,1884.249,5179.649,-34.543,37.87,37.822,9.856,0.0,0.0
681,3.0,12.0,1.0,3.0,3.0,0.0,1932.501,5228.502,-31.672,38.626,38.263,9.935,0.0,0.0
682,3.0,12.0,1.0,4.0,4.0,0.0,2205.22,5293.129,36.446,38.852,38.532,9.922,0.0,0.0
683,3.0,12.0,1.0,5.0,5.0,0.0,1846.304,5312.88,-2.87,39.805,33.453,9.371,0.0,0.0
684,4.0,12.0,1.0,0.0,0.0,0.0,2674.995,4969.209,100.262,38.514,37.779,9.857,0.0,0.0
685,4.0,12.0,1.0,1.0,1.0,0.0,2821.939,5049.51,97.423,38.399,38.34,9.915,0.0,0.0
686,4.0,12.0,1.0,2.0,2.0,0.0,2361.845,5080.185,59.791,38.199,38.112,9.86,0.0,0.0
687,4.0,12.0,1.0,3.0,3.0,0.0,2720.456,5112.144,53.958,35.378,33.554,9.949,0.0,0.0
688,4.0,12.0,1.0,4.0,4.0,0.0,2496.987,5121.351,127.666,38.556,38.334,9.859,0.0,0.0
689,4.0,12.0,1.0,5.0,5.0,0.0,2500.342,5186.096,18.864,38.485,38.395,9.857,0.0,0.0
690,5.0,12.0,1.0,0.0,0.0,0.0,2960.589,4926.183,64.054,38.805,38.619,9.927,0.0,0.0
691,5.0,12.0,1.0,1.0,1.0,0.0,3079.392,4947.408,60.327,38.202,37.84,9.901,0.0,0.0
692,5.0,12.0,1.0,2.0,2.0,0.0,3401.775,5074.638,78.448,39.004,38.62,9.952,0.0,0.0
693,5.0,12.0,1.0,3.0,3.0,0.0,3103.586,5123.246,66.482,38.106,37.988,9.908,0.0,0.0
694,5.0,12.0,1.0,4.0,4.0,0.0,2980.814,5166.819,6.332,38.808,38.522,9.915,0.0,0.0
695,5.0,12.0,1.0,5.0,7.0,0.0,2948.496,5309.143,66.139,38.572,38.32,9.713,0.0,0.0
696,5.0,12.0,1.0,6.0,8.0,0.0,3181.088,5312.068,-4.461,39.838,34.974,9.585,0.0,0.0
697,6.0,12.0,1.0,0.0,0.0,0.0,4041.11,4916.588,90.878,40.885,33.047,9.436,0.0,0.0
698,6.0,12.0,1.0,1.0,1.0,0.0,3803.817,4999.442,80.911,37.973,37.57,9.835,0.0,0.0
699,6.0,12.0,1.0,2.0,2.0,0.0,4042.716,5022.081,91.062,42.538,29.898,9.25,0.0,0.0
700,6.0,12.0,1.0,3.0,3.0,0.0,3553.037,5039.123,107.522,38.36,36.682,9.259,0.0,0.0
701,6.0,12.0,1.0,4.0,8.0,0.0,3485.887,5203.97,9.163,38.731,38.258,9.948,0.0,0.0
702,7.0,12.0,1.0,0.0,2.0,0.0,4559.567,4925.918,110.148,38.647,38.6,9.905,0.0,0.0
703,7.0,12.0,1.0,1.0,3.0,0.0,4221.359,4955.088,76.671,38.262,38.1,9.866,0.0,0.0
704,7.0,12.0,1.0,2.0,5.0,0.0,4592.331,5034.812,114.078,38.048,37.704,9.787,0.0,0.0
706,7.0,12.0,1.0,4.0,7.0,0.0,4557.442,5099.996,-12.992,38.855,38.337,9.974,0.0,0.0
707,7.0,12.0,1.0,5.0,8.0,0.0,4473.254,5104.195,118.9,38.391,36.963,9.816,0.0,0.0
708,7.0,12.0,1.0,6.0,9.0,0.0,4100.043,5126.709,22.955,38.128,37.987,9.834,0.0,0.0
709,7.0,12.0,1.0,7.0,10.0,0.0,4139.435,5282.265,-35.591,38.617,38.408,9.876,0.0,0.0
710,7.0,12.0,1.0,8.0,11.0,0.0,4274.771,5303.909,52.28,39.073,38.895,9.922,0.0,0.0
711,8.0,12.0,1.0,0.0,0.0,0.0,4720.505,4932.377,81.086,38.469,38.221,9.908,0.0,0.0
712,8.0,12.0,1.0,1.0,1.0,0.0,4939.3,4950.768,-4.82,38.506,38.165,9.906,0.0,0.0
713,8.0,12.0,1.0,2.0,2.0,0.0,4730.656,4972.653,95.369,39.09,38.298,9.559,0.0,0.0
714,8.0,12.0,1.0,3.0,3.0,0.0,4881.326,4981.012,109.94,37.655,37.574,9.795,0.0,0.0
715,8.0,12.0,1.0,4.0,4.0,0.0,5102.445,5036.537,50.056,38.472,38.218,9.909,0.0,0.0
716,8.0,12.0,1.0,5.0,5.0,0.0,4971.505,5060.853,-23.638,37.236,36.939,9.735,0.0,0.0
717,8.0,12.0,1.0,6.0,7.0,0.0,5116.993,5141.638,44.628,38.882,38.801,9.961,0.0,0.0
718,9.0,12.0,1.0,0.0,2.0,0.0,5757.959,4973.532,126.604,39.18,38.884,9.861,0.0,0.0
719,9.0,12.0,1.0,1.0,3.0,0.0,5430.671,4974.725,55.107,38.545,38.326,9.932,0.0,0.0
720,9.0,12.0,1.0,2.0,4.0,0.0,5289.518,4997.021,63.159,37.956,37.521,9.828,0.0,0.0
721,9.0,12.0,1.0,3.0,7.0,0.0,5314.4,5162.36,104.802,38.772,38.555,9.915,0.0,0.0
722,9.0,12.0,1.0,4.0,8.0,0.0,5642.251,5165.396,14.863,37.955,37.742,9.78,0.0,0.0
723,9.0,12.0,1.0,5.0,10.0,0.0,5713.794,5271.645,1.906,39.134,38.823,9.996,0.0,0.0
724,0.0,2.0,1.0,0.0,0.0,0.0,37.111,857.276,119.249,39.492,38.844,33.308,4.0,
725,2.0,0.0,1.0,0.0,0.0,0.0,1259.299,34.441,6.678,39.952,38.467,33.289,4.0,
726,3.0,10.0,1.0,0.0,0.0,0.0,2011.529,4320.058,-19.472,39.389,37.553,32.639,4.0,
727,3.0,1.0,1.0,0.0,0.0,0.0,2064.409,661.913,5.178,39.232,39.033,33.287,4.0,
728,4.0,4.0,1.0,0.0,0.0,0.0,2727.172,1876.995,-7.852,39.767,38.734,33.42,4.0,
729,5.0,10.0,1.0,0.0,0.0,0.0,3297.995,4274.82,4.929,39.597,39.418,33.602,4.0,
730,5.0,4.0,1.0,0.0,0.0,0.0,3157.827,1771.782,78.696,39.713,38.593,33.346,4.0,
731,6.0,0.0,1.0,0.0,0.0,0.0,3772.509,264.809,108.225,40.169,38.209,33.24,4.0,
732,6.0,3.0,1.0,0.0,0.0,0.0,3628.98,1350.028,15.8,39.574,38.463,33.207,4.0,
733,6.0,9.0,1.0,0.0,0.0,0.0,3993.481,3877.436,69.963,39.663,38.299,33.163,4.0,
734,6.0,10.0,1.0,0.0,0.0,0.0,3580.018,4356.18,116.935,38.89,38.763,33.021,4.0,
735,7.0,12.0,1.0,0.0,0.0,0.0,4065.842,5090.718,-33.726,38.51,37.843,32.418,4.0,
736,7.0,7.0,1.0,0.0,0.0,0.0,4412.321,3111.587,5.25,39.186,38.736,33.121,4.0,
737,7.0,0.0,1.0,0.0,0.0,0.0,4439.285,242.575,-41.307,40.169,38.098,33.339,4.0,
738,8.0,1.0,1.0,0.0,0.0,0.0,4957.414,673.943,37.088,39.678,38.039,33.174,4.0,
739,9.0,8.0,1.0,0.0,0.0,0.0,5422.575,3623.292,115.724,42.162,36.787,33.555,4.0,
740,9.0,0.0,1.0,0.0,0.0,0.0,5451.67,329.728,17.163,39.948,38.747,33.47,4.0,
</ResultDatas>,,,,,,,,,,,,,,
<ElementResult>,,,,,,,,,,,,,,
0,0.0,,,,,,,,,,,,,
1,0.0,,,,,,,,,,,,,
2,0.0,,,,,,,,,,,,,
3,0.0,,,,,,,,,,,,,
4,0.0,,,,,,,,,,,,,
5,693.0,,,,,,,,,,,,,
</ElementResult>,,,,,,,,,,,,,,
0,0.0,0.0,1.0,0.0,2.0,0.0,127.04,93.094,21.526,38.776,38.524,9.987,0.0,0.0
1,0.0,0.0,1.0,1.0,3.0,0.0,499.657,125.595,107.545,39.521,38.996,9.992,0.0,0.0
2,0.0,0.0,1.0,2.0,4.0,0.0,308.926,131.37,78.521,38.702,38.322,9.951,0.0,0.0
3,0.0,0.0,1.0,3.0,5.0,0.0,153.928,258.839,129.964,39.041,38.65,9.886,0.0,0.0
4,0.0,0.0,1.0,4.0,7.0,0.0,141.783,417.961,-1.848,41.69,31.593,9.343,0.0,0.0
5,1.0,0.0,1.0,0.0,1.0,0.0,666.633,78.339,119.891,38.979,38.908,9.987,0.0,0.0
6,1.0,0.0,1.0,1.0,2.0,0.0,909.184,94.124,-3.116,38.546,38.408,9.943,0.0,0.0
7,1.0,0.0,1.0,2.0,3.0,0.0,1033.529,147.223,53.235,38.283,37.995,9.855,0.0,0.0
8,1.0,0.0,1.0,3.0,5.0,0.0,997.364,252.796,126.244,38.146,36.921,9.477,0.0,0.0
9,1.0,0.0,1.0,4.0,6.0,0.0,885.184,266.475,9.987,37.459,36.374,8.927,0.0,0.0
10,1.0,0.0,1.0,5.0,7.0,0.0,894.618,323.957,20.073,38.337,38.048,9.946,0.0,0.0
11,1.0,0.0,1.0,6.0,8.0,0.0,791.062,345.142,70.84,38.17,37.736,9.807,0.0,0.0
12,2.0,0.0,1.0,0.0,3.0,0.0,1575.06,90.288,96.466,38.562,38.453,9.95,0.0,0.0
13,2.0,0.0,1.0,1.0,4.0,0.0,1492.953,160.617,26.393,37.95,37.79,9.862,0.0,0.0
14,2.0,0.0,1.0,2.0,6.0,0.0,1335.582,307.676,117.78,38.398,38.317,9.989,0.0,0.0
15,2.0,0.0,1.0,3.0,9.0,0.0,1289.306,418.289,-2.597,43.344,28.847,8.556,0.0,0.0
16,3.0,0.0,1.0,0.0,0.0,0.0,2174.484,57.322,120.29,38.635,38.464,9.961,0.0,0.0
17,3.0,0.0,1.0,1.0,1.0,0.0,1981.035,78.854,86.835,38.787,38.548,9.992,0.0,0.0
18,3.0,0.0,1.0,2.0,2.0,0.0,2132.997,253.635,114.768,38.257,37.353,9.476,0.0,0.0
19,3.0,0.0,1.0,3.0,3.0,0.0,1982.478,258.35,20.039,38.458,38.065,9.887,0.0,0.0
20,3.0,0.0,1.0,4.0,4.0,0.0,2089.712,359.244,79.066,38.77,38.554,9.99,0.0,0.0
21,3.0,0.0,1.0,5.0,5.0,0.0,2107.887,418.873,-4.252,41.795,30.137,9.174,0.0,0.0
22,4.0,0.0,1.0,0.0,1.0,0.0,2564.682,81.911,106.88,37.968,37.399,9.588,0.0,0.0
23,4.0,0.0,1.0,1.0,3.0,0.0,2757.632,108.22,122.252,38.497,38.475,9.945,0.0,0.0
25,4.0,0.0,1.0,3.0,5.0,0.0,2581.87,319.996,-12.154,38.66,38.423,9.959,0.0,0.0
26,4.0,0.0,1.0,4.0,6.0,0.0,2456.122,370.645,119.042,38.485,38.288,9.919,0.0,0.0
27,5.0,0.0,1.0,0.0,1.0,0.0,3118.241,73.474,114.224,38.484,38.251,9.914,0.0,0.0
28,5.0,0.0,1.0,1.0,2.0,0.0,2916.058,101.874,11.146,38.608,38.562,9.895,0.0,0.0
29,5.0,0.0,1.0,2.0,3.0,0.0,3444.626,283.863,-13.318,39.0,38.914,9.99,0.0,0.0
30,6.0,0.0,1.0,0.0,2.0,0.0,3795.145,82.502,78.794,38.507,38.12,9.9,0.0,0.0
31,6.0,0.0,1.0,1.0,3.0,0.0,3640.913,86.37,54.929,38.545,38.237,9.92,0.0,0.0
32,6.0,0.0,1.0,2.0,4.0,0.0,3719.55,96.404,90.888,38.353,38.212,9.892,0.0,0.0
33,6.0,0.0,1.0,3.0,5.0,0.0,3981.908,161.84,13.718,38.6,38.452,9.879,0.0,0.0
34,6.0,0.0,1.0,4.0,6.0,0.0,3692.611,246.502,97.5,38.539,38.377,9.938,0.0,0.0
35,7.0,0.0,1.0,0.0,1.0,0.0,4339.098,66.442,93.883,39.026,37.594,9.259,0.0,0.0
36,7.0,0.0,1.0,1.0,4.0,0.0,4143.69,280.639,-0.642,38.862,38.603,9.933,0.0,0.0
37,8.0,0.0,1.0,0.0,0.0,0.0,4698.542,116.926,80.907,39.024,38.742,9.971,0.0,0.0
38,8.0,0.0,1.0,1.0,1.0,0.0,5038.991,139.305,125.174,38.532,38.46,9.948,0.0,0.0
39,8.0,0.0,1.0,2.0,2.0,0.0,5143.161,143.533,61.821,39.139,38.69,9.979,0.0,0.0
40,8.0,0.0,1.0,3.0,3.0,0.0,5135.196,280.626,132.346,38.773,38.733,9.938,0.0,0.0
41,9.0,0.0,1.0,0.0,1.0,0.0,5760.868,62.463,-34.754,39.046,38.691,9.894,0.0,0.0
42,9.0,0.0,1.0,1.0,3.0,0.0,5384.734,178.612,34.527,39.12,38.766,9.912,0.0,0.0
43,9.0,0.0,1.0,2.0,4.0,0.0,5359.498,247.328,67.732,38.385,37.95,9.862,0.0,0.0
44,9.0,0.0,1.0,3.0,5.0,0.0,5766.495,259.171,89.063,38.958,37.045,9.743,0.0,0.0
45,9.0,0.0,1.0,4.0,6.0,0.0,5415.679,304.852,78.366,38.816,38.22,9.952,0.0,0.0
46,0.0,1.0,1.0,0.0,3.0,0.0,288.528,505.487,53.143,38.707,38.467,9.895,0.0,0.0
47,0.0,1.0,1.0,1.0,4.0,0.0,216.437,583.957,52.692,38.176,37.993,9.918,0.0,0.0
49,0.0,1.0,1.0,3.0,7.0,0.0,154.751,655.424,-31.98,38.532,38.265,9.922,0.0,0.0
50,0.0,1.0,1.0,4.0,8.0,0.0,344.098,722.816,-0.221,38.442,38.328,9.919,0.0,0.0
51,0.0,1.0,1.0,5.0,12.0,0.0,463.71,827.51,25.259,35.633,23.623,9.268,0.0,0.0
52,1.0,1.0,1.0,0.0,1.0,0.0,984.062,533.418,-40.93,38.294,37.954,9.928,0.0,0.0
53,1.0,1.0,1.0,1.0,2.0,0.0,875.259,544.993,88.398,38.47,38.194,9.905,0.0,0.0
54,1.0,1.0,1.0,2.0,4.0,0.0,705.98,621.925,110.921,38.98,37.929,9.86,0.0,0.0
55,1.0,1.0,1.0,3.0,5.0,0.0,846.722,668.552,63.119,38.516,38.44,9.943,0.0,0.0
56,1.0,1.0,1.0,4.0,7.0,0.0,607.317,740.092,30.506,39.205,38.621,9.831,0.0,0.0
57,2.0,1.0,1.0,0.0,2.0,0.0,1206.648,430.634,88.128,38.387,38.083,9.805,0.0,0.0
58,2.0,1.0,1.0,1.0,3.0,0.0,1521.136,434.102,129.912,38.328,38.148,9.881,0.0,0.0
59,2.0,1.0,1.0,2.0,4.0,0.0,1349.463,454.933,131.688,39.208,38.072,9.409,0.0,0.0
60,2.0,1.0,1.0,3.0,5.0,0.0,1327.278,576.752,33.78,38.815,38.736,9.944,0.0,0.0
61,2.0,1.0,1.0,4.0,7.0,0.0,1387.321,686.114,126.522,38.261,38.184,9.802,0.0,0.0
62,2.0,1.0,1.0,5.0,9.0,0.0,1566.967,739.718,37.584,39.086,38.873,9.996,0.0,0.0
63,3.0,1.0,1.0,0.0,1.0,0.0,2186.464,451.52,76.089,38.863,38.555,9.926,0.0,0.0
64,3.0,1.0,1.0,1.0,2.0,0.0,2246.557,468.911,-28.863,38.618,38.423,9.954,0.0,0.0
65,3.0,1.0,1.0,2.0,4.0,0.0,1810.321,600.02,-32.748,38.717,38.615,9.915,0.0,0.0
66,3.0,1.0,1.0,3.0,6.0,0.0,2005.074,754.042,89.396,38.893,38.812,9.963,0.0,0.0
67,3.0,1.0,1.0,4.0,7.0,0.0,2072.478,818.238,78.742,38.87,38.54,9.851,0.0,0.0
68,4.0,1.0,1.0,0.0,0.0,0.0,2641.248,432.448,-1.452,38.529,38.111,9.902,0.0,0.0
69,4.0,1.0,1.0,1.0,2.0,0.0,2341.287,465.584,54.003,38.683,38.465,9.968,0.0,0.0
70,4.0,1.0,1.0,2.0,3.0,0.0,2715.706,536.17,87.307,38.556,38.28,9.927,0.0,0.0
71,4.0,1.0,1.0,3.0,4.0,0.0,2745.013,582.368,66.169,38.599,38.324,9.939,0.0,0.0
72,4.0,1.0,1.0,4.0,5.0,0.0,2499.76,596.654,-5.961,38.791,38.238,9.952,0.0,0.0
73,4.0,1.0,1.0,5.0,6.0,0.0,2829.099,601.083,117.401,38.791,38.6,9.999,0.0,0.0
74,4.0,1.0,1.0,6.0,9.0,0.0,2851.392,697.853,53.079,39.129,38.787,9.991,0.0,0.0
75,4.0,1.0,1.0,7.0,11.0,0.0,2481.987,794.433,64.69,39.259,38.67,9.991,0.0,0.0
76,5.0,1.0,1.0,0.0,0.0,0.0,3201.567,496.779,104.038,39.046,37.987,9.876,0.0,0.0
77,5.0,1.0,1.0,1.0,4.0,0.0,3025.951,732.803,62.96,39.048,38.882,9.992,0.0,0.0
79,5.0,1.0,1.0,3.0,5.0,0.0,3196.858,741.706,43.56,34.384,33.417,9.813,0.0,0.0
80,6.0,1.0,1.0,0.0,1.0,0.0,3838.552,584.161,-35.636,32.952,24.806,9.016,0.0,0.0
81,6.0,1.0,1.0,1.0,2.0,0.0,3635.87,650.478,108.283,38.736,38.611,9.993,0.0,0.0
83,6.0,1.0,1.0,3.0,4.0,0.0,3891.652,705.229,84.913,38.286,38.119,9.948,0.0,0.0
84,6.0,1.0,1.0,4.0,6.0,0.0,3697.048,735.234,69.299,38.546,38.233,9.92,0.0,0.0
85,6.0,1.0,1.0,5.0,8.0,0.0,3914.84,789.33,17.419,38.684,38.517,9.975,0.0,0.0
86,7.0,1.0,1.0,0.0,1.0,0.0,4242.636,461.925,39.173,39.3,38.825,9.942,0.0,0.0
87,7.0,1.0,1.0,1.0,2.0,0.0,4407.778,603.459,114.503,38.25,36.796,9.261,0.0,0.0
88,7.0,1.0,1.0,2.0,6.0,0.0,4273.427,826.921,-5.565,41.911,27.959,8.955,0.0,0.0
89,8.0,1.0,1.0,0.0,0.0,0.0,4678.021,496.307,-38.582,38.789,37.949,9.48,0.0,0.0
90,9.0,1.0,1.0,0.0,2.0,0.0,5720.322,571.64,106.885,38.414,38.255,9.906,0.0,0.0
91,9.0,1.0,1.0,1.0,3.0,0.0,5514.114,573.41,-4.348,38.452,38.342,9.922,0.0,0.0
92,9.0,1.0,1.0,2.0,4.0,0.0,5338.398,595.568,-43.248,38.18,38.109,9.934,0.0,0.0
93,9.0,1.0,1.0,3.0,5.0,0.0,5605.178,607.346,-31.879,38.553,38.434,9.947,0.0,0.0
94,9.0,1.0,1.0,4.0,7.0,0.0,5279.544,755.855,88.76,38.906,38.722,9.953,0.0,0.0
95,0.0,2.0,1.0,0.0,8.0,0.0,544.532,1203.981,-20.1,39.815,39.7,9.972,0.0,0.0
96,1.0,2.0,1.0,0.0,3.0,0.0,1072.66,846.102,-27.19,38.908,38.88,9.974,0.0,0.0
97,1.0,2.0,1.0,1.0,4.0,0.0,753.115,858.068,63.216,38.43,38.1,9.888,0.0,0.0
98,1.0,2.0,1.0,2.0,5.0,0.0,960.318,938.003,127.64,38.244,37.951,9.844,0.0,0.0
99,1.0,2.0,1.0,3.0,7.0,0.0,1060.554,1013.435,66.645,38.732,38.443,9.971,0.0,0.0
100,1.0,2.0,1.0,4.0,9.0,0.0,890.86,1068.226,31.059,38.124,37.838,9.74,0.0,0.0
103,1.0,2.0,1.0,7.0,11.0,0.0,974.764,1131.674,89.872,38.433,38.116,9.89,0.0,0.0
104,2.0,2.0,1.0,0.0,3.0,0.0,1430.157,845.361,88.48,38.524,37.813,9.863,0.0,0.0
105,2.0,2.0,1.0,1.0,4.0,0.0,1478.128,943.385,125.485,38.985,38.843,9.979,0.0,0.0
106,2.0,2.0,1.0,2.0,5.0,0.0,1626.301,1039.605,-36.857,38.709,38.65,9.919,0.0,0.0
109,2.0,2.0,1.0,5.0,7.0,0.0,1482.825,1100.029,11.942,37.916,37.605,9.833,0.0,0.0
110,2.0,2.0,1.0,6.0,8.0,0.0,1607.545,1118.124,58.028,38.825,38.535,9.919,0.0,0.0
111,3.0,2.0,1.0,0.0,2.0,0.0,2178.569,922.121,-41.767,38.928,38.775,9.963,0.0,0.0
112,3.0,2.0,1.0,1.0,3.0,0.0,2103.968,951.276,100.069,38.086,37.665,9.863,0.0,0.0
113,3.0,2.0,1.0,2.0,4.0,0.0,1784.04,966.261,-5.225,38.739,38.489,9.978,0.0,0.0
114,3.0,2.0,1.0,3.0,7.0,0.0,2093.989,1036.32,-37.954,37.8,37.496,9.804,0.0,0.0
115,3.0,2.0,1.0,4.0,9.0,0.0,1927.74,1069.45,-12.215,38.537,38.161,9.987,0.0,0.0
116,3.0,2.0,1.0,5.0,10.0,0.0,2247.147,1098.062,-33.89,39.752,35.888,9.849,0.0,0.0
117,3.0,2.0,1.0,6.0,11.0,0.0,1972.698,1116.032,132.206,38.88,38.764,9.955,0.0,0.0
118,3.0,2.0,1.0,7.0,12.0,0.0,1857.185,1181.132,122.775,38.932,38.686,9.952,0.0,0.0
119,4.0,2.0,1.0,0.0,1.0,0.0,2806.808,931.884,132.986,39.024,38.938,9.996,0.0,0.0
120,4.0,2.0,1.0,1.0,2.0,0.0,2678.39,964.242,130.757,38.252,38.138,9.947,0.0,0.0
121,4.0,2.0,1.0,2.0,9.0,0.0,2525.699,1135.458,79.787,38.152,37.92,9.905,0.0,0.0
122,5.0,2.0,1.0,0.0,0.0,0.0,3270.855,899.28,78.051,38.982,38.8,9.973,0.0,0.0
123,5.0,2.0,1.0,1.0,2.0,0.0,3363.356,982.826,94.595,38.645,38.509,9.968,0.0,0.0
124,6.0,2.0,1.0,0.0,0.0,0.0,3866.583,859.572,61.782,39.135,38.883,9.928,0.0,0.0
125,6.0,2.0,1.0,1.0,1.0,0.0,3771.127,899.995,-35.118,38.073,37.956,9.9,0.0,0.0
126,6.0,2.0,1.0,2.0,2.0,0.0,3926.317,1021.718,110.628,38.248,37.843,9.907,0.0,0.0
127,6.0,2.0,1.0,3.0,3.0,0.0,3515.936,1023.975,51.15,38.829,38.447,9.909,0.0,0.0
128,6.0,2.0,1.0,4.0,4.0,0.0,3629.461,1108.153,109.946,38.763,38.603,9.92,0.0,0.0
130,7.0,2.0,1.0,0.0,5.0,0.0,4373.908,911.862,123.885,38.492,38.219,9.911,0.0,0.0
131,7.0,2.0,1.0,1.0,6.0,0.0,4264.602,1127.246,131.854,38.44,38.217,9.904,0.0,0.0
132,7.0,2.0,1.0,2.0,7.0,0.0,4317.383,1181.309,125.418,38.877,38.641,9.939,0.0,0.0
133,8.0,2.0,1.0,0.0,2.0,0.0,5015.37,909.256,132.49,38.627,38.463,9.96,0.0,0.0
134,8.0,2.0,1.0,1.0,4.0,0.0,4813.492,938.666,-38.655,38.881,38.671,9.944,0.0,0.0
135,8.0,2.0,1.0,2.0,5.0,0.0,4924.582,974.794,78.453,38.163,38.066,9.926,0.0,0.0
136,8.0,2.0,1.0,3.0,6.0,0.0,4649.332,1025.689,-13.051,38.621,38.418,9.878,0.0,0.0
137,8.0,2.0,1.0,4.0,7.0,0.0,4833.569,1072.064,-19.389,38.927,38.595,9.94,0.0,0.0
138,8.0,2.0,1.0,5.0,8.0,0.0,4895.098,1091.264,83.763,38.255,37.923,9.842,0.0,0.0
140,9.0,2.0,1.0,1.0,2.0,0.0,5493.685,1070.523,53.577,37.825,36.945,9.233,0.0,0.0
141,0.0,3.0,1.0,0.0,2.0,0.0,378.349,1276.445,120.033,38.621,38.239,9.781,0.0,0.0
142,0.0,3.0,1.0,1.0,3.0,0.0,348.917,1378.295,37.361,38.56,38.289,9.929,0.0,0.0
143,0.0,3.0,1.0,2.0,4.0,0.0,209.06,1481.142,134.401,38.28,38.116,9.871,0.0,0.0
144,0.0,3.0,1.0,3.0,5.0,0.0,301.706,1524.87,24.958,38.244,38.008,9.852,0.0,0.0
145,0.0,3.0,1.0,4.0,6.0,0.0,415.651,1581.199,20.145,39.054,38.764,9.978,0.0,0.0
146,1.0,3.0,1.0,0.0,1.0,0.0,663.999,1502.947,10.283,38.402,37.915,9.86,0.0,0.0
147,2.0,3.0,1.0,0.0,1.0,0.0,1295.556,1256.8,79.634,39.005,38.703,9.964,0.0,0.0
148,2.0,3.0,1.0,1.0,2.0,0.0,1277.733,1307.797,98.843,38.962,38.617,9.947,0.0,0.0
149,2.0,3.0,1.0,2.0,4.0,0.0,1418.741,1379.382,72.037,38.503,38.339,9.928,0.0,0.0
150,2.0,3.0,1.0,3.0,5.0,0.0,1287.482,1467.632,23.001,38.31,38.092,9.871,0.0,0.0
151,2.0,3.0,1.0,4.0,6.0,0.0,1231.473,1478.685,-25.564,38.898,38.35,9.905,0.0,0.0
152,2.0,3.0,1.0,5.0,7.0,0.0,1399.163,1482.325,44.557,38.739,38.586,9.991,0.0,0.0
153,3.0,3.0,1.0,0.0,2.0,0.0,1833.549,1306.15,52.997,38.529,38.109,9.827,0.0,0.0
154,3.0,3.0,1.0,1.0,3.0,0.0,1875.075,1373.858,-19.72,38.268,38.233,9.884,0.0,0.0
155,3.0,3.0,1.0,2.0,8.0,0.0,1797.342,1540.708,-6.358,38.728,38.301,9.953,0.0,0.0
156,3.0,3.0,1.0,3.0,9.0,0.0,2068.517,1579.29,92.473,38.65,38.265,9.937,0.0,0.0
157,3.0,3.0,1.0,4.0,10.0,0.0,2145.164,1620.114,63.313,38.958,38.9,9.908,0.0,0.0
158,4.0,3.0,1.0,0.0,2.0,0.0,2804.095,1341.252,-30.408,39.239,39.074,9.893,0.0,0.0
159,4.0,3.0,1.0,1.0,3.0,0.0,2496.004,1386.079,127.236,38.649,38.458,9.962,0.0,0.0
160,4.0,3.0,1.0,2.0,4.0,0.0,2716.638,1425.848,104.54,38.753,37.248,9.119,0.0,0.0
161,4.0,3.0,1.0,3.0,6.0,0.0,2499.729,1600.983,72.209,39.171,38.936,9.94,0.0,0.0
162,5.0,3.0,1.0,0.0,0.0,0.0,3423.404,1329.888,13.924,38.409,38.091,9.884,0.0,0.0
163,5.0,3.0,1.0,1.0,1.0,0.0,3304.253,1330.358,98.243,39.012,38.885,9.988,0.0,0.0
164,5.0,3.0,1.0,2.0,3.0,0.0,3290.449,1388.3,-39.404,38.405,38.118,9.887,0.0,0.0
165,5.0,3.0,1.0,3.0,5.0,0.0,3243.755,1499.605,45.046,38.275,37.952,9.849,0.0,0.0
166,6.0,3.0,1.0,0.0,1.0,0.0,3855.163,1321.482,128.295,38.334,38.167,9.884,0.0,0.0
167,6.0,3.0,1.0,1.0,2.0,0.0,3746.295,1332.784,21.791,38.544,38.249,9.922,0.0,0.0
168,6.0,3.0,1.0,2.0,5.0,0.0,4016.808,1525.945,23.467,39.411,39.126,9.921,0.0,0.0
169,6.0,3.0,1.0,3.0,6.0,0.0,3601.173,1553.449,-3.665,39.949,38.479,9.705,0.0,0.0
172,7.0,3.0,1.0,0.0,0.0,0.0,4163.515,1261.183,87.796,38.854,38.492,9.917,0.0,0.0
173,7.0,3.0,1.0,1.0,2.0,0.0,4376.783,1315.52,0.798,39.385,39.176,9.998,0.0,0.0
174,7.0,3.0,1.0,2.0,3.0,0.0,4440.101,1340.664,53.039,38.502,38.274,9.92,0.0,0.0
175,7.0,3.0,1.0,3.0,4.0,0.0,4490.777,1371.218,30.842,38.601,38.314,9.938,0.0,0.0
176,7.0,3.0,1.0,4.0,5.0,0.0,4505.572,1456.29,79.443,38.534,38.146,9.907,0.0,0.0
177,7.0,3.0,1.0,5.0,6.0,0.0,4310.679,1515.858,-11.009,39.061,38.675,9.967,0.0,0.0
178,7.0,3.0,1.0,6.0,7.0,0.0,4532.606,1517.245,108.422,39.302,39.143,9.983,0.0,0.0
179,7.0,3.0,1.0,7.0,10.0,0.0,4419.861,1552.59,66.607,38.54,38.103,9.902,0.0,0.0
180,7.0,3.0,1.0,8.0,11.0,0.0,4265.318,1558.816,118.73,38.982,38.919,9.988,0.0,0.0
181,7.0,3.0,1.0,9.0,12.0,0.0,4413.676,1641.548,-3.791,40.936,32.78,9.435,0.0,0.0
182,8.0,3.0,1.0,0.0,1.0,0.0,5133.087,1335.617,-35.073,39.056,38.808,9.984,0.0,0.0
183,8.0,3.0,1.0,1.0,2.0,0.0,4719.53,1406.765,58.186,38.833,38.562,9.924,0.0,0.0
184,8.0,3.0,1.0,2.0,5.0,0.0,4950.701,1644.033,-3.737,41.807,28.258,9.359,0.0,0.0
185,9.0,3.0,1.0,0.0,3.0,0.0,5696.204,1382.871,-9.566,38.394,37.974,9.867,0.0,0.0
186,9.0,3.0,1.0,1.0,4.0,0.0,5372.641,1407.644,124.247,38.593,38.407,9.873,0.0,0.0
187,9.0,3.0,1.0,2.0,5.0,0.0,5753.266,1477.216,9.904,39.375,38.996,9.973,0.0,0.0
188,9.0,3.0,1.0,3.0,6.0,0.0,5346.267,1493.302,85.313,37.84,37.402,9.797,0.0,0.0
189,9.0,3.0,1.0,4.0,8.0,0.0,5238.256,1571.77,127.348,38.635,38.365,9.873,0.0,0.0
190,0.0,4.0,1.0,0.0,0.0,0.0,145.382,1667.489,102.48,38.322,38.148,9.957,0.0,0.0
191,0.0,4.0,1.0,1.0,1.0,0.0,132.584,1865.473,44.809,38.868,38.577,9.93,0.0,0.0
192,0.0,4.0,1.0,2.0,3.0,0.0,566.641,1917.134,57.842,38.911,38.868,9.898,0.0,0.0
193,0.0,4.0,1.0,3.0,4.0,0.0,177.343,1921.408,57.683,38.465,38.384,9.929,0.0,0.0
194,0.0,4.0,1.0,4.0,5.0,0.0,208.609,2042.743,127.075,39.102,38.954,9.933,0.0,0.0
195,1.0,4.0,1.0,0.0,1.0,0.0,664.077,1746.673,59.151,39.035,38.179,9.406,0.0,0.0
196,1.0,4.0,1.0,1.0,2.0,0.0,961.446,1834.333,120.249,37.966,37.852,9.796,0.0,0.0
197,1.0,4.0,1.0,2.0,3.0,0.0,1025.954,1880.984,15.098,38.228,38.071,9.935,0.0,0.0
198,1.0,4.0,1.0,3.0,5.0,0.0,785.638,1935.782,83.844,38.861,38.805,9.958,0.0,0.0
199,1.0,4.0,1.0,4.0,6.0,0.0,996.656,1964.866,72.762,38.333,38.111,9.877,0.0,0.0
200,2.0,4.0,1.0,0.0,1.0,0.0,1186.754,1674.632,33.83,38.688,38.343,9.953,0.0,0.0
201,2.0,4.0,1.0,1.0,4.0,0.0,1398.063,1885.642,69.893,38.452,38.416,9.932,0.0,0.0
202,3.0,4.0,1.0,0.0,2.0,0.0,2278.368,1683.462,120.31,39.26,39.186,9.983,0.0,0.0
203,3.0,4.0,1.0,1.0,4.0,0.0,1955.61,1728.281,20.947,38.26,38.163,9.874,0.0,0.0
204,3.0,4.0,1.0,2.0,6.0,0.0,1929.949,1836.26,-37.244,38.603,38.44,9.954,0.0,0.0
205,3.0,4.0,1.0,3.0,7.0,0.0,1818.85,1872.06,78.048,38.9,38.558,9.932,0.0,0.0
206,3.0,4.0,1.0,4.0,8.0,0.0,1987.264,1921.328,16.466,38.396,38.189,9.895,0.0,0.0
207,3.0,4.0,1.0,5.0,9.0,0.0,2271.512,1963.993,107.731,38.681,38.365,9.954,0.0,0.0
208,3.0,4.0,1.0,6.0,10.0,0.0,1963.308,1982.618,116.769,39.401,38.987,9.976,0.0,0.0
209,3.0,4.0,1.0,7.0,11.0,0.0,1911.383,2009.365,120.273,39.515,38.414,9.708,0.0,0.0
210,4.0,4.0,1.0,0.0,1.0,0.0,2545.27,1704.167,67.741,38.005,37.483,9.829,0.0,0.0
211,4.0,4.0,1.0,1.0,2.0,0.0,2723.319,1707.003,-7.644,38.966,38.713,9.96,0.0,0.0
212,4.0,4.0,1.0,2.0,4.0,0.0,2639.957,1721.836,132.832,38.582,38.362,9.866,0.0,0.0
213,4.0,4.0,1.0,3.0,6.0,0.0,2654.743,1987.03,12.55,38.5,38.298,9.922,0.0,0.0
218,5.0,4.0,1.0,2.0,2.0,0.0,2969.647,1794.444,9.839,38.513,38.328,9.928,0.0,0.0
219,5.0,4.0,1.0,3.0,3.0,0.0,3202.168,1857.415,-18.057,38.247,36.685,9.054,0.0,0.0
220,5.0,4.0,1.0,4.0,4.0,0.0,3462.248,1918.605,88.914,39.469,37.673,9.814,0.0,0.0
221,5.0,4.0,1.0,5.0,5.0,0.0,3092.073,1918.869,89.317,39.011,38.904,9.99,0.0,0.0
222,5.0,4.0,1.0,6.0,7.0,0.0,3248.192,1985.0,6.136,38.681,38.641,9.914,0.0,0.0
224,6.0,4.0,1.0,0.0,1.0,0.0,3957.382,1672.808,-38.04,39.465,37.938,9.232,0.0,0.0
225,6.0,4.0,1.0,1.0,2.0,0.0,3829.513,1761.6,76.451,38.157,37.924,9.83,0.0,0.0
226,6.0,4.0,1.0,2.0,5.0,0.0,3948.236,1844.2,113.055,38.875,38.691,9.945,0.0,0.0
227,6.0,4.0,1.0,3.0,7.0,0.0,3591.78,1948.529,100.127,39.049,38.826,9.985,0.0,0.0
228,6.0,4.0,1.0,4.0,8.0,0.0,3678.569,1981.781,105.356,38.706,38.434,9.966,0.0,0.0
229,7.0,4.0,1.0,0.0,1.0,0.0,4231.333,1676.243,81.407,38.891,38.348,9.979,0.0,0.0
230,7.0,4.0,1.0,1.0,2.0,0.0,4613.351,1691.372,86.309,38.443,37.879,9.86,0.0,0.0
231,7.0,4.0,1.0,2.0,4.0,0.0,4490.878,1777.7,61.491,38.258,38.059,9.937,0.0,0.0
233,7.0,4.0,1.0,4.0,6.0,0.0,4533.666,1928.335,24.443,38.854,38.781,9.954,0.0,0.0
235,7.0,4.0,1.0,6.0,9.0,0.0,4212.978,2047.241,-3.678,40.308,36.357,9.61,0.0,0.0
236,8.0,4.0,1.0,0.0,2.0,0.0,5066.35,1660.522,104.057,38.107,38.012,9.911,0.0,0.0
237,8.0,4.0,1.0,1.0,3.0,0.0,4808.118,1687.426,130.137,38.462,38.176,9.827,0.0,0.0
238,8.0,4.0,1.0,2.0,7.0,0.0,4632.101,1777.057,76.208,38.521,38.363,9.934,0.0,0.0
239,9.0,4.0,1.0,0.0,1.0,0.0,5434.684,1701.007,114.06,38.167,37.711,9.804,0.0,0.0
240,9.0,4.0,1.0,1.0,3.0,0.0,5379.483,1820.661,18.66,38.975,38.707,9.96,0.0,0.0
241,9.0,4.0,1.0,2.0,7.0,0.0,5352.265,1955.481,123.11,38.928,38.759,9.961,0.0,0.0
242,9.0,4.0,1.0,3.0,8.0,0.0,5212.624,2003.948,126.476,39.438,39.034,9.987,0.0,0.0
243,0.0,5.0,1.0,0.0,1.0,0.0,179.067,2093.713,90.39,38.225,37.369,9.691,0.0,0.0
244,0.0,5.0,1.0,1.0,3.0,0.0,357.4,2173.83,61.046,38.135,37.986,9.835,0.0,0.0
245,0.0,5.0,1.0,2.0,4.0,0.0,88.524,2210.356,108.126,38.777,38.476,9.981,0.0,0.0
246,0.0,5.0,1.0,3.0,5.0,0.0,499.614,2318.157,8.619,38.895,38.746,9.955,0.0,0.0
248,1.0,5.0,1.0,1.0,2.0,0.0,740.073,2123.281,39.782,38.37,38.104,9.88,0.0,0.0
249,1.0,5.0,1.0,2.0,3.0,0.0,1120.952,2149.84,45.132,39.046,38.742,9.974,0.0,0.0
250,1.0,5.0,1.0,3.0,4.0,0.0,1020.494,2177.101,22.336,38.169,38.127,9.858,0.0,0.0
251,1.0,5.0,1.0,4.0,6.0,0.0,1131.4,2273.72,21.452,38.82,38.544,9.919,0.0,0.0
252,1.0,5.0,1.0,5.0,7.0,0.0,941.149,2317.767,97.144,37.999,37.709,9.858,0.0,0.0
253,1.0,5.0,1.0,6.0,8.0,0.0,831.09,2322.073,9.774,38.978,38.901,9.986,0.0,0.0
254,1.0,5.0,1.0,7.0,9.0,0.0,902.774,2395.18,41.452,38.355,37.997,9.942,0.0,0.0
255,1.0,5.0,1.0,8.0,10.0,0.0,630.189,2434.419,59.74,38.819,38.47,9.837,0.0,0.0
256,2.0,5.0,1.0,0.0,0.0,0.0,1312.097,2062.901,42.493,39.097,38.792,9.987,0.0,0.0
257,2.0,5.0,1.0,1.0,1.0,0.0,1467.861,2067.516,109.822,38.897,38.63,9.94,0.0,0.0
258,2.0,5.0,1.0,2.0,2.0,0.0,1273.012,2089.927,64.246,38.465,38.057,9.887,0.0,0.0
259,2.0,5.0,1.0,3.0,6.0,0.0,1254.021,2251.575,-3.843,38.105,37.89,9.896,0.0,0.0
260,2.0,5.0,1.0,4.0,7.0,0.0,1379.904,2259.576,27.042,38.611,38.433,9.954,0.0,0.0
261,2.0,5.0,1.0,5.0,8.0,0.0,1447.739,2281.432,122.841,38.434,37.784,9.847,0.0,0.0
262,2.0,5.0,1.0,6.0,10.0,0.0,1504.594,2359.475,75.269,38.046,37.806,9.876,0.0,0.0
263,2.0,5.0,1.0,7.0,11.0,0.0,1391.386,2437.546,-41.899,39.032,38.772,9.976,0.0,0.0
264,3.0,5.0,1.0,0.0,4.0,0.0,2311.329,2230.863,92.68,39.586,36.062,9.691,0.0,0.0
265,3.0,5.0,1.0,1.0,5.0,0.0,2009.902,2299.776,-28.852,38.81,38.682,9.936,0.0,0.0
266,4.0,5.0,1.0,0.0,1.0,0.0,2439.502,2087.075,107.296,38.415,38.025,9.953,0.0,0.0
267,4.0,5.0,1.0,1.0,2.0,0.0,2607.653,2096.578,-32.292,38.281,38.196,9.958,0.0,0.0
268,4.0,5.0,1.0,2.0,4.0,0.0,2463.944,2164.297,31.132,38.618,38.196,9.85,0.0,0.0
269,4.0,5.0,1.0,3.0,5.0,0.0,2376.61,2207.66,73.71,38.914,38.854,9.971,0.0,0.0
270,4.0,5.0,1.0,4.0,7.0,0.0,2588.74,2277.101,-28.887,38.298,38.259,9.891,0.0,0.0
271,4.0,5.0,1.0,5.0,8.0,0.0,2740.78,2281.583,114.86,38.661,37.191,9.659,0.0,0.0
272,4.0,5.0,1.0,6.0,9.0,0.0,2697.582,2329.74,23.306,38.027,37.608,9.849,0.0,0.0
273,4.0,5.0,1.0,7.0,10.0,0.0,2341.69,2416.72,-24.725,38.97,38.387,9.995,0.0,0.0
274,4.0,5.0,1.0,8.0,12.0,0.0,2458.604,2439.782,95.802,39.185,38.984,9.948,0.0,0.0
275,5.0,5.0,1.0,0.0,0.0,0.0,2910.982,2060.317,72.384,38.909,37.625,9.264,0.0,0.0
276,5.0,5.0,1.0,1.0,1.0,0.0,3317.304,2066.609,115.11,38.222,38.185,9.949,0.0,0.0
277,5.0,5.0,1.0,2.0,2.0,0.0,3060.568,2091.098,46.205,38.268,38.122,9.87,0.0,0.0
278,5.0,5.0,1.0,3.0,4.0,0.0,3180.73,2147.264,-31.076,39.471,39.099,9.999,0.0,0.0
279,5.0,5.0,1.0,4.0,5.0,0.0,3292.261,2153.785,105.036,38.498,38.211,9.836,0.0,0.0
280,5.0,5.0,1.0,5.0,6.0,0.0,2949.377,2181.606,47.079,38.53,38.35,9.933,0.0,0.0
281,5.0,5.0,1.0,6.0,7.0,0.0,3402.329,2189.924,76.978,38.832,38.68,9.939,0.0,0.0
282,5.0,5.0,1.0,7.0,8.0,0.0,3009.949,2191.946,28.276,38.838,38.686,9.94,0.0,0.0
283,5.0,5.0,1.0,8.0,11.0,0.0,3025.084,2284.764,129.644,38.913,38.65,9.945,0.0,0.0
285,6.0,5.0,1.0,0.0,0.0,0.0,3607.156,2178.923,8.888,38.862,38.446,9.912,0.0,0.0
286,6.0,5.0,1.0,1.0,1.0,0.0,3525.402,2190.135,10.513,38.487,38.194,9.907,0.0,0.0
287,6.0,5.0,1.0,2.0,3.0,0.0,3787.98,2322.582,31.163,38.595,38.48,9.958,0.0,0.0
288,6.0,5.0,1.0,3.0,4.0,0.0,3475.952,2393.016,-15.181,38.907,38.628,9.942,0.0,0.0
289,7.0,5.0,1.0,0.0,2.0,0.0,4180.56,2198.894,121.726,38.601,38.357,9.943,0.0,0.0
290,7.0,5.0,1.0,1.0,3.0,0.0,4465.321,2230.237,-3.791,37.815,37.691,9.832,0.0,0.0
291,7.0,5.0,1.0,2.0,4.0,0.0,4212.887,2272.703,124.487,38.394,38.322,9.912,0.0,0.0
292,7.0,5.0,1.0,3.0,5.0,0.0,4145.115,2273.468,10.162,38.591,38.398,9.871,0.0,0.0
293,7.0,5.0,1.0,4.0,6.0,0.0,4616.745,2361.481,80.806,41.446,32.628,9.865,0.0,0.0
294,8.0,5.0,1.0,0.0,0.0,0.0,5163.131,2093.441,83.67,38.895,38.782,9.96,0.0,0.0
295,8.0,5.0,1.0,1.0,1.0,0.0,4806.582,2107.587,121.4,38.245,38.032,9.855,0.0,0.0
296,8.0,5.0,1.0,2.0,2.0,0.0,5095.367,2190.347,37.222,38.582,38.411,9.948,0.0,0.0
297,8.0,5.0,1.0,3.0,3.0,0.0,4819.611,2273.038,84.739,38.524,38.36,9.858,0.0,0.0
298,8.0,5.0,1.0,4.0,4.0,0.0,4786.175,2310.948,-20.047,39.112,38.751,9.984,0.0,0.0
300,9.0,5.0,1.0,0.0,0.0,0.0,5491.158,2062.796,-33.578,38.508,38.17,9.907,0.0,0.0
303,9.0,5.0,1.0,3.0,5.0,0.0,5348.674,2455.58,-1.682,40.306,35.925,9.617,0.0,0.0
304,0.0,6.0,1.0,0.0,2.0,0.0,571.013,2536.087,-1.044,38.694,38.558,9.905,0.0,0.0
305,0.0,6.0,1.0,1.0,3.0,0.0,177.781,2650.39,86.832,38.339,38.211,9.89,0.0,0.0
306,0.0,6.0,1.0,2.0,5.0,0.0,430.845,2686.622,85.11,38.235,38.096,9.862,0.0,0.0
307,0.0,6.0,1.0,3.0,6.0,0.0,531.928,2701.144,1.707,38.702,38.597,9.911,0.0,0.0
308,1.0,6.0,1.0,0.0,2.0,0.0,907.849,2597.907,130.041,38.303,38.272,9.894,0.0,0.0
309,1.0,6.0,1.0,1.0,5.0,0.0,838.985,2758.857,95.73,38.658,38.227,9.934,0.0,0.0
310,1.0,6.0,1.0,2.0,6.0,0.0,761.009,2825.773,15.577,38.844,38.828,9.959,0.0,0.0
311,1.0,6.0,1.0,3.0,7.0,0.0,984.094,2826.175,32.895,38.926,38.708,9.954,0.0,0.0
312,2.0,6.0,1.0,0.0,2.0,0.0,1433.907,2534.816,-28.078,38.565,38.222,9.921,0.0,0.0
313,2.0,6.0,1.0,1.0,3.0,0.0,1705.013,2647.644,19.448,39.324,39.21,9.994,0.0,0.0
314,2.0,6.0,1.0,2.0,4.0,0.0,1328.057,2667.352,34.354,38.661,38.176,9.928,0.0,0.0
315,2.0,6.0,1.0,3.0,6.0,0.0,1650.777,2782.311,48.393,39.001,38.592,9.949,0.0,0.0
316,3.0,6.0,1.0,0.0,1.0,0.0,2255.251,2472.105,79.334,38.673,38.288,9.943,0.0,0.0
317,3.0,6.0,1.0,1.0,4.0,0.0,2179.401,2608.652,85.52,38.975,38.833,9.976,0.0,0.0
318,3.0,6.0,1.0,2.0,6.0,0.0,2090.402,2728.011,-17.492,38.425,38.054,9.882,0.0,0.0
319,4.0,6.0,1.0,0.0,3.0,0.0,2641.906,2591.555,89.087,39.148,38.617,9.971,0.0,0.0
320,4.0,6.0,1.0,1.0,4.0,0.0,2828.336,2609.524,40.192,39.096,38.833,9.992,0.0,0.0
321,4.0,6.0,1.0,2.0,6.0,0.0,2477.155,2689.318,64.799,38.663,38.307,9.795,0.0,0.0
322,4.0,6.0,1.0,3.0,7.0,0.0,2763.704,2799.52,-28.537,39.15,38.84,9.925,0.0,0.0
323,4.0,6.0,1.0,4.0,8.0,0.0,2367.874,2832.272,-32.532,38.807,38.732,9.942,0.0,0.0
324,5.0,6.0,1.0,0.0,1.0,0.0,3325.215,2479.289,117.767,38.379,38.287,9.982,0.0,0.0
325,5.0,6.0,1.0,1.0,7.0,0.0,3163.749,2723.767,48.044,38.544,38.028,9.817,0.0,0.0
326,5.0,6.0,1.0,2.0,10.0,0.0,2997.14,2867.724,-1.006,45.133,25.606,8.431,0.0,0.0
327,6.0,6.0,1.0,0.0,2.0,0.0,3615.672,2524.889,5.079,38.52,38.506,9.952,0.0,0.0
328,6.0,6.0,1.0,1.0,3.0,0.0,3678.813,2567.121,50.111,38.98,38.354,9.991,0.0,0.0
329,6.0,6.0,1.0,2.0,6.0,0.0,3707.36,2719.102,45.367,38.194,37.893,9.831,0.0,0.0
330,6.0,6.0,1.0,3.0,7.0,0.0,3605.846,2744.6,66.747,39.023,38.716,9.893,0.0,0.0
331,6.0,6.0,1.0,4.0,8.0,0.0,3674.504,2785.547,-32.181,39.016,38.966,9.999,0.0,0.0
332,7.0,6.0,1.0,0.0,0.0,0.0,4246.804,2528.54,25.469,38.551,38.382,9.864,0.0,0.0
333,7.0,6.0,1.0,1.0,1.0,0.0,4126.551,2533.843,18.054,38.368,37.994,9.791,0.0,0.0
334,7.0,6.0,1.0,2.0,2.0,0.0,4450.194,2679.874,83.324,38.632,37.422,9.258,0.0,0.0
335,7.0,6.0,1.0,3.0,3.0,0.0,4263.407,2695.683,-38.354,39.268,38.937,9.952,0.0,0.0
336,7.0,6.0,1.0,4.0,4.0,0.0,4472.075,2713.689,69.467,38.8,38.078,9.857,0.0,0.0
337,7.0,6.0,1.0,5.0,5.0,0.0,4526.74,2725.527,65.038,38.885,38.809,9.962,0.0,0.0
338,7.0,6.0,1.0,6.0,8.0,0.0,4356.956,2864.525,6.058,40.388,33.222,9.828,0.0,0.0
339,8.0,6.0,1.0,0.0,2.0,0.0,4724.936,2512.056,51.594,38.806,38.526,9.915,0.0,0.0
340,8.0,6.0,1.0,1.0,3.0,0.0,4913.258,2557.679,58.017,38.506,38.367,9.932,0.0,0.0
341,8.0,6.0,1.0,2.0,4.0,0.0,4911.183,2635.278,66.675,38.764,38.392,9.969,0.0,0.0
342,8.0,6.0,1.0,3.0,6.0,0.0,4793.367,2747.453,71.899,38.941,38.611,9.944,0.0,0.0
343,9.0,6.0,1.0,0.0,2.0,0.0,5546.203,2482.277,35.226,39.029,38.858,9.987,0.0,0.0
344,9.0,6.0,1.0,1.0,3.0,0.0,5762.859,2594.212,-4.37,39.059,38.86,9.991,0.0,0.0
345,9.0,6.0,1.0,2.0,4.0,0.0,5482.144,2633.433,60.414,38.897,38.653,9.944,0.0,0.0
346,9.0,6.0,1.0,3.0,5.0,0.0,5644.279,2642.821,121.898,38.757,38.548,9.988,0.0,0.0
347,0.0,7.0,1.0,0.0,2.0,0.0,439.637,2946.501,-34.76,38.719,38.415,9.966,0.0,0.0
348,0.0,7.0,1.0,1.0,4.0,0.0,158.553,3033.097,-6.053,38.731,38.497,9.978,0.0,0.0
349,0.0,7.0,1.0,2.0,5.0,0.0,34.931,3055.924,33.724,39.313,39.096,9.979,0.0,0.0
350,0.0,7.0,1.0,3.0,6.0,0.0,301.332,3122.972,61.881,38.286,38.075,9.866,0.0,0.0
351,1.0,7.0,1.0,0.0,3.0,0.0,829.767,2930.301,121.473,38.236,37.893,9.912,0.0,0.0
352,1.0,7.0,1.0,1.0,6.0,0.0,1015.612,2985.907,100.191,38.473,38.015,9.882,0.0,0.0
353,2.0,7.0,1.0,0.0,0.0,0.0,1630.456,2878.071,-40.051,39.056,38.804,9.983,0.0,0.0
354,2.0,7.0,1.0,1.0,2.0,0.0,1613.196,3036.58,-20.539,38.321,38.195,9.886,0.0,0.0
355,2.0,7.0,1.0,2.0,3.0,0.0,1434.487,3065.418,110.068,38.383,38.3,9.908,0.0,0.0
356,2.0,7.0,1.0,3.0,5.0,0.0,1435.37,3106.391,59.805,38.834,38.604,9.929,0.0,0.0
357,2.0,7.0,1.0,4.0,6.0,0.0,1523.632,3151.623,32.833,38.152,38.058,9.923,0.0,0.0
358,3.0,7.0,1.0,0.0,0.0,0.0,2143.269,2896.345,114.367,38.509,38.332,9.928,0.0,0.0
360,3.0,7.0,1.0,2.0,4.0,0.0,2066.414,3125.748,124.538,37.973,36.411,9.392,0.0,0.0
361,3.0,7.0,1.0,3.0,5.0,0.0,1910.915,3149.471,61.532,38.314,38.118,9.875,0.0,0.0
362,4.0,7.0,1.0,0.0,0.0,0.0,2859.35,2889.485,90.783,39.254,38.375,9.952,0.0,0.0
363,4.0,7.0,1.0,1.0,1.0,0.0,2534.121,2906.975,55.944,38.88,38.662,9.943,0.0,0.0
364,4.0,7.0,1.0,2.0,4.0,0.0,2516.345,3045.985,96.203,38.014,37.915,9.886,0.0,0.0
366,4.0,7.0,1.0,4.0,5.0,0.0,2643.813,3085.293,51.748,37.666,36.902,9.145,0.0,0.0
367,4.0,7.0,1.0,5.0,6.0,0.0,2767.116,3097.507,41.997,38.163,37.867,9.9,0.0,0.0
368,4.0,7.0,1.0,6.0,7.0,0.0,2858.14,3170.01,7.811,39.396,39.118,9.992,0.0,0.0
369,4.0,7.0,1.0,7.0,8.0,0.0,2479.122,3170.758,-16.361,38.694,38.366,9.957,0.0,0.0
370,4.0,7.0,1.0,8.0,9.0,0.0,2348.915,3198.623,-15.736,38.973,38.882,9.908,0.0,0.0
371,4.0,7.0,1.0,9.0,10.0,0.0,2596.399,3271.827,-2.682,39.468,35.442,9.596,0.0,0.0
372,5.0,7.0,1.0,0.0,1.0,0.0,3181.206,2935.739,90.094,38.639,38.094,9.914,0.0,0.0
373,5.0,7.0,1.0,1.0,2.0,0.0,3039.953,3011.621,26.55,37.705,37.485,9.79,0.0,0.0
374,5.0,7.0,1.0,2.0,3.0,0.0,3338.751,3123.1,53.541,38.611,38.506,9.964,0.0,0.0
375,5.0,7.0,1.0,3.0,4.0,0.0,3148.975,3127.994,116.476,38.946,36.915,9.22,0.0,0.0
376,5.0,7.0,1.0,4.0,5.0,0.0,3035.882,3155.748,17.192,38.557,38.447,9.949,0.0,0.0
377,5.0,7.0,1.0,5.0,6.0,0.0,3201.416,3176.135,29.31,38.459,38.172,9.901,0.0,0.0
378,5.0,7.0,1.0,6.0,8.0,0.0,3119.31,3241.111,27.569,38.719,38.647,9.996,0.0,0.0
379,6.0,7.0,1.0,0.0,0.0,0.0,3949.815,2888.359,53.947,38.787,38.54,9.991,0.0,0.0
380,6.0,7.0,1.0,1.0,1.0,0.0,3826.732,2972.738,24.825,38.572,38.222,9.922,0.0,0.0
381,6.0,7.0,1.0,2.0,4.0,0.0,3504.112,3125.679,19.799,38.574,38.453,9.876,0.0,0.0
382,7.0,7.0,1.0,0.0,3.0,0.0,4211.88,2880.507,84.889,38.63,38.451,9.883,0.0,0.0
383,7.0,7.0,1.0,1.0,4.0,0.0,4527.598,2987.788,1.265,38.334,37.886,9.925,0.0,0.0
384,8.0,7.0,1.0,0.0,2.0,0.0,4867.019,2974.812,16.41,38.363,38.233,9.896,0.0,0.0
386,8.0,7.0,1.0,2.0,4.0,0.0,5164.938,3064.161,8.202,38.999,38.909,9.989,0.0,0.0
387,8.0,7.0,1.0,3.0,9.0,0.0,5000.87,3216.119,-12.382,38.827,38.702,9.941,0.0,0.0
388,8.0,7.0,1.0,4.0,11.0,0.0,4770.044,3255.693,-16.854,38.936,38.868,9.976,0.0,0.0
389,9.0,7.0,1.0,0.0,0.0,0.0,5636.269,2920.491,71.702,38.546,38.318,9.931,0.0,0.0
390,9.0,7.0,1.0,1.0,1.0,0.0,5414.816,2979.298,93.913,38.692,38.443,9.966,0.0,0.0
391,0.0,8.0,1.0,0.0,0.0,0.0,420.43,3333.934,46.966,38.693,38.486,9.971,0.0,0.0
392,0.0,8.0,1.0,1.0,1.0,0.0,557.442,3502.704,60.161,39.068,38.819,9.986,0.0,0.0
393,1.0,8.0,1.0,0.0,1.0,0.0,1061.521,3396.848,101.822,38.988,38.732,9.965,0.0,0.0
394,1.0,8.0,1.0,1.0,2.0,0.0,927.474,3439.214,-0.252,38.064,38.007,9.829,0.0,0.0
395,1.0,8.0,1.0,2.0,3.0,0.0,1018.989,3524.488,107.226,38.041,37.619,9.851,0.0,0.0
396,1.0,8.0,1.0,3.0,4.0,0.0,897.299,3575.228,8.42,38.462,38.27,9.914,0.0,0.0
397,1.0,8.0,1.0,4.0,5.0,0.0,598.158,3607.092,14.646,39.156,38.801,9.921,0.0,0.0
398,1.0,8.0,1.0,5.0,6.0,0.0,1009.071,3622.922,-22.575,38.805,38.682,9.935,0.0,0.0
399,2.0,8.0,1.0,0.0,2.0,0.0,1191.02,3352.116,-31.591,39.14,38.829,9.997,0.0,0.0
400,2.0,8.0,1.0,1.0,3.0,0.0,1406.812,3367.429,36.848,38.746,38.374,9.964,0.0,0.0
401,2.0,8.0,1.0,2.0,4.0,0.0,1566.663,3428.679,127.337,37.674,37.438,9.78,0.0,0.0
402,2.0,8.0,1.0,3.0,5.0,0.0,1673.56,3483.928,37.654,38.667,38.38,9.955,0.0,0.0
403,2.0,8.0,1.0,4.0,6.0,0.0,1283.16,3555.961,68.102,38.999,38.743,9.968,0.0,0.0
404,2.0,8.0,1.0,5.0,7.0,0.0,1475.256,3580.835,37.423,38.562,38.423,9.947,0.0,0.0
405,2.0,8.0,1.0,6.0,8.0,0.0,1554.08,3588.274,67.102,38.125,37.868,9.895,0.0,0.0
406,2.0,8.0,1.0,7.0,11.0,0.0,1572.078,3681.279,-4.981,40.778,33.342,9.339,0.0,0.0
407,3.0,8.0,1.0,0.0,2.0,0.0,2246.905,3359.441,68.623,38.82,38.455,9.908,0.0,0.0
409,3.0,8.0,1.0,2.0,4.0,0.0,2250.144,3566.865,63.809,39.038,38.806,9.981,0.0,0.0
410,3.0,8.0,1.0,3.0,5.0,0.0,2031.035,3597.055,128.743,38.598,38.443,9.878,0.0,0.0
411,3.0,8.0,1.0,4.0,7.0,0.0,1761.263,3643.172,43.359,38.936,38.751,9.961,0.0,0.0
412,4.0,8.0,1.0,0.0,2.0,0.0,2608.295,3419.711,83.678,39.093,38.782,9.985,0.0,0.0
413,4.0,8.0,1.0,1.0,3.0,0.0,2712.768,3426.885,12.577,38.643,38.263,9.937,0.0,0.0
414,4.0,8.0,1.0,2.0,4.0,0.0,2645.35,3450.335,134.996,37.969,37.93,9.883,0.0,0.0
415,4.0,8.0,1.0,3.0,5.0,0.0,2793.742,3502.685,35.761,38.8,38.667,9.933,0.0,0.0
416,4.0,8.0,1.0,4.0,6.0,0.0,2509.89,3521.685,16.927,38.625,38.568,9.974,0.0,0.0
417,4.0,8.0,1.0,5.0,7.0,0.0,2390.434,3540.835,-25.031,38.469,38.285,9.917,0.0,0.0
418,4.0,8.0,1.0,6.0,10.0,0.0,2583.183,3573.802,26.214,38.252,37.948,9.845,0.0,0.0
419,4.0,8.0,1.0,7.0,12.0,0.0,2590.588,3680.87,-4.417,41.655,34.096,9.55,0.0,0.0
420,5.0,8.0,1.0,0.0,1.0,0.0,3218.421,3287.106,67.158,38.247,38.01,9.853,0.0,0.0
421,5.0,8.0,1.0,1.0,3.0,0.0,3002.711,3452.906,78.723,38.054,37.845,9.883,0.0,0.0
423,5.0,8.0,1.0,3.0,5.0,0.0,3288.063,3540.344,-39.663,38.254,36.65,9.379,0.0,0.0
424,6.0,8.0,1.0,0.0,2.0,0.0,3881.751,3350.853,119.879,38.964,38.867,9.979,0.0,0.0
425,6.0,8.0,1.0,1.0,3.0,0.0,3700.669,3404.331,127.249,38.469,38.215,9.908,0.0,0.0
426,6.0,8.0,1.0,2.0,4.0,0.0,3768.812,3407.415,69.866,38.126,38.101,9.925,0.0,0.0
427,7.0,8.0,1.0,0.0,1.0,0.0,4089.278,3356.153,60.429,38.975,38.724,9.962,0.0,0.0
429,7.0,8.0,1.0,2.0,4.0,0.0,4176.49,3676.348,-2.532,38.964,38.885,9.907,0.0,0.0
430,8.0,8.0,1.0,0.0,3.0,0.0,4988.22,3363.865,-31.969,38.921,38.455,9.921,0.0,0.0
431,8.0,8.0,1.0,1.0,4.0,0.0,4851.448,3393.167,113.988,38.394,38.17,9.892,0.0,0.0
432,8.0,8.0,1.0,2.0,5.0,0.0,4794.385,3432.064,92.48,39.682,39.052,9.946,0.0,0.0
433,8.0,8.0,1.0,3.0,6.0,0.0,5105.581,3433.233,116.659,38.349,37.921,9.854,0.0,0.0
434,8.0,8.0,1.0,4.0,7.0,0.0,4991.616,3457.711,-36.759,38.617,38.3,9.938,0.0,0.0
435,8.0,8.0,1.0,5.0,8.0,0.0,4642.403,3465.575,-10.874,38.626,38.477,9.886,0.0,0.0
436,9.0,8.0,1.0,0.0,1.0,0.0,5445.044,3398.358,28.37,38.461,38.364,9.926,0.0,0.0
437,9.0,8.0,1.0,1.0,4.0,0.0,5419.774,3565.716,-11.752,38.655,38.439,9.885,0.0,0.0
438,9.0,8.0,1.0,2.0,5.0,0.0,5339.6,3604.726,14.73,38.616,38.403,9.951,0.0,0.0
439,0.0,9.0,1.0,0.0,0.0,0.0,357.723,3702.594,108.651,38.765,38.075,9.927,0.0,0.0
440,0.0,9.0,1.0,1.0,1.0,0.0,273.249,3836.068,61.864,38.438,38.261,9.91,0.0,0.0
442,0.0,9.0,1.0,3.0,3.0,0.0,404.415,3950.195,127.563,38.518,37.73,9.04,0.0,0.0
443,1.0,9.0,1.0,0.0,1.0,0.0,1065.746,3717.172,80.792,39.346,38.042,9.92,0.0,0.0
445,1.0,9.0,1.0,2.0,3.0,0.0,1117.511,3796.389,68.972,38.876,38.494,9.996,0.0,0.0
446,1.0,9.0,1.0,3.0,7.0,0.0,668.255,4087.367,-1.463,40.397,35.864,9.57,0.0,0.0
447,3.0,9.0,1.0,0.0,2.0,0.0,1837.26,3720.237,62.783,38.798,38.541,9.917,0.0,0.0
448,3.0,9.0,1.0,1.0,3.0,0.0,1755.47,3748.843,55.012,38.773,38.482,9.981,0.0,0.0
449,3.0,9.0,1.0,2.0,5.0,0.0,1991.63,3787.021,106.752,38.759,38.525,9.985,0.0,0.0
450,3.0,9.0,1.0,3.0,6.0,0.0,1972.414,3832.246,102.891,38.536,38.206,9.915,0.0,0.0
451,3.0,9.0,1.0,4.0,7.0,0.0,1883.735,3843.909,74.469,38.916,38.745,9.958,0.0,0.0
452,3.0,9.0,1.0,5.0,9.0,0.0,1844.611,4014.723,106.279,39.661,39.432,9.991,0.0,0.0
454,4.0,9.0,1.0,0.0,4.0,0.0,2366.494,3727.903,29.785,39.124,38.705,9.98,0.0,0.0
455,4.0,9.0,1.0,1.0,5.0,0.0,2538.094,3802.902,88.629,38.177,37.117,9.727,0.0,0.0
456,4.0,9.0,1.0,2.0,8.0,0.0,2738.752,4020.122,83.579,38.928,38.368,9.986,0.0,0.0
457,4.0,9.0,1.0,3.0,9.0,0.0,2624.452,4034.312,-18.803,38.75,38.553,9.988,0.0,0.0
458,5.0,9.0,1.0,0.0,2.0,0.0,2996.423,3748.267,46.959,38.451,38.183,9.826,0.0,0.0
459,5.0,9.0,1.0,1.0,3.0,0.0,3339.118,3783.092,67.863,38.552,38.113,9.755,0.0,0.0
460,5.0,9.0,1.0,2.0,4.0,0.0,3174.081,3855.238,-44.939,38.38,38.278,9.905,0.0,0.0
461,5.0,9.0,1.0,3.0,5.0,0.0,3071.657,3895.957,132.431,38.902,38.783,9.961,0.0,0.0
462,5.0,9.0,1.0,4.0,6.0,0.0,3202.555,3912.803,75.287,38.035,36.999,9.263,0.0,0.0
463,5.0,9.0,1.0,5.0,7.0,0.0,3021.001,3949.088,-33.253,38.699,38.513,9.976,0.0,0.0
464,5.0,9.0,1.0,6.0,8.0,0.0,3368.589,3973.938,83.139,39.049,38.628,9.959,0.0,0.0
465,5.0,9.0,1.0,7.0,9.0,0.0,3309.751,4020.073,6.171,39.282,39.095,9.974,0.0,0.0
466,5.0,9.0,1.0,8.0,10.0,0.0,3214.724,4051.381,70.534,38.768,38.556,9.914,0.0,0.0
467,6.0,9.0,1.0,0.0,1.0,0.0,3698.919,3714.286,85.969,38.886,38.728,9.952,0.0,0.0
468,6.0,9.0,1.0,1.0,3.0,0.0,3853.969,3788.095,129.602,38.401,38.143,9.89,0.0,0.0
470,6.0,9.0,1.0,3.0,5.0,0.0,3912.927,3833.68,8.131,38.592,38.409,9.949,0.0,0.0
471,6.0,9.0,1.0,4.0,6.0,0.0,3693.375,3882.989,-16.835,38.697,38.57,9.983,0.0,0.0
472,6.0,9.0,1.0,5.0,7.0,0.0,3738.406,3936.785,79.598,38.555,38.219,9.919,0.0,0.0
473,6.0,9.0,1.0,6.0,8.0,0.0,3894.338,3964.936,33.628,38.473,38.365,9.928,0.0,0.0
474,6.0,9.0,1.0,7.0,10.0,0.0,3844.0,4027.478,-18.602,38.66,38.466,9.889,0.0,0.0
475,6.0,9.0,1.0,8.0,11.0,0.0,3782.507,4085.269,13.87,39.039,38.574,9.951,0.0,0.0
476,7.0,9.0,1.0,0.0,2.0,0.0,4589.862,3710.165,93.994,38.734,38.555,9.986,0.0,0.0
477,7.0,9.0,1.0,1.0,3.0,0.0,4614.407,3807.914,89.137,39.781,37.332,9.805,0.0,0.0
478,7.0,9.0,1.0,2.0,5.0,0.0,4496.072,3857.634,7.78,39.05,38.81,9.983,0.0,0.0
479,7.0,9.0,1.0,3.0,7.0,0.0,4354.861,3969.655,59.839,38.046,37.722,9.865,0.0,0.0
480,7.0,9.0,1.0,4.0,8.0,0.0,4195.123,3986.479,-9.31,39.113,39.02,9.943,0.0,0.0
481,7.0,9.0,1.0,5.0,9.0,0.0,4192.778,4041.31,46.067,39.017,38.62,9.88,0.0,0.0
482,7.0,9.0,1.0,6.0,10.0,0.0,4535.484,4062.614,4.527,39.677,39.567,9.937,0.0,0.0
483,8.0,9.0,1.0,0.0,1.0,0.0,5078.538,3775.25,98.069,38.828,38.44,9.907,0.0,0.0
484,8.0,9.0,1.0,1.0,2.0,0.0,4705.371,3793.031,2.343,38.046,37.794,9.875,0.0,0.0
485,8.0,9.0,1.0,2.0,4.0,0.0,4801.534,4000.175,98.63,39.009,38.711,9.965,0.0,0.0
486,8.0,9.0,1.0,3.0,5.0,0.0,4692.205,4025.003,33.293,39.216,39.123,9.969,0.0,0.0
487,9.0,9.0,1.0,0.0,1.0,0.0,5355.875,3762.387,80.362,38.542,37.661,9.552,0.0,0.0
488,9.0,9.0,1.0,1.0,4.0,0.0,5347.579,3855.791,37.428,38.16,37.868,9.899,0.0,0.0
489,9.0,9.0,1.0,2.0,6.0,0.0,5572.341,3948.66,-24.077,37.521,36.717,9.302,0.0,0.0
490,9.0,9.0,1.0,3.0,8.0,0.0,5727.039,3958.15,8.366,39.671,39.516,9.859,0.0,0.0
491,9.0,9.0,1.0,4.0,10.0,0.0,5382.231,4006.744,29.275,38.949,38.544,9.936,0.0,0.0
494,0.0,10.0,1.0,0.0,2.0,0.0,120.971,4171.247,81.872,38.811,38.614,9.927,0.0,0.0
495,0.0,10.0,1.0,1.0,3.0,0.0,309.953,4174.754,85.961,39.784,39.209,9.978,0.0,0.0
496,0.0,10.0,1.0,2.0,4.0,0.0,325.579,4212.545,82.035,38.785,38.401,9.897,0.0,0.0
497,0.0,10.0,1.0,3.0,5.0,0.0,93.255,4217.258,24.433,38.353,38.215,9.893,0.0,0.0
498,0.0,10.0,1.0,4.0,7.0,0.0,452.906,4239.457,-36.481,38.806,38.723,9.941,0.0,0.0
499,0.0,10.0,1.0,5.0,10.0,0.0,177.599,4398.281,81.103,38.962,38.891,9.982,0.0,0.0
500,0.0,10.0,1.0,6.0,11.0,0.0,223.543,4458.235,89.17,38.685,38.472,9.893,0.0,0.0
501,0.0,10.0,1.0,7.0,12.0,0.0,275.252,4489.776,-5.764,39.333,38.985,9.967,0.0,0.0
502,1.0,10.0,1.0,0.0,1.0,0.0,871.938,4162.052,56.205,37.627,37.364,9.764,0.0,0.0
503,1.0,10.0,1.0,1.0,2.0,0.0,1011.901,4163.363,75.076,39.068,38.743,9.977,0.0,0.0
504,1.0,10.0,1.0,2.0,3.0,0.0,1057.159,4223.58,73.979,39.073,38.905,9.998,0.0,0.0
505,1.0,10.0,1.0,3.0,4.0,0.0,627.063,4275.668,18.374,37.995,37.735,9.785,0.0,0.0
506,1.0,10.0,1.0,4.0,6.0,0.0,801.425,4312.479,39.562,38.528,38.395,9.939,0.0,0.0
507,1.0,10.0,1.0,5.0,8.0,0.0,950.515,4394.521,74.254,37.906,37.608,9.832,0.0,0.0
508,1.0,10.0,1.0,6.0,9.0,0.0,782.08,4489.419,78.633,38.796,38.682,9.934,0.0,0.0
509,2.0,10.0,1.0,0.0,2.0,0.0,1339.997,4142.961,14.473,38.554,38.507,9.957,0.0,0.0
510,2.0,10.0,1.0,1.0,3.0,0.0,1469.501,4189.723,-36.338,38.714,38.227,9.941,0.0,0.0
511,2.0,10.0,1.0,2.0,5.0,0.0,1182.73,4329.718,54.462,38.913,38.755,9.958,0.0,0.0
512,2.0,10.0,1.0,3.0,7.0,0.0,1451.653,4378.619,99.015,37.922,37.904,9.873,0.0,0.0
513,3.0,10.0,1.0,0.0,1.0,0.0,2267.387,4110.51,118.253,39.017,38.721,9.968,0.0,0.0
514,3.0,10.0,1.0,1.0,2.0,0.0,2044.241,4236.801,127.664,38.654,38.582,9.903,0.0,0.0
515,3.0,10.0,1.0,2.0,4.0,0.0,2175.16,4326.846,-27.853,37.866,37.61,9.828,0.0,0.0
516,3.0,10.0,1.0,3.0,5.0,0.0,1922.072,4336.84,56.611,37.962,37.77,9.861,0.0,0.0
517,3.0,10.0,1.0,4.0,7.0,0.0,2180.444,4404.371,-24.623,38.98,38.887,9.984,0.0,0.0
518,3.0,10.0,1.0,5.0,9.0,0.0,1856.118,4473.335,8.814,39.298,38.984,9.962,0.0,0.0
519,4.0,10.0,1.0,0.0,1.0,0.0,2345.692,4154.372,21.896,38.729,38.356,9.809,0.0,0.0
520,4.0,10.0,1.0,1.0,3.0,0.0,2386.884,4274.67,64.864,38.228,37.976,9.846,0.0,0.0
521,4.0,10.0,1.0,2.0,4.0,0.0,2602.214,4309.817,96.119,38.028,37.824,9.876,0.0,0.0
522,5.0,10.0,1.0,0.0,0.0,0.0,2957.071,4167.105,112.873,38.573,38.194,9.919,0.0,0.0
523,5.0,10.0,1.0,1.0,1.0,0.0,3047.086,4274.295,14.654,38.281,38.06,9.863,0.0,0.0
524,5.0,10.0,1.0,2.0,3.0,0.0,3025.937,4388.312,2.848,38.791,38.491,9.985,0.0,0.0
526,6.0,10.0,1.0,0.0,1.0,0.0,4007.705,4122.198,-38.574,38.683,38.606,9.986,0.0,0.0
527,6.0,10.0,1.0,1.0,2.0,0.0,3789.877,4153.535,106.945,38.424,38.229,9.904,0.0,0.0
528,6.0,10.0,1.0,2.0,3.0,0.0,3568.503,4199.428,125.985,38.805,38.522,9.991,0.0,0.0
535,7.0,10.0,1.0,1.0,1.0,0.0,4475.223,4282.768,113.548,38.863,37.131,9.051,0.0,0.0
536,7.0,10.0,1.0,2.0,2.0,0.0,4305.519,4345.555,-37.932,38.005,37.834,9.799,0.0,0.0
537,8.0,10.0,1.0,0.0,2.0,0.0,5003.711,4131.808,81.059,39.092,38.748,9.981,0.0,0.0
538,8.0,10.0,1.0,1.0,3.0,0.0,4706.979,4146.39,111.768,38.242,37.495,9.709,0.0,0.0
539,8.0,10.0,1.0,2.0,4.0,0.0,5100.866,4259.718,0.9,39.09,38.659,9.969,0.0,0.0
541,8.0,10.0,1.0,4.0,6.0,0.0,5000.482,4364.865,-8.855,38.602,38.261,9.711,0.0,0.0
542,8.0,10.0,1.0,5.0,7.0,0.0,5049.447,4378.957,0.194,38.621,38.52,9.967,0.0,0.0
543,8.0,10.0,1.0,6.0,8.0,0.0,4799.443,4427.985,79.117,39.225,38.826,9.933,0.0,0.0
544,9.0,10.0,1.0,0.0,1.0,0.0,5353.796,4126.648,97.815,38.584,38.518,9.962,0.0,0.0
545,9.0,10.0,1.0,1.0,3.0,0.0,5525.013,4193.878,53.813,38.338,38.04,9.868,0.0,0.0
546,9.0,10.0,1.0,2.0,4.0,0.0,5234.448,4270.287,25.916,38.818,38.707,9.94,0.0,0.0
547,9.0,10.0,1.0,3.0,5.0,0.0,5335.014,4340.079,114.567,39.043,38.719,9.971,0.0,0.0
548,9.0,10.0,1.0,4.0,7.0,0.0,5475.421,4406.859,67.949,38.638,38.486,9.965,0.0,0.0
549,9.0,10.0,1.0,5.0,8.0,0.0,5264.139,4410.017,20.799,38.467,38.248,9.691,0.0,0.0
550,9.0,10.0,1.0,6.0,9.0,0.0,5679.382,4415.268,106.381,38.888,38.653,9.942,0.0,0.0
551,0.0,11.0,1.0,0.0,1.0,0.0,404.571,4554.412,121.618,38.473,38.441,9.938,0.0,0.0
552,0.0,11.0,1.0,1.0,2.0,0.0,455.713,4839.588,104.992,39.156,38.811,9.997,0.0,0.0
553,1.0,11.0,1.0,0.0,2.0,0.0,1113.862,4552.069,118.17,38.789,38.602,9.999,0.0,0.0
554,1.0,11.0,1.0,1.0,3.0,0.0,836.134,4572.259,8.074,38.599,38.357,9.943,0.0,0.0
555,1.0,11.0,1.0,2.0,5.0,0.0,1043.932,4664.071,112.433,38.564,38.43,9.948,0.0,0.0
556,1.0,11.0,1.0,3.0,6.0,0.0,714.973,4709.267,119.808,39.41,39.052,9.985,0.0,0.0
557,1.0,11.0,1.0,4.0,7.0,0.0,685.739,4740.37,42.789,38.302,38.225,9.812,0.0,0.0
558,1.0,11.0,1.0,5.0,10.0,0.0,628.424,4833.805,-34.647,38.711,38.65,9.995,0.0,0.0
559,2.0,11.0,1.0,0.0,1.0,0.0,1619.346,4597.846,125.287,39.027,38.883,9.99,0.0,0.0
560,2.0,11.0,1.0,1.0,2.0,0.0,1316.402,4623.404,41.017,38.718,38.653,9.997,0.0,0.0
561,2.0,11.0,1.0,2.0,4.0,0.0,1521.446,4666.835,-33.874,38.303,38.167,9.88,0.0,0.0
562,2.0,11.0,1.0,3.0,5.0,0.0,1432.291,4736.368,46.241,37.775,37.229,9.92,0.0,0.0
563,2.0,11.0,1.0,4.0,8.0,0.0,1431.343,4904.22,-4.818,39.951,34.864,9.582,0.0,0.0
564,3.0,11.0,1.0,0.0,2.0,0.0,1827.835,4531.865,29.031,39.052,38.888,9.993,0.0,0.0
565,3.0,11.0,1.0,1.0,3.0,0.0,2139.769,4559.401,-41.142,38.665,38.512,9.972,0.0,0.0
566,3.0,11.0,1.0,2.0,4.0,0.0,1963.267,4653.948,-27.171,38.676,38.623,9.911,0.0,0.0
567,4.0,11.0,1.0,0.0,1.0,0.0,2601.159,4533.909,-44.04,38.574,38.453,9.952,0.0,0.0
568,4.0,11.0,1.0,1.0,3.0,0.0,2893.121,4669.995,93.087,37.562,25.537,8.893,0.0,0.0
569,4.0,11.0,1.0,2.0,7.0,0.0,2759.09,4860.49,88.653,39.277,39.129,9.978,0.0,0.0
570,5.0,11.0,1.0,0.0,2.0,0.0,3339.719,4532.98,-9.889,38.434,38.237,9.906,0.0,0.0
572,6.0,11.0,1.0,0.0,1.0,0.0,3891.195,4572.99,36.895,38.538,38.207,9.916,0.0,0.0
573,6.0,11.0,1.0,1.0,5.0,0.0,3936.747,4851.354,19.355,39.051,38.746,9.901,0.0,0.0
574,7.0,11.0,1.0,0.0,2.0,0.0,4414.387,4561.76,98.317,38.484,38.415,9.935,0.0,0.0
575,7.0,11.0,1.0,1.0,4.0,0.0,4162.928,4652.374,48.414,38.544,38.251,9.922,0.0,0.0
576,7.0,11.0,1.0,2.0,5.0,0.0,4541.946,4673.937,129.446,38.766,38.534,9.987,0.0,0.0
577,7.0,11.0,1.0,3.0,7.0,0.0,4145.208,4780.286,7.688,38.796,38.661,9.931,0.0,0.0
578,7.0,11.0,1.0,4.0,8.0,0.0,4301.91,4865.11,91.127,38.503,38.405,9.937,0.0,0.0
579,8.0,11.0,1.0,0.0,0.0,0.0,5138.369,4544.354,79.589,39.084,38.843,9.992,0.0,0.0
580,8.0,11.0,1.0,1.0,1.0,0.0,5192.411,4575.29,93.048,40.281,34.322,9.805,0.0,0.0
581,8.0,11.0,1.0,2.0,2.0,0.0,4891.426,4570.019,47.091,38.642,38.296,9.94,0.0,0.0
582,8.0,11.0,1.0,3.0,3.0,0.0,4671.872,4570.543,67.233,38.427,38.167,9.896,0.0,0.0
583,8.0,11.0,1.0,4.0,4.0,0.0,4643.58,4632.979,129.861,39.403,37.902,9.769,0.0,0.0
584,8.0,11.0,1.0,5.0,6.0,0.0,4841.533,4785.509,134.905,38.709,38.63,9.992,0.0,0.0
585,8.0,11.0,1.0,6.0,7.0,0.0,4987.149,4792.836,-13.127,38.643,38.507,9.968,0.0,0.0
586,8.0,11.0,1.0,7.0,8.0,0.0,5036.867,4827.386,-24.588,38.957,38.84,9.975,0.0,0.0
587,8.0,11.0,1.0,8.0,9.0,0.0,4652.079,4848.751,128.81,38.519,38.28,9.923,0.0,0.0
588,9.0,11.0,1.0,0.0,1.0,0.0,5305.727,4549.356,49.161,38.297,38.028,9.862,0.0,0.0
589,9.0,11.0,1.0,1.0,3.0,0.0,5559.938,4599.27,85.788,38.448,37.931,9.868,0.0,0.0
590,9.0,11.0,1.0,2.0,4.0,0.0,5405.852,4639.253,-19.382,38.569,38.212,9.921,0.0,0.0
591,9.0,11.0,1.0,3.0,7.0,0.0,5688.717,4729.126,42.636,38.497,38.462,9.943,0.0,0.0
592,9.0,11.0,1.0,4.0,10.0,0.0,5547.566,4797.64,21.574,39.547,39.016,9.998,0.0,0.0
593,9.0,11.0,1.0,5.0,11.0,0.0,5434.544,4810.853,24.041,38.53,38.407,9.941,0.0,0.0
594,9.0,11.0,1.0,6.0,12.0,0.0,5345.038,4813.648,39.596,38.444,38.392,9.927,0.0,0.0
595,9.0,11.0,1.0,7.0,14.0,0.0,5592.93,4817.822,52.136,38.706,38.565,9.908,0.0,0.0
596,9.0,11.0,1.0,8.0,16.0,0.0,5247.027,4903.946,-0.553,40.043,35.206,9.57,0.0,0.0
598,0.0,12.0,1.0,1.0,3.0,0.0,329.647,4941.528,115.914,39.168,38.776,9.993,0.0,0.0
599,0.0,12.0,1.0,2.0,4.0,0.0,258.413,4993.434,85.583,38.832,38.523,9.771,0.0,0.0
600,0.0,12.0,1.0,3.0,5.0,0.0,409.824,5009.589,102.144,38.894,38.632,9.941,0.0,0.0
601,0.0,12.0,1.0,4.0,6.0,0.0,412.645,5102.49,109.247,38.501,38.111,9.822,0.0,0.0
602,0.0,12.0,1.0,5.0,7.0,0.0,211.139,5166.558,97.231,39.067,38.585,9.956,0.0,0.0
603,0.0,12.0,1.0,6.0,8.0,0.0,337.405,5170.508,61.731,38.697,38.383,9.884,0.0,0.0
604,0.0,12.0,1.0,7.0,10.0,0.0,142.982,5185.015,-21.58,38.683,38.308,9.948,0.0,0.0
605,0.0,12.0,1.0,8.0,11.0,0.0,376.169,5205.943,24.548,38.48,38.265,9.916,0.0,0.0
606,0.0,12.0,1.0,9.0,12.0,0.0,214.541,5291.289,-41.491,38.911,38.716,9.953,0.0,0.0
607,1.0,12.0,1.0,0.0,2.0,0.0,829.881,4950.486,77.621,38.718,38.082,9.922,0.0,0.0
608,1.0,12.0,1.0,1.0,3.0,0.0,989.699,4966.639,-36.354,38.787,38.482,9.983,0.0,0.0
609,1.0,12.0,1.0,2.0,4.0,0.0,886.019,4994.519,97.92,37.842,37.784,9.771,0.0,0.0
610,1.0,12.0,1.0,3.0,5.0,0.0,620.524,5001.342,85.158,38.471,38.346,9.925,0.0,0.0
612,1.0,12.0,1.0,5.0,12.0,0.0,688.696,5195.096,58.085,38.191,38.034,9.925,0.0,0.0
613,1.0,12.0,1.0,6.0,13.0,0.0,608.197,5224.162,24.467,39.36,39.165,9.993,0.0,0.0
614,1.0,12.0,1.0,7.0,15.0,0.0,1021.781,5301.047,39.44,39.592,39.513,9.993,0.0,0.0
615,2.0,12.0,1.0,0.0,5.0,0.0,1584.065,5219.579,36.54,38.894,38.411,9.911,0.0,0.0
617,3.0,12.0,1.0,0.0,3.0,0.0,2220.221,4959.378,-14.233,38.991,38.617,9.951,0.0,0.0
622,4.0,12.0,1.0,0.0,1.0,0.0,2700.331,4958.281,73.638,39.218,38.773,9.999,0.0,0.0
623,4.0,12.0,1.0,1.0,3.0,0.0,2804.498,4983.496,103.139,38.435,38.373,9.924,0.0,0.0
624,4.0,12.0,1.0,2.0,4.0,0.0,2328.156,5050.319,93.302,38.458,38.35,9.924,0.0,0.0
625,4.0,12.0,1.0,3.0,5.0,0.0,2542.133,5069.895,128.323,38.526,38.354,9.933,0.0,0.0
626,4.0,12.0,1.0,4.0,6.0,0.0,2584.664,5123.183,-29.576,38.039,37.824,9.802,0.0,0.0
627,4.0,12.0,1.0,5.0,7.0,0.0,2438.593,5124.661,-10.505,38.865,38.706,9.946,0.0,0.0
628,4.0,12.0,1.0,6.0,8.0,0.0,2863.741,5142.934,38.254,38.623,38.021,9.903,0.0,0.0
630,5.0,12.0,1.0,1.0,4.0,0.0,3339.849,5062.339,-9.911,38.498,38.363,9.931,0.0,0.0
631,5.0,12.0,1.0,2.0,5.0,0.0,2972.61,5092.571,53.665,38.91,38.664,9.946,0.0,0.0
632,5.0,12.0,1.0,3.0,6.0,0.0,3193.316,5102.656,101.75,38.617,38.392,9.949,0.0,0.0
633,5.0,12.0,1.0,4.0,8.0,0.0,3271.633,5249.711,7.074,38.87,38.591,9.932,0.0,0.0
634,5.0,12.0,1.0,5.0,9.0,0.0,3163.786,5251.811,13.824,38.517,38.126,9.903,0.0,0.0
635,5.0,12.0,1.0,6.0,10.0,0.0,3392.357,5265.138,17.78,40.006,39.152,10.0,0.0,0.0
636,5.0,12.0,1.0,7.0,11.0,0.0,3083.661,5279.355,109.467,38.252,38.137,9.87,0.0,0.0
637,6.0,12.0,1.0,0.0,2.0,0.0,3696.856,5099.868,39.399,38.412,38.339,9.916,0.0,0.0
638,6.0,12.0,1.0,1.0,3.0,0.0,3707.102,5185.51,114.223,38.426,38.292,9.912,0.0,0.0
639,7.0,12.0,1.0,0.0,0.0,0.0,4380.323,4950.66,132.65,39.168,38.615,9.897,0.0,0.0
640,7.0,12.0,1.0,1.0,1.0,0.0,4382.21,5212.478,10.954,38.478,38.209,9.909,0.0,0.0
641,7.0,12.0,1.0,2.0,2.0,0.0,4097.845,5309.973,-4.351,39.41,37.845,9.76,0.0,0.0
642,8.0,12.0,1.0,0.0,2.0,0.0,4955.378,5040.357,48.683,38.794,38.506,9.988,0.0,0.0
643,8.0,12.0,1.0,1.0,3.0,0.0,5031.314,5073.734,69.158,38.561,37.691,9.85,0.0,0.0
644,8.0,12.0,1.0,2.0,5.0,0.0,4704.163,5290.936,106.497,39.08,38.731,9.977,0.0,0.0
645,9.0,12.0,1.0,0.0,1.0,0.0,5580.806,4940.672,17.574,38.193,37.949,9.838,0.0,0.0
646,9.0,12.0,1.0,1.0,7.0,0.0,5251.824,5228.0,69.683,39.2,38.963,9.947,0.0,0.0
647,9.0,12.0,1.0,2.0,8.0,0.0,5550.404,5229.564,47.6,38.35,38.049,9.871,0.0,0.0
648,9.0,12.0,1.0,3.0,9.0,0.0,5320.938,5230.669,57.012,38.774,38.425,9.974,0.0,0.0
649,0.0,9.0,1.0,0.0,0.0,0.0,303.47,3930.067,83.044,38.857,38.314,32.8,4.0,
650,1.0,5.0,1.0,0.0,0.0,0.0,659.106,2073.231,25.398,38.518,38.312,32.678,4.0,
651,1.0,2.0,1.0,0.0,0.0,0.0,963.966,1060.317,-32.852,39.474,38.543,33.201,4.0,
652,6.0,1.0,1.0,0.0,0.0,0.0,3766.739,677.093,49.608,38.899,38.556,32.942,4.0,
530,6.0,10.0,1.0,4.0,6.0,0.0,3914.353,4388.02,-12.71,38.749,38.635,9.922,0.0,0.0
</ResultDatas>,,,,,,,,,,,,,,
<ElementResult>,,,,,,,,,,,,,,
0,0.0,,,,,,,,,,,,,
1,0.0,,,,,,,,,,,,,
2,0.0,,,,,,,,,,,,,
3,0.0,,,,,,,,,,,,,
4,0.0,,,,,,,,,,,,,
5,601.0,,,,,,,,,,,,,
</ElementResult>,,,,,,,,,,,,,,
