No,ImageNoX,ImageNoY,ImageNoZ,ElpsLabel,ObjLabel,Average,GravX,GravY,Angle,MjrAx,MnrAx,X2,Status,DepthAve
0,0.0,0.0,0.0,0.0,1.0,0.0,60.987,34.686,54.256,37.586,37.386,9.762,0.0,0.0
1,0.0,0.0,0.0,1.0,4.0,0.0,360.382,138.152,98.247,38.009,37.926,9.887,0.0,0.0
2,0.0,0.0,0.0,2.0,5.0,0.0,190.602,168.956,64.509,37.247,36.997,9.744,0.0,0.0
3,0.0,0.0,0.0,3.0,6.0,0.0,249.8,182.423,33.254,38.066,37.894,9.891,0.0,0.0
6,0.0,0.0,0.0,6.0,8.0,0.0,387.44,212.893,41.424,38.399,38.166,9.817,0.0,0.0
9,0.0,0.0,0.0,9.0,11.0,0.0,294.449,243.957,62.821,38.418,38.078,9.883,0.0,0.0
10,0.0,0.0,0.0,10.0,12.0,0.0,283.469,344.522,69.087,38.038,37.708,9.787,0.0,0.0
11,0.0,0.0,0.0,11.0,13.0,0.0,344.19,344.51,27.119,38.711,38.472,9.972,0.0,0.0
12,1.0,0.0,0.0,0.0,0.0,0.0,1153.428,113.4,-37.738,38.594,38.127,9.913,0.0,0.0
13,1.0,0.0,0.0,1.0,2.0,0.0,838.562,177.056,79.358,37.681,37.553,9.796,0.0,0.0
14,1.0,0.0,0.0,2.0,4.0,0.0,797.777,203.751,98.859,37.791,37.688,9.906,0.0,0.0
16,1.0,0.0,0.0,4.0,7.0,0.0,686.452,357.001,123.473,38.867,38.73,9.95,0.0,0.0
17,1.0,0.0,0.0,5.0,8.0,0.0,780.578,402.671,12.163,38.218,38.147,9.943,0.0,0.0
18,2.0,0.0,0.0,0.0,1.0,0.0,1556.263,115.923,89.918,38.196,37.495,9.855,0.0,0.0
19,2.0,0.0,0.0,1.0,3.0,0.0,1566.047,212.875,36.767,38.386,38.246,9.901,0.0,0.0
20,2.0,0.0,0.0,2.0,4.0,0.0,1681.614,287.326,112.494,39.05,38.814,9.836,0.0,0.0
21,2.0,0.0,0.0,3.0,6.0,0.0,1594.485,306.292,-35.828,39.198,38.934,9.943,0.0,0.0
22,2.0,0.0,0.0,4.0,7.0,0.0,1190.147,315.667,90.327,38.053,37.613,9.852,0.0,0.0
23,2.0,0.0,0.0,5.0,8.0,0.0,1326.459,348.122,132.609,38.464,38.273,9.915,0.0,0.0
24,3.0,0.0,0.0,0.0,2.0,0.0,2019.119,121.428,81.021,37.992,37.639,9.847,0.0,0.0
27,3.0,0.0,0.0,3.0,7.0,0.0,2309.616,232.012,112.06,38.643,37.759,9.87,0.0,0.0
28,3.0,0.0,0.0,4.0,8.0,0.0,1793.452,253.554,119.739,38.805,38.44,9.904,0.0,0.0
29,3.0,0.0,0.0,5.0,10.0,0.0,2237.891,326.929,-24.182,39.4,38.216,9.81,0.0,0.0
30,3.0,0.0,0.0,6.0,12.0,0.0,2046.368,393.32,81.545,38.892,38.618,9.938,0.0,0.0
31,4.0,0.0,0.0,0.0,2.0,0.0,2433.653,68.219,41.387,37.213,36.933,9.809,0.0,0.0
32,4.0,0.0,0.0,1.0,3.0,0.0,2690.341,161.172,115.188,38.24,38.088,9.862,0.0,0.0
33,4.0,0.0,0.0,2.0,4.0,0.0,2484.284,184.689,30.502,37.434,37.33,9.812,0.0,0.0
34,4.0,0.0,0.0,3.0,5.0,0.0,2584.293,191.625,77.713,38.152,37.97,9.835,0.0,0.0
35,5.0,0.0,0.0,0.0,0.0,0.0,3400.361,26.819,-39.023,38.009,37.794,9.87,0.0,0.0
36,5.0,0.0,0.0,1.0,1.0,0.0,3327.969,127.613,85.575,38.346,38.278,9.9,0.0,0.0
37,5.0,0.0,0.0,2.0,2.0,0.0,3272.775,152.385,118.642,37.881,37.471,9.811,0.0,0.0
38,5.0,0.0,0.0,3.0,3.0,0.0,3445.003,163.681,19.408,38.557,38.247,9.923,0.0,0.0
39,5.0,0.0,0.0,4.0,4.0,0.0,2917.473,242.271,5.67,38.239,37.669,9.808,0.0,0.0
40,5.0,0.0,0.0,5.0,5.0,0.0,3041.806,289.135,-31.803,17.281,11.478,6.565,0.0,0.0
41,5.0,0.0,0.0,6.0,7.0,0.0,3222.201,337.044,-17.958,38.58,38.439,9.951,0.0,0.0
42,5.0,0.0,0.0,7.0,9.0,0.0,3342.257,376.564,5.316,39.615,39.185,9.954,0.0,0.0
43,6.0,0.0,0.0,0.0,2.0,0.0,3813.3,158.082,96.378,38.597,38.106,9.91,0.0,0.0
44,6.0,0.0,0.0,1.0,4.0,0.0,3910.512,185.43,-14.338,10.91,7.139,4.794,0.0,0.0
45,6.0,0.0,0.0,2.0,4.0,0.0,3902.297,183.247,103.196,8.428,7.915,4.551,0.0,0.0
46,6.0,0.0,0.0,3.0,5.0,0.0,3651.355,213.196,43.346,38.118,37.877,9.895,0.0,0.0
47,6.0,0.0,0.0,4.0,7.0,0.0,3532.002,355.652,53.183,38.732,38.575,9.988,0.0,0.0
48,6.0,0.0,0.0,5.0,8.0,0.0,3891.074,371.847,-43.473,12.289,9.097,5.262,0.0,0.0
49,6.0,0.0,0.0,6.0,9.0,0.0,3620.918,381.099,109.869,15.248,8.109,7.123,0.0,0.0
50,6.0,0.0,0.0,7.0,10.0,0.0,3736.809,401.279,82.619,39.118,38.842,9.921,0.0,0.0
51,7.0,0.0,0.0,0.0,0.0,0.0,4552.638,60.394,-24.969,38.454,38.068,9.887,0.0,0.0
52,7.0,0.0,0.0,1.0,1.0,0.0,4452.657,81.62,-35.201,38.093,37.861,9.813,0.0,0.0
53,7.0,0.0,0.0,2.0,2.0,0.0,4476.792,126.757,-15.367,38.367,38.007,9.868,0.0,0.0
54,7.0,0.0,0.0,3.0,3.0,0.0,4520.865,131.406,-30.852,38.494,38.144,9.827,0.0,0.0
55,7.0,0.0,0.0,4.0,4.0,0.0,4367.943,238.271,85.322,38.624,38.392,9.875,0.0,0.0
56,7.0,0.0,0.0,5.0,5.0,0.0,4216.217,240.45,41.429,38.398,38.128,9.964,0.0,0.0
57,7.0,0.0,0.0,6.0,8.0,0.0,4349.059,290.896,79.993,38.788,38.602,9.923,0.0,0.0
58,7.0,0.0,0.0,7.0,11.0,0.0,4478.858,340.999,103.541,38.976,38.855,9.905,0.0,0.0
59,7.0,0.0,0.0,8.0,12.0,0.0,4087.322,372.879,-8.093,38.743,38.515,9.906,0.0,0.0
62,8.0,0.0,0.0,0.0,0.0,0.0,5012.917,92.183,6.248,38.675,38.468,9.967,0.0,0.0
63,8.0,0.0,0.0,1.0,1.0,0.0,5078.144,99.811,30.192,38.046,37.952,9.819,0.0,0.0
64,8.0,0.0,0.0,2.0,3.0,0.0,4988.609,345.981,108.693,38.936,38.725,9.958,0.0,0.0
65,9.0,0.0,0.0,0.0,0.0,0.0,5599.636,39.833,-20.989,38.233,38.184,9.95,0.0,0.0
66,9.0,0.0,0.0,1.0,2.0,0.0,5236.553,78.465,81.007,38.338,38.015,9.865,0.0,0.0
67,9.0,0.0,0.0,2.0,3.0,0.0,5228.112,133.864,77.579,37.999,37.458,9.825,0.0,0.0
68,9.0,0.0,0.0,3.0,4.0,0.0,5493.016,153.458,80.037,38.097,37.801,9.806,0.0,0.0
69,9.0,0.0,0.0,4.0,9.0,0.0,5338.492,388.922,32.677,38.71,38.182,9.786,0.0,0.0
70,9.0,0.0,0.0,5.0,10.0,0.0,5413.412,397.678,75.973,38.935,38.752,9.961,0.0,0.0
72,0.0,1.0,0.0,1.0,2.0,0.0,483.001,467.008,120.016,38.511,38.29,9.923,0.0,0.0
73,0.0,1.0,0.0,2.0,5.0,0.0,171.091,622.518,39.665,37.67,37.539,9.793,0.0,0.0
74,0.0,1.0,0.0,3.0,6.0,0.0,257.484,626.784,38.758,38.162,38.021,9.843,0.0,0.0
75,0.0,1.0,0.0,4.0,7.0,0.0,92.642,697.884,94.43,37.683,37.357,9.848,0.0,0.0
76,0.0,1.0,0.0,5.0,8.0,0.0,276.218,770.63,52.064,38.086,37.847,9.887,0.0,0.0
77,1.0,1.0,0.0,0.0,3.0,0.0,849.739,455.649,98.588,38.229,37.992,9.848,0.0,0.0
78,1.0,1.0,0.0,1.0,5.0,0.0,670.202,648.568,102.153,38.512,38.432,9.941,0.0,0.0
79,1.0,1.0,0.0,2.0,7.0,0.0,684.423,766.901,129.292,38.001,37.687,9.855,0.0,0.0
80,1.0,1.0,0.0,3.0,8.0,0.0,724.3,790.692,88.661,38.772,38.576,9.918,0.0,0.0
81,2.0,1.0,0.0,0.0,1.0,0.0,1706.432,526.595,-9.121,38.856,38.765,9.953,0.0,0.0
82,2.0,1.0,0.0,1.0,2.0,0.0,1372.575,564.568,7.115,37.148,36.982,9.729,0.0,0.0
83,2.0,1.0,0.0,2.0,4.0,0.0,1709.805,732.193,133.299,38.955,38.683,9.955,0.0,0.0
84,2.0,1.0,0.0,3.0,5.0,0.0,1272.816,732.376,91.6,38.686,38.169,9.93,0.0,0.0
85,3.0,1.0,0.0,0.0,2.0,0.0,1934.835,485.332,48.46,37.815,37.372,9.867,0.0,0.0
86,3.0,1.0,0.0,1.0,4.0,0.0,1991.892,541.229,49.634,37.989,37.691,9.854,0.0,0.0
87,3.0,1.0,0.0,2.0,5.0,0.0,2069.705,699.983,81.284,38.279,38.037,9.937,0.0,0.0
88,3.0,1.0,0.0,3.0,6.0,0.0,1772.325,706.151,-8.384,38.245,38.104,9.941,0.0,0.0
89,3.0,1.0,0.0,4.0,8.0,0.0,2247.223,728.751,-9.359,38.717,38.591,9.912,0.0,0.0
92,4.0,1.0,0.0,0.0,3.0,0.0,2505.835,430.513,60.894,37.121,36.732,9.77,0.0,0.0
93,4.0,1.0,0.0,1.0,4.0,0.0,2659.756,431.325,11.678,38.172,37.986,9.917,0.0,0.0
94,4.0,1.0,0.0,2.0,5.0,0.0,2755.56,515.193,66.005,38.381,38.142,9.887,0.0,0.0
95,4.0,1.0,0.0,3.0,6.0,0.0,2405.637,577.01,93.603,37.84,37.648,9.829,0.0,0.0
97,4.0,1.0,0.0,5.0,10.0,0.0,2600.811,781.189,35.443,38.407,38.249,9.904,0.0,0.0
98,4.0,1.0,0.0,6.0,11.0,0.0,2504.843,789.714,9.132,38.908,38.714,9.953,0.0,0.0
99,4.0,1.0,0.0,7.0,12.0,0.0,2370.885,798.99,20.927,38.883,38.824,9.964,0.0,0.0
100,4.0,1.0,0.0,8.0,15.0,0.0,2453.089,812.319,-9.791,38.158,37.917,9.829,0.0,0.0
102,5.0,1.0,0.0,0.0,1.0,0.0,3314.817,458.436,119.809,37.953,37.554,9.831,0.0,0.0
104,5.0,1.0,0.0,2.0,3.0,0.0,3146.985,490.069,85.282,38.32,38.253,9.97,0.0,0.0
107,5.0,1.0,0.0,5.0,6.0,0.0,3288.694,652.492,60.565,38.217,37.977,9.844,0.0,0.0
108,5.0,1.0,0.0,6.0,7.0,0.0,3324.77,683.882,110.626,38.885,38.752,9.955,0.0,0.0
109,5.0,1.0,0.0,7.0,8.0,0.0,3183.805,714.744,117.865,35.865,35.585,9.529,0.0,0.0
110,5.0,1.0,0.0,8.0,10.0,0.0,2902.157,737.332,64.986,38.554,38.408,9.868,0.0,0.0
111,5.0,1.0,0.0,9.0,11.0,0.0,3103.185,771.961,-32.166,38.416,38.38,9.922,0.0,0.0
112,6.0,1.0,0.0,0.0,2.0,0.0,3847.839,529.191,70.992,38.022,37.745,9.865,0.0,0.0
113,6.0,1.0,0.0,1.0,3.0,0.0,3718.749,534.536,60.029,38.124,37.849,9.892,0.0,0.0
114,6.0,1.0,0.0,2.0,4.0,0.0,3686.704,590.576,93.007,37.571,37.18,9.733,0.0,0.0
115,6.0,1.0,0.0,3.0,5.0,0.0,3535.378,685.734,25.523,38.404,38.11,9.886,0.0,0.0
116,6.0,1.0,0.0,4.0,6.0,0.0,3801.308,783.382,-2.733,9.394,9.035,4.657,0.0,0.0
117,7.0,1.0,0.0,0.0,0.0,0.0,4191.278,465.185,67.237,37.708,37.108,9.817,0.0,0.0
118,7.0,1.0,0.0,1.0,1.0,0.0,4454.928,497.723,93.799,38.493,38.091,9.895,0.0,0.0
119,7.0,1.0,0.0,2.0,3.0,0.0,4515.799,567.667,52.068,38.122,37.924,9.902,0.0,0.0
120,7.0,1.0,0.0,3.0,4.0,0.0,4206.932,648.3,65.885,37.483,37.25,9.731,0.0,0.0
121,7.0,1.0,0.0,4.0,5.0,0.0,4298.57,692.223,56.392,38.522,38.284,9.923,0.0,0.0
122,7.0,1.0,0.0,5.0,7.0,0.0,4236.486,738.2,70.768,38.935,38.766,9.963,0.0,0.0
123,8.0,1.0,0.0,0.0,0.0,0.0,4705.653,437.177,76.737,38.121,37.513,9.847,0.0,0.0
124,8.0,1.0,0.0,1.0,4.0,0.0,4754.363,632.695,111.776,38.506,38.35,9.93,0.0,0.0
125,8.0,1.0,0.0,2.0,5.0,0.0,4676.539,646.028,67.462,38.667,38.253,9.938,0.0,0.0
126,8.0,1.0,0.0,3.0,6.0,0.0,4910.525,755.614,80.787,38.34,38.252,9.896,0.0,0.0
127,0.0,2.0,0.0,0.0,1.0,0.0,400.523,873.303,94.556,38.664,37.984,9.903,0.0,0.0
128,0.0,2.0,0.0,1.0,2.0,0.0,280.8,910.558,96.915,37.975,37.551,9.834,0.0,0.0
129,0.0,2.0,0.0,2.0,3.0,0.0,154.103,946.932,55.801,37.883,37.611,9.83,0.0,0.0
130,0.0,2.0,0.0,3.0,4.0,0.0,328.691,994.428,100.368,38.114,37.82,9.887,0.0,0.0
131,0.0,2.0,0.0,4.0,5.0,0.0,372.89,1005.133,-35.268,38.662,38.579,9.904,0.0,0.0
134,0.0,2.0,0.0,7.0,7.0,0.0,433.171,1069.818,75.16,38.549,38.283,9.927,0.0,0.0
135,0.0,2.0,0.0,8.0,10.0,0.0,121.918,1154.338,117.46,38.644,38.33,9.945,0.0,0.0
137,1.0,2.0,0.0,0.0,0.0,0.0,826.833,926.366,53.19,37.557,37.267,9.82,0.0,0.0
138,1.0,2.0,0.0,1.0,1.0,0.0,655.724,954.971,51.45,37.922,37.53,9.825,0.0,0.0
139,1.0,2.0,0.0,2.0,2.0,0.0,898.935,962.561,21.328,37.628,37.481,9.78,0.0,0.0
140,1.0,2.0,0.0,3.0,5.0,0.0,726.3,1012.569,90.52,38.315,37.879,9.844,0.0,0.0
141,1.0,2.0,0.0,4.0,7.0,0.0,1006.254,1081.65,130.124,38.288,38.122,9.872,0.0,0.0
143,1.0,2.0,0.0,6.0,9.0,0.0,641.355,1159.16,43.449,38.356,38.196,9.891,0.0,0.0
144,1.0,2.0,0.0,7.0,10.0,0.0,904.57,1163.349,64.632,38.714,38.632,9.917,0.0,0.0
145,2.0,2.0,0.0,0.0,1.0,0.0,1339.128,878.365,42.602,37.478,37.225,9.804,0.0,0.0
146,2.0,2.0,0.0,1.0,2.0,0.0,1289.408,911.672,83.484,37.283,37.084,9.76,0.0,0.0
147,2.0,2.0,0.0,2.0,3.0,0.0,1572.705,931.038,108.352,38.652,38.123,9.919,0.0,0.0
149,2.0,2.0,0.0,4.0,5.0,0.0,1185.734,1020.309,-33.227,38.027,37.971,9.896,0.0,0.0
150,2.0,2.0,0.0,5.0,6.0,0.0,1355.519,1048.068,92.846,37.401,37.355,9.811,0.0,0.0
151,2.0,2.0,0.0,6.0,7.0,0.0,1727.023,1049.856,119.988,38.877,38.76,9.88,0.0,0.0
152,2.0,2.0,0.0,7.0,9.0,0.0,1230.919,1148.35,112.307,38.481,38.122,9.897,0.0,0.0
153,2.0,2.0,0.0,8.0,10.0,0.0,1677.714,1205.401,19.83,39.282,39.154,9.766,0.0,0.0
154,3.0,2.0,0.0,0.0,1.0,0.0,1812.01,885.572,36.312,37.855,37.394,9.798,0.0,0.0
156,3.0,2.0,0.0,2.0,3.0,0.0,1787.166,923.763,30.78,37.694,37.48,9.788,0.0,0.0
157,3.0,2.0,0.0,3.0,4.0,0.0,2223.616,962.197,-37.296,37.856,37.763,9.846,0.0,0.0
158,3.0,2.0,0.0,4.0,9.0,0.0,2075.763,1127.557,37.629,38.784,38.496,9.985,0.0,0.0
159,3.0,2.0,0.0,5.0,10.0,0.0,2103.959,1201.823,-16.033,38.909,38.787,9.962,0.0,0.0
160,4.0,2.0,0.0,0.0,4.0,0.0,2634.052,899.23,108.35,37.765,37.062,9.742,0.0,0.0
161,4.0,2.0,0.0,1.0,5.0,0.0,2413.131,929.775,106.365,38.221,37.858,9.906,0.0,0.0
162,4.0,2.0,0.0,2.0,6.0,0.0,2811.225,980.501,120.973,38.597,38.12,9.912,0.0,0.0
163,4.0,2.0,0.0,3.0,7.0,0.0,2344.163,1053.318,129.4,38.108,37.97,9.83,0.0,0.0
164,4.0,2.0,0.0,4.0,9.0,0.0,2455.286,1123.724,126.66,38.361,38.186,9.815,0.0,0.0
166,4.0,2.0,0.0,6.0,11.0,0.0,2632.383,1178.506,111.668,38.544,38.344,9.934,0.0,0.0
167,4.0,2.0,0.0,7.0,12.0,0.0,2505.5,1200.51,8.961,38.757,38.454,9.9,0.0,0.0
168,4.0,2.0,0.0,8.0,13.0,0.0,2577.163,1225.019,-8.114,38.687,38.525,9.826,0.0,0.0
169,5.0,2.0,0.0,0.0,0.0,0.0,3034.997,843.894,109.652,37.688,37.43,9.781,0.0,0.0
170,5.0,2.0,0.0,1.0,2.0,0.0,3369.13,883.008,118.759,38.18,37.708,9.881,0.0,0.0
171,5.0,2.0,0.0,2.0,4.0,0.0,3161.784,991.117,-43.749,38.36,38.061,9.874,0.0,0.0
172,5.0,2.0,0.0,3.0,5.0,0.0,3002.453,1125.268,-5.807,38.647,38.388,9.954,0.0,0.0
173,5.0,2.0,0.0,4.0,6.0,0.0,2973.335,1179.357,-16.625,38.881,38.478,9.919,0.0,0.0
176,6.0,2.0,0.0,0.0,1.0,0.0,3994.318,857.577,89.923,38.429,38.361,9.846,0.0,0.0
177,6.0,2.0,0.0,1.0,3.0,0.0,3511.864,892.841,119.984,37.962,37.932,9.882,0.0,0.0
178,6.0,2.0,0.0,2.0,4.0,0.0,3533.489,1085.312,119.595,38.32,38.187,9.885,0.0,0.0
179,7.0,2.0,0.0,0.0,0.0,0.0,4589.002,845.126,122.713,38.343,38.069,9.873,0.0,0.0
180,7.0,2.0,0.0,1.0,3.0,0.0,4585.949,970.933,123.445,39.025,38.93,9.921,0.0,0.0
181,7.0,2.0,0.0,2.0,4.0,0.0,4257.991,1134.176,61.104,38.355,38.102,9.879,0.0,0.0
182,8.0,2.0,0.0,0.0,0.0,0.0,5029.895,835.747,125.9,37.825,37.615,9.823,0.0,0.0
184,8.0,2.0,0.0,2.0,2.0,0.0,4894.735,970.22,90.275,37.872,37.611,9.828,0.0,0.0
187,8.0,2.0,0.0,5.0,4.0,0.0,4670.971,1002.153,54.708,37.991,37.829,9.872,0.0,0.0
189,8.0,2.0,0.0,7.0,6.0,0.0,4682.108,1070.341,45.919,38.477,38.31,9.846,0.0,0.0
190,9.0,2.0,0.0,0.0,0.0,0.0,5443.176,936.589,90.363,37.434,37.297,9.731,0.0,0.0
191,9.0,2.0,0.0,1.0,1.0,0.0,5408.833,961.848,100.604,37.93,37.59,9.833,0.0,0.0
192,9.0,2.0,0.0,2.0,4.0,0.0,5606.912,1000.544,69.928,38.526,38.122,9.902,0.0,0.0
193,9.0,2.0,0.0,3.0,7.0,0.0,5505.693,1057.423,91.99,37.602,37.418,9.845,0.0,0.0
194,9.0,2.0,0.0,4.0,8.0,0.0,5557.935,1115.39,101.271,38.689,38.323,9.95,0.0,0.0
195,0.0,3.0,0.0,0.0,2.0,0.0,261.068,1332.153,81.981,37.944,37.856,9.87,0.0,0.0
196,0.0,3.0,0.0,1.0,3.0,0.0,33.105,1465.834,-27.168,38.386,38.182,9.893,0.0,0.0
197,0.0,3.0,0.0,2.0,4.0,0.0,121.398,1473.149,-18.705,37.673,37.604,9.802,0.0,0.0
198,0.0,3.0,0.0,3.0,5.0,0.0,405.402,1480.502,108.996,38.213,37.938,9.915,0.0,0.0
201,1.0,3.0,0.0,0.0,1.0,0.0,1061.281,1258.495,73.571,38.018,37.681,9.857,0.0,0.0
202,1.0,3.0,0.0,1.0,3.0,0.0,887.343,1306.067,67.642,37.897,37.806,9.857,0.0,0.0
203,1.0,3.0,0.0,2.0,4.0,0.0,735.461,1310.93,88.334,37.369,37.18,9.783,0.0,0.0
204,1.0,3.0,0.0,3.0,5.0,0.0,853.113,1356.761,93.0,37.794,37.447,9.797,0.0,0.0
205,1.0,3.0,0.0,4.0,6.0,0.0,654.776,1377.289,90.871,37.48,36.848,9.754,0.0,0.0
206,1.0,3.0,0.0,5.0,7.0,0.0,726.624,1402.156,-42.79,37.776,37.469,9.798,0.0,0.0
208,1.0,3.0,0.0,7.0,9.0,0.0,915.939,1503.624,96.615,38.475,38.419,9.859,0.0,0.0
209,2.0,3.0,0.0,0.0,0.0,0.0,1691.302,1251.453,66.677,38.378,38.05,9.875,0.0,0.0
210,2.0,3.0,0.0,1.0,2.0,0.0,1564.76,1388.605,89.317,38.447,38.086,9.888,0.0,0.0
211,2.0,3.0,0.0,2.0,3.0,0.0,1734.678,1471.225,93.309,39.139,36.949,9.751,0.0,0.0
212,2.0,3.0,0.0,3.0,4.0,0.0,1539.618,1524.058,1.025,38.583,38.338,9.938,0.0,0.0
213,3.0,3.0,0.0,0.0,2.0,0.0,1932.492,1259.054,98.659,37.567,37.129,9.803,0.0,0.0
214,3.0,3.0,0.0,1.0,3.0,0.0,2034.279,1281.144,87.373,38.052,37.72,9.866,0.0,0.0
215,3.0,3.0,0.0,2.0,4.0,0.0,1797.12,1289.524,15.846,37.695,37.327,9.846,0.0,0.0
216,3.0,3.0,0.0,3.0,6.0,0.0,1748.593,1366.835,31.247,37.889,37.791,9.854,0.0,0.0
218,3.0,3.0,0.0,5.0,8.0,0.0,2211.901,1378.495,65.001,38.381,38.264,9.903,0.0,0.0
219,3.0,3.0,0.0,6.0,9.0,0.0,2109.719,1410.551,75.022,38.94,38.89,9.979,0.0,0.0
220,3.0,3.0,0.0,7.0,11.0,0.0,2230.692,1442.14,72.766,38.94,38.642,9.947,0.0,0.0
222,4.0,3.0,0.0,1.0,3.0,0.0,2344.945,1314.188,63.128,38.003,37.611,9.845,0.0,0.0
223,4.0,3.0,0.0,2.0,4.0,0.0,2748.13,1533.028,124.19,38.99,38.527,9.939,0.0,0.0
224,5.0,3.0,0.0,0.0,0.0,0.0,3113.584,1243.476,74.34,37.497,37.22,9.805,0.0,0.0
225,5.0,3.0,0.0,1.0,1.0,0.0,3057.267,1300.126,93.965,37.67,37.216,9.75,0.0,0.0
226,5.0,3.0,0.0,2.0,2.0,0.0,3250.535,1311.227,88.864,37.9,37.729,9.847,0.0,0.0
227,5.0,3.0,0.0,3.0,3.0,0.0,3092.644,1372.913,65.499,37.944,37.644,9.842,0.0,0.0
228,5.0,3.0,0.0,4.0,4.0,0.0,2961.298,1403.351,60.497,37.688,37.476,9.787,0.0,0.0
229,5.0,3.0,0.0,5.0,5.0,0.0,3326.567,1429.974,114.743,38.521,38.231,9.916,0.0,0.0
230,5.0,3.0,0.0,6.0,6.0,0.0,3318.965,1491.953,97.184,38.372,38.163,9.888,0.0,0.0
231,5.0,3.0,0.0,7.0,7.0,0.0,3214.796,1495.627,65.54,38.497,38.313,9.924,0.0,0.0
232,6.0,3.0,0.0,0.0,0.0,0.0,3723.487,1257.463,60.367,37.651,37.186,9.821,0.0,0.0
233,6.0,3.0,0.0,1.0,1.0,0.0,4034.252,1426.587,-14.371,38.967,38.786,9.97,0.0,0.0
234,6.0,3.0,0.0,2.0,2.0,0.0,3939.037,1547.286,119.395,39.119,38.602,9.891,0.0,0.0
235,6.0,3.0,0.0,3.0,3.0,0.0,3731.197,1550.185,-12.854,37.531,37.201,9.808,0.0,0.0
236,6.0,3.0,0.0,4.0,4.0,0.0,3480.921,1593.55,-9.221,38.997,38.684,9.961,0.0,0.0
237,6.0,3.0,0.0,5.0,6.0,0.0,3587.851,1642.494,-2.604,41.878,30.477,9.109,0.0,0.0
238,7.0,3.0,0.0,0.0,4.0,0.0,4249.587,1285.619,113.581,37.802,37.687,9.829,0.0,0.0
239,7.0,3.0,0.0,1.0,5.0,0.0,4178.852,1300.151,-4.232,37.456,37.374,9.821,0.0,0.0
240,7.0,3.0,0.0,2.0,6.0,0.0,4465.589,1365.047,-44.678,38.561,38.491,9.955,0.0,0.0
241,7.0,3.0,0.0,3.0,7.0,0.0,4575.11,1377.139,119.001,38.929,38.657,9.948,0.0,0.0
242,7.0,3.0,0.0,4.0,9.0,0.0,4238.506,1439.989,-44.596,38.221,37.945,9.917,0.0,0.0
243,7.0,3.0,0.0,5.0,11.0,0.0,4571.985,1516.777,87.36,38.65,38.46,9.741,0.0,0.0
244,7.0,3.0,0.0,6.0,12.0,0.0,4441.606,1615.611,97.925,38.756,38.614,9.92,0.0,0.0
245,7.0,3.0,0.0,7.0,13.0,0.0,4143.856,1617.479,2.597,38.549,38.331,9.933,0.0,0.0
246,8.0,3.0,0.0,0.0,1.0,0.0,4724.222,1320.617,-9.39,38.384,38.138,9.887,0.0,0.0
247,8.0,3.0,0.0,1.0,2.0,0.0,4986.565,1372.865,41.965,37.961,37.831,9.869,0.0,0.0
248,8.0,3.0,0.0,2.0,3.0,0.0,5183.302,1413.671,-21.626,39.215,38.965,9.949,0.0,0.0
249,8.0,3.0,0.0,3.0,4.0,0.0,4701.33,1426.2,2.874,38.001,37.823,9.873,0.0,0.0
250,8.0,3.0,0.0,4.0,5.0,0.0,4845.339,1441.034,-12.111,38.198,38.074,9.931,0.0,0.0
251,8.0,3.0,0.0,5.0,6.0,0.0,5100.218,1508.456,-41.402,38.705,38.561,9.907,0.0,0.0
255,8.0,3.0,0.0,9.0,12.0,0.0,4991.36,1644.136,-3.465,41.385,27.239,8.938,0.0,0.0
256,9.0,3.0,0.0,0.0,3.0,0.0,5443.781,1429.946,88.59,37.237,36.975,9.739,0.0,0.0
257,9.0,3.0,0.0,1.0,4.0,0.0,5767.946,1463.626,93.659,39.921,35.167,9.545,0.0,0.0
258,9.0,3.0,0.0,2.0,5.0,0.0,5415.117,1474.811,-28.259,37.868,37.688,9.838,0.0,0.0
259,9.0,3.0,0.0,3.0,6.0,0.0,5660.635,1497.225,-37.658,38.819,38.769,9.948,0.0,0.0
261,0.0,4.0,0.0,0.0,1.0,0.0,463.957,1662.547,104.356,37.883,37.598,9.828,0.0,0.0
262,0.0,4.0,0.0,1.0,2.0,0.0,464.282,1704.126,1.446,39.134,38.425,9.946,0.0,0.0
263,0.0,4.0,0.0,2.0,3.0,0.0,230.115,1738.583,80.63,37.411,37.087,9.777,0.0,0.0
264,0.0,4.0,0.0,3.0,4.0,0.0,520.865,1758.29,67.188,38.294,38.098,9.87,0.0,0.0
265,0.0,4.0,0.0,4.0,5.0,0.0,399.458,1790.007,108.942,37.982,37.651,9.772,0.0,0.0
266,0.0,4.0,0.0,5.0,7.0,0.0,312.35,1835.716,0.723,38.287,38.021,9.936,0.0,0.0
267,0.0,4.0,0.0,6.0,9.0,0.0,527.045,1857.036,104.897,34.964,34.892,9.394,0.0,0.0
268,0.0,4.0,0.0,7.0,13.0,0.0,188.445,1983.025,112.597,40.146,37.977,9.941,0.0,0.0
269,0.0,4.0,0.0,8.0,15.0,0.0,170.641,2025.121,117.179,38.637,37.841,9.881,0.0,0.0
270,1.0,4.0,0.0,0.0,0.0,0.0,690.578,1694.992,35.02,37.458,37.112,9.786,0.0,0.0
271,1.0,4.0,0.0,1.0,1.0,0.0,996.043,1726.972,134.589,38.103,37.828,9.887,0.0,0.0
272,1.0,4.0,0.0,2.0,2.0,0.0,816.59,1815.689,-28.849,37.969,37.624,9.843,0.0,0.0
273,1.0,4.0,0.0,3.0,3.0,0.0,598.56,1832.511,40.61,37.887,37.594,9.828,0.0,0.0
274,1.0,4.0,0.0,4.0,4.0,0.0,715.732,1833.745,121.745,39.316,37.257,9.548,0.0,0.0
276,1.0,4.0,0.0,6.0,6.0,0.0,976.976,1870.166,116.86,38.8,38.379,9.896,0.0,0.0
277,1.0,4.0,0.0,7.0,7.0,0.0,942.615,1904.448,69.3,38.476,38.195,9.906,0.0,0.0
278,1.0,4.0,0.0,8.0,8.0,0.0,621.916,1982.161,122.517,38.943,38.755,9.962,0.0,0.0
279,1.0,4.0,0.0,9.0,9.0,0.0,833.717,2029.835,17.658,38.674,38.57,9.904,0.0,0.0
280,2.0,4.0,0.0,0.0,1.0,0.0,1556.509,1717.271,121.695,38.382,37.928,9.86,0.0,0.0
281,2.0,4.0,0.0,1.0,3.0,0.0,1416.766,2002.702,-13.327,38.476,38.37,9.929,0.0,0.0
282,2.0,4.0,0.0,2.0,4.0,0.0,1535.969,2013.402,-8.002,38.841,38.719,9.945,0.0,0.0
283,3.0,4.0,0.0,0.0,0.0,0.0,2004.3,1675.546,-15.531,37.689,37.561,9.798,0.0,0.0
284,3.0,4.0,0.0,1.0,1.0,0.0,2141.555,1680.364,118.585,38.437,38.026,9.956,0.0,0.0
285,3.0,4.0,0.0,2.0,2.0,0.0,2175.533,1758.923,50.714,37.742,37.547,9.881,0.0,0.0
286,3.0,4.0,0.0,3.0,3.0,0.0,2114.405,1764.677,124.334,38.311,38.188,9.884,0.0,0.0
288,3.0,4.0,0.0,5.0,6.0,0.0,2046.238,1902.239,134.297,38.997,37.726,9.698,0.0,0.0
289,3.0,4.0,0.0,6.0,7.0,0.0,2237.385,1910.139,84.437,38.34,38.064,9.871,0.0,0.0
290,3.0,4.0,0.0,7.0,9.0,0.0,2082.596,1925.381,-31.633,38.439,38.202,9.902,0.0,0.0
296,4.0,4.0,0.0,1.0,6.0,0.0,2565.191,2012.96,104.615,38.913,38.528,9.93,0.0,0.0
297,5.0,4.0,0.0,0.0,0.0,0.0,2914.028,1652.881,49.901,38.292,37.957,9.928,0.0,0.0
298,5.0,4.0,0.0,1.0,1.0,0.0,3111.405,1656.929,89.057,37.458,36.875,9.755,0.0,0.0
299,5.0,4.0,0.0,2.0,2.0,0.0,3077.245,1900.008,50.973,38.369,38.231,9.974,0.0,0.0
302,5.0,4.0,0.0,5.0,5.0,0.0,3098.836,1972.18,-40.41,38.581,38.217,9.923,0.0,0.0
303,5.0,4.0,0.0,6.0,6.0,0.0,3035.812,1973.66,15.739,38.564,38.405,9.945,0.0,0.0
304,5.0,4.0,0.0,7.0,7.0,0.0,3302.874,1988.456,71.476,39.218,38.602,9.904,0.0,0.0
305,5.0,4.0,0.0,8.0,8.0,0.0,3169.866,2010.432,-12.055,38.509,38.436,9.866,0.0,0.0
306,6.0,4.0,0.0,0.0,2.0,0.0,3815.479,1692.321,111.145,37.709,37.593,9.805,0.0,0.0
307,6.0,4.0,0.0,1.0,3.0,0.0,3619.968,1700.335,12.114,9.421,7.476,4.707,0.0,0.0
308,6.0,4.0,0.0,2.0,3.0,0.0,3642.383,1693.23,87.49,38.116,37.932,9.902,0.0,0.0
309,6.0,4.0,0.0,3.0,5.0,0.0,3655.683,1742.014,62.273,12.908,9.127,5.388,0.0,0.0
310,6.0,4.0,0.0,4.0,6.0,0.0,3781.237,1761.464,63.343,37.918,37.558,9.827,0.0,0.0
311,6.0,4.0,0.0,5.0,7.0,0.0,3549.997,1808.685,56.735,38.363,37.946,9.936,0.0,0.0
312,6.0,4.0,0.0,6.0,8.0,0.0,3561.657,1880.108,-41.991,7.306,4.629,4.6,0.0,0.0
313,6.0,4.0,0.0,7.0,8.0,0.0,3556.068,1878.307,76.634,8.887,6.695,5.255,0.0,0.0
314,6.0,4.0,0.0,8.0,9.0,0.0,3551.431,1910.31,7.954,38.001,37.696,9.857,0.0,0.0
315,6.0,4.0,0.0,9.0,10.0,0.0,3745.415,1937.421,90.797,7.221,4.671,4.424,0.0,0.0
316,6.0,4.0,0.0,10.0,10.0,0.0,3728.39,1947.511,54.68,9.076,7.148,6.417,0.0,0.0
317,6.0,4.0,0.0,11.0,12.0,0.0,4022.947,2061.316,94.831,7.233,3.972,3.458,0.0,0.0
318,7.0,4.0,0.0,0.0,4.0,0.0,4088.34,1723.914,33.783,38.043,37.855,9.883,0.0,0.0
319,7.0,4.0,0.0,1.0,5.0,0.0,4192.373,1743.037,45.184,37.898,37.696,9.843,0.0,0.0
320,7.0,4.0,0.0,2.0,8.0,0.0,4619.828,1934.325,92.747,42.473,27.613,8.956,0.0,0.0
322,8.0,4.0,0.0,0.0,2.0,0.0,4814.438,1731.321,-15.188,38.72,37.812,9.744,0.0,0.0
323,8.0,4.0,0.0,1.0,3.0,0.0,5065.681,1774.801,-12.635,38.632,38.49,9.815,0.0,0.0
324,8.0,4.0,0.0,2.0,5.0,0.0,5056.014,1900.553,-18.135,38.768,38.523,9.91,0.0,0.0
325,8.0,4.0,0.0,3.0,6.0,0.0,4733.381,1905.251,20.976,38.085,37.977,9.828,0.0,0.0
326,8.0,4.0,0.0,4.0,9.0,0.0,4901.604,1967.606,112.286,38.683,38.613,9.911,0.0,0.0
327,8.0,4.0,0.0,5.0,11.0,0.0,4952.74,1993.078,-12.977,38.515,38.305,9.85,0.0,0.0
331,9.0,4.0,0.0,0.0,1.0,0.0,5495.987,1680.553,72.144,37.755,37.58,9.809,0.0,0.0
332,9.0,4.0,0.0,1.0,3.0,0.0,5238.966,1759.538,63.681,37.728,37.597,9.808,0.0,0.0
333,9.0,4.0,0.0,2.0,4.0,0.0,5361.359,1864.198,68.753,37.748,37.581,9.809,0.0,0.0
334,9.0,4.0,0.0,3.0,5.0,0.0,5429.287,1877.679,42.015,38.289,37.929,9.847,0.0,0.0
335,9.0,4.0,0.0,4.0,8.0,0.0,5590.01,1978.601,74.161,38.437,38.247,9.908,0.0,0.0
338,0.0,5.0,0.0,0.0,3.0,0.0,54.186,2084.043,10.549,37.666,37.462,9.86,0.0,0.0
339,0.0,5.0,0.0,1.0,5.0,0.0,100.304,2101.201,115.932,37.562,37.455,9.768,0.0,0.0
341,0.0,5.0,0.0,3.0,9.0,0.0,474.22,2408.749,-40.025,38.947,38.778,9.966,0.0,0.0
342,1.0,5.0,0.0,0.0,1.0,0.0,778.248,2078.177,91.064,38.002,37.517,9.833,0.0,0.0
343,1.0,5.0,0.0,1.0,2.0,0.0,903.85,2086.089,70.25,38.446,37.83,9.854,0.0,0.0
344,1.0,5.0,0.0,2.0,3.0,0.0,958.897,2185.144,-6.934,38.384,38.154,9.889,0.0,0.0
345,1.0,5.0,0.0,3.0,4.0,0.0,807.991,2205.947,89.27,38.08,37.9,9.893,0.0,0.0
346,1.0,5.0,0.0,4.0,6.0,0.0,712.659,2308.313,86.72,38.536,38.1,9.901,0.0,0.0
347,1.0,5.0,0.0,5.0,7.0,0.0,1081.152,2323.323,-40.453,38.062,37.937,9.819,0.0,0.0
348,1.0,5.0,0.0,6.0,8.0,0.0,661.153,2350.873,106.381,38.502,38.276,9.845,0.0,0.0
350,1.0,5.0,0.0,8.0,11.0,0.0,641.369,2394.146,77.545,39.044,38.813,9.983,0.0,0.0
351,1.0,5.0,0.0,9.0,14.0,0.0,1002.132,2456.871,-0.325,40.268,34.455,9.511,0.0,0.0
352,2.0,5.0,0.0,0.0,0.0,0.0,1339.367,2061.769,119.677,37.337,37.185,9.78,0.0,0.0
353,2.0,5.0,0.0,1.0,1.0,0.0,1583.305,2249.693,134.166,38.741,38.376,9.888,0.0,0.0
354,2.0,5.0,0.0,2.0,2.0,0.0,1680.768,2258.884,0.153,39.076,38.419,9.788,0.0,0.0
355,2.0,5.0,0.0,3.0,3.0,0.0,1511.779,2275.458,133.251,38.787,38.722,9.938,0.0,0.0
356,2.0,5.0,0.0,4.0,4.0,0.0,1507.384,2342.167,-44.728,38.797,38.468,9.983,0.0,0.0
358,3.0,5.0,0.0,0.0,1.0,0.0,2025.121,2110.824,76.586,37.97,37.692,9.852,0.0,0.0
359,3.0,5.0,0.0,1.0,5.0,0.0,2059.68,2229.876,86.589,38.082,37.856,9.811,0.0,0.0
360,3.0,5.0,0.0,2.0,6.0,0.0,2133.284,2278.485,38.882,38.43,38.216,9.828,0.0,0.0
361,3.0,5.0,0.0,3.0,9.0,0.0,1959.871,2296.334,-18.119,38.497,38.014,9.963,0.0,0.0
362,3.0,5.0,0.0,4.0,10.0,0.0,1779.271,2329.248,15.985,38.356,38.249,9.898,0.0,0.0
363,3.0,5.0,0.0,5.0,12.0,0.0,1869.189,2374.442,36.053,38.297,38.26,9.891,0.0,0.0
364,3.0,5.0,0.0,6.0,14.0,0.0,1907.047,2430.172,9.009,38.829,38.38,9.901,0.0,0.0
365,4.0,5.0,0.0,0.0,2.0,0.0,2393.257,2166.188,97.669,37.675,37.384,9.773,0.0,0.0
366,4.0,5.0,0.0,1.0,3.0,0.0,2640.33,2215.58,118.451,38.128,37.917,9.825,0.0,0.0
368,4.0,5.0,0.0,3.0,5.0,0.0,2362.02,2316.267,-10.126,38.331,38.04,9.868,0.0,0.0
369,4.0,5.0,0.0,4.0,7.0,0.0,2767.694,2360.377,109.424,39.013,38.79,9.976,0.0,0.0
370,4.0,5.0,0.0,5.0,8.0,0.0,2586.392,2363.637,86.653,38.204,38.168,9.944,0.0,0.0
371,4.0,5.0,0.0,6.0,9.0,0.0,2475.557,2415.251,-11.145,38.2,38.09,9.857,0.0,0.0
372,4.0,5.0,0.0,7.0,10.0,0.0,2581.156,2429.075,16.629,38.842,38.659,9.937,0.0,0.0
374,5.0,5.0,0.0,0.0,1.0,0.0,3067.77,2115.14,82.379,37.874,37.752,9.847,0.0,0.0
375,5.0,5.0,0.0,1.0,2.0,0.0,3338.244,2134.635,46.859,37.929,37.788,9.859,0.0,0.0
376,5.0,5.0,0.0,2.0,4.0,0.0,2968.995,2224.228,40.076,38.179,37.818,9.819,0.0,0.0
377,5.0,5.0,0.0,3.0,5.0,0.0,3416.078,2237.102,-17.363,38.848,38.657,9.938,0.0,0.0
378,5.0,5.0,0.0,4.0,6.0,0.0,3393.802,2291.187,-39.304,38.356,38.229,9.895,0.0,0.0
379,5.0,5.0,0.0,5.0,8.0,0.0,3069.866,2398.02,-2.011,38.702,38.629,9.915,0.0,0.0
381,5.0,5.0,0.0,7.0,10.0,0.0,2920.912,2414.622,36.113,38.45,38.084,9.888,0.0,0.0
382,6.0,5.0,0.0,0.0,0.0,0.0,3997.752,2065.021,71.684,6.724,3.721,3.4,0.0,0.0
383,6.0,5.0,0.0,1.0,1.0,0.0,3674.861,2088.185,54.122,37.843,37.511,9.812,0.0,0.0
384,6.0,5.0,0.0,2.0,2.0,0.0,3885.863,2166.003,89.535,37.891,37.662,9.838,0.0,0.0
385,6.0,5.0,0.0,3.0,3.0,0.0,3903.548,2249.013,-17.897,38.286,38.141,9.952,0.0,0.0
386,6.0,5.0,0.0,4.0,4.0,0.0,3568.058,2296.683,-6.041,38.437,38.208,9.903,0.0,0.0
387,6.0,5.0,0.0,5.0,6.0,0.0,3722.506,2323.494,94.734,37.942,37.78,9.859,0.0,0.0
388,6.0,5.0,0.0,6.0,7.0,0.0,3869.91,2352.266,-26.32,38.455,38.195,9.904,0.0,0.0
389,7.0,5.0,0.0,0.0,1.0,0.0,4470.551,2073.262,107.917,38.0,37.759,9.788,0.0,0.0
390,7.0,5.0,0.0,1.0,4.0,0.0,4396.427,2245.952,102.477,37.765,37.602,9.813,0.0,0.0
394,8.0,5.0,0.0,0.0,1.0,0.0,4794.233,2106.434,103.431,38.184,37.968,9.915,0.0,0.0
395,8.0,5.0,0.0,1.0,2.0,0.0,5116.186,2164.619,-23.243,38.333,38.101,9.8,0.0,0.0
396,8.0,5.0,0.0,2.0,3.0,0.0,4940.78,2247.104,99.96,38.575,38.456,9.952,0.0,0.0
397,8.0,5.0,0.0,3.0,4.0,0.0,4730.975,2248.773,55.544,38.271,37.945,9.847,0.0,0.0
401,8.0,5.0,0.0,7.0,11.0,0.0,4951.478,2454.802,-6.142,39.85,36.876,9.699,0.0,0.0
402,9.0,5.0,0.0,0.0,0.0,0.0,5418.473,2100.816,84.586,37.873,37.616,9.829,0.0,0.0
403,9.0,5.0,0.0,1.0,1.0,0.0,5252.58,2191.801,40.042,38.3,38.042,9.864,0.0,0.0
404,9.0,5.0,0.0,2.0,2.0,0.0,5642.046,2205.661,130.329,38.744,38.177,9.863,0.0,0.0
405,9.0,5.0,0.0,3.0,3.0,0.0,5578.826,2229.741,-39.123,38.032,37.912,9.889,0.0,0.0
406,9.0,5.0,0.0,4.0,7.0,0.0,5315.088,2441.618,-41.654,38.902,38.543,9.93,0.0,0.0
408,0.0,6.0,0.0,0.0,1.0,0.0,256.716,2485.116,109.14,37.471,37.175,9.796,0.0,0.0
409,0.0,6.0,0.0,1.0,2.0,0.0,438.621,2487.233,89.121,38.563,38.234,9.922,0.0,0.0
410,0.0,6.0,0.0,2.0,3.0,0.0,521.301,2567.017,-42.059,37.926,37.889,9.796,0.0,0.0
411,0.0,6.0,0.0,3.0,4.0,0.0,172.198,2600.178,89.428,37.589,37.383,9.839,0.0,0.0
414,0.0,6.0,0.0,6.0,7.0,0.0,561.347,2644.436,112.632,38.364,37.97,9.862,0.0,0.0
415,0.0,6.0,0.0,7.0,8.0,0.0,203.519,2663.175,91.435,38.284,38.206,9.883,0.0,0.0
419,1.0,6.0,0.0,2.0,4.0,0.0,722.047,2577.09,77.35,37.388,37.154,9.783,0.0,0.0
424,1.0,6.0,0.0,7.0,8.0,0.0,1017.497,2747.292,43.91,39.131,38.727,9.983,0.0,0.0
425,1.0,6.0,0.0,8.0,9.0,0.0,640.484,2754.562,9.532,38.418,38.146,9.892,0.0,0.0
426,1.0,6.0,0.0,9.0,10.0,0.0,749.052,2765.297,26.858,37.828,37.797,9.847,0.0,0.0
427,1.0,6.0,0.0,10.0,11.0,0.0,816.604,2802.632,79.188,38.83,38.546,9.921,0.0,0.0
428,1.0,6.0,0.0,11.0,12.0,0.0,904.253,2835.019,-41.807,39.385,38.965,9.898,0.0,0.0
429,1.0,6.0,0.0,12.0,13.0,0.0,878.353,2864.771,-3.837,40.635,34.071,9.493,0.0,0.0
430,2.0,6.0,0.0,0.0,4.0,0.0,1463.366,2568.425,74.489,37.669,37.424,9.778,0.0,0.0
431,2.0,6.0,0.0,1.0,6.0,0.0,1511.856,2604.632,68.469,37.985,37.914,9.806,0.0,0.0
432,2.0,6.0,0.0,2.0,7.0,0.0,1584.969,2627.628,37.423,38.762,38.647,9.925,0.0,0.0
433,2.0,6.0,0.0,3.0,8.0,0.0,1362.245,2655.107,13.689,37.606,37.396,9.843,0.0,0.0
434,2.0,6.0,0.0,4.0,10.0,0.0,1216.918,2741.158,36.321,38.458,38.174,9.901,0.0,0.0
435,2.0,6.0,0.0,5.0,11.0,0.0,1519.341,2761.863,-37.952,38.105,37.91,9.898,0.0,0.0
436,2.0,6.0,0.0,6.0,12.0,0.0,1345.657,2778.924,73.795,38.412,38.219,9.977,0.0,0.0
437,2.0,6.0,0.0,7.0,13.0,0.0,1428.228,2788.956,-23.171,38.66,38.492,9.892,0.0,0.0
438,2.0,6.0,0.0,8.0,15.0,0.0,1331.289,2842.973,98.308,39.02,38.72,9.968,0.0,0.0
439,2.0,6.0,0.0,9.0,16.0,0.0,1515.8,2846.294,112.798,38.806,38.635,9.855,0.0,0.0
440,3.0,6.0,0.0,0.0,1.0,0.0,1755.354,2489.203,39.444,37.988,37.906,9.806,0.0,0.0
441,3.0,6.0,0.0,1.0,2.0,0.0,1825.645,2536.04,53.304,38.072,37.823,9.806,0.0,0.0
442,3.0,6.0,0.0,2.0,3.0,0.0,1955.254,2607.253,80.256,38.285,37.864,9.838,0.0,0.0
443,3.0,6.0,0.0,3.0,4.0,0.0,1806.857,2610.526,57.404,38.019,37.539,9.838,0.0,0.0
444,3.0,6.0,0.0,4.0,6.0,0.0,1787.96,2666.55,75.098,38.048,37.896,9.889,0.0,0.0
446,3.0,6.0,0.0,6.0,8.0,0.0,2083.748,2708.142,113.853,38.48,38.449,9.939,0.0,0.0
447,3.0,6.0,0.0,7.0,9.0,0.0,1760.172,2727.027,33.609,38.105,37.87,9.816,0.0,0.0
448,3.0,6.0,0.0,8.0,10.0,0.0,1873.074,2742.396,26.959,38.244,38.124,9.944,0.0,0.0
449,4.0,6.0,0.0,0.0,1.0,0.0,2516.768,2504.861,60.675,37.611,37.562,9.788,0.0,0.0
450,4.0,6.0,0.0,1.0,2.0,0.0,2737.614,2512.013,115.412,37.925,37.542,9.826,0.0,0.0
451,4.0,6.0,0.0,2.0,3.0,0.0,2788.128,2596.57,35.604,38.598,38.248,9.929,0.0,0.0
452,4.0,6.0,0.0,3.0,6.0,0.0,2492.736,2750.197,69.022,38.17,38.044,9.924,0.0,0.0
454,5.0,6.0,0.0,0.0,0.0,0.0,3283.749,2488.809,88.476,37.999,37.64,9.848,0.0,0.0
455,5.0,6.0,0.0,1.0,1.0,0.0,3272.775,2540.768,91.528,38.137,37.764,9.882,0.0,0.0
456,5.0,6.0,0.0,2.0,3.0,0.0,3076.099,2580.353,38.138,37.638,37.401,9.848,0.0,0.0
457,5.0,6.0,0.0,3.0,4.0,0.0,3181.15,2610.689,132.82,37.908,37.677,9.842,0.0,0.0
460,5.0,6.0,0.0,6.0,6.0,0.0,3000.6,2633.759,-14.922,37.55,37.482,9.847,0.0,0.0
461,5.0,6.0,0.0,7.0,7.0,0.0,3402.264,2669.229,89.187,38.948,38.409,9.845,0.0,0.0
462,5.0,6.0,0.0,8.0,8.0,0.0,3171.375,2716.27,86.259,38.793,38.587,9.922,0.0,0.0
463,5.0,6.0,0.0,9.0,10.0,0.0,3052.214,2776.413,118.448,38.765,38.562,9.915,0.0,0.0
464,5.0,6.0,0.0,10.0,11.0,0.0,3420.34,2782.907,45.693,39.669,39.545,9.933,0.0,0.0
465,5.0,6.0,0.0,11.0,12.0,0.0,3290.912,2788.273,103.299,38.953,38.63,9.948,0.0,0.0
471,6.0,6.0,0.0,0.0,0.0,0.0,3840.714,2470.952,3.038,38.314,38.275,9.896,0.0,0.0
472,6.0,6.0,0.0,1.0,3.0,0.0,3660.412,2744.818,118.565,37.719,37.663,9.815,0.0,0.0
473,6.0,6.0,0.0,2.0,4.0,0.0,4030.242,2739.147,-18.628,12.01,8.522,4.912,0.0,0.0
474,6.0,6.0,0.0,3.0,5.0,0.0,3952.396,2747.018,40.763,12.45,8.085,7.456,0.0,0.0
475,6.0,6.0,0.0,4.0,5.0,0.0,3950.991,2748.58,46.613,15.516,8.679,5.72,0.0,0.0
476,6.0,6.0,0.0,5.0,6.0,0.0,3854.999,2764.004,106.088,38.918,38.668,9.948,0.0,0.0
477,6.0,6.0,0.0,6.0,7.0,0.0,4043.831,2777.164,-35.126,10.142,7.497,4.91,0.0,0.0
478,6.0,6.0,0.0,7.0,8.0,0.0,3529.24,2766.603,116.289,37.736,37.655,9.816,0.0,0.0
479,6.0,6.0,0.0,8.0,9.0,0.0,3486.166,2767.507,-8.064,38.714,38.313,9.953,0.0,0.0
480,6.0,6.0,0.0,9.0,10.0,0.0,4050.509,2865.28,133.256,10.629,6.15,7.633,0.0,0.0
481,6.0,6.0,0.0,10.0,10.0,0.0,4053.511,2874.303,46.687,4.411,3.357,3.174,0.0,0.0
482,7.0,6.0,0.0,0.0,1.0,0.0,4155.732,2471.495,66.369,37.656,37.506,9.787,0.0,0.0
483,7.0,6.0,0.0,1.0,2.0,0.0,4564.401,2615.026,71.073,38.676,38.59,9.907,0.0,0.0
487,8.0,6.0,0.0,0.0,2.0,0.0,4707.45,2527.798,57.717,37.535,37.395,9.834,0.0,0.0
488,8.0,6.0,0.0,1.0,3.0,0.0,5063.98,2546.104,95.144,38.438,38.364,9.923,0.0,0.0
493,8.0,6.0,0.0,6.0,16.0,0.0,4675.76,2853.176,-22.208,38.919,38.746,9.958,0.0,0.0
494,8.0,6.0,0.0,7.0,17.0,0.0,4863.456,2860.938,-8.915,38.989,38.508,9.863,0.0,0.0
496,9.0,6.0,0.0,0.0,3.0,0.0,5464.921,2487.986,40.158,38.288,37.81,9.833,0.0,0.0
497,9.0,6.0,0.0,1.0,5.0,0.0,5239.325,2555.462,-37.413,37.639,37.378,9.768,0.0,0.0
498,9.0,6.0,0.0,2.0,6.0,0.0,5567.906,2587.234,95.698,38.254,37.911,9.917,0.0,0.0
499,9.0,6.0,0.0,3.0,7.0,0.0,5209.888,2598.707,52.879,38.1,38.029,9.761,0.0,0.0
512,0.0,7.0,0.0,0.0,1.0,0.0,53.904,2878.858,39.046,37.23,37.106,9.756,0.0,0.0
513,0.0,7.0,0.0,1.0,4.0,0.0,572.431,2959.579,-40.88,38.935,38.76,9.888,0.0,0.0
514,0.0,7.0,0.0,2.0,6.0,0.0,509.1,3045.401,114.318,39.031,38.729,9.971,0.0,0.0
517,0.0,7.0,0.0,5.0,8.0,0.0,171.451,3080.579,4.318,37.929,37.753,9.855,0.0,0.0
518,0.0,7.0,0.0,6.0,9.0,0.0,218.271,3123.139,69.498,38.467,38.144,9.898,0.0,0.0
519,0.0,7.0,0.0,7.0,14.0,0.0,363.328,3253.922,-33.799,38.972,38.842,9.903,0.0,0.0
520,1.0,7.0,0.0,0.0,1.0,0.0,631.076,2888.502,29.278,37.88,37.749,9.848,0.0,0.0
521,1.0,7.0,0.0,1.0,2.0,0.0,1130.609,2906.307,-9.469,38.446,38.099,9.89,0.0,0.0
522,1.0,7.0,0.0,2.0,4.0,0.0,1057.617,2949.228,131.034,38.771,38.696,9.933,0.0,0.0
525,1.0,7.0,0.0,5.0,8.0,0.0,1007.242,2965.52,88.009,37.737,37.508,9.798,0.0,0.0
526,1.0,7.0,0.0,6.0,9.0,0.0,959.469,2973.181,55.466,38.192,37.933,9.835,0.0,0.0
527,1.0,7.0,0.0,7.0,10.0,0.0,753.184,3007.97,129.234,38.569,38.492,9.957,0.0,0.0
528,1.0,7.0,0.0,8.0,11.0,0.0,789.588,3115.182,-33.727,37.713,37.474,9.868,0.0,0.0
529,1.0,7.0,0.0,9.0,12.0,0.0,830.132,3131.122,134.082,38.308,38.148,9.878,0.0,0.0
530,1.0,7.0,0.0,10.0,13.0,0.0,969.336,3135.928,109.489,38.21,38.137,9.864,0.0,0.0
531,1.0,7.0,0.0,11.0,14.0,0.0,1026.918,3156.047,71.31,38.225,38.003,9.774,0.0,0.0
532,1.0,7.0,0.0,12.0,15.0,0.0,614.337,3221.248,70.064,38.999,38.906,9.914,0.0,0.0
533,2.0,7.0,0.0,0.0,4.0,0.0,1504.992,2894.916,86.086,37.72,37.649,9.814,0.0,0.0
534,2.0,7.0,0.0,1.0,6.0,0.0,1661.364,2933.495,130.328,37.822,37.664,9.829,0.0,0.0
535,2.0,7.0,0.0,2.0,9.0,0.0,1442.663,3030.076,110.125,38.04,37.738,9.867,0.0,0.0
536,2.0,7.0,0.0,3.0,10.0,0.0,1421.214,3122.717,32.9,38.106,38.064,9.841,0.0,0.0
537,2.0,7.0,0.0,4.0,11.0,0.0,1205.799,3174.391,-14.429,38.577,38.462,9.878,0.0,0.0
538,3.0,7.0,0.0,0.0,2.0,0.0,1931.406,2886.282,85.897,38.198,37.815,9.897,0.0,0.0
540,3.0,7.0,0.0,2.0,5.0,0.0,2221.574,3017.21,100.637,39.054,38.702,9.969,0.0,0.0
541,3.0,7.0,0.0,3.0,6.0,0.0,1932.697,3017.018,72.295,37.336,36.829,9.733,0.0,0.0
542,3.0,7.0,0.0,4.0,7.0,0.0,2160.968,3114.368,105.98,39.104,38.866,9.997,0.0,0.0
543,3.0,7.0,0.0,5.0,8.0,0.0,1802.343,3191.951,48.373,38.481,38.398,9.933,0.0,0.0
544,3.0,7.0,0.0,6.0,9.0,0.0,2153.288,3216.7,111.72,38.494,38.451,9.866,0.0,0.0
545,4.0,7.0,0.0,0.0,1.0,0.0,2644.838,2875.976,105.38,38.266,37.865,9.836,0.0,0.0
546,4.0,7.0,0.0,1.0,2.0,0.0,2728.989,2939.867,81.892,38.558,38.467,9.952,0.0,0.0
547,4.0,7.0,0.0,2.0,3.0,0.0,2421.718,2976.501,53.022,38.304,37.926,9.849,0.0,0.0
548,4.0,7.0,0.0,3.0,4.0,0.0,2729.45,3127.141,31.905,38.377,38.203,9.819,0.0,0.0
549,4.0,7.0,0.0,4.0,5.0,0.0,2446.673,3177.725,-37.106,38.614,38.433,9.879,0.0,0.0
551,4.0,7.0,0.0,6.0,7.0,0.0,2655.88,3230.885,106.596,42.377,36.595,9.634,0.0,0.0
554,5.0,7.0,0.0,0.0,2.0,0.0,2987.828,2962.827,107.41,38.394,38.096,9.883,0.0,0.0
556,5.0,7.0,0.0,2.0,4.0,0.0,3297.029,2994.169,106.675,38.118,37.706,9.872,0.0,0.0
557,5.0,7.0,0.0,3.0,5.0,0.0,3192.439,3042.681,-16.403,38.526,38.368,9.935,0.0,0.0
560,5.0,7.0,0.0,6.0,9.0,0.0,2956.207,3177.608,127.722,38.247,37.797,9.902,0.0,0.0
561,5.0,7.0,0.0,7.0,10.0,0.0,2931.724,3222.414,-1.708,38.784,38.467,9.831,0.0,0.0
562,6.0,7.0,0.0,0.0,1.0,0.0,3846.963,2881.739,76.698,38.169,37.791,9.814,0.0,0.0
563,6.0,7.0,0.0,1.0,2.0,0.0,3949.472,2899.259,73.351,38.211,38.097,9.859,0.0,0.0
564,6.0,7.0,0.0,2.0,3.0,0.0,3495.767,2944.718,51.917,37.633,37.295,9.756,0.0,0.0
565,6.0,7.0,0.0,3.0,4.0,0.0,4011.538,3036.937,87.812,38.757,38.579,9.916,0.0,0.0
567,6.0,7.0,0.0,5.0,6.0,0.0,3765.438,3119.887,31.427,41.43,36.775,9.538,0.0,0.0
569,6.0,7.0,0.0,7.0,7.0,0.0,3706.586,3116.695,97.183,37.602,37.457,9.85,0.0,0.0
570,6.0,7.0,0.0,8.0,8.0,0.0,3793.189,3156.93,51.65,38.178,38.06,9.85,0.0,0.0
571,6.0,7.0,0.0,9.0,12.0,0.0,3718.587,3229.383,16.514,38.905,38.698,9.95,0.0,0.0
573,7.0,7.0,0.0,0.0,2.0,0.0,4093.958,2905.845,38.691,37.852,37.672,9.834,0.0,0.0
574,7.0,7.0,0.0,1.0,3.0,0.0,4334.945,2992.193,68.168,37.966,37.624,9.842,0.0,0.0
575,7.0,7.0,0.0,2.0,4.0,0.0,4248.124,3119.016,-5.947,38.353,38.143,9.883,0.0,0.0
576,7.0,7.0,0.0,3.0,5.0,0.0,4101.597,3246.415,10.744,39.065,38.776,9.906,0.0,0.0
577,7.0,7.0,0.0,4.0,8.0,0.0,4371.637,3275.662,-3.443,42.274,28.322,9.114,0.0,0.0
578,8.0,7.0,0.0,0.0,4.0,0.0,4661.023,3038.032,59.746,38.097,38.044,9.914,0.0,0.0
579,8.0,7.0,0.0,1.0,6.0,0.0,4782.191,3081.129,80.06,38.32,38.099,9.873,0.0,0.0
580,8.0,7.0,0.0,2.0,9.0,0.0,4838.903,3164.071,47.67,37.984,37.742,9.938,0.0,0.0
581,8.0,7.0,0.0,3.0,10.0,0.0,4732.164,3212.403,55.437,39.004,38.822,9.979,0.0,0.0
582,8.0,7.0,0.0,4.0,11.0,0.0,4689.05,3215.502,92.847,38.221,37.82,9.824,0.0,0.0
583,9.0,7.0,0.0,0.0,0.0,0.0,5755.143,2890.98,116.963,38.92,38.371,9.835,0.0,0.0
584,9.0,7.0,0.0,1.0,1.0,0.0,5599.668,2979.668,59.168,38.284,38.043,9.862,0.0,0.0
586,0.0,8.0,0.0,0.0,3.0,0.0,272.278,3374.055,49.846,38.282,37.951,9.926,0.0,0.0
589,0.0,8.0,0.0,3.0,6.0,0.0,306.288,3593.786,2.865,38.784,38.589,9.997,0.0,0.0
592,0.0,8.0,0.0,6.0,13.0,0.0,303.373,3681.398,-4.11,40.244,32.808,9.354,0.0,0.0
593,1.0,8.0,0.0,0.0,1.0,0.0,773.993,3318.72,112.923,37.913,37.52,9.822,0.0,0.0
594,1.0,8.0,0.0,1.0,2.0,0.0,1116.585,3340.792,111.056,39.166,38.736,9.914,0.0,0.0
596,1.0,8.0,0.0,3.0,5.0,0.0,818.234,3409.516,68.181,38.215,37.73,9.737,0.0,0.0
597,1.0,8.0,0.0,4.0,6.0,0.0,942.345,3490.152,53.619,38.317,38.002,9.937,0.0,0.0
598,1.0,8.0,0.0,5.0,7.0,0.0,1088.675,3592.02,-18.502,38.835,38.65,9.861,0.0,0.0
599,1.0,8.0,0.0,6.0,11.0,0.0,1002.461,3679.1,-0.771,39.691,36.845,9.668,0.0,0.0
600,2.0,8.0,0.0,0.0,1.0,0.0,1713.717,3305.34,111.111,37.971,37.583,9.837,0.0,0.0
601,2.0,8.0,0.0,1.0,2.0,0.0,1597.242,3381.168,-1.206,38.395,38.343,9.915,0.0,0.0
602,2.0,8.0,0.0,2.0,3.0,0.0,1172.444,3400.023,53.137,37.857,37.541,9.817,0.0,0.0
603,2.0,8.0,0.0,3.0,4.0,0.0,1220.694,3402.975,63.63,38.168,37.969,9.914,0.0,0.0
604,2.0,8.0,0.0,4.0,5.0,0.0,1730.924,3414.188,92.131,38.798,38.62,9.926,0.0,0.0
605,2.0,8.0,0.0,5.0,6.0,0.0,1687.021,3501.88,90.558,39.163,38.947,9.94,0.0,0.0
606,2.0,8.0,0.0,6.0,7.0,0.0,1185.041,3623.04,-23.297,38.26,38.148,9.872,0.0,0.0
609,3.0,8.0,0.0,2.0,5.0,0.0,1854.28,3589.933,107.634,38.195,38.073,9.854,0.0,0.0
610,3.0,8.0,0.0,3.0,8.0,0.0,1991.865,3681.93,-3.526,41.317,31.878,9.352,0.0,0.0
611,4.0,8.0,0.0,0.0,2.0,0.0,2711.866,3302.723,97.554,38.285,38.056,9.863,0.0,0.0
613,4.0,8.0,0.0,2.0,4.0,0.0,2867.592,3465.808,34.799,38.972,38.917,9.912,0.0,0.0
617,4.0,8.0,0.0,6.0,8.0,0.0,2737.449,3581.881,104.682,38.338,38.193,9.888,0.0,0.0
618,4.0,8.0,0.0,7.0,10.0,0.0,2495.925,3670.393,17.985,38.662,38.494,9.893,0.0,0.0
619,5.0,8.0,0.0,0.0,0.0,0.0,3111.321,3286.507,71.025,37.947,37.681,9.847,0.0,0.0
620,5.0,8.0,0.0,1.0,1.0,0.0,3346.971,3301.057,46.92,38.35,38.245,9.896,0.0,0.0
621,5.0,8.0,0.0,2.0,2.0,0.0,3323.862,3368.624,83.366,37.639,37.103,9.808,0.0,0.0
622,5.0,8.0,0.0,3.0,3.0,0.0,3119.803,3461.242,27.178,38.207,38.165,9.868,0.0,0.0
623,5.0,8.0,0.0,4.0,4.0,0.0,3186.82,3461.916,51.442,38.499,38.37,9.856,0.0,0.0
624,5.0,8.0,0.0,5.0,7.0,0.0,3169.175,3500.443,104.357,38.461,38.138,9.897,0.0,0.0
625,5.0,8.0,0.0,6.0,8.0,0.0,3138.872,3538.486,96.412,38.519,38.465,9.946,0.0,0.0
626,5.0,8.0,0.0,7.0,10.0,0.0,3249.822,3593.15,47.149,38.704,38.551,9.906,0.0,0.0
633,6.0,8.0,0.0,3.0,2.0,0.0,3881.834,3352.135,81.132,37.974,37.809,9.868,0.0,0.0
634,6.0,8.0,0.0,4.0,3.0,0.0,3596.64,3401.292,-27.457,37.602,37.521,9.782,0.0,0.0
635,6.0,8.0,0.0,5.0,4.0,0.0,4027.445,3506.024,106.773,39.581,39.274,9.961,0.0,0.0
636,6.0,8.0,0.0,6.0,6.0,0.0,3615.658,3596.329,103.679,38.784,38.618,9.925,0.0,0.0
638,6.0,8.0,0.0,8.0,9.0,0.0,3582.248,3642.92,122.037,39.017,38.778,9.975,0.0,0.0
641,7.0,8.0,0.0,1.0,4.0,0.0,4472.108,3449.325,96.666,38.495,38.192,9.908,0.0,0.0
643,7.0,8.0,0.0,3.0,8.0,0.0,4211.977,3547.459,105.279,38.352,38.263,9.899,0.0,0.0
646,8.0,8.0,0.0,2.0,2.0,0.0,4679.081,3381.007,44.88,37.502,37.358,9.747,0.0,0.0
649,8.0,8.0,0.0,5.0,7.0,0.0,5040.284,3553.699,130.43,38.058,37.794,9.8,0.0,0.0
650,9.0,8.0,0.0,0.0,1.0,0.0,5241.487,3313.779,97.222,37.916,37.576,9.83,0.0,0.0
652,9.0,8.0,0.0,2.0,3.0,0.0,5677.516,3366.58,123.41,38.416,38.342,9.917,0.0,0.0
654,9.0,8.0,0.0,4.0,7.0,0.0,5394.292,3452.772,78.068,38.573,37.734,9.86,0.0,0.0
657,9.0,8.0,0.0,7.0,10.0,0.0,5617.579,3537.646,122.142,39.029,38.785,9.977,0.0,0.0
658,9.0,8.0,0.0,8.0,12.0,0.0,5330.005,3630.403,18.744,38.716,38.451,9.97,0.0,0.0
659,0.0,9.0,0.0,0.0,3.0,0.0,496.785,3713.857,132.616,38.483,37.57,9.754,0.0,0.0
660,0.0,9.0,0.0,1.0,4.0,0.0,298.037,3750.356,-34.03,37.4,36.989,9.841,0.0,0.0
661,0.0,9.0,0.0,2.0,5.0,0.0,77.029,3761.638,41.104,36.98,36.57,9.73,0.0,0.0
662,0.0,9.0,0.0,3.0,6.0,0.0,84.257,3843.654,52.134,38.052,37.84,9.805,0.0,0.0
663,0.0,9.0,0.0,4.0,7.0,0.0,537.356,3848.928,86.017,38.835,38.539,9.847,0.0,0.0
667,0.0,9.0,0.0,8.0,13.0,0.0,265.613,3975.609,-25.188,38.306,38.149,9.878,0.0,0.0
670,1.0,9.0,0.0,0.0,2.0,0.0,862.472,3707.546,86.357,37.573,37.14,9.805,0.0,0.0
671,1.0,9.0,0.0,1.0,3.0,0.0,654.692,3735.618,41.769,38.103,37.59,9.856,0.0,0.0
675,1.0,9.0,0.0,5.0,6.0,0.0,765.01,3796.152,65.159,37.441,37.265,9.804,0.0,0.0
676,1.0,9.0,0.0,6.0,7.0,0.0,1120.57,3886.374,-35.548,38.962,38.529,9.936,0.0,0.0
678,1.0,9.0,0.0,8.0,9.0,0.0,845.268,3913.734,102.19,38.519,38.086,9.897,0.0,0.0
679,1.0,9.0,0.0,9.0,10.0,0.0,1078.852,3925.43,100.907,38.929,38.623,9.944,0.0,0.0
680,1.0,9.0,0.0,10.0,11.0,0.0,924.759,3927.931,-24.125,38.607,38.414,9.876,0.0,0.0
681,1.0,9.0,0.0,11.0,12.0,0.0,924.405,3968.259,-31.212,38.771,38.49,9.983,0.0,0.0
682,1.0,9.0,0.0,12.0,13.0,0.0,849.218,3978.432,-24.96,38.63,38.417,9.955,0.0,0.0
683,2.0,9.0,0.0,0.0,2.0,0.0,1494.055,3694.007,79.935,38.305,37.89,9.921,0.0,0.0
684,2.0,9.0,0.0,1.0,3.0,0.0,1213.358,3727.948,56.665,37.456,37.114,9.787,0.0,0.0
688,2.0,9.0,0.0,5.0,7.0,0.0,1637.862,3814.689,99.653,38.623,38.225,9.929,0.0,0.0
689,2.0,9.0,0.0,6.0,8.0,0.0,1237.218,3820.399,34.309,37.887,37.49,9.815,0.0,0.0
693,3.0,9.0,0.0,1.0,3.0,0.0,2301.827,3731.992,110.397,38.284,38.068,9.865,0.0,0.0
694,3.0,9.0,0.0,2.0,4.0,0.0,2071.689,3744.915,83.934,37.946,37.509,9.825,0.0,0.0
695,3.0,9.0,0.0,3.0,5.0,0.0,1904.395,3754.811,103.107,37.786,37.338,9.707,0.0,0.0
698,3.0,9.0,0.0,6.0,15.0,0.0,1902.657,4033.157,-39.917,38.429,38.028,9.879,0.0,0.0
701,3.0,9.0,0.0,9.0,19.0,0.0,1936.818,4061.507,-9.418,38.443,38.217,9.829,0.0,0.0
702,4.0,9.0,0.0,0.0,5.0,0.0,2521.367,3776.192,79.87,38.037,37.447,9.829,0.0,0.0
703,4.0,9.0,0.0,1.0,6.0,0.0,2891.374,3828.326,91.419,42.055,28.432,9.207,0.0,0.0
705,4.0,9.0,0.0,3.0,8.0,0.0,2765.916,3935.051,63.797,38.594,38.454,9.955,0.0,0.0
706,4.0,9.0,0.0,4.0,9.0,0.0,2397.578,3950.217,-32.651,38.791,38.492,9.909,0.0,0.0
713,4.0,9.0,0.0,11.0,14.0,0.0,2721.9,4024.815,-25.554,39.176,38.793,9.922,0.0,0.0
714,5.0,9.0,0.0,0.0,1.0,0.0,3301.495,3771.217,111.29,38.074,37.941,9.898,0.0,0.0
715,5.0,9.0,0.0,1.0,3.0,0.0,3390.443,3779.916,4.158,38.396,38.196,9.896,0.0,0.0
716,5.0,9.0,0.0,2.0,5.0,0.0,2979.17,3831.261,91.964,37.932,37.708,9.773,0.0,0.0
717,5.0,9.0,0.0,3.0,6.0,0.0,3027.696,3851.314,73.164,38.506,38.15,9.904,0.0,0.0
718,5.0,9.0,0.0,4.0,9.0,0.0,3068.255,3955.269,73.633,38.194,37.562,9.788,0.0,0.0
719,5.0,9.0,0.0,5.0,10.0,0.0,3464.941,3972.722,92.778,40.781,33.652,9.599,0.0,0.0
720,5.0,9.0,0.0,6.0,11.0,0.0,3384.943,3994.474,72.413,38.698,38.277,9.87,0.0,0.0
721,6.0,9.0,0.0,0.0,1.0,0.0,3545.376,3717.651,113.417,37.654,37.492,9.862,0.0,0.0
722,6.0,9.0,0.0,1.0,2.0,0.0,3989.115,3738.247,3.766,38.248,37.95,9.845,0.0,0.0
723,6.0,9.0,0.0,2.0,4.0,0.0,3486.26,3741.161,26.166,37.898,37.776,9.853,0.0,0.0
732,6.0,9.0,0.0,11.0,13.0,0.0,3844.485,3884.465,113.471,38.502,38.273,9.919,0.0,0.0
733,6.0,9.0,0.0,12.0,15.0,0.0,3736.078,3924.327,56.873,38.144,38.01,9.839,0.0,0.0
736,7.0,9.0,0.0,1.0,3.0,0.0,4411.583,3801.883,82.965,38.548,38.305,9.929,0.0,0.0
738,7.0,9.0,0.0,3.0,5.0,0.0,4163.248,3827.267,53.397,38.255,38.15,9.948,0.0,0.0
739,7.0,9.0,0.0,4.0,7.0,0.0,4131.845,3861.629,58.029,38.265,37.921,9.843,0.0,0.0
745,8.0,9.0,0.0,0.0,0.0,0.0,4885.005,3729.177,91.476,38.425,37.974,9.796,0.0,0.0
746,8.0,9.0,0.0,1.0,1.0,0.0,4818.545,3813.83,66.229,37.521,37.257,9.737,0.0,0.0
747,8.0,9.0,0.0,2.0,3.0,0.0,4814.007,3976.64,72.245,38.116,37.942,9.903,0.0,0.0
753,9.0,9.0,0.0,0.0,0.0,0.0,5430.987,3701.037,109.366,37.945,37.606,9.837,0.0,0.0
758,9.0,9.0,0.0,5.0,4.0,0.0,5420.222,3797.425,44.115,38.093,38.018,9.91,0.0,0.0
759,9.0,9.0,0.0,6.0,5.0,0.0,5604.083,3858.096,83.86,38.073,37.949,9.898,0.0,0.0
761,9.0,9.0,0.0,8.0,7.0,0.0,5726.746,3904.889,-31.403,38.907,38.573,9.86,0.0,0.0
764,9.0,9.0,0.0,11.0,11.0,0.0,5318.404,3980.915,96.139,37.693,37.555,9.798,0.0,0.0
768,9.0,9.0,0.0,15.0,15.0,0.0,5479.501,4034.017,88.462,38.782,38.558,9.917,0.0,0.0
770,0.0,10.0,0.0,0.0,0.0,0.0,444.711,4099.975,130.065,38.171,37.838,9.897,0.0,0.0
771,0.0,10.0,0.0,1.0,1.0,0.0,387.344,4104.48,81.082,38.063,37.781,9.799,0.0,0.0
772,0.0,10.0,0.0,2.0,2.0,0.0,561.37,4141.009,110.094,38.499,38.184,9.907,0.0,0.0
773,0.0,10.0,0.0,3.0,4.0,0.0,132.363,4199.552,22.155,37.902,37.567,9.827,0.0,0.0
774,0.0,10.0,0.0,4.0,6.0,0.0,325.261,4210.327,89.051,38.183,37.963,9.763,0.0,0.0
780,0.0,10.0,0.0,10.0,17.0,0.0,386.289,4387.853,91.121,38.676,38.411,9.96,0.0,0.0
789,1.0,10.0,0.0,0.0,0.0,0.0,1004.239,4141.25,13.182,38.031,37.914,9.889,0.0,0.0
790,1.0,10.0,0.0,1.0,2.0,0.0,660.419,4170.118,56.414,37.795,37.348,9.861,0.0,0.0
792,1.0,10.0,0.0,3.0,5.0,0.0,859.293,4341.888,25.056,38.945,38.858,9.976,0.0,0.0
796,2.0,10.0,0.0,0.0,2.0,0.0,1300.705,4124.462,54.169,38.183,37.594,9.867,0.0,0.0
797,2.0,10.0,0.0,1.0,3.0,0.0,1633.552,4145.891,125.843,37.766,37.578,9.811,0.0,0.0
798,2.0,10.0,0.0,2.0,5.0,0.0,1210.846,4315.416,59.51,38.274,37.96,9.926,0.0,0.0
799,2.0,10.0,0.0,3.0,6.0,0.0,1372.295,4340.967,35.798,37.888,37.697,9.842,0.0,0.0
801,2.0,10.0,0.0,5.0,9.0,0.0,1489.538,4390.349,46.445,38.959,38.667,9.953,0.0,0.0
807,2.0,10.0,0.0,11.0,13.0,0.0,1579.766,4429.339,4.588,39.075,39.009,9.937,0.0,0.0
808,2.0,10.0,0.0,12.0,14.0,0.0,1691.274,4433.804,18.743,39.146,38.929,9.936,0.0,0.0
809,3.0,10.0,0.0,0.0,0.0,0.0,2272.757,4164.186,31.138,39.071,38.691,9.896,0.0,0.0
810,3.0,10.0,0.0,1.0,1.0,0.0,2147.968,4166.189,91.536,38.185,38.057,9.851,0.0,0.0
811,3.0,10.0,0.0,2.0,2.0,0.0,2074.809,4201.7,86.592,38.475,38.012,9.882,0.0,0.0
812,3.0,10.0,0.0,3.0,3.0,0.0,2148.666,4253.575,86.297,38.09,37.73,9.872,0.0,0.0
813,3.0,10.0,0.0,4.0,5.0,0.0,2128.895,4322.961,80.515,39.063,38.841,9.989,0.0,0.0
814,3.0,10.0,0.0,5.0,6.0,0.0,1985.928,4346.403,93.424,38.49,38.271,9.918,0.0,0.0
817,4.0,10.0,0.0,0.0,2.0,0.0,2483.982,4114.33,102.458,38.157,37.711,9.878,0.0,0.0
818,4.0,10.0,0.0,1.0,3.0,0.0,2883.118,4147.524,118.502,38.705,38.246,9.867,0.0,0.0
820,4.0,10.0,0.0,3.0,5.0,0.0,2860.885,4238.768,-44.927,38.49,38.145,9.902,0.0,0.0
821,4.0,10.0,0.0,4.0,6.0,0.0,2394.868,4245.75,50.847,38.275,37.963,9.85,0.0,0.0
826,4.0,10.0,0.0,9.0,11.0,0.0,2542.309,4433.562,78.674,38.447,38.253,9.91,0.0,0.0
829,5.0,10.0,0.0,2.0,3.0,0.0,3264.108,4252.728,-32.932,38.804,38.465,9.908,0.0,0.0
830,5.0,10.0,0.0,3.0,4.0,0.0,3311.269,4257.456,67.406,38.631,38.408,9.878,0.0,0.0
831,5.0,10.0,0.0,4.0,5.0,0.0,3053.554,4295.725,-22.105,38.512,38.393,9.861,0.0,0.0
832,5.0,10.0,0.0,5.0,6.0,0.0,2914.76,4338.08,-22.332,38.387,38.285,9.906,0.0,0.0
833,5.0,10.0,0.0,6.0,7.0,0.0,3459.015,4340.332,66.985,39.6,38.931,9.779,0.0,0.0
835,5.0,10.0,0.0,8.0,9.0,0.0,3048.009,4393.635,107.402,38.533,38.181,9.836,0.0,0.0
837,5.0,10.0,0.0,10.0,13.0,0.0,3071.674,4427.714,88.669,38.591,38.368,9.943,0.0,0.0
838,6.0,10.0,0.0,0.0,0.0,0.0,3997.299,4122.829,-8.788,38.176,37.854,9.9,0.0,0.0
841,6.0,10.0,0.0,3.0,4.0,0.0,3965.674,4221.914,126.007,38.818,38.734,9.944,0.0,0.0
842,6.0,10.0,0.0,4.0,5.0,0.0,3828.266,4227.081,105.528,38.272,37.984,9.853,0.0,0.0
843,6.0,10.0,0.0,5.0,6.0,0.0,3726.392,4241.729,120.88,38.364,38.138,9.884,0.0,0.0
844,6.0,10.0,0.0,6.0,8.0,0.0,3918.419,4345.54,58.916,38.258,37.96,9.924,0.0,0.0
848,6.0,10.0,0.0,10.0,11.0,0.0,3618.965,4413.766,83.644,38.314,38.149,9.879,0.0,0.0
849,6.0,10.0,0.0,11.0,12.0,0.0,3498.321,4434.587,54.351,39.261,38.686,9.777,0.0,0.0
851,6.0,10.0,0.0,13.0,14.0,0.0,3930.815,4453.269,108.697,39.036,38.9,9.918,0.0,0.0
852,6.0,10.0,0.0,14.0,15.0,0.0,3748.188,4478.959,-12.851,38.413,38.132,9.89,0.0,0.0
855,7.0,10.0,0.0,2.0,7.0,0.0,4450.066,4200.546,114.057,37.673,37.551,9.795,0.0,0.0
864,8.0,10.0,0.0,2.0,4.0,0.0,5131.838,4156.251,108.66,38.531,38.148,9.906,0.0,0.0
865,8.0,10.0,0.0,3.0,5.0,0.0,5007.175,4167.813,98.088,38.266,38.155,9.95,0.0,0.0
866,8.0,10.0,0.0,4.0,6.0,0.0,5094.055,4175.955,-36.451,38.552,38.038,9.895,0.0,0.0
867,8.0,10.0,0.0,5.0,9.0,0.0,4829.868,4256.417,19.136,37.961,37.767,9.86,0.0,0.0
868,8.0,10.0,0.0,6.0,10.0,0.0,5159.424,4265.825,-41.468,39.271,38.78,9.933,0.0,0.0
869,8.0,10.0,0.0,7.0,11.0,0.0,4936.172,4266.997,-27.92,38.217,37.967,9.92,0.0,0.0
870,8.0,10.0,0.0,8.0,12.0,0.0,4676.423,4291.844,120.464,38.594,38.133,9.839,0.0,0.0
877,9.0,10.0,0.0,1.0,6.0,0.0,5570.496,4151.403,79.098,38.117,37.049,9.711,0.0,0.0
878,9.0,10.0,0.0,2.0,7.0,0.0,5257.007,4194.6,47.483,38.855,38.585,9.929,0.0,0.0
896,0.0,11.0,0.0,0.0,1.0,0.0,583.137,4518.735,91.879,38.948,36.146,9.695,0.0,0.0
897,0.0,11.0,0.0,1.0,2.0,0.0,153.281,4526.849,72.321,37.747,37.392,9.784,0.0,0.0
898,0.0,11.0,0.0,2.0,3.0,0.0,406.098,4588.818,-8.397,38.216,38.026,9.851,0.0,0.0
899,0.0,11.0,0.0,3.0,4.0,0.0,250.74,4591.48,8.517,37.775,37.541,9.807,0.0,0.0
900,0.0,11.0,0.0,4.0,5.0,0.0,574.215,4640.124,111.345,38.566,38.123,9.908,0.0,0.0
908,1.0,11.0,0.0,0.0,1.0,0.0,1044.886,4629.319,101.666,38.034,37.853,9.881,0.0,0.0
913,1.0,11.0,0.0,5.0,10.0,0.0,625.98,4876.455,27.687,39.095,38.832,9.992,0.0,0.0
914,1.0,11.0,0.0,6.0,11.0,0.0,679.866,4884.217,6.036,38.503,38.309,9.849,0.0,0.0
916,2.0,11.0,0.0,0.0,0.0,0.0,1320.444,4571.366,85.787,38.08,37.605,9.854,0.0,0.0
917,2.0,11.0,0.0,1.0,1.0,0.0,1628.274,4677.355,122.192,38.167,38.038,9.846,0.0,0.0
918,2.0,11.0,0.0,2.0,2.0,0.0,1330.854,4688.16,73.396,37.903,37.859,9.865,0.0,0.0
919,2.0,11.0,0.0,3.0,3.0,0.0,1618.04,4734.242,122.895,38.879,38.832,9.889,0.0,0.0
920,2.0,11.0,0.0,4.0,4.0,0.0,1264.119,4767.693,-24.396,37.964,37.866,9.874,0.0,0.0
921,2.0,11.0,0.0,5.0,5.0,0.0,1326.731,4793.378,67.649,39.026,38.807,9.98,0.0,0.0
923,2.0,11.0,0.0,7.0,7.0,0.0,1183.794,4855.712,133.266,38.753,38.551,9.912,0.0,0.0
924,2.0,11.0,0.0,8.0,9.0,0.0,1285.228,4864.579,101.833,38.614,38.476,9.884,0.0,0.0
933,3.0,11.0,0.0,1.0,2.0,0.0,1976.188,4544.462,124.828,38.293,38.222,9.886,0.0,0.0
934,3.0,11.0,0.0,2.0,3.0,0.0,2254.048,4547.96,113.505,38.049,37.685,9.861,0.0,0.0
935,3.0,11.0,0.0,3.0,4.0,0.0,2120.266,4582.047,69.297,38.312,38.008,9.861,0.0,0.0
936,3.0,11.0,0.0,4.0,6.0,0.0,2241.004,4651.016,92.172,38.047,37.85,9.806,0.0,0.0
937,3.0,11.0,0.0,5.0,7.0,0.0,1973.341,4653.305,99.53,38.068,38.012,9.906,0.0,0.0
939,4.0,11.0,0.0,0.0,1.0,0.0,2338.945,4730.044,56.062,38.452,38.299,9.916,0.0,0.0
940,4.0,11.0,0.0,1.0,2.0,0.0,2631.251,4806.923,-24.935,38.792,38.523,9.914,0.0,0.0
941,4.0,11.0,0.0,2.0,3.0,0.0,2555.977,4839.131,-33.327,38.439,38.19,9.825,0.0,0.0
945,5.0,11.0,0.0,1.0,4.0,0.0,3116.635,4835.403,-24.765,38.295,38.089,9.869,0.0,0.0
946,5.0,11.0,0.0,2.0,5.0,0.0,2985.804,4876.797,21.531,38.928,38.751,9.96,0.0,0.0
947,6.0,11.0,0.0,0.0,2.0,0.0,3591.066,4538.957,73.587,37.444,36.884,9.754,0.0,0.0
948,6.0,11.0,0.0,1.0,3.0,0.0,3598.281,4599.469,46.182,37.932,37.587,9.833,0.0,0.0
951,6.0,11.0,0.0,4.0,6.0,0.0,3876.192,4689.001,108.343,4.542,2.461,2.792,0.0,0.0
952,6.0,11.0,0.0,5.0,7.0,0.0,3910.125,4714.511,90.167,38.644,38.555,9.898,0.0,0.0
953,6.0,11.0,0.0,6.0,8.0,0.0,3959.316,4741.656,3.797,38.695,38.416,9.887,0.0,0.0
954,6.0,11.0,0.0,7.0,9.0,0.0,3608.47,4816.167,129.819,38.993,38.533,9.94,0.0,0.0
955,6.0,11.0,0.0,8.0,10.0,0.0,3736.488,4837.851,130.397,38.128,38.023,9.915,0.0,0.0
956,6.0,11.0,0.0,9.0,11.0,0.0,3687.58,4843.565,8.67,38.595,38.457,9.956,0.0,0.0
957,6.0,11.0,0.0,10.0,12.0,0.0,3884.927,4874.308,-17.217,39.133,38.768,9.989,0.0,0.0
958,6.0,11.0,0.0,11.0,13.0,0.0,3709.824,4878.424,55.534,38.414,38.255,9.906,0.0,0.0
959,7.0,11.0,0.0,0.0,3.0,0.0,4549.498,4525.276,101.58,38.1,37.754,9.956,0.0,0.0
961,7.0,11.0,0.0,2.0,7.0,0.0,4509.283,4655.693,63.183,38.47,38.359,9.851,0.0,0.0
963,7.0,11.0,0.0,4.0,11.0,0.0,4366.934,4734.552,-19.984,38.596,38.384,9.946,0.0,0.0
969,7.0,11.0,0.0,10.0,17.0,0.0,4270.723,4851.605,63.371,38.527,38.423,9.867,0.0,0.0
973,8.0,11.0,0.0,0.0,2.0,0.0,5091.022,4577.36,106.252,39.002,38.27,9.907,0.0,0.0
974,8.0,11.0,0.0,1.0,3.0,0.0,5037.614,4638.693,97.108,38.33,37.878,9.846,0.0,0.0
978,8.0,11.0,0.0,5.0,7.0,0.0,5041.029,4788.297,18.742,38.928,38.798,9.892,0.0,0.0
983,9.0,11.0,0.0,2.0,1.0,0.0,5213.008,4545.999,-43.663,38.441,38.218,9.905,0.0,0.0
984,9.0,11.0,0.0,3.0,2.0,0.0,5350.763,4547.602,66.702,37.757,37.001,9.734,0.0,0.0
985,9.0,11.0,0.0,4.0,3.0,0.0,5648.968,4566.111,100.951,39.542,37.211,9.635,0.0,0.0
987,9.0,11.0,0.0,6.0,5.0,0.0,5622.02,4645.501,49.019,38.449,38.104,9.816,0.0,0.0
989,9.0,11.0,0.0,8.0,8.0,0.0,5346.449,4699.843,6.34,37.922,37.74,9.852,0.0,0.0
991,9.0,11.0,0.0,10.0,10.0,0.0,5277.876,4753.89,-34.315,37.804,37.565,9.738,0.0,0.0
996,0.0,12.0,0.0,0.0,0.0,0.0,382.491,4932.367,105.965,38.129,37.861,9.894,0.0,0.0
997,0.0,12.0,0.0,1.0,1.0,0.0,57.773,4949.16,46.711,37.28,37.073,9.758,0.0,0.0
998,0.0,12.0,0.0,2.0,2.0,0.0,567.357,4963.901,-38.82,38.812,38.522,9.916,0.0,0.0
999,0.0,12.0,0.0,3.0,3.0,0.0,283.398,4982.796,105.603,37.795,37.388,9.789,0.0,0.0
1000,0.0,12.0,0.0,4.0,4.0,0.0,298.277,5035.924,106.121,38.444,38.121,9.817,0.0,0.0
1001,0.0,12.0,0.0,5.0,5.0,0.0,482.376,5075.373,2.382,38.221,37.871,9.831,0.0,0.0
1012,1.0,12.0,0.0,0.0,3.0,0.0,693.308,4968.001,73.354,37.805,37.536,9.887,0.0,0.0
1013,1.0,12.0,0.0,1.0,4.0,0.0,942.529,4979.029,107.534,38.809,38.341,9.968,0.0,0.0
1014,1.0,12.0,0.0,2.0,7.0,0.0,800.48,5165.002,67.843,38.114,37.976,9.831,0.0,0.0
1019,1.0,12.0,0.0,7.0,15.0,0.0,721.909,5281.645,133.49,38.659,38.3,9.944,0.0,0.0
1021,2.0,12.0,0.0,0.0,1.0,0.0,1281.395,4993.677,75.459,38.17,38.04,9.923,0.0,0.0
1022,2.0,12.0,0.0,1.0,4.0,0.0,1675.105,5159.135,106.858,38.705,38.233,9.865,0.0,0.0
1023,2.0,12.0,0.0,2.0,5.0,0.0,1384.47,5168.544,25.032,37.498,37.418,9.832,0.0,0.0
1026,2.0,12.0,0.0,5.0,7.0,0.0,1405.409,5259.162,120.982,38.03,37.827,9.877,0.0,0.0
1028,3.0,12.0,0.0,0.0,0.0,0.0,1752.184,4960.15,33.098,38.015,37.773,9.868,0.0,0.0
1031,3.0,12.0,0.0,3.0,4.0,0.0,1974.651,5146.541,115.411,38.043,37.94,9.894,0.0,0.0
1032,3.0,12.0,0.0,4.0,5.0,0.0,1912.613,5184.71,58.137,37.811,37.689,9.831,0.0,0.0
1034,3.0,12.0,0.0,6.0,10.0,0.0,2029.897,5303.68,81.756,39.006,38.931,9.993,0.0,0.0
1035,4.0,12.0,0.0,0.0,0.0,0.0,2808.067,4922.325,130.892,38.567,38.266,9.927,0.0,0.0
1036,4.0,12.0,0.0,1.0,1.0,0.0,2501.908,4935.531,35.475,38.376,37.959,9.863,0.0,0.0
1037,4.0,12.0,0.0,2.0,3.0,0.0,2594.971,4989.594,48.517,38.506,38.265,9.919,0.0,0.0
1038,4.0,12.0,0.0,3.0,5.0,0.0,2660.511,5036.488,123.179,37.951,37.873,9.873,0.0,0.0
1039,4.0,12.0,0.0,4.0,8.0,0.0,2855.846,5149.242,-9.344,38.974,38.563,9.867,0.0,0.0
1040,4.0,12.0,0.0,5.0,9.0,0.0,2573.625,5176.325,-24.198,37.99,37.915,9.884,0.0,0.0
1041,4.0,12.0,0.0,6.0,10.0,0.0,2427.58,5252.364,47.327,38.907,38.748,9.957,0.0,0.0
1042,4.0,12.0,0.0,7.0,11.0,0.0,2574.314,5285.508,96.625,38.985,38.479,9.859,0.0,0.0
1043,5.0,12.0,0.0,0.0,0.0,0.0,3009.436,4985.334,52.549,37.814,37.437,9.798,0.0,0.0
1044,5.0,12.0,0.0,1.0,1.0,0.0,3194.928,5029.248,76.191,37.983,37.753,9.861,0.0,0.0
1045,5.0,12.0,0.0,2.0,4.0,0.0,2929.618,5120.219,22.827,37.986,37.801,9.868,0.0,0.0
1046,5.0,12.0,0.0,3.0,6.0,0.0,3461.175,5203.797,104.393,39.079,38.697,9.825,0.0,0.0
1048,6.0,12.0,0.0,0.0,1.0,0.0,3952.12,4999.385,107.297,38.63,38.545,9.895,0.0,0.0
1049,6.0,12.0,0.0,1.0,2.0,0.0,3959.384,5055.145,85.211,38.073,37.642,9.858,0.0,0.0
1050,6.0,12.0,0.0,2.0,5.0,0.0,3945.477,5147.255,132.008,39.151,39.044,9.951,0.0,0.0
1051,6.0,12.0,0.0,3.0,9.0,0.0,3505.348,5257.039,65.36,38.765,38.639,9.85,0.0,0.0
1052,7.0,12.0,0.0,0.0,3.0,0.0,4455.944,4994.094,47.42,38.384,38.192,9.971,0.0,0.0
1054,7.0,12.0,0.0,2.0,7.0,0.0,4243.474,5121.192,13.025,41.881,37.17,9.857,0.0,0.0
1055,7.0,12.0,0.0,3.0,8.0,0.0,4616.78,5153.493,92.979,40.76,33.829,9.468,0.0,0.0
1058,8.0,12.0,0.0,0.0,0.0,0.0,4663.961,4935.958,96.584,38.263,38.136,9.871,0.0,0.0
1064,8.0,12.0,0.0,6.0,4.0,0.0,4834.19,4965.822,98.951,38.408,37.988,9.871,0.0,0.0
1065,8.0,12.0,0.0,7.0,7.0,0.0,4756.057,5011.017,54.789,38.276,38.019,9.857,0.0,0.0
1069,8.0,12.0,0.0,11.0,10.0,0.0,5147.83,5049.977,11.633,38.83,38.759,9.949,0.0,0.0
1077,8.0,12.0,0.0,19.0,22.0,0.0,5174.423,5196.173,91.225,39.506,39.177,9.94,0.0,0.0
1080,8.0,12.0,0.0,22.0,26.0,0.0,5035.15,5216.175,-25.392,38.57,38.468,9.954,0.0,0.0
1081,8.0,12.0,0.0,23.0,28.0,0.0,4637.902,5241.219,125.855,39.007,38.839,9.907,0.0,0.0
1084,8.0,12.0,0.0,26.0,30.0,0.0,4937.959,5266.721,-18.577,38.665,38.606,9.984,0.0,0.0
1085,9.0,12.0,0.0,0.0,2.0,0.0,5468.929,5100.542,80.891,38.201,37.793,9.819,0.0,0.0
1086,9.0,12.0,0.0,1.0,4.0,0.0,5509.197,5122.087,-32.974,38.593,38.366,9.943,0.0,0.0
1088,9.0,12.0,0.0,3.0,8.0,0.0,5620.639,5222.371,98.667,38.809,38.491,9.911,0.0,0.0
1089,9.0,12.0,0.0,4.0,9.0,0.0,5433.708,5226.484,2.426,38.297,38.094,9.87,0.0,0.0
1090,9.0,12.0,0.0,5.0,10.0,0.0,5334.287,5258.618,72.723,38.571,38.17,9.696,0.0,0.0
1093,0.0,5.0,0.0,0.0,0.0,0.0,589.468,2353.003,6.094,38.878,38.587,32.916,4.0,
1094,0.0,6.0,0.0,0.0,0.0,0.0,422.471,2633.532,30.604,38.595,37.967,32.577,4.0,
786,0.0,10.0,0.0,16.0,22.0,0.0,311.235,4454.172,-5.46,38.908,38.816,9.966,0.0,0.0
905,0.0,11.0,0.0,9.0,12.0,0.0,33.62,4817.069,68.418,37.978,37.75,9.86,0.0,0.0
1010,0.0,12.0,0.0,14.0,17.0,0.0,321.977,5310.249,-0.204,38.866,37.393,9.776,0.0,0.0
1095,2.0,12.0,0.0,0.0,0.0,0.0,1557.632,5307.032,-33.925,39.15,37.983,32.761,4.0,
645,8.0,8.0,0.0,1.0,1.0,0.0,4723.895,3355.342,102.759,38.092,37.954,9.98,0.0,0.0
1096,8.0,8.0,0.0,0.0,0.0,0.0,4959.83,3425.211,71.352,40.079,38.749,33.43,4.0,
755,9.0,9.0,0.0,2.0,2.0,0.0,5743.13,3762.595,113.087,38.874,38.503,9.846,0.0,0.0
880,9.0,10.0,0.0,4.0,11.0,0.0,5736.491,4248.695,25.345,38.597,38.211,9.848,0.0,0.0
883,9.0,10.0,0.0,7.0,13.0,0.0,5442.805,4281.228,84.521,37.96,37.62,9.841,0.0,0.0
887,9.0,10.0,0.0,11.0,17.0,0.0,5513.052,4386.219,67.622,38.336,38.182,9.886,0.0,0.0
892,9.0,10.0,0.0,16.0,20.0,0.0,5344.191,4409.254,117.182,38.683,38.474,9.893,0.0,0.0
</ResultDatas>,,,,,,,,,,,,,,
<ElementResult>,,,,,,,,,,,,,,
0,1.0,,,,,,,,,,,,,
1,5.0,,,,,,,,,,,,,
2,14.0,,,,,,,,,,,,,
3,1.0,,,,,,,,,,,,,
4,0.0,,,,,,,,,,,,,
5,707.0,,,,,,,,,,,,,
</ElementResult>,,,,,,,,,,,,,,
0,0.0,0.0,0.0,0.0,0.0,0.0,93.59,39.067,77.524,36.891,36.81,9.75,0.0,0.0
1,0.0,0.0,0.0,1.0,1.0,0.0,48.531,84.182,7.601,37.405,32.885,9.725,0.0,0.0
2,0.0,0.0,0.0,2.0,1.0,0.0,52.104,53.579,-1.301,37.875,33.973,9.944,0.0,0.0
3,0.0,0.0,0.0,3.0,2.0,0.0,558.11,55.721,90.954,37.961,37.594,9.838,0.0,0.0
4,0.0,0.0,0.0,4.0,3.0,0.0,375.238,100.868,73.512,36.797,36.218,9.737,0.0,0.0
5,0.0,0.0,0.0,5.0,5.0,0.0,415.896,164.341,75.918,37.385,36.874,9.745,0.0,0.0
6,0.0,0.0,0.0,6.0,6.0,0.0,368.84,227.646,87.749,37.76,37.323,9.853,0.0,0.0
7,0.0,0.0,0.0,7.0,8.0,0.0,511.219,304.559,121.902,38.377,38.066,9.954,0.0,0.0
8,1.0,0.0,0.0,0.0,3.0,0.0,1051.861,43.712,101.27,37.101,36.629,9.753,0.0,0.0
9,1.0,0.0,0.0,1.0,4.0,0.0,1088.135,158.219,72.054,37.575,37.235,9.818,0.0,0.0
10,1.0,0.0,0.0,2.0,5.0,0.0,886.973,211.355,55.263,37.366,37.063,9.768,0.0,0.0
11,1.0,0.0,0.0,3.0,6.0,0.0,1154.727,234.2,116.964,37.293,37.01,9.751,0.0,0.0
12,1.0,0.0,0.0,4.0,7.0,0.0,911.135,254.036,85.757,36.938,36.619,9.731,0.0,0.0
13,1.0,0.0,0.0,5.0,8.0,0.0,735.913,281.183,52.547,37.365,37.053,9.767,0.0,0.0
14,1.0,0.0,0.0,6.0,9.0,0.0,710.872,384.919,62.834,38.325,37.964,9.857,0.0,0.0
15,1.0,0.0,0.0,7.0,10.0,0.0,854.8,402.861,53.961,38.629,38.459,9.96,0.0,0.0
16,2.0,0.0,0.0,0.0,0.0,0.0,1687.873,28.615,53.912,37.491,37.296,9.894,0.0,0.0
17,2.0,0.0,0.0,1.0,1.0,0.0,1438.865,76.535,87.582,36.828,36.689,9.726,0.0,0.0
18,2.0,0.0,0.0,2.0,2.0,0.0,1199.145,84.75,31.947,36.75,36.675,9.714,0.0,0.0
19,2.0,0.0,0.0,3.0,3.0,0.0,1698.265,103.602,77.054,37.55,37.275,9.82,0.0,0.0
21,2.0,0.0,0.0,5.0,8.0,0.0,1276.356,280.79,48.156,37.131,37.053,9.736,0.0,0.0
22,2.0,0.0,0.0,6.0,9.0,0.0,1727.609,317.27,114.525,38.032,37.853,9.881,0.0,0.0
23,2.0,0.0,0.0,7.0,10.0,0.0,1351.169,324.52,53.741,37.348,37.028,9.761,0.0,0.0
24,2.0,0.0,0.0,8.0,11.0,0.0,1354.055,379.476,-25.758,37.937,37.833,9.866,0.0,0.0
25,3.0,0.0,0.0,0.0,0.0,0.0,2280.484,40.449,103.666,37.293,37.034,9.754,0.0,0.0
26,3.0,0.0,0.0,1.0,1.0,0.0,2188.127,131.001,129.625,37.355,36.973,9.755,0.0,0.0
27,3.0,0.0,0.0,2.0,2.0,0.0,1874.57,159.679,76.204,37.338,36.836,9.734,0.0,0.0
28,3.0,0.0,0.0,3.0,3.0,0.0,1758.708,177.59,35.517,36.883,36.543,9.714,0.0,0.0
29,3.0,0.0,0.0,4.0,5.0,0.0,2143.665,220.77,123.8,37.736,37.338,9.775,0.0,0.0
30,3.0,0.0,0.0,5.0,7.0,0.0,2077.788,237.23,128.836,37.577,37.465,9.848,0.0,0.0
31,3.0,0.0,0.0,6.0,8.0,0.0,1927.087,274.171,43.559,37.173,36.977,9.731,0.0,0.0
32,3.0,0.0,0.0,7.0,9.0,0.0,1789.655,310.568,50.185,37.749,37.466,9.871,0.0,0.0
33,3.0,0.0,0.0,8.0,12.0,0.0,2311.631,373.641,93.475,38.477,35.47,9.619,0.0,0.0
34,4.0,0.0,0.0,0.0,1.0,0.0,2795.794,239.771,127.344,37.596,37.418,9.845,0.0,0.0
35,4.0,0.0,0.0,1.0,2.0,0.0,2714.083,279.935,122.297,38.001,37.801,9.87,0.0,0.0
36,4.0,0.0,0.0,2.0,5.0,0.0,2613.324,404.382,-36.337,37.964,37.676,9.849,0.0,0.0
37,4.0,0.0,0.0,3.0,6.0,0.0,2828.945,418.036,-5.603,39.248,31.816,9.239,0.0,0.0
38,5.0,0.0,0.0,0.0,1.0,0.0,3326.555,40.24,10.151,36.739,36.594,9.701,0.0,0.0
39,5.0,0.0,0.0,1.0,2.0,0.0,3237.227,102.672,85.534,36.338,35.909,9.558,0.0,0.0
40,5.0,0.0,0.0,2.0,3.0,0.0,3128.282,127.97,96.971,36.957,36.626,9.734,0.0,0.0
41,5.0,0.0,0.0,3.0,4.0,0.0,3020.287,171.059,54.744,37.103,36.943,9.796,0.0,0.0
42,5.0,0.0,0.0,4.0,5.0,0.0,3030.865,225.588,21.86,37.262,37.149,9.766,0.0,0.0
43,5.0,0.0,0.0,5.0,6.0,0.0,3258.203,231.055,89.353,37.142,36.794,9.781,0.0,0.0
44,5.0,0.0,0.0,6.0,7.0,0.0,3462.677,254.198,89.74,37.793,36.27,9.717,0.0,0.0
45,5.0,0.0,0.0,7.0,8.0,0.0,3362.761,325.056,73.047,37.89,37.692,9.841,0.0,0.0
46,5.0,0.0,0.0,8.0,9.0,0.0,3232.928,388.514,56.307,38.223,37.897,9.835,0.0,0.0
47,6.0,0.0,0.0,0.0,1.0,0.0,3692.212,218.175,-6.167,37.094,32.751,9.471,0.0,0.0
48,6.0,0.0,0.0,1.0,2.0,0.0,3971.322,222.352,15.636,37.475,37.371,9.823,0.0,0.0
49,6.0,0.0,0.0,2.0,4.0,0.0,4024.133,354.971,64.978,38.286,38.007,9.857,0.0,0.0
50,7.0,0.0,0.0,0.0,2.0,0.0,4260.878,62.098,106.742,37.237,37.034,9.747,0.0,0.0
51,7.0,0.0,0.0,1.0,3.0,0.0,4140.071,73.738,83.146,36.789,36.394,9.681,0.0,0.0
52,7.0,0.0,0.0,2.0,4.0,0.0,4489.853,160.902,44.784,37.437,36.996,9.768,0.0,0.0
53,7.0,0.0,0.0,3.0,6.0,0.0,4384.229,211.688,78.653,37.972,37.825,9.869,0.0,0.0
54,7.0,0.0,0.0,4.0,7.0,0.0,4541.113,234.987,80.283,37.307,37.025,9.755,0.0,0.0
55,7.0,0.0,0.0,5.0,9.0,0.0,4607.004,324.176,124.754,38.106,37.92,9.899,0.0,0.0
56,7.0,0.0,0.0,6.0,11.0,0.0,4073.133,407.347,-12.514,38.484,38.322,9.924,0.0,0.0
58,8.0,0.0,0.0,1.0,1.0,0.0,5080.921,64.995,134.26,36.914,36.699,9.738,0.0,0.0
59,8.0,0.0,0.0,2.0,2.0,0.0,4904.206,87.984,59.148,36.956,36.549,9.724,0.0,0.0
60,8.0,0.0,0.0,3.0,3.0,0.0,5131.79,132.431,98.447,37.381,37.155,9.782,0.0,0.0
61,8.0,0.0,0.0,4.0,4.0,0.0,4689.683,153.906,72.039,36.79,36.649,9.715,0.0,0.0
62,8.0,0.0,0.0,5.0,5.0,0.0,5082.098,163.095,62.664,36.987,36.705,9.749,0.0,0.0
63,8.0,0.0,0.0,6.0,6.0,0.0,4644.878,188.247,53.78,37.094,36.818,9.7,0.0,0.0
64,8.0,0.0,0.0,7.0,7.0,0.0,4819.422,285.574,11.929,37.125,36.972,9.803,0.0,0.0
65,8.0,0.0,0.0,8.0,8.0,0.0,4976.478,292.478,106.016,37.995,37.819,9.872,0.0,0.0
66,8.0,0.0,0.0,9.0,9.0,0.0,4736.317,293.689,66.056,37.982,37.604,9.842,0.0,0.0
67,8.0,0.0,0.0,10.0,11.0,0.0,4739.859,344.277,57.412,37.885,37.833,9.859,0.0,0.0
68,9.0,0.0,0.0,0.0,1.0,0.0,5334.672,74.232,75.068,36.667,36.428,9.67,0.0,0.0
69,9.0,0.0,0.0,1.0,2.0,0.0,5439.835,106.88,64.833,36.657,36.507,9.679,0.0,0.0
70,9.0,0.0,0.0,2.0,3.0,0.0,5683.647,114.611,77.105,37.317,36.787,9.725,0.0,0.0
71,9.0,0.0,0.0,3.0,4.0,0.0,5271.863,169.733,74.376,37.042,36.465,9.724,0.0,0.0
72,9.0,0.0,0.0,4.0,6.0,0.0,5592.959,228.656,79.169,37.081,36.863,9.704,0.0,0.0
74,0.0,1.0,0.0,0.0,2.0,0.0,515.864,489.755,-10.25,37.43,37.147,9.788,0.0,0.0
75,0.0,1.0,0.0,1.0,3.0,0.0,444.49,497.546,90.904,37.444,37.108,9.783,0.0,0.0
76,0.0,1.0,0.0,2.0,4.0,0.0,429.92,572.312,24.366,37.116,36.985,9.725,0.0,0.0
77,0.0,1.0,0.0,3.0,5.0,0.0,294.438,599.558,100.42,36.895,36.722,9.739,0.0,0.0
78,0.0,1.0,0.0,4.0,6.0,0.0,194.164,684.724,20.223,37.939,34.032,9.606,0.0,0.0
79,0.0,1.0,0.0,5.0,6.0,0.0,206.772,655.893,14.434,37.37,34.008,9.525,0.0,0.0
80,0.0,1.0,0.0,6.0,7.0,0.0,332.485,807.989,-16.889,37.88,37.78,9.852,0.0,0.0
81,1.0,1.0,0.0,0.0,1.0,0.0,600.063,463.924,45.733,36.888,36.683,9.655,0.0,0.0
82,1.0,1.0,0.0,1.0,3.0,0.0,915.448,539.22,93.863,36.808,36.422,9.688,0.0,0.0
83,1.0,1.0,0.0,2.0,4.0,0.0,1085.605,614.063,86.012,37.281,37.053,9.755,0.0,0.0
84,1.0,1.0,0.0,3.0,5.0,0.0,801.0,709.745,83.756,37.703,37.427,9.783,0.0,0.0
85,1.0,1.0,0.0,4.0,6.0,0.0,1028.385,716.195,96.229,38.116,37.976,9.908,0.0,0.0
87,1.0,1.0,0.0,6.0,8.0,0.0,680.558,757.46,22.151,37.62,37.441,9.774,0.0,0.0
88,2.0,1.0,0.0,0.0,1.0,0.0,1283.307,442.255,20.853,36.681,36.6,9.695,0.0,0.0
89,2.0,1.0,0.0,1.0,2.0,0.0,1552.66,472.046,90.73,37.679,36.703,9.761,0.0,0.0
90,2.0,1.0,0.0,2.0,3.0,0.0,1188.149,518.403,43.808,36.463,36.193,9.612,0.0,0.0
91,2.0,1.0,0.0,3.0,4.0,0.0,1314.319,524.292,51.686,37.285,36.725,9.713,0.0,0.0
92,2.0,1.0,0.0,4.0,5.0,0.0,1527.436,548.647,61.752,37.632,34.78,9.658,0.0,0.0
93,2.0,1.0,0.0,5.0,6.0,0.0,1374.291,554.747,62.691,36.841,36.712,9.73,0.0,0.0
95,2.0,1.0,0.0,7.0,8.0,0.0,1670.488,611.325,100.005,37.723,37.311,9.77,0.0,0.0
96,2.0,1.0,0.0,8.0,9.0,0.0,1531.71,713.562,83.081,37.877,37.298,9.788,0.0,0.0
97,2.0,1.0,0.0,9.0,10.0,0.0,1696.735,781.396,0.226,38.106,38.075,9.843,0.0,0.0
98,3.0,1.0,0.0,0.0,0.0,0.0,2313.751,453.986,90.762,39.799,31.734,9.27,0.0,0.0
99,3.0,1.0,0.0,1.0,1.0,0.0,2067.184,481.515,91.864,36.814,36.445,9.692,0.0,0.0
100,3.0,1.0,0.0,2.0,2.0,0.0,1898.286,600.077,56.869,36.512,36.297,9.711,0.0,0.0
101,3.0,1.0,0.0,3.0,3.0,0.0,1811.779,624.793,17.88,37.246,36.909,9.732,0.0,0.0
102,3.0,1.0,0.0,4.0,4.0,0.0,2257.41,668.396,-16.744,38.464,38.432,9.935,0.0,0.0
103,3.0,1.0,0.0,5.0,5.0,0.0,2113.485,685.008,75.441,37.232,37.005,9.742,0.0,0.0
104,3.0,1.0,0.0,6.0,6.0,0.0,2092.466,758.583,99.699,38.156,38.076,9.926,0.0,0.0
105,4.0,1.0,0.0,0.0,4.0,0.0,2497.926,468.361,102.499,36.535,36.084,9.607,0.0,0.0
107,4.0,1.0,0.0,2.0,8.0,0.0,2760.612,598.418,78.986,37.722,37.572,9.881,0.0,0.0
108,4.0,1.0,0.0,3.0,9.0,0.0,2735.749,655.588,127.292,37.515,37.368,9.827,0.0,0.0
109,4.0,1.0,0.0,4.0,10.0,0.0,2549.633,668.887,43.156,37.246,36.91,9.81,0.0,0.0
110,4.0,1.0,0.0,5.0,11.0,0.0,2604.604,691.502,42.287,37.914,37.683,9.843,0.0,0.0
111,4.0,1.0,0.0,6.0,14.0,0.0,2639.328,798.527,-28.358,37.735,37.475,9.87,0.0,0.0
112,5.0,1.0,0.0,0.0,1.0,0.0,3016.082,502.047,76.873,36.778,36.462,9.689,0.0,0.0
113,5.0,1.0,0.0,1.0,3.0,0.0,3251.102,570.707,78.883,36.994,36.724,9.752,0.0,0.0
114,5.0,1.0,0.0,2.0,4.0,0.0,3033.857,612.614,62.462,37.962,37.628,9.92,0.0,0.0
116,5.0,1.0,0.0,4.0,6.0,0.0,3298.657,707.542,-35.145,37.79,37.605,9.817,0.0,0.0
117,6.0,1.0,0.0,0.0,0.0,0.0,3682.965,434.034,84.648,36.656,36.159,9.633,0.0,0.0
118,6.0,1.0,0.0,1.0,1.0,0.0,3982.346,444.593,-44.081,37.441,37.11,9.784,0.0,0.0
119,6.0,1.0,0.0,2.0,3.0,0.0,3512.878,547.266,20.083,37.158,36.991,9.731,0.0,0.0
120,6.0,1.0,0.0,3.0,5.0,0.0,4015.457,648.625,101.885,37.787,37.703,9.829,0.0,0.0
121,6.0,1.0,0.0,4.0,6.0,0.0,3809.699,685.607,-33.562,37.048,37.014,9.72,0.0,0.0
122,6.0,1.0,0.0,5.0,7.0,0.0,3505.576,714.601,73.74,37.822,37.451,9.801,0.0,0.0
123,6.0,1.0,0.0,6.0,8.0,0.0,3766.53,741.042,90.943,37.245,37.169,9.766,0.0,0.0
124,7.0,1.0,0.0,0.0,1.0,0.0,4575.37,433.289,99.852,37.564,37.209,9.813,0.0,0.0
125,7.0,1.0,0.0,1.0,2.0,0.0,4517.63,461.275,80.178,37.748,37.409,9.786,0.0,0.0
126,7.0,1.0,0.0,2.0,3.0,0.0,4441.577,462.343,69.436,37.479,37.079,9.785,0.0,0.0
127,7.0,1.0,0.0,3.0,4.0,0.0,4275.674,462.825,90.74,37.11,36.874,9.787,0.0,0.0
128,7.0,1.0,0.0,4.0,5.0,0.0,4209.917,525.258,99.479,36.886,36.563,9.716,0.0,0.0
130,7.0,1.0,0.0,6.0,7.0,0.0,4476.295,549.115,75.837,37.599,37.308,9.83,0.0,0.0
131,7.0,1.0,0.0,7.0,8.0,0.0,4176.948,617.187,62.282,37.735,37.435,9.788,0.0,0.0
132,7.0,1.0,0.0,8.0,10.0,0.0,4573.457,644.651,102.336,37.917,37.457,9.814,0.0,0.0
133,7.0,1.0,0.0,9.0,11.0,0.0,4442.459,702.209,50.83,37.163,36.993,9.81,0.0,0.0
134,7.0,1.0,0.0,10.0,12.0,0.0,4606.777,709.496,127.066,37.422,37.257,9.801,0.0,0.0
135,8.0,1.0,0.0,0.0,0.0,0.0,4652.78,460.881,62.763,36.671,36.404,9.746,0.0,0.0
136,8.0,1.0,0.0,1.0,1.0,0.0,4992.954,506.183,83.379,36.666,36.277,9.728,0.0,0.0
137,8.0,1.0,0.0,2.0,3.0,0.0,4746.937,590.201,64.549,36.898,36.573,9.72,0.0,0.0
138,8.0,1.0,0.0,3.0,4.0,0.0,5003.426,590.562,71.33,37.192,36.816,9.713,0.0,0.0
140,8.0,1.0,0.0,5.0,6.0,0.0,4637.82,623.376,40.639,37.398,37.187,9.788,0.0,0.0
142,8.0,1.0,0.0,7.0,9.0,0.0,5037.849,665.812,-38.497,37.503,37.324,9.743,0.0,0.0
143,8.0,1.0,0.0,8.0,10.0,0.0,4982.15,683.483,61.268,37.57,37.16,9.807,0.0,0.0
145,9.0,1.0,0.0,0.0,1.0,0.0,5607.121,566.355,16.108,36.983,36.65,9.741,0.0,0.0
146,9.0,1.0,0.0,1.0,2.0,0.0,5514.295,641.242,-32.79,37.31,37.147,9.771,0.0,0.0
147,9.0,1.0,0.0,2.0,3.0,0.0,5340.594,646.757,95.682,36.889,36.664,9.73,0.0,0.0
148,9.0,1.0,0.0,3.0,5.0,0.0,5740.127,727.767,28.429,37.552,37.489,9.771,0.0,0.0
150,0.0,2.0,0.0,0.0,3.0,0.0,414.322,938.035,106.646,36.654,36.355,9.659,0.0,0.0
151,0.0,2.0,0.0,1.0,5.0,0.0,282.078,993.505,83.941,37.348,36.616,9.554,0.0,0.0
152,0.0,2.0,0.0,2.0,6.0,0.0,101.182,1000.001,73.605,37.099,36.461,9.731,0.0,0.0
153,0.0,2.0,0.0,3.0,8.0,0.0,52.278,1115.004,81.363,37.758,37.358,9.781,0.0,0.0
155,1.0,2.0,0.0,1.0,2.0,0.0,603.289,842.045,23.375,36.69,36.27,9.653,0.0,0.0
156,1.0,2.0,0.0,2.0,3.0,0.0,1132.718,852.499,94.369,37.149,36.689,9.69,0.0,0.0
157,1.0,2.0,0.0,3.0,4.0,0.0,833.593,875.047,74.13,36.685,36.236,9.647,0.0,0.0
158,1.0,2.0,0.0,4.0,6.0,0.0,658.978,908.188,47.871,36.864,36.04,9.645,0.0,0.0
159,1.0,2.0,0.0,5.0,7.0,0.0,884.658,946.198,66.687,37.127,36.673,9.762,0.0,0.0
160,1.0,2.0,0.0,6.0,8.0,0.0,1062.194,991.994,127.284,37.537,37.069,9.64,0.0,0.0
161,1.0,2.0,0.0,7.0,8.0,0.0,1090.72,965.727,122.206,37.553,36.937,9.7,0.0,0.0
162,1.0,2.0,0.0,8.0,9.0,0.0,709.502,971.433,73.454,37.704,37.445,9.862,0.0,0.0
163,2.0,2.0,0.0,0.0,0.0,0.0,1257.81,841.306,68.82,36.496,36.386,9.642,0.0,0.0
164,2.0,2.0,0.0,1.0,1.0,0.0,1649.72,903.723,84.469,37.691,37.453,9.861,0.0,0.0
165,2.0,2.0,0.0,2.0,2.0,0.0,1471.618,905.461,85.571,36.876,36.559,9.715,0.0,0.0
166,2.0,2.0,0.0,3.0,3.0,0.0,1624.56,965.386,89.404,37.633,37.445,9.853,0.0,0.0
167,2.0,2.0,0.0,4.0,4.0,0.0,1249.938,982.506,65.15,36.804,36.534,9.702,0.0,0.0
168,2.0,2.0,0.0,5.0,5.0,0.0,1676.275,1108.035,70.299,37.994,37.941,9.887,0.0,0.0
169,2.0,2.0,0.0,6.0,6.0,0.0,1496.606,1158.94,108.795,38.022,37.789,9.871,0.0,0.0
170,3.0,2.0,0.0,0.0,4.0,0.0,1883.049,1052.877,44.779,37.114,36.864,9.787,0.0,0.0
171,3.0,2.0,0.0,1.0,5.0,0.0,1982.392,1107.899,57.136,37.258,36.973,9.742,0.0,0.0
172,3.0,2.0,0.0,2.0,6.0,0.0,2026.324,1136.245,80.609,37.906,37.657,9.839,0.0,0.0
173,3.0,2.0,0.0,3.0,7.0,0.0,1933.086,1183.185,31.557,37.622,37.463,9.777,0.0,0.0
174,3.0,2.0,0.0,4.0,8.0,0.0,2036.942,1231.32,-2.54,38.01,35.763,9.603,0.0,0.0
175,4.0,2.0,0.0,0.0,1.0,0.0,2484.584,927.684,85.333,36.818,35.677,9.513,0.0,0.0
176,4.0,2.0,0.0,1.0,2.0,0.0,2806.561,933.552,79.053,36.987,36.717,9.75,0.0,0.0
177,4.0,2.0,0.0,2.0,4.0,0.0,2856.416,1023.876,-40.691,37.041,36.969,9.791,0.0,0.0
178,4.0,2.0,0.0,3.0,5.0,0.0,2625.564,1086.963,66.59,37.24,36.991,9.82,0.0,0.0
179,4.0,2.0,0.0,4.0,7.0,0.0,2709.554,1197.021,118.006,37.795,37.59,9.816,0.0,0.0
180,4.0,2.0,0.0,5.0,8.0,0.0,2411.074,1228.114,32.458,37.452,37.285,9.808,0.0,0.0
181,5.0,2.0,0.0,0.0,3.0,0.0,3376.797,921.398,101.472,37.246,36.895,9.73,0.0,0.0
182,5.0,2.0,0.0,1.0,4.0,0.0,2937.555,977.088,22.151,36.973,36.609,9.735,0.0,0.0
183,5.0,2.0,0.0,2.0,5.0,0.0,3214.403,1030.95,47.61,36.434,36.172,9.683,0.0,0.0
184,5.0,2.0,0.0,3.0,6.0,0.0,3372.726,1033.648,95.759,37.543,37.255,9.816,0.0,0.0
185,5.0,2.0,0.0,4.0,7.0,0.0,3109.877,1042.665,71.751,37.293,37.149,9.77,0.0,0.0
186,5.0,2.0,0.0,5.0,8.0,0.0,2977.649,1089.606,54.593,37.378,37.026,9.765,0.0,0.0
187,5.0,2.0,0.0,6.0,9.0,0.0,3345.376,1105.53,83.386,37.735,37.439,9.788,0.0,0.0
188,5.0,2.0,0.0,7.0,12.0,0.0,3086.623,1214.963,26.301,38.034,37.819,9.877,0.0,0.0
189,6.0,2.0,0.0,0.0,0.0,0.0,3771.741,914.364,77.11,37.244,36.677,9.701,0.0,0.0
190,6.0,2.0,0.0,1.0,5.0,0.0,4006.247,1148.916,105.665,37.894,37.692,9.919,0.0,0.0
191,6.0,2.0,0.0,2.0,6.0,0.0,3963.803,1176.301,115.573,38.374,37.951,9.862,0.0,0.0
192,7.0,2.0,0.0,0.0,0.0,0.0,4497.553,900.771,86.728,36.274,35.915,9.628,0.0,0.0
193,7.0,2.0,0.0,1.0,1.0,0.0,4474.509,965.334,98.581,37.141,36.846,9.71,0.0,0.0
194,7.0,2.0,0.0,2.0,2.0,0.0,4371.527,1040.593,63.101,37.518,37.304,9.819,0.0,0.0
195,8.0,2.0,0.0,0.0,0.0,0.0,4789.646,857.928,94.733,35.947,35.495,9.528,0.0,0.0
196,8.0,2.0,0.0,1.0,1.0,0.0,5053.67,872.687,64.103,36.649,36.292,9.649,0.0,0.0
197,9.0,2.0,0.0,0.0,0.0,0.0,5233.768,875.841,74.34,37.032,36.824,9.693,0.0,0.0
198,9.0,2.0,0.0,1.0,1.0,0.0,5686.47,924.545,112.988,37.531,37.063,9.789,0.0,0.0
199,9.0,2.0,0.0,2.0,2.0,0.0,5487.315,970.849,129.639,36.709,36.674,9.708,0.0,0.0
200,9.0,2.0,0.0,3.0,3.0,0.0,5397.546,1000.906,35.106,37.147,36.839,9.788,0.0,0.0
201,9.0,2.0,0.0,4.0,4.0,0.0,5663.401,1000.696,116.895,37.443,37.227,9.799,0.0,0.0
202,9.0,2.0,0.0,5.0,5.0,0.0,5288.062,1013.402,64.556,37.703,37.354,9.773,0.0,0.0
203,9.0,2.0,0.0,6.0,6.0,0.0,5510.323,1060.731,47.145,37.953,37.587,9.836,0.0,0.0
204,9.0,2.0,0.0,7.0,7.0,0.0,5242.074,1084.948,50.947,37.388,37.178,9.786,0.0,0.0
205,9.0,2.0,0.0,8.0,8.0,0.0,5205.124,1120.121,66.536,37.744,37.683,9.821,0.0,0.0
206,9.0,2.0,0.0,9.0,9.0,0.0,5600.694,1156.075,2.999,38.115,38.002,9.911,0.0,0.0
207,0.0,3.0,0.0,0.0,1.0,0.0,253.697,1380.204,94.179,37.354,37.081,9.769,0.0,0.0
208,0.0,3.0,0.0,1.0,2.0,0.0,573.594,1390.962,20.099,37.577,37.5,9.776,0.0,0.0
209,0.0,3.0,0.0,2.0,3.0,0.0,263.319,1463.28,86.343,37.22,36.947,9.734,0.0,0.0
210,0.0,3.0,0.0,3.0,4.0,0.0,155.016,1496.855,107.059,37.566,37.397,9.838,0.0,0.0
211,0.0,3.0,0.0,4.0,5.0,0.0,436.373,1561.119,-4.706,37.771,37.681,9.825,0.0,0.0
212,0.0,3.0,0.0,5.0,6.0,0.0,450.724,1626.991,123.457,38.001,37.749,9.863,0.0,0.0
213,0.0,3.0,0.0,6.0,7.0,0.0,179.758,1628.122,50.604,37.32,37.037,9.758,0.0,0.0
214,1.0,3.0,0.0,0.0,0.0,0.0,954.04,1283.079,104.141,37.069,36.272,9.626,0.0,0.0
215,1.0,3.0,0.0,1.0,1.0,0.0,1160.421,1376.053,91.566,38.394,33.845,9.465,0.0,0.0
216,1.0,3.0,0.0,2.0,2.0,0.0,716.284,1387.534,64.732,37.627,37.264,9.828,0.0,0.0
217,1.0,3.0,0.0,3.0,4.0,0.0,1154.876,1464.668,130.791,38.467,37.886,9.865,0.0,0.0
218,1.0,3.0,0.0,4.0,5.0,0.0,906.152,1465.137,118.239,37.71,36.778,9.62,0.0,0.0
219,1.0,3.0,0.0,5.0,6.0,0.0,1100.619,1488.207,-18.086,38.568,38.229,9.923,0.0,0.0
220,1.0,3.0,0.0,6.0,7.0,0.0,674.809,1597.603,60.623,38.207,37.92,9.836,0.0,0.0
221,1.0,3.0,0.0,7.0,8.0,0.0,1096.856,1608.37,100.678,38.407,38.088,9.883,0.0,0.0
222,2.0,3.0,0.0,0.0,1.0,0.0,1736.631,1398.312,93.371,39.343,33.756,9.498,0.0,0.0
223,2.0,3.0,0.0,1.0,2.0,0.0,1671.241,1434.657,-34.123,37.888,37.747,9.848,0.0,0.0
224,2.0,3.0,0.0,2.0,3.0,0.0,1261.474,1455.176,97.117,32.789,32.557,9.827,0.0,0.0
225,2.0,3.0,0.0,3.0,5.0,0.0,1435.448,1480.385,-39.771,37.042,36.976,9.792,0.0,0.0
226,3.0,3.0,0.0,0.0,1.0,0.0,2237.611,1336.327,129.985,37.089,36.812,9.776,0.0,0.0
227,3.0,3.0,0.0,1.0,3.0,0.0,1869.336,1401.661,47.396,36.947,36.464,9.712,0.0,0.0
228,3.0,3.0,0.0,2.0,6.0,0.0,2237.199,1546.249,-17.871,38.049,38.004,9.903,0.0,0.0
230,3.0,3.0,0.0,4.0,7.0,0.0,2039.748,1635.767,-35.344,38.188,37.984,9.998,0.0,0.0
231,3.0,3.0,0.0,5.0,8.0,0.0,2177.276,1641.276,-4.945,39.305,33.053,9.413,0.0,0.0
232,4.0,3.0,0.0,0.0,2.0,0.0,2862.133,1272.007,121.31,37.051,36.751,9.764,0.0,0.0
233,4.0,3.0,0.0,1.0,3.0,0.0,2397.205,1309.929,79.072,36.423,36.387,9.632,0.0,0.0
234,4.0,3.0,0.0,2.0,4.0,0.0,2765.43,1363.937,105.484,37.425,37.342,9.812,0.0,0.0
236,4.0,3.0,0.0,4.0,6.0,0.0,2581.222,1411.118,131.659,37.591,37.514,9.857,0.0,0.0
238,4.0,3.0,0.0,6.0,8.0,0.0,2644.622,1568.933,119.931,37.853,37.466,9.807,0.0,0.0
239,5.0,3.0,0.0,0.0,2.0,0.0,3319.878,1292.609,-36.058,37.051,36.896,9.704,0.0,0.0
240,5.0,3.0,0.0,1.0,3.0,0.0,3167.441,1336.667,82.8,37.324,36.974,9.75,0.0,0.0
241,5.0,3.0,0.0,2.0,5.0,0.0,3379.463,1439.6,107.862,36.87,36.298,9.679,0.0,0.0
242,5.0,3.0,0.0,3.0,6.0,0.0,3441.932,1457.842,123.982,38.36,38.047,9.872,0.0,0.0
243,5.0,3.0,0.0,4.0,7.0,0.0,3450.995,1505.121,98.534,38.587,38.101,9.908,0.0,0.0
244,5.0,3.0,0.0,5.0,8.0,0.0,3144.393,1590.711,57.182,37.941,37.453,9.817,0.0,0.0
245,5.0,3.0,0.0,6.0,9.0,0.0,3193.912,1598.759,3.304,37.917,37.741,9.852,0.0,0.0
246,5.0,3.0,0.0,7.0,10.0,0.0,3072.359,1621.016,-29.691,37.499,37.398,9.829,0.0,0.0
247,6.0,3.0,0.0,0.0,1.0,0.0,3739.454,1363.58,48.481,36.77,36.516,9.695,0.0,0.0
248,6.0,3.0,0.0,1.0,2.0,0.0,3964.011,1374.751,87.758,36.609,36.417,9.739,0.0,0.0
249,6.0,3.0,0.0,2.0,3.0,0.0,3486.289,1382.318,45.706,37.245,36.918,9.733,0.0,0.0
250,6.0,3.0,0.0,3.0,4.0,0.0,3597.081,1389.428,77.325,37.386,37.111,9.776,0.0,0.0
251,6.0,3.0,0.0,4.0,8.0,0.0,3541.335,1510.569,29.647,37.337,37.278,9.792,0.0,0.0
252,6.0,3.0,0.0,5.0,9.0,0.0,3923.539,1642.0,-5.073,39.866,31.913,9.256,0.0,0.0
253,7.0,3.0,0.0,0.0,0.0,0.0,4225.795,1347.955,12.299,36.818,36.712,9.728,0.0,0.0
254,7.0,3.0,0.0,1.0,1.0,0.0,4441.575,1385.454,83.546,37.62,37.417,9.77,0.0,0.0
255,7.0,3.0,0.0,2.0,2.0,0.0,4475.609,1406.824,76.348,37.369,37.061,9.768,0.0,0.0
257,8.0,3.0,0.0,0.0,0.0,0.0,4890.01,1298.734,77.799,36.92,36.588,9.724,0.0,0.0
258,8.0,3.0,0.0,1.0,2.0,0.0,4958.215,1533.599,118.416,37.805,37.302,9.78,0.0,0.0
259,9.0,3.0,0.0,0.0,1.0,0.0,5721.556,1533.441,112.402,38.503,38.112,9.899,0.0,0.0
260,9.0,3.0,0.0,1.0,2.0,0.0,5501.898,1571.302,-11.943,37.541,37.437,9.84,0.0,0.0
261,9.0,3.0,0.0,2.0,3.0,0.0,5615.6,1580.752,129.881,37.825,37.741,9.839,0.0,0.0
262,0.0,4.0,0.0,0.0,3.0,0.0,245.49,1722.157,73.71,37.466,34.36,9.578,0.0,0.0
263,0.0,4.0,0.0,1.0,3.0,0.0,275.165,1708.364,62.388,37.074,33.862,9.709,0.0,0.0
264,0.0,4.0,0.0,2.0,4.0,0.0,355.177,1794.204,69.747,37.372,36.921,9.75,0.0,0.0
265,0.0,4.0,0.0,3.0,5.0,0.0,426.519,1932.416,51.83,37.978,37.79,9.866,0.0,0.0
266,0.0,4.0,0.0,4.0,6.0,0.0,545.377,1948.08,124.451,38.705,38.425,9.89,0.0,0.0
267,0.0,4.0,0.0,5.0,7.0,0.0,84.819,1978.345,57.112,37.54,37.195,9.808,0.0,0.0
268,0.0,4.0,0.0,6.0,8.0,0.0,397.547,1992.232,94.721,38.235,38.056,9.933,0.0,0.0
269,0.0,4.0,0.0,7.0,9.0,0.0,447.113,2042.554,115.827,38.412,38.314,9.913,0.0,0.0
270,0.0,4.0,0.0,8.0,10.0,0.0,311.721,2052.664,-3.933,41.054,25.91,8.821,0.0,0.0
271,1.0,4.0,0.0,0.0,0.0,0.0,1056.268,1715.694,96.751,36.69,36.248,9.649,0.0,0.0
272,1.0,4.0,0.0,1.0,1.0,0.0,1054.994,1802.262,88.419,37.835,37.426,9.877,0.0,0.0
273,1.0,4.0,0.0,2.0,2.0,0.0,616.743,1870.635,47.466,37.215,36.804,9.714,0.0,0.0
274,1.0,4.0,0.0,3.0,3.0,0.0,681.93,1911.862,24.898,37.263,36.982,9.744,0.0,0.0
275,1.0,4.0,0.0,4.0,4.0,0.0,831.149,1928.931,43.012,36.911,36.763,9.747,0.0,0.0
276,1.0,4.0,0.0,5.0,5.0,0.0,728.685,1971.129,69.25,37.339,36.991,9.755,0.0,0.0
277,2.0,4.0,0.0,0.0,0.0,0.0,1508.5,1746.232,82.143,36.817,36.584,9.71,0.0,0.0
278,2.0,4.0,0.0,1.0,1.0,0.0,1638.853,1850.853,76.136,37.916,37.717,9.848,0.0,0.0
279,2.0,4.0,0.0,2.0,2.0,0.0,1735.976,1887.05,92.775,38.538,34.81,9.54,0.0,0.0
280,2.0,4.0,0.0,3.0,3.0,0.0,1503.233,1965.015,103.871,38.072,37.942,9.821,0.0,0.0
281,2.0,4.0,0.0,4.0,4.0,0.0,1386.791,1980.268,93.715,37.279,37.211,9.776,0.0,0.0
282,2.0,4.0,0.0,5.0,5.0,0.0,1599.99,2018.227,39.128,38.25,38.01,9.853,0.0,0.0
283,3.0,4.0,0.0,0.0,2.0,0.0,2014.879,1726.446,110.721,36.812,36.632,9.716,0.0,0.0
284,3.0,4.0,0.0,1.0,3.0,0.0,2133.739,1750.391,66.834,36.962,36.562,9.649,0.0,0.0
285,3.0,4.0,0.0,2.0,5.0,0.0,1900.257,1891.696,70.311,37.194,36.724,9.701,0.0,0.0
286,3.0,4.0,0.0,3.0,6.0,0.0,2219.774,1920.301,88.844,38.116,37.834,9.889,0.0,0.0
287,3.0,4.0,0.0,4.0,7.0,0.0,1872.457,1988.201,78.634,37.846,37.502,9.811,0.0,0.0
288,4.0,4.0,0.0,0.0,0.0,0.0,2580.074,1689.024,88.075,36.908,36.673,9.734,0.0,0.0
289,4.0,4.0,0.0,1.0,1.0,0.0,2654.099,1691.381,117.466,37.35,37.017,9.76,0.0,0.0
292,4.0,4.0,0.0,4.0,5.0,0.0,2638.793,1782.164,82.634,37.152,36.683,9.767,0.0,0.0
293,4.0,4.0,0.0,5.0,6.0,0.0,2399.698,1887.678,34.98,37.429,37.181,9.792,0.0,0.0
294,4.0,4.0,0.0,6.0,7.0,0.0,2893.181,1939.957,92.54,41.736,24.464,8.708,0.0,0.0
295,5.0,4.0,0.0,0.0,1.0,0.0,2981.219,1715.102,65.683,36.244,36.144,9.654,0.0,0.0
296,5.0,4.0,0.0,1.0,2.0,0.0,2899.657,1727.903,-41.393,36.718,36.667,9.708,0.0,0.0
306,5.0,4.0,0.0,11.0,12.0,0.0,3252.605,1934.259,62.466,37.753,37.635,9.816,0.0,0.0
307,5.0,4.0,0.0,12.0,14.0,0.0,2970.48,1979.753,54.318,37.32,37.03,9.757,0.0,0.0
308,6.0,4.0,0.0,0.0,1.0,0.0,3842.853,1654.094,68.099,37.099,36.775,9.695,0.0,0.0
309,6.0,4.0,0.0,1.0,2.0,0.0,3625.376,1745.811,72.054,37.351,36.967,9.753,0.0,0.0
310,6.0,4.0,0.0,2.0,3.0,0.0,3901.585,1788.402,17.585,37.215,36.971,9.736,0.0,0.0
311,6.0,4.0,0.0,3.0,4.0,0.0,3783.516,1798.314,45.894,37.173,37.035,9.739,0.0,0.0
312,6.0,4.0,0.0,4.0,5.0,0.0,3626.175,1854.708,44.364,37.355,37.097,9.771,0.0,0.0
313,6.0,4.0,0.0,5.0,6.0,0.0,3608.662,1969.928,116.793,37.629,37.482,9.857,0.0,0.0
314,6.0,4.0,0.0,6.0,7.0,0.0,4041.579,2049.734,131.814,34.678,31.578,8.757,0.0,0.0
315,7.0,4.0,0.0,0.0,0.0,0.0,4366.586,1791.148,76.033,37.23,36.759,9.787,0.0,0.0
316,8.0,4.0,0.0,0.0,0.0,0.0,4893.131,1730.507,61.556,37.357,37.24,9.79,0.0,0.0
317,8.0,4.0,0.0,1.0,1.0,0.0,5149.005,1734.618,107.241,37.303,37.165,9.773,0.0,0.0
318,8.0,4.0,0.0,2.0,2.0,0.0,4822.13,1754.931,32.14,37.254,37.005,9.746,0.0,0.0
319,8.0,4.0,0.0,3.0,3.0,0.0,5050.201,1793.008,16.222,37.024,36.844,9.772,0.0,0.0
320,8.0,4.0,0.0,4.0,4.0,0.0,5104.848,1812.698,120.731,37.925,37.795,9.859,0.0,0.0
321,8.0,4.0,0.0,5.0,5.0,0.0,4944.043,1896.446,77.308,37.313,36.851,9.581,0.0,0.0
322,9.0,4.0,0.0,0.0,0.0,0.0,5674.695,1671.07,64.489,37.497,37.226,9.806,0.0,0.0
323,9.0,4.0,0.0,1.0,1.0,0.0,5452.511,1686.756,112.236,39.396,30.623,9.848,0.0,0.0
324,9.0,4.0,0.0,2.0,1.0,0.0,5427.79,1673.399,114.965,39.216,29.877,9.915,0.0,0.0
325,9.0,4.0,0.0,3.0,2.0,0.0,5559.275,1783.852,72.986,37.152,36.902,9.796,0.0,0.0
326,9.0,4.0,0.0,4.0,4.0,0.0,5704.596,1905.091,75.638,37.612,37.379,9.765,0.0,0.0
327,9.0,4.0,0.0,5.0,5.0,0.0,5617.107,1938.621,116.468,37.446,37.154,9.79,0.0,0.0
328,9.0,4.0,0.0,6.0,7.0,0.0,5267.881,2013.439,28.387,37.66,37.449,9.857,0.0,0.0
329,0.0,5.0,0.0,0.0,2.0,0.0,296.895,2182.508,88.947,36.417,36.0,9.658,0.0,0.0
330,0.0,5.0,0.0,1.0,3.0,0.0,136.601,2205.234,115.348,37.007,36.892,9.776,0.0,0.0
331,0.0,5.0,0.0,2.0,4.0,0.0,73.348,2229.318,65.757,36.919,36.675,9.736,0.0,0.0
332,0.0,5.0,0.0,3.0,5.0,0.0,279.569,2310.744,99.924,36.806,36.417,9.687,0.0,0.0
334,0.0,5.0,0.0,5.0,8.0,0.0,214.4,2396.919,99.773,37.962,37.654,9.845,0.0,0.0
335,0.0,5.0,0.0,6.0,9.0,0.0,544.86,2410.927,26.273,38.606,38.272,9.933,0.0,0.0
338,0.0,5.0,0.0,9.0,11.0,0.0,141.313,2454.057,-4.458,38.293,37.177,9.826,0.0,0.0
339,0.0,5.0,0.0,10.0,12.0,0.0,356.802,2455.546,-0.897,38.17,35.443,9.581,0.0,0.0
341,1.0,5.0,0.0,0.0,0.0,0.0,1088.341,2116.697,87.986,37.038,36.867,9.777,0.0,0.0
342,1.0,5.0,0.0,1.0,1.0,0.0,1164.87,2160.044,91.399,41.835,24.985,8.765,0.0,0.0
344,1.0,5.0,0.0,3.0,3.0,0.0,802.505,2276.281,62.655,37.043,36.781,9.766,0.0,0.0
345,1.0,5.0,0.0,4.0,4.0,0.0,953.834,2290.554,96.45,37.364,37.271,9.718,0.0,0.0
346,1.0,5.0,0.0,5.0,5.0,0.0,960.451,2376.806,93.99,38.161,37.77,9.886,0.0,0.0
347,1.0,5.0,0.0,6.0,6.0,0.0,664.674,2400.947,39.419,38.248,37.982,9.849,0.0,0.0
348,1.0,5.0,0.0,7.0,7.0,0.0,753.915,2459.924,-1.63,41.037,27.357,9.032,0.0,0.0
349,2.0,5.0,0.0,0.0,0.0,0.0,1383.726,2068.743,-36.975,36.672,36.365,9.585,0.0,0.0
350,2.0,5.0,0.0,1.0,2.0,0.0,1297.761,2093.98,31.533,36.835,36.637,9.72,0.0,0.0
351,2.0,5.0,0.0,2.0,4.0,0.0,1192.04,2262.395,68.986,37.726,37.6,9.808,0.0,0.0
352,2.0,5.0,0.0,3.0,5.0,0.0,1586.42,2270.705,106.219,37.769,37.374,9.861,0.0,0.0
353,2.0,5.0,0.0,4.0,6.0,0.0,1705.045,2289.039,57.964,37.697,37.61,9.806,0.0,0.0
354,2.0,5.0,0.0,5.0,7.0,0.0,1306.934,2314.833,58.595,37.03,36.478,9.725,0.0,0.0
355,2.0,5.0,0.0,6.0,8.0,0.0,1358.511,2327.881,76.53,37.847,37.521,9.813,0.0,0.0
356,2.0,5.0,0.0,7.0,9.0,0.0,1328.736,2397.899,84.741,37.981,37.558,9.836,0.0,0.0
357,2.0,5.0,0.0,8.0,10.0,0.0,1358.928,2448.67,58.269,37.805,37.566,9.814,0.0,0.0
358,2.0,5.0,0.0,9.0,11.0,0.0,1683.268,2459.418,-5.012,40.047,29.182,9.073,0.0,0.0
359,3.0,5.0,0.0,0.0,0.0,0.0,2312.656,2071.891,91.095,37.827,33.463,9.409,0.0,0.0
360,3.0,5.0,0.0,1.0,1.0,0.0,1846.828,2123.866,98.047,36.684,36.186,9.718,0.0,0.0
361,3.0,5.0,0.0,2.0,2.0,0.0,2274.282,2124.156,98.904,37.295,36.963,9.745,0.0,0.0
362,3.0,5.0,0.0,3.0,3.0,0.0,1781.305,2222.738,88.754,37.326,37.007,9.755,0.0,0.0
363,3.0,5.0,0.0,4.0,4.0,0.0,2313.471,2255.597,93.131,39.26,32.3,9.293,0.0,0.0
364,3.0,5.0,0.0,5.0,5.0,0.0,2202.667,2274.664,77.565,37.517,37.37,9.828,0.0,0.0
365,3.0,5.0,0.0,6.0,6.0,0.0,2302.426,2299.068,114.926,37.834,37.421,9.798,0.0,0.0
367,3.0,5.0,0.0,8.0,8.0,0.0,2226.701,2338.005,99.52,37.843,37.413,9.799,0.0,0.0
369,3.0,5.0,0.0,10.0,10.0,0.0,2284.694,2349.544,111.965,37.746,37.276,9.769,0.0,0.0
373,4.0,5.0,0.0,0.0,1.0,0.0,2590.601,2214.704,26.86,37.515,36.609,9.727,0.0,0.0
374,4.0,5.0,0.0,1.0,2.0,0.0,2366.008,2222.32,53.106,37.334,37.18,9.779,0.0,0.0
375,4.0,5.0,0.0,2.0,3.0,0.0,2885.519,2243.894,104.273,38.171,37.505,9.852,0.0,0.0
376,4.0,5.0,0.0,3.0,4.0,0.0,2463.375,2244.763,37.024,37.705,37.435,9.784,0.0,0.0
377,4.0,5.0,0.0,4.0,8.0,0.0,2550.829,2340.862,81.807,37.625,37.384,9.767,0.0,0.0
378,4.0,5.0,0.0,5.0,9.0,0.0,2877.354,2398.414,-42.473,33.839,33.709,9.32,0.0,0.0
379,4.0,5.0,0.0,6.0,10.0,0.0,2398.859,2427.171,-44.24,37.423,37.352,9.736,0.0,0.0
380,5.0,5.0,0.0,0.0,0.0,0.0,3364.136,2064.71,65.465,37.036,36.64,9.746,0.0,0.0
381,5.0,5.0,0.0,1.0,1.0,0.0,3270.693,2087.796,67.02,37.047,36.827,9.773,0.0,0.0
382,5.0,5.0,0.0,2.0,2.0,0.0,3416.577,2131.7,97.747,36.794,36.332,9.674,0.0,0.0
383,5.0,5.0,0.0,3.0,4.0,0.0,3286.38,2249.668,54.832,37.328,37.157,9.775,0.0,0.0
384,5.0,5.0,0.0,4.0,5.0,0.0,2986.092,2268.068,50.647,37.458,37.037,9.7,0.0,0.0
385,6.0,5.0,0.0,0.0,1.0,0.0,3881.833,2085.463,67.356,37.013,36.552,9.732,0.0,0.0
386,6.0,5.0,0.0,1.0,2.0,0.0,3812.365,2149.537,57.573,37.241,36.895,9.729,0.0,0.0
387,6.0,5.0,0.0,2.0,4.0,0.0,3532.464,2189.077,86.486,37.335,37.016,9.758,0.0,0.0
388,6.0,5.0,0.0,3.0,5.0,0.0,3861.789,2205.56,70.075,37.669,37.472,9.861,0.0,0.0
389,6.0,5.0,0.0,4.0,6.0,0.0,3557.914,2250.995,59.274,37.371,37.049,9.766,0.0,0.0
390,6.0,5.0,0.0,5.0,9.0,0.0,3580.271,2349.901,39.147,38.0,37.786,9.868,0.0,0.0
391,6.0,5.0,0.0,6.0,10.0,0.0,4025.868,2385.825,108.655,38.771,38.229,9.873,0.0,0.0
392,6.0,5.0,0.0,7.0,11.0,0.0,3824.747,2401.413,81.244,38.462,38.315,9.997,0.0,0.0
393,7.0,5.0,0.0,0.0,1.0,0.0,4348.446,2064.174,86.078,36.398,36.056,9.663,0.0,0.0
394,7.0,5.0,0.0,1.0,2.0,0.0,4150.002,2076.353,52.678,37.575,37.385,9.76,0.0,0.0
395,7.0,5.0,0.0,2.0,3.0,0.0,4229.117,2106.054,82.341,37.712,37.406,9.858,0.0,0.0
396,7.0,5.0,0.0,3.0,4.0,0.0,4188.949,2181.664,51.679,37.743,37.545,9.88,0.0,0.0
397,7.0,5.0,0.0,4.0,5.0,0.0,4141.963,2207.689,-34.463,37.397,37.297,9.803,0.0,0.0
398,7.0,5.0,0.0,5.0,6.0,0.0,4220.154,2212.829,62.682,37.349,36.977,9.754,0.0,0.0
399,7.0,5.0,0.0,6.0,7.0,0.0,4260.867,2283.871,92.068,38.067,37.84,9.807,0.0,0.0
400,7.0,5.0,0.0,7.0,8.0,0.0,4312.986,2317.308,51.607,37.435,37.054,9.775,0.0,0.0
401,7.0,5.0,0.0,8.0,10.0,0.0,4588.606,2379.199,108.114,38.37,38.045,9.873,0.0,0.0
402,7.0,5.0,0.0,9.0,12.0,0.0,4398.911,2437.891,-26.47,38.025,37.733,9.864,0.0,0.0
403,8.0,5.0,0.0,0.0,1.0,0.0,4848.465,2163.459,94.011,37.023,36.75,9.682,0.0,0.0
404,8.0,5.0,0.0,1.0,2.0,0.0,4872.667,2215.085,102.411,37.168,37.006,9.734,0.0,0.0
405,8.0,5.0,0.0,2.0,4.0,0.0,5078.764,2298.555,30.039,38.085,38.011,9.908,0.0,0.0
406,8.0,5.0,0.0,3.0,5.0,0.0,4808.221,2310.801,87.066,37.542,37.452,9.842,0.0,0.0
407,8.0,5.0,0.0,4.0,6.0,0.0,4641.919,2315.023,46.161,37.298,37.045,9.756,0.0,0.0
408,8.0,5.0,0.0,5.0,8.0,0.0,4704.4,2366.435,47.094,37.393,36.994,9.762,0.0,0.0
409,8.0,5.0,0.0,6.0,9.0,0.0,4745.355,2445.015,55.047,38.463,38.092,9.891,0.0,0.0
410,9.0,5.0,0.0,0.0,0.0,0.0,5368.776,2075.321,81.212,36.705,36.294,9.657,0.0,0.0
411,9.0,5.0,0.0,1.0,1.0,0.0,5558.424,2082.741,6.709,36.69,36.496,9.682,0.0,0.0
412,9.0,5.0,0.0,2.0,2.0,0.0,5684.905,2095.98,120.649,37.11,36.959,9.721,0.0,0.0
413,9.0,5.0,0.0,3.0,3.0,0.0,5307.803,2170.496,106.352,37.356,37.154,9.778,0.0,0.0
414,9.0,5.0,0.0,4.0,4.0,0.0,5382.928,2183.053,78.588,37.78,37.433,9.87,0.0,0.0
415,9.0,5.0,0.0,5.0,5.0,0.0,5590.425,2229.102,18.547,37.505,37.346,9.823,0.0,0.0
416,9.0,5.0,0.0,6.0,6.0,0.0,5654.72,2231.521,-41.6,37.478,37.125,9.791,0.0,0.0
417,9.0,5.0,0.0,7.0,7.0,0.0,5219.519,2240.305,50.724,37.526,37.307,9.821,0.0,0.0
418,9.0,5.0,0.0,8.0,8.0,0.0,5548.885,2250.165,120.251,37.165,36.946,9.804,0.0,0.0
419,9.0,5.0,0.0,9.0,9.0,0.0,5459.709,2332.934,111.7,37.28,37.147,9.768,0.0,0.0
420,9.0,5.0,0.0,10.0,10.0,0.0,5508.11,2363.371,79.77,37.195,36.855,9.718,0.0,0.0
421,9.0,5.0,0.0,11.0,11.0,0.0,5614.567,2381.699,67.791,37.818,37.585,9.818,0.0,0.0
422,9.0,5.0,0.0,12.0,12.0,0.0,5724.03,2433.172,-2.921,38.389,38.315,9.91,0.0,0.0
423,9.0,5.0,0.0,13.0,13.0,0.0,5534.763,2449.637,67.27,37.558,37.353,9.831,0.0,0.0
424,0.0,6.0,0.0,0.0,2.0,0.0,62.647,2586.616,69.7,36.946,36.624,9.733,0.0,0.0
426,0.0,6.0,0.0,2.0,5.0,0.0,557.765,2636.468,125.795,37.861,37.69,9.838,0.0,0.0
427,0.0,6.0,0.0,3.0,6.0,0.0,316.074,2646.29,78.364,37.496,35.793,9.616,0.0,0.0
430,1.0,6.0,0.0,0.0,1.0,0.0,919.648,2545.628,49.968,37.111,36.402,9.725,0.0,0.0
431,1.0,6.0,0.0,1.0,2.0,0.0,815.559,2547.817,69.015,37.052,36.696,9.756,0.0,0.0
432,1.0,6.0,0.0,2.0,3.0,0.0,989.695,2594.83,84.459,37.27,37.093,9.759,0.0,0.0
433,1.0,6.0,0.0,3.0,4.0,0.0,605.943,2607.477,-30.215,37.545,37.432,9.84,0.0,0.0
434,1.0,6.0,0.0,4.0,7.0,0.0,673.626,2834.641,71.301,38.112,37.874,9.817,0.0,0.0
435,2.0,6.0,0.0,0.0,3.0,0.0,1524.94,2525.373,57.791,36.892,36.633,9.727,0.0,0.0
437,2.0,6.0,0.0,2.0,5.0,0.0,1238.353,2605.735,58.848,37.374,37.084,9.772,0.0,0.0
438,2.0,6.0,0.0,3.0,7.0,0.0,1645.052,2650.219,53.836,37.862,37.729,9.843,0.0,0.0
439,2.0,6.0,0.0,4.0,8.0,0.0,1181.253,2699.584,94.547,37.822,37.564,9.816,0.0,0.0
440,2.0,6.0,0.0,5.0,10.0,0.0,1421.855,2867.255,-2.278,40.387,29.016,9.057,0.0,0.0
441,3.0,6.0,0.0,0.0,0.0,0.0,1851.704,2518.158,44.631,37.103,36.544,9.666,0.0,0.0
442,3.0,6.0,0.0,1.0,1.0,0.0,2145.642,2522.563,73.195,37.332,36.888,9.818,0.0,0.0
443,3.0,6.0,0.0,2.0,2.0,0.0,2030.606,2556.016,59.864,37.312,36.965,9.748,0.0,0.0
444,3.0,6.0,0.0,3.0,3.0,0.0,2234.947,2614.009,-31.539,37.618,37.542,9.864,0.0,0.0
445,3.0,6.0,0.0,4.0,6.0,0.0,2309.732,2685.878,86.548,37.966,37.341,9.729,0.0,0.0
446,3.0,6.0,0.0,5.0,7.0,0.0,2107.597,2703.203,117.628,38.002,37.635,9.848,0.0,0.0
447,3.0,6.0,0.0,6.0,8.0,0.0,2097.539,2754.827,126.117,37.831,37.693,9.834,0.0,0.0
448,3.0,6.0,0.0,7.0,9.0,0.0,1926.683,2787.557,9.832,37.875,37.619,9.83,0.0,0.0
449,3.0,6.0,0.0,8.0,11.0,0.0,2108.046,2827.401,99.434,38.332,38.041,9.944,0.0,0.0
450,3.0,6.0,0.0,9.0,12.0,0.0,1985.42,2838.961,91.001,37.552,37.257,9.74,0.0,0.0
452,4.0,6.0,0.0,0.0,0.0,0.0,2891.818,2515.487,90.552,40.773,27.388,8.954,0.0,0.0
453,4.0,6.0,0.0,1.0,1.0,0.0,2647.469,2560.602,92.518,37.478,37.114,9.789,0.0,0.0
454,4.0,6.0,0.0,2.0,2.0,0.0,2623.325,2591.949,49.904,36.463,36.28,9.702,0.0,0.0
455,4.0,6.0,0.0,3.0,3.0,0.0,2715.993,2638.385,90.006,37.548,37.276,9.819,0.0,0.0
456,4.0,6.0,0.0,4.0,5.0,0.0,2512.302,2696.216,24.955,37.358,37.161,9.78,0.0,0.0
457,4.0,6.0,0.0,5.0,7.0,0.0,2446.231,2715.728,34.631,37.818,37.39,9.793,0.0,0.0
459,5.0,6.0,0.0,0.0,2.0,0.0,2968.351,2573.984,75.556,37.208,36.934,9.73,0.0,0.0
460,5.0,6.0,0.0,1.0,3.0,0.0,3240.338,2585.912,75.153,37.094,36.557,9.743,0.0,0.0
461,5.0,6.0,0.0,2.0,4.0,0.0,3407.941,2591.916,128.333,37.331,36.846,9.735,0.0,0.0
462,5.0,6.0,0.0,3.0,5.0,0.0,3354.22,2598.003,121.276,37.423,37.224,9.796,0.0,0.0
463,5.0,6.0,0.0,4.0,6.0,0.0,2939.102,2600.787,91.676,37.255,37.073,9.754,0.0,0.0
464,5.0,6.0,0.0,5.0,9.0,0.0,3119.79,2771.641,57.693,37.908,37.501,9.819,0.0,0.0
465,5.0,6.0,0.0,6.0,10.0,0.0,3327.827,2773.909,107.597,37.928,37.733,9.852,0.0,0.0
467,5.0,6.0,0.0,8.0,12.0,0.0,2903.188,2857.671,45.921,37.975,37.38,9.736,0.0,0.0
468,6.0,6.0,0.0,0.0,0.0,0.0,4030.89,2595.013,-33.18,37.253,37.094,9.757,0.0,0.0
469,6.0,6.0,0.0,1.0,1.0,0.0,3793.734,2824.668,134.449,37.306,37.177,9.775,0.0,0.0
471,7.0,6.0,0.0,1.0,4.0,0.0,4456.4,2540.247,78.569,37.41,37.085,9.855,0.0,0.0
472,7.0,6.0,0.0,2.0,5.0,0.0,4094.195,2583.405,-41.069,37.361,34.592,9.766,0.0,0.0
473,7.0,6.0,0.0,3.0,5.0,0.0,4071.492,2559.94,-42.63,37.014,34.09,9.476,0.0,0.0
474,7.0,6.0,0.0,4.0,6.0,0.0,4499.088,2586.67,27.648,37.058,36.816,9.773,0.0,0.0
475,7.0,6.0,0.0,5.0,8.0,0.0,4238.395,2639.095,58.689,36.929,36.726,9.744,0.0,0.0
476,7.0,6.0,0.0,6.0,9.0,0.0,4618.6,2698.651,92.381,40.036,30.231,9.156,0.0,0.0
477,7.0,6.0,0.0,7.0,10.0,0.0,4430.81,2706.418,117.504,37.554,37.388,9.758,0.0,0.0
478,7.0,6.0,0.0,8.0,11.0,0.0,4241.042,2729.522,80.222,37.151,36.811,9.707,0.0,0.0
479,7.0,6.0,0.0,9.0,13.0,0.0,4366.11,2761.192,89.741,38.219,37.768,9.894,0.0,0.0
480,8.0,6.0,0.0,0.0,3.0,0.0,4874.329,2503.073,16.712,37.541,36.957,9.777,0.0,0.0
481,8.0,6.0,0.0,1.0,7.0,0.0,4967.04,2552.208,96.702,37.58,37.509,9.854,0.0,0.0
482,8.0,6.0,0.0,2.0,8.0,0.0,5070.314,2623.603,-1.413,37.288,37.148,9.769,0.0,0.0
483,8.0,6.0,0.0,3.0,10.0,0.0,5115.652,2728.493,77.42,37.677,37.124,9.738,0.0,0.0
484,8.0,6.0,0.0,4.0,11.0,0.0,4866.432,2792.071,22.551,37.908,37.731,9.849,0.0,0.0
485,8.0,6.0,0.0,5.0,12.0,0.0,4686.624,2794.01,71.682,37.511,37.383,9.829,0.0,0.0
486,9.0,6.0,0.0,0.0,2.0,0.0,5447.139,2495.077,47.208,36.758,36.605,9.705,0.0,0.0
487,9.0,6.0,0.0,1.0,3.0,0.0,5647.061,2499.981,65.775,37.454,37.006,9.772,0.0,0.0
488,9.0,6.0,0.0,2.0,4.0,0.0,5253.705,2502.021,84.165,36.577,36.435,9.582,0.0,0.0
489,9.0,6.0,0.0,3.0,6.0,0.0,5479.459,2562.103,43.318,36.915,36.451,9.706,0.0,0.0
490,9.0,6.0,0.0,4.0,7.0,0.0,5246.354,2611.691,52.495,37.404,36.949,9.836,0.0,0.0
491,9.0,6.0,0.0,5.0,8.0,0.0,5578.022,2634.947,58.035,38.068,37.749,9.872,0.0,0.0
492,9.0,6.0,0.0,6.0,9.0,0.0,5607.751,2685.007,76.457,37.063,36.674,9.754,0.0,0.0
493,9.0,6.0,0.0,7.0,10.0,0.0,5370.633,2711.847,52.15,37.877,37.499,9.892,0.0,0.0
494,9.0,6.0,0.0,8.0,11.0,0.0,5231.353,2767.512,67.359,38.412,38.265,9.907,0.0,0.0
495,9.0,6.0,0.0,9.0,12.0,0.0,5399.045,2820.508,55.895,37.788,37.657,9.824,0.0,0.0
496,9.0,6.0,0.0,10.0,13.0,0.0,5615.354,2861.005,-11.636,38.184,37.823,9.897,0.0,0.0
497,0.0,7.0,0.0,0.0,0.0,0.0,249.537,2890.749,94.16,37.17,36.299,9.718,0.0,0.0
498,0.0,7.0,0.0,1.0,1.0,0.0,551.732,2911.138,103.883,37.15,36.936,9.723,0.0,0.0
499,0.0,7.0,0.0,2.0,3.0,0.0,299.944,2977.108,37.267,37.801,37.432,9.874,0.0,0.0
500,0.0,7.0,0.0,3.0,4.0,0.0,94.369,2979.158,66.917,37.143,36.518,9.745,0.0,0.0
501,0.0,7.0,0.0,4.0,5.0,0.0,324.388,3011.894,37.401,37.401,37.216,9.792,0.0,0.0
502,0.0,7.0,0.0,5.0,6.0,0.0,243.891,3013.204,59.308,37.548,37.382,9.833,0.0,0.0
503,0.0,7.0,0.0,6.0,7.0,0.0,457.296,3058.456,48.824,38.141,37.875,9.898,0.0,0.0
504,0.0,7.0,0.0,7.0,8.0,0.0,182.641,3066.027,107.733,37.186,36.678,9.694,0.0,0.0
505,0.0,7.0,0.0,8.0,9.0,0.0,29.447,3086.349,31.316,37.72,37.093,9.974,0.0,0.0
506,0.0,7.0,0.0,9.0,10.0,0.0,393.193,3204.87,103.708,38.162,37.59,9.863,0.0,0.0
507,1.0,7.0,0.0,0.0,0.0,0.0,875.857,2924.298,99.73,36.891,36.647,9.728,0.0,0.0
508,1.0,7.0,0.0,1.0,1.0,0.0,610.536,2925.733,85.527,36.764,36.228,9.655,0.0,0.0
509,1.0,7.0,0.0,2.0,2.0,0.0,1109.368,3003.702,126.604,37.969,37.598,9.84,0.0,0.0
510,1.0,7.0,0.0,3.0,4.0,0.0,1140.985,3101.879,-29.368,37.443,37.245,9.802,0.0,0.0
511,1.0,7.0,0.0,4.0,5.0,0.0,766.566,3162.871,97.364,37.717,37.627,9.811,0.0,0.0
512,1.0,7.0,0.0,5.0,7.0,0.0,687.041,3207.882,16.45,38.031,37.82,9.877,0.0,0.0
513,1.0,7.0,0.0,6.0,8.0,0.0,762.18,3263.314,-3.203,38.106,37.741,9.8,0.0,0.0
514,2.0,7.0,0.0,0.0,1.0,0.0,1535.619,2894.489,10.522,36.579,36.01,9.603,0.0,0.0
515,2.0,7.0,0.0,1.0,2.0,0.0,1457.945,2965.053,97.046,37.479,36.937,9.766,0.0,0.0
516,2.0,7.0,0.0,2.0,3.0,0.0,1674.996,3005.972,-36.603,36.973,36.838,9.687,0.0,0.0
518,2.0,7.0,0.0,4.0,5.0,0.0,1571.671,3081.191,65.643,37.031,36.707,9.677,0.0,0.0
519,2.0,7.0,0.0,5.0,6.0,0.0,1693.425,3094.505,84.784,37.966,37.329,9.804,0.0,0.0
520,2.0,7.0,0.0,6.0,8.0,0.0,1370.6,3109.163,68.122,37.562,37.03,9.711,0.0,0.0
522,2.0,7.0,0.0,8.0,10.0,0.0,1405.717,3238.546,36.554,37.394,37.123,9.779,0.0,0.0
523,3.0,7.0,0.0,0.0,0.0,0.0,2065.133,2905.263,79.338,37.048,36.565,9.738,0.0,0.0
524,3.0,7.0,0.0,1.0,2.0,0.0,2089.749,2978.35,58.853,37.222,36.644,9.694,0.0,0.0
525,3.0,7.0,0.0,2.0,3.0,0.0,2125.735,3002.743,51.254,36.866,36.646,9.725,0.0,0.0
526,3.0,7.0,0.0,3.0,4.0,0.0,2220.861,3013.714,114.296,37.577,37.111,9.802,0.0,0.0
527,3.0,7.0,0.0,4.0,5.0,0.0,2186.888,3055.345,89.554,37.471,37.115,9.788,0.0,0.0
528,3.0,7.0,0.0,5.0,6.0,0.0,2095.806,3086.778,75.49,37.134,37.056,9.737,0.0,0.0
529,3.0,7.0,0.0,6.0,7.0,0.0,1935.963,3185.108,34.95,37.806,37.526,9.886,0.0,0.0
530,3.0,7.0,0.0,7.0,8.0,0.0,1774.075,3190.435,37.313,38.032,37.608,9.849,0.0,0.0
531,3.0,7.0,0.0,8.0,9.0,0.0,2027.587,3215.005,12.011,37.36,37.164,9.78,0.0,0.0
532,4.0,7.0,0.0,0.0,1.0,0.0,2569.586,2901.535,79.359,37.255,37.093,9.757,0.0,0.0
533,4.0,7.0,0.0,1.0,2.0,0.0,2504.547,2940.448,125.708,36.729,36.54,9.693,0.0,0.0
534,4.0,7.0,0.0,2.0,4.0,0.0,2800.514,2969.41,42.496,37.412,37.355,9.812,0.0,0.0
535,4.0,7.0,0.0,3.0,5.0,0.0,2530.675,3178.238,76.685,38.228,37.715,9.888,0.0,0.0
536,4.0,7.0,0.0,4.0,6.0,0.0,2373.155,3212.871,134.814,37.877,37.801,9.854,0.0,0.0
537,4.0,7.0,0.0,5.0,7.0,0.0,2743.78,3253.693,110.253,38.312,38.062,9.868,0.0,0.0
538,4.0,7.0,0.0,6.0,8.0,0.0,2370.877,3259.101,126.324,37.42,37.31,9.807,0.0,0.0
539,5.0,7.0,0.0,0.0,1.0,0.0,3399.094,2924.429,95.741,37.325,36.752,9.799,0.0,0.0
540,5.0,7.0,0.0,1.0,2.0,0.0,3071.065,2953.895,-19.258,37.414,35.314,9.622,0.0,0.0
541,5.0,7.0,0.0,2.0,3.0,0.0,3162.198,2960.652,58.759,36.526,36.182,9.697,0.0,0.0
542,5.0,7.0,0.0,3.0,4.0,0.0,3234.754,2978.036,57.896,37.441,37.065,9.856,0.0,0.0
543,5.0,7.0,0.0,4.0,5.0,0.0,3078.994,2987.071,-16.341,37.021,34.956,9.518,0.0,0.0
544,5.0,7.0,0.0,5.0,6.0,0.0,3120.818,3059.048,84.51,38.561,38.008,9.893,0.0,0.0
545,5.0,7.0,0.0,6.0,7.0,0.0,3380.087,3083.77,111.427,37.337,37.117,9.771,0.0,0.0
546,5.0,7.0,0.0,7.0,9.0,0.0,3227.73,3093.473,88.722,37.625,37.395,9.845,0.0,0.0
547,5.0,7.0,0.0,8.0,10.0,0.0,3200.023,3156.7,80.232,37.731,37.284,9.844,0.0,0.0
548,5.0,7.0,0.0,9.0,12.0,0.0,3098.389,3203.345,112.557,37.204,36.93,9.729,0.0,0.0
549,5.0,7.0,0.0,10.0,13.0,0.0,3065.871,3240.175,0.297,38.187,37.889,9.829,0.0,0.0
550,5.0,7.0,0.0,11.0,14.0,0.0,3141.415,3245.157,35.869,37.93,37.576,9.831,0.0,0.0
551,5.0,7.0,0.0,12.0,15.0,0.0,3357.152,3246.842,74.252,37.983,37.619,9.844,0.0,0.0
552,5.0,7.0,0.0,13.0,16.0,0.0,3254.786,3262.015,86.238,38.28,38.189,9.88,0.0,0.0
553,6.0,7.0,0.0,0.0,0.0,0.0,4043.571,2889.476,91.4,39.178,27.949,8.872,0.0,0.0
554,6.0,7.0,0.0,1.0,1.0,0.0,3977.008,2920.766,115.628,37.542,37.128,9.799,0.0,0.0
555,6.0,7.0,0.0,2.0,2.0,0.0,3871.192,2954.399,39.592,36.54,36.404,9.729,0.0,0.0
556,6.0,7.0,0.0,3.0,3.0,0.0,3946.767,2980.47,132.803,36.707,36.352,9.665,0.0,0.0
557,6.0,7.0,0.0,4.0,4.0,0.0,3837.324,3062.675,91.135,37.679,37.381,9.85,0.0,0.0
558,6.0,7.0,0.0,5.0,5.0,0.0,3478.872,3084.706,76.023,37.757,36.872,9.717,0.0,0.0
559,6.0,7.0,0.0,6.0,6.0,0.0,3970.416,3199.076,-38.034,37.684,37.464,9.862,0.0,0.0
560,6.0,7.0,0.0,7.0,7.0,0.0,3981.934,3248.786,-29.229,38.514,38.364,9.933,0.0,0.0
561,6.0,7.0,0.0,8.0,8.0,0.0,3730.424,3253.547,116.542,37.586,37.474,9.773,0.0,0.0
562,6.0,7.0,0.0,9.0,9.0,0.0,3583.538,3276.07,-1.267,41.249,26.91,8.984,0.0,0.0
563,7.0,7.0,0.0,0.0,1.0,0.0,4530.627,3100.346,113.92,37.84,37.648,9.829,0.0,0.0
564,7.0,7.0,0.0,1.0,2.0,0.0,4619.445,3144.98,88.44,44.297,28.248,9.116,0.0,0.0
565,8.0,7.0,0.0,0.0,0.0,0.0,4815.406,3019.971,129.765,37.309,36.902,9.739,0.0,0.0
566,8.0,7.0,0.0,1.0,1.0,0.0,4769.273,3065.55,40.152,37.516,37.458,9.839,0.0,0.0
567,8.0,7.0,0.0,2.0,2.0,0.0,4697.341,3083.228,125.614,36.993,36.921,9.7,0.0,0.0
568,8.0,7.0,0.0,3.0,3.0,0.0,4828.249,3100.219,55.365,37.163,36.395,9.895,0.0,0.0
569,8.0,7.0,0.0,4.0,5.0,0.0,4754.18,3183.319,39.17,37.919,37.694,9.845,0.0,0.0
570,8.0,7.0,0.0,5.0,6.0,0.0,5196.618,3230.71,93.543,42.183,25.877,8.865,0.0,0.0
571,8.0,7.0,0.0,6.0,7.0,0.0,4803.345,3239.868,-23.735,37.874,37.732,9.845,0.0,0.0
572,8.0,7.0,0.0,7.0,8.0,0.0,5161.43,3275.035,-5.51,39.312,29.951,9.071,0.0,0.0
573,9.0,7.0,0.0,0.0,1.0,0.0,5575.902,2910.635,68.239,36.447,36.222,9.692,0.0,0.0
575,9.0,7.0,0.0,2.0,3.0,0.0,5765.154,3096.972,100.684,38.18,37.836,9.822,0.0,0.0
576,0.0,8.0,0.0,0.0,0.0,0.0,217.849,3333.571,116.876,36.828,36.254,9.591,0.0,0.0
577,0.0,8.0,0.0,1.0,1.0,0.0,172.563,3365.91,7.913,36.64,36.232,9.414,0.0,0.0
579,0.0,8.0,0.0,3.0,5.0,0.0,112.666,3537.316,79.343,37.804,37.551,9.812,0.0,0.0
580,0.0,8.0,0.0,4.0,6.0,0.0,29.666,3614.744,77.484,37.618,37.391,9.923,0.0,0.0
581,0.0,8.0,0.0,5.0,8.0,0.0,290.009,3668.361,82.078,38.163,37.911,9.829,0.0,0.0
582,1.0,8.0,0.0,0.0,1.0,0.0,1075.828,3434.55,112.57,37.144,37.022,9.733,0.0,0.0
586,1.0,8.0,0.0,4.0,6.0,0.0,905.209,3539.848,75.488,38.094,37.028,9.565,0.0,0.0
587,1.0,8.0,0.0,5.0,7.0,0.0,1050.22,3565.463,-42.511,37.965,37.614,9.841,0.0,0.0
588,1.0,8.0,0.0,6.0,8.0,0.0,1073.802,3645.528,34.414,38.109,37.736,9.876,0.0,0.0
589,1.0,8.0,0.0,7.0,9.0,0.0,825.234,3646.707,32.37,38.106,37.922,9.9,0.0,0.0
590,2.0,8.0,0.0,0.0,1.0,0.0,1382.941,3295.801,66.874,36.84,36.416,9.691,0.0,0.0
591,2.0,8.0,0.0,1.0,2.0,0.0,1684.364,3391.492,110.427,36.924,36.628,9.73,0.0,0.0
592,2.0,8.0,0.0,2.0,3.0,0.0,1579.954,3455.694,93.527,37.938,37.693,9.848,0.0,0.0
593,2.0,8.0,0.0,3.0,5.0,0.0,1331.717,3501.953,68.038,37.156,37.094,9.745,0.0,0.0
594,2.0,8.0,0.0,4.0,7.0,0.0,1504.383,3558.17,34.051,37.735,37.602,9.809,0.0,0.0
596,3.0,8.0,0.0,0.0,0.0,0.0,2300.51,3305.55,117.008,37.038,36.883,9.701,0.0,0.0
597,3.0,8.0,0.0,1.0,1.0,0.0,2314.758,3409.257,91.135,39.107,29.674,9.045,0.0,0.0
598,3.0,8.0,0.0,2.0,2.0,0.0,1925.286,3412.916,66.367,37.36,36.999,9.759,0.0,0.0
599,3.0,8.0,0.0,3.0,4.0,0.0,1766.931,3524.575,46.481,37.534,37.376,9.754,0.0,0.0
601,3.0,8.0,0.0,5.0,7.0,0.0,2041.769,3619.734,82.624,37.558,37.162,9.806,0.0,0.0
602,4.0,8.0,0.0,0.0,2.0,0.0,2571.917,3290.826,70.988,36.937,36.456,9.709,0.0,0.0
603,4.0,8.0,0.0,1.0,4.0,0.0,2589.802,3346.984,76.579,36.447,36.095,9.675,0.0,0.0
604,4.0,8.0,0.0,2.0,6.0,0.0,2507.116,3482.51,39.826,37.345,36.913,9.745,0.0,0.0
605,4.0,8.0,0.0,3.0,7.0,0.0,2327.204,3487.675,55.535,37.932,37.395,9.808,0.0,0.0
606,5.0,8.0,0.0,0.0,2.0,0.0,2922.792,3310.829,28.931,37.181,37.069,9.745,0.0,0.0
607,5.0,8.0,0.0,1.0,3.0,0.0,3083.893,3362.862,65.145,37.183,36.984,9.734,0.0,0.0
608,5.0,8.0,0.0,2.0,4.0,0.0,3465.572,3371.829,91.827,39.107,32.035,9.301,0.0,0.0
609,5.0,8.0,0.0,3.0,5.0,0.0,3343.21,3392.437,89.988,36.975,36.547,9.726,0.0,0.0
610,5.0,8.0,0.0,4.0,6.0,0.0,3098.732,3515.761,97.086,37.53,37.071,9.79,0.0,0.0
611,5.0,8.0,0.0,5.0,7.0,0.0,3056.81,3555.827,-32.374,37.765,37.598,9.813,0.0,0.0
612,5.0,8.0,0.0,6.0,8.0,0.0,3253.808,3587.739,120.337,38.289,37.861,9.915,0.0,0.0
613,6.0,8.0,0.0,0.0,2.0,0.0,3798.358,3287.605,87.731,37.023,36.667,9.748,0.0,0.0
614,6.0,8.0,0.0,1.0,4.0,0.0,3766.129,3404.571,79.887,37.396,37.2,9.79,0.0,0.0
615,6.0,8.0,0.0,2.0,5.0,0.0,3823.387,3422.39,87.415,37.378,37.04,9.766,0.0,0.0
616,6.0,8.0,0.0,3.0,6.0,0.0,3532.453,3484.426,104.832,37.561,37.423,9.841,0.0,0.0
617,6.0,8.0,0.0,4.0,7.0,0.0,3640.742,3589.719,61.61,37.679,37.325,9.766,0.0,0.0
618,7.0,8.0,0.0,0.0,0.0,0.0,4587.113,3308.504,104.914,37.521,37.211,9.807,0.0,0.0
619,7.0,8.0,0.0,1.0,1.0,0.0,4482.733,3512.025,123.423,37.832,37.588,9.82,0.0,0.0
620,7.0,8.0,0.0,2.0,2.0,0.0,4355.903,3538.903,101.465,37.671,37.339,9.767,0.0,0.0
621,7.0,8.0,0.0,3.0,3.0,0.0,4585.1,3545.129,-19.625,37.693,37.411,9.779,0.0,0.0
623,8.0,8.0,0.0,0.0,1.0,0.0,4690.729,3380.455,110.292,36.933,36.621,9.73,0.0,0.0
624,8.0,8.0,0.0,1.0,2.0,0.0,4798.109,3451.263,88.87,36.975,36.502,9.72,0.0,0.0
625,8.0,8.0,0.0,2.0,3.0,0.0,5174.709,3473.438,131.51,37.991,37.541,9.835,0.0,0.0
626,8.0,8.0,0.0,3.0,4.0,0.0,4968.99,3500.133,92.1,37.544,37.29,9.821,0.0,0.0
627,8.0,8.0,0.0,4.0,5.0,0.0,4697.455,3537.15,56.29,37.99,37.741,9.861,0.0,0.0
628,8.0,8.0,0.0,5.0,6.0,0.0,4739.948,3573.425,37.883,37.633,37.589,9.795,0.0,0.0
629,9.0,8.0,0.0,0.0,0.0,0.0,5511.442,3299.124,19.907,36.697,36.627,9.7,0.0,0.0
630,9.0,8.0,0.0,1.0,2.0,0.0,5409.872,3516.302,59.786,37.015,36.792,9.764,0.0,0.0
631,9.0,8.0,0.0,2.0,3.0,0.0,5731.758,3531.073,109.28,37.529,37.241,9.813,0.0,0.0
632,9.0,8.0,0.0,3.0,4.0,0.0,5390.901,3559.549,88.758,37.112,36.878,9.71,0.0,0.0
633,0.0,9.0,0.0,0.0,3.0,0.0,237.761,3762.248,98.92,36.999,36.505,9.724,0.0,0.0
634,0.0,9.0,0.0,1.0,4.0,0.0,99.019,3857.688,70.263,36.935,36.493,9.713,0.0,0.0
635,0.0,9.0,0.0,2.0,5.0,0.0,274.166,3886.563,106.5,37.4,36.994,9.763,0.0,0.0
636,0.0,9.0,0.0,3.0,6.0,0.0,221.609,3904.539,91.287,37.084,36.975,9.797,0.0,0.0
637,0.0,9.0,0.0,4.0,7.0,0.0,493.597,3957.198,105.956,37.975,37.647,9.846,0.0,0.0
638,0.0,9.0,0.0,5.0,8.0,0.0,125.725,4004.785,62.808,37.911,37.4,9.807,0.0,0.0
639,0.0,9.0,0.0,6.0,10.0,0.0,194.209,4077.911,47.045,37.764,37.672,9.822,0.0,0.0
640,1.0,9.0,0.0,0.0,0.0,0.0,763.862,3750.227,78.551,37.72,37.485,9.869,0.0,0.0
641,1.0,9.0,0.0,1.0,1.0,0.0,598.732,3756.901,66.725,37.173,36.946,9.727,0.0,0.0
642,1.0,9.0,0.0,2.0,2.0,0.0,848.516,3868.368,63.241,37.396,37.044,9.769,0.0,0.0
643,1.0,9.0,0.0,3.0,3.0,0.0,985.341,3935.304,115.208,38.068,37.97,9.901,0.0,0.0
644,1.0,9.0,0.0,4.0,6.0,0.0,877.762,4074.484,124.123,38.249,37.972,9.848,0.0,0.0
645,2.0,9.0,0.0,0.0,2.0,0.0,1333.816,3729.003,114.307,37.153,37.105,9.746,0.0,0.0
646,2.0,9.0,0.0,1.0,3.0,0.0,1716.563,3742.487,111.742,36.939,36.548,9.721,0.0,0.0
647,2.0,9.0,0.0,2.0,4.0,0.0,1710.203,3793.367,98.873,37.905,37.551,9.825,0.0,0.0
648,2.0,9.0,0.0,3.0,5.0,0.0,1196.14,3804.965,73.379,37.864,37.713,9.841,0.0,0.0
649,2.0,9.0,0.0,4.0,6.0,0.0,1650.702,3850.812,87.155,37.838,37.487,9.808,0.0,0.0
650,2.0,9.0,0.0,5.0,7.0,0.0,1649.043,3939.68,-40.302,37.749,37.543,9.804,0.0,0.0
651,2.0,9.0,0.0,6.0,9.0,0.0,1473.155,4025.312,78.82,38.045,37.826,9.803,0.0,0.0
652,2.0,9.0,0.0,7.0,10.0,0.0,1633.873,4077.787,-37.906,37.994,37.881,9.803,0.0,0.0
653,2.0,9.0,0.0,8.0,11.0,0.0,1525.621,4088.5,-5.84,39.378,34.409,9.524,0.0,0.0
654,3.0,9.0,0.0,0.0,0.0,0.0,2114.918,3693.257,91.525,37.342,37.014,9.758,0.0,0.0
655,3.0,9.0,0.0,1.0,1.0,0.0,2087.061,3720.106,75.34,37.23,36.932,9.733,0.0,0.0
656,3.0,9.0,0.0,2.0,3.0,0.0,1810.045,4071.58,44.333,37.899,37.612,9.832,0.0,0.0
657,4.0,9.0,0.0,0.0,1.0,0.0,2693.462,3748.262,61.694,36.659,36.234,9.643,0.0,0.0
658,4.0,9.0,0.0,1.0,3.0,0.0,2625.245,3889.402,63.334,37.689,37.629,9.807,0.0,0.0
659,4.0,9.0,0.0,2.0,4.0,0.0,2516.969,3942.675,-23.992,37.405,37.234,9.795,0.0,0.0
660,4.0,9.0,0.0,3.0,5.0,0.0,2368.922,3965.628,66.38,37.614,37.321,9.834,0.0,0.0
661,4.0,9.0,0.0,4.0,6.0,0.0,2562.843,4049.656,65.206,38.292,38.043,9.863,0.0,0.0
663,5.0,9.0,0.0,1.0,2.0,0.0,3171.019,3825.022,67.616,36.999,36.705,9.75,0.0,0.0
664,5.0,9.0,0.0,2.0,3.0,0.0,2960.398,3836.592,-42.298,37.418,37.27,9.725,0.0,0.0
665,5.0,9.0,0.0,3.0,4.0,0.0,3124.931,3839.354,121.75,37.124,36.96,9.723,0.0,0.0
666,5.0,9.0,0.0,4.0,5.0,0.0,3422.645,3883.315,111.236,37.653,37.403,9.85,0.0,0.0
667,5.0,9.0,0.0,5.0,8.0,0.0,3423.907,4039.923,95.677,38.029,37.687,9.859,0.0,0.0
668,6.0,9.0,0.0,0.0,0.0,0.0,3478.398,3718.831,75.987,36.781,36.574,9.704,0.0,0.0
669,6.0,9.0,0.0,1.0,1.0,0.0,3701.082,3786.915,58.881,36.918,36.639,9.731,0.0,0.0
670,6.0,9.0,0.0,2.0,2.0,0.0,3748.912,3790.347,26.526,37.001,36.75,9.757,0.0,0.0
671,6.0,9.0,0.0,3.0,3.0,0.0,3580.537,3881.331,-7.997,37.479,36.117,9.657,0.0,0.0
672,6.0,9.0,0.0,4.0,3.0,0.0,3575.845,3846.693,-14.358,37.572,36.017,9.736,0.0,0.0
673,6.0,9.0,0.0,5.0,4.0,0.0,3639.278,3958.143,57.88,37.551,37.204,9.81,0.0,0.0
674,6.0,9.0,0.0,6.0,5.0,0.0,3643.251,4027.09,82.931,37.33,37.184,9.779,0.0,0.0
675,7.0,9.0,0.0,0.0,1.0,0.0,4339.119,3766.219,99.126,36.615,36.154,9.627,0.0,0.0
676,7.0,9.0,0.0,1.0,2.0,0.0,4126.83,3865.773,43.291,37.149,36.881,9.715,0.0,0.0
677,7.0,9.0,0.0,2.0,3.0,0.0,4616.743,3905.93,90.781,39.319,33.538,9.463,0.0,0.0
678,7.0,9.0,0.0,3.0,4.0,0.0,4444.984,4024.657,52.745,37.746,37.466,9.95,0.0,0.0
679,7.0,9.0,0.0,4.0,4.0,0.0,4407.885,4016.162,103.637,37.485,37.275,9.972,0.0,0.0
680,7.0,9.0,0.0,5.0,6.0,0.0,4300.099,4035.879,-40.999,37.601,37.29,9.828,0.0,0.0
681,7.0,9.0,0.0,6.0,7.0,0.0,4148.648,4060.827,76.508,37.75,37.595,9.811,0.0,0.0
682,8.0,9.0,0.0,0.0,0.0,0.0,4706.29,3699.387,81.142,36.303,35.797,9.616,0.0,0.0
683,8.0,9.0,0.0,1.0,2.0,0.0,5161.692,3722.087,128.067,36.956,36.609,9.732,0.0,0.0
684,8.0,9.0,0.0,2.0,3.0,0.0,5101.398,3749.528,86.099,36.856,36.513,9.706,0.0,0.0
685,8.0,9.0,0.0,3.0,4.0,0.0,4959.732,3888.896,93.603,36.656,36.291,9.65,0.0,0.0
686,8.0,9.0,0.0,4.0,6.0,0.0,4776.738,3914.079,53.684,37.554,37.398,9.837,0.0,0.0
687,8.0,9.0,0.0,5.0,7.0,0.0,4840.945,3955.546,105.453,37.281,37.146,9.846,0.0,0.0
688,8.0,9.0,0.0,6.0,8.0,0.0,4909.826,3966.873,26.717,37.303,37.185,9.776,0.0,0.0
689,8.0,9.0,0.0,7.0,9.0,0.0,4796.769,3978.049,77.915,37.034,36.595,9.663,0.0,0.0
690,8.0,9.0,0.0,8.0,10.0,0.0,4678.144,3987.174,6.824,37.614,37.597,9.793,0.0,0.0
691,9.0,9.0,0.0,0.0,1.0,0.0,5205.063,3705.518,5.124,37.495,37.263,9.734,0.0,0.0
692,9.0,9.0,0.0,1.0,2.0,0.0,5311.361,3717.071,84.37,37.186,36.969,9.732,0.0,0.0
693,9.0,9.0,0.0,2.0,3.0,0.0,5602.28,3734.946,93.525,37.31,36.977,9.749,0.0,0.0
695,9.0,9.0,0.0,4.0,5.0,0.0,5481.273,3935.656,88.048,37.425,37.103,9.781,0.0,0.0
696,0.0,10.0,0.0,0.0,2.0,0.0,494.712,4104.41,100.213,37.301,36.895,9.737,0.0,0.0
697,0.0,10.0,0.0,1.0,4.0,0.0,65.507,4150.755,76.321,36.787,35.486,9.561,0.0,0.0
698,0.0,10.0,0.0,2.0,6.0,0.0,231.475,4248.446,39.817,36.924,36.128,9.509,0.0,0.0
699,0.0,10.0,0.0,3.0,7.0,0.0,454.499,4316.31,2.651,37.26,36.892,9.97,0.0,0.0
700,1.0,10.0,0.0,0.0,6.0,0.0,612.89,4185.695,69.606,37.07,36.704,9.759,0.0,0.0
701,1.0,10.0,0.0,1.0,7.0,0.0,685.771,4280.987,54.056,37.021,36.443,9.719,0.0,0.0
702,1.0,10.0,0.0,2.0,8.0,0.0,1062.77,4308.922,79.874,37.672,37.35,9.769,0.0,0.0
703,1.0,10.0,0.0,3.0,9.0,0.0,760.784,4321.094,29.351,37.228,36.58,9.534,0.0,0.0
704,1.0,10.0,0.0,4.0,10.0,0.0,1071.083,4356.377,96.488,37.475,37.278,9.81,0.0,0.0
706,1.0,10.0,0.0,6.0,12.0,0.0,852.28,4494.904,-5.414,37.768,36.052,9.611,0.0,0.0
707,2.0,10.0,0.0,0.0,2.0,0.0,1178.714,4122.014,43.732,37.096,36.947,9.717,0.0,0.0
708,2.0,10.0,0.0,1.0,3.0,0.0,1574.632,4137.636,86.342,37.5,37.176,9.8,0.0,0.0
709,2.0,10.0,0.0,2.0,4.0,0.0,1709.411,4142.019,9.79,37.638,37.505,9.862,0.0,0.0
710,2.0,10.0,0.0,3.0,6.0,0.0,1597.995,4265.511,51.282,37.228,37.089,9.753,0.0,0.0
711,2.0,10.0,0.0,4.0,7.0,0.0,1353.828,4284.087,39.166,37.176,36.983,9.656,0.0,0.0
712,2.0,10.0,0.0,5.0,10.0,0.0,1269.9,4418.744,48.036,37.912,37.609,9.833,0.0,0.0
713,2.0,10.0,0.0,6.0,12.0,0.0,1728.485,4463.325,-29.08,38.371,38.019,9.947,0.0,0.0
714,3.0,10.0,0.0,0.0,1.0,0.0,1749.238,4161.604,67.234,37.371,37.03,9.764,0.0,0.0
715,3.0,10.0,0.0,1.0,2.0,0.0,1854.73,4171.532,73.723,37.193,36.889,9.722,0.0,0.0
716,3.0,10.0,0.0,2.0,3.0,0.0,2023.264,4234.385,94.793,36.889,36.524,9.712,0.0,0.0
717,3.0,10.0,0.0,3.0,4.0,0.0,1894.724,4247.81,91.39,37.039,36.671,9.751,0.0,0.0
718,3.0,10.0,0.0,4.0,5.0,0.0,1755.577,4317.632,-0.131,37.942,34.672,9.212,0.0,0.0
719,3.0,10.0,0.0,5.0,6.0,0.0,2030.887,4336.586,84.694,37.746,37.15,9.828,0.0,0.0
720,3.0,10.0,0.0,6.0,7.0,0.0,1833.934,4354.946,85.855,37.199,36.91,9.726,0.0,0.0
721,3.0,10.0,0.0,7.0,8.0,0.0,2297.531,4421.478,0.795,38.068,37.957,9.899,0.0,0.0
722,3.0,10.0,0.0,8.0,9.0,0.0,2170.194,4454.658,-37.541,37.993,37.669,9.852,0.0,0.0
723,3.0,10.0,0.0,9.0,11.0,0.0,2074.976,4468.216,60.73,38.146,37.921,9.828,0.0,0.0
724,3.0,10.0,0.0,10.0,12.0,0.0,2279.383,4483.387,-23.976,38.097,37.858,9.814,0.0,0.0
725,3.0,10.0,0.0,11.0,13.0,0.0,2024.003,4487.923,-5.384,38.414,38.383,9.922,0.0,0.0
726,4.0,10.0,0.0,0.0,0.0,0.0,2676.929,4137.142,81.924,37.028,36.511,9.728,0.0,0.0
727,4.0,10.0,0.0,1.0,1.0,0.0,2842.302,4202.763,100.696,37.271,37.163,9.769,0.0,0.0
728,4.0,10.0,0.0,2.0,2.0,0.0,2776.571,4353.673,105.245,37.205,37.055,9.746,0.0,0.0
729,4.0,10.0,0.0,3.0,3.0,0.0,2498.541,4389.369,23.491,37.414,37.055,9.773,0.0,0.0
730,4.0,10.0,0.0,4.0,5.0,0.0,2548.317,4424.319,36.257,37.815,37.317,9.783,0.0,0.0
731,5.0,10.0,0.0,0.0,0.0,0.0,3365.405,4111.892,101.802,37.163,36.706,9.771,0.0,0.0
732,5.0,10.0,0.0,1.0,1.0,0.0,3088.067,4187.292,82.865,37.749,37.214,9.761,0.0,0.0
733,5.0,10.0,0.0,2.0,2.0,0.0,3376.09,4221.531,-28.771,37.432,37.091,9.78,0.0,0.0
734,5.0,10.0,0.0,3.0,3.0,0.0,3348.998,4258.519,89.723,37.309,37.131,9.769,0.0,0.0
735,5.0,10.0,0.0,4.0,4.0,0.0,3116.711,4268.403,65.432,37.617,37.199,9.818,0.0,0.0
736,5.0,10.0,0.0,5.0,6.0,0.0,3031.35,4351.554,95.39,37.779,37.618,9.817,0.0,0.0
737,5.0,10.0,0.0,6.0,7.0,0.0,3307.231,4381.193,92.882,38.03,37.783,9.872,0.0,0.0
738,5.0,10.0,0.0,7.0,8.0,0.0,3123.702,4387.829,71.064,37.487,37.331,9.819,0.0,0.0
739,5.0,10.0,0.0,8.0,10.0,0.0,3321.145,4446.014,89.113,38.119,37.753,9.879,0.0,0.0
740,5.0,10.0,0.0,9.0,11.0,0.0,3399.653,4498.115,-5.072,40.435,31.777,9.316,0.0,0.0
741,6.0,10.0,0.0,0.0,1.0,0.0,4001.998,4342.458,82.892,37.511,37.391,9.83,0.0,0.0
742,6.0,10.0,0.0,1.0,2.0,0.0,3714.294,4362.105,93.264,37.053,36.859,9.778,0.0,0.0
743,6.0,10.0,0.0,2.0,3.0,0.0,3494.214,4381.67,52.707,37.294,37.104,9.764,0.0,0.0
744,6.0,10.0,0.0,3.0,4.0,0.0,3707.593,4497.961,-3.092,39.33,31.511,9.278,0.0,0.0
745,7.0,10.0,0.0,0.0,0.0,0.0,4419.785,4156.159,78.65,37.158,36.83,9.71,0.0,0.0
746,7.0,10.0,0.0,1.0,1.0,0.0,4250.023,4178.814,64.366,37.169,36.943,9.726,0.0,0.0
747,7.0,10.0,0.0,2.0,2.0,0.0,4345.478,4204.134,64.992,37.397,37.12,9.779,0.0,0.0
748,7.0,10.0,0.0,3.0,3.0,0.0,4298.43,4321.743,73.283,37.388,36.923,9.752,0.0,0.0
749,7.0,10.0,0.0,4.0,4.0,0.0,4616.289,4349.931,92.214,38.986,34.239,9.517,0.0,0.0
750,7.0,10.0,0.0,5.0,5.0,0.0,4535.877,4433.489,114.978,37.587,37.373,9.837,0.0,0.0
751,8.0,10.0,0.0,0.0,0.0,0.0,4949.382,4113.379,16.542,37.404,37.139,9.783,0.0,0.0
752,8.0,10.0,0.0,1.0,1.0,0.0,4739.914,4241.272,61.784,37.487,36.986,9.774,0.0,0.0
753,8.0,10.0,0.0,2.0,2.0,0.0,5150.18,4273.208,81.214,37.932,37.756,9.855,0.0,0.0
754,8.0,10.0,0.0,3.0,4.0,0.0,5192.299,4467.292,93.9,39.501,34.604,9.558,0.0,0.0
755,9.0,10.0,0.0,0.0,1.0,0.0,5644.805,4169.056,85.409,36.684,36.269,9.651,0.0,0.0
756,9.0,10.0,0.0,1.0,2.0,0.0,5432.677,4369.403,3.765,37.157,37.001,9.811,0.0,0.0
758,9.0,10.0,0.0,3.0,4.0,0.0,5370.925,4403.655,106.979,37.157,37.073,9.742,0.0,0.0
759,9.0,10.0,0.0,4.0,5.0,0.0,5573.851,4405.466,112.233,37.77,37.611,9.815,0.0,0.0
760,9.0,10.0,0.0,5.0,6.0,0.0,5522.707,4441.005,49.263,37.724,37.5,9.795,0.0,0.0
762,0.0,11.0,0.0,0.0,0.0,0.0,143.779,4565.996,75.954,36.756,36.231,9.655,0.0,0.0
763,0.0,11.0,0.0,1.0,2.0,0.0,117.035,4645.092,70.019,37.139,36.667,9.763,0.0,0.0
764,0.0,11.0,0.0,2.0,4.0,0.0,289.411,4786.05,75.028,37.599,37.524,9.782,0.0,0.0
765,0.0,11.0,0.0,3.0,5.0,0.0,570.701,4795.049,112.646,38.386,38.147,9.888,0.0,0.0
766,0.0,11.0,0.0,4.0,6.0,0.0,512.031,4826.679,-7.297,38.183,37.852,9.901,0.0,0.0
767,0.0,11.0,0.0,5.0,7.0,0.0,373.143,4848.463,92.961,38.264,38.159,9.874,0.0,0.0
768,1.0,11.0,0.0,0.0,1.0,0.0,753.157,4553.113,108.575,36.709,36.612,9.7,0.0,0.0
770,1.0,11.0,0.0,2.0,5.0,0.0,947.698,4792.994,-27.827,37.793,37.589,9.892,0.0,0.0
771,1.0,11.0,0.0,3.0,5.0,0.0,978.655,4769.114,-44.345,38.387,37.933,9.861,0.0,0.0
772,2.0,11.0,0.0,0.0,2.0,0.0,1598.616,4703.312,85.523,37.901,37.772,9.853,0.0,0.0
773,2.0,11.0,0.0,1.0,3.0,0.0,1436.867,4807.15,-41.695,37.768,37.501,9.801,0.0,0.0
774,2.0,11.0,0.0,2.0,4.0,0.0,1621.998,4846.013,62.077,37.874,37.607,9.828,0.0,0.0
775,2.0,11.0,0.0,3.0,5.0,0.0,1287.799,4891.332,55.816,38.331,38.2,9.888,0.0,0.0
776,3.0,11.0,0.0,0.0,2.0,0.0,2111.101,4550.76,98.32,36.95,36.516,9.718,0.0,0.0
777,3.0,11.0,0.0,1.0,3.0,0.0,2039.395,4626.97,82.132,36.276,35.873,9.622,0.0,0.0
778,3.0,11.0,0.0,2.0,4.0,0.0,2162.896,4708.742,130.047,37.869,37.627,9.83,0.0,0.0
779,3.0,11.0,0.0,3.0,5.0,0.0,2107.265,4788.59,-37.861,38.153,37.903,9.903,0.0,0.0
780,3.0,11.0,0.0,4.0,6.0,0.0,1861.897,4791.787,79.7,37.871,37.622,9.83,0.0,0.0
781,3.0,11.0,0.0,5.0,7.0,0.0,2146.696,4810.386,100.078,37.305,37.182,9.775,0.0,0.0
782,3.0,11.0,0.0,6.0,8.0,0.0,1947.951,4903.542,-3.954,38.334,35.304,9.583,0.0,0.0
783,4.0,11.0,0.0,0.0,0.0,0.0,2655.646,4518.152,71.631,36.552,36.248,9.709,0.0,0.0
784,4.0,11.0,0.0,1.0,1.0,0.0,2782.608,4670.224,87.591,37.964,37.558,9.834,0.0,0.0
785,4.0,11.0,0.0,2.0,2.0,0.0,2396.072,4744.43,63.148,37.279,36.965,9.743,0.0,0.0
786,4.0,11.0,0.0,3.0,3.0,0.0,2467.652,4754.146,86.662,37.33,37.068,9.764,0.0,0.0
787,4.0,11.0,0.0,4.0,4.0,0.0,2448.65,4814.356,85.109,37.506,37.2,9.804,0.0,0.0
788,4.0,11.0,0.0,5.0,5.0,0.0,2864.071,4820.8,126.219,37.938,37.699,9.848,0.0,0.0
789,5.0,11.0,0.0,0.0,1.0,0.0,3445.793,4512.663,85.229,37.063,36.791,9.77,0.0,0.0
790,5.0,11.0,0.0,1.0,2.0,0.0,3299.227,4533.541,61.753,36.431,35.925,9.65,0.0,0.0
791,5.0,11.0,0.0,2.0,3.0,0.0,3335.756,4583.971,72.331,37.342,37.071,9.766,0.0,0.0
792,5.0,11.0,0.0,3.0,4.0,0.0,3392.747,4597.572,89.496,37.202,36.987,9.736,0.0,0.0
793,5.0,11.0,0.0,4.0,5.0,0.0,3332.205,4629.897,89.004,37.467,37.111,9.787,0.0,0.0
794,5.0,11.0,0.0,5.0,6.0,0.0,3021.527,4684.44,64.528,37.3,37.105,9.764,0.0,0.0
795,5.0,11.0,0.0,6.0,7.0,0.0,3422.289,4701.206,71.724,37.583,37.159,9.808,0.0,0.0
796,5.0,11.0,0.0,7.0,8.0,0.0,3097.433,4752.526,58.682,37.698,37.376,9.852,0.0,0.0
797,5.0,11.0,0.0,8.0,9.0,0.0,3384.945,4774.617,109.07,37.517,37.209,9.807,0.0,0.0
798,5.0,11.0,0.0,9.0,10.0,0.0,3464.435,4775.415,92.341,39.231,34.148,9.467,0.0,0.0
799,5.0,11.0,0.0,10.0,11.0,0.0,2925.601,4805.756,6.043,37.747,37.432,9.789,0.0,0.0
800,5.0,11.0,0.0,11.0,12.0,0.0,2948.088,4856.858,60.36,37.605,37.268,9.749,0.0,0.0
801,6.0,11.0,0.0,0.0,2.0,0.0,3967.959,4529.703,83.017,36.993,36.822,9.687,0.0,0.0
802,6.0,11.0,0.0,1.0,3.0,0.0,3726.606,4635.843,74.98,37.357,37.176,9.781,0.0,0.0
803,6.0,11.0,0.0,2.0,4.0,0.0,3946.728,4651.685,95.458,37.361,37.248,9.791,0.0,0.0
804,6.0,11.0,0.0,3.0,5.0,0.0,3666.374,4753.144,-31.873,37.311,37.244,9.784,0.0,0.0
805,7.0,11.0,0.0,0.0,0.0,0.0,4360.568,4659.035,73.672,37.005,36.232,9.689,0.0,0.0
806,7.0,11.0,0.0,1.0,2.0,0.0,4592.742,4720.202,26.237,37.803,37.592,9.817,0.0,0.0
807,7.0,11.0,0.0,2.0,3.0,0.0,4488.273,4778.79,93.221,37.007,36.752,9.758,0.0,0.0
808,7.0,11.0,0.0,3.0,4.0,0.0,4549.791,4828.863,118.615,37.958,37.769,9.86,0.0,0.0
809,7.0,11.0,0.0,4.0,5.0,0.0,4515.57,4903.024,-9.938,37.95,35.977,9.624,0.0,0.0
810,8.0,11.0,0.0,0.0,0.0,0.0,5196.792,4543.934,90.754,41.712,25.137,8.801,0.0,0.0
811,8.0,11.0,0.0,1.0,1.0,0.0,4986.275,4575.575,61.969,36.611,36.389,9.657,0.0,0.0
812,8.0,11.0,0.0,2.0,2.0,0.0,5177.959,4661.403,98.814,37.695,37.651,9.811,0.0,0.0
813,8.0,11.0,0.0,3.0,3.0,0.0,4796.229,4680.774,61.129,37.123,36.946,9.798,0.0,0.0
814,8.0,11.0,0.0,4.0,5.0,0.0,5040.279,4735.477,69.542,37.152,36.943,9.724,0.0,0.0
815,8.0,11.0,0.0,5.0,6.0,0.0,4882.642,4846.184,69.4,37.363,37.209,9.787,0.0,0.0
816,8.0,11.0,0.0,6.0,7.0,0.0,4785.459,4854.003,-30.146,37.899,37.82,9.859,0.0,0.0
817,8.0,11.0,0.0,7.0,8.0,0.0,4803.257,4907.592,-2.309,41.076,28.137,8.996,0.0,0.0
818,9.0,11.0,0.0,0.0,0.0,0.0,5350.758,4514.146,86.171,37.921,37.416,9.81,0.0,0.0
819,9.0,11.0,0.0,1.0,2.0,0.0,5325.729,4562.89,133.084,36.968,36.906,9.773,0.0,0.0
820,9.0,11.0,0.0,2.0,3.0,0.0,5540.278,4625.458,69.303,37.389,36.73,9.574,0.0,0.0
821,9.0,11.0,0.0,3.0,4.0,0.0,5649.859,4646.898,76.966,37.703,37.366,9.775,0.0,0.0
822,9.0,11.0,0.0,4.0,6.0,0.0,5699.345,4867.945,-32.368,38.628,38.441,9.882,0.0,0.0
823,0.0,12.0,0.0,0.0,0.0,0.0,294.295,5003.062,56.989,37.003,36.681,9.67,0.0,0.0
824,0.0,12.0,0.0,1.0,1.0,0.0,394.292,5069.892,63.403,37.196,37.005,9.738,0.0,0.0
825,0.0,12.0,0.0,2.0,2.0,0.0,147.787,5129.821,-24.607,37.507,37.272,9.814,0.0,0.0
826,0.0,12.0,0.0,3.0,2.0,0.0,182.905,5114.052,10.006,37.088,36.861,9.862,0.0,0.0
827,0.0,12.0,0.0,4.0,4.0,0.0,115.974,5222.002,79.992,37.668,37.356,9.846,0.0,0.0
828,1.0,12.0,0.0,0.0,0.0,0.0,764.69,4958.794,73.958,36.35,36.287,9.609,0.0,0.0
829,1.0,12.0,0.0,1.0,1.0,0.0,833.47,5029.312,64.965,36.502,35.753,9.636,0.0,0.0
830,1.0,12.0,0.0,2.0,2.0,0.0,1164.495,5063.063,91.344,40.912,25.876,8.815,0.0,0.0
831,1.0,12.0,0.0,3.0,3.0,0.0,767.605,5224.987,64.614,37.844,37.491,9.809,0.0,0.0
832,1.0,12.0,0.0,4.0,4.0,0.0,1078.55,5312.852,-4.721,39.109,33.938,9.431,0.0,0.0
833,2.0,12.0,0.0,0.0,1.0,0.0,1713.298,4926.409,125.202,37.528,37.197,9.806,0.0,0.0
834,2.0,12.0,0.0,1.0,2.0,0.0,1261.311,4938.637,79.135,37.228,36.868,9.724,0.0,0.0
835,2.0,12.0,0.0,2.0,6.0,0.0,1211.389,5204.41,39.646,37.747,37.59,9.887,0.0,0.0
836,2.0,12.0,0.0,3.0,7.0,0.0,1641.548,5219.351,-33.194,38.035,37.757,9.869,0.0,0.0
837,2.0,12.0,0.0,4.0,8.0,0.0,1346.505,5225.098,-39.103,37.776,37.17,9.836,0.0,0.0
838,2.0,12.0,0.0,5.0,9.0,0.0,1677.247,5258.414,10.295,37.739,37.521,9.877,0.0,0.0
839,3.0,12.0,0.0,0.0,1.0,0.0,1841.663,4931.056,11.0,36.485,36.331,9.712,0.0,0.0
840,3.0,12.0,0.0,1.0,2.0,0.0,1923.314,4940.171,-10.297,36.592,36.322,9.646,0.0,0.0
841,3.0,12.0,0.0,2.0,3.0,0.0,1756.435,4989.597,64.308,37.457,37.082,9.782,0.0,0.0
842,3.0,12.0,0.0,3.0,4.0,0.0,1793.728,5008.429,108.194,37.143,36.702,9.691,0.0,0.0
843,3.0,12.0,0.0,4.0,5.0,0.0,1896.909,5183.472,73.703,37.296,37.144,9.848,0.0,0.0
844,3.0,12.0,0.0,5.0,6.0,0.0,2060.71,5206.088,28.801,37.304,37.054,9.758,0.0,0.0
845,3.0,12.0,0.0,6.0,7.0,0.0,1948.957,5215.511,54.086,37.641,37.338,9.84,0.0,0.0
846,3.0,12.0,0.0,7.0,8.0,0.0,1821.075,5315.374,-1.165,41.344,28.471,9.068,0.0,0.0
847,4.0,12.0,0.0,0.0,0.0,0.0,2855.211,4978.664,119.52,37.349,37.174,9.703,0.0,0.0
848,4.0,12.0,0.0,1.0,1.0,0.0,2472.503,4980.57,49.883,36.907,36.795,9.75,0.0,0.0
849,4.0,12.0,0.0,2.0,2.0,0.0,2378.562,5007.341,6.251,37.427,37.303,9.808,0.0,0.0
850,4.0,12.0,0.0,3.0,3.0,0.0,2543.232,5010.211,100.446,36.19,36.112,9.723,0.0,0.0
851,4.0,12.0,0.0,4.0,4.0,0.0,2813.675,5032.299,-40.663,37.773,37.253,9.769,0.0,0.0
852,4.0,12.0,0.0,5.0,5.0,0.0,2363.584,5069.272,82.579,37.388,36.826,9.739,0.0,0.0
853,4.0,12.0,0.0,6.0,6.0,0.0,2703.961,5075.581,118.904,37.185,36.904,9.723,0.0,0.0
854,4.0,12.0,0.0,7.0,7.0,0.0,2372.669,5166.207,70.996,37.66,36.953,9.638,0.0,0.0
856,4.0,12.0,0.0,9.0,11.0,0.0,2546.17,5312.95,-1.531,39.208,33.305,9.429,0.0,0.0
857,5.0,12.0,0.0,0.0,0.0,0.0,3286.375,4945.107,71.066,37.183,36.617,9.763,0.0,0.0
858,5.0,12.0,0.0,1.0,1.0,0.0,3237.98,5109.57,83.914,37.091,36.667,9.757,0.0,0.0
859,5.0,12.0,0.0,2.0,2.0,0.0,3433.954,5138.22,-33.054,38.004,37.669,9.853,0.0,0.0
860,5.0,12.0,0.0,3.0,4.0,0.0,2962.345,5196.118,68.2,37.768,37.515,9.802,0.0,0.0
861,5.0,12.0,0.0,4.0,5.0,0.0,3455.166,5253.863,-33.866,38.361,37.903,9.853,0.0,0.0
862,6.0,12.0,0.0,0.0,0.0,0.0,3943.616,4917.002,103.186,36.987,36.705,9.749,0.0,0.0
863,6.0,12.0,0.0,1.0,1.0,0.0,3833.788,4951.488,98.966,36.437,36.126,9.599,0.0,0.0
864,6.0,12.0,0.0,2.0,2.0,0.0,3568.801,4961.101,60.062,37.05,36.515,9.732,0.0,0.0
865,6.0,12.0,0.0,3.0,3.0,0.0,3983.742,4964.218,94.751,37.745,37.057,9.74,0.0,0.0
866,6.0,12.0,0.0,4.0,4.0,0.0,3821.777,5021.279,80.231,37.285,36.714,9.712,0.0,0.0
867,6.0,12.0,0.0,5.0,5.0,0.0,3606.858,5023.57,101.233,37.31,37.054,9.759,0.0,0.0
868,6.0,12.0,0.0,6.0,6.0,0.0,3730.156,5142.875,93.042,37.284,36.776,9.797,0.0,0.0
869,7.0,12.0,0.0,0.0,1.0,0.0,4230.077,4979.16,67.182,37.047,36.882,9.78,0.0,0.0
870,7.0,12.0,0.0,1.0,2.0,0.0,4266.017,5174.115,46.34,37.539,37.359,9.829,0.0,0.0
871,7.0,12.0,0.0,2.0,4.0,0.0,4367.519,5293.272,-1.537,38.168,37.722,9.882,0.0,0.0
872,7.0,12.0,0.0,3.0,5.0,0.0,4597.239,5298.712,24.92,38.317,38.173,9.883,0.0,0.0
874,8.0,12.0,0.0,1.0,3.0,0.0,5160.709,5089.14,101.299,37.758,37.409,9.787,0.0,0.0
875,8.0,12.0,0.0,2.0,5.0,0.0,4896.99,5151.073,83.941,37.42,37.084,9.777,0.0,0.0
876,8.0,12.0,0.0,3.0,6.0,0.0,4746.481,5221.416,-35.643,37.784,37.56,9.81,0.0,0.0
877,8.0,12.0,0.0,4.0,7.0,0.0,4694.476,5230.369,75.701,38.003,37.884,9.881,0.0,0.0
878,8.0,12.0,0.0,5.0,8.0,0.0,4797.088,5268.535,49.71,37.734,37.496,9.795,0.0,0.0
879,8.0,12.0,0.0,6.0,10.0,0.0,4743.428,5290.078,19.231,38.206,37.889,9.908,0.0,0.0
880,9.0,12.0,0.0,0.0,0.0,0.0,5471.238,4939.84,79.921,37.14,36.76,9.776,0.0,0.0
881,9.0,12.0,0.0,1.0,1.0,0.0,5205.931,5032.609,72.777,37.271,36.84,9.726,0.0,0.0
882,9.0,12.0,0.0,2.0,3.0,0.0,5493.91,5071.899,102.187,37.2,36.948,9.809,0.0,0.0
883,9.0,12.0,0.0,3.0,5.0,0.0,5747.216,5103.464,115.179,37.811,37.707,9.833,0.0,0.0
884,9.0,12.0,0.0,4.0,6.0,0.0,5220.258,5106.742,84.264,37.364,36.985,9.757,0.0,0.0
886,9.0,12.0,0.0,6.0,8.0,0.0,5619.735,5211.61,90.866,38.187,37.845,9.9,0.0,0.0
887,9.0,12.0,0.0,7.0,9.0,0.0,5362.237,5288.913,2.143,37.802,37.584,9.816,0.0,0.0
584,1.0,8.0,0.0,2.0,3.0,0.0,1040.179,3497.341,89.318,37.467,37.197,9.799,0.0,0.0
888,4.0,1.0,0.0,0.0,0.0,0.0,2456.851,571.636,77.517,39.072,37.576,32.6,4.0,
301,5.0,4.0,0.0,6.0,7.0,0.0,3431.788,1818.481,116.499,38.048,37.722,9.866,0.0,0.0
304,5.0,4.0,0.0,9.0,10.0,0.0,3208.218,1840.721,101.61,37.285,36.993,9.748,0.0,0.0
889,8.0,12.0,0.0,0.0,0.0,0.0,4703.936,4975.115,25.941,39.156,38.361,32.916,4.0,
890,8.0,12.0,0.0,0.0,0.0,0.0,4725.772,4988.942,79.431,38.989,38.483,32.961,4.0,
</ResultDatas>,,,,,,,,,,,,,,
<ElementResult>,,,,,,,,,,,,,,
0,0.0,,,,,,,,,,,,,
1,0.0,,,,,,,,,,,,,
2,0.0,,,,,,,,,,,,,
3,0.0,,,,,,,,,,,,,
4,0.0,,,,,,,,,,,,,
5,829.0,,,,,,,,,,,,,
</ElementResult>,,,,,,,,,,,,,,
0,0.0,0.0,0.0,0.0,1.0,0.0,87.459,20.817,-3.845,36.646,36.472,9.752,0.0,0.0
1,0.0,0.0,0.0,1.0,2.0,0.0,269.891,22.018,75.008,37.45,37.143,9.789,0.0,0.0
2,0.0,0.0,0.0,2.0,3.0,0.0,393.1,59.653,101.902,37.78,36.988,9.736,0.0,0.0
3,0.0,0.0,0.0,3.0,4.0,0.0,141.915,82.187,71.932,36.81,36.408,9.686,0.0,0.0
4,0.0,0.0,0.0,4.0,5.0,0.0,467.639,126.536,93.694,38.442,37.945,9.946,0.0,0.0
5,0.0,0.0,0.0,5.0,6.0,0.0,217.676,149.446,60.973,36.812,36.637,9.717,0.0,0.0
6,0.0,0.0,0.0,6.0,7.0,0.0,167.048,269.086,68.196,37.508,37.067,9.787,0.0,0.0
7,0.0,0.0,0.0,7.0,8.0,0.0,212.282,305.865,111.216,38.219,37.749,9.891,0.0,0.0
8,0.0,0.0,0.0,8.0,9.0,0.0,555.406,321.562,59.333,38.418,38.235,9.981,0.0,0.0
10,1.0,0.0,0.0,0.0,2.0,0.0,994.512,80.043,6.519,36.717,36.702,9.713,0.0,0.0
11,1.0,0.0,0.0,1.0,3.0,0.0,648.577,83.769,54.682,36.621,36.358,9.654,0.0,0.0
12,1.0,0.0,0.0,2.0,4.0,0.0,1061.555,92.965,125.053,37.607,35.854,9.643,0.0,0.0
13,1.0,0.0,0.0,3.0,5.0,0.0,707.019,116.97,65.564,37.37,36.936,9.752,0.0,0.0
14,1.0,0.0,0.0,4.0,6.0,0.0,921.781,132.254,98.954,37.152,36.802,9.706,0.0,0.0
15,1.0,0.0,0.0,5.0,7.0,0.0,633.639,202.355,53.089,37.942,37.663,9.844,0.0,0.0
16,1.0,0.0,0.0,6.0,8.0,0.0,973.38,250.339,103.292,37.672,37.291,9.838,0.0,0.0
17,1.0,0.0,0.0,7.0,9.0,0.0,880.96,274.186,35.05,37.925,37.832,9.864,0.0,0.0
18,1.0,0.0,0.0,8.0,10.0,0.0,759.965,289.085,79.503,37.529,37.223,9.81,0.0,0.0
19,1.0,0.0,0.0,9.0,11.0,0.0,966.134,333.856,45.253,37.987,37.831,9.872,0.0,0.0
20,1.0,0.0,0.0,10.0,12.0,0.0,727.55,347.687,45.539,37.525,37.312,9.821,0.0,0.0
21,2.0,0.0,0.0,0.0,1.0,0.0,1262.704,31.162,14.377,36.941,36.878,9.688,0.0,0.0
22,2.0,0.0,0.0,1.0,2.0,0.0,1592.63,61.049,110.412,37.23,36.936,9.733,0.0,0.0
23,2.0,0.0,0.0,2.0,3.0,0.0,1193.228,94.786,33.737,36.598,36.264,9.639,0.0,0.0
24,2.0,0.0,0.0,3.0,4.0,0.0,1430.907,134.234,88.457,37.025,36.844,9.772,0.0,0.0
25,2.0,0.0,0.0,4.0,5.0,0.0,1254.965,294.421,101.564,37.391,36.956,9.757,0.0,0.0
26,2.0,0.0,0.0,5.0,6.0,0.0,1640.573,395.448,25.429,38.355,38.216,9.893,0.0,0.0
27,2.0,0.0,0.0,6.0,7.0,0.0,1239.283,416.851,-1.23,39.555,33.517,9.417,0.0,0.0
28,3.0,0.0,0.0,0.0,1.0,0.0,1756.893,21.186,105.542,36.684,35.862,9.597,0.0,0.0
29,3.0,0.0,0.0,1.0,2.0,0.0,1891.861,27.057,80.983,36.798,36.485,9.694,0.0,0.0
30,3.0,0.0,0.0,2.0,3.0,0.0,2192.589,45.976,94.832,37.281,37.021,9.829,0.0,0.0
31,3.0,0.0,0.0,3.0,4.0,0.0,2139.101,67.576,82.433,37.732,36.67,9.249,0.0,0.0
32,3.0,0.0,0.0,4.0,5.0,0.0,2285.727,83.938,128.738,37.897,37.663,9.995,0.0,0.0
33,3.0,0.0,0.0,5.0,6.0,0.0,1768.696,201.962,91.279,37.186,36.505,9.913,0.0,0.0
34,3.0,0.0,0.0,6.0,7.0,0.0,2195.471,289.612,-28.001,37.549,37.244,9.816,0.0,0.0
35,3.0,0.0,0.0,7.0,8.0,0.0,2085.39,322.492,85.004,38.351,38.196,9.967,0.0,0.0
36,3.0,0.0,0.0,8.0,9.0,0.0,1906.624,333.257,-3.762,37.916,37.756,9.853,0.0,0.0
37,3.0,0.0,0.0,9.0,10.0,0.0,1849.619,380.524,45.77,38.05,37.885,9.887,0.0,0.0
38,3.0,0.0,0.0,10.0,12.0,0.0,1994.075,420.786,-2.431,41.16,25.527,8.773,0.0,0.0
39,4.0,0.0,0.0,0.0,1.0,0.0,2585.769,142.372,67.115,37.589,37.12,9.804,0.0,0.0
40,4.0,0.0,0.0,1.0,2.0,0.0,2770.427,149.399,-42.256,37.139,37.019,9.811,0.0,0.0
41,4.0,0.0,0.0,2.0,3.0,0.0,2639.289,223.397,73.403,37.032,36.599,9.74,0.0,0.0
42,4.0,0.0,0.0,3.0,4.0,0.0,2350.23,225.919,28.365,37.431,37.071,9.777,0.0,0.0
43,4.0,0.0,0.0,4.0,5.0,0.0,2401.01,243.858,55.741,37.649,36.976,9.793,0.0,0.0
44,4.0,0.0,0.0,5.0,6.0,0.0,2734.718,308.778,76.077,37.881,37.751,9.848,0.0,0.0
45,4.0,0.0,0.0,6.0,7.0,0.0,2460.341,357.22,15.474,38.12,38.059,9.919,0.0,0.0
46,4.0,0.0,0.0,7.0,8.0,0.0,2595.251,368.063,-32.109,37.478,37.368,9.823,0.0,0.0
49,5.0,0.0,0.0,0.0,0.0,0.0,3351.263,85.837,80.669,37.536,37.219,9.81,0.0,0.0
50,5.0,0.0,0.0,1.0,1.0,0.0,2943.337,96.738,50.748,37.251,36.99,9.743,0.0,0.0
51,5.0,0.0,0.0,2.0,2.0,0.0,3087.72,133.002,49.495,36.865,36.551,9.712,0.0,0.0
52,5.0,0.0,0.0,3.0,3.0,0.0,3316.617,170.749,73.201,38.096,37.564,9.851,0.0,0.0
53,5.0,0.0,0.0,4.0,6.0,0.0,3071.113,278.411,47.93,37.428,37.118,9.783,0.0,0.0
54,5.0,0.0,0.0,5.0,7.0,0.0,3337.649,312.926,86.387,38.489,38.163,9.903,0.0,0.0
55,6.0,0.0,0.0,0.0,0.0,0.0,3763.864,68.64,94.915,36.685,36.345,9.661,0.0,0.0
56,6.0,0.0,0.0,1.0,1.0,0.0,3511.834,137.503,81.608,37.47,36.955,9.767,0.0,0.0
57,6.0,0.0,0.0,2.0,2.0,0.0,4016.663,146.508,96.985,38.145,37.916,9.904,0.0,0.0
58,6.0,0.0,0.0,3.0,3.0,0.0,3555.623,185.07,46.067,36.658,36.344,9.657,0.0,0.0
59,6.0,0.0,0.0,4.0,4.0,0.0,3976.865,210.931,122.883,38.515,38.169,9.908,0.0,0.0
60,6.0,0.0,0.0,5.0,6.0,0.0,3495.073,259.495,86.409,37.757,37.259,9.768,0.0,0.0
61,6.0,0.0,0.0,6.0,7.0,0.0,3774.829,270.9,43.031,37.973,37.642,9.846,0.0,0.0
62,6.0,0.0,0.0,7.0,9.0,0.0,3960.415,421.25,-4.591,40.675,25.093,8.706,0.0,0.0
63,7.0,0.0,0.0,0.0,0.0,0.0,4072.913,152.487,82.111,36.601,36.111,9.619,0.0,0.0
64,7.0,0.0,0.0,1.0,2.0,0.0,4551.356,200.555,114.963,37.841,37.47,9.806,0.0,0.0
65,7.0,0.0,0.0,2.0,3.0,0.0,4119.809,249.819,73.672,37.912,37.572,9.829,0.0,0.0
66,7.0,0.0,0.0,3.0,4.0,0.0,4443.15,251.234,-10.419,37.321,37.237,9.785,0.0,0.0
67,7.0,0.0,0.0,4.0,5.0,0.0,4199.027,266.063,104.206,36.998,36.734,9.676,0.0,0.0
68,7.0,0.0,0.0,5.0,6.0,0.0,4384.45,341.723,101.244,38.113,37.925,9.901,0.0,0.0
69,7.0,0.0,0.0,6.0,7.0,0.0,4468.716,352.734,6.248,38.257,37.996,9.929,0.0,0.0
70,8.0,0.0,0.0,0.0,1.0,0.0,5045.506,21.11,82.969,37.126,36.79,9.778,0.0,0.0
72,8.0,0.0,0.0,2.0,4.0,0.0,4918.455,145.556,86.186,36.896,36.326,9.686,0.0,0.0
73,8.0,0.0,0.0,3.0,5.0,0.0,4681.843,216.389,68.29,37.587,37.32,9.83,0.0,0.0
74,8.0,0.0,0.0,4.0,6.0,0.0,4888.777,282.457,46.002,37.37,37.331,9.804,0.0,0.0
75,8.0,0.0,0.0,5.0,7.0,0.0,4997.979,295.195,62.415,37.156,36.83,9.787,0.0,0.0
76,8.0,0.0,0.0,6.0,8.0,0.0,5064.43,316.795,115.041,38.099,37.71,9.871,0.0,0.0
77,9.0,0.0,0.0,0.0,1.0,0.0,5519.126,32.269,78.899,37.399,37.028,9.767,0.0,0.0
78,9.0,0.0,0.0,1.0,2.0,0.0,5628.46,86.88,41.528,37.891,37.68,9.84,0.0,0.0
79,9.0,0.0,0.0,2.0,3.0,0.0,5464.71,119.583,76.003,37.128,36.561,9.748,0.0,0.0
80,9.0,0.0,0.0,3.0,4.0,0.0,5652.787,252.562,75.834,37.678,37.489,9.787,0.0,0.0
81,9.0,0.0,0.0,4.0,5.0,0.0,5394.961,326.562,68.426,37.35,37.193,9.783,0.0,0.0
82,9.0,0.0,0.0,5.0,6.0,0.0,5454.508,341.612,119.595,38.016,37.849,9.956,0.0,0.0
83,9.0,0.0,0.0,6.0,9.0,0.0,5639.769,414.234,-1.09,38.561,37.283,9.723,0.0,0.0
84,0.0,1.0,0.0,0.0,0.0,0.0,326.089,473.152,116.845,37.025,36.86,9.774,0.0,0.0
85,0.0,1.0,0.0,1.0,1.0,0.0,558.092,505.677,-36.889,37.826,37.484,9.806,0.0,0.0
86,0.0,1.0,0.0,2.0,2.0,0.0,199.549,590.801,5.833,36.993,36.81,9.686,0.0,0.0
87,0.0,1.0,0.0,3.0,3.0,0.0,269.395,602.459,80.162,37.241,37.138,9.761,0.0,0.0
88,0.0,1.0,0.0,4.0,5.0,0.0,258.669,688.773,77.745,37.633,37.399,9.847,0.0,0.0
89,0.0,1.0,0.0,5.0,6.0,0.0,505.514,736.3,81.365,37.914,37.738,9.85,0.0,0.0
90,0.0,1.0,0.0,6.0,7.0,0.0,64.902,769.303,47.18,37.963,37.695,9.851,0.0,0.0
91,0.0,1.0,0.0,7.0,8.0,0.0,337.25,816.037,-37.89,38.246,37.958,9.922,0.0,0.0
92,0.0,1.0,0.0,8.0,9.0,0.0,521.115,829.175,-4.482,41.387,25.3,8.754,0.0,0.0
93,1.0,1.0,0.0,0.0,0.0,0.0,777.722,533.066,80.759,36.379,36.367,9.702,0.0,0.0
94,1.0,1.0,0.0,1.0,1.0,0.0,608.796,618.176,45.666,37.086,36.706,9.762,0.0,0.0
95,1.0,1.0,0.0,2.0,2.0,0.0,800.875,666.301,2.028,37.09,36.823,9.7,0.0,0.0
96,1.0,1.0,0.0,3.0,4.0,0.0,948.532,792.173,-44.439,37.778,37.407,9.947,0.0,0.0
97,2.0,1.0,0.0,0.0,2.0,0.0,1303.195,511.925,88.169,36.805,36.502,9.62,0.0,0.0
98,2.0,1.0,0.0,1.0,3.0,0.0,1235.841,564.589,40.777,37.436,37.016,9.771,0.0,0.0
99,2.0,1.0,0.0,2.0,4.0,0.0,1356.914,587.241,93.305,36.903,36.572,9.72,0.0,0.0
100,2.0,1.0,0.0,3.0,5.0,0.0,1297.191,590.043,17.961,36.804,36.51,9.699,0.0,0.0
101,2.0,1.0,0.0,4.0,6.0,0.0,1737.973,617.072,92.955,40.282,31.493,9.285,0.0,0.0
102,2.0,1.0,0.0,5.0,7.0,0.0,1174.1,690.919,55.123,38.236,37.739,9.892,0.0,0.0
103,2.0,1.0,0.0,6.0,8.0,0.0,1222.32,690.981,61.843,37.299,37.08,9.761,0.0,0.0
104,3.0,1.0,0.0,0.0,2.0,0.0,2126.149,482.714,79.005,37.628,37.094,9.729,0.0,0.0
105,3.0,1.0,0.0,1.0,3.0,0.0,2312.235,536.04,92.351,38.655,34.276,9.478,0.0,0.0
106,3.0,1.0,0.0,2.0,4.0,0.0,2198.518,560.434,124.343,37.779,37.519,9.804,0.0,0.0
107,3.0,1.0,0.0,3.0,5.0,0.0,1930.622,575.592,75.207,37.296,36.947,9.743,0.0,0.0
108,3.0,1.0,0.0,4.0,6.0,0.0,2258.454,595.903,131.038,37.95,37.691,9.849,0.0,0.0
109,3.0,1.0,0.0,5.0,9.0,0.0,2064.898,664.259,82.047,37.389,36.563,9.631,0.0,0.0
110,3.0,1.0,0.0,6.0,10.0,0.0,2018.23,702.578,94.831,37.565,37.413,9.84,0.0,0.0
111,4.0,1.0,0.0,0.0,0.0,0.0,2769.967,447.373,63.742,40.106,34.72,9.233,0.0,0.0
112,4.0,1.0,0.0,1.0,2.0,0.0,2885.5,541.9,42.932,39.592,37.121,9.572,0.0,0.0
113,4.0,1.0,0.0,2.0,3.0,0.0,2796.606,633.092,86.151,38.136,37.801,9.887,0.0,0.0
115,4.0,1.0,0.0,4.0,6.0,0.0,2523.661,758.979,60.345,37.5,37.314,9.818,0.0,0.0
117,5.0,1.0,0.0,0.0,0.0,0.0,3415.548,465.132,92.389,37.4,36.889,9.749,0.0,0.0
118,5.0,1.0,0.0,1.0,2.0,0.0,2968.313,634.262,60.209,37.691,37.487,9.866,0.0,0.0
119,6.0,1.0,0.0,0.0,3.0,0.0,3625.798,529.363,70.497,37.487,37.285,9.813,0.0,0.0
120,6.0,1.0,0.0,1.0,4.0,0.0,3940.281,530.873,79.973,37.961,37.793,9.864,0.0,0.0
122,6.0,1.0,0.0,3.0,7.0,0.0,3691.356,589.431,82.792,37.336,37.31,9.796,0.0,0.0
123,6.0,1.0,0.0,4.0,8.0,0.0,3598.128,628.424,87.096,37.773,37.228,9.766,0.0,0.0
125,6.0,1.0,0.0,6.0,10.0,0.0,3892.227,778.946,6.943,37.54,37.428,9.839,0.0,0.0
127,6.0,1.0,0.0,8.0,12.0,0.0,3535.733,800.031,62.081,38.334,37.963,9.934,0.0,0.0
128,6.0,1.0,0.0,9.0,13.0,0.0,3752.843,802.508,75.683,37.596,37.374,9.762,0.0,0.0
129,6.0,1.0,0.0,10.0,14.0,0.0,4007.393,808.263,3.941,38.439,38.261,9.91,0.0,0.0
130,7.0,1.0,0.0,0.0,1.0,0.0,4426.247,505.238,63.072,37.269,36.998,9.747,0.0,0.0
131,7.0,1.0,0.0,1.0,2.0,0.0,4062.407,532.021,43.791,37.341,36.978,9.754,0.0,0.0
132,7.0,1.0,0.0,2.0,3.0,0.0,4173.56,537.926,-29.391,37.513,37.287,9.817,0.0,0.0
133,7.0,1.0,0.0,3.0,4.0,0.0,4117.103,558.218,127.024,37.132,36.931,9.72,0.0,0.0
134,7.0,1.0,0.0,4.0,5.0,0.0,4421.034,583.702,71.0,37.827,37.291,9.781,0.0,0.0
135,7.0,1.0,0.0,5.0,8.0,0.0,4484.01,755.223,132.105,37.73,37.595,9.808,0.0,0.0
136,7.0,1.0,0.0,6.0,9.0,0.0,4129.972,786.492,49.649,37.707,37.429,9.861,0.0,0.0
137,8.0,1.0,0.0,0.0,1.0,0.0,5127.362,483.353,113.027,37.612,37.415,9.846,0.0,0.0
138,8.0,1.0,0.0,1.0,3.0,0.0,4698.914,524.846,84.713,37.162,36.977,9.808,0.0,0.0
139,8.0,1.0,0.0,2.0,4.0,0.0,4933.534,563.032,35.47,37.285,37.139,9.767,0.0,0.0
140,8.0,1.0,0.0,3.0,5.0,0.0,4678.766,577.799,6.971,37.517,36.079,9.658,0.0,0.0
141,8.0,1.0,0.0,4.0,6.0,0.0,5018.692,581.725,64.394,37.91,37.657,9.839,0.0,0.0
142,8.0,1.0,0.0,5.0,7.0,0.0,5125.705,612.975,57.82,37.66,37.579,9.874,0.0,0.0
143,8.0,1.0,0.0,6.0,9.0,0.0,4959.075,684.167,128.42,37.522,37.169,9.802,0.0,0.0
145,8.0,1.0,0.0,8.0,11.0,0.0,4869.589,748.802,101.247,37.528,37.371,9.83,0.0,0.0
146,8.0,1.0,0.0,9.0,12.0,0.0,4889.891,827.629,-4.035,41.483,28.29,8.999,0.0,0.0
147,9.0,1.0,0.0,0.0,2.0,0.0,5210.409,459.551,67.423,37.357,37.206,9.786,0.0,0.0
148,9.0,1.0,0.0,1.0,4.0,0.0,5205.844,523.765,80.543,37.309,36.877,9.736,0.0,0.0
149,9.0,1.0,0.0,2.0,5.0,0.0,5479.47,524.454,79.994,37.348,36.867,9.74,0.0,0.0
150,9.0,1.0,0.0,3.0,6.0,0.0,5342.678,565.195,86.286,37.022,36.344,9.705,0.0,0.0
151,9.0,1.0,0.0,4.0,7.0,0.0,5717.18,577.201,93.215,38.191,37.764,9.89,0.0,0.0
152,9.0,1.0,0.0,5.0,8.0,0.0,5654.401,646.869,105.091,37.401,37.3,9.804,0.0,0.0
153,9.0,1.0,0.0,6.0,9.0,0.0,5427.284,674.181,60.737,37.076,36.925,9.79,0.0,0.0
154,9.0,1.0,0.0,7.0,10.0,0.0,5613.18,825.932,-5.088,39.292,31.934,9.255,0.0,0.0
155,0.0,2.0,0.0,0.0,3.0,0.0,402.548,909.543,64.692,37.125,35.523,9.455,0.0,0.0
156,0.0,2.0,0.0,1.0,4.0,0.0,569.582,915.344,-41.773,37.79,37.7,9.829,0.0,0.0
157,0.0,2.0,0.0,2.0,5.0,0.0,264.867,1053.418,103.659,37.264,37.095,9.918,0.0,0.0
159,1.0,2.0,0.0,1.0,1.0,0.0,707.586,866.564,42.958,36.602,36.48,9.668,0.0,0.0
160,1.0,2.0,0.0,2.0,2.0,0.0,1056.152,867.668,49.067,36.859,36.657,9.725,0.0,0.0
161,1.0,2.0,0.0,3.0,4.0,0.0,668.914,918.393,64.704,37.013,36.874,9.697,0.0,0.0
162,1.0,2.0,0.0,4.0,5.0,0.0,1063.298,1063.575,61.91,37.493,37.443,9.834,0.0,0.0
163,1.0,2.0,0.0,5.0,6.0,0.0,995.024,1194.52,98.229,38.289,37.681,9.892,0.0,0.0
164,1.0,2.0,0.0,6.0,8.0,0.0,671.805,1234.232,-1.574,39.859,30.73,9.224,0.0,0.0
165,2.0,2.0,0.0,0.0,0.0,0.0,1654.548,965.516,90.782,37.953,37.77,9.86,0.0,0.0
166,2.0,2.0,0.0,1.0,1.0,0.0,1532.89,966.501,91.87,37.654,37.383,9.771,0.0,0.0
167,2.0,2.0,0.0,2.0,2.0,0.0,1317.618,967.92,-27.263,36.789,36.4,9.682,0.0,0.0
168,2.0,2.0,0.0,3.0,3.0,0.0,1696.961,980.608,86.352,32.832,32.523,9.097,0.0,0.0
169,2.0,2.0,0.0,4.0,4.0,0.0,1269.127,987.75,76.235,37.175,36.443,9.585,0.0,0.0
170,2.0,2.0,0.0,5.0,5.0,0.0,1333.543,1000.828,107.81,37.469,37.064,9.781,0.0,0.0
171,2.0,2.0,0.0,6.0,6.0,0.0,1555.228,1114.15,104.806,37.838,37.681,9.833,0.0,0.0
172,2.0,2.0,0.0,7.0,7.0,0.0,1406.658,1198.355,13.196,37.973,37.774,9.863,0.0,0.0
173,2.0,2.0,0.0,8.0,9.0,0.0,1263.231,1237.024,-0.897,42.104,24.639,8.79,0.0,0.0
174,3.0,2.0,0.0,0.0,0.0,0.0,1781.417,909.188,88.258,36.673,36.5,9.68,0.0,0.0
175,3.0,2.0,0.0,1.0,1.0,0.0,2286.195,932.589,46.255,37.957,37.756,9.858,0.0,0.0
177,3.0,2.0,0.0,3.0,3.0,0.0,2230.12,1056.327,63.84,37.644,37.25,9.829,0.0,0.0
178,3.0,2.0,0.0,4.0,4.0,0.0,2263.947,1082.442,53.118,37.48,37.378,9.824,0.0,0.0
179,3.0,2.0,0.0,5.0,5.0,0.0,2177.297,1191.021,26.545,38.627,38.418,9.955,0.0,0.0
181,4.0,2.0,0.0,0.0,0.0,0.0,2512.025,955.374,37.63,37.127,36.744,9.773,0.0,0.0
182,4.0,2.0,0.0,1.0,1.0,0.0,2870.559,994.153,107.759,37.503,37.282,9.737,0.0,0.0
183,4.0,2.0,0.0,2.0,2.0,0.0,2613.089,1031.167,42.358,37.327,37.163,9.776,0.0,0.0
184,4.0,2.0,0.0,3.0,4.0,0.0,2496.133,1101.894,97.253,37.194,36.874,9.72,0.0,0.0
186,4.0,2.0,0.0,5.0,6.0,0.0,2420.222,1128.483,73.102,37.49,37.29,9.814,0.0,0.0
187,4.0,2.0,0.0,6.0,7.0,0.0,2386.535,1234.877,-0.591,40.418,29.493,9.113,0.0,0.0
188,5.0,2.0,0.0,0.0,0.0,0.0,3401.619,955.496,125.634,37.882,37.716,9.843,0.0,0.0
189,5.0,2.0,0.0,1.0,2.0,0.0,2957.82,987.814,55.484,37.086,36.751,9.768,0.0,0.0
190,5.0,2.0,0.0,2.0,4.0,0.0,3050.348,999.243,94.473,37.016,36.542,9.73,0.0,0.0
191,5.0,2.0,0.0,3.0,6.0,0.0,3045.066,1236.432,-1.312,41.96,26.127,8.785,0.0,0.0
193,6.0,2.0,0.0,1.0,5.0,0.0,3943.314,1070.44,124.384,37.879,37.698,9.841,0.0,0.0
194,6.0,2.0,0.0,2.0,6.0,0.0,3561.272,1142.393,80.42,38.024,37.636,9.852,0.0,0.0
195,6.0,2.0,0.0,3.0,7.0,0.0,3866.921,1218.265,64.004,37.538,37.457,9.842,0.0,0.0
196,7.0,2.0,0.0,0.0,2.0,0.0,4504.017,929.95,73.352,37.036,36.607,9.742,0.0,0.0
197,7.0,2.0,0.0,1.0,3.0,0.0,4557.856,965.241,70.274,37.405,37.091,9.776,0.0,0.0
198,7.0,2.0,0.0,2.0,4.0,0.0,4371.563,998.146,92.688,37.575,37.085,9.798,0.0,0.0
199,7.0,2.0,0.0,3.0,5.0,0.0,4088.725,1018.413,43.139,37.432,37.024,9.771,0.0,0.0
200,7.0,2.0,0.0,4.0,6.0,0.0,4563.882,1106.873,71.682,37.921,37.598,9.833,0.0,0.0
201,7.0,2.0,0.0,5.0,7.0,0.0,4171.568,1146.968,61.095,37.851,37.581,9.822,0.0,0.0
202,7.0,2.0,0.0,6.0,8.0,0.0,4350.911,1158.908,50.42,37.802,37.634,9.822,0.0,0.0
203,8.0,2.0,0.0,0.0,2.0,0.0,4764.091,997.271,71.392,37.248,36.96,9.739,0.0,0.0
204,8.0,2.0,0.0,1.0,3.0,0.0,4735.941,1193.572,48.819,37.881,37.654,9.835,0.0,0.0
205,8.0,2.0,0.0,2.0,4.0,0.0,4982.117,1232.803,-4.918,39.224,33.784,9.5,0.0,0.0
207,9.0,2.0,0.0,1.0,3.0,0.0,5221.542,954.698,56.058,37.493,37.343,9.744,0.0,0.0
208,9.0,2.0,0.0,2.0,4.0,0.0,5316.714,1004.57,81.809,37.504,37.259,9.735,0.0,0.0
209,0.0,3.0,0.0,0.0,1.0,0.0,187.708,1249.264,52.589,36.566,36.396,9.652,0.0,0.0
210,0.0,3.0,0.0,1.0,2.0,0.0,375.041,1267.758,86.605,37.458,37.11,9.786,0.0,0.0
211,0.0,3.0,0.0,2.0,3.0,0.0,455.457,1314.089,101.671,37.827,37.375,9.792,0.0,0.0
212,0.0,3.0,0.0,3.0,4.0,0.0,512.272,1325.067,65.836,38.207,37.773,9.743,0.0,0.0
213,0.0,3.0,0.0,4.0,5.0,0.0,189.845,1470.091,76.025,37.514,37.14,9.797,0.0,0.0
214,0.0,3.0,0.0,5.0,7.0,0.0,167.133,1536.476,46.86,37.843,37.325,9.788,0.0,0.0
215,0.0,3.0,0.0,6.0,7.0,0.0,140.81,1508.331,45.928,37.283,36.774,9.797,0.0,0.0
216,0.0,3.0,0.0,7.0,8.0,0.0,431.122,1514.536,64.789,38.177,37.906,9.83,0.0,0.0
217,0.0,3.0,0.0,8.0,9.0,0.0,218.038,1517.892,56.573,37.401,37.207,9.791,0.0,0.0
218,0.0,3.0,0.0,9.0,10.0,0.0,267.142,1540.826,38.114,37.147,36.678,9.688,0.0,0.0
219,0.0,3.0,0.0,10.0,11.0,0.0,389.327,1621.68,110.275,37.98,37.865,9.876,0.0,0.0
221,1.0,3.0,0.0,0.0,2.0,0.0,853.915,1258.662,108.083,36.504,36.392,9.643,0.0,0.0
222,1.0,3.0,0.0,1.0,4.0,0.0,798.855,1290.933,91.853,36.738,36.563,9.697,0.0,0.0
223,1.0,3.0,0.0,2.0,5.0,0.0,1093.708,1307.796,26.632,37.418,37.208,9.794,0.0,0.0
224,1.0,3.0,0.0,3.0,7.0,0.0,986.615,1371.981,20.562,37.019,36.829,9.77,0.0,0.0
225,1.0,3.0,0.0,4.0,8.0,0.0,944.278,1375.061,62.821,37.443,36.887,9.755,0.0,0.0
226,1.0,3.0,0.0,5.0,10.0,0.0,630.171,1474.718,80.957,38.024,37.7,9.859,0.0,0.0
227,1.0,3.0,0.0,6.0,11.0,0.0,795.102,1566.72,-37.46,36.86,36.851,9.751,0.0,0.0
228,2.0,3.0,0.0,0.0,2.0,0.0,1498.932,1294.053,57.765,37.267,37.018,9.749,0.0,0.0
229,2.0,3.0,0.0,1.0,3.0,0.0,1235.995,1382.132,64.386,36.889,36.337,9.687,0.0,0.0
230,2.0,3.0,0.0,2.0,4.0,0.0,1263.431,1418.824,47.553,37.554,37.175,9.807,0.0,0.0
231,2.0,3.0,0.0,3.0,5.0,0.0,1365.53,1472.048,98.041,37.989,37.541,9.834,0.0,0.0
232,2.0,3.0,0.0,4.0,7.0,0.0,1319.728,1521.352,133.971,37.362,37.295,9.798,0.0,0.0
233,2.0,3.0,0.0,5.0,8.0,0.0,1413.364,1536.926,69.14,37.384,37.037,9.767,0.0,0.0
234,2.0,3.0,0.0,6.0,9.0,0.0,1434.069,1591.363,91.685,37.422,37.154,9.787,0.0,0.0
235,2.0,3.0,0.0,7.0,11.0,0.0,1699.338,1594.463,134.461,38.691,38.535,9.978,0.0,0.0
236,2.0,3.0,0.0,8.0,12.0,0.0,1509.223,1597.4,-24.51,37.855,37.516,9.892,0.0,0.0
237,2.0,3.0,0.0,9.0,13.0,0.0,1398.949,1609.572,-36.242,37.443,37.125,9.786,0.0,0.0
238,3.0,3.0,0.0,0.0,0.0,0.0,2271.599,1330.354,95.21,37.468,37.308,9.813,0.0,0.0
239,4.0,3.0,0.0,0.0,1.0,0.0,2801.002,1267.064,-35.797,37.717,37.144,9.747,0.0,0.0
240,4.0,3.0,0.0,1.0,2.0,0.0,2368.518,1408.007,63.531,37.444,37.017,9.695,0.0,0.0
241,4.0,3.0,0.0,2.0,4.0,0.0,2812.97,1412.296,99.05,38.092,37.935,9.899,0.0,0.0
242,4.0,3.0,0.0,3.0,5.0,0.0,2881.733,1457.112,61.316,38.041,37.764,9.794,0.0,0.0
243,4.0,3.0,0.0,4.0,6.0,0.0,2369.585,1467.784,95.261,37.51,37.286,9.816,0.0,0.0
244,4.0,3.0,0.0,5.0,7.0,0.0,2532.454,1536.755,93.742,37.529,37.23,9.811,0.0,0.0
245,4.0,3.0,0.0,6.0,8.0,0.0,2449.861,1617.874,35.994,37.715,37.431,9.862,0.0,0.0
246,5.0,3.0,0.0,0.0,1.0,0.0,3464.51,1309.754,92.108,38.701,33.9,9.439,0.0,0.0
247,5.0,3.0,0.0,1.0,3.0,0.0,3393.37,1392.192,20.361,37.362,36.794,9.732,0.0,0.0
248,5.0,3.0,0.0,2.0,3.0,0.0,3364.51,1367.106,26.982,37.552,37.295,9.823,0.0,0.0
249,5.0,3.0,0.0,3.0,4.0,0.0,3195.615,1411.904,64.574,36.874,36.597,9.719,0.0,0.0
250,5.0,3.0,0.0,4.0,7.0,0.0,2957.08,1548.349,55.816,37.538,37.025,9.785,0.0,0.0
251,6.0,3.0,0.0,0.0,1.0,0.0,3725.106,1251.135,73.722,37.132,36.577,9.75,0.0,0.0
252,6.0,3.0,0.0,1.0,2.0,0.0,4002.852,1269.926,99.138,37.808,37.625,9.822,0.0,0.0
253,6.0,3.0,0.0,2.0,5.0,0.0,3627.742,1356.947,71.18,37.458,37.055,9.779,0.0,0.0
254,6.0,3.0,0.0,3.0,6.0,0.0,3694.426,1422.186,73.453,37.304,36.931,9.742,0.0,0.0
255,6.0,3.0,0.0,4.0,7.0,0.0,3764.146,1503.978,84.78,37.62,37.418,9.848,0.0,0.0
256,6.0,3.0,0.0,5.0,8.0,0.0,3945.585,1523.394,75.023,38.426,38.142,9.893,0.0,0.0
257,6.0,3.0,0.0,6.0,9.0,0.0,3602.257,1547.999,79.579,37.809,37.524,9.809,0.0,0.0
258,6.0,3.0,0.0,7.0,10.0,0.0,3785.087,1593.511,3.923,37.705,37.48,9.79,0.0,0.0
259,6.0,3.0,0.0,8.0,11.0,0.0,3702.182,1618.923,29.321,38.026,37.925,9.813,0.0,0.0
260,6.0,3.0,0.0,9.0,13.0,0.0,3887.885,1626.67,3.978,38.001,37.889,9.805,0.0,0.0
262,7.0,3.0,0.0,1.0,3.0,0.0,4312.379,1350.277,119.577,36.936,36.843,9.76,0.0,0.0
263,7.0,3.0,0.0,2.0,4.0,0.0,4421.704,1367.813,100.256,37.959,37.819,9.867,0.0,0.0
264,7.0,3.0,0.0,3.0,5.0,0.0,4142.914,1377.832,64.581,37.46,36.966,9.767,0.0,0.0
265,7.0,3.0,0.0,4.0,6.0,0.0,4504.416,1429.098,92.232,37.503,37.055,9.784,0.0,0.0
266,7.0,3.0,0.0,5.0,7.0,0.0,4282.09,1490.639,83.056,37.184,37.074,9.746,0.0,0.0
267,7.0,3.0,0.0,6.0,8.0,0.0,4084.415,1518.975,68.538,37.684,37.268,9.759,0.0,0.0
268,7.0,3.0,0.0,7.0,9.0,0.0,4111.559,1640.558,-1.563,39.747,34.002,9.51,0.0,0.0
269,7.0,3.0,0.0,8.0,10.0,0.0,4340.353,1640.787,-4.428,38.663,33.64,9.402,0.0,0.0
270,8.0,3.0,0.0,0.0,1.0,0.0,5133.775,1277.615,62.112,37.175,37.051,9.741,0.0,0.0
271,8.0,3.0,0.0,1.0,2.0,0.0,4844.09,1304.404,95.646,36.643,36.363,9.658,0.0,0.0
272,8.0,3.0,0.0,2.0,3.0,0.0,4990.344,1395.633,100.736,37.224,37.014,9.821,0.0,0.0
273,8.0,3.0,0.0,3.0,4.0,0.0,4648.978,1492.11,69.768,37.943,37.797,9.862,0.0,0.0
274,8.0,3.0,0.0,4.0,6.0,0.0,4678.829,1583.435,37.97,37.804,37.434,9.796,0.0,0.0
275,8.0,3.0,0.0,5.0,7.0,0.0,4863.275,1598.672,78.049,37.932,37.71,9.849,0.0,0.0
276,9.0,3.0,0.0,0.0,0.0,0.0,5396.503,1291.101,79.3,37.053,36.97,9.793,0.0,0.0
280,9.0,3.0,0.0,4.0,5.0,0.0,5707.272,1477.424,40.488,37.884,37.737,9.846,0.0,0.0
281,9.0,3.0,0.0,5.0,7.0,0.0,5276.041,1625.355,91.253,37.992,37.753,9.862,0.0,0.0
282,0.0,4.0,0.0,0.0,1.0,0.0,397.723,1700.74,92.545,37.242,36.942,9.735,0.0,0.0
283,0.0,4.0,0.0,1.0,2.0,0.0,180.002,1759.971,70.321,36.541,36.403,9.65,0.0,0.0
284,0.0,4.0,0.0,2.0,4.0,0.0,315.824,1849.562,98.341,37.636,37.189,9.819,0.0,0.0
285,0.0,4.0,0.0,3.0,5.0,0.0,454.4,1934.446,82.754,37.664,37.468,9.783,0.0,0.0
286,0.0,4.0,0.0,4.0,6.0,0.0,535.346,1946.959,-39.915,37.905,37.77,9.854,0.0,0.0
288,1.0,4.0,0.0,0.0,1.0,0.0,809.548,1655.756,76.082,37.093,36.606,9.672,0.0,0.0
289,1.0,4.0,0.0,1.0,2.0,0.0,1149.163,1767.812,49.158,37.249,37.093,9.756,0.0,0.0
290,1.0,4.0,0.0,2.0,3.0,0.0,838.175,1806.335,54.323,36.975,36.852,9.767,0.0,0.0
291,1.0,4.0,0.0,3.0,4.0,0.0,1045.032,1901.505,93.115,38.417,38.146,9.969,0.0,0.0
292,1.0,4.0,0.0,4.0,5.0,0.0,1084.772,1946.906,95.757,37.836,37.496,9.809,0.0,0.0
293,1.0,4.0,0.0,5.0,6.0,0.0,868.621,1973.386,57.313,37.774,37.426,9.792,0.0,0.0
294,1.0,4.0,0.0,6.0,7.0,0.0,721.682,2014.535,0.505,38.045,37.819,9.878,0.0,0.0
295,1.0,4.0,0.0,7.0,8.0,0.0,983.891,2052.856,-3.863,40.892,25.712,8.781,0.0,0.0
296,2.0,4.0,0.0,0.0,1.0,0.0,1177.998,1652.385,45.643,36.837,36.527,9.706,0.0,0.0
297,2.0,4.0,0.0,1.0,2.0,0.0,1345.967,1689.636,61.134,37.114,36.792,9.777,0.0,0.0
298,2.0,4.0,0.0,2.0,3.0,0.0,1219.735,1696.355,81.584,36.42,36.03,9.585,0.0,0.0
299,2.0,4.0,0.0,3.0,6.0,0.0,1425.047,1925.468,63.72,36.817,36.471,9.695,0.0,0.0
301,3.0,4.0,0.0,0.0,0.0,0.0,1900.718,1759.443,79.666,36.463,36.3,9.626,0.0,0.0
302,3.0,4.0,0.0,1.0,1.0,0.0,1858.048,1780.591,73.257,36.899,36.635,9.728,0.0,0.0
304,3.0,4.0,0.0,3.0,3.0,0.0,1749.916,1878.515,32.363,37.386,37.181,9.786,0.0,0.0
305,3.0,4.0,0.0,4.0,4.0,0.0,2027.523,1940.799,-19.684,38.598,38.477,9.958,0.0,0.0
306,3.0,4.0,0.0,5.0,5.0,0.0,1822.88,1959.556,40.581,37.835,37.422,9.877,0.0,0.0
307,3.0,4.0,0.0,6.0,6.0,0.0,2023.774,1992.834,120.046,37.402,37.323,9.807,0.0,0.0
308,3.0,4.0,0.0,7.0,7.0,0.0,1937.469,1993.484,-5.071,37.745,37.599,9.81,0.0,0.0
309,4.0,4.0,0.0,0.0,1.0,0.0,2625.027,1807.417,75.443,37.46,37.242,9.804,0.0,0.0
310,4.0,4.0,0.0,1.0,2.0,0.0,2731.154,1807.973,73.856,37.347,37.104,9.771,0.0,0.0
311,4.0,4.0,0.0,2.0,3.0,0.0,2724.038,1880.469,92.042,37.649,37.292,9.835,0.0,0.0
312,4.0,4.0,0.0,3.0,4.0,0.0,2426.737,1894.444,55.839,36.429,36.031,9.664,0.0,0.0
313,4.0,4.0,0.0,4.0,5.0,0.0,2519.619,1939.559,26.281,37.323,36.991,9.753,0.0,0.0
314,4.0,4.0,0.0,5.0,6.0,0.0,2379.62,1948.254,91.495,37.734,37.279,9.767,0.0,0.0
315,4.0,4.0,0.0,6.0,7.0,0.0,2559.911,1951.627,-2.189,36.99,36.738,9.676,0.0,0.0
316,4.0,4.0,0.0,7.0,8.0,0.0,2807.297,1968.567,65.423,38.52,38.204,9.913,0.0,0.0
317,5.0,4.0,0.0,0.0,0.0,0.0,3116.58,1653.487,59.968,37.119,36.925,9.717,0.0,0.0
318,5.0,4.0,0.0,1.0,1.0,0.0,3294.796,1692.995,89.795,37.242,37.048,9.75,0.0,0.0
320,5.0,4.0,0.0,3.0,4.0,0.0,3156.06,1776.856,86.24,37.432,36.743,9.735,0.0,0.0
322,5.0,4.0,0.0,5.0,7.0,0.0,3419.835,1873.811,58.45,37.314,37.238,9.784,0.0,0.0
323,5.0,4.0,0.0,6.0,8.0,0.0,3146.277,1922.339,85.568,37.716,37.403,9.781,0.0,0.0
324,6.0,4.0,0.0,0.0,4.0,0.0,3735.734,1708.187,117.436,36.951,36.868,9.766,0.0,0.0
325,6.0,4.0,0.0,1.0,5.0,0.0,3953.401,1788.374,97.583,37.652,37.527,9.866,0.0,0.0
326,6.0,4.0,0.0,2.0,6.0,0.0,3558.802,1837.052,57.732,37.021,36.61,9.741,0.0,0.0
327,6.0,4.0,0.0,3.0,7.0,0.0,4021.212,1976.253,98.934,38.13,37.784,9.884,0.0,0.0
328,7.0,4.0,0.0,0.0,2.0,0.0,4438.912,1772.239,89.121,37.847,37.424,9.801,0.0,0.0
329,7.0,4.0,0.0,1.0,3.0,0.0,4194.735,1810.083,73.456,37.218,36.941,9.81,0.0,0.0
330,7.0,4.0,0.0,2.0,4.0,0.0,4594.203,1828.846,67.828,37.656,37.422,9.853,0.0,0.0
331,7.0,4.0,0.0,3.0,5.0,0.0,4107.244,1936.338,29.007,37.672,37.546,9.872,0.0,0.0
332,7.0,4.0,0.0,4.0,7.0,0.0,4409.057,2050.191,-4.246,39.272,31.374,9.176,0.0,0.0
333,8.0,4.0,0.0,0.0,0.0,0.0,4691.404,1832.883,52.606,37.487,37.172,9.798,0.0,0.0
334,8.0,4.0,0.0,1.0,2.0,0.0,4725.321,1892.965,46.818,37.236,36.822,9.719,0.0,0.0
335,8.0,4.0,0.0,2.0,3.0,0.0,5107.179,1944.098,103.109,37.976,37.744,9.859,0.0,0.0
336,8.0,4.0,0.0,3.0,4.0,0.0,5043.933,2035.749,21.586,37.599,37.525,9.782,0.0,0.0
337,8.0,4.0,0.0,4.0,5.0,0.0,4688.439,2042.894,-18.394,37.968,37.665,9.848,0.0,0.0
338,9.0,4.0,0.0,0.0,1.0,0.0,5309.201,1659.378,39.75,36.955,36.718,9.747,0.0,0.0
339,9.0,4.0,0.0,1.0,2.0,0.0,5643.237,1662.029,100.528,37.053,36.83,9.774,0.0,0.0
340,9.0,4.0,0.0,2.0,4.0,0.0,5627.678,1862.038,99.241,37.863,37.678,9.836,0.0,0.0
341,9.0,4.0,0.0,3.0,5.0,0.0,5501.618,1882.889,48.16,37.156,36.363,9.808,0.0,0.0
342,9.0,4.0,0.0,4.0,6.0,0.0,5673.829,1917.336,81.412,37.784,37.623,9.896,0.0,0.0
343,9.0,4.0,0.0,5.0,7.0,0.0,5283.062,1982.626,45.782,38.288,38.056,9.941,0.0,0.0
344,9.0,4.0,0.0,6.0,8.0,0.0,5226.685,1998.992,59.938,38.371,38.221,9.896,0.0,0.0
345,9.0,4.0,0.0,7.0,9.0,0.0,5702.225,2038.397,-16.246,38.104,37.812,9.885,0.0,0.0
346,0.0,5.0,0.0,0.0,1.0,0.0,370.82,2131.136,60.012,37.153,36.931,9.8,0.0,0.0
347,0.0,5.0,0.0,1.0,2.0,0.0,101.887,2138.008,96.157,36.746,36.361,9.672,0.0,0.0
348,0.0,5.0,0.0,2.0,3.0,0.0,535.883,2160.157,124.595,38.127,37.93,9.903,0.0,0.0
349,0.0,5.0,0.0,3.0,4.0,0.0,27.631,2280.572,78.304,37.113,36.884,9.789,0.0,0.0
350,0.0,5.0,0.0,4.0,4.0,0.0,43.248,2245.467,96.592,37.417,37.045,9.772,0.0,0.0
351,0.0,5.0,0.0,5.0,6.0,0.0,259.713,2346.311,81.962,37.676,37.474,9.862,0.0,0.0
352,0.0,5.0,0.0,6.0,7.0,0.0,441.526,2395.521,122.18,38.1,37.878,9.893,0.0,0.0
353,0.0,5.0,0.0,7.0,8.0,0.0,250.032,2416.345,100.022,37.972,37.856,9.873,0.0,0.0
354,0.0,5.0,0.0,8.0,9.0,0.0,21.384,2424.227,22.095,37.437,37.124,9.786,0.0,0.0
355,0.0,5.0,0.0,9.0,10.0,0.0,335.841,2434.268,70.081,38.069,37.914,9.893,0.0,0.0
356,1.0,5.0,0.0,0.0,1.0,0.0,1061.807,2068.198,134.161,37.051,36.96,9.791,0.0,0.0
357,1.0,5.0,0.0,1.0,2.0,0.0,836.682,2152.237,79.044,36.888,36.518,9.711,0.0,0.0
358,1.0,5.0,0.0,2.0,4.0,0.0,863.793,2267.503,79.024,37.621,37.401,9.845,0.0,0.0
359,1.0,5.0,0.0,3.0,5.0,0.0,700.614,2274.935,69.026,37.023,36.835,9.771,0.0,0.0
360,1.0,5.0,0.0,4.0,6.0,0.0,911.384,2276.917,128.035,37.621,37.083,9.804,0.0,0.0
361,1.0,5.0,0.0,5.0,7.0,0.0,1056.756,2281.43,122.564,37.978,37.717,9.856,0.0,0.0
362,1.0,5.0,0.0,6.0,9.0,0.0,879.022,2356.56,101.607,37.351,36.944,9.75,0.0,0.0
363,1.0,5.0,0.0,7.0,10.0,0.0,750.177,2368.96,72.956,37.617,37.374,9.765,0.0,0.0
364,2.0,5.0,0.0,0.0,0.0,0.0,1286.548,2130.798,73.155,37.468,37.026,9.776,0.0,0.0
365,2.0,5.0,0.0,1.0,1.0,0.0,1711.837,2152.116,82.667,37.881,37.333,9.793,0.0,0.0
366,2.0,5.0,0.0,2.0,2.0,0.0,1474.392,2195.636,73.85,37.423,37.263,9.801,0.0,0.0
367,2.0,5.0,0.0,3.0,3.0,0.0,1341.122,2212.413,78.189,37.716,37.408,9.782,0.0,0.0
368,2.0,5.0,0.0,4.0,4.0,0.0,1198.496,2307.518,33.588,37.275,36.895,9.734,0.0,0.0
369,2.0,5.0,0.0,5.0,5.0,0.0,1507.17,2384.941,122.363,37.522,37.374,9.829,0.0,0.0
370,2.0,5.0,0.0,6.0,6.0,0.0,1730.693,2455.588,-1.573,38.941,35.755,9.649,0.0,0.0
371,3.0,5.0,0.0,0.0,0.0,0.0,2130.738,2107.511,89.254,37.91,37.848,9.864,0.0,0.0
372,3.0,5.0,0.0,1.0,1.0,0.0,2178.945,2121.286,69.209,37.627,37.228,9.747,0.0,0.0
373,3.0,5.0,0.0,2.0,2.0,0.0,1878.876,2271.605,60.133,37.382,36.781,9.811,0.0,0.0
374,3.0,5.0,0.0,3.0,3.0,0.0,2273.95,2300.962,127.131,38.637,38.331,9.944,0.0,0.0
375,3.0,5.0,0.0,4.0,4.0,0.0,2064.97,2337.956,115.92,38.58,38.086,9.905,0.0,0.0
376,3.0,5.0,0.0,5.0,5.0,0.0,1845.578,2384.088,60.42,37.513,37.179,9.802,0.0,0.0
377,3.0,5.0,0.0,6.0,6.0,0.0,2014.503,2393.864,-0.782,37.204,36.804,9.713,0.0,0.0
378,4.0,5.0,0.0,0.0,0.0,0.0,2607.33,2083.404,96.73,36.663,36.368,9.661,0.0,0.0
379,4.0,5.0,0.0,1.0,1.0,0.0,2716.009,2216.892,104.149,37.442,36.989,9.768,0.0,0.0
380,4.0,5.0,0.0,2.0,2.0,0.0,2461.575,2225.357,84.66,36.844,36.29,9.675,0.0,0.0
381,4.0,5.0,0.0,3.0,3.0,0.0,2493.78,2257.602,29.623,37.097,36.955,9.797,0.0,0.0
382,4.0,5.0,0.0,4.0,4.0,0.0,2598.717,2298.565,80.682,37.22,36.988,9.739,0.0,0.0
383,4.0,5.0,0.0,5.0,5.0,0.0,2845.071,2444.843,123.347,38.347,38.173,9.887,0.0,0.0
385,5.0,5.0,0.0,0.0,0.0,0.0,3427.943,2120.793,119.926,37.611,37.305,9.755,0.0,0.0
387,6.0,5.0,0.0,0.0,0.0,0.0,4036.137,2225.694,44.53,37.367,37.339,9.804,0.0,0.0
388,6.0,5.0,0.0,1.0,1.0,0.0,3958.118,2234.817,108.368,37.538,37.044,9.788,0.0,0.0
389,6.0,5.0,0.0,2.0,2.0,0.0,3805.269,2245.486,99.055,37.396,37.204,9.79,0.0,0.0
390,6.0,5.0,0.0,3.0,3.0,0.0,3982.081,2397.901,-15.959,37.578,37.482,9.851,0.0,0.0
391,6.0,5.0,0.0,4.0,4.0,0.0,3757.341,2456.884,-4.421,38.769,33.5,9.396,0.0,0.0
392,7.0,5.0,0.0,0.0,1.0,0.0,4457.676,2065.569,59.362,37.182,36.865,9.795,0.0,0.0
393,7.0,5.0,0.0,1.0,4.0,0.0,4211.007,2279.156,88.348,36.931,36.537,9.719,0.0,0.0
394,7.0,5.0,0.0,2.0,5.0,0.0,4540.428,2327.034,130.933,38.057,37.783,9.875,0.0,0.0
395,7.0,5.0,0.0,3.0,6.0,0.0,4283.834,2359.184,24.98,37.815,37.587,9.818,0.0,0.0
396,7.0,5.0,0.0,4.0,7.0,0.0,4368.779,2362.351,119.093,37.482,37.275,9.811,0.0,0.0
397,7.0,5.0,0.0,5.0,8.0,0.0,4564.263,2448.885,-33.107,38.335,38.287,9.9,0.0,0.0
398,8.0,5.0,0.0,0.0,2.0,0.0,4884.281,2090.604,51.364,37.013,36.61,9.662,0.0,0.0
399,8.0,5.0,0.0,1.0,3.0,0.0,5073.453,2200.565,70.255,37.809,37.401,9.87,0.0,0.0
400,8.0,5.0,0.0,2.0,5.0,0.0,4864.333,2272.724,75.858,37.134,36.991,9.806,0.0,0.0
401,8.0,5.0,0.0,3.0,6.0,0.0,5044.554,2281.608,110.574,37.808,37.415,9.872,0.0,0.0
402,8.0,5.0,0.0,4.0,7.0,0.0,4724.353,2309.786,37.918,37.018,36.826,9.769,0.0,0.0
403,8.0,5.0,0.0,5.0,8.0,0.0,4983.264,2346.611,104.46,37.724,37.495,9.871,0.0,0.0
404,8.0,5.0,0.0,6.0,9.0,0.0,4757.048,2399.022,48.848,37.994,37.821,9.796,0.0,0.0
405,9.0,5.0,0.0,0.0,2.0,0.0,5673.748,2088.703,132.283,37.218,37.028,9.744,0.0,0.0
406,9.0,5.0,0.0,1.0,3.0,0.0,5427.917,2111.116,39.861,37.16,31.685,9.715,0.0,0.0
407,9.0,5.0,0.0,2.0,3.0,0.0,5442.454,2087.891,35.632,36.768,30.883,9.542,0.0,0.0
408,9.0,5.0,0.0,3.0,4.0,0.0,5353.749,2124.221,90.447,37.361,37.022,9.762,0.0,0.0
409,9.0,5.0,0.0,4.0,5.0,0.0,5361.589,2174.36,105.018,37.22,36.927,9.731,0.0,0.0
410,9.0,5.0,0.0,5.0,6.0,0.0,5594.636,2205.395,56.989,37.741,37.5,9.797,0.0,0.0
411,9.0,5.0,0.0,6.0,7.0,0.0,5332.094,2251.002,69.607,37.265,37.189,9.771,0.0,0.0
412,9.0,5.0,0.0,7.0,8.0,0.0,5527.809,2400.471,100.042,38.222,38.015,9.927,0.0,0.0
413,9.0,5.0,0.0,8.0,10.0,0.0,5248.392,2436.635,53.774,37.974,37.78,9.864,0.0,0.0
414,0.0,6.0,0.0,0.0,1.0,0.0,366.363,2478.518,66.508,37.802,37.274,9.852,0.0,0.0
415,0.0,6.0,0.0,1.0,2.0,0.0,305.748,2495.365,74.114,37.285,37.102,9.841,0.0,0.0
416,0.0,6.0,0.0,2.0,3.0,0.0,360.189,2579.596,100.697,37.308,36.489,9.32,0.0,0.0
417,0.0,6.0,0.0,3.0,4.0,0.0,161.284,2597.204,79.603,37.392,37.156,9.783,0.0,0.0
418,0.0,6.0,0.0,4.0,5.0,0.0,495.814,2642.685,111.127,37.784,37.551,9.809,0.0,0.0
419,0.0,6.0,0.0,5.0,6.0,0.0,52.153,2683.326,72.439,37.314,36.826,9.73,0.0,0.0
420,0.0,6.0,0.0,6.0,7.0,0.0,539.203,2710.593,117.645,38.475,38.44,9.937,0.0,0.0
421,0.0,6.0,0.0,7.0,8.0,0.0,156.635,2728.184,31.632,36.891,36.66,9.73,0.0,0.0
422,0.0,6.0,0.0,8.0,9.0,0.0,346.892,2788.506,117.267,37.551,37.415,9.838,0.0,0.0
423,1.0,6.0,0.0,0.0,0.0,0.0,793.443,2494.791,102.328,36.458,35.889,9.571,0.0,0.0
424,1.0,6.0,0.0,1.0,1.0,0.0,729.067,2548.222,112.011,36.533,36.041,9.601,0.0,0.0
426,1.0,6.0,0.0,3.0,3.0,0.0,892.528,2583.202,74.432,37.718,37.268,9.764,0.0,0.0
427,1.0,6.0,0.0,4.0,4.0,0.0,1007.116,2646.166,111.796,37.438,37.147,9.788,0.0,0.0
428,1.0,6.0,0.0,5.0,6.0,0.0,1086.132,2665.397,132.165,37.874,37.699,9.84,0.0,0.0
429,1.0,6.0,0.0,6.0,7.0,0.0,1031.024,2722.816,92.217,37.509,37.334,9.822,0.0,0.0
430,1.0,6.0,0.0,7.0,8.0,0.0,1108.729,2795.227,123.68,37.721,37.348,9.852,0.0,0.0
431,2.0,6.0,0.0,0.0,1.0,0.0,1255.994,2530.986,122.466,36.721,36.696,9.712,0.0,0.0
432,2.0,6.0,0.0,1.0,2.0,0.0,1447.748,2535.226,38.091,37.362,37.042,9.765,0.0,0.0
433,2.0,6.0,0.0,2.0,3.0,0.0,1511.73,2551.458,54.485,37.574,37.304,9.826,0.0,0.0
434,2.0,6.0,0.0,3.0,4.0,0.0,1653.946,2616.571,113.092,37.492,37.324,9.819,0.0,0.0
436,2.0,6.0,0.0,5.0,8.0,0.0,1390.861,2719.288,77.185,37.089,36.919,9.79,0.0,0.0
437,2.0,6.0,0.0,6.0,9.0,0.0,1482.961,2720.833,57.979,37.968,37.948,9.809,0.0,0.0
438,2.0,6.0,0.0,7.0,10.0,0.0,1613.052,2851.635,126.465,38.27,38.156,9.874,0.0,0.0
439,3.0,6.0,0.0,0.0,1.0,0.0,1865.625,2506.981,55.42,37.156,36.925,9.722,0.0,0.0
440,3.0,6.0,0.0,1.0,2.0,0.0,2035.308,2507.374,84.849,37.815,37.499,9.806,0.0,0.0
442,3.0,6.0,0.0,3.0,4.0,0.0,1857.205,2770.133,88.471,38.145,37.852,9.895,0.0,0.0
443,4.0,6.0,0.0,0.0,1.0,0.0,2522.81,2502.938,78.873,36.747,36.42,9.679,0.0,0.0
444,4.0,6.0,0.0,1.0,2.0,0.0,2864.021,2669.335,125.265,37.757,37.44,9.869,0.0,0.0
445,5.0,6.0,0.0,0.0,0.0,0.0,3445.067,2616.945,102.211,37.612,37.349,9.837,0.0,0.0
446,5.0,6.0,0.0,1.0,1.0,0.0,2951.985,2654.281,64.301,37.44,37.369,9.818,0.0,0.0
447,5.0,6.0,0.0,2.0,2.0,0.0,3137.088,2731.518,71.758,37.343,36.879,9.818,0.0,0.0
448,5.0,6.0,0.0,3.0,3.0,0.0,3460.267,2786.478,-32.041,38.515,38.182,9.909,0.0,0.0
449,5.0,6.0,0.0,4.0,4.0,0.0,3287.815,2788.587,93.975,37.905,37.671,9.84,0.0,0.0
450,5.0,6.0,0.0,5.0,5.0,0.0,2915.887,2803.621,70.354,36.755,36.586,9.702,0.0,0.0
451,5.0,6.0,0.0,6.0,6.0,0.0,2967.564,2811.406,-18.856,38.491,38.327,9.925,0.0,0.0
452,5.0,6.0,0.0,7.0,7.0,0.0,3368.07,2824.222,-17.752,38.104,37.531,9.771,0.0,0.0
453,5.0,6.0,0.0,8.0,8.0,0.0,3135.421,2836.03,91.767,37.859,37.632,9.829,0.0,0.0
454,6.0,6.0,0.0,0.0,3.0,0.0,3712.51,2620.135,81.886,37.499,37.413,9.831,0.0,0.0
455,6.0,6.0,0.0,1.0,5.0,0.0,3761.824,2672.164,49.798,37.274,37.013,9.749,0.0,0.0
456,6.0,6.0,0.0,2.0,6.0,0.0,3834.446,2682.895,85.549,37.186,36.856,9.717,0.0,0.0
457,6.0,6.0,0.0,3.0,7.0,0.0,3656.653,2706.019,99.982,37.457,37.336,9.816,0.0,0.0
458,7.0,6.0,0.0,0.0,1.0,0.0,4267.619,2552.901,85.899,36.932,36.597,9.727,0.0,0.0
459,7.0,6.0,0.0,1.0,2.0,0.0,4255.646,2591.478,62.428,36.938,36.362,9.619,0.0,0.0
460,7.0,6.0,0.0,2.0,3.0,0.0,4281.871,2737.321,98.693,37.506,37.275,9.814,0.0,0.0
461,7.0,6.0,0.0,3.0,4.0,0.0,4359.553,2836.888,-41.918,37.436,37.14,9.787,0.0,0.0
462,8.0,6.0,0.0,0.0,0.0,0.0,4659.268,2479.354,101.123,37.236,36.969,9.738,0.0,0.0
463,8.0,6.0,0.0,1.0,1.0,0.0,5130.066,2594.943,115.622,38.204,37.779,9.893,0.0,0.0
464,8.0,6.0,0.0,2.0,3.0,0.0,4820.891,2710.862,75.341,37.455,37.371,9.82,0.0,0.0
465,8.0,6.0,0.0,3.0,4.0,0.0,5023.238,2713.38,130.484,37.687,37.422,9.857,0.0,0.0
466,8.0,6.0,0.0,4.0,5.0,0.0,4967.908,2763.746,88.262,37.475,37.179,9.72,0.0,0.0
467,8.0,6.0,0.0,5.0,6.0,0.0,4699.401,2770.991,46.447,37.762,37.339,9.856,0.0,0.0
468,8.0,6.0,0.0,6.0,7.0,0.0,4773.527,2773.418,47.836,37.427,37.204,9.794,0.0,0.0
470,8.0,6.0,0.0,8.0,9.0,0.0,4875.041,2868.341,-3.416,41.184,26.584,8.853,0.0,0.0
471,9.0,6.0,0.0,0.0,1.0,0.0,5222.92,2483.087,83.418,37.275,36.97,9.744,0.0,0.0
472,9.0,6.0,0.0,1.0,3.0,0.0,5363.471,2496.559,-24.726,37.575,37.46,9.848,0.0,0.0
473,9.0,6.0,0.0,2.0,4.0,0.0,5226.475,2559.932,73.397,37.368,37.198,9.786,0.0,0.0
474,9.0,6.0,0.0,3.0,5.0,0.0,5672.261,2644.598,63.327,37.704,37.422,9.782,0.0,0.0
475,9.0,6.0,0.0,4.0,6.0,0.0,5403.512,2672.782,73.909,37.319,37.02,9.756,0.0,0.0
476,9.0,6.0,0.0,5.0,7.0,0.0,5222.111,2679.668,66.446,37.892,37.582,9.827,0.0,0.0
478,9.0,6.0,0.0,7.0,10.0,0.0,5361.66,2758.085,89.963,37.42,37.173,9.789,0.0,0.0
480,9.0,6.0,0.0,9.0,12.0,0.0,5320.326,2850.621,67.933,38.393,38.248,9.902,0.0,0.0
481,9.0,6.0,0.0,10.0,13.0,0.0,5259.749,2862.359,-6.023,38.513,36.938,9.749,0.0,0.0
482,9.0,6.0,0.0,11.0,14.0,0.0,5488.755,2864.563,-3.636,39.096,34.006,9.51,0.0,0.0
483,0.0,7.0,0.0,0.0,0.0,0.0,75.394,2895.11,76.081,37.28,37.121,9.764,0.0,0.0
484,0.0,7.0,0.0,1.0,1.0,0.0,234.949,2959.705,78.959,37.208,37.029,9.743,0.0,0.0
485,0.0,7.0,0.0,2.0,2.0,0.0,411.62,2970.996,93.017,37.585,37.337,9.832,0.0,0.0
486,0.0,7.0,0.0,3.0,3.0,0.0,328.132,3029.994,85.723,37.618,37.214,9.744,0.0,0.0
487,0.0,7.0,0.0,4.0,4.0,0.0,368.281,3048.325,106.563,37.813,37.491,9.805,0.0,0.0
488,0.0,7.0,0.0,5.0,5.0,0.0,571.415,3071.586,129.791,38.124,37.969,9.831,0.0,0.0
489,0.0,7.0,0.0,6.0,6.0,0.0,398.912,3080.152,80.009,38.306,37.929,9.85,0.0,0.0
490,0.0,7.0,0.0,7.0,7.0,0.0,500.772,3170.8,-38.417,37.971,37.881,9.877,0.0,0.0
491,0.0,7.0,0.0,8.0,8.0,0.0,310.928,3205.773,-31.194,38.324,37.865,9.921,0.0,0.0
492,0.0,7.0,0.0,9.0,9.0,0.0,88.153,3276.762,-1.053,42.302,25.248,8.82,0.0,0.0
493,1.0,7.0,0.0,0.0,0.0,0.0,1145.498,2900.465,-42.423,37.738,37.357,9.778,0.0,0.0
494,1.0,7.0,0.0,1.0,4.0,0.0,1152.738,3080.666,129.329,38.084,37.838,9.886,0.0,0.0
495,1.0,7.0,0.0,2.0,5.0,0.0,632.814,3123.144,48.667,36.938,36.697,9.741,0.0,0.0
496,1.0,7.0,0.0,3.0,6.0,0.0,790.85,3267.232,50.951,37.846,37.505,9.811,0.0,0.0
497,2.0,7.0,0.0,0.0,2.0,0.0,1738.213,2942.368,89.837,39.583,30.71,9.174,0.0,0.0
498,2.0,7.0,0.0,1.0,3.0,0.0,1719.635,2993.547,113.158,37.473,37.105,9.787,0.0,0.0
499,2.0,7.0,0.0,2.0,4.0,0.0,1467.971,3078.806,81.168,37.084,36.821,9.777,0.0,0.0
500,2.0,7.0,0.0,3.0,7.0,0.0,1663.096,3161.852,94.438,37.938,37.765,9.857,0.0,0.0
501,2.0,7.0,0.0,4.0,8.0,0.0,1701.403,3211.988,82.867,37.811,37.432,9.72,0.0,0.0
502,3.0,7.0,0.0,0.0,0.0,0.0,2058.067,2886.174,86.22,37.221,37.063,9.827,0.0,0.0
503,3.0,7.0,0.0,1.0,1.0,0.0,1979.651,2910.22,51.813,37.491,37.368,9.824,0.0,0.0
504,3.0,7.0,0.0,2.0,2.0,0.0,1819.824,2917.797,-40.949,37.306,36.939,9.744,0.0,0.0
505,3.0,7.0,0.0,3.0,5.0,0.0,1770.571,2997.881,26.974,37.662,37.397,9.773,0.0,0.0
506,3.0,7.0,0.0,4.0,6.0,0.0,1904.984,3057.864,86.239,37.11,36.735,9.769,0.0,0.0
507,3.0,7.0,0.0,5.0,7.0,0.0,1845.152,3122.465,83.193,37.697,37.539,9.874,0.0,0.0
508,3.0,7.0,0.0,6.0,8.0,0.0,2218.685,3177.853,86.721,37.757,37.654,9.819,0.0,0.0
509,4.0,7.0,0.0,0.0,0.0,0.0,2685.069,2928.781,111.591,37.373,36.943,9.753,0.0,0.0
510,4.0,7.0,0.0,1.0,1.0,0.0,2893.068,2960.432,90.863,41.949,24.523,8.727,0.0,0.0
511,4.0,7.0,0.0,2.0,2.0,0.0,2618.999,2963.098,69.655,37.952,37.802,9.864,0.0,0.0
513,4.0,7.0,0.0,4.0,4.0,0.0,2633.699,3102.318,50.784,37.25,37.152,9.764,0.0,0.0
514,4.0,7.0,0.0,5.0,5.0,0.0,2470.001,3191.475,115.173,37.318,37.152,9.773,0.0,0.0
515,5.0,7.0,0.0,0.0,0.0,0.0,3243.063,2914.409,75.346,36.473,36.063,9.674,0.0,0.0
516,5.0,7.0,0.0,1.0,3.0,0.0,3340.879,3001.141,-41.052,37.553,37.37,9.833,0.0,0.0
517,5.0,7.0,0.0,2.0,4.0,0.0,3462.022,3032.552,88.857,37.673,36.879,9.707,0.0,0.0
518,5.0,7.0,0.0,3.0,5.0,0.0,3165.509,3078.382,48.943,37.664,37.36,9.846,0.0,0.0
519,5.0,7.0,0.0,4.0,6.0,0.0,3230.334,3086.547,88.79,37.598,37.139,9.808,0.0,0.0
520,5.0,7.0,0.0,5.0,7.0,0.0,3466.618,3135.45,93.017,39.94,30.133,9.142,0.0,0.0
521,5.0,7.0,0.0,6.0,9.0,0.0,3371.42,3243.842,-10.382,38.504,38.322,9.926,0.0,0.0
522,6.0,7.0,0.0,0.0,0.0,0.0,3565.139,2934.978,108.604,36.656,36.343,9.657,0.0,0.0
523,6.0,7.0,0.0,1.0,1.0,0.0,3692.47,3021.615,80.343,37.378,37.163,9.783,0.0,0.0
524,6.0,7.0,0.0,2.0,4.0,0.0,4003.897,3083.883,86.658,37.717,37.679,9.817,0.0,0.0
525,6.0,7.0,0.0,3.0,5.0,0.0,3914.305,3085.922,111.454,37.116,36.986,9.725,0.0,0.0
526,7.0,7.0,0.0,0.0,0.0,0.0,4509.705,2887.291,92.524,37.635,37.547,9.789,0.0,0.0
527,7.0,7.0,0.0,1.0,1.0,0.0,4313.179,2887.943,103.442,37.085,36.679,9.758,0.0,0.0
528,7.0,7.0,0.0,2.0,2.0,0.0,4218.668,2944.957,49.709,37.481,37.402,9.827,0.0,0.0
529,7.0,7.0,0.0,3.0,3.0,0.0,4301.08,2948.621,67.273,37.571,37.203,9.813,0.0,0.0
530,7.0,7.0,0.0,4.0,4.0,0.0,4405.948,3123.324,116.57,37.295,37.12,9.766,0.0,0.0
531,7.0,7.0,0.0,5.0,5.0,0.0,4464.406,3178.045,69.81,37.815,37.251,9.774,0.0,0.0
532,7.0,7.0,0.0,6.0,6.0,0.0,4538.62,3186.161,-7.217,37.804,37.519,9.808,0.0,0.0
535,8.0,7.0,0.0,1.0,2.0,0.0,5131.359,2914.393,102.145,37.647,37.447,9.855,0.0,0.0
536,8.0,7.0,0.0,2.0,3.0,0.0,5091.924,2969.209,71.615,37.839,37.664,9.831,0.0,0.0
537,8.0,7.0,0.0,3.0,4.0,0.0,4968.936,2983.638,59.034,37.403,36.963,9.76,0.0,0.0
538,8.0,7.0,0.0,4.0,6.0,0.0,4971.533,3129.141,69.109,37.542,37.364,9.83,0.0,0.0
539,8.0,7.0,0.0,5.0,7.0,0.0,4749.317,3167.319,78.225,37.655,37.468,9.859,0.0,0.0
540,9.0,7.0,0.0,0.0,3.0,0.0,5366.594,2918.755,103.674,36.86,36.628,9.722,0.0,0.0
541,9.0,7.0,0.0,1.0,4.0,0.0,5488.533,3005.479,129.245,37.125,36.641,9.603,0.0,0.0
542,9.0,7.0,0.0,2.0,5.0,0.0,5377.081,3028.689,106.384,37.434,37.183,9.793,0.0,0.0
543,9.0,7.0,0.0,3.0,6.0,0.0,5650.012,3029.314,101.124,37.685,37.657,9.81,0.0,0.0
544,9.0,7.0,0.0,4.0,7.0,0.0,5528.051,3049.198,76.633,37.75,37.563,9.807,0.0,0.0
545,9.0,7.0,0.0,5.0,8.0,0.0,5318.395,3082.025,63.567,37.841,37.598,9.823,0.0,0.0
546,9.0,7.0,0.0,6.0,10.0,0.0,5623.304,3165.759,107.623,38.334,38.087,9.874,0.0,0.0
548,0.0,8.0,0.0,0.0,2.0,0.0,173.354,3349.73,12.253,36.73,36.537,9.693,0.0,0.0
549,0.0,8.0,0.0,1.0,3.0,0.0,84.627,3534.773,73.292,37.067,36.48,9.729,0.0,0.0
550,0.0,8.0,0.0,2.0,4.0,0.0,465.398,3614.96,104.27,38.267,38.01,9.855,0.0,0.0
551,0.0,8.0,0.0,3.0,5.0,0.0,139.687,3627.065,89.264,38.128,38.108,9.927,0.0,0.0
552,0.0,8.0,0.0,4.0,6.0,0.0,55.357,3667.642,55.558,37.572,37.483,9.85,0.0,0.0
553,0.0,8.0,0.0,5.0,7.0,0.0,180.623,3682.848,-1.886,40.168,29.648,9.107,0.0,0.0
554,1.0,8.0,0.0,0.0,1.0,0.0,812.269,3342.185,57.348,36.679,36.544,9.687,0.0,0.0
555,1.0,8.0,0.0,1.0,2.0,0.0,670.492,3517.885,79.529,37.41,37.123,9.781,0.0,0.0
557,1.0,8.0,0.0,3.0,4.0,0.0,993.251,3628.131,27.718,37.962,37.851,9.872,0.0,0.0
558,2.0,8.0,0.0,0.0,0.0,0.0,1253.378,3364.679,70.131,37.186,36.707,9.775,0.0,0.0
559,2.0,8.0,0.0,1.0,1.0,0.0,1696.376,3384.906,-42.044,38.146,38.002,9.915,0.0,0.0
560,2.0,8.0,0.0,2.0,2.0,0.0,1392.304,3393.499,73.151,36.888,36.827,9.674,0.0,0.0
561,2.0,8.0,0.0,3.0,3.0,0.0,1268.732,3440.703,28.381,37.778,37.559,9.81,0.0,0.0
562,2.0,8.0,0.0,4.0,4.0,0.0,1597.742,3530.701,67.403,37.91,37.834,9.862,0.0,0.0
563,2.0,8.0,0.0,5.0,5.0,0.0,1595.241,3610.095,-37.933,38.272,38.196,9.88,0.0,0.0
564,2.0,8.0,0.0,6.0,6.0,0.0,1304.063,3624.453,78.234,37.554,37.379,9.834,0.0,0.0
565,2.0,8.0,0.0,7.0,7.0,0.0,1296.167,3672.435,-25.533,38.08,37.983,9.904,0.0,0.0
566,3.0,8.0,0.0,0.0,0.0,0.0,2231.41,3344.167,87.324,37.849,37.59,9.9,0.0,0.0
567,3.0,8.0,0.0,1.0,1.0,0.0,2089.113,3386.632,97.415,36.807,36.625,9.714,0.0,0.0
568,3.0,8.0,0.0,2.0,2.0,0.0,1898.129,3389.594,71.762,37.003,36.86,9.771,0.0,0.0
569,3.0,8.0,0.0,3.0,4.0,0.0,2232.422,3578.429,123.258,37.578,37.494,9.852,0.0,0.0
570,4.0,8.0,0.0,0.0,0.0,0.0,2493.656,3315.506,57.875,37.629,37.306,9.834,0.0,0.0
571,4.0,8.0,0.0,1.0,1.0,0.0,2597.717,3344.663,82.534,37.252,37.165,9.766,0.0,0.0
572,4.0,8.0,0.0,2.0,3.0,0.0,2560.855,3372.004,123.479,37.65,37.401,9.849,0.0,0.0
573,4.0,8.0,0.0,3.0,6.0,0.0,2850.819,3520.753,-33.957,37.552,37.343,9.829,0.0,0.0
575,4.0,8.0,0.0,5.0,8.0,0.0,2370.783,3577.313,46.831,37.609,37.404,9.845,0.0,0.0
576,5.0,8.0,0.0,0.0,0.0,0.0,3181.775,3302.79,71.336,37.3,36.983,9.749,0.0,0.0
577,5.0,8.0,0.0,1.0,1.0,0.0,3009.703,3344.915,83.956,37.427,37.227,9.797,0.0,0.0
578,5.0,8.0,0.0,2.0,2.0,0.0,3289.937,3386.364,58.316,37.639,37.474,9.78,0.0,0.0
579,5.0,8.0,0.0,3.0,3.0,0.0,3250.411,3510.163,40.049,36.985,36.572,9.731,0.0,0.0
580,5.0,8.0,0.0,4.0,4.0,0.0,3331.724,3546.782,105.048,37.426,37.17,9.79,0.0,0.0
581,5.0,8.0,0.0,5.0,5.0,0.0,3260.337,3637.779,20.338,37.499,37.397,9.752,0.0,0.0
582,5.0,8.0,0.0,6.0,6.0,0.0,3079.78,3677.111,-26.443,37.413,37.287,9.803,0.0,0.0
585,6.0,8.0,0.0,2.0,4.0,0.0,3650.971,3360.108,37.597,37.159,36.893,9.719,0.0,0.0
586,6.0,8.0,0.0,3.0,5.0,0.0,4001.471,3425.397,93.647,37.388,37.003,9.763,0.0,0.0
587,6.0,8.0,0.0,4.0,6.0,0.0,3742.295,3464.111,66.999,37.265,36.929,9.737,0.0,0.0
588,6.0,8.0,0.0,5.0,7.0,0.0,3998.218,3480.246,125.474,38.041,37.604,9.849,0.0,0.0
589,6.0,8.0,0.0,6.0,8.0,0.0,4036.916,3501.236,61.571,38.21,37.983,9.921,0.0,0.0
590,6.0,8.0,0.0,7.0,9.0,0.0,3839.79,3548.187,6.619,37.153,36.919,9.721,0.0,0.0
592,6.0,8.0,0.0,9.0,11.0,0.0,3791.172,3567.904,91.813,37.493,37.337,9.82,0.0,0.0
593,6.0,8.0,0.0,10.0,12.0,0.0,3634.121,3579.899,0.659,37.581,37.396,9.84,0.0,0.0
597,6.0,8.0,0.0,14.0,14.0,0.0,3517.094,3672.986,73.559,37.86,37.722,9.841,0.0,0.0
598,7.0,8.0,0.0,0.0,0.0,0.0,4228.307,3312.605,89.243,37.33,37.08,9.766,0.0,0.0
606,7.0,8.0,0.0,8.0,8.0,0.0,4151.48,3579.765,116.634,37.094,35.996,9.293,0.0,0.0
607,7.0,8.0,0.0,9.0,9.0,0.0,4579.587,3609.528,39.655,37.887,37.803,9.855,0.0,0.0
608,7.0,8.0,0.0,10.0,10.0,0.0,4462.67,3624.686,31.122,38.178,38.099,9.855,0.0,0.0
609,8.0,8.0,0.0,0.0,0.0,0.0,4961.324,3323.89,57.248,37.082,36.978,9.798,0.0,0.0
610,8.0,8.0,0.0,1.0,1.0,0.0,4851.757,3383.059,103.12,37.519,37.286,9.817,0.0,0.0
611,8.0,8.0,0.0,2.0,4.0,0.0,5049.907,3521.438,128.853,37.558,37.432,9.842,0.0,0.0
612,8.0,8.0,0.0,3.0,5.0,0.0,4847.293,3593.072,81.547,37.534,37.286,9.819,0.0,0.0
613,8.0,8.0,0.0,4.0,6.0,0.0,4749.86,3598.512,17.265,37.859,37.641,9.831,0.0,0.0
616,9.0,8.0,0.0,1.0,2.0,0.0,5413.598,3639.975,-7.407,37.454,37.362,9.819,0.0,0.0
617,9.0,8.0,0.0,2.0,3.0,0.0,5254.876,3656.949,83.666,38.005,37.804,9.871,0.0,0.0
618,0.0,9.0,0.0,0.0,2.0,0.0,333.535,3691.881,43.135,37.451,37.399,9.823,0.0,0.0
619,0.0,9.0,0.0,1.0,3.0,0.0,461.884,3699.511,71.899,37.193,37.012,9.817,0.0,0.0
620,0.0,9.0,0.0,2.0,6.0,0.0,496.919,3795.328,53.908,37.942,37.654,9.843,0.0,0.0
621,0.0,9.0,0.0,3.0,8.0,0.0,143.631,3820.55,25.377,36.699,36.587,9.695,0.0,0.0
622,0.0,9.0,0.0,4.0,11.0,0.0,157.307,3929.158,96.515,36.971,36.474,9.716,0.0,0.0
623,0.0,9.0,0.0,5.0,12.0,0.0,567.956,3951.349,105.75,38.277,38.031,9.859,0.0,0.0
624,0.0,9.0,0.0,6.0,15.0,0.0,423.09,4091.41,-5.193,39.889,28.942,9.078,0.0,0.0
625,1.0,9.0,0.0,0.0,0.0,0.0,680.167,3749.6,93.072,37.28,36.977,9.745,0.0,0.0
626,1.0,9.0,0.0,1.0,1.0,0.0,1081.691,3752.37,90.407,37.902,37.787,9.855,0.0,0.0
628,1.0,9.0,0.0,3.0,4.0,0.0,720.541,4042.528,47.643,37.56,37.395,9.76,0.0,0.0
629,2.0,9.0,0.0,0.0,2.0,0.0,1238.234,3973.383,-16.353,41.062,34.886,9.604,0.0,0.0
630,3.0,9.0,0.0,0.0,4.0,0.0,2007.481,4078.31,21.379,37.649,37.158,9.818,0.0,0.0
631,4.0,9.0,0.0,0.0,0.0,0.0,2410.518,3695.433,84.835,37.342,36.949,9.75,0.0,0.0
632,4.0,9.0,0.0,1.0,1.0,0.0,2459.934,3745.419,74.922,37.19,36.745,9.703,0.0,0.0
633,4.0,9.0,0.0,2.0,2.0,0.0,2513.162,3805.233,83.044,37.313,37.157,9.773,0.0,0.0
634,4.0,9.0,0.0,3.0,3.0,0.0,2792.563,3872.95,94.852,38.433,37.904,9.863,0.0,0.0
635,4.0,9.0,0.0,4.0,5.0,0.0,2327.512,4072.965,50.844,38.035,37.897,9.887,0.0,0.0
636,4.0,9.0,0.0,5.0,6.0,0.0,2372.716,4084.942,64.774,37.869,37.678,9.761,0.0,0.0
637,5.0,9.0,0.0,0.0,1.0,0.0,2981.621,3748.679,87.4,37.217,37.07,9.749,0.0,0.0
638,5.0,9.0,0.0,1.0,2.0,0.0,3425.461,3840.056,90.459,38.126,37.973,9.908,0.0,0.0
639,5.0,9.0,0.0,2.0,3.0,0.0,3026.774,3878.902,76.419,37.108,36.706,9.687,0.0,0.0
640,5.0,9.0,0.0,3.0,4.0,0.0,3467.017,3886.119,91.6,40.198,29.303,9.049,0.0,0.0
641,5.0,9.0,0.0,4.0,5.0,0.0,3192.136,3923.876,77.5,37.319,37.267,9.788,0.0,0.0
642,5.0,9.0,0.0,5.0,6.0,0.0,3380.584,3967.924,83.26,38.14,38.072,9.847,0.0,0.0
643,5.0,9.0,0.0,6.0,7.0,0.0,3183.15,4000.026,49.691,37.867,37.255,9.858,0.0,0.0
644,5.0,9.0,0.0,7.0,8.0,0.0,3040.883,4000.049,42.142,37.696,37.48,9.866,0.0,0.0
645,5.0,9.0,0.0,8.0,9.0,0.0,3294.277,4056.661,-31.523,37.598,37.396,9.842,0.0,0.0
646,5.0,9.0,0.0,9.0,11.0,0.0,2928.179,4088.378,0.034,38.799,34.101,9.481,0.0,0.0
647,6.0,9.0,0.0,0.0,2.0,0.0,3939.672,3718.013,100.167,37.637,37.569,9.792,0.0,0.0
648,6.0,9.0,0.0,1.0,3.0,0.0,3723.466,3820.776,13.196,37.257,37.156,9.766,0.0,0.0
649,6.0,9.0,0.0,2.0,4.0,0.0,3685.084,3831.327,73.973,37.723,37.307,9.846,0.0,0.0
650,6.0,9.0,0.0,3.0,6.0,0.0,3546.182,3840.782,95.263,37.235,36.933,9.811,0.0,0.0
651,6.0,9.0,0.0,4.0,8.0,0.0,3982.518,3887.118,94.912,37.679,37.299,9.763,0.0,0.0
652,6.0,9.0,0.0,5.0,9.0,0.0,3517.861,3891.533,83.578,37.21,37.084,9.75,0.0,0.0
653,6.0,9.0,0.0,6.0,10.0,0.0,3668.681,3956.655,37.672,37.142,36.976,9.727,0.0,0.0
654,6.0,9.0,0.0,7.0,12.0,0.0,3942.625,4001.768,117.401,38.169,37.884,9.902,0.0,0.0
655,6.0,9.0,0.0,8.0,13.0,0.0,3855.05,4042.354,96.826,37.83,37.544,9.814,0.0,0.0
656,6.0,9.0,0.0,9.0,14.0,0.0,3492.362,4054.529,69.783,37.81,37.578,9.894,0.0,0.0
657,7.0,9.0,0.0,0.0,0.0,0.0,4514.358,3698.666,66.022,37.927,37.574,9.831,0.0,0.0
658,7.0,9.0,0.0,1.0,2.0,0.0,4057.802,3836.185,71.636,37.304,36.586,9.697,0.0,0.0
659,7.0,9.0,0.0,2.0,3.0,0.0,4382.967,3837.096,51.747,37.586,37.297,9.75,0.0,0.0
660,7.0,9.0,0.0,3.0,4.0,0.0,4100.541,3916.196,-23.857,38.595,27.766,9.711,0.0,0.0
661,7.0,9.0,0.0,4.0,5.0,0.0,4598.349,3920.888,115.001,38.143,37.881,9.899,0.0,0.0
662,7.0,9.0,0.0,5.0,6.0,0.0,4197.282,3981.164,41.808,37.941,37.764,9.857,0.0,0.0
663,7.0,9.0,0.0,6.0,7.0,0.0,4065.043,3985.57,67.45,37.989,37.614,9.844,0.0,0.0
664,8.0,9.0,0.0,0.0,2.0,0.0,4957.653,3768.479,63.095,37.382,37.2,9.788,0.0,0.0
665,8.0,9.0,0.0,1.0,3.0,0.0,4851.828,3842.099,80.99,36.746,36.327,9.666,0.0,0.0
666,8.0,9.0,0.0,2.0,4.0,0.0,4776.631,3847.885,58.878,36.766,36.462,9.688,0.0,0.0
667,8.0,9.0,0.0,3.0,5.0,0.0,5080.561,3860.465,83.748,37.678,37.426,9.779,0.0,0.0
668,8.0,9.0,0.0,4.0,6.0,0.0,5000.452,3922.873,111.613,37.329,37.046,9.761,0.0,0.0
669,8.0,9.0,0.0,5.0,8.0,0.0,4830.592,3961.496,68.418,37.299,36.914,9.739,0.0,0.0
670,8.0,9.0,0.0,6.0,9.0,0.0,4961.478,3962.594,-0.935,37.196,37.05,9.822,0.0,0.0
671,8.0,9.0,0.0,7.0,10.0,0.0,5126.802,4000.107,118.862,37.199,37.133,9.755,0.0,0.0
672,8.0,9.0,0.0,8.0,11.0,0.0,4727.51,4009.109,60.174,37.816,37.447,9.877,0.0,0.0
673,9.0,9.0,0.0,0.0,1.0,0.0,5231.966,3815.077,76.819,32.685,31.302,9.161,0.0,0.0
674,9.0,9.0,0.0,1.0,2.0,0.0,5764.685,3834.601,2.307,38.164,38.093,9.853,0.0,0.0
675,9.0,9.0,0.0,2.0,4.0,0.0,5302.915,3962.766,63.158,37.445,37.154,9.79,0.0,0.0
676,9.0,9.0,0.0,3.0,5.0,0.0,5373.782,4037.29,20.358,37.898,37.683,9.841,0.0,0.0
677,9.0,9.0,0.0,4.0,6.0,0.0,5561.342,4081.518,94.612,38.254,38.229,9.882,0.0,0.0
678,9.0,9.0,0.0,5.0,7.0,0.0,5257.785,4091.229,-1.101,40.838,28.701,9.038,0.0,0.0
679,9.0,9.0,0.0,6.0,8.0,0.0,5599.51,4092.223,-4.017,40.636,27.235,8.917,0.0,0.0
680,0.0,10.0,0.0,0.0,1.0,0.0,52.981,4145.398,77.007,37.289,37.029,9.753,0.0,0.0
681,0.0,10.0,0.0,1.0,2.0,0.0,198.096,4333.079,72.171,36.559,36.384,9.728,0.0,0.0
682,0.0,10.0,0.0,2.0,3.0,0.0,303.18,4395.429,20.498,37.628,37.113,9.809,0.0,0.0
683,0.0,10.0,0.0,3.0,4.0,0.0,250.193,4400.164,-32.113,37.233,37.113,9.757,0.0,0.0
684,0.0,10.0,0.0,4.0,6.0,0.0,92.551,4478.923,88.019,37.577,37.531,9.78,0.0,0.0
685,1.0,10.0,0.0,0.0,0.0,0.0,857.632,4105.203,100.629,37.487,37.33,9.742,0.0,0.0
686,1.0,10.0,0.0,1.0,1.0,0.0,737.964,4197.919,65.85,37.403,36.982,9.762,0.0,0.0
687,1.0,10.0,0.0,2.0,2.0,0.0,799.139,4264.446,52.623,37.509,37.069,9.787,0.0,0.0
688,1.0,10.0,0.0,3.0,3.0,0.0,1137.872,4267.125,-39.104,37.469,37.131,9.791,0.0,0.0
689,1.0,10.0,0.0,4.0,4.0,0.0,1067.552,4300.458,-14.32,37.605,37.581,9.79,0.0,0.0
690,1.0,10.0,0.0,5.0,5.0,0.0,1107.903,4335.071,48.349,38.226,38.081,9.936,0.0,0.0
692,1.0,10.0,0.0,7.0,8.0,0.0,1049.583,4495.781,-5.458,38.626,35.324,9.627,0.0,0.0
693,2.0,10.0,0.0,0.0,0.0,0.0,1569.43,4100.993,59.016,37.924,37.751,9.853,0.0,0.0
694,2.0,10.0,0.0,1.0,1.0,0.0,1409.127,4150.213,75.81,37.272,37.041,9.753,0.0,0.0
695,2.0,10.0,0.0,2.0,2.0,0.0,1656.201,4152.543,38.592,37.192,36.996,9.736,0.0,0.0
696,2.0,10.0,0.0,3.0,3.0,0.0,1277.393,4159.037,101.605,37.028,36.738,9.681,0.0,0.0
697,2.0,10.0,0.0,4.0,4.0,0.0,1701.902,4198.072,72.704,37.999,37.774,9.866,0.0,0.0
698,2.0,10.0,0.0,5.0,5.0,0.0,1293.025,4234.782,68.605,37.2,36.797,9.948,0.0,0.0
699,2.0,10.0,0.0,6.0,5.0,0.0,1276.391,4201.353,64.031,37.079,36.624,9.992,0.0,0.0
700,2.0,10.0,0.0,7.0,7.0,0.0,1336.462,4286.542,56.483,37.388,37.123,9.779,0.0,0.0
701,3.0,10.0,0.0,0.0,2.0,0.0,1890.978,4223.64,121.102,37.307,36.92,9.742,0.0,0.0
702,3.0,10.0,0.0,1.0,3.0,0.0,1853.146,4242.75,10.237,37.245,37.077,9.754,0.0,0.0
703,3.0,10.0,0.0,2.0,4.0,0.0,2000.09,4324.067,-28.158,36.998,36.717,9.674,0.0,0.0
704,3.0,10.0,0.0,3.0,5.0,0.0,2065.559,4338.686,44.727,37.563,37.372,9.834,0.0,0.0
705,3.0,10.0,0.0,4.0,6.0,0.0,2286.948,4398.588,0.31,38.247,38.199,9.877,0.0,0.0
707,3.0,10.0,0.0,6.0,8.0,0.0,1899.502,4451.52,113.575,37.198,36.967,9.733,0.0,0.0
708,4.0,10.0,0.0,0.0,2.0,0.0,2679.221,4111.271,100.824,37.661,37.244,9.83,0.0,0.0
709,4.0,10.0,0.0,1.0,3.0,0.0,2548.977,4111.971,28.694,37.392,37.308,9.803,0.0,0.0
710,4.0,10.0,0.0,2.0,4.0,0.0,2484.344,4156.135,97.292,37.208,36.826,9.716,0.0,0.0
711,4.0,10.0,0.0,3.0,5.0,0.0,2478.713,4197.818,101.338,37.255,36.937,9.737,0.0,0.0
712,4.0,10.0,0.0,4.0,6.0,0.0,2669.475,4201.067,97.409,37.456,37.326,9.814,0.0,0.0
713,4.0,10.0,0.0,5.0,7.0,0.0,2854.711,4215.94,-26.298,37.773,37.706,9.828,0.0,0.0
714,4.0,10.0,0.0,6.0,8.0,0.0,2805.441,4218.398,98.275,37.515,37.298,9.818,0.0,0.0
715,4.0,10.0,0.0,7.0,9.0,0.0,2484.397,4237.617,72.505,37.668,37.286,9.836,0.0,0.0
716,4.0,10.0,0.0,8.0,10.0,0.0,2353.853,4289.502,81.575,37.091,36.816,9.777,0.0,0.0
717,4.0,10.0,0.0,9.0,11.0,0.0,2518.007,4345.289,72.854,37.231,36.969,9.738,0.0,0.0
718,5.0,10.0,0.0,0.0,1.0,0.0,3128.509,4111.467,54.398,36.997,36.953,9.705,0.0,0.0
719,5.0,10.0,0.0,1.0,2.0,0.0,3287.821,4136.504,73.06,37.608,36.74,9.756,0.0,0.0
720,5.0,10.0,0.0,2.0,3.0,0.0,2971.637,4146.249,111.594,36.738,36.509,9.69,0.0,0.0
721,5.0,10.0,0.0,3.0,4.0,0.0,3287.311,4282.309,68.2,37.973,37.645,9.846,0.0,0.0
722,5.0,10.0,0.0,4.0,5.0,0.0,3036.366,4289.875,67.826,37.347,37.251,9.79,0.0,0.0
723,5.0,10.0,0.0,5.0,6.0,0.0,3136.491,4463.255,77.514,37.385,37.162,9.783,0.0,0.0
724,5.0,10.0,0.0,6.0,7.0,0.0,3388.403,4473.271,-30.215,38.434,38.314,9.916,0.0,0.0
725,5.0,10.0,0.0,7.0,8.0,0.0,3321.195,4486.378,128.994,37.928,37.883,9.871,0.0,0.0
726,6.0,10.0,0.0,0.0,1.0,0.0,3682.847,4344.259,76.778,37.311,37.077,9.762,0.0,0.0
727,6.0,10.0,0.0,1.0,2.0,0.0,3568.515,4366.102,46.825,37.075,36.876,9.783,0.0,0.0
728,7.0,10.0,0.0,0.0,1.0,0.0,4464.666,4138.637,55.247,37.948,37.685,9.848,0.0,0.0
729,7.0,10.0,0.0,1.0,2.0,0.0,4550.058,4175.105,73.994,37.886,37.626,9.832,0.0,0.0
730,7.0,10.0,0.0,2.0,3.0,0.0,4055.391,4227.422,51.618,37.222,36.963,9.736,0.0,0.0
731,7.0,10.0,0.0,3.0,5.0,0.0,4531.216,4418.293,52.704,38.5,38.406,9.937,0.0,0.0
732,8.0,10.0,0.0,0.0,0.0,0.0,4826.197,4203.383,66.486,36.843,36.478,9.699,0.0,0.0
733,8.0,10.0,0.0,1.0,1.0,0.0,5195.252,4258.005,92.526,39.991,28.661,9.009,0.0,0.0
734,8.0,10.0,0.0,2.0,2.0,0.0,4768.288,4277.556,115.217,37.572,37.371,9.758,0.0,0.0
735,8.0,10.0,0.0,3.0,3.0,0.0,4636.483,4279.567,74.337,37.983,37.697,9.854,0.0,0.0
736,8.0,10.0,0.0,4.0,4.0,0.0,5108.045,4295.086,95.29,38.198,37.841,9.9,0.0,0.0
737,8.0,10.0,0.0,5.0,5.0,0.0,5168.934,4349.244,105.544,38.397,38.103,9.884,0.0,0.0
738,8.0,10.0,0.0,6.0,6.0,0.0,5032.221,4362.897,122.503,38.02,37.763,9.868,0.0,0.0
739,8.0,10.0,0.0,7.0,8.0,0.0,4659.707,4495.511,3.444,38.438,35.431,9.538,0.0,0.0
740,9.0,10.0,0.0,0.0,3.0,0.0,5607.391,4166.438,102.828,37.499,37.348,9.823,0.0,0.0
741,9.0,10.0,0.0,1.0,5.0,0.0,5583.21,4212.981,70.429,37.998,37.707,9.857,0.0,0.0
742,9.0,10.0,0.0,2.0,6.0,0.0,5491.817,4217.706,64.752,37.191,37.012,9.738,0.0,0.0
743,9.0,10.0,0.0,3.0,9.0,0.0,5665.305,4394.73,95.984,38.392,38.112,9.884,0.0,0.0
744,9.0,10.0,0.0,4.0,10.0,0.0,5383.518,4410.679,54.982,37.459,37.107,9.709,0.0,0.0
745,9.0,10.0,0.0,5.0,11.0,0.0,5279.829,4448.055,47.522,37.702,37.432,9.783,0.0,0.0
746,9.0,10.0,0.0,6.0,12.0,0.0,5709.658,4454.539,64.867,38.71,38.226,9.94,0.0,0.0
747,0.0,11.0,0.0,0.0,1.0,0.0,343.706,4545.512,118.378,37.712,37.601,9.806,0.0,0.0
748,0.0,11.0,0.0,1.0,3.0,0.0,250.141,4629.248,42.431,36.759,36.573,9.701,0.0,0.0
749,0.0,11.0,0.0,2.0,4.0,0.0,327.037,4630.117,9.2,36.579,36.438,9.66,0.0,0.0
750,0.0,11.0,0.0,3.0,5.0,0.0,49.813,4647.567,61.654,37.264,36.919,9.735,0.0,0.0
751,0.0,11.0,0.0,4.0,6.0,0.0,129.199,4800.215,84.567,36.857,36.38,9.688,0.0,0.0
752,0.0,11.0,0.0,5.0,7.0,0.0,478.149,4858.784,125.338,38.111,37.798,9.884,0.0,0.0
753,1.0,11.0,0.0,0.0,1.0,0.0,1093.815,4557.231,83.252,37.501,37.179,9.8,0.0,0.0
754,1.0,11.0,0.0,1.0,2.0,0.0,1124.911,4588.057,-43.639,37.987,37.779,9.865,0.0,0.0
755,1.0,11.0,0.0,2.0,3.0,0.0,1128.494,4652.596,99.805,37.836,37.762,9.843,0.0,0.0
756,1.0,11.0,0.0,3.0,4.0,0.0,1003.752,4659.632,79.249,37.539,37.3,9.822,0.0,0.0
757,1.0,11.0,0.0,4.0,5.0,0.0,748.34,4686.029,87.77,37.439,37.088,9.781,0.0,0.0
758,1.0,11.0,0.0,5.0,6.0,0.0,682.128,4759.052,91.466,37.33,37.09,9.767,0.0,0.0
759,1.0,11.0,0.0,6.0,7.0,0.0,1006.293,4767.545,82.816,36.923,36.774,9.749,0.0,0.0
760,1.0,11.0,0.0,7.0,8.0,0.0,914.712,4803.461,82.38,37.812,37.512,9.808,0.0,0.0
761,1.0,11.0,0.0,8.0,9.0,0.0,626.487,4817.793,107.751,37.812,37.69,9.831,0.0,0.0
762,1.0,11.0,0.0,9.0,10.0,0.0,774.136,4857.695,41.087,37.181,36.888,9.799,0.0,0.0
763,1.0,11.0,0.0,10.0,11.0,0.0,856.781,4876.897,-23.914,37.33,37.255,9.789,0.0,0.0
764,2.0,11.0,0.0,0.0,2.0,0.0,1272.388,4868.879,46.835,37.25,37.088,9.756,0.0,0.0
765,3.0,11.0,0.0,0.0,0.0,0.0,2023.506,4562.463,70.393,37.454,37.014,9.773,0.0,0.0
766,3.0,11.0,0.0,1.0,1.0,0.0,2098.377,4653.262,59.321,37.522,37.385,9.753,0.0,0.0
767,3.0,11.0,0.0,2.0,2.0,0.0,2067.167,4693.512,51.926,37.311,36.929,9.59,0.0,0.0
768,3.0,11.0,0.0,3.0,3.0,0.0,1836.259,4694.391,53.726,37.562,37.229,9.815,0.0,0.0
769,3.0,11.0,0.0,4.0,4.0,0.0,2288.04,4712.414,111.875,37.694,37.261,9.759,0.0,0.0
770,3.0,11.0,0.0,5.0,6.0,0.0,2041.584,4798.318,105.55,37.888,37.772,9.851,0.0,0.0
771,3.0,11.0,0.0,6.0,8.0,0.0,1825.727,4821.851,65.321,37.698,37.095,9.815,0.0,0.0
772,4.0,11.0,0.0,0.0,0.0,0.0,2435.933,4561.856,74.26,37.636,37.143,9.813,0.0,0.0
773,4.0,11.0,0.0,1.0,1.0,0.0,2778.264,4571.65,78.631,37.869,37.496,9.89,0.0,0.0
775,4.0,11.0,0.0,3.0,4.0,0.0,2888.988,4707.021,93.842,39.414,33.209,9.363,0.0,0.0
776,4.0,11.0,0.0,4.0,5.0,0.0,2458.673,4739.954,96.686,36.875,36.452,9.701,0.0,0.0
777,4.0,11.0,0.0,5.0,6.0,0.0,2529.243,4757.629,58.692,33.396,33.083,9.254,0.0,0.0
778,4.0,11.0,0.0,6.0,7.0,0.0,2386.312,4780.316,114.201,37.06,36.904,9.707,0.0,0.0
779,4.0,11.0,0.0,7.0,8.0,0.0,2776.286,4798.96,64.021,37.03,35.828,9.265,0.0,0.0
780,4.0,11.0,0.0,8.0,10.0,0.0,2414.395,4884.156,69.605,37.687,37.449,9.783,0.0,0.0
781,5.0,11.0,0.0,0.0,2.0,0.0,3115.452,4515.272,74.205,36.241,35.594,9.581,0.0,0.0
782,5.0,11.0,0.0,1.0,3.0,0.0,3113.552,4587.138,96.504,37.213,36.156,9.706,0.0,0.0
783,5.0,11.0,0.0,2.0,3.0,0.0,3078.255,4583.566,103.509,36.653,35.722,9.653,0.0,0.0
784,5.0,11.0,0.0,3.0,5.0,0.0,3317.134,4645.93,65.897,37.194,36.774,9.707,0.0,0.0
785,5.0,11.0,0.0,4.0,6.0,0.0,3126.107,4650.196,71.069,37.253,37.054,9.752,0.0,0.0
786,5.0,11.0,0.0,5.0,7.0,0.0,3432.691,4688.733,85.805,37.652,37.476,9.782,0.0,0.0
787,5.0,11.0,0.0,6.0,8.0,0.0,3389.16,4698.897,81.563,37.676,37.279,9.837,0.0,0.0
788,5.0,11.0,0.0,7.0,10.0,0.0,3425.786,4753.265,44.808,38.089,37.67,9.864,0.0,0.0
790,5.0,11.0,0.0,9.0,12.0,0.0,3268.225,4837.847,95.397,38.035,37.738,9.866,0.0,0.0
791,6.0,11.0,0.0,0.0,0.0,0.0,3742.912,4518.632,78.649,37.682,37.258,9.835,0.0,0.0
792,6.0,11.0,0.0,1.0,1.0,0.0,3999.32,4538.796,66.098,38.006,37.59,9.843,0.0,0.0
793,6.0,11.0,0.0,2.0,2.0,0.0,3501.371,4543.958,58.954,37.089,36.797,9.697,0.0,0.0
794,6.0,11.0,0.0,3.0,3.0,0.0,3724.152,4561.943,76.835,37.599,37.417,9.768,0.0,0.0
795,6.0,11.0,0.0,4.0,4.0,0.0,3634.967,4570.305,77.45,37.811,37.58,9.894,0.0,0.0
796,6.0,11.0,0.0,5.0,5.0,0.0,3992.679,4588.652,81.86,37.756,37.505,9.8,0.0,0.0
797,6.0,11.0,0.0,6.0,6.0,0.0,3683.399,4595.466,50.525,37.724,37.192,9.754,0.0,0.0
798,6.0,11.0,0.0,7.0,9.0,0.0,3668.467,4779.204,79.417,37.178,36.972,9.731,0.0,0.0
799,6.0,11.0,0.0,8.0,10.0,0.0,3993.551,4795.183,119.432,38.412,36.717,9.853,0.0,0.0
800,6.0,11.0,0.0,9.0,11.0,0.0,3757.084,4805.912,117.636,37.772,37.668,9.901,0.0,0.0
801,6.0,11.0,0.0,10.0,12.0,0.0,3590.32,4877.07,45.822,36.95,36.767,9.752,0.0,0.0
802,7.0,11.0,0.0,0.0,1.0,0.0,4521.248,4546.001,69.003,37.351,37.044,9.763,0.0,0.0
803,7.0,11.0,0.0,1.0,2.0,0.0,4570.653,4574.644,132.671,37.781,37.692,9.752,0.0,0.0
804,7.0,11.0,0.0,2.0,3.0,0.0,4606.17,4658.58,114.521,37.756,37.323,9.776,0.0,0.0
805,7.0,11.0,0.0,3.0,4.0,0.0,4267.439,4706.907,56.665,37.604,37.333,9.834,0.0,0.0
806,7.0,11.0,0.0,4.0,5.0,0.0,4317.301,4711.288,56.131,37.477,37.088,9.786,0.0,0.0
807,7.0,11.0,0.0,5.0,6.0,0.0,4217.232,4731.267,58.532,37.593,36.918,9.777,0.0,0.0
808,7.0,11.0,0.0,6.0,7.0,0.0,4440.866,4822.515,124.107,37.833,37.463,9.804,0.0,0.0
809,7.0,11.0,0.0,7.0,8.0,0.0,4121.702,4865.338,-33.602,37.313,37.025,9.756,0.0,0.0
810,7.0,11.0,0.0,8.0,9.0,0.0,4187.577,4907.793,-2.268,41.47,27.62,8.969,0.0,0.0
811,8.0,11.0,0.0,0.0,1.0,0.0,4989.642,4509.793,120.005,37.032,36.846,9.773,0.0,0.0
812,8.0,11.0,0.0,1.0,4.0,0.0,5044.465,4727.484,55.699,37.808,37.334,9.861,0.0,0.0
813,8.0,11.0,0.0,2.0,5.0,0.0,5083.211,4789.85,31.622,37.789,37.532,9.807,0.0,0.0
814,8.0,11.0,0.0,3.0,6.0,0.0,5152.404,4813.703,-37.324,38.433,38.401,9.927,0.0,0.0
815,8.0,11.0,0.0,4.0,7.0,0.0,4871.934,4884.066,56.564,37.477,37.266,9.809,0.0,0.0
816,8.0,11.0,0.0,5.0,8.0,0.0,4824.724,4890.954,-40.1,37.352,37.157,9.778,0.0,0.0
817,9.0,11.0,0.0,0.0,1.0,0.0,5410.217,4534.322,77.327,36.749,36.514,9.771,0.0,0.0
818,9.0,11.0,0.0,1.0,3.0,0.0,5301.383,4833.997,8.007,37.353,37.175,9.704,0.0,0.0
819,9.0,11.0,0.0,2.0,4.0,0.0,5578.742,4906.929,-4.659,40.351,30.012,9.124,0.0,0.0
820,0.0,12.0,0.0,0.0,0.0,0.0,143.925,4933.721,108.082,36.835,36.775,9.738,0.0,0.0
821,0.0,12.0,0.0,1.0,2.0,0.0,360.192,5023.38,-41.243,37.73,37.522,9.798,0.0,0.0
822,0.0,12.0,0.0,2.0,3.0,0.0,441.857,5050.145,111.797,38.166,37.879,9.902,0.0,0.0
823,0.0,12.0,0.0,3.0,4.0,0.0,306.386,5090.611,121.144,37.309,37.006,9.831,0.0,0.0
824,0.0,12.0,0.0,4.0,5.0,0.0,260.929,5143.616,69.395,37.575,37.417,9.842,0.0,0.0
825,0.0,12.0,0.0,5.0,6.0,0.0,583.773,5185.059,91.824,39.034,35.268,9.593,0.0,0.0
826,0.0,12.0,0.0,6.0,7.0,0.0,257.323,5213.977,79.351,37.208,36.989,9.738,0.0,0.0
827,0.0,12.0,0.0,7.0,8.0,0.0,291.681,5257.517,58.177,37.522,37.256,9.814,0.0,0.0
828,0.0,12.0,0.0,8.0,9.0,0.0,545.544,5313.0,-4.189,39.027,33.597,9.453,0.0,0.0
829,1.0,12.0,0.0,0.0,0.0,0.0,817.236,5036.712,122.42,36.612,36.501,9.672,0.0,0.0
830,1.0,12.0,0.0,1.0,1.0,0.0,689.413,5089.065,36.783,37.397,37.065,9.772,0.0,0.0
831,1.0,12.0,0.0,2.0,2.0,0.0,773.774,5167.367,70.824,37.446,37.119,9.786,0.0,0.0
832,1.0,12.0,0.0,3.0,5.0,0.0,872.872,5290.665,111.194,37.656,37.416,9.852,0.0,0.0
833,1.0,12.0,0.0,4.0,6.0,0.0,1150.18,5310.798,-2.403,38.632,36.7,9.732,0.0,0.0
834,2.0,12.0,0.0,0.0,0.0,0.0,1620.743,4918.126,77.782,37.457,37.193,9.797,0.0,0.0
835,2.0,12.0,0.0,1.0,1.0,0.0,1425.646,4936.419,-6.056,37.176,36.97,9.731,0.0,0.0
836,2.0,12.0,0.0,2.0,2.0,0.0,1284.219,4959.533,-15.81,37.354,37.18,9.782,0.0,0.0
837,2.0,12.0,0.0,3.0,3.0,0.0,1360.814,5073.08,110.213,37.215,37.038,9.745,0.0,0.0
838,2.0,12.0,0.0,4.0,4.0,0.0,1284.807,5108.399,68.832,37.162,36.901,9.72,0.0,0.0
839,2.0,12.0,0.0,5.0,6.0,0.0,1497.333,5168.024,117.415,37.772,37.701,9.827,0.0,0.0
840,2.0,12.0,0.0,6.0,7.0,0.0,1236.264,5170.595,52.624,37.585,37.285,9.825,0.0,0.0
841,2.0,12.0,0.0,7.0,8.0,0.0,1186.962,5202.537,22.735,37.147,36.858,9.712,0.0,0.0
842,2.0,12.0,0.0,8.0,10.0,0.0,1575.263,5241.972,11.057,38.061,37.995,9.827,0.0,0.0
843,2.0,12.0,0.0,9.0,11.0,0.0,1312.996,5309.797,1.853,38.302,37.687,9.895,0.0,0.0
844,3.0,12.0,0.0,0.0,0.0,0.0,2012.48,5118.323,87.079,37.179,37.076,9.745,0.0,0.0
845,3.0,12.0,0.0,1.0,1.0,0.0,1972.475,5141.652,54.904,37.967,37.665,9.848,0.0,0.0
846,3.0,12.0,0.0,2.0,2.0,0.0,1870.188,5184.957,65.096,37.378,36.795,9.734,0.0,0.0
847,3.0,12.0,0.0,3.0,3.0,0.0,1916.052,5233.234,87.96,37.44,37.11,9.784,0.0,0.0
848,3.0,12.0,0.0,4.0,4.0,0.0,2189.451,5299.15,124.856,38.261,36.926,9.488,0.0,0.0
849,3.0,12.0,0.0,5.0,5.0,0.0,1830.169,5314.866,-5.246,42.035,29.606,9.171,0.0,0.0
850,4.0,12.0,0.0,0.0,1.0,0.0,2660.506,4974.751,88.568,36.958,36.827,9.761,0.0,0.0
851,4.0,12.0,0.0,1.0,2.0,0.0,2807.972,5056.625,49.712,37.837,37.743,9.841,0.0,0.0
852,4.0,12.0,0.0,2.0,3.0,0.0,2346.227,5086.286,21.139,36.944,36.874,9.765,0.0,0.0
853,4.0,12.0,0.0,3.0,4.0,0.0,2704.716,5120.296,114.132,37.73,37.416,9.784,0.0,0.0
854,4.0,12.0,0.0,4.0,5.0,0.0,2484.095,5127.171,44.795,37.209,36.949,9.732,0.0,0.0
855,4.0,12.0,0.0,5.0,6.0,0.0,2487.612,5192.196,84.446,37.63,37.21,9.821,0.0,0.0
856,4.0,12.0,0.0,6.0,7.0,0.0,2348.228,5200.834,36.723,38.094,37.614,9.858,0.0,0.0
857,4.0,12.0,0.0,7.0,8.0,0.0,2595.789,5309.01,3.865,38.237,38.091,9.939,0.0,0.0
858,4.0,12.0,0.0,8.0,9.0,0.0,2778.676,5312.003,-6.317,39.101,35.368,9.545,0.0,0.0
859,5.0,12.0,0.0,0.0,0.0,0.0,2948.821,4935.713,74.504,37.357,37.12,9.774,0.0,0.0
860,5.0,12.0,0.0,1.0,1.0,0.0,3066.003,4956.244,76.798,37.287,36.98,9.747,0.0,0.0
861,5.0,12.0,0.0,2.0,2.0,0.0,3389.351,5082.896,106.623,37.743,37.655,9.817,0.0,0.0
862,5.0,12.0,0.0,3.0,3.0,0.0,3090.144,5131.473,122.259,37.15,36.965,9.727,0.0,0.0
863,5.0,12.0,0.0,4.0,4.0,0.0,2965.259,5175.06,66.842,37.344,37.058,9.764,0.0,0.0
864,5.0,12.0,0.0,5.0,5.0,0.0,3467.694,5215.143,92.363,41.086,27.906,9.022,0.0,0.0
865,5.0,12.0,0.0,6.0,7.0,0.0,3114.96,5300.638,8.974,37.684,37.377,9.851,0.0,0.0
866,5.0,12.0,0.0,7.0,8.0,0.0,2933.543,5316.099,-1.063,41.656,26.784,8.911,0.0,0.0
867,5.0,12.0,0.0,8.0,9.0,0.0,3167.373,5316.86,-3.39,41.071,25.39,8.831,0.0,0.0
868,6.0,12.0,0.0,0.0,0.0,0.0,4030.225,4928.947,113.254,37.916,37.362,9.802,0.0,0.0
869,6.0,12.0,0.0,1.0,1.0,0.0,3792.372,5009.733,68.866,37.374,37.121,9.776,0.0,0.0
870,6.0,12.0,0.0,2.0,2.0,0.0,4031.974,5031.959,128.962,38.162,37.75,9.885,0.0,0.0
871,6.0,12.0,0.0,3.0,3.0,0.0,3537.242,5048.558,95.793,37.459,37.045,9.777,0.0,0.0
872,6.0,12.0,0.0,4.0,4.0,0.0,4045.138,5103.472,92.001,42.114,24.442,8.728,0.0,0.0
873,6.0,12.0,0.0,5.0,5.0,0.0,3768.171,5106.384,94.363,36.924,36.724,9.743,0.0,0.0
874,6.0,12.0,0.0,6.0,7.0,0.0,3880.812,5300.971,-43.698,38.227,37.795,9.898,0.0,0.0
875,7.0,12.0,0.0,0.0,2.0,0.0,4547.324,4939.717,116.75,37.862,37.542,9.818,0.0,0.0
876,7.0,12.0,0.0,1.0,3.0,0.0,4207.844,4968.992,66.276,37.509,37.4,9.754,0.0,0.0
877,7.0,12.0,0.0,2.0,5.0,0.0,4581.098,5047.637,113.533,38.281,38.043,9.861,0.0,0.0
878,7.0,12.0,0.0,3.0,7.0,0.0,4544.793,5112.818,10.923,38.194,37.933,9.913,0.0,0.0
879,7.0,12.0,0.0,4.0,8.0,0.0,4458.392,5116.517,76.848,37.736,37.723,9.825,0.0,0.0
880,7.0,12.0,0.0,5.0,9.0,0.0,4088.61,5138.792,41.874,37.811,37.545,9.89,0.0,0.0
881,7.0,12.0,0.0,6.0,10.0,0.0,4126.059,5294.065,48.308,37.397,37.039,9.769,0.0,0.0
882,7.0,12.0,0.0,7.0,11.0,0.0,4260.969,5315.377,-2.776,40.16,28.691,9.057,0.0,0.0
883,8.0,12.0,0.0,0.0,2.0,0.0,4706.472,4946.168,88.773,37.61,37.427,9.847,0.0,0.0
884,8.0,12.0,0.0,1.0,3.0,0.0,4923.946,4965.361,111.131,37.094,36.997,9.723,0.0,0.0
885,8.0,12.0,0.0,2.0,4.0,0.0,4716.749,4986.168,83.973,37.561,37.397,9.76,0.0,0.0
886,8.0,12.0,0.0,3.0,5.0,0.0,4865.456,4995.081,55.563,37.631,37.331,9.838,0.0,0.0
887,8.0,12.0,0.0,4.0,6.0,0.0,5088.373,5051.282,32.859,38.146,37.776,9.81,0.0,0.0
888,8.0,12.0,0.0,5.0,7.0,0.0,4960.052,5074.923,64.408,37.866,37.545,9.819,0.0,0.0
889,8.0,12.0,0.0,6.0,8.0,0.0,5104.555,5155.166,29.749,38.31,37.883,9.922,0.0,0.0
891,9.0,12.0,0.0,1.0,2.0,0.0,5416.304,4988.798,54.584,37.146,36.982,9.728,0.0,0.0
892,9.0,12.0,0.0,2.0,3.0,0.0,5743.634,4989.808,107.973,37.99,37.418,9.819,0.0,0.0
893,9.0,12.0,0.0,3.0,4.0,0.0,5275.423,5012.8,77.867,37.399,37.277,9.723,0.0,0.0
894,9.0,12.0,0.0,4.0,5.0,0.0,5454.915,5062.895,42.364,37.734,37.587,9.807,0.0,0.0
895,9.0,12.0,0.0,5.0,6.0,0.0,5695.002,5162.599,75.107,38.295,38.086,9.869,0.0,0.0
896,9.0,12.0,0.0,6.0,8.0,0.0,5627.125,5181.403,92.214,37.952,37.875,9.873,0.0,0.0
897,9.0,12.0,0.0,7.0,9.0,0.0,5248.144,5228.376,42.223,38.342,37.941,9.933,0.0,0.0
898,9.0,12.0,0.0,8.0,10.0,0.0,5698.883,5289.766,118.013,38.205,38.145,9.79,0.0,0.0
</ResultDatas>,,,,,,,,,,,,,,
<ElementResult>,,,,,,,,,,,,,,
0,0.0,,,,,,,,,,,,,
1,0.0,,,,,,,,,,,,,
2,0.0,,,,,,,,,,,,,
3,0.0,,,,,,,,,,,,,
4,0.0,,,,,,,,,,,,,
5,838.0,,,,,,,,,,,,,
</ElementResult>,,,,,,,,,,,,,,
0,0.0,0.0,0.0,0.0,0.0,0.0,28.432,21.787,62.32,37.772,37.411,9.79,0.0,0.0
1,0.0,0.0,0.0,1.0,1.0,0.0,138.067,76.648,42.037,37.75,37.466,9.871,0.0,0.0
2,0.0,0.0,0.0,2.0,2.0,0.0,510.741,106.415,86.249,37.385,37.237,9.793,0.0,0.0
3,0.0,0.0,0.0,3.0,3.0,0.0,319.632,113.424,105.123,36.883,36.534,9.712,0.0,0.0
4,0.0,0.0,0.0,4.0,4.0,0.0,162.415,242.4,62.339,37.394,37.062,9.694,0.0,0.0
5,0.0,0.0,0.0,5.0,6.0,0.0,149.539,404.323,37.519,38.152,37.986,9.837,0.0,0.0
6,1.0,0.0,0.0,0.0,1.0,0.0,677.85,61.447,71.693,37.472,36.744,9.663,0.0,0.0
7,1.0,0.0,0.0,1.0,2.0,0.0,919.893,78.618,69.585,37.438,36.818,9.745,0.0,0.0
8,1.0,0.0,0.0,2.0,3.0,0.0,1044.722,133.006,77.63,36.93,36.616,9.729,0.0,0.0
9,1.0,0.0,0.0,3.0,4.0,0.0,717.111,135.81,80.099,37.463,36.88,9.756,0.0,0.0
10,1.0,0.0,0.0,4.0,5.0,0.0,1008.728,238.26,123.621,37.908,37.691,9.844,0.0,0.0
11,1.0,0.0,0.0,5.0,6.0,0.0,895.725,252.161,98.909,37.325,36.922,9.822,0.0,0.0
12,1.0,0.0,0.0,6.0,7.0,0.0,905.614,307.917,74.696,37.708,37.518,9.872,0.0,0.0
13,1.0,0.0,0.0,7.0,8.0,0.0,802.061,331.587,17.084,38.065,37.8,9.878,0.0,0.0
14,1.0,0.0,0.0,8.0,9.0,0.0,634.869,395.356,-14.159,38.163,38.064,9.849,0.0,0.0
15,2.0,0.0,0.0,0.0,2.0,0.0,1585.592,78.261,119.479,37.595,37.245,9.822,0.0,0.0
16,2.0,0.0,0.0,1.0,3.0,0.0,1505.407,148.303,78.33,37.55,37.475,9.846,0.0,0.0
17,2.0,0.0,0.0,2.0,4.0,0.0,1375.178,256.116,66.398,37.552,37.184,9.808,0.0,0.0
18,2.0,0.0,0.0,3.0,5.0,0.0,1345.141,296.401,52.148,37.631,37.205,9.744,0.0,0.0
19,2.0,0.0,0.0,4.0,6.0,0.0,1472.445,377.43,17.548,37.786,37.468,9.799,0.0,0.0
20,2.0,0.0,0.0,5.0,7.0,0.0,1676.31,401.583,125.547,38.078,37.922,9.896,0.0,0.0
21,2.0,0.0,0.0,6.0,8.0,0.0,1298.044,406.751,-33.179,38.554,38.378,9.864,0.0,0.0
22,2.0,0.0,0.0,7.0,9.0,0.0,1216.587,416.657,-0.582,39.64,33.744,9.461,0.0,0.0
23,2.0,0.0,0.0,8.0,10.0,0.0,1531.453,417.483,-3.943,39.985,32.718,9.376,0.0,0.0
24,3.0,0.0,0.0,0.0,0.0,0.0,2189.122,46.976,99.786,36.638,36.423,9.665,0.0,0.0
25,3.0,0.0,0.0,1.0,1.0,0.0,1991.039,68.507,77.835,37.411,36.973,9.762,0.0,0.0
27,3.0,0.0,0.0,3.0,3.0,0.0,2143.478,243.994,78.26,37.728,37.318,9.772,0.0,0.0
28,3.0,0.0,0.0,4.0,4.0,0.0,1992.865,247.92,78.25,37.121,36.845,9.707,0.0,0.0
29,3.0,0.0,0.0,5.0,5.0,0.0,2100.754,347.886,105.358,38.126,37.963,9.831,0.0,0.0
30,3.0,0.0,0.0,6.0,6.0,0.0,2118.094,411.746,105.457,37.679,37.472,9.785,0.0,0.0
31,4.0,0.0,0.0,0.0,0.0,0.0,2836.112,40.275,-5.939,37.392,37.173,9.786,0.0,0.0
32,4.0,0.0,0.0,1.0,1.0,0.0,2574.555,71.019,78.847,37.029,36.672,9.672,0.0,0.0
33,4.0,0.0,0.0,2.0,2.0,0.0,2769.076,99.806,103.27,37.453,37.266,9.806,0.0,0.0
34,4.0,0.0,0.0,3.0,3.0,0.0,2591.945,311.459,102.217,37.623,37.556,9.866,0.0,0.0
35,4.0,0.0,0.0,4.0,5.0,0.0,2466.978,360.964,127.158,37.597,37.421,9.845,0.0,0.0
36,4.0,0.0,0.0,5.0,6.0,0.0,2396.554,367.245,50.091,37.855,37.46,9.884,0.0,0.0
37,4.0,0.0,0.0,6.0,8.0,0.0,2651.353,419.413,-3.683,40.422,28.854,9.041,0.0,0.0
38,5.0,0.0,0.0,0.0,0.0,0.0,3352.322,42.303,82.304,36.977,36.6,9.733,0.0,0.0
39,5.0,0.0,0.0,1.0,1.0,0.0,3129.51,64.723,60.552,36.729,36.575,9.697,0.0,0.0
40,5.0,0.0,0.0,2.0,2.0,0.0,2925.867,93.738,82.754,37.06,36.782,9.691,0.0,0.0
41,5.0,0.0,0.0,3.0,3.0,0.0,3455.897,277.637,120.915,38.097,37.82,9.885,0.0,0.0
42,6.0,0.0,0.0,0.0,1.0,0.0,3806.17,78.074,70.692,36.999,36.808,9.686,0.0,0.0
43,6.0,0.0,0.0,1.0,2.0,0.0,3652.372,81.607,71.554,36.955,36.617,9.733,0.0,0.0
44,6.0,0.0,0.0,2.0,3.0,0.0,3730.698,92.015,83.738,36.95,36.655,9.737,0.0,0.0
45,6.0,0.0,0.0,3.0,4.0,0.0,3992.405,157.3,-29.887,37.754,37.543,9.804,0.0,0.0
46,6.0,0.0,0.0,4.0,5.0,0.0,3704.156,239.414,-28.276,36.801,36.554,9.704,0.0,0.0
47,7.0,0.0,0.0,0.0,1.0,0.0,4348.329,63.503,56.636,37.372,37.116,9.776,0.0,0.0
49,7.0,0.0,0.0,2.0,3.0,0.0,4428.107,193.428,32.763,37.013,36.931,9.782,0.0,0.0
50,7.0,0.0,0.0,3.0,4.0,0.0,4581.019,236.203,81.739,38.593,38.108,9.91,0.0,0.0
51,7.0,0.0,0.0,4.0,5.0,0.0,4153.424,277.975,75.217,37.837,37.409,9.798,0.0,0.0
52,8.0,0.0,0.0,0.0,0.0,0.0,4707.99,115.364,115.4,37.18,36.887,9.643,0.0,0.0
53,8.0,0.0,0.0,1.0,1.0,0.0,5049.261,139.666,51.196,36.918,36.795,9.752,0.0,0.0
54,8.0,0.0,0.0,2.0,2.0,0.0,5155.479,143.99,53.945,37.637,37.41,9.849,0.0,0.0
55,8.0,0.0,0.0,3.0,3.0,0.0,5146.562,280.344,61.84,37.715,37.255,9.762,0.0,0.0
56,9.0,0.0,0.0,0.0,1.0,0.0,5770.116,65.383,90.651,39.868,31.004,9.241,0.0,0.0
57,9.0,0.0,0.0,1.0,2.0,0.0,5393.552,178.205,98.804,37.644,37.485,9.782,0.0,0.0
58,9.0,0.0,0.0,2.0,3.0,0.0,5368.014,248.337,71.116,38.004,37.753,9.864,0.0,0.0
59,9.0,0.0,0.0,3.0,4.0,0.0,5771.717,261.046,91.461,40.188,27.764,8.95,0.0,0.0
60,9.0,0.0,0.0,4.0,5.0,0.0,5424.79,305.465,49.715,37.296,36.777,9.799,0.0,0.0
61,9.0,0.0,0.0,5.0,7.0,0.0,5724.356,420.524,-4.378,40.453,26.818,8.853,0.0,0.0
62,0.0,1.0,0.0,0.0,1.0,0.0,562.255,445.681,114.921,37.853,37.531,9.816,0.0,0.0
63,0.0,1.0,0.0,1.0,2.0,0.0,300.35,489.557,88.84,37.207,36.584,9.761,0.0,0.0
64,0.0,1.0,0.0,2.0,4.0,0.0,226.656,567.226,88.586,37.637,37.212,9.823,0.0,0.0
65,0.0,1.0,0.0,3.0,6.0,0.0,380.891,632.286,90.281,37.507,37.126,9.795,0.0,0.0
66,0.0,1.0,0.0,4.0,7.0,0.0,163.981,636.92,58.025,37.073,36.787,9.771,0.0,0.0
67,0.0,1.0,0.0,5.0,8.0,0.0,355.448,704.942,116.221,37.805,37.592,9.817,0.0,0.0
68,0.0,1.0,0.0,6.0,9.0,0.0,348.13,793.252,91.893,37.967,37.755,9.859,0.0,0.0
69,0.0,1.0,0.0,7.0,10.0,0.0,122.744,818.309,78.895,37.801,37.672,9.827,0.0,0.0
70,0.0,1.0,0.0,8.0,11.0,0.0,471.714,818.642,84.0,38.227,38.171,9.948,0.0,0.0
71,1.0,1.0,0.0,0.0,2.0,0.0,994.827,519.365,92.592,37.552,37.234,9.815,0.0,0.0
72,1.0,1.0,0.0,1.0,3.0,0.0,885.151,530.75,66.745,37.492,37.048,9.782,0.0,0.0
73,1.0,1.0,0.0,2.0,4.0,0.0,756.934,543.57,101.703,37.32,37.14,9.772,0.0,0.0
74,1.0,1.0,0.0,3.0,5.0,0.0,716.357,603.907,8.964,37.138,37.021,9.732,0.0,0.0
75,1.0,1.0,0.0,4.0,6.0,0.0,858.313,654.908,72.686,37.425,36.925,9.757,0.0,0.0
76,1.0,1.0,0.0,5.0,7.0,0.0,1146.775,686.016,79.157,38.423,38.304,9.913,0.0,0.0
77,1.0,1.0,0.0,6.0,8.0,0.0,617.053,724.44,43.059,37.444,37.258,9.804,0.0,0.0
78,1.0,1.0,0.0,7.0,9.0,0.0,1038.436,760.887,44.01,37.938,37.82,9.864,0.0,0.0
79,1.0,1.0,0.0,8.0,10.0,0.0,1120.272,787.063,-9.396,38.45,38.336,9.921,0.0,0.0
80,1.0,1.0,0.0,9.0,12.0,0.0,816.29,801.241,1.003,37.664,37.592,9.799,0.0,0.0
81,1.0,1.0,0.0,10.0,13.0,0.0,1083.034,826.73,-4.638,39.805,30.588,9.23,0.0,0.0
82,2.0,1.0,0.0,0.0,4.0,0.0,1359.163,441.625,86.69,37.365,37.069,9.769,0.0,0.0
83,2.0,1.0,0.0,1.0,5.0,0.0,1335.567,563.0,41.49,37.361,37.22,9.788,0.0,0.0
84,2.0,1.0,0.0,2.0,6.0,0.0,1235.207,569.954,117.881,37.932,37.749,9.854,0.0,0.0
85,2.0,1.0,0.0,3.0,7.0,0.0,1396.845,674.149,59.052,37.851,37.623,9.827,0.0,0.0
86,2.0,1.0,0.0,4.0,9.0,0.0,1577.552,729.212,88.563,38.237,37.954,9.844,0.0,0.0
87,2.0,1.0,0.0,5.0,10.0,0.0,1603.74,787.345,82.195,37.814,37.599,9.819,0.0,0.0
88,2.0,1.0,0.0,6.0,11.0,0.0,1174.166,793.731,30.372,38.447,38.123,9.893,0.0,0.0
89,2.0,1.0,0.0,7.0,12.0,0.0,1680.791,804.777,1.053,38.791,38.369,9.97,0.0,0.0
90,2.0,1.0,0.0,8.0,13.0,0.0,1440.46,827.992,-3.607,40.568,27.342,8.892,0.0,0.0
91,3.0,1.0,0.0,0.0,1.0,0.0,2198.087,441.601,57.585,37.466,37.273,9.809,0.0,0.0
92,3.0,1.0,0.0,1.0,2.0,0.0,2256.205,459.466,71.206,37.3,37.056,9.758,0.0,0.0
93,3.0,1.0,0.0,2.0,3.0,0.0,1820.374,589.43,68.745,37.477,37.141,9.792,0.0,0.0
94,3.0,1.0,0.0,3.0,5.0,0.0,2014.314,744.13,84.255,37.394,37.291,9.801,0.0,0.0
95,3.0,1.0,0.0,4.0,6.0,0.0,2083.216,810.033,24.541,38.072,37.632,9.857,0.0,0.0
96,4.0,1.0,0.0,0.0,1.0,0.0,2475.577,438.097,63.507,37.03,36.879,9.778,0.0,0.0
97,4.0,1.0,0.0,1.0,2.0,0.0,2352.371,456.297,96.493,37.305,37.271,9.787,0.0,0.0
98,4.0,1.0,0.0,2.0,3.0,0.0,2726.163,527.863,62.206,37.619,37.155,9.813,0.0,0.0
99,4.0,1.0,0.0,3.0,4.0,0.0,2755.762,575.614,73.108,37.269,37.097,9.76,0.0,0.0
100,4.0,1.0,0.0,4.0,5.0,0.0,2509.535,586.625,84.249,37.412,37.173,9.788,0.0,0.0
101,4.0,1.0,0.0,5.0,6.0,0.0,2839.668,592.352,-42.262,37.996,37.852,9.876,0.0,0.0
102,4.0,1.0,0.0,6.0,7.0,0.0,2692.259,677.551,0.075,36.968,36.684,9.515,0.0,0.0
103,4.0,1.0,0.0,7.0,9.0,0.0,2861.311,691.562,115.867,38.058,37.968,9.823,0.0,0.0
104,4.0,1.0,0.0,8.0,10.0,0.0,2491.894,785.103,-16.431,37.552,37.494,9.849,0.0,0.0
105,4.0,1.0,0.0,9.0,11.0,0.0,2665.496,802.455,42.065,38.034,37.971,9.896,0.0,0.0
106,5.0,1.0,0.0,0.0,1.0,0.0,3210.242,489.648,61.231,36.644,36.318,9.652,0.0,0.0
107,5.0,1.0,0.0,1.0,2.0,0.0,3068.61,558.387,73.926,37.197,36.965,9.811,0.0,0.0
108,5.0,1.0,0.0,2.0,3.0,0.0,3393.769,641.91,116.86,37.522,37.369,9.828,0.0,0.0
109,5.0,1.0,0.0,3.0,4.0,0.0,3460.186,703.8,10.183,38.346,37.958,9.859,0.0,0.0
110,5.0,1.0,0.0,4.0,5.0,0.0,3035.51,726.296,-2.562,37.091,36.877,9.786,0.0,0.0
111,5.0,1.0,0.0,5.0,6.0,0.0,3205.465,741.997,121.566,33.754,33.453,9.273,0.0,0.0
112,6.0,1.0,0.0,0.0,0.0,0.0,3852.636,563.633,108.847,33.184,32.853,9.192,0.0,0.0
113,6.0,1.0,0.0,1.0,1.0,0.0,3645.667,645.476,33.292,37.461,37.261,9.885,0.0,0.0
114,6.0,1.0,0.0,2.0,2.0,0.0,3776.259,673.13,113.132,37.794,37.572,9.813,0.0,0.0
115,6.0,1.0,0.0,3.0,3.0,0.0,3900.719,700.997,119.691,37.857,37.697,9.838,0.0,0.0
116,6.0,1.0,0.0,4.0,5.0,0.0,3705.063,731.961,43.679,37.804,37.464,9.801,0.0,0.0
117,6.0,1.0,0.0,5.0,7.0,0.0,3923.511,789.204,102.205,38.225,37.818,9.901,0.0,0.0
118,7.0,1.0,0.0,0.0,0.0,0.0,4078.798,426.864,-10.406,37.741,30.964,9.432,0.0,0.0
119,7.0,1.0,0.0,1.0,1.0,0.0,4252.041,457.326,118.188,36.593,36.459,9.664,0.0,0.0
120,7.0,1.0,0.0,2.0,2.0,0.0,4419.054,602.832,77.453,37.139,36.813,9.783,0.0,0.0
121,7.0,1.0,0.0,3.0,5.0,0.0,4282.21,826.241,-3.694,39.951,31.093,9.209,0.0,0.0
122,8.0,1.0,0.0,0.0,0.0,0.0,4686.881,494.257,111.526,36.59,36.063,9.941,0.0,0.0
123,8.0,1.0,0.0,1.0,2.0,0.0,4932.279,639.382,81.125,37.532,37.066,9.79,0.0,0.0
124,8.0,1.0,0.0,2.0,3.0,0.0,4965.262,675.199,107.519,37.39,37.225,9.792,0.0,0.0
125,8.0,1.0,0.0,3.0,4.0,0.0,4630.466,759.369,52.915,37.747,37.476,9.795,0.0,0.0
126,9.0,1.0,0.0,0.0,1.0,0.0,5231.008,543.831,70.896,37.714,37.543,9.799,0.0,0.0
127,9.0,1.0,0.0,1.0,2.0,0.0,5523.186,573.964,39.076,37.472,37.284,9.734,0.0,0.0
128,9.0,1.0,0.0,2.0,3.0,0.0,5729.91,574.88,-8.519,37.762,37.544,9.806,0.0,0.0
129,9.0,1.0,0.0,3.0,4.0,0.0,5348.849,595.941,-44.126,37.391,37.12,9.779,0.0,0.0
130,9.0,1.0,0.0,4.0,5.0,0.0,5614.896,609.066,58.369,37.872,37.617,9.829,0.0,0.0
131,9.0,1.0,0.0,5.0,6.0,0.0,5286.998,756.457,46.385,37.959,37.689,9.85,0.0,0.0
132,9.0,1.0,0.0,6.0,7.0,0.0,5598.618,778.675,1.797,37.558,37.318,9.827,0.0,0.0
133,0.0,2.0,0.0,0.0,2.0,0.0,466.644,928.419,73.008,37.577,37.347,9.833,0.0,0.0
134,0.0,2.0,0.0,1.0,3.0,0.0,519.428,1047.139,114.809,37.753,37.654,9.819,0.0,0.0
135,0.0,2.0,0.0,2.0,5.0,0.0,500.266,1084.717,117.492,37.902,37.509,9.819,0.0,0.0
136,0.0,2.0,0.0,3.0,7.0,0.0,552.357,1189.324,-16.84,38.322,38.095,9.873,0.0,0.0
137,0.0,2.0,0.0,4.0,8.0,0.0,319.236,1210.395,57.809,38.312,38.137,9.877,0.0,0.0
138,1.0,2.0,0.0,0.0,2.0,0.0,762.199,842.204,86.624,37.052,36.997,9.718,0.0,0.0
139,1.0,2.0,0.0,1.0,3.0,0.0,969.623,925.302,27.323,37.454,37.157,9.64,0.0,0.0
140,1.0,2.0,0.0,2.0,4.0,0.0,1143.555,936.795,125.323,38.337,37.72,9.903,0.0,0.0
141,1.0,2.0,0.0,3.0,5.0,0.0,1070.393,999.507,-43.008,37.403,37.171,9.787,0.0,0.0
142,1.0,2.0,0.0,4.0,6.0,0.0,972.271,1045.886,63.023,37.762,37.624,9.816,0.0,0.0
143,1.0,2.0,0.0,5.0,7.0,0.0,899.078,1054.406,57.491,37.37,37.228,9.79,0.0,0.0
144,1.0,2.0,0.0,6.0,8.0,0.0,983.751,1119.24,66.098,37.97,37.794,9.865,0.0,0.0
145,1.0,2.0,0.0,7.0,9.0,0.0,1090.254,1125.144,104.174,37.88,37.577,9.825,0.0,0.0
146,1.0,2.0,0.0,8.0,10.0,0.0,984.966,1192.632,94.298,37.984,37.766,9.863,0.0,0.0
147,1.0,2.0,0.0,9.0,11.0,0.0,922.635,1212.745,111.345,38.17,38.035,9.846,0.0,0.0
148,2.0,2.0,0.0,0.0,2.0,0.0,1488.661,929.976,81.883,37.396,37.04,9.768,0.0,0.0
149,2.0,2.0,0.0,1.0,4.0,0.0,1634.772,1027.569,113.131,37.791,37.574,9.813,0.0,0.0
150,2.0,2.0,0.0,2.0,6.0,0.0,1490.835,1087.585,26.206,37.4,37.041,9.77,0.0,0.0
151,2.0,2.0,0.0,3.0,7.0,0.0,1615.706,1107.176,90.98,37.62,37.434,9.773,0.0,0.0
152,2.0,2.0,0.0,4.0,8.0,0.0,1503.63,1206.258,65.655,38.492,38.33,9.926,0.0,0.0
153,3.0,2.0,0.0,0.0,1.0,0.0,1895.577,868.34,91.22,38.275,31.548,9.456,0.0,0.0
154,3.0,2.0,0.0,1.0,1.0,0.0,1865.001,868.271,93.603,38.792,32.144,9.426,0.0,0.0
155,3.0,2.0,0.0,2.0,2.0,0.0,2187.924,910.344,2.211,37.289,37.11,9.764,0.0,0.0
156,3.0,2.0,0.0,3.0,3.0,0.0,2113.21,938.694,103.377,37.219,36.754,9.785,0.0,0.0
157,3.0,2.0,0.0,4.0,4.0,0.0,1793.727,954.186,97.397,37.336,36.99,9.754,0.0,0.0
158,3.0,2.0,0.0,5.0,7.0,0.0,2103.894,1027.529,1.17,37.464,37.383,9.823,0.0,0.0
159,3.0,2.0,0.0,6.0,8.0,0.0,1755.066,1058.26,32.389,38.302,38.142,9.954,0.0,0.0
160,3.0,2.0,0.0,7.0,9.0,0.0,1935.9,1058.564,133.982,37.161,36.936,9.724,0.0,0.0
161,3.0,2.0,0.0,8.0,10.0,0.0,2256.022,1089.494,-28.884,37.84,37.596,9.822,0.0,0.0
162,3.0,2.0,0.0,9.0,11.0,0.0,1979.717,1104.3,117.131,37.144,36.953,9.724,0.0,0.0
163,3.0,2.0,0.0,10.0,12.0,0.0,1865.973,1170.523,38.519,37.779,37.579,9.812,0.0,0.0
164,4.0,2.0,0.0,0.0,3.0,0.0,2816.6,923.404,67.345,37.934,37.762,9.856,0.0,0.0
165,4.0,2.0,0.0,1.0,4.0,0.0,2687.789,956.53,75.144,37.26,36.963,9.819,0.0,0.0
166,4.0,2.0,0.0,2.0,5.0,0.0,2408.496,990.205,88.011,37.554,37.371,9.833,0.0,0.0
167,4.0,2.0,0.0,3.0,6.0,0.0,2812.945,1004.999,80.141,37.733,37.396,9.859,0.0,0.0
168,4.0,2.0,0.0,4.0,7.0,0.0,2423.198,1048.08,90.36,37.46,37.299,9.811,0.0,0.0
170,4.0,2.0,0.0,6.0,9.0,0.0,2622.178,1077.597,104.492,37.54,37.246,9.815,0.0,0.0
171,4.0,2.0,0.0,7.0,10.0,0.0,2531.166,1128.028,-44.03,38.035,37.829,9.878,0.0,0.0
172,5.0,2.0,0.0,0.0,0.0,0.0,3280.38,891.838,73.364,36.994,36.651,9.665,0.0,0.0
173,5.0,2.0,0.0,1.0,3.0,0.0,3014.603,963.896,75.492,37.421,36.819,9.82,0.0,0.0
174,5.0,2.0,0.0,2.0,4.0,0.0,3370.669,975.167,59.189,37.051,36.786,9.768,0.0,0.0
175,6.0,2.0,0.0,0.0,0.0,0.0,3875.135,853.644,42.463,37.729,37.523,9.798,0.0,0.0
176,6.0,2.0,0.0,1.0,1.0,0.0,3779.178,895.152,71.095,37.202,36.8,9.789,0.0,0.0
177,6.0,2.0,0.0,2.0,2.0,0.0,3522.677,1017.044,85.446,37.693,37.514,9.793,0.0,0.0
178,6.0,2.0,0.0,3.0,3.0,0.0,3934.724,1016.757,103.006,36.995,36.687,9.747,0.0,0.0
179,6.0,2.0,0.0,4.0,4.0,0.0,3638.27,1105.09,48.717,37.293,37.071,9.759,0.0,0.0
180,6.0,2.0,0.0,5.0,5.0,0.0,3741.004,1147.416,44.015,33.352,33.077,9.247,0.0,0.0
181,6.0,2.0,0.0,6.0,6.0,0.0,3608.843,1200.971,-15.124,37.992,37.805,9.87,0.0,0.0
182,7.0,2.0,0.0,0.0,3.0,0.0,4381.448,908.612,66.946,37.212,37.066,9.748,0.0,0.0
183,7.0,2.0,0.0,1.0,4.0,0.0,4272.394,1125.282,80.29,37.546,37.484,9.847,0.0,0.0
184,7.0,2.0,0.0,2.0,5.0,0.0,4324.176,1179.928,48.791,37.475,37.065,9.706,0.0,0.0
185,7.0,2.0,0.0,3.0,6.0,0.0,4141.354,1183.386,51.369,37.91,37.772,9.854,0.0,0.0
186,8.0,2.0,0.0,0.0,2.0,0.0,5028.365,909.064,92.211,36.982,36.637,9.739,0.0,0.0
187,8.0,2.0,0.0,1.0,3.0,0.0,4821.184,938.309,87.962,37.13,36.976,9.726,0.0,0.0
188,8.0,2.0,0.0,2.0,4.0,0.0,4932.773,975.365,69.761,37.32,36.954,9.748,0.0,0.0
189,8.0,2.0,0.0,3.0,5.0,0.0,4656.619,1024.72,60.858,37.438,37.112,9.784,0.0,0.0
190,8.0,2.0,0.0,4.0,6.0,0.0,4840.709,1071.508,8.288,37.17,37.056,9.741,0.0,0.0
191,8.0,2.0,0.0,5.0,7.0,0.0,4901.316,1091.929,103.575,37.397,37.265,9.798,0.0,0.0
192,8.0,2.0,0.0,6.0,8.0,0.0,4764.957,1145.689,-14.114,37.335,37.293,9.794,0.0,0.0
193,8.0,2.0,0.0,7.0,9.0,0.0,4896.58,1189.583,100.056,38.187,37.855,9.901,0.0,0.0
194,9.0,2.0,0.0,0.0,0.0,0.0,5525.101,859.081,69.168,37.148,36.728,9.772,0.0,0.0
195,9.0,2.0,0.0,1.0,1.0,0.0,5485.175,865.495,27.85,36.999,36.663,9.745,0.0,0.0
196,9.0,2.0,0.0,2.0,3.0,0.0,5501.784,1073.229,102.616,37.509,37.325,9.744,0.0,0.0
197,9.0,2.0,0.0,3.0,4.0,0.0,5772.576,1108.735,92.269,41.121,25.879,8.801,0.0,0.0
198,9.0,2.0,0.0,4.0,5.0,0.0,5254.862,1203.785,23.76,37.994,37.734,9.861,0.0,0.0
199,9.0,2.0,0.0,5.0,6.0,0.0,5510.478,1223.233,-29.027,38.239,37.656,9.883,0.0,0.0
200,9.0,2.0,0.0,6.0,7.0,0.0,5459.189,1234.685,-3.994,39.37,30.102,9.077,0.0,0.0
201,0.0,3.0,0.0,0.0,1.0,0.0,387.172,1259.645,86.718,36.902,36.392,9.696,0.0,0.0
203,0.0,3.0,0.0,2.0,3.0,0.0,357.231,1360.479,76.314,37.402,36.945,9.757,0.0,0.0
206,0.0,3.0,0.0,5.0,6.0,0.0,216.777,1467.39,48.473,37.375,37.051,9.767,0.0,0.0
207,0.0,3.0,0.0,6.0,7.0,0.0,309.424,1510.319,58.577,37.082,36.949,9.716,0.0,0.0
208,0.0,3.0,0.0,7.0,8.0,0.0,422.837,1564.948,66.379,37.499,37.386,9.751,0.0,0.0
209,1.0,3.0,0.0,0.0,1.0,0.0,671.801,1488.711,49.835,37.43,37.104,9.782,0.0,0.0
210,2.0,3.0,0.0,0.0,0.0,0.0,1303.842,1243.681,119.804,36.646,36.412,9.665,0.0,0.0
211,2.0,3.0,0.0,1.0,1.0,0.0,1286.12,1296.16,33.218,36.42,36.382,9.631,0.0,0.0
212,2.0,3.0,0.0,2.0,2.0,0.0,1260.866,1343.996,80.229,37.428,37.067,9.7,0.0,0.0
213,2.0,3.0,0.0,3.0,3.0,0.0,1426.918,1366.343,87.703,37.411,37.268,9.801,0.0,0.0
214,2.0,3.0,0.0,4.0,4.0,0.0,1295.907,1456.422,77.241,37.088,36.752,9.768,0.0,0.0
215,2.0,3.0,0.0,5.0,5.0,0.0,1237.456,1467.299,20.607,37.411,37.307,9.806,0.0,0.0
216,2.0,3.0,0.0,6.0,6.0,0.0,1407.41,1470.78,84.241,37.851,37.583,9.822,0.0,0.0
217,3.0,3.0,0.0,0.0,0.0,0.0,1804.594,1264.936,63.408,37.178,36.635,9.765,0.0,0.0
218,3.0,3.0,0.0,1.0,1.0,0.0,1842.035,1294.801,73.356,36.979,36.443,9.713,0.0,0.0
219,3.0,3.0,0.0,2.0,2.0,0.0,1882.664,1362.25,76.979,36.469,36.2,9.613,0.0,0.0
220,3.0,3.0,0.0,3.0,3.0,0.0,1952.271,1416.408,57.832,37.107,36.729,9.768,0.0,0.0
221,3.0,3.0,0.0,4.0,4.0,0.0,1817.448,1436.051,119.342,37.997,36.798,9.816,0.0,0.0
222,3.0,3.0,0.0,5.0,4.0,0.0,1783.262,1426.475,103.532,37.735,36.602,9.836,0.0,0.0
223,3.0,3.0,0.0,6.0,5.0,0.0,2084.359,1458.052,105.278,36.993,36.769,9.758,0.0,0.0
224,3.0,3.0,0.0,7.0,6.0,0.0,1993.085,1464.788,71.036,32.942,32.636,9.21,0.0,0.0
225,3.0,3.0,0.0,8.0,7.0,0.0,1805.403,1531.8,82.939,37.38,36.991,9.76,0.0,0.0
226,3.0,3.0,0.0,9.0,8.0,0.0,2076.389,1570.11,73.592,37.387,37.203,9.789,0.0,0.0
227,3.0,3.0,0.0,10.0,10.0,0.0,2151.01,1612.156,42.824,37.899,37.721,9.846,0.0,0.0
228,4.0,3.0,0.0,0.0,0.0,0.0,2812.639,1332.717,128.876,37.089,36.752,9.768,0.0,0.0
229,4.0,3.0,0.0,1.0,1.0,0.0,2504.006,1377.316,69.003,37.541,37.209,9.81,0.0,0.0
230,4.0,3.0,0.0,2.0,2.0,0.0,2720.865,1417.453,82.23,37.037,36.796,9.767,0.0,0.0
231,4.0,3.0,0.0,3.0,4.0,0.0,2506.65,1590.821,56.821,38.102,37.817,9.885,0.0,0.0
232,4.0,3.0,0.0,4.0,5.0,0.0,2576.927,1644.481,-2.881,40.678,26.221,8.902,0.0,0.0
233,5.0,3.0,0.0,0.0,1.0,0.0,3309.046,1325.295,83.141,37.074,36.5,9.732,0.0,0.0
234,5.0,3.0,0.0,1.0,2.0,0.0,3467.692,1369.928,90.729,40.134,27.713,8.937,0.0,0.0
235,5.0,3.0,0.0,2.0,3.0,0.0,3297.201,1382.432,102.499,37.275,37.091,9.76,0.0,0.0
236,5.0,3.0,0.0,3.0,4.0,0.0,3028.386,1491.192,75.894,37.375,37.085,9.772,0.0,0.0
237,5.0,3.0,0.0,4.0,5.0,0.0,3251.977,1493.741,44.92,37.075,36.893,9.785,0.0,0.0
238,5.0,3.0,0.0,5.0,6.0,0.0,3448.138,1594.631,-2.328,38.101,37.949,9.902,0.0,0.0
239,6.0,3.0,0.0,0.0,0.0,0.0,3863.368,1318.203,98.842,36.848,36.546,9.709,0.0,0.0
240,6.0,3.0,0.0,1.0,1.0,0.0,3752.445,1328.884,56.152,37.028,36.699,9.753,0.0,0.0
241,6.0,3.0,0.0,2.0,3.0,0.0,3508.843,1388.312,75.069,37.592,37.176,9.736,0.0,0.0
242,6.0,3.0,0.0,3.0,4.0,0.0,3849.034,1479.779,92.329,37.218,37.059,9.748,0.0,0.0
243,6.0,3.0,0.0,4.0,5.0,0.0,4023.172,1521.43,108.859,37.963,37.62,9.841,0.0,0.0
244,6.0,3.0,0.0,5.0,6.0,0.0,3608.868,1550.505,29.748,37.74,37.371,9.858,0.0,0.0
245,6.0,3.0,0.0,6.0,7.0,0.0,3557.596,1566.767,40.92,37.599,37.339,9.758,0.0,0.0
246,6.0,3.0,0.0,7.0,9.0,0.0,3643.607,1643.007,-2.339,40.273,29.373,9.086,0.0,0.0
247,7.0,3.0,0.0,0.0,0.0,0.0,4170.074,1257.763,74.89,37.299,36.973,9.747,0.0,0.0
248,7.0,3.0,0.0,1.0,2.0,0.0,4385.783,1314.475,74.765,37.22,36.856,9.799,0.0,0.0
249,7.0,3.0,0.0,2.0,3.0,0.0,4446.522,1339.137,69.138,37.454,37.313,9.812,0.0,0.0
250,7.0,3.0,0.0,3.0,4.0,0.0,4497.466,1371.078,53.998,37.347,37.154,9.777,0.0,0.0
251,7.0,3.0,0.0,4.0,6.0,0.0,4512.821,1453.449,84.653,37.979,37.508,9.829,0.0,0.0
252,7.0,3.0,0.0,5.0,7.0,0.0,4318.001,1514.487,43.47,37.265,36.997,9.746,0.0,0.0
253,7.0,3.0,0.0,6.0,8.0,0.0,4540.344,1517.477,-38.814,38.277,38.22,9.884,0.0,0.0
254,7.0,3.0,0.0,7.0,11.0,0.0,4425.259,1552.231,74.815,37.595,37.359,9.76,0.0,0.0
255,7.0,3.0,0.0,8.0,12.0,0.0,4272.052,1556.443,-4.948,37.619,37.391,9.844,0.0,0.0
256,7.0,3.0,0.0,9.0,13.0,0.0,4197.456,1577.96,39.81,37.431,37.054,9.775,0.0,0.0
257,7.0,3.0,0.0,10.0,14.0,0.0,4419.778,1642.143,-5.004,39.338,31.583,9.214,0.0,0.0
258,8.0,3.0,0.0,0.0,0.0,0.0,4810.777,1334.521,84.499,38.139,32.303,9.468,0.0,0.0
259,8.0,3.0,0.0,1.0,0.0,0.0,4842.488,1331.671,87.77,38.348,32.822,9.399,0.0,0.0
260,8.0,3.0,0.0,2.0,1.0,0.0,5139.899,1335.269,56.322,37.409,37.116,9.781,0.0,0.0
261,8.0,3.0,0.0,3.0,2.0,0.0,4724.173,1406.136,85.222,37.53,37.312,9.745,0.0,0.0
262,8.0,3.0,0.0,4.0,4.0,0.0,4824.4,1637.565,132.775,37.26,37.164,9.767,0.0,0.0
263,8.0,3.0,0.0,5.0,5.0,0.0,4957.782,1643.709,-3.976,40.28,28.125,9.071,0.0,0.0
264,9.0,3.0,0.0,0.0,4.0,0.0,5702.906,1387.451,11.086,36.974,36.92,9.776,0.0,0.0
265,9.0,3.0,0.0,1.0,5.0,0.0,5377.862,1411.141,-7.516,37.122,37.046,9.734,0.0,0.0
266,9.0,3.0,0.0,2.0,6.0,0.0,5761.274,1480.546,112.288,37.646,37.383,9.769,0.0,0.0
267,9.0,3.0,0.0,3.0,7.0,0.0,5350.398,1496.175,38.228,37.243,36.946,9.736,0.0,0.0
268,9.0,3.0,0.0,4.0,8.0,0.0,5457.036,1506.666,80.78,37.354,37.157,9.939,0.0,0.0
269,9.0,3.0,0.0,5.0,8.0,0.0,5494.939,1502.443,-19.574,37.425,37.097,9.858,0.0,0.0
270,9.0,3.0,0.0,6.0,9.0,0.0,5243.327,1574.149,31.848,38.067,37.805,9.803,0.0,0.0
271,9.0,3.0,0.0,7.0,10.0,0.0,5646.633,1643.108,-4.189,39.913,29.719,9.114,0.0,0.0
272,0.0,4.0,0.0,0.0,0.0,0.0,152.859,1651.776,93.882,36.96,36.816,9.76,0.0,0.0
273,0.0,4.0,0.0,1.0,1.0,0.0,137.538,1851.831,71.002,37.709,37.494,9.792,0.0,0.0
274,0.0,4.0,0.0,2.0,3.0,0.0,574.317,1902.408,131.58,37.949,37.617,9.839,0.0,0.0
275,0.0,4.0,0.0,3.0,4.0,0.0,183.642,1907.189,60.885,37.546,37.242,9.815,0.0,0.0
276,0.0,4.0,0.0,4.0,5.0,0.0,212.008,2028.073,9.2,37.716,37.399,9.858,0.0,0.0
277,1.0,4.0,0.0,0.0,0.0,0.0,668.94,1733.614,74.48,37.306,36.893,9.738,0.0,0.0
278,1.0,4.0,0.0,1.0,1.0,0.0,967.216,1819.679,79.599,37.531,37.114,9.796,0.0,0.0
279,1.0,4.0,0.0,2.0,2.0,0.0,1032.831,1868.591,110.743,37.318,37.133,9.771,0.0,0.0
280,1.0,4.0,0.0,3.0,4.0,0.0,790.794,1923.805,53.79,37.65,37.41,9.773,0.0,0.0
281,1.0,4.0,0.0,4.0,5.0,0.0,1000.842,1952.824,124.611,37.864,37.483,9.81,0.0,0.0
282,1.0,4.0,0.0,5.0,6.0,0.0,663.084,2052.846,-1.091,42.55,25.036,8.825,0.0,0.0
283,2.0,4.0,0.0,0.0,0.0,0.0,1192.38,1663.78,108.407,37.58,36.535,9.649,0.0,0.0
284,2.0,4.0,0.0,1.0,1.0,0.0,1725.063,1672.606,97.985,37.986,37.434,9.82,0.0,0.0
285,2.0,4.0,0.0,2.0,2.0,0.0,1406.28,1872.664,16.698,37.465,37.127,9.789,0.0,0.0
286,2.0,4.0,0.0,3.0,3.0,0.0,1318.366,2048.479,-2.106,39.211,34.013,9.522,0.0,0.0
287,2.0,4.0,0.0,4.0,4.0,0.0,1474.227,2050.884,-3.988,39.995,29.811,9.119,0.0,0.0
288,3.0,4.0,0.0,0.0,3.0,0.0,2287.213,1676.168,102.399,37.412,37.165,9.787,0.0,0.0
289,3.0,4.0,0.0,1.0,4.0,0.0,1962.863,1718.179,104.05,37.078,36.708,9.761,0.0,0.0
290,3.0,4.0,0.0,2.0,5.0,0.0,2169.486,1826.921,64.008,38.217,37.72,9.887,0.0,0.0
291,3.0,4.0,0.0,3.0,6.0,0.0,1937.14,1826.968,74.505,37.693,37.258,9.836,0.0,0.0
292,3.0,4.0,0.0,4.0,7.0,0.0,1825.841,1862.511,-26.706,37.221,36.951,9.734,0.0,0.0
293,3.0,4.0,0.0,5.0,8.0,0.0,1992.506,1910.364,94.072,37.421,37.235,9.798,0.0,0.0
294,3.0,4.0,0.0,6.0,9.0,0.0,2277.469,1956.071,86.21,37.752,37.644,9.817,0.0,0.0
295,3.0,4.0,0.0,7.0,10.0,0.0,1970.1,1973.549,108.229,37.463,37.273,9.731,0.0,0.0
296,3.0,4.0,0.0,8.0,11.0,0.0,1917.288,1999.719,119.199,38.064,37.997,9.904,0.0,0.0
297,3.0,4.0,0.0,9.0,12.0,0.0,2013.74,2036.958,44.914,37.64,37.279,9.832,0.0,0.0
298,4.0,4.0,0.0,0.0,1.0,0.0,2537.288,1658.35,70.378,36.575,36.497,9.667,0.0,0.0
299,4.0,4.0,0.0,1.0,2.0,0.0,2552.63,1696.624,14.229,37.22,37.069,9.75,0.0,0.0
300,4.0,4.0,0.0,2.0,3.0,0.0,2729.23,1698.59,55.965,37.242,37.084,9.754,0.0,0.0
301,4.0,4.0,0.0,3.0,5.0,0.0,2644.406,1711.323,29.663,37.472,37.283,9.811,0.0,0.0
302,4.0,4.0,0.0,4.0,7.0,0.0,2659.754,1979.707,92.746,37.133,36.837,9.708,0.0,0.0
303,4.0,4.0,0.0,5.0,8.0,0.0,2870.704,2005.01,89.857,38.002,37.973,9.816,0.0,0.0
304,4.0,4.0,0.0,6.0,9.0,0.0,2810.712,2007.141,111.324,37.777,37.585,9.813,0.0,0.0
305,5.0,4.0,0.0,0.0,0.0,0.0,3118.588,1671.673,50.806,37.282,37.068,9.836,0.0,0.0
306,5.0,4.0,0.0,1.0,1.0,0.0,2976.172,1787.248,37.421,37.197,37.027,9.741,0.0,0.0
307,5.0,4.0,0.0,2.0,2.0,0.0,3207.655,1851.546,71.881,37.465,37.151,9.792,0.0,0.0
308,5.0,4.0,0.0,3.0,3.0,0.0,3096.676,1913.094,94.561,37.193,36.921,9.727,0.0,0.0
309,5.0,4.0,0.0,4.0,4.0,0.0,3466.538,1913.492,92.973,40.299,30.367,9.148,0.0,0.0
310,5.0,4.0,0.0,5.0,5.0,0.0,3252.989,1979.883,90.617,37.922,37.695,9.846,0.0,0.0
311,5.0,4.0,0.0,6.0,8.0,0.0,2915.739,2051.68,-0.474,42.309,27.694,9.065,0.0,0.0
312,6.0,4.0,0.0,0.0,1.0,0.0,3961.436,1669.134,92.339,37.889,37.092,9.763,0.0,0.0
313,6.0,4.0,0.0,1.0,2.0,0.0,3832.981,1757.067,85.036,37.47,37.15,9.793,0.0,0.0
314,6.0,4.0,0.0,2.0,3.0,0.0,3908.078,1791.894,50.047,37.436,37.166,9.79,0.0,0.0
315,6.0,4.0,0.0,3.0,4.0,0.0,3586.771,1812.937,46.163,37.155,36.465,9.436,0.0,0.0
316,6.0,4.0,0.0,4.0,5.0,0.0,3953.123,1839.546,117.199,37.132,36.894,9.715,0.0,0.0
317,6.0,4.0,0.0,5.0,7.0,0.0,3596.307,1945.572,75.221,37.854,37.678,9.835,0.0,0.0
318,6.0,4.0,0.0,6.0,8.0,0.0,3682.167,1977.549,73.517,37.226,36.995,9.741,0.0,0.0
319,7.0,4.0,0.0,0.0,1.0,0.0,4235.381,1673.795,103.067,37.042,36.938,9.709,0.0,0.0
320,7.0,4.0,0.0,1.0,2.0,0.0,4618.365,1690.303,90.6,40.104,30.499,9.203,0.0,0.0
321,7.0,4.0,0.0,2.0,4.0,0.0,4495.832,1778.033,-42.619,37.037,36.974,9.791,0.0,0.0
322,7.0,4.0,0.0,3.0,5.0,0.0,4272.257,1794.153,99.833,32.589,32.277,9.029,0.0,0.0
323,7.0,4.0,0.0,4.0,6.0,0.0,4539.088,1927.924,102.932,37.735,37.369,9.856,0.0,0.0
324,7.0,4.0,0.0,5.0,7.0,0.0,4146.066,2016.513,33.182,37.859,37.616,9.827,0.0,0.0
325,7.0,4.0,0.0,6.0,8.0,0.0,4216.636,2048.141,-2.057,39.046,34.645,9.51,0.0,0.0
326,8.0,4.0,0.0,0.0,2.0,0.0,5071.125,1661.156,92.496,37.301,37.036,9.756,0.0,0.0
327,8.0,4.0,0.0,1.0,3.0,0.0,4811.524,1688.652,102.64,37.218,36.993,9.739,0.0,0.0
328,8.0,4.0,0.0,2.0,5.0,0.0,5191.791,1705.479,91.772,38.508,35.007,9.562,0.0,0.0
329,8.0,4.0,0.0,3.0,6.0,0.0,4756.639,1743.955,79.153,37.688,37.515,9.792,0.0,0.0
330,8.0,4.0,0.0,4.0,7.0,0.0,4636.381,1774.824,117.09,37.234,37.005,9.666,0.0,0.0
331,8.0,4.0,0.0,5.0,9.0,0.0,4958.228,1896.257,10.828,37.412,37.272,9.801,0.0,0.0
332,9.0,4.0,0.0,0.0,1.0,0.0,5441.413,1703.097,84.168,37.439,37.203,9.796,0.0,0.0
333,9.0,4.0,0.0,1.0,3.0,0.0,5383.397,1822.157,56.869,37.601,37.171,9.813,0.0,0.0
334,9.0,4.0,0.0,2.0,4.0,0.0,5742.903,1842.271,116.634,37.555,37.161,9.805,0.0,0.0
335,9.0,4.0,0.0,3.0,5.0,0.0,5719.554,1882.316,122.184,37.475,37.251,9.73,0.0,0.0
336,9.0,4.0,0.0,4.0,6.0,0.0,5671.39,1941.061,111.732,37.373,37.17,9.783,0.0,0.0
337,9.0,4.0,0.0,5.0,7.0,0.0,5355.635,1957.3,85.164,37.241,36.996,9.743,0.0,0.0
338,9.0,4.0,0.0,6.0,8.0,0.0,5216.475,2007.935,20.481,37.783,37.712,9.83,0.0,0.0
339,9.0,4.0,0.0,7.0,9.0,0.0,5748.565,2022.697,68.467,37.812,37.721,9.835,0.0,0.0
340,0.0,5.0,0.0,0.0,2.0,0.0,183.311,2078.467,-27.228,37.192,36.912,9.725,0.0,0.0
341,0.0,5.0,0.0,1.0,3.0,0.0,364.929,2156.697,58.499,37.625,37.466,9.855,0.0,0.0
342,0.0,5.0,0.0,2.0,4.0,0.0,104.386,2195.183,48.683,37.741,37.49,9.796,0.0,0.0
343,0.0,5.0,0.0,3.0,5.0,0.0,506.108,2303.339,98.234,38.11,37.729,9.875,0.0,0.0
344,0.0,5.0,0.0,4.0,6.0,0.0,37.54,2390.31,56.855,38.496,38.217,9.912,0.0,0.0
346,0.0,5.0,0.0,6.0,8.0,0.0,429.676,2460.374,-4.549,41.408,26.898,8.887,0.0,0.0
347,1.0,5.0,0.0,0.0,1.0,0.0,745.879,2109.365,71.6,37.204,36.973,9.735,0.0,0.0
348,1.0,5.0,0.0,1.0,2.0,0.0,1126.69,2138.077,95.033,37.458,37.163,9.793,0.0,0.0
349,1.0,5.0,0.0,2.0,3.0,0.0,1026.053,2163.71,120.198,37.276,36.932,9.739,0.0,0.0
350,1.0,5.0,0.0,3.0,5.0,0.0,1136.918,2261.898,110.088,37.384,37.181,9.786,0.0,0.0
351,1.0,5.0,0.0,4.0,6.0,0.0,944.493,2305.723,96.526,37.264,36.904,9.811,0.0,0.0
352,1.0,5.0,0.0,5.0,7.0,0.0,835.163,2308.72,81.996,37.842,37.431,9.801,0.0,0.0
353,1.0,5.0,0.0,6.0,8.0,0.0,906.313,2380.439,82.951,38.38,38.156,9.888,0.0,0.0
354,1.0,5.0,0.0,7.0,9.0,0.0,633.569,2420.191,66.001,37.692,37.448,9.861,0.0,0.0
355,2.0,5.0,0.0,0.0,2.0,0.0,1278.153,2078.047,96.724,37.872,37.481,9.811,0.0,0.0
356,2.0,5.0,0.0,1.0,3.0,0.0,1646.067,2101.77,82.078,37.457,37.099,9.784,0.0,0.0
357,2.0,5.0,0.0,2.0,5.0,0.0,1232.996,2204.863,79.06,37.231,37.068,9.751,0.0,0.0
358,2.0,5.0,0.0,3.0,6.0,0.0,1258.234,2241.073,61.499,37.326,37.134,9.772,0.0,0.0
359,2.0,5.0,0.0,4.0,7.0,0.0,1384.585,2250.042,67.013,37.588,37.252,9.822,0.0,0.0
360,2.0,5.0,0.0,5.0,8.0,0.0,1451.731,2270.836,102.194,37.523,37.423,9.835,0.0,0.0
361,2.0,5.0,0.0,6.0,9.0,0.0,1681.886,2315.09,122.584,37.669,37.323,9.765,0.0,0.0
362,2.0,5.0,0.0,7.0,10.0,0.0,1507.861,2347.123,90.798,37.796,37.657,9.824,0.0,0.0
363,2.0,5.0,0.0,8.0,11.0,0.0,1397.625,2426.954,-43.588,37.829,37.554,9.816,0.0,0.0
364,3.0,5.0,0.0,0.0,1.0,0.0,2254.813,2070.386,107.769,37.138,36.965,9.725,0.0,0.0
365,3.0,5.0,0.0,1.0,2.0,0.0,1765.322,2138.003,105.961,36.626,36.402,9.661,0.0,0.0
366,3.0,5.0,0.0,2.0,3.0,0.0,2314.834,2223.367,91.818,40.256,29.647,9.093,0.0,0.0
367,3.0,5.0,0.0,3.0,4.0,0.0,2015.009,2289.939,75.865,37.365,36.985,9.757,0.0,0.0
368,3.0,5.0,0.0,4.0,5.0,0.0,1750.259,2453.614,4.984,37.75,37.343,9.778,0.0,0.0
369,3.0,5.0,0.0,5.0,6.0,0.0,2258.684,2460.647,-3.48,40.826,26.549,9.087,0.0,0.0
370,4.0,5.0,0.0,0.0,1.0,0.0,2443.766,2079.026,60.529,37.344,37.118,9.772,0.0,0.0
371,4.0,5.0,0.0,1.0,2.0,0.0,2611.547,2088.083,-23.017,37.223,37.067,9.75,0.0,0.0
372,4.0,5.0,0.0,2.0,4.0,0.0,2467.47,2157.193,68.964,37.553,37.433,9.841,0.0,0.0
373,4.0,5.0,0.0,3.0,5.0,0.0,2382.131,2198.54,126.164,37.819,37.702,9.834,0.0,0.0
374,4.0,5.0,0.0,4.0,7.0,0.0,2592.041,2267.615,43.831,37.484,37.2,9.801,0.0,0.0
375,4.0,5.0,0.0,5.0,8.0,0.0,2744.851,2274.588,71.922,37.673,37.55,9.795,0.0,0.0
376,4.0,5.0,0.0,6.0,9.0,0.0,2703.539,2322.407,112.668,37.599,37.1,9.803,0.0,0.0
377,4.0,5.0,0.0,7.0,10.0,0.0,2345.38,2408.473,-6.275,38.153,37.959,9.911,0.0,0.0
378,4.0,5.0,0.0,8.0,12.0,0.0,2463.068,2431.671,43.257,37.888,37.838,9.86,0.0,0.0
379,5.0,5.0,0.0,0.0,2.0,0.0,3322.857,2060.021,106.015,37.089,36.842,9.78,0.0,0.0
380,5.0,5.0,0.0,1.0,3.0,0.0,3065.274,2085.706,58.004,37.278,37.013,9.75,0.0,0.0
381,5.0,5.0,0.0,2.0,4.0,0.0,3415.74,2099.213,131.522,37.534,37.263,9.816,0.0,0.0
382,5.0,5.0,0.0,3.0,5.0,0.0,3189.014,2138.503,54.773,36.92,36.591,9.725,0.0,0.0
383,5.0,5.0,0.0,4.0,6.0,0.0,3296.841,2148.474,89.157,37.583,37.367,9.836,0.0,0.0
384,5.0,5.0,0.0,5.0,7.0,0.0,2955.032,2175.094,76.673,37.482,37.03,9.701,0.0,0.0
385,5.0,5.0,0.0,6.0,8.0,0.0,3406.794,2183.575,111.775,37.631,37.39,9.768,0.0,0.0
386,5.0,5.0,0.0,7.0,9.0,0.0,3012.06,2185.652,105.957,37.019,36.671,9.748,0.0,0.0
387,5.0,5.0,0.0,8.0,10.0,0.0,3030.225,2276.902,103.627,37.004,36.738,9.756,0.0,0.0
388,5.0,5.0,0.0,9.0,12.0,0.0,2901.883,2423.323,27.05,38.31,37.789,9.908,0.0,0.0
389,5.0,5.0,0.0,10.0,13.0,0.0,3046.308,2441.233,23.482,37.908,37.807,9.859,0.0,0.0
390,6.0,5.0,0.0,0.0,0.0,0.0,3614.02,2171.526,86.7,37.13,36.912,9.717,0.0,0.0
391,6.0,5.0,0.0,1.0,2.0,0.0,3530.7,2186.065,42.581,37.085,36.962,9.718,0.0,0.0
392,6.0,5.0,0.0,2.0,3.0,0.0,3985.215,2186.7,134.963,37.257,37.112,9.76,0.0,0.0
393,6.0,5.0,0.0,3.0,4.0,0.0,3791.381,2320.629,-31.833,37.557,36.41,9.785,0.0,0.0
394,6.0,5.0,0.0,4.0,5.0,0.0,3479.996,2390.138,133.017,37.641,37.588,9.873,0.0,0.0
395,7.0,5.0,0.0,0.0,1.0,0.0,4439.694,2117.395,80.298,37.396,36.983,9.761,0.0,0.0
396,7.0,5.0,0.0,1.0,2.0,0.0,4184.141,2197.845,76.237,37.224,36.785,9.791,0.0,0.0
397,7.0,5.0,0.0,2.0,4.0,0.0,4216.261,2270.611,59.973,37.475,37.349,9.743,0.0,0.0
398,7.0,5.0,0.0,3.0,5.0,0.0,4148.26,2273.201,96.015,37.888,37.582,9.827,0.0,0.0
399,7.0,5.0,0.0,4.0,6.0,0.0,4619.764,2362.505,93.519,40.656,27.793,8.962,0.0,0.0
400,7.0,5.0,0.0,5.0,7.0,0.0,4321.829,2407.815,88.12,37.484,37.379,9.825,0.0,0.0
401,7.0,5.0,0.0,6.0,8.0,0.0,4282.834,2417.212,125.527,37.554,37.387,9.835,0.0,0.0
402,8.0,5.0,0.0,0.0,0.0,0.0,5168.253,2094.149,94.157,37.2,36.876,9.722,0.0,0.0
403,8.0,5.0,0.0,1.0,1.0,0.0,4809.813,2107.234,67.861,36.824,36.25,9.667,0.0,0.0
404,8.0,5.0,0.0,2.0,2.0,0.0,5099.676,2191.285,113.716,37.325,37.048,9.76,0.0,0.0
405,8.0,5.0,0.0,3.0,3.0,0.0,4823.982,2274.161,114.727,37.404,37.059,9.772,0.0,0.0
406,8.0,5.0,0.0,4.0,4.0,0.0,4791.278,2311.934,53.086,37.156,37.051,9.739,0.0,0.0
407,8.0,5.0,0.0,5.0,5.0,0.0,5148.709,2341.352,117.136,37.507,37.396,9.753,0.0,0.0
408,9.0,5.0,0.0,0.0,0.0,0.0,5494.589,2063.88,64.501,36.971,36.53,9.723,0.0,0.0
409,9.0,5.0,0.0,1.0,2.0,0.0,5503.724,2332.467,73.353,37.85,37.637,9.907,0.0,0.0
410,9.0,5.0,0.0,2.0,3.0,0.0,5258.135,2436.945,61.297,37.766,37.582,9.811,0.0,0.0
411,9.0,5.0,0.0,3.0,4.0,0.0,5350.127,2456.83,-1.91,39.767,33.586,9.455,0.0,0.0
412,0.0,6.0,0.0,0.0,2.0,0.0,576.012,2521.584,125.228,37.298,37.08,9.761,0.0,0.0
413,0.0,6.0,0.0,1.0,3.0,0.0,182.179,2634.376,58.445,37.131,36.697,9.767,0.0,0.0
414,0.0,6.0,0.0,2.0,5.0,0.0,434.74,2672.697,59.165,37.05,36.746,9.762,0.0,0.0
415,0.0,6.0,0.0,3.0,6.0,0.0,536.079,2687.083,-28.888,37.553,37.346,9.83,0.0,0.0
417,0.0,6.0,0.0,5.0,8.0,0.0,577.079,2838.65,-20.446,37.834,37.666,9.831,0.0,0.0
418,1.0,6.0,0.0,0.0,1.0,0.0,912.643,2584.627,72.637,37.655,37.011,9.799,0.0,0.0
419,1.0,6.0,0.0,1.0,2.0,0.0,1151.328,2677.374,92.972,37.898,37.85,9.863,0.0,0.0
420,1.0,6.0,0.0,2.0,4.0,0.0,842.885,2746.338,134.708,37.938,37.706,9.85,0.0,0.0
422,1.0,6.0,0.0,4.0,6.0,0.0,763.835,2810.586,78.913,37.13,36.973,9.725,0.0,0.0
423,1.0,6.0,0.0,5.0,7.0,0.0,987.179,2813.734,130.01,37.508,37.211,9.806,0.0,0.0
424,2.0,6.0,0.0,0.0,1.0,0.0,1438.721,2523.005,102.838,36.94,36.776,9.675,0.0,0.0
425,2.0,6.0,0.0,1.0,2.0,0.0,1710.372,2636.548,65.867,37.718,37.604,9.885,0.0,0.0
426,2.0,6.0,0.0,2.0,3.0,0.0,1331.248,2656.154,75.132,37.728,37.397,9.782,0.0,0.0
427,2.0,6.0,0.0,3.0,5.0,0.0,1652.412,2772.993,75.114,38.214,38.205,9.874,0.0,0.0
428,2.0,6.0,0.0,4.0,6.0,0.0,1630.828,2866.013,-5.031,39.187,31.799,9.228,0.0,0.0
429,3.0,6.0,0.0,0.0,2.0,0.0,2146.63,2519.173,74.066,37.774,37.357,9.859,0.0,0.0
430,3.0,6.0,0.0,1.0,3.0,0.0,2189.705,2545.51,66.371,37.314,36.915,9.742,0.0,0.0
431,3.0,6.0,0.0,2.0,4.0,0.0,2183.678,2601.226,83.715,38.109,37.627,9.861,0.0,0.0
432,3.0,6.0,0.0,3.0,6.0,0.0,2094.281,2719.591,86.784,37.421,37.133,9.784,0.0,0.0
433,4.0,6.0,0.0,0.0,1.0,0.0,2663.845,2541.698,117.127,37.603,37.312,9.832,0.0,0.0
434,4.0,6.0,0.0,1.0,2.0,0.0,2646.113,2582.549,109.56,36.953,36.681,9.741,0.0,0.0
435,4.0,6.0,0.0,2.0,3.0,0.0,2833.21,2603.56,58.054,37.797,37.723,9.833,0.0,0.0
436,4.0,6.0,0.0,3.0,5.0,0.0,2479.134,2681.441,46.0,37.267,37.014,9.748,0.0,0.0
437,4.0,6.0,0.0,4.0,6.0,0.0,2768.74,2793.312,106.389,37.683,37.299,9.763,0.0,0.0
438,4.0,6.0,0.0,5.0,7.0,0.0,2370.465,2824.754,37.305,38.119,37.899,9.898,0.0,0.0
439,5.0,6.0,0.0,0.0,1.0,0.0,3328.92,2473.231,74.81,36.984,36.767,9.679,0.0,0.0
440,5.0,6.0,0.0,1.0,2.0,0.0,3463.386,2493.264,93.805,38.059,35.478,9.645,0.0,0.0
441,5.0,6.0,0.0,2.0,4.0,0.0,3013.94,2536.305,91.171,36.501,36.102,9.683,0.0,0.0
442,5.0,6.0,0.0,3.0,5.0,0.0,2955.303,2617.345,114.309,37.364,37.119,9.775,0.0,0.0
443,5.0,6.0,0.0,4.0,7.0,0.0,3082.025,2685.612,61.684,37.089,36.801,9.775,0.0,0.0
444,5.0,6.0,0.0,5.0,8.0,0.0,3167.927,2720.377,64.135,37.578,37.348,9.833,0.0,0.0
445,5.0,6.0,0.0,6.0,9.0,0.0,2967.981,2769.67,42.389,37.618,37.567,9.79,0.0,0.0
446,5.0,6.0,0.0,7.0,10.0,0.0,3138.606,2817.757,93.115,36.913,36.819,9.754,0.0,0.0
447,5.0,6.0,0.0,8.0,11.0,0.0,2999.278,2865.488,-1.784,39.659,32.289,9.338,0.0,0.0
448,6.0,6.0,0.0,0.0,2.0,0.0,3617.763,2520.851,44.17,37.152,37.055,9.739,0.0,0.0
449,6.0,6.0,0.0,1.0,3.0,0.0,3682.075,2563.827,60.25,37.498,36.747,9.744,0.0,0.0
450,6.0,6.0,0.0,2.0,5.0,0.0,3813.751,2709.797,70.456,37.776,37.731,9.832,0.0,0.0
451,6.0,6.0,0.0,3.0,6.0,0.0,3708.816,2713.852,84.93,37.403,37.151,9.784,0.0,0.0
452,6.0,6.0,0.0,4.0,7.0,0.0,3607.744,2741.353,20.117,37.859,37.702,9.839,0.0,0.0
453,6.0,6.0,0.0,5.0,8.0,0.0,3677.47,2782.155,97.164,37.471,37.232,9.804,0.0,0.0
454,7.0,6.0,0.0,0.0,0.0,0.0,4250.498,2527.55,73.336,36.909,36.632,9.729,0.0,0.0
455,7.0,6.0,0.0,1.0,1.0,0.0,4128.994,2532.821,79.802,36.705,36.387,9.669,0.0,0.0
456,7.0,6.0,0.0,2.0,3.0,0.0,4268.71,2694.298,95.181,36.984,36.725,9.751,0.0,0.0
457,7.0,6.0,0.0,3.0,5.0,0.0,4527.398,2724.904,19.799,37.353,37.294,9.797,0.0,0.0
458,7.0,6.0,0.0,4.0,7.0,0.0,4428.913,2864.127,-2.358,38.457,34.753,9.455,0.0,0.0
459,7.0,6.0,0.0,5.0,8.0,0.0,4359.975,2864.45,-2.25,37.976,34.131,9.459,0.0,0.0
460,7.0,6.0,0.0,6.0,9.0,0.0,4484.171,2865.605,-5.95,38.878,32.52,9.287,0.0,0.0
461,8.0,6.0,0.0,0.0,0.0,0.0,4713.309,2467.877,65.492,36.464,36.217,9.694,0.0,0.0
462,8.0,6.0,0.0,1.0,1.0,0.0,4953.431,2475.039,77.895,36.821,36.606,9.714,0.0,0.0
463,8.0,6.0,0.0,2.0,2.0,0.0,4726.415,2510.752,82.959,36.973,36.411,9.631,0.0,0.0
464,8.0,6.0,0.0,3.0,3.0,0.0,4917.952,2558.319,76.009,36.445,36.184,9.686,0.0,0.0
465,8.0,6.0,0.0,4.0,4.0,0.0,4914.475,2636.657,86.812,37.467,36.902,9.76,0.0,0.0
466,8.0,6.0,0.0,5.0,5.0,0.0,4705.106,2739.535,35.504,37.142,36.747,9.775,0.0,0.0
467,8.0,6.0,0.0,6.0,6.0,0.0,4794.723,2747.633,101.957,37.207,36.956,9.811,0.0,0.0
468,8.0,6.0,0.0,7.0,7.0,0.0,5140.593,2773.803,104.949,37.558,37.38,9.835,0.0,0.0
469,9.0,6.0,0.0,0.0,2.0,0.0,5550.149,2484.079,84.68,37.003,36.791,9.685,0.0,0.0
470,9.0,6.0,0.0,1.0,3.0,0.0,5766.974,2596.446,93.469,38.219,36.216,9.688,0.0,0.0
471,9.0,6.0,0.0,2.0,4.0,0.0,5483.501,2636.826,73.841,36.898,36.614,9.725,0.0,0.0
472,9.0,6.0,0.0,3.0,5.0,0.0,5645.362,2644.031,130.447,38.016,37.705,9.86,0.0,0.0
473,9.0,6.0,0.0,4.0,6.0,0.0,5355.995,2661.745,87.523,37.424,37.077,9.777,0.0,0.0
474,9.0,6.0,0.0,5.0,7.0,0.0,5561.915,2670.854,58.701,37.124,36.838,9.707,0.0,0.0
475,9.0,6.0,0.0,6.0,8.0,0.0,5335.649,2826.064,19.055,36.978,36.288,9.614,0.0,0.0
476,0.0,7.0,0.0,0.0,1.0,0.0,442.66,2933.885,83.141,37.683,37.322,9.843,0.0,0.0
477,0.0,7.0,0.0,1.0,3.0,0.0,159.768,3018.935,79.602,37.373,37.13,9.777,0.0,0.0
478,0.0,7.0,0.0,2.0,4.0,0.0,37.732,3038.789,53.958,37.775,37.618,9.817,0.0,0.0
479,0.0,7.0,0.0,3.0,5.0,0.0,303.903,3108.015,91.3,37.138,36.927,9.72,0.0,0.0
480,0.0,7.0,0.0,4.0,6.0,0.0,133.125,3155.452,79.724,38.049,37.723,9.79,0.0,0.0
481,1.0,7.0,0.0,0.0,0.0,0.0,938.79,2885.241,109.302,37.148,36.746,9.698,0.0,0.0
482,1.0,7.0,0.0,1.0,1.0,0.0,1066.745,2895.309,40.231,37.525,37.438,9.838,0.0,0.0
483,1.0,7.0,0.0,2.0,2.0,0.0,831.891,2918.063,86.059,37.523,37.35,9.826,0.0,0.0
484,1.0,7.0,0.0,3.0,4.0,0.0,1017.605,2974.119,59.439,37.616,37.277,9.828,0.0,0.0
485,1.0,7.0,0.0,4.0,5.0,0.0,958.628,3226.362,39.533,37.529,37.373,9.83,0.0,0.0
486,2.0,7.0,0.0,0.0,1.0,0.0,1193.399,2956.621,71.427,37.015,36.749,9.758,0.0,0.0
487,2.0,7.0,0.0,1.0,2.0,0.0,1616.895,3026.875,90.658,37.511,37.193,9.804,0.0,0.0
488,2.0,7.0,0.0,2.0,3.0,0.0,1438.115,3054.336,70.188,37.045,36.754,9.763,0.0,0.0
489,2.0,7.0,0.0,3.0,4.0,0.0,1439.559,3095.774,69.027,37.468,36.985,9.771,0.0,0.0
490,2.0,7.0,0.0,4.0,6.0,0.0,1524.991,3141.311,106.83,37.556,37.374,9.833,0.0,0.0
491,2.0,7.0,0.0,5.0,7.0,0.0,1710.228,3247.69,115.254,38.716,38.559,9.984,0.0,0.0
492,3.0,7.0,0.0,0.0,0.0,0.0,2145.478,2888.613,66.493,36.856,36.506,9.705,0.0,0.0
493,3.0,7.0,0.0,1.0,1.0,0.0,2258.175,3109.782,107.398,38.007,37.764,9.866,0.0,0.0
494,3.0,7.0,0.0,2.0,2.0,0.0,1750.088,3116.286,72.014,38.326,38.006,9.939,0.0,0.0
495,3.0,7.0,0.0,3.0,3.0,0.0,2067.192,3117.321,87.824,37.176,36.729,9.777,0.0,0.0
496,3.0,7.0,0.0,4.0,4.0,0.0,1911.799,3140.976,117.172,37.214,36.982,9.815,0.0,0.0
498,3.0,7.0,0.0,6.0,6.0,0.0,1945.464,3248.928,32.033,37.73,37.375,9.779,0.0,0.0
499,4.0,7.0,0.0,0.0,0.0,0.0,2860.981,2884.021,117.128,37.551,37.228,9.814,0.0,0.0
500,4.0,7.0,0.0,1.0,1.0,0.0,2538.238,2899.159,63.278,37.44,37.149,9.788,0.0,0.0
501,4.0,7.0,0.0,2.0,4.0,0.0,2516.112,3038.721,-30.161,37.292,36.994,9.749,0.0,0.0
502,4.0,7.0,0.0,3.0,5.0,0.0,2644.141,3078.268,99.757,37.281,37.049,9.755,0.0,0.0
503,4.0,7.0,0.0,4.0,6.0,0.0,2768.722,3090.806,91.872,37.981,37.785,9.865,0.0,0.0
504,4.0,7.0,0.0,5.0,7.0,0.0,2859.796,3162.755,104.054,37.819,37.536,9.812,0.0,0.0
505,4.0,7.0,0.0,6.0,8.0,0.0,2478.176,3163.42,68.249,37.765,37.399,9.787,0.0,0.0
506,4.0,7.0,0.0,7.0,9.0,0.0,2352.128,3192.44,56.483,38.405,38.253,9.904,0.0,0.0
507,4.0,7.0,0.0,8.0,10.0,0.0,2596.402,3266.931,-26.063,38.356,38.201,9.891,0.0,0.0
508,5.0,7.0,0.0,0.0,1.0,0.0,3183.144,2930.845,68.384,37.583,37.373,9.837,0.0,0.0
509,5.0,7.0,0.0,1.0,2.0,0.0,3042.917,3006.526,84.914,37.388,37.22,9.791,0.0,0.0
510,5.0,7.0,0.0,2.0,3.0,0.0,3339.497,3120.225,-30.59,37.523,37.34,9.825,0.0,0.0
511,5.0,7.0,0.0,3.0,4.0,0.0,3148.248,3123.416,70.318,37.036,36.802,9.768,0.0,0.0
512,5.0,7.0,0.0,4.0,6.0,0.0,3037.831,3150.652,-31.919,37.042,36.896,9.703,0.0,0.0
513,5.0,7.0,0.0,5.0,7.0,0.0,3202.036,3171.971,114.896,37.641,37.579,9.794,0.0,0.0
514,5.0,7.0,0.0,6.0,8.0,0.0,3448.221,3210.643,-34.347,38.227,38.186,9.873,0.0,0.0
515,5.0,7.0,0.0,7.0,9.0,0.0,3121.23,3235.842,-39.319,37.427,37.148,9.787,0.0,0.0
516,5.0,7.0,0.0,8.0,10.0,0.0,3047.378,3256.781,61.813,37.755,37.601,9.812,0.0,0.0
517,5.0,7.0,0.0,9.0,11.0,0.0,3221.281,3277.039,-3.529,40.616,25.071,8.724,0.0,0.0
518,6.0,7.0,0.0,0.0,0.0,0.0,3951.617,2885.327,65.38,36.972,36.435,9.711,0.0,0.0
519,6.0,7.0,0.0,1.0,1.0,0.0,3828.546,2971.896,86.446,37.077,36.91,9.71,0.0,0.0
520,6.0,7.0,0.0,2.0,2.0,0.0,4029.18,3038.263,114.377,37.159,36.787,9.946,0.0,0.0
521,6.0,7.0,0.0,3.0,3.0,0.0,3851.724,3105.237,80.097,37.222,36.949,9.734,0.0,0.0
522,7.0,7.0,0.0,0.0,3.0,0.0,4214.887,2879.074,-36.404,37.192,36.829,9.714,0.0,0.0
523,7.0,7.0,0.0,1.0,4.0,0.0,4530.833,2987.738,84.116,36.66,36.276,9.648,0.0,0.0
524,7.0,7.0,0.0,2.0,7.0,0.0,4285.132,3202.952,124.964,37.68,37.307,9.764,0.0,0.0
525,7.0,7.0,0.0,3.0,8.0,0.0,4236.4,3227.757,27.143,37.402,37.215,9.793,0.0,0.0
526,8.0,7.0,0.0,0.0,0.0,0.0,4867.417,2978.887,91.723,36.981,36.506,9.644,0.0,0.0
527,8.0,7.0,0.0,1.0,2.0,0.0,5166.367,3066.068,114.32,37.839,37.428,9.8,0.0,0.0
528,8.0,7.0,0.0,2.0,3.0,0.0,5170.246,3139.94,59.518,38.438,38.265,9.91,0.0,0.0
529,8.0,7.0,0.0,3.0,4.0,0.0,4784.64,3164.122,71.517,38.013,37.708,9.859,0.0,0.0
530,8.0,7.0,0.0,4.0,6.0,0.0,4999.977,3220.584,0.623,37.764,37.658,9.821,0.0,0.0
531,8.0,7.0,0.0,5.0,7.0,0.0,4718.05,3230.094,61.708,37.886,37.691,9.841,0.0,0.0
532,8.0,7.0,0.0,6.0,8.0,0.0,4771.011,3256.166,77.084,38.334,38.249,9.895,0.0,0.0
533,9.0,7.0,0.0,0.0,0.0,0.0,5636.227,2922.278,111.504,36.953,36.734,9.748,0.0,0.0
534,9.0,7.0,0.0,1.0,1.0,0.0,5414.986,2981.902,68.483,36.705,36.4,9.671,0.0,0.0
535,9.0,7.0,0.0,2.0,3.0,0.0,5536.357,3228.686,134.466,37.873,37.408,9.802,0.0,0.0
536,0.0,8.0,0.0,0.0,0.0,0.0,422.146,3319.818,75.156,37.344,36.613,9.704,0.0,0.0
537,0.0,8.0,0.0,1.0,1.0,0.0,558.268,3490.636,123.922,37.589,37.412,9.766,0.0,0.0
538,0.0,8.0,0.0,2.0,3.0,0.0,357.645,3685.157,-3.729,40.321,24.912,8.652,0.0,0.0
539,1.0,8.0,0.0,0.0,0.0,0.0,1064.325,3383.776,115.62,37.962,37.276,9.797,0.0,0.0
540,1.0,8.0,0.0,1.0,1.0,0.0,926.656,3427.218,56.826,38.157,37.741,9.883,0.0,0.0
541,1.0,8.0,0.0,2.0,2.0,0.0,1019.128,3513.757,118.241,37.098,36.98,9.722,0.0,0.0
542,1.0,8.0,0.0,3.0,3.0,0.0,898.213,3562.983,71.987,38.51,38.356,9.931,0.0,0.0
543,1.0,8.0,0.0,4.0,4.0,0.0,1009.141,3610.494,96.068,37.444,37.166,9.791,0.0,0.0
544,1.0,8.0,0.0,5.0,5.0,0.0,825.167,3640.246,-42.796,36.971,36.877,9.692,0.0,0.0
545,1.0,8.0,0.0,6.0,6.0,0.0,1160.268,3680.355,124.326,36.579,35.018,9.172,0.0,0.0
546,2.0,8.0,0.0,0.0,2.0,0.0,1192.592,3339.898,49.432,37.633,37.403,9.771,0.0,0.0
547,2.0,8.0,0.0,1.0,3.0,0.0,1408.407,3357.368,56.643,36.85,36.537,9.708,0.0,0.0
548,2.0,8.0,0.0,2.0,4.0,0.0,1566.285,3420.204,112.299,37.838,37.455,9.804,0.0,0.0
549,2.0,8.0,0.0,3.0,5.0,0.0,1675.036,3473.613,125.297,37.297,37.154,9.771,0.0,0.0
550,2.0,8.0,0.0,4.0,7.0,0.0,1284.257,3546.352,9.821,37.799,37.548,9.889,0.0,0.0
551,2.0,8.0,0.0,5.0,8.0,0.0,1556.078,3577.791,95.866,37.475,37.19,9.798,0.0,0.0
552,2.0,8.0,0.0,6.0,11.0,0.0,1574.335,3674.276,94.835,38.222,38.073,9.857,0.0,0.0
553,3.0,8.0,0.0,0.0,1.0,0.0,2310.472,3299.821,92.644,38.186,36.482,9.721,0.0,0.0
554,3.0,8.0,0.0,1.0,2.0,0.0,2248.613,3352.19,98.964,37.575,37.024,9.79,0.0,0.0
555,3.0,8.0,0.0,2.0,3.0,0.0,2111.894,3487.78,115.2,36.634,36.504,9.676,0.0,0.0
556,3.0,8.0,0.0,3.0,4.0,0.0,2251.005,3559.252,120.723,38.075,37.657,9.86,0.0,0.0
557,3.0,8.0,0.0,4.0,5.0,0.0,2029.935,3589.031,117.958,37.417,37.17,9.788,0.0,0.0
558,3.0,8.0,0.0,5.0,6.0,0.0,1987.544,3620.571,52.424,37.283,37.154,9.769,0.0,0.0
559,3.0,8.0,0.0,6.0,7.0,0.0,1763.355,3634.219,34.576,38.259,37.895,9.916,0.0,0.0
560,3.0,8.0,0.0,7.0,8.0,0.0,2240.226,3662.354,99.661,37.581,37.549,9.783,0.0,0.0
561,4.0,8.0,0.0,0.0,2.0,0.0,2608.135,3413.068,18.049,36.839,36.685,9.727,0.0,0.0
562,4.0,8.0,0.0,1.0,3.0,0.0,2713.849,3420.46,25.179,37.561,37.382,9.835,0.0,0.0
563,4.0,8.0,0.0,2.0,4.0,0.0,2645.981,3444.046,87.776,37.252,37.015,9.747,0.0,0.0
564,4.0,8.0,0.0,3.0,5.0,0.0,2793.996,3497.182,53.904,37.824,37.549,9.892,0.0,0.0
565,4.0,8.0,0.0,4.0,7.0,0.0,2510.67,3514.703,45.093,37.383,37.063,9.77,0.0,0.0
566,4.0,8.0,0.0,5.0,8.0,0.0,2391.775,3535.157,51.48,37.462,37.206,9.799,0.0,0.0
567,4.0,8.0,0.0,6.0,9.0,0.0,2585.673,3566.799,11.751,37.863,37.535,9.818,0.0,0.0
568,4.0,8.0,0.0,7.0,11.0,0.0,2590.84,3676.737,76.286,38.228,37.856,9.83,0.0,0.0
569,5.0,8.0,0.0,0.0,2.0,0.0,3458.492,3337.11,-37.114,37.812,37.562,9.892,0.0,0.0
570,5.0,8.0,0.0,1.0,3.0,0.0,3002.21,3448.129,56.804,37.467,37.088,9.784,0.0,0.0
571,5.0,8.0,0.0,2.0,4.0,0.0,3288.369,3536.478,101.359,37.013,36.785,9.685,0.0,0.0
572,5.0,8.0,0.0,3.0,5.0,0.0,3250.362,3575.913,123.686,37.503,37.158,9.798,0.0,0.0
573,5.0,8.0,0.0,4.0,6.0,0.0,3171.336,3617.026,43.058,37.359,37.187,9.783,0.0,0.0
574,5.0,8.0,0.0,5.0,7.0,0.0,2982.024,3639.069,-3.254,37.692,37.315,9.844,0.0,0.0
575,5.0,8.0,0.0,6.0,8.0,0.0,2995.422,3682.14,-1.824,39.569,31.066,9.237,0.0,0.0
576,6.0,8.0,0.0,0.0,2.0,0.0,3881.607,3347.875,98.356,37.509,37.253,9.811,0.0,0.0
577,6.0,8.0,0.0,1.0,3.0,0.0,3701.984,3400.44,50.461,36.998,36.776,9.682,0.0,0.0
578,6.0,8.0,0.0,2.0,4.0,0.0,3768.224,3405.646,129.447,36.919,36.661,9.656,0.0,0.0
579,6.0,8.0,0.0,3.0,5.0,0.0,3770.267,3598.837,102.613,37.67,37.523,9.868,0.0,0.0
580,7.0,8.0,0.0,0.0,1.0,0.0,4089.536,3354.574,116.106,37.09,36.523,9.435,0.0,0.0
581,7.0,8.0,0.0,1.0,3.0,0.0,4554.86,3666.193,72.59,37.784,37.699,9.829,0.0,0.0
582,7.0,8.0,0.0,2.0,4.0,0.0,4176.178,3676.546,33.942,37.243,37.087,9.755,0.0,0.0
583,8.0,8.0,0.0,0.0,1.0,0.0,5026.524,3341.542,98.147,36.882,36.151,9.661,0.0,0.0
584,8.0,8.0,0.0,1.0,3.0,0.0,4989.521,3364.054,90.181,36.975,36.395,9.706,0.0,0.0
585,8.0,8.0,0.0,2.0,4.0,0.0,4852.4,3395.563,125.069,36.677,36.448,9.674,0.0,0.0
586,8.0,8.0,0.0,3.0,5.0,0.0,4795.734,3432.377,103.179,37.529,37.156,9.801,0.0,0.0
587,8.0,8.0,0.0,4.0,6.0,0.0,5105.883,3434.465,92.46,37.012,36.592,9.737,0.0,0.0
588,8.0,8.0,0.0,5.0,7.0,0.0,4992.467,3459.214,79.643,37.893,37.647,9.76,0.0,0.0
589,8.0,8.0,0.0,6.0,8.0,0.0,4641.283,3463.393,98.775,37.614,36.716,9.754,0.0,0.0
590,8.0,8.0,0.0,7.0,9.0,0.0,4793.003,3505.347,23.94,37.184,33.895,9.565,0.0,0.0
591,8.0,8.0,0.0,8.0,9.0,0.0,4806.813,3476.701,20.126,36.91,34.395,9.439,0.0,0.0
592,8.0,8.0,0.0,9.0,10.0,0.0,5154.139,3586.228,-20.933,37.754,37.557,9.806,0.0,0.0
593,8.0,8.0,0.0,10.0,11.0,0.0,5112.971,3607.321,118.68,37.087,36.582,9.668,0.0,0.0
594,8.0,8.0,0.0,11.0,12.0,0.0,4944.866,3611.11,121.022,36.859,36.754,9.738,0.0,0.0
595,9.0,8.0,0.0,0.0,0.0,0.0,5444.819,3402.123,119.149,37.009,36.812,9.688,0.0,0.0
596,9.0,8.0,0.0,1.0,1.0,0.0,5716.379,3475.772,82.913,37.392,37.153,9.783,0.0,0.0
597,9.0,8.0,0.0,2.0,2.0,0.0,5416.882,3569.797,74.737,37.51,37.447,9.837,0.0,0.0
598,9.0,8.0,0.0,3.0,3.0,0.0,5339.689,3610.46,65.248,37.184,36.907,9.801,0.0,0.0
599,0.0,9.0,0.0,0.0,2.0,0.0,274.369,3824.283,61.741,37.726,37.316,9.771,0.0,0.0
600,0.0,9.0,0.0,1.0,3.0,0.0,304.309,3918.264,63.318,37.59,37.331,9.755,0.0,0.0
601,0.0,9.0,0.0,2.0,4.0,0.0,403.351,3937.632,90.567,37.267,36.928,9.815,0.0,0.0
602,0.0,9.0,0.0,3.0,6.0,0.0,71.288,4071.121,44.361,38.304,38.156,9.879,0.0,0.0
603,0.0,9.0,0.0,4.0,7.0,0.0,109.229,4085.878,6.049,38.182,37.238,9.82,0.0,0.0
604,1.0,9.0,0.0,0.0,1.0,0.0,1065.777,3704.283,70.346,37.966,37.847,9.871,0.0,0.0
605,1.0,9.0,0.0,1.0,3.0,0.0,899.815,3761.029,109.615,37.879,35.554,9.884,0.0,0.0
606,1.0,9.0,0.0,2.0,3.0,0.0,869.397,3748.22,116.029,37.525,34.771,9.723,0.0,0.0
607,1.0,9.0,0.0,3.0,4.0,0.0,1116.199,3785.086,87.279,37.461,37.331,9.815,0.0,0.0
608,1.0,9.0,0.0,4.0,5.0,0.0,651.34,3887.932,90.712,37.049,36.968,9.792,0.0,0.0
609,1.0,9.0,0.0,5.0,7.0,0.0,666.626,4074.548,-29.532,38.289,37.951,9.85,0.0,0.0
612,2.0,9.0,0.0,2.0,6.0,0.0,1212.127,4073.65,-1.088,37.858,37.655,9.756,0.0,0.0
613,3.0,9.0,0.0,0.0,2.0,0.0,1838.154,3710.867,126.377,37.326,37.207,9.781,0.0,0.0
614,3.0,9.0,0.0,1.0,3.0,0.0,1757.483,3738.77,54.003,37.88,37.487,9.813,0.0,0.0
615,3.0,9.0,0.0,2.0,5.0,0.0,1991.735,3780.541,61.635,37.594,37.484,9.776,0.0,0.0
616,3.0,9.0,0.0,3.0,6.0,0.0,1972.255,3823.746,113.542,37.416,37.295,9.805,0.0,0.0
617,3.0,9.0,0.0,4.0,7.0,0.0,1881.5,3836.548,101.056,37.57,37.294,9.825,0.0,0.0
618,3.0,9.0,0.0,5.0,9.0,0.0,2211.294,3976.582,97.622,38.574,38.236,9.924,0.0,0.0
619,3.0,9.0,0.0,6.0,10.0,0.0,1843.656,4004.325,-0.995,37.735,37.584,9.885,0.0,0.0
620,3.0,9.0,0.0,7.0,11.0,0.0,1752.182,4087.679,0.442,39.086,35.308,9.605,0.0,0.0
621,4.0,9.0,0.0,0.0,1.0,0.0,2742.816,3707.955,74.394,37.59,37.478,9.774,0.0,0.0
622,4.0,9.0,0.0,1.0,2.0,0.0,2324.791,3708.624,62.176,37.526,37.46,9.764,0.0,0.0
623,4.0,9.0,0.0,2.0,3.0,0.0,2365.834,3720.677,124.958,37.351,37.199,9.784,0.0,0.0
624,4.0,9.0,0.0,3.0,4.0,0.0,2536.408,3797.243,80.23,37.169,36.914,9.723,0.0,0.0
625,4.0,9.0,0.0,4.0,5.0,0.0,2656.642,3885.933,88.702,37.399,37.208,9.791,0.0,0.0
626,4.0,9.0,0.0,5.0,6.0,0.0,2740.038,4016.242,87.693,37.598,37.275,9.826,0.0,0.0
627,4.0,9.0,0.0,6.0,7.0,0.0,2623.112,4028.111,61.132,37.279,36.953,9.82,0.0,0.0
628,5.0,9.0,0.0,0.0,1.0,0.0,3200.026,3723.294,79.933,37.105,36.928,9.794,0.0,0.0
629,5.0,9.0,0.0,1.0,2.0,0.0,2997.263,3745.345,55.49,37.226,36.914,9.73,0.0,0.0
630,5.0,9.0,0.0,2.0,3.0,0.0,3337.049,3780.072,99.795,37.61,37.433,9.771,0.0,0.0
631,5.0,9.0,0.0,3.0,4.0,0.0,3172.37,3849.512,72.179,37.334,36.991,9.754,0.0,0.0
632,5.0,9.0,0.0,4.0,5.0,0.0,3072.821,3891.983,21.868,37.412,37.323,9.808,0.0,0.0
633,5.0,9.0,0.0,5.0,6.0,0.0,3202.223,3908.091,114.008,37.763,37.71,9.827,0.0,0.0
634,5.0,9.0,0.0,6.0,7.0,0.0,3020.228,3945.768,78.767,37.519,37.227,9.733,0.0,0.0
635,5.0,9.0,0.0,7.0,8.0,0.0,3366.378,3970.376,99.99,37.645,36.894,9.706,0.0,0.0
636,5.0,9.0,0.0,8.0,9.0,0.0,3307.496,4015.622,120.566,37.532,37.3,9.821,0.0,0.0
637,5.0,9.0,0.0,9.0,10.0,0.0,3210.483,4046.863,66.98,37.927,37.75,9.854,0.0,0.0
638,6.0,9.0,0.0,0.0,1.0,0.0,3698.162,3712.418,79.379,37.38,37.092,9.852,0.0,0.0
639,6.0,9.0,0.0,1.0,2.0,0.0,3652.958,3768.072,75.755,37.977,33.038,9.464,0.0,0.0
640,6.0,9.0,0.0,2.0,2.0,0.0,3681.617,3756.116,72.679,37.674,32.804,9.651,0.0,0.0
641,6.0,9.0,0.0,3.0,3.0,0.0,3854.179,3785.83,64.808,37.227,36.912,9.808,0.0,0.0
642,6.0,9.0,0.0,4.0,5.0,0.0,3912.897,3832.779,91.579,38.108,37.844,9.889,0.0,0.0
643,6.0,9.0,0.0,5.0,6.0,0.0,3691.765,3881.66,59.14,37.457,36.834,9.75,0.0,0.0
644,6.0,9.0,0.0,6.0,7.0,0.0,3736.203,3934.038,72.624,37.569,37.302,9.749,0.0,0.0
645,6.0,9.0,0.0,7.0,8.0,0.0,3892.961,3963.513,96.016,37.918,37.721,9.849,0.0,0.0
646,6.0,9.0,0.0,8.0,9.0,0.0,3963.335,4017.76,104.946,38.044,37.925,9.892,0.0,0.0
647,6.0,9.0,0.0,9.0,10.0,0.0,3844.221,4025.366,133.873,37.835,37.485,9.807,0.0,0.0
648,6.0,9.0,0.0,10.0,11.0,0.0,3780.561,4083.455,-29.388,38.021,37.798,9.872,0.0,0.0
649,7.0,9.0,0.0,0.0,2.0,0.0,4588.043,3707.186,94.372,37.382,37.211,9.713,0.0,0.0
650,7.0,9.0,0.0,1.0,3.0,0.0,4614.657,3807.95,94.718,37.553,36.136,9.668,0.0,0.0
651,7.0,9.0,0.0,2.0,5.0,0.0,4497.214,3856.532,88.668,37.773,37.376,9.862,0.0,0.0
652,7.0,9.0,0.0,3.0,6.0,0.0,4098.884,3956.383,82.499,38.16,37.785,9.889,0.0,0.0
653,7.0,9.0,0.0,4.0,7.0,0.0,4354.582,3969.878,53.319,37.557,37.24,9.816,0.0,0.0
654,7.0,9.0,0.0,5.0,8.0,0.0,4194.845,3985.697,58.493,37.409,37.055,9.772,0.0,0.0
655,7.0,9.0,0.0,6.0,9.0,0.0,4191.758,4040.568,102.079,37.41,37.244,9.797,0.0,0.0
656,7.0,9.0,0.0,7.0,10.0,0.0,4535.041,4064.715,123.107,37.923,37.713,9.849,0.0,0.0
657,7.0,9.0,0.0,8.0,11.0,0.0,4244.534,4072.73,65.626,38.428,38.171,9.974,0.0,0.0
658,8.0,9.0,0.0,0.0,0.0,0.0,4951.829,3717.422,94.13,36.839,36.368,9.763,0.0,0.0
659,8.0,9.0,0.0,1.0,1.0,0.0,5076.278,3777.357,86.057,37.013,36.843,9.77,0.0,0.0
660,8.0,9.0,0.0,2.0,2.0,0.0,4703.76,3793.773,94.344,36.99,36.491,9.72,0.0,0.0
661,8.0,9.0,0.0,3.0,4.0,0.0,4799.511,4000.91,57.157,37.767,37.265,9.846,0.0,0.0
662,8.0,9.0,0.0,4.0,5.0,0.0,4689.854,4024.759,62.595,38.017,37.546,9.839,0.0,0.0
663,8.0,9.0,0.0,5.0,6.0,0.0,4753.034,4053.213,-6.366,37.551,37.468,9.845,0.0,0.0
664,8.0,9.0,0.0,6.0,7.0,0.0,4799.346,4078.328,43.702,37.14,36.888,9.715,0.0,0.0
665,9.0,9.0,0.0,0.0,0.0,0.0,5763.071,3708.934,119.436,37.391,37.079,9.773,0.0,0.0
666,9.0,9.0,0.0,1.0,1.0,0.0,5355.903,3766.218,65.917,36.93,36.692,9.739,0.0,0.0
667,9.0,9.0,0.0,2.0,2.0,0.0,5722.644,3788.493,117.867,37.553,37.264,9.819,0.0,0.0
668,9.0,9.0,0.0,3.0,5.0,0.0,5346.002,3859.699,71.214,38.028,37.555,9.842,0.0,0.0
670,9.0,9.0,0.0,5.0,8.0,0.0,5567.432,3953.719,-39.733,37.338,37.121,9.772,0.0,0.0
671,9.0,9.0,0.0,6.0,9.0,0.0,5723.359,3959.198,87.92,37.203,36.957,9.733,0.0,0.0
672,9.0,9.0,0.0,7.0,10.0,0.0,5659.188,3959.452,78.156,37.413,37.396,9.818,0.0,0.0
673,9.0,9.0,0.0,8.0,11.0,0.0,5458.155,3980.192,67.648,37.175,36.998,9.734,0.0,0.0
674,9.0,9.0,0.0,9.0,12.0,0.0,5380.618,4010.83,4.167,37.514,37.214,9.807,0.0,0.0
675,0.0,10.0,0.0,0.0,2.0,0.0,117.414,4155.912,84.012,37.186,37.031,9.74,0.0,0.0
676,0.0,10.0,0.0,1.0,3.0,0.0,308.58,4160.319,70.103,37.481,36.876,9.758,0.0,0.0
677,0.0,10.0,0.0,2.0,4.0,0.0,325.289,4199.642,105.731,37.267,37.157,9.767,0.0,0.0
678,0.0,10.0,0.0,3.0,5.0,0.0,93.27,4202.417,65.103,37.816,37.523,9.887,0.0,0.0
679,0.0,10.0,0.0,4.0,7.0,0.0,451.535,4225.598,-38.302,36.939,36.766,9.673,0.0,0.0
680,0.0,10.0,0.0,5.0,8.0,0.0,532.781,4286.525,-37.145,38.076,37.806,9.881,0.0,0.0
681,0.0,10.0,0.0,6.0,9.0,0.0,338.257,4303.984,84.544,37.477,37.369,9.822,0.0,0.0
682,0.0,10.0,0.0,7.0,10.0,0.0,175.479,4384.302,79.024,38.063,37.657,9.859,0.0,0.0
683,0.0,10.0,0.0,8.0,11.0,0.0,219.673,4443.995,61.38,38.212,37.544,9.863,0.0,0.0
684,0.0,10.0,0.0,9.0,12.0,0.0,272.425,4475.339,52.438,38.039,37.393,9.746,0.0,0.0
685,1.0,10.0,0.0,0.0,1.0,0.0,871.058,4148.96,71.069,37.454,37.242,9.803,0.0,0.0
686,1.0,10.0,0.0,1.0,2.0,0.0,1010.142,4154.191,61.653,37.713,37.487,9.869,0.0,0.0
687,1.0,10.0,0.0,2.0,3.0,0.0,1057.222,4214.196,53.651,37.82,37.483,9.805,0.0,0.0
688,1.0,10.0,0.0,3.0,4.0,0.0,623.667,4264.446,52.649,37.649,37.245,9.828,0.0,0.0
689,1.0,10.0,0.0,4.0,5.0,0.0,935.203,4289.932,93.377,37.611,37.544,9.863,0.0,0.0
690,1.0,10.0,0.0,5.0,6.0,0.0,800.449,4301.531,118.277,37.29,36.816,9.649,0.0,0.0
691,1.0,10.0,0.0,6.0,9.0,0.0,779.586,4478.54,40.645,37.222,37.183,9.765,0.0,0.0
692,1.0,10.0,0.0,7.0,10.0,0.0,1000.336,4500.831,-5.038,41.359,25.915,8.802,0.0,0.0
693,2.0,10.0,0.0,0.0,2.0,0.0,1340.194,4131.873,89.035,37.326,36.849,9.735,0.0,0.0
694,2.0,10.0,0.0,1.0,3.0,0.0,1467.69,4179.298,50.913,37.31,36.914,9.819,0.0,0.0
695,2.0,10.0,0.0,2.0,5.0,0.0,1180.206,4320.696,64.351,37.853,37.327,9.789,0.0,0.0
696,2.0,10.0,0.0,3.0,6.0,0.0,1737.961,4326.504,94.049,40.157,31.523,9.221,0.0,0.0
697,2.0,10.0,0.0,4.0,7.0,0.0,1450.528,4367.807,62.965,37.984,37.96,9.889,0.0,0.0
698,2.0,10.0,0.0,5.0,8.0,0.0,1713.115,4380.156,119.251,38.288,38.147,9.876,0.0,0.0
699,2.0,10.0,0.0,6.0,9.0,0.0,1401.275,4430.678,76.092,38.022,37.854,9.88,0.0,0.0
700,2.0,10.0,0.0,7.0,10.0,0.0,1707.737,4433.194,104.088,38.066,37.708,9.866,0.0,0.0
701,3.0,10.0,0.0,0.0,1.0,0.0,2267.946,4101.789,110.964,36.88,36.772,9.743,0.0,0.0
702,3.0,10.0,0.0,1.0,3.0,0.0,2043.321,4229.643,71.539,37.319,36.948,9.747,0.0,0.0
703,3.0,10.0,0.0,2.0,4.0,0.0,2106.13,4291.552,59.685,37.071,36.627,9.749,0.0,0.0
704,3.0,10.0,0.0,3.0,6.0,0.0,1918.747,4324.205,44.129,37.396,37.177,9.787,0.0,0.0
705,3.0,10.0,0.0,4.0,10.0,0.0,2178.036,4397.031,105.249,37.696,37.455,9.862,0.0,0.0
706,3.0,10.0,0.0,5.0,12.0,0.0,1854.795,4466.671,-27.344,37.843,37.507,9.811,0.0,0.0
707,4.0,10.0,0.0,0.0,0.0,0.0,2726.356,4101.772,91.93,40.262,34.404,9.45,0.0,0.0
708,4.0,10.0,0.0,1.0,1.0,0.0,2342.613,4146.742,54.837,37.132,36.87,9.712,0.0,0.0
709,4.0,10.0,0.0,2.0,2.0,0.0,2386.139,4268.019,82.234,37.246,36.912,9.732,0.0,0.0
710,4.0,10.0,0.0,3.0,3.0,0.0,2598.632,4305.769,-28.742,37.381,37.092,9.852,0.0,0.0
711,4.0,10.0,0.0,4.0,4.0,0.0,2711.261,4474.029,-28.277,37.77,37.508,9.88,0.0,0.0
712,5.0,10.0,0.0,0.0,0.0,0.0,2957.02,4162.465,57.13,37.676,37.423,9.856,0.0,0.0
713,5.0,10.0,0.0,1.0,1.0,0.0,3005.871,4279.745,-9.188,37.618,37.194,9.975,0.0,0.0
714,5.0,10.0,0.0,2.0,2.0,0.0,3024.98,4384.68,51.326,37.927,37.417,9.81,0.0,0.0
715,5.0,10.0,0.0,3.0,3.0,0.0,3412.291,4460.055,133.767,38.485,38.358,9.928,0.0,0.0
716,5.0,10.0,0.0,4.0,4.0,0.0,3210.758,4469.279,-1.661,37.082,36.909,9.71,0.0,0.0
717,5.0,10.0,0.0,5.0,5.0,0.0,3161.536,4484.196,30.501,37.916,37.62,9.835,0.0,0.0
718,6.0,10.0,0.0,0.0,1.0,0.0,4006.117,4120.977,98.458,37.624,37.286,9.831,0.0,0.0
719,6.0,10.0,0.0,1.0,2.0,0.0,3787.764,4149.838,62.183,37.739,37.271,9.844,0.0,0.0
720,6.0,10.0,0.0,2.0,3.0,0.0,3566.6,4196.595,111.905,37.064,36.894,9.706,0.0,0.0
721,6.0,10.0,0.0,3.0,4.0,0.0,3981.159,4252.521,96.788,37.441,37.284,9.807,0.0,0.0
722,6.0,10.0,0.0,4.0,5.0,0.0,3912.92,4385.138,96.126,37.388,37.138,9.781,0.0,0.0
723,7.0,10.0,0.0,0.0,1.0,0.0,4472.742,4284.056,107.831,37.841,37.252,9.778,0.0,0.0
724,7.0,10.0,0.0,1.0,2.0,0.0,4301.569,4348.009,102.492,36.996,36.778,9.759,0.0,0.0
725,7.0,10.0,0.0,2.0,3.0,0.0,4580.252,4418.634,115.134,37.889,37.669,9.838,0.0,0.0
726,7.0,10.0,0.0,3.0,5.0,0.0,4178.072,4473.275,39.203,37.376,37.25,9.794,0.0,0.0
727,8.0,10.0,0.0,0.0,1.0,0.0,5001.145,4133.913,102.525,36.697,36.391,9.669,0.0,0.0
728,8.0,10.0,0.0,1.0,2.0,0.0,4705.22,4146.921,115.42,37.307,37.133,9.769,0.0,0.0
729,8.0,10.0,0.0,2.0,3.0,0.0,5098.867,4261.445,77.384,36.927,36.807,9.677,0.0,0.0
730,8.0,10.0,0.0,3.0,4.0,0.0,4998.002,4367.063,-35.544,37.297,37.274,9.786,0.0,0.0
731,8.0,10.0,0.0,4.0,5.0,0.0,5045.685,4384.03,82.317,37.471,37.139,9.791,0.0,0.0
732,8.0,10.0,0.0,5.0,6.0,0.0,4795.716,4430.505,60.979,37.105,36.973,9.722,0.0,0.0
733,8.0,10.0,0.0,6.0,7.0,0.0,5172.055,4470.461,-9.669,38.258,37.753,9.821,0.0,0.0
734,9.0,10.0,0.0,0.0,0.0,0.0,5739.931,4100.212,112.731,37.297,37.249,9.783,0.0,0.0
735,9.0,10.0,0.0,1.0,1.0,0.0,5350.654,4130.645,70.153,36.942,36.75,9.749,0.0,0.0
736,9.0,10.0,0.0,2.0,2.0,0.0,5573.215,4171.122,101.791,36.611,36.465,9.746,0.0,0.0
737,9.0,10.0,0.0,3.0,3.0,0.0,5521.046,4198.402,88.517,37.091,36.964,9.719,0.0,0.0
738,9.0,10.0,0.0,4.0,4.0,0.0,5230.958,4273.06,73.147,37.087,36.929,9.714,0.0,0.0
739,9.0,10.0,0.0,5.0,5.0,0.0,5331.997,4341.481,68.724,37.146,36.713,9.77,0.0,0.0
740,9.0,10.0,0.0,6.0,6.0,0.0,5752.495,4350.026,0.523,37.625,37.389,9.768,0.0,0.0
741,9.0,10.0,0.0,7.0,7.0,0.0,5470.2,4411.084,89.909,37.38,37.247,9.794,0.0,0.0
742,9.0,10.0,0.0,8.0,8.0,0.0,5259.365,4413.79,51.389,37.785,37.346,9.783,0.0,0.0
743,9.0,10.0,0.0,9.0,9.0,0.0,5676.155,4420.825,-34.215,37.956,37.677,9.848,0.0,0.0
744,9.0,10.0,0.0,10.0,11.0,0.0,5432.638,4453.176,60.398,37.946,37.736,9.854,0.0,0.0
745,9.0,10.0,0.0,11.0,14.0,0.0,5459.149,4492.142,61.681,37.425,37.158,9.711,0.0,0.0
746,0.0,11.0,0.0,0.0,1.0,0.0,401.939,4541.352,71.81,37.108,37.033,9.654,0.0,0.0
747,0.0,11.0,0.0,1.0,2.0,0.0,452.82,4826.454,81.292,37.618,37.515,9.783,0.0,0.0
748,0.0,11.0,0.0,2.0,3.0,0.0,553.95,4850.67,-30.405,38.175,37.977,9.839,0.0,0.0
749,0.0,11.0,0.0,3.0,4.0,0.0,441.281,4897.049,119.572,37.729,37.257,9.764,0.0,0.0
750,0.0,11.0,0.0,4.0,5.0,0.0,88.526,4899.776,29.158,38.284,38.159,9.877,0.0,0.0
751,1.0,11.0,0.0,0.0,2.0,0.0,1110.559,4541.752,60.715,37.555,37.475,9.847,0.0,0.0
752,1.0,11.0,0.0,1.0,3.0,0.0,834.192,4562.267,60.291,37.936,37.333,9.878,0.0,0.0
754,1.0,11.0,0.0,3.0,5.0,0.0,1154.808,4639.819,88.508,37.908,37.645,9.838,0.0,0.0
755,1.0,11.0,0.0,4.0,6.0,0.0,1040.624,4653.85,86.409,37.512,37.387,9.83,0.0,0.0
756,1.0,11.0,0.0,5.0,7.0,0.0,711.907,4697.926,76.027,37.405,37.269,9.8,0.0,0.0
757,1.0,11.0,0.0,6.0,8.0,0.0,681.155,4728.965,86.393,37.646,37.585,9.873,0.0,0.0
758,1.0,11.0,0.0,7.0,9.0,0.0,955.239,4752.239,128.688,37.73,37.517,9.798,0.0,0.0
759,1.0,11.0,0.0,8.0,10.0,0.0,1113.498,4775.485,101.243,38.228,37.744,9.892,0.0,0.0
760,1.0,11.0,0.0,9.0,11.0,0.0,1073.196,4804.749,133.719,37.714,37.396,9.78,0.0,0.0
761,1.0,11.0,0.0,10.0,12.0,0.0,624.864,4822.046,51.325,37.562,37.121,9.725,0.0,0.0
762,1.0,11.0,0.0,11.0,15.0,0.0,829.01,4883.289,80.583,37.996,37.819,9.872,0.0,0.0
763,2.0,11.0,0.0,0.0,0.0,0.0,1618.305,4589.396,86.497,37.289,37.072,9.759,0.0,0.0
764,2.0,11.0,0.0,1.0,1.0,0.0,1314.836,4613.805,53.62,37.311,37.128,9.769,0.0,0.0
765,2.0,11.0,0.0,2.0,3.0,0.0,1518.522,4658.34,86.001,37.36,37.231,9.789,0.0,0.0
767,2.0,11.0,0.0,4.0,6.0,0.0,1674.605,4848.462,117.798,38.355,38.051,9.872,0.0,0.0
768,2.0,11.0,0.0,5.0,7.0,0.0,1634.256,4869.227,5.089,37.583,37.249,9.821,0.0,0.0
769,2.0,11.0,0.0,6.0,9.0,0.0,1426.944,4897.755,18.737,37.278,37.142,9.767,0.0,0.0
770,3.0,11.0,0.0,0.0,0.0,0.0,1826.037,4523.034,56.885,37.339,37.118,9.772,0.0,0.0
771,3.0,11.0,0.0,1.0,1.0,0.0,2137.396,4549.956,60.276,37.517,36.992,9.778,0.0,0.0
772,3.0,11.0,0.0,2.0,2.0,0.0,1959.626,4645.275,58.656,36.93,36.479,9.711,0.0,0.0
773,3.0,11.0,0.0,3.0,4.0,0.0,2290.304,4850.8,-6.417,38.152,37.949,9.909,0.0,0.0
774,3.0,11.0,0.0,4.0,5.0,0.0,1817.18,4856.554,-31.091,37.665,37.61,9.801,0.0,0.0
775,3.0,11.0,0.0,5.0,6.0,0.0,1996.976,4866.485,52.236,37.701,37.619,9.807,0.0,0.0
776,3.0,11.0,0.0,6.0,7.0,0.0,1762.198,4873.343,25.994,37.813,37.624,9.822,0.0,0.0
777,3.0,11.0,0.0,7.0,8.0,0.0,2181.766,4888.957,-38.4,37.188,36.811,9.711,0.0,0.0
778,3.0,11.0,0.0,8.0,9.0,0.0,2287.1,4897.664,22.355,38.9,38.638,9.942,0.0,0.0
779,4.0,11.0,0.0,0.0,1.0,0.0,2596.205,4528.615,69.759,37.113,36.926,9.717,0.0,0.0
780,4.0,11.0,0.0,1.0,2.0,0.0,2652.502,4554.036,94.657,37.522,37.472,9.765,0.0,0.0
781,4.0,11.0,0.0,2.0,4.0,0.0,2887.384,4664.102,84.962,33.92,33.71,9.25,0.0,0.0
782,4.0,11.0,0.0,3.0,5.0,0.0,2644.353,4750.17,77.542,37.489,37.097,9.788,0.0,0.0
783,4.0,11.0,0.0,4.0,7.0,0.0,2756.619,4856.338,103.602,37.415,37.213,9.794,0.0,0.0
784,5.0,11.0,0.0,0.0,1.0,0.0,3335.817,4528.669,70.44,37.147,36.747,9.775,0.0,0.0
785,6.0,11.0,0.0,0.0,1.0,0.0,3888.106,4571.513,80.687,36.839,36.476,9.699,0.0,0.0
786,6.0,11.0,0.0,1.0,2.0,0.0,3987.561,4574.893,124.935,37.107,36.728,9.768,0.0,0.0
787,6.0,11.0,0.0,2.0,3.0,0.0,3585.769,4579.332,81.438,38.355,28.161,9.398,0.0,0.0
788,6.0,11.0,0.0,3.0,4.0,0.0,3953.688,4593.834,-28.624,37.507,37.17,9.8,0.0,0.0
789,6.0,11.0,0.0,4.0,5.0,0.0,3547.861,4624.527,92.242,37.205,36.761,9.707,0.0,0.0
790,6.0,11.0,0.0,5.0,6.0,0.0,3933.72,4851.975,77.048,37.39,37.141,9.781,0.0,0.0
791,6.0,11.0,0.0,6.0,8.0,0.0,3571.742,4904.565,-1.02,38.304,33.842,9.46,0.0,0.0
792,7.0,11.0,0.0,0.0,1.0,0.0,4211.583,4546.934,95.652,37.039,36.78,9.688,0.0,0.0
793,7.0,11.0,0.0,1.0,2.0,0.0,4409.056,4559.813,75.706,36.991,36.611,9.659,0.0,0.0
794,7.0,11.0,0.0,2.0,4.0,0.0,4159.009,4649.719,41.915,36.804,36.752,9.731,0.0,0.0
795,7.0,11.0,0.0,3.0,5.0,0.0,4538.571,4678.753,131.574,37.215,37.123,9.756,0.0,0.0
796,7.0,11.0,0.0,4.0,7.0,0.0,4139.756,4781.002,81.823,37.448,36.985,9.768,0.0,0.0
797,7.0,11.0,0.0,5.0,9.0,0.0,4298.073,4865.495,63.395,37.201,36.961,9.733,0.0,0.0
798,8.0,11.0,0.0,0.0,0.0,0.0,5134.949,4547.427,114.688,37.231,36.965,9.737,0.0,0.0
799,8.0,11.0,0.0,1.0,1.0,0.0,4884.964,4570.765,95.462,37.163,37.0,9.733,0.0,0.0
800,8.0,11.0,0.0,2.0,2.0,0.0,4664.923,4572.137,106.145,37.757,37.284,9.77,0.0,0.0
801,8.0,11.0,0.0,3.0,3.0,0.0,5187.962,4577.085,121.717,37.066,36.808,9.695,0.0,0.0
802,8.0,11.0,0.0,4.0,4.0,0.0,4639.606,4634.458,68.925,37.606,37.338,9.758,0.0,0.0
803,8.0,11.0,0.0,5.0,5.0,0.0,5197.166,4659.673,92.197,41.721,24.325,8.675,0.0,0.0
804,8.0,11.0,0.0,6.0,6.0,0.0,4837.758,4789.152,94.856,37.785,37.386,9.788,0.0,0.0
805,8.0,11.0,0.0,7.0,7.0,0.0,4983.417,4795.789,69.689,37.425,37.195,9.793,0.0,0.0
806,8.0,11.0,0.0,8.0,8.0,0.0,5033.618,4831.11,-31.294,37.734,37.629,9.813,0.0,0.0
807,8.0,11.0,0.0,9.0,9.0,0.0,4646.286,4850.418,43.22,38.147,37.694,9.875,0.0,0.0
808,8.0,11.0,0.0,10.0,10.0,0.0,4914.011,4867.743,131.083,37.72,37.308,9.769,0.0,0.0
809,8.0,11.0,0.0,11.0,11.0,0.0,4796.409,4888.503,50.842,37.188,36.829,9.714,0.0,0.0
810,8.0,11.0,0.0,12.0,12.0,0.0,5072.618,4890.751,-5.942,37.832,37.39,9.795,0.0,0.0
811,9.0,11.0,0.0,0.0,1.0,0.0,5300.065,4553.381,124.463,37.376,37.277,9.797,0.0,0.0
812,9.0,11.0,0.0,1.0,2.0,0.0,5226.209,4556.451,17.946,37.467,37.205,9.8,0.0,0.0
813,9.0,11.0,0.0,2.0,4.0,0.0,5555.077,4606.099,77.125,37.382,36.938,9.754,0.0,0.0
814,9.0,11.0,0.0,3.0,5.0,0.0,5399.707,4644.48,79.841,37.209,36.781,9.788,0.0,0.0
815,9.0,11.0,0.0,4.0,6.0,0.0,5243.209,4658.143,17.425,37.179,37.006,9.736,0.0,0.0
816,9.0,11.0,0.0,5.0,8.0,0.0,5344.425,4672.582,-33.582,37.183,37.002,9.736,0.0,0.0
817,9.0,11.0,0.0,6.0,9.0,0.0,5685.395,4732.688,121.408,37.546,37.414,9.837,0.0,0.0
818,9.0,11.0,0.0,7.0,10.0,0.0,5551.024,4756.643,107.184,37.592,37.122,9.805,0.0,0.0
820,9.0,11.0,0.0,9.0,12.0,0.0,5759.684,4797.732,-42.035,37.386,37.235,9.793,0.0,0.0
821,9.0,11.0,0.0,10.0,13.0,0.0,5541.81,4803.778,69.174,37.945,37.61,9.838,0.0,0.0
822,9.0,11.0,0.0,11.0,14.0,0.0,5430.059,4814.493,11.576,37.923,37.647,9.84,0.0,0.0
823,9.0,11.0,0.0,12.0,15.0,0.0,5338.19,4819.107,30.85,37.803,37.396,9.792,0.0,0.0
824,9.0,11.0,0.0,13.0,16.0,0.0,5259.978,4820.529,37.977,37.756,37.282,9.848,0.0,0.0
825,9.0,11.0,0.0,14.0,17.0,0.0,5493.387,4823.745,115.358,37.94,36.687,9.793,0.0,0.0
826,9.0,11.0,0.0,15.0,18.0,0.0,5587.408,4823.575,78.911,37.351,37.258,9.791,0.0,0.0
827,9.0,11.0,0.0,16.0,19.0,0.0,5240.271,4903.834,4.477,40.613,36.389,9.571,0.0,0.0
828,0.0,12.0,0.0,0.0,4.0,0.0,253.457,4979.457,101.838,37.452,36.976,9.768,0.0,0.0
829,0.0,12.0,0.0,1.0,6.0,0.0,405.631,4996.888,66.173,37.737,37.629,9.813,0.0,0.0
830,0.0,12.0,0.0,2.0,7.0,0.0,409.236,5090.872,-3.297,37.619,37.338,9.76,0.0,0.0
831,0.0,12.0,0.0,3.0,8.0,0.0,205.125,5152.106,63.591,37.866,37.598,9.826,0.0,0.0
832,0.0,12.0,0.0,4.0,9.0,0.0,332.004,5155.847,-34.331,37.364,37.135,9.777,0.0,0.0
833,0.0,12.0,0.0,5.0,10.0,0.0,137.288,5170.94,58.401,37.734,37.561,9.804,0.0,0.0
834,0.0,12.0,0.0,6.0,11.0,0.0,575.653,5171.38,-39.306,37.861,37.459,9.808,0.0,0.0
835,0.0,12.0,0.0,7.0,12.0,0.0,371.995,5192.556,114.059,38.039,37.657,9.856,0.0,0.0
836,0.0,12.0,0.0,8.0,14.0,0.0,208.931,5279.154,74.616,37.697,37.624,9.807,0.0,0.0
838,1.0,12.0,0.0,0.0,1.0,0.0,827.195,4939.985,61.273,37.332,37.12,9.771,0.0,0.0
839,1.0,12.0,0.0,1.0,2.0,0.0,986.046,4954.877,66.345,37.323,37.234,9.785,0.0,0.0
840,1.0,12.0,0.0,2.0,3.0,0.0,881.379,4982.269,-24.187,37.639,37.547,9.79,0.0,0.0
841,1.0,12.0,0.0,3.0,4.0,0.0,615.196,4988.198,68.669,37.075,36.896,9.786,0.0,0.0
842,1.0,12.0,0.0,4.0,6.0,0.0,1142.486,5097.335,2.096,37.652,37.511,9.864,0.0,0.0
843,1.0,12.0,0.0,5.0,7.0,0.0,1074.353,5144.236,96.761,37.854,37.388,9.797,0.0,0.0
844,1.0,12.0,0.0,6.0,10.0,0.0,685.028,5184.047,28.864,37.234,36.948,9.659,0.0,0.0
845,1.0,12.0,0.0,7.0,11.0,0.0,607.238,5214.742,0.857,38.032,37.724,9.864,0.0,0.0
846,1.0,12.0,0.0,8.0,12.0,0.0,774.961,5264.358,70.514,37.682,37.506,9.79,0.0,0.0
847,1.0,12.0,0.0,9.0,13.0,0.0,1017.974,5291.199,-26.744,37.852,37.574,9.821,0.0,0.0
848,1.0,12.0,0.0,10.0,14.0,0.0,956.656,5316.622,-3.891,41.753,26.155,8.881,0.0,0.0
849,2.0,12.0,0.0,0.0,1.0,0.0,1725.446,4996.771,-0.847,37.393,37.224,9.793,0.0,0.0
850,2.0,12.0,0.0,1.0,4.0,0.0,1177.915,5148.647,60.925,38.029,37.493,9.833,0.0,0.0
851,2.0,12.0,0.0,2.0,5.0,0.0,1580.242,5210.498,108.724,37.503,37.293,9.739,0.0,0.0
852,2.0,12.0,0.0,3.0,8.0,0.0,1732.386,5310.643,38.693,42.455,37.054,9.803,0.0,0.0
853,3.0,12.0,0.0,0.0,2.0,0.0,2217.03,4951.775,80.481,37.122,36.865,9.788,0.0,0.0
854,3.0,12.0,0.0,1.0,4.0,0.0,2316.791,5043.825,91.247,41.791,25.186,8.806,0.0,0.0
855,3.0,12.0,0.0,2.0,5.0,0.0,2295.876,5180.508,108.723,38.04,37.791,9.798,0.0,0.0
856,4.0,12.0,0.0,0.0,0.0,0.0,2697.988,4952.564,61.803,37.331,37.115,9.77,0.0,0.0
858,4.0,12.0,0.0,2.0,2.0,0.0,2801.516,4978.41,83.227,37.196,36.921,9.805,0.0,0.0
859,4.0,12.0,0.0,3.0,4.0,0.0,2537.271,5062.896,56.951,36.977,36.823,9.763,0.0,0.0
861,4.0,12.0,0.0,5.0,6.0,0.0,2578.448,5119.047,56.122,37.586,37.237,9.819,0.0,0.0
862,4.0,12.0,0.0,6.0,7.0,0.0,2861.743,5137.753,83.746,38.015,37.954,9.892,0.0,0.0
863,4.0,12.0,0.0,7.0,9.0,0.0,2340.488,5195.001,46.948,37.851,37.692,9.836,0.0,0.0
864,4.0,12.0,0.0,8.0,10.0,0.0,2530.15,5245.259,98.989,37.548,37.342,9.751,0.0,0.0
865,5.0,12.0,0.0,0.0,2.0,0.0,3194.73,5052.71,76.206,38.045,37.742,9.868,0.0,0.0
866,5.0,12.0,0.0,1.0,3.0,0.0,3334.298,5060.144,66.085,37.337,37.072,9.765,0.0,0.0
867,5.0,12.0,0.0,2.0,4.0,0.0,2966.798,5087.981,21.544,37.25,37.028,9.748,0.0,0.0
868,5.0,12.0,0.0,3.0,5.0,0.0,3187.197,5099.462,90.679,37.074,36.771,9.691,0.0,0.0
869,5.0,12.0,0.0,4.0,6.0,0.0,3264.349,5244.408,73.489,38.117,37.926,9.901,0.0,0.0
870,5.0,12.0,0.0,5.0,7.0,0.0,3159.351,5247.556,86.168,37.357,37.208,9.709,0.0,0.0
871,5.0,12.0,0.0,6.0,8.0,0.0,3387.477,5261.715,69.235,38.157,37.987,9.838,0.0,0.0
872,5.0,12.0,0.0,7.0,9.0,0.0,3079.745,5276.854,-34.637,37.713,37.31,9.846,0.0,0.0
873,6.0,12.0,0.0,0.0,3.0,0.0,3690.447,5098.236,90.809,37.553,37.178,9.807,0.0,0.0
874,6.0,12.0,0.0,1.0,4.0,0.0,3701.895,5182.608,65.639,38.162,37.777,9.888,0.0,0.0
875,7.0,12.0,0.0,0.0,0.0,0.0,4374.603,4950.784,55.191,36.779,36.508,9.695,0.0,0.0
876,7.0,12.0,0.0,1.0,1.0,0.0,4375.384,5214.499,108.494,37.526,37.379,9.83,0.0,0.0
877,7.0,12.0,0.0,2.0,2.0,0.0,4090.982,5308.796,118.918,37.955,37.738,9.856,0.0,0.0
878,8.0,12.0,0.0,0.0,2.0,0.0,4949.548,5043.662,26.711,37.039,36.983,9.793,0.0,0.0
879,8.0,12.0,0.0,1.0,3.0,0.0,5025.19,5077.726,33.239,37.203,37.09,9.75,0.0,0.0
880,8.0,12.0,0.0,2.0,4.0,0.0,5120.907,5127.991,-41.01,37.546,37.059,9.715,0.0,0.0
881,8.0,12.0,0.0,3.0,5.0,0.0,4698.023,5293.692,-15.839,38.233,38.069,9.935,0.0,0.0
882,9.0,12.0,0.0,0.0,1.0,0.0,5575.606,4943.936,66.055,37.089,36.823,9.778,0.0,0.0
883,9.0,12.0,0.0,1.0,2.0,0.0,5349.56,4983.086,-22.513,37.317,29.865,9.565,0.0,0.0
884,9.0,12.0,0.0,2.0,3.0,0.0,5692.767,5044.003,106.016,37.59,37.43,9.845,0.0,0.0
885,9.0,12.0,0.0,3.0,5.0,0.0,5278.788,5120.837,80.053,37.54,37.1,9.795,0.0,0.0
886,9.0,12.0,0.0,4.0,6.0,0.0,5453.571,5128.702,35.254,36.523,36.298,9.712,0.0,0.0
887,9.0,12.0,0.0,5.0,7.0,0.0,5244.848,5231.872,113.481,38.038,37.825,9.878,0.0,0.0
888,9.0,12.0,0.0,6.0,8.0,0.0,5313.41,5235.455,32.933,37.188,37.021,9.739,0.0,0.0
889,9.0,12.0,0.0,7.0,9.0,0.0,5544.974,5235.664,121.431,37.923,37.631,9.838,0.0,0.0
890,9.0,12.0,0.0,8.0,10.0,0.0,5550.924,5302.13,109.2,37.716,37.408,9.781,0.0,0.0
</ResultDatas>,,,,,,,,,,,,,,
<ElementResult>,,,,,,,,,,,,,,
0,0.0,,,,,,,,,,,,,
1,0.0,,,,,,,,,,,,,
2,0.0,,,,,,,,,,,,,
3,0.0,,,,,,,,,,,,,
4,0.0,,,,,,,,,,,,,
5,872.0,,,,,,,,,,,,,
</ElementResult>,,,,,,,,,,,,,,
