No,ImageNoX,ImageNoY,ImageNoZ,ElpsLabel,ObjLabel,Average,GravX,GravY,Angle,MjrAx,MnrAx,X2,Status,DepthAve
0,0.0,0.0,1.0,0.0,3.0,0.0,355.287,146.431,121.015,37.672,37.467,9.784,0.0,0.0
1,0.0,0.0,1.0,1.0,5.0,0.0,243.209,192.349,60.227,37.625,36.991,9.351,0.0,0.0
2,0.0,0.0,1.0,2.0,8.0,0.0,340.086,351.816,17.427,38.472,38.262,9.914,0.0,0.0
3,0.0,0.0,1.0,3.0,9.0,0.0,281.616,352.495,-3.193,38.418,38.007,9.952,0.0,0.0
4,1.0,0.0,1.0,0.0,0.0,0.0,1148.268,119.572,-7.661,38.335,37.987,9.938,0.0,0.0
5,1.0,0.0,1.0,1.0,1.0,0.0,836.779,183.494,-26.146,38.174,37.79,9.815,0.0,0.0
6,1.0,0.0,1.0,2.0,4.0,0.0,682.415,361.868,133.378,38.691,38.354,9.879,0.0,0.0
7,1.0,0.0,1.0,3.0,5.0,0.0,777.797,407.926,28.981,38.438,38.403,9.928,0.0,0.0
8,2.0,0.0,1.0,0.0,1.0,0.0,1554.818,123.515,85.433,38.092,37.653,9.786,0.0,0.0
9,2.0,0.0,1.0,1.0,2.0,0.0,1735.558,150.174,93.014,39.599,35.792,9.654,0.0,0.0
11,2.0,0.0,1.0,3.0,6.0,0.0,1676.717,295.358,-41.29,38.759,38.314,9.958,0.0,0.0
12,2.0,0.0,1.0,4.0,7.0,0.0,1591.455,312.455,8.258,38.257,37.928,9.843,0.0,0.0
13,2.0,0.0,1.0,5.0,8.0,0.0,1184.442,324.883,21.938,38.321,37.725,9.826,0.0,0.0
14,2.0,0.0,1.0,6.0,9.0,0.0,1320.816,353.656,8.143,37.74,37.687,9.821,0.0,0.0
15,3.0,0.0,1.0,0.0,1.0,0.0,2014.02,131.688,-24.182,37.79,36.539,9.175,0.0,0.0
16,3.0,0.0,1.0,1.0,3.0,0.0,2304.149,238.022,-25.498,38.501,38.273,9.92,0.0,0.0
17,3.0,0.0,1.0,2.0,4.0,0.0,1790.777,261.278,36.224,38.131,37.814,9.813,0.0,0.0
18,3.0,0.0,1.0,3.0,7.0,0.0,2041.986,398.624,21.526,38.468,38.163,9.826,0.0,0.0
20,4.0,0.0,1.0,1.0,3.0,0.0,2686.462,167.872,4.043,37.568,36.73,9.451,0.0,0.0
23,4.0,0.0,1.0,4.0,5.0,0.0,2578.78,195.447,53.524,38.099,38.045,9.838,0.0,0.0
24,5.0,0.0,1.0,0.0,0.0,0.0,3398.494,35.051,-13.448,38.615,38.079,9.91,0.0,0.0
25,5.0,0.0,1.0,1.0,1.0,0.0,3326.626,131.571,-32.77,37.736,37.602,9.81,0.0,0.0
26,5.0,0.0,1.0,2.0,2.0,0.0,3269.0,156.415,116.325,37.856,36.188,9.819,0.0,0.0
27,5.0,0.0,1.0,3.0,3.0,0.0,3441.543,169.679,-19.296,38.526,38.136,9.905,0.0,0.0
28,5.0,0.0,1.0,4.0,4.0,0.0,2915.27,248.807,98.915,37.03,35.171,9.691,0.0,0.0
29,5.0,0.0,1.0,5.0,5.0,0.0,3217.362,345.227,63.99,38.844,38.534,9.921,0.0,0.0
30,5.0,0.0,1.0,6.0,6.0,0.0,3334.576,380.513,-27.596,39.083,38.827,9.915,0.0,0.0
32,6.0,0.0,1.0,1.0,4.0,0.0,3647.805,218.549,131.743,37.79,36.919,9.292,0.0,0.0
33,6.0,0.0,1.0,2.0,6.0,0.0,3528.594,360.37,122.832,38.328,38.056,9.794,0.0,0.0
35,7.0,0.0,1.0,0.0,0.0,0.0,4548.618,63.048,-20.562,38.733,37.731,9.879,0.0,0.0
36,7.0,0.0,1.0,1.0,1.0,0.0,4444.387,88.511,104.897,38.423,37.86,9.779,0.0,0.0
37,7.0,0.0,1.0,2.0,2.0,0.0,4470.577,130.234,-31.648,38.949,38.229,9.897,0.0,0.0
38,7.0,0.0,1.0,3.0,3.0,0.0,4513.61,138.466,39.629,38.579,38.167,9.841,0.0,0.0
39,7.0,0.0,1.0,4.0,4.0,0.0,4209.261,246.382,68.289,38.034,37.851,9.881,0.0,0.0
40,7.0,0.0,1.0,5.0,7.0,0.0,4535.376,284.091,5.236,38.512,38.286,9.923,0.0,0.0
41,7.0,0.0,1.0,6.0,8.0,0.0,4345.146,294.887,48.915,38.114,37.448,9.84,0.0,0.0
42,7.0,0.0,1.0,7.0,9.0,0.0,4431.294,322.599,97.406,38.488,38.126,9.898,0.0,0.0
43,7.0,0.0,1.0,8.0,11.0,0.0,4077.564,371.677,-20.232,38.91,38.632,9.942,0.0,0.0
44,7.0,0.0,1.0,9.0,12.0,0.0,4477.731,384.589,113.885,39.129,38.87,9.853,0.0,0.0
45,7.0,0.0,1.0,10.0,13.0,0.0,4402.351,385.5,-13.709,38.643,38.51,9.892,0.0,0.0
47,8.0,0.0,1.0,1.0,1.0,0.0,5074.441,102.479,5.225,37.859,37.704,9.839,0.0,0.0
48,8.0,0.0,1.0,2.0,4.0,0.0,4983.883,352.752,-2.747,38.549,38.466,9.951,0.0,0.0
49,9.0,0.0,1.0,0.0,0.0,0.0,5597.814,47.171,21.455,38.422,38.225,9.903,0.0,0.0
50,9.0,0.0,1.0,1.0,2.0,0.0,5231.647,81.432,57.69,38.189,38.079,9.854,0.0,0.0
51,9.0,0.0,1.0,2.0,4.0,0.0,5490.197,154.963,132.54,37.971,37.823,9.793,0.0,0.0
52,9.0,0.0,1.0,3.0,7.0,0.0,5335.48,390.209,-38.596,39.158,38.959,9.941,0.0,0.0
53,9.0,0.0,1.0,4.0,8.0,0.0,5409.277,400.709,38.462,39.121,38.784,9.914,0.0,0.0
54,0.0,1.0,1.0,0.0,1.0,0.0,479.58,475.938,-23.037,37.758,36.876,9.959,0.0,0.0
55,0.0,1.0,1.0,1.0,2.0,0.0,530.134,517.936,-4.753,38.212,37.788,9.82,0.0,0.0
56,0.0,1.0,1.0,2.0,6.0,0.0,253.318,635.791,101.554,38.03,37.76,9.792,0.0,0.0
57,0.0,1.0,1.0,3.0,7.0,0.0,89.314,704.414,131.416,38.312,38.091,9.871,0.0,0.0
58,1.0,1.0,1.0,0.0,2.0,0.0,844.786,462.446,98.514,38.267,38.177,9.877,0.0,0.0
59,1.0,1.0,1.0,1.0,6.0,0.0,720.317,794.877,-1.943,38.522,38.319,9.853,0.0,0.0
61,2.0,1.0,1.0,1.0,1.0,0.0,1704.61,535.551,-5.652,38.524,38.369,9.935,0.0,0.0
62,2.0,1.0,1.0,2.0,2.0,0.0,1369.27,571.48,-6.215,38.413,38.191,9.897,0.0,0.0
63,2.0,1.0,1.0,3.0,4.0,0.0,1704.1,741.946,7.559,38.999,38.653,9.957,0.0,0.0
65,3.0,1.0,1.0,0.0,2.0,0.0,1930.861,494.729,32.235,38.01,37.559,9.614,0.0,0.0
66,3.0,1.0,1.0,1.0,4.0,0.0,1986.612,548.491,101.188,38.446,37.763,9.283,0.0,0.0
67,3.0,1.0,1.0,2.0,8.0,0.0,2241.525,736.339,24.71,38.739,38.14,9.933,0.0,0.0
68,3.0,1.0,1.0,3.0,9.0,0.0,2239.083,811.98,36.023,39.434,39.119,9.997,0.0,0.0
69,4.0,1.0,1.0,0.0,3.0,0.0,2656.112,435.988,117.666,38.403,36.848,9.812,0.0,0.0
71,4.0,1.0,1.0,2.0,5.0,0.0,2749.824,519.595,52.883,38.295,37.997,9.635,0.0,0.0
72,4.0,1.0,1.0,3.0,6.0,0.0,2400.392,580.269,-39.437,38.218,38.0,9.772,0.0,0.0
73,4.0,1.0,1.0,4.0,9.0,0.0,2597.1,786.607,12.04,37.937,37.332,9.801,0.0,0.0
75,4.0,1.0,1.0,6.0,13.0,0.0,2446.46,819.09,-0.607,38.724,38.321,9.955,0.0,0.0
76,5.0,1.0,1.0,0.0,2.0,0.0,3145.592,495.608,56.009,38.363,38.241,9.897,0.0,0.0
77,5.0,1.0,1.0,1.0,5.0,0.0,3182.98,715.357,78.056,35.239,35.06,9.376,0.0,0.0
78,5.0,1.0,1.0,2.0,7.0,0.0,3099.869,778.84,-27.437,38.862,36.105,8.973,0.0,0.0
80,6.0,1.0,1.0,1.0,3.0,0.0,3714.1,538.71,-36.545,37.78,37.165,9.835,0.0,0.0
82,6.0,1.0,1.0,3.0,4.0,0.0,3680.806,596.532,127.095,38.297,37.558,9.238,0.0,0.0
83,6.0,1.0,1.0,4.0,5.0,0.0,3527.515,691.145,71.591,38.352,38.225,9.894,0.0,0.0
84,7.0,1.0,1.0,0.0,1.0,0.0,4450.898,501.142,-15.196,38.326,38.078,9.872,0.0,0.0
85,7.0,1.0,1.0,1.0,4.0,0.0,4203.382,655.092,-35.405,38.367,38.136,9.884,0.0,0.0
86,7.0,1.0,1.0,2.0,5.0,0.0,4292.773,699.34,19.074,38.235,37.739,9.893,0.0,0.0
87,7.0,1.0,1.0,3.0,6.0,0.0,4229.501,743.344,61.068,38.241,38.004,9.851,0.0,0.0
92,8.0,1.0,1.0,3.0,5.0,0.0,4672.255,649.811,127.334,38.114,36.853,8.945,0.0,0.0
93,8.0,1.0,1.0,4.0,6.0,0.0,4906.717,759.932,-14.927,38.964,38.835,9.975,0.0,0.0
94,8.0,1.0,1.0,5.0,7.0,0.0,4669.513,765.865,-26.391,38.956,38.878,9.98,0.0,0.0
95,0.0,2.0,1.0,0.0,0.0,0.0,399.35,881.121,72.049,38.557,38.275,9.927,0.0,0.0
96,0.0,2.0,1.0,1.0,1.0,0.0,277.409,918.692,84.165,37.463,37.319,9.814,0.0,0.0
97,0.0,2.0,1.0,2.0,2.0,0.0,150.562,950.014,-3.287,38.138,37.904,9.825,0.0,0.0
98,0.0,2.0,1.0,3.0,5.0,0.0,488.001,1145.538,-0.532,38.518,38.098,9.899,0.0,0.0
99,0.0,2.0,1.0,4.0,6.0,0.0,117.988,1162.619,125.78,38.72,38.57,9.91,0.0,0.0
100,1.0,2.0,1.0,0.0,0.0,0.0,822.746,934.916,122.053,37.993,37.676,9.853,0.0,0.0
101,1.0,2.0,1.0,1.0,2.0,0.0,897.532,968.949,131.953,37.971,37.669,9.773,0.0,0.0
102,1.0,2.0,1.0,2.0,5.0,0.0,721.071,1020.882,-24.32,38.004,37.864,9.802,0.0,0.0
103,1.0,2.0,1.0,3.0,7.0,0.0,1001.165,1088.379,105.096,36.813,36.226,9.291,0.0,0.0
104,1.0,2.0,1.0,4.0,8.0,0.0,637.189,1164.003,62.576,37.987,37.858,9.876,0.0,0.0
105,1.0,2.0,1.0,5.0,9.0,0.0,901.147,1168.308,-39.58,38.279,38.008,9.857,0.0,0.0
106,1.0,2.0,1.0,6.0,10.0,0.0,604.478,1223.629,18.921,39.33,38.897,9.955,0.0,0.0
107,2.0,2.0,1.0,0.0,0.0,0.0,1611.488,836.031,-34.231,38.128,37.879,9.897,0.0,0.0
108,2.0,2.0,1.0,1.0,3.0,0.0,1568.889,940.953,63.675,37.834,37.696,9.759,0.0,0.0
109,2.0,2.0,1.0,2.0,5.0,0.0,1183.019,1030.156,-22.004,38.202,38.17,9.867,0.0,0.0
110,2.0,2.0,1.0,3.0,6.0,0.0,1352.622,1054.689,130.122,38.255,36.955,9.215,0.0,0.0
111,2.0,2.0,1.0,4.0,7.0,0.0,1720.666,1057.266,-9.975,38.506,38.171,9.907,0.0,0.0
112,2.0,2.0,1.0,5.0,9.0,0.0,1228.317,1154.877,1.464,38.404,38.295,9.91,0.0,0.0
113,3.0,2.0,1.0,0.0,1.0,0.0,1805.992,892.392,133.706,38.371,37.031,8.931,0.0,0.0
114,3.0,2.0,1.0,1.0,2.0,0.0,1783.043,930.236,6.016,38.175,37.962,9.914,0.0,0.0
115,3.0,2.0,1.0,2.0,3.0,0.0,2218.251,967.332,115.324,38.884,38.62,9.937,0.0,0.0
116,3.0,2.0,1.0,3.0,6.0,0.0,2288.552,1121.564,4.065,39.412,39.143,9.997,0.0,0.0
117,3.0,2.0,1.0,4.0,8.0,0.0,2100.024,1207.731,53.762,38.41,38.087,9.808,0.0,0.0
118,4.0,2.0,1.0,0.0,4.0,0.0,2627.45,905.377,19.155,38.137,37.732,9.802,0.0,0.0
119,4.0,2.0,1.0,1.0,6.0,0.0,2805.647,985.378,50.561,38.865,38.793,9.957,0.0,0.0
120,4.0,2.0,1.0,2.0,7.0,0.0,2339.879,1061.817,-35.774,37.805,37.675,9.828,0.0,0.0
121,4.0,2.0,1.0,3.0,9.0,0.0,2447.949,1135.193,94.138,38.556,38.311,9.931,0.0,0.0
122,4.0,2.0,1.0,4.0,10.0,0.0,2626.562,1185.815,-33.337,38.548,38.352,9.86,0.0,0.0
123,4.0,2.0,1.0,5.0,11.0,0.0,2501.019,1209.828,-28.828,38.522,38.194,9.912,0.0,0.0
124,4.0,2.0,1.0,6.0,12.0,0.0,2569.071,1230.683,-2.653,39.147,36.967,9.757,0.0,0.0
125,4.0,2.0,1.0,7.0,13.0,0.0,2641.528,1236.445,-5.984,39.93,28.678,9.44,0.0,0.0
126,5.0,2.0,1.0,0.0,1.0,0.0,3365.413,887.96,6.858,38.504,38.294,9.922,0.0,0.0
127,5.0,2.0,1.0,1.0,3.0,0.0,3156.718,994.454,2.185,38.05,37.854,9.884,0.0,0.0
128,5.0,2.0,1.0,2.0,4.0,0.0,2998.376,1127.638,86.664,38.632,38.484,9.963,0.0,0.0
129,5.0,2.0,1.0,3.0,5.0,0.0,2967.544,1185.75,134.872,38.654,38.342,9.948,0.0,0.0
130,6.0,2.0,1.0,0.0,1.0,0.0,3986.186,860.825,7.541,38.534,38.384,9.938,0.0,0.0
131,6.0,2.0,1.0,1.0,2.0,0.0,3509.166,898.178,111.766,38.358,38.355,9.912,0.0,0.0
132,7.0,2.0,1.0,0.0,0.0,0.0,4582.103,849.711,-15.717,38.383,38.244,9.9,0.0,0.0
133,7.0,2.0,1.0,1.0,2.0,0.0,4581.871,976.217,-1.536,39.181,38.792,9.998,0.0,0.0
134,7.0,2.0,1.0,2.0,3.0,0.0,4253.665,1141.268,33.959,38.458,38.256,9.912,0.0,0.0
135,7.0,2.0,1.0,3.0,5.0,0.0,4250.621,1218.618,92.163,39.192,39.066,9.959,0.0,0.0
136,7.0,2.0,1.0,4.0,6.0,0.0,4096.083,1226.174,117.665,38.599,38.312,9.862,0.0,0.0
137,8.0,2.0,1.0,0.0,0.0,0.0,5021.411,841.824,5.21,38.105,37.891,9.896,0.0,0.0
140,8.0,2.0,1.0,3.0,3.0,0.0,4665.322,1007.244,35.673,38.561,38.349,9.937,0.0,0.0
141,8.0,2.0,1.0,4.0,4.0,0.0,5193.873,1019.074,92.508,41.67,31.546,9.178,0.0,0.0
142,8.0,2.0,1.0,5.0,5.0,0.0,4677.783,1075.602,24.938,38.493,38.232,9.913,0.0,0.0
143,9.0,2.0,1.0,0.0,0.0,0.0,5436.774,942.728,-34.884,39.09,38.762,9.907,0.0,0.0
145,9.0,2.0,1.0,2.0,1.0,0.0,5402.767,968.654,-27.857,38.219,37.456,9.702,0.0,0.0
146,9.0,2.0,1.0,3.0,3.0,0.0,5603.521,1004.597,114.969,37.938,36.154,9.459,0.0,0.0
147,9.0,2.0,1.0,4.0,6.0,0.0,5554.535,1123.147,-1.85,38.12,37.419,9.61,0.0,0.0
148,0.0,3.0,1.0,0.0,3.0,0.0,30.269,1471.596,-28.78,38.847,38.723,9.946,0.0,0.0
149,0.0,3.0,1.0,1.0,4.0,0.0,118.425,1478.805,11.987,37.597,37.071,9.723,0.0,0.0
150,0.0,3.0,1.0,2.0,6.0,0.0,106.345,1639.12,-6.176,39.982,36.252,9.693,0.0,0.0
151,1.0,3.0,1.0,0.0,1.0,0.0,1059.895,1266.918,125.038,38.084,37.469,9.761,0.0,0.0
152,1.0,3.0,1.0,1.0,3.0,0.0,882.13,1314.089,56.495,38.892,38.739,9.954,0.0,0.0
153,1.0,3.0,1.0,2.0,4.0,0.0,731.669,1317.691,-19.327,37.996,37.87,9.802,0.0,0.0
154,1.0,3.0,1.0,3.0,5.0,0.0,851.492,1365.467,97.566,38.009,37.698,9.781,0.0,0.0
156,1.0,3.0,1.0,5.0,7.0,0.0,723.849,1409.056,111.318,38.118,37.566,9.778,0.0,0.0
157,2.0,3.0,1.0,0.0,1.0,0.0,1686.824,1257.001,114.43,38.336,37.582,9.884,0.0,0.0
160,2.0,3.0,1.0,3.0,4.0,0.0,1731.72,1479.729,-0.507,38.621,38.127,9.917,0.0,0.0
161,3.0,3.0,1.0,0.0,2.0,0.0,1927.716,1269.453,115.067,37.789,35.704,9.826,0.0,0.0
164,3.0,3.0,1.0,3.0,9.0,0.0,2207.35,1386.01,116.633,38.532,35.973,9.863,0.0,0.0
165,4.0,3.0,1.0,0.0,3.0,0.0,2341.477,1319.427,63.166,37.957,37.447,9.817,0.0,0.0
166,4.0,3.0,1.0,1.0,4.0,0.0,2740.652,1539.016,-23.711,38.265,37.402,9.628,0.0,0.0
167,4.0,3.0,1.0,2.0,5.0,0.0,2753.629,1621.707,-36.509,38.821,38.51,9.916,0.0,0.0
168,5.0,3.0,1.0,0.0,0.0,0.0,3107.484,1250.732,115.667,37.41,36.091,9.523,0.0,0.0
169,5.0,3.0,1.0,1.0,1.0,0.0,3052.698,1307.149,-20.222,37.732,37.089,9.742,0.0,0.0
170,5.0,3.0,1.0,2.0,2.0,0.0,3246.194,1313.932,98.053,38.156,37.357,9.329,0.0,0.0
171,5.0,3.0,1.0,3.0,3.0,0.0,3085.7,1378.609,-41.069,38.543,38.176,9.913,0.0,0.0
172,5.0,3.0,1.0,4.0,4.0,0.0,2953.47,1406.299,-3.185,38.361,37.916,9.855,0.0,0.0
173,5.0,3.0,1.0,5.0,5.0,0.0,3321.632,1433.556,79.866,37.898,36.565,9.003,0.0,0.0
176,6.0,3.0,1.0,0.0,0.0,0.0,3714.983,1261.204,100.918,38.103,37.372,9.389,0.0,0.0
177,6.0,3.0,1.0,1.0,1.0,0.0,4030.077,1431.213,-13.202,39.141,38.829,9.997,0.0,0.0
178,6.0,3.0,1.0,2.0,2.0,0.0,3934.068,1550.058,80.21,38.305,37.992,9.858,0.0,0.0
179,6.0,3.0,1.0,3.0,3.0,0.0,3726.813,1556.941,-15.072,38.916,38.593,9.938,0.0,0.0
180,7.0,3.0,1.0,0.0,4.0,0.0,4247.456,1295.23,-38.822,37.495,35.095,9.835,0.0,0.0
181,7.0,3.0,1.0,1.0,5.0,0.0,4173.71,1308.0,77.477,37.547,36.357,9.877,0.0,0.0
182,7.0,3.0,1.0,2.0,6.0,0.0,4462.445,1371.271,49.9,38.517,38.346,9.931,0.0,0.0
183,7.0,3.0,1.0,3.0,7.0,0.0,4570.384,1383.999,109.972,38.555,38.533,9.96,0.0,0.0
184,7.0,3.0,1.0,4.0,9.0,0.0,4232.087,1444.045,88.64,38.854,38.495,9.993,0.0,0.0
185,7.0,3.0,1.0,5.0,12.0,0.0,4438.216,1620.663,64.576,38.983,38.806,9.974,0.0,0.0
186,7.0,3.0,1.0,6.0,13.0,0.0,4138.121,1622.942,-43.336,38.787,38.61,9.924,0.0,0.0
187,8.0,3.0,1.0,0.0,0.0,0.0,5177.437,1262.53,99.574,38.705,38.58,9.985,0.0,0.0
189,8.0,3.0,1.0,2.0,4.0,0.0,5175.584,1418.561,23.739,39.464,39.115,10.0,0.0,0.0
190,8.0,3.0,1.0,3.0,5.0,0.0,4696.864,1432.445,75.698,38.031,37.811,9.799,0.0,0.0
191,8.0,3.0,1.0,4.0,6.0,0.0,4840.603,1447.214,30.552,38.429,38.195,9.9,0.0,0.0
192,8.0,3.0,1.0,5.0,7.0,0.0,5094.663,1516.157,-1.252,38.688,38.503,9.973,0.0,0.0
193,8.0,3.0,1.0,6.0,8.0,0.0,5182.658,1566.976,67.394,39.373,39.103,9.913,0.0,0.0
194,9.0,3.0,1.0,0.0,2.0,0.0,5753.942,1386.247,115.177,38.375,38.252,9.901,0.0,0.0
195,9.0,3.0,1.0,1.0,4.0,0.0,5437.141,1434.765,102.405,38.451,37.079,9.126,0.0,0.0
196,9.0,3.0,1.0,2.0,5.0,0.0,5763.509,1471.331,64.623,38.746,38.614,9.919,0.0,0.0
197,9.0,3.0,1.0,3.0,6.0,0.0,5412.498,1479.821,133.749,38.506,38.406,9.937,0.0,0.0
198,9.0,3.0,1.0,4.0,9.0,0.0,5265.527,1600.411,-31.994,38.981,38.785,9.971,0.0,0.0
199,0.0,4.0,1.0,0.0,1.0,0.0,459.011,1669.668,21.227,39.001,38.907,9.915,0.0,0.0
200,0.0,4.0,1.0,1.0,2.0,0.0,461.559,1711.38,83.345,38.525,37.97,9.883,0.0,0.0
201,0.0,4.0,1.0,2.0,3.0,0.0,224.886,1745.863,51.197,37.793,37.293,9.277,0.0,0.0
202,0.0,4.0,1.0,3.0,4.0,0.0,515.271,1764.797,-20.024,38.277,38.03,9.859,0.0,0.0
203,0.0,4.0,1.0,4.0,5.0,0.0,395.815,1797.333,93.887,37.289,35.859,9.879,0.0,0.0
207,0.0,4.0,1.0,8.0,11.0,0.0,448.298,1944.514,108.488,39.429,38.67,9.866,0.0,0.0
208,0.0,4.0,1.0,9.0,12.0,0.0,180.289,1991.163,-40.166,38.852,38.307,9.893,0.0,0.0
209,0.0,4.0,1.0,10.0,13.0,0.0,165.917,2033.057,119.911,38.697,38.17,9.855,0.0,0.0
210,1.0,4.0,1.0,0.0,1.0,0.0,991.887,1732.165,-13.606,37.538,37.276,9.666,0.0,0.0
211,1.0,4.0,1.0,1.0,2.0,0.0,812.472,1823.722,116.319,38.102,36.969,9.269,0.0,0.0
212,1.0,4.0,1.0,2.0,4.0,0.0,711.56,1841.811,17.986,37.837,37.673,9.988,0.0,0.0
213,1.0,4.0,1.0,3.0,7.0,0.0,830.558,2034.575,75.536,37.933,37.839,9.79,0.0,0.0
217,2.0,4.0,1.0,3.0,1.0,0.0,1410.201,2011.474,59.758,37.702,37.591,9.804,0.0,0.0
218,2.0,4.0,1.0,4.0,2.0,0.0,1529.513,2021.641,100.855,38.473,38.15,9.9,0.0,0.0
219,3.0,4.0,1.0,0.0,0.0,0.0,2001.128,1679.536,-1.217,37.692,37.428,9.781,0.0,0.0
222,3.0,4.0,1.0,3.0,1.0,0.0,2137.339,1685.4,-22.916,37.439,36.558,9.795,0.0,0.0
223,3.0,4.0,1.0,4.0,2.0,0.0,2172.256,1764.215,80.169,37.797,35.639,9.913,0.0,0.0
224,3.0,4.0,1.0,5.0,5.0,0.0,2041.172,1908.81,16.085,36.736,35.883,9.118,0.0,0.0
225,3.0,4.0,1.0,6.0,6.0,0.0,2233.315,1918.63,34.52,38.128,37.505,9.772,0.0,0.0
226,4.0,4.0,1.0,0.0,2.0,0.0,2555.855,2022.596,75.377,38.312,38.068,9.869,0.0,0.0
228,4.0,4.0,1.0,2.0,3.0,0.0,2474.767,2050.03,-3.146,41.144,29.616,8.674,0.0,0.0
229,5.0,4.0,1.0,0.0,1.0,0.0,3106.116,1662.94,57.381,38.179,38.01,9.844,0.0,0.0
230,5.0,4.0,1.0,1.0,2.0,0.0,3072.342,1906.834,-18.367,38.379,38.19,9.893,0.0,0.0
231,5.0,4.0,1.0,2.0,4.0,0.0,2970.778,1943.605,100.165,38.567,38.235,9.848,0.0,0.0
232,5.0,4.0,1.0,3.0,5.0,0.0,3095.647,1979.464,60.105,38.153,38.054,9.923,0.0,0.0
233,5.0,4.0,1.0,4.0,6.0,0.0,3028.725,1981.128,132.213,38.81,38.441,9.905,0.0,0.0
234,5.0,4.0,1.0,5.0,7.0,0.0,3297.356,1993.164,-37.053,38.836,38.611,9.93,0.0,0.0
235,5.0,4.0,1.0,6.0,8.0,0.0,3163.582,2016.746,79.873,38.743,38.29,9.876,0.0,0.0
236,5.0,4.0,1.0,7.0,9.0,0.0,2947.095,2034.289,-14.723,39.241,38.932,9.948,0.0,0.0
237,6.0,4.0,1.0,0.0,1.0,0.0,3579.789,1654.352,108.134,38.753,37.306,9.32,0.0,0.0
238,6.0,4.0,1.0,1.0,2.0,0.0,3810.31,1697.896,98.23,38.292,38.117,9.872,0.0,0.0
239,6.0,4.0,1.0,2.0,3.0,0.0,3636.322,1701.372,128.211,38.47,37.874,9.864,0.0,0.0
240,6.0,4.0,1.0,3.0,5.0,0.0,3778.93,1766.161,125.703,37.823,37.744,9.763,0.0,0.0
241,6.0,4.0,1.0,4.0,6.0,0.0,3544.54,1815.571,-38.06,38.851,38.748,9.95,0.0,0.0
242,6.0,4.0,1.0,5.0,7.0,0.0,3545.308,1916.737,102.306,38.47,38.134,9.897,0.0,0.0
243,7.0,4.0,1.0,0.0,5.0,0.0,4081.379,1732.647,93.181,38.594,38.37,9.944,0.0,0.0
244,7.0,4.0,1.0,1.0,6.0,0.0,4190.183,1751.728,-1.566,37.98,37.851,9.723,0.0,0.0
245,7.0,4.0,1.0,2.0,9.0,0.0,4616.22,1939.65,93.193,40.995,35.092,9.596,0.0,0.0
246,7.0,4.0,1.0,3.0,10.0,0.0,4418.766,2005.367,134.924,38.646,38.356,9.873,0.0,0.0
247,7.0,4.0,1.0,4.0,11.0,0.0,4508.12,2029.676,-4.185,39.067,38.735,9.976,0.0,0.0
248,8.0,4.0,1.0,0.0,0.0,0.0,4984.507,1653.567,125.023,38.889,38.594,9.935,0.0,0.0
249,8.0,4.0,1.0,1.0,2.0,0.0,4806.894,1735.14,23.645,38.159,37.946,9.833,0.0,0.0
250,8.0,4.0,1.0,2.0,3.0,0.0,5060.123,1782.87,24.203,38.294,37.923,9.847,0.0,0.0
251,8.0,4.0,1.0,3.0,6.0,0.0,5051.055,1904.464,-21.943,38.358,37.932,9.782,0.0,0.0
252,8.0,4.0,1.0,4.0,7.0,0.0,4728.097,1912.533,56.06,38.106,37.953,9.827,0.0,0.0
253,8.0,4.0,1.0,5.0,9.0,0.0,4896.646,1974.007,-36.704,38.855,38.759,9.952,0.0,0.0
254,9.0,4.0,1.0,0.0,1.0,0.0,5487.781,1686.742,127.939,38.276,38.018,9.934,0.0,0.0
255,9.0,4.0,1.0,1.0,5.0,0.0,5357.3,1868.694,33.529,38.749,38.591,9.917,0.0,0.0
256,9.0,4.0,1.0,2.0,6.0,0.0,5424.224,1884.1,-39.691,38.31,38.003,9.86,0.0,0.0
257,9.0,4.0,1.0,3.0,7.0,0.0,5586.975,1985.537,60.783,38.047,37.855,9.807,0.0,0.0
260,0.0,5.0,1.0,2.0,6.0,0.0,584.007,2359.024,92.267,40.136,35.331,9.589,0.0,0.0
261,0.0,5.0,1.0,3.0,7.0,0.0,467.292,2417.138,74.123,38.581,38.12,9.834,0.0,0.0
262,1.0,5.0,1.0,0.0,2.0,0.0,896.663,2094.43,78.962,38.263,37.686,9.738,0.0,0.0
263,1.0,5.0,1.0,1.0,4.0,0.0,804.389,2216.344,-12.002,38.533,38.112,9.903,0.0,0.0
264,1.0,5.0,1.0,2.0,6.0,0.0,708.632,2317.801,113.476,38.112,37.842,9.813,0.0,0.0
265,1.0,5.0,1.0,3.0,7.0,0.0,1082.615,2336.918,54.229,37.926,37.834,9.788,0.0,0.0
266,1.0,5.0,1.0,4.0,8.0,0.0,656.229,2358.249,-40.662,38.787,38.504,9.91,0.0,0.0
267,1.0,5.0,1.0,5.0,11.0,0.0,1161.712,2407.152,91.874,40.847,32.384,9.286,0.0,0.0
268,1.0,5.0,1.0,6.0,12.0,0.0,735.14,2431.515,-3.955,38.54,38.464,9.949,0.0,0.0
270,2.0,5.0,1.0,0.0,0.0,0.0,1336.813,2066.242,104.999,37.993,36.226,9.458,0.0,0.0
271,2.0,5.0,1.0,1.0,2.0,0.0,1674.601,2265.99,46.799,38.564,38.253,9.85,0.0,0.0
272,2.0,5.0,1.0,2.0,3.0,0.0,1503.606,2348.98,12.043,37.791,37.494,9.728,0.0,0.0
273,3.0,5.0,1.0,0.0,1.0,0.0,2019.45,2117.155,7.172,38.36,38.145,9.885,0.0,0.0
275,3.0,5.0,1.0,2.0,6.0,0.0,1773.911,2334.965,63.147,38.009,37.829,9.875,0.0,0.0
276,3.0,5.0,1.0,3.0,7.0,0.0,2233.797,2369.391,23.83,38.236,38.081,9.861,0.0,0.0
277,3.0,5.0,1.0,4.0,8.0,0.0,1863.152,2382.75,82.122,38.49,38.121,9.975,0.0,0.0
278,3.0,5.0,1.0,5.0,9.0,0.0,2024.243,2429.841,43.991,38.871,38.694,9.945,0.0,0.0
279,3.0,5.0,1.0,6.0,10.0,0.0,1903.926,2435.814,-41.366,38.65,38.294,9.865,0.0,0.0
280,4.0,5.0,1.0,0.0,3.0,0.0,2357.485,2322.081,29.027,38.671,38.475,9.745,0.0,0.0
281,4.0,5.0,1.0,1.0,5.0,0.0,2758.946,2366.321,-28.26,38.358,37.904,9.853,0.0,0.0
282,4.0,5.0,1.0,2.0,6.0,0.0,2578.478,2371.757,7.798,38.428,38.21,9.902,0.0,0.0
283,4.0,5.0,1.0,3.0,7.0,0.0,2467.941,2421.573,94.109,38.032,37.867,9.883,0.0,0.0
284,4.0,5.0,1.0,4.0,9.0,0.0,2573.452,2439.099,18.806,38.726,38.368,9.885,0.0,0.0
285,5.0,5.0,1.0,0.0,1.0,0.0,3060.449,2120.983,128.086,38.536,37.097,9.206,0.0,0.0
286,5.0,5.0,1.0,1.0,2.0,0.0,3330.749,2139.096,2.688,38.24,37.892,9.836,0.0,0.0
287,5.0,5.0,1.0,2.0,3.0,0.0,3327.018,2217.868,102.585,37.309,32.738,9.931,0.0,0.0
288,5.0,5.0,1.0,3.0,4.0,0.0,2962.042,2229.619,-10.588,38.525,38.365,9.859,0.0,0.0
289,5.0,5.0,1.0,4.0,5.0,0.0,3409.401,2242.334,68.569,39.081,38.752,9.98,0.0,0.0
290,5.0,5.0,1.0,5.0,6.0,0.0,3386.8,2299.828,112.744,38.46,38.356,9.925,0.0,0.0
291,5.0,5.0,1.0,6.0,7.0,0.0,3063.221,2402.659,-7.467,38.896,38.758,9.957,0.0,0.0
292,5.0,5.0,1.0,7.0,9.0,0.0,3205.349,2422.9,97.869,38.557,38.461,9.875,0.0,0.0
293,6.0,5.0,1.0,0.0,1.0,0.0,3883.023,2172.941,94.396,38.723,38.488,9.9,0.0,0.0
295,6.0,5.0,1.0,2.0,2.0,0.0,3897.533,2253.316,67.295,38.557,37.62,9.089,0.0,0.0
296,6.0,5.0,1.0,3.0,3.0,0.0,3565.744,2306.329,27.375,38.583,38.339,9.863,0.0,0.0
297,6.0,5.0,1.0,4.0,4.0,0.0,3715.116,2328.834,-19.951,38.64,38.111,9.917,0.0,0.0
298,6.0,5.0,1.0,5.0,5.0,0.0,3861.603,2356.908,15.108,38.094,37.945,9.824,0.0,0.0
300,7.0,5.0,1.0,1.0,5.0,0.0,4615.03,2332.387,110.505,41.571,37.044,9.902,0.0,0.0
301,7.0,5.0,1.0,2.0,6.0,0.0,4416.869,2455.722,-3.953,39.855,35.729,9.616,0.0,0.0
305,8.0,5.0,1.0,3.0,2.0,0.0,4786.972,2112.576,37.395,38.302,37.939,9.85,0.0,0.0
306,8.0,5.0,1.0,4.0,3.0,0.0,5107.868,2170.818,11.622,38.605,38.433,9.954,0.0,0.0
307,8.0,5.0,1.0,5.0,4.0,0.0,4723.26,2255.402,-37.488,38.733,38.275,9.949,0.0,0.0
309,8.0,5.0,1.0,7.0,7.0,0.0,4749.723,2354.34,121.798,38.859,38.577,9.929,0.0,0.0
312,9.0,5.0,1.0,0.0,0.0,0.0,5413.044,2106.667,87.064,38.108,37.888,9.819,0.0,0.0
313,9.0,5.0,1.0,1.0,2.0,0.0,5246.994,2196.733,10.567,38.601,38.29,9.859,0.0,0.0
314,9.0,5.0,1.0,2.0,3.0,0.0,5636.936,2211.573,106.239,37.611,37.287,9.752,0.0,0.0
315,9.0,5.0,1.0,3.0,6.0,0.0,5716.458,2401.708,26.276,39.343,38.991,9.968,0.0,0.0
316,9.0,5.0,1.0,4.0,8.0,0.0,5309.368,2449.07,103.893,39.074,38.928,9.926,0.0,0.0
317,9.0,5.0,1.0,5.0,9.0,0.0,5642.778,2458.555,-4.421,41.318,30.345,8.928,0.0,0.0
320,1.0,6.0,1.0,0.0,1.0,0.0,718.586,2583.76,127.609,37.798,37.743,9.76,0.0,0.0
321,1.0,6.0,1.0,1.0,2.0,0.0,1013.33,2753.498,-25.249,37.961,37.609,9.763,0.0,0.0
322,1.0,6.0,1.0,2.0,4.0,0.0,743.819,2771.824,131.247,38.062,37.76,9.796,0.0,0.0
323,2.0,6.0,1.0,0.0,1.0,0.0,1687.777,2564.732,13.24,37.878,37.627,9.832,0.0,0.0
324,2.0,6.0,1.0,1.0,2.0,0.0,1457.354,2575.952,80.796,38.356,36.799,9.277,0.0,0.0
325,2.0,6.0,1.0,2.0,3.0,0.0,1509.731,2611.488,55.943,37.525,36.572,9.501,0.0,0.0
326,2.0,6.0,1.0,3.0,5.0,0.0,1355.452,2662.985,25.427,38.074,37.565,9.773,0.0,0.0
327,2.0,6.0,1.0,4.0,7.0,0.0,1216.301,2747.505,-40.605,38.253,38.15,9.872,0.0,0.0
328,2.0,6.0,1.0,5.0,8.0,0.0,1515.633,2772.078,-23.878,37.376,37.031,9.688,0.0,0.0
329,2.0,6.0,1.0,6.0,9.0,0.0,1341.439,2785.858,40.744,38.256,37.912,9.841,0.0,0.0
330,2.0,6.0,1.0,7.0,10.0,0.0,1422.898,2796.36,-26.884,38.386,38.178,9.893,0.0,0.0
331,2.0,6.0,1.0,8.0,11.0,0.0,1325.202,2852.217,-18.892,39.046,38.612,9.957,0.0,0.0
332,2.0,6.0,1.0,9.0,12.0,0.0,1510.986,2853.643,79.115,39.079,38.674,9.969,0.0,0.0
333,2.0,6.0,1.0,10.0,13.0,0.0,1649.038,2863.882,-3.874,39.223,35.497,9.578,0.0,0.0
334,3.0,6.0,1.0,0.0,2.0,0.0,1755.976,2502.086,133.191,38.398,27.956,9.957,0.0,0.0
336,3.0,6.0,1.0,2.0,4.0,0.0,1952.082,2616.009,89.107,37.818,36.866,9.032,0.0,0.0
338,3.0,6.0,1.0,4.0,7.0,0.0,1779.038,2674.15,108.496,38.637,38.135,9.355,0.0,0.0
339,3.0,6.0,1.0,5.0,8.0,0.0,1793.982,2710.335,39.194,38.373,38.291,9.83,0.0,0.0
340,3.0,6.0,1.0,6.0,9.0,0.0,1758.667,2737.174,92.057,38.676,38.333,9.949,0.0,0.0
342,3.0,6.0,1.0,8.0,11.0,0.0,1868.107,2751.57,58.682,37.767,37.39,9.786,0.0,0.0
344,4.0,6.0,1.0,1.0,2.0,0.0,2507.883,2510.227,74.114,38.619,37.52,9.758,0.0,0.0
345,4.0,6.0,1.0,2.0,3.0,0.0,2729.587,2518.153,-44.575,38.51,38.131,9.827,0.0,0.0
346,4.0,6.0,1.0,3.0,4.0,0.0,2783.422,2603.424,11.581,37.976,37.902,9.88,0.0,0.0
347,4.0,6.0,1.0,4.0,6.0,0.0,2487.162,2760.049,-12.433,37.638,37.37,9.767,0.0,0.0
348,4.0,6.0,1.0,5.0,7.0,0.0,2789.995,2861.178,-24.77,38.98,38.63,9.876,0.0,0.0
349,5.0,6.0,1.0,0.0,0.0,0.0,3274.312,2496.145,1.732,38.47,38.238,9.911,0.0,0.0
350,5.0,6.0,1.0,1.0,1.0,0.0,3266.316,2549.14,98.415,38.103,37.025,9.553,0.0,0.0
351,5.0,6.0,1.0,2.0,4.0,0.0,3173.935,2617.632,81.616,38.232,37.004,9.355,0.0,0.0
353,5.0,6.0,1.0,4.0,5.0,0.0,2994.706,2641.561,4.853,38.053,37.068,9.863,0.0,0.0
354,5.0,6.0,1.0,5.0,6.0,0.0,3392.567,2673.201,32.694,38.605,38.356,9.868,0.0,0.0
355,5.0,6.0,1.0,6.0,10.0,0.0,3414.327,2790.404,-41.197,39.039,38.882,9.991,0.0,0.0
356,5.0,6.0,1.0,7.0,11.0,0.0,3284.213,2798.687,122.08,38.154,38.09,9.851,0.0,0.0
357,5.0,6.0,1.0,8.0,12.0,0.0,2913.61,2861.05,-37.501,38.483,38.361,9.853,0.0,0.0
358,6.0,6.0,1.0,0.0,0.0,0.0,3835.718,2479.68,-33.859,38.411,38.305,9.912,0.0,0.0
359,6.0,6.0,1.0,1.0,1.0,0.0,3871.979,2620.674,105.103,37.962,37.787,9.863,0.0,0.0
360,6.0,6.0,1.0,2.0,2.0,0.0,4018.545,2685.145,63.306,38.833,38.536,9.772,0.0,0.0
361,6.0,6.0,1.0,3.0,3.0,0.0,3656.839,2746.406,-14.315,38.828,38.673,9.937,0.0,0.0
362,6.0,6.0,1.0,4.0,4.0,0.0,3848.275,2768.216,6.128,38.959,38.667,9.954,0.0,0.0
364,6.0,6.0,1.0,6.0,6.0,0.0,3479.2,2772.663,7.288,39.006,38.741,9.894,0.0,0.0
365,6.0,6.0,1.0,7.0,7.0,0.0,3528.019,2773.813,45.57,38.706,38.326,9.877,0.0,0.0
368,7.0,6.0,1.0,1.0,1.0,0.0,4149.763,2479.165,129.375,38.664,37.613,9.86,0.0,0.0
369,7.0,6.0,1.0,2.0,5.0,0.0,4541.888,2853.138,106.479,39.188,39.124,9.966,0.0,0.0
370,8.0,6.0,1.0,0.0,1.0,0.0,4700.572,2535.726,-37.051,38.611,37.77,9.176,0.0,0.0
371,8.0,6.0,1.0,1.0,2.0,0.0,5059.432,2553.442,-16.304,38.884,38.7,9.948,0.0,0.0
372,8.0,6.0,1.0,2.0,3.0,0.0,5197.593,2605.029,92.466,41.858,26.346,9.921,0.0,0.0
373,8.0,6.0,1.0,3.0,6.0,0.0,4669.734,2858.949,95.113,38.949,38.931,9.986,0.0,0.0
374,9.0,6.0,1.0,0.0,4.0,0.0,5236.194,2563.297,48.669,38.512,38.484,9.948,0.0,0.0
375,9.0,6.0,1.0,1.0,5.0,0.0,5563.768,2591.688,134.506,38.059,37.853,9.808,0.0,0.0
376,9.0,6.0,1.0,2.0,7.0,0.0,5481.231,2634.242,116.747,38.515,38.272,9.921,0.0,0.0
377,9.0,6.0,1.0,3.0,8.0,0.0,5585.318,2796.269,-41.812,38.837,38.446,9.909,0.0,0.0
379,0.0,7.0,1.0,1.0,2.0,0.0,571.916,2966.33,-19.331,38.618,38.339,9.943,0.0,0.0
381,0.0,7.0,1.0,3.0,11.0,0.0,357.89,3261.88,61.848,38.3,38.171,9.957,0.0,0.0
383,1.0,7.0,1.0,1.0,2.0,0.0,1129.292,2910.874,133.821,38.748,38.594,9.993,0.0,0.0
384,1.0,7.0,1.0,2.0,3.0,0.0,1052.261,2953.609,-1.476,38.527,38.347,9.857,0.0,0.0
385,1.0,7.0,1.0,3.0,5.0,0.0,1003.194,2974.973,25.673,37.586,37.3,9.676,0.0,0.0
388,1.0,7.0,1.0,6.0,6.0,0.0,959.098,2979.987,116.216,38.752,35.632,9.648,0.0,0.0
389,1.0,7.0,1.0,7.0,7.0,0.0,752.816,3014.781,11.047,38.275,37.793,9.828,0.0,0.0
390,1.0,7.0,1.0,8.0,8.0,0.0,785.222,3124.663,17.767,38.269,37.734,9.82,0.0,0.0
391,1.0,7.0,1.0,9.0,11.0,0.0,1026.408,3148.223,-6.133,37.873,37.635,9.756,0.0,0.0
392,1.0,7.0,1.0,10.0,12.0,0.0,611.268,3226.382,-21.052,38.62,38.003,9.825,0.0,0.0
393,1.0,7.0,1.0,11.0,14.0,0.0,1100.21,3257.634,25.197,39.27,38.716,9.852,0.0,0.0
394,2.0,7.0,1.0,0.0,4.0,0.0,1498.759,2899.486,76.025,38.233,37.934,9.841,0.0,0.0
395,2.0,7.0,1.0,1.0,5.0,0.0,1658.763,2941.715,-35.321,38.145,37.895,9.825,0.0,0.0
396,2.0,7.0,1.0,2.0,6.0,0.0,1437.574,3036.977,-22.369,37.925,36.071,9.069,0.0,0.0
397,2.0,7.0,1.0,3.0,7.0,0.0,1416.563,3127.413,64.805,37.509,37.231,9.732,0.0,0.0
398,2.0,7.0,1.0,4.0,8.0,0.0,1203.351,3178.051,60.014,38.696,38.187,9.933,0.0,0.0
399,2.0,7.0,1.0,5.0,9.0,0.0,1679.591,3208.176,1.401,38.635,38.425,9.957,0.0,0.0
400,3.0,7.0,1.0,0.0,3.0,0.0,1927.988,2893.448,124.116,37.894,37.275,9.942,0.0,0.0
401,3.0,7.0,1.0,1.0,4.0,0.0,1930.129,3021.965,9.961,37.786,37.694,9.828,0.0,0.0
402,3.0,7.0,1.0,2.0,5.0,0.0,2217.099,3022.516,14.794,38.133,37.954,9.831,0.0,0.0
403,3.0,7.0,1.0,3.0,7.0,0.0,1797.476,3198.038,-34.999,37.882,37.572,9.825,0.0,0.0
404,3.0,7.0,1.0,4.0,8.0,0.0,2146.07,3225.571,14.383,38.273,38.18,9.803,0.0,0.0
405,4.0,7.0,1.0,0.0,2.0,0.0,2641.502,2882.195,59.637,38.226,37.945,9.841,0.0,0.0
406,4.0,7.0,1.0,1.0,3.0,0.0,2724.157,2948.015,122.657,38.417,38.252,9.906,0.0,0.0
407,4.0,7.0,1.0,2.0,7.0,0.0,2444.123,3184.537,116.702,38.603,37.916,9.661,0.0,0.0
408,4.0,7.0,1.0,3.0,8.0,0.0,2650.049,3236.544,2.093,38.576,38.27,9.853,0.0,0.0
409,4.0,7.0,1.0,4.0,10.0,0.0,2547.043,3277.131,-5.916,40.544,27.627,9.678,0.0,0.0
410,5.0,7.0,1.0,0.0,2.0,0.0,2981.405,2970.116,-18.658,38.452,38.219,9.906,0.0,0.0
411,5.0,7.0,1.0,1.0,6.0,0.0,2948.135,3184.825,120.056,38.936,38.602,9.942,0.0,0.0
412,5.0,7.0,1.0,2.0,7.0,0.0,2925.966,3228.899,112.471,38.631,38.314,9.866,0.0,0.0
413,6.0,7.0,1.0,0.0,1.0,0.0,3845.948,2883.773,20.013,38.241,38.109,9.942,0.0,0.0
414,6.0,7.0,1.0,1.0,2.0,0.0,3942.385,2907.421,81.258,38.377,38.108,9.882,0.0,0.0
415,6.0,7.0,1.0,2.0,3.0,0.0,3486.893,2950.413,11.081,38.372,37.961,9.713,0.0,0.0
416,6.0,7.0,1.0,3.0,4.0,0.0,4002.587,3046.085,-30.055,38.883,38.715,9.95,0.0,0.0
417,6.0,7.0,1.0,4.0,6.0,0.0,3700.611,3123.094,-21.568,38.873,37.856,9.761,0.0,0.0
418,6.0,7.0,1.0,5.0,8.0,0.0,3783.45,3165.634,55.361,37.739,37.37,9.78,0.0,0.0
419,6.0,7.0,1.0,6.0,9.0,0.0,3710.191,3238.349,-8.68,38.935,38.677,9.951,0.0,0.0
422,7.0,7.0,1.0,2.0,4.0,0.0,4331.43,3003.639,118.791,37.993,37.701,9.856,0.0,0.0
423,7.0,7.0,1.0,3.0,5.0,0.0,4241.719,3129.614,98.767,38.012,37.814,9.797,0.0,0.0
424,7.0,7.0,1.0,4.0,7.0,0.0,4533.403,3257.472,61.386,39.237,38.999,9.956,0.0,0.0
425,8.0,7.0,1.0,0.0,2.0,0.0,4655.561,3045.296,-42.141,38.383,38.115,9.884,0.0,0.0
428,8.0,7.0,1.0,3.0,5.0,0.0,4776.719,3091.35,50.954,38.001,37.799,9.869,0.0,0.0
429,8.0,7.0,1.0,4.0,6.0,0.0,5180.184,3157.634,-26.341,39.249,39.042,9.963,0.0,0.0
430,8.0,7.0,1.0,5.0,7.0,0.0,5024.463,3159.859,-24.66,37.899,37.675,9.841,0.0,0.0
431,8.0,7.0,1.0,6.0,8.0,0.0,4831.885,3168.919,-3.172,38.328,38.086,9.873,0.0,0.0
432,8.0,7.0,1.0,7.0,9.0,0.0,4727.009,3216.359,26.962,39.708,39.223,9.971,0.0,0.0
433,8.0,7.0,1.0,8.0,10.0,0.0,4682.604,3224.171,8.579,39.349,39.18,9.92,0.0,0.0
434,9.0,7.0,1.0,0.0,0.0,0.0,5749.824,2898.892,118.521,38.428,38.336,9.918,0.0,0.0
436,9.0,7.0,1.0,2.0,1.0,0.0,5593.065,2989.632,119.016,38.53,36.826,9.51,0.0,0.0
437,9.0,7.0,1.0,3.0,4.0,0.0,5682.234,3072.049,119.562,38.467,38.295,9.842,0.0,0.0
438,0.0,8.0,1.0,0.0,1.0,0.0,268.835,3381.124,108.507,37.805,37.038,9.18,0.0,0.0
440,0.0,8.0,1.0,2.0,4.0,0.0,300.587,3601.135,81.644,38.225,38.072,9.783,0.0,0.0
445,1.0,8.0,1.0,1.0,2.0,0.0,772.35,3327.472,114.477,37.985,37.078,9.405,0.0,0.0
446,1.0,8.0,1.0,2.0,3.0,0.0,1113.725,3349.469,-30.002,37.849,37.516,9.813,0.0,0.0
450,1.0,8.0,1.0,6.0,8.0,0.0,1082.425,3597.374,73.787,39.143,39.053,9.951,0.0,0.0
451,1.0,8.0,1.0,7.0,10.0,0.0,1113.782,3658.704,-35.112,38.86,38.619,9.934,0.0,0.0
453,2.0,8.0,1.0,0.0,0.0,0.0,1710.096,3313.521,-43.204,38.214,37.815,9.9,0.0,0.0
454,2.0,8.0,1.0,1.0,2.0,0.0,1594.745,3394.642,68.441,37.766,37.638,9.818,0.0,0.0
455,2.0,8.0,1.0,2.0,3.0,0.0,1725.374,3421.155,-32.304,37.841,37.598,9.823,0.0,0.0
456,2.0,8.0,1.0,3.0,4.0,0.0,1682.049,3509.749,-13.168,38.94,38.617,9.944,0.0,0.0
457,2.0,8.0,1.0,4.0,5.0,0.0,1180.663,3629.887,8.033,38.415,38.029,9.877,0.0,0.0
458,3.0,8.0,1.0,0.0,1.0,0.0,1876.811,3559.49,-37.21,38.467,37.938,9.872,0.0,0.0
459,3.0,8.0,1.0,1.0,2.0,0.0,1848.716,3596.772,-31.004,38.627,38.512,9.891,0.0,0.0
460,3.0,8.0,1.0,2.0,3.0,0.0,2241.782,3655.051,-21.396,38.904,37.838,9.839,0.0,0.0
461,3.0,8.0,1.0,3.0,5.0,0.0,1987.767,3684.997,0.54,41.075,23.968,9.854,0.0,0.0
462,4.0,8.0,1.0,0.0,1.0,0.0,2753.794,3291.266,69.265,38.658,38.47,9.965,0.0,0.0
463,4.0,8.0,1.0,1.0,2.0,0.0,2708.003,3310.217,117.086,38.364,38.176,9.889,0.0,0.0
464,4.0,8.0,1.0,2.0,3.0,0.0,2857.895,3472.206,-37.114,38.741,38.555,9.987,0.0,0.0
465,4.0,8.0,1.0,3.0,4.0,0.0,2585.942,3483.074,27.351,38.114,37.928,9.825,0.0,0.0
467,4.0,8.0,1.0,5.0,5.0,0.0,2730.86,3587.772,91.901,38.865,37.575,9.114,0.0,0.0
468,4.0,8.0,1.0,6.0,7.0,0.0,2489.392,3676.459,109.584,38.754,38.364,9.888,0.0,0.0
469,5.0,8.0,1.0,0.0,0.0,0.0,3107.312,3292.562,36.739,38.027,37.999,9.823,0.0,0.0
470,5.0,8.0,1.0,1.0,1.0,0.0,3342.228,3308.749,-4.671,38.282,38.21,9.883,0.0,0.0
471,5.0,8.0,1.0,2.0,2.0,0.0,3318.939,3374.703,33.402,38.619,38.441,9.881,0.0,0.0
473,5.0,8.0,1.0,4.0,6.0,0.0,3160.363,3507.065,113.877,38.403,37.785,9.919,0.0,0.0
474,5.0,8.0,1.0,5.0,7.0,0.0,3132.233,3545.559,9.575,37.807,37.638,9.824,0.0,0.0
475,5.0,8.0,1.0,6.0,8.0,0.0,3242.99,3598.696,-44.341,38.309,38.259,9.893,0.0,0.0
477,6.0,8.0,1.0,1.0,1.0,0.0,3872.812,3360.361,50.951,38.512,38.301,9.924,0.0,0.0
478,6.0,8.0,1.0,2.0,2.0,0.0,3591.031,3406.797,81.891,37.865,37.646,9.832,0.0,0.0
479,6.0,8.0,1.0,3.0,3.0,0.0,4019.152,3514.234,-4.793,38.853,38.761,9.952,0.0,0.0
480,6.0,8.0,1.0,4.0,4.0,0.0,3609.473,3599.756,-29.091,37.964,37.931,9.806,0.0,0.0
481,6.0,8.0,1.0,5.0,5.0,0.0,3576.108,3648.801,7.575,38.356,37.93,9.857,0.0,0.0
482,7.0,8.0,1.0,0.0,2.0,0.0,4369.747,3285.508,128.006,38.804,38.627,9.928,0.0,0.0
483,7.0,8.0,1.0,1.0,3.0,0.0,4568.55,3423.291,-15.402,39.025,38.483,9.938,0.0,0.0
484,7.0,8.0,1.0,2.0,4.0,0.0,4465.193,3456.154,115.578,38.97,37.78,9.342,0.0,0.0
485,7.0,8.0,1.0,3.0,6.0,0.0,4205.671,3553.786,-30.148,38.19,38.004,9.844,0.0,0.0
486,8.0,8.0,1.0,0.0,1.0,0.0,4716.977,3361.864,28.612,38.319,38.224,9.89,0.0,0.0
488,9.0,8.0,1.0,0.0,1.0,0.0,5718.288,3342.061,127.467,38.668,38.57,9.903,0.0,0.0
489,9.0,8.0,1.0,1.0,2.0,0.0,5673.69,3371.134,0.684,38.595,38.388,9.946,0.0,0.0
490,9.0,8.0,1.0,2.0,3.0,0.0,5389.364,3459.234,116.749,38.247,37.982,9.925,0.0,0.0
491,9.0,8.0,1.0,3.0,6.0,0.0,5527.541,3621.949,51.806,38.684,38.34,9.876,0.0,0.0
492,9.0,8.0,1.0,4.0,7.0,0.0,5324.176,3636.882,71.418,38.797,38.703,9.937,0.0,0.0
493,0.0,9.0,1.0,0.0,4.0,0.0,291.205,3757.841,29.835,38.091,37.745,9.875,0.0,0.0
496,0.0,9.0,1.0,3.0,8.0,0.0,535.184,3856.037,8.61,38.291,38.0,9.857,0.0,0.0
498,1.0,9.0,1.0,1.0,6.0,0.0,1117.237,3893.116,7.763,38.043,37.853,9.882,0.0,0.0
499,1.0,9.0,1.0,2.0,7.0,0.0,840.688,3917.983,-23.592,37.824,37.184,9.767,0.0,0.0
500,1.0,9.0,1.0,3.0,8.0,0.0,1073.454,3932.796,105.727,38.935,38.518,9.856,0.0,0.0
501,1.0,9.0,1.0,4.0,10.0,0.0,846.597,3986.691,60.33,37.343,37.184,9.704,0.0,0.0
502,2.0,9.0,1.0,0.0,1.0,0.0,1488.523,3701.633,36.092,38.111,37.702,9.795,0.0,0.0
503,2.0,9.0,1.0,1.0,2.0,0.0,1210.674,3736.17,59.693,37.423,37.229,9.361,0.0,0.0
504,2.0,9.0,1.0,2.0,3.0,0.0,1633.687,3819.652,-28.593,38.247,37.997,9.851,0.0,0.0
506,2.0,9.0,1.0,4.0,6.0,0.0,1202.92,4084.514,-1.815,39.161,39.062,9.955,0.0,0.0
507,3.0,9.0,1.0,0.0,2.0,0.0,2294.329,3739.835,6.698,38.238,38.16,9.948,0.0,0.0
508,3.0,9.0,1.0,1.0,3.0,0.0,2069.925,3754.129,33.929,38.474,38.008,9.806,0.0,0.0
509,3.0,9.0,1.0,2.0,6.0,0.0,1799.704,3947.683,115.638,37.848,37.467,9.806,0.0,0.0
510,3.0,9.0,1.0,3.0,8.0,0.0,1783.813,4026.875,105.692,43.54,34.193,9.029,0.0,0.0
511,3.0,9.0,1.0,4.0,9.0,0.0,1898.085,4038.399,84.895,38.86,38.761,9.878,0.0,0.0
512,4.0,9.0,1.0,0.0,3.0,0.0,2516.007,3783.994,84.229,38.235,38.152,9.869,0.0,0.0
513,4.0,9.0,1.0,1.0,4.0,0.0,2889.035,3834.687,91.821,39.918,32.545,9.091,0.0,0.0
514,4.0,9.0,1.0,2.0,5.0,0.0,2759.68,3940.447,110.413,37.84,36.234,9.585,0.0,0.0
515,4.0,9.0,1.0,3.0,6.0,0.0,2392.665,3955.79,130.061,38.883,38.591,9.934,0.0,0.0
516,4.0,9.0,1.0,4.0,7.0,0.0,2711.559,4031.382,53.55,38.309,38.099,9.872,0.0,0.0
517,4.0,9.0,1.0,5.0,8.0,0.0,2812.194,4040.077,51.65,39.438,39.065,9.99,0.0,0.0
518,4.0,9.0,1.0,6.0,11.0,0.0,2613.168,4088.3,-5.286,39.598,34.735,9.52,0.0,0.0
519,5.0,9.0,1.0,0.0,1.0,0.0,3294.956,3774.665,34.588,38.33,38.247,9.894,0.0,0.0
520,5.0,9.0,1.0,1.0,2.0,0.0,3382.815,3786.034,-39.229,38.25,38.043,9.857,0.0,0.0
521,5.0,9.0,1.0,2.0,4.0,0.0,2977.862,3841.076,2.022,38.372,37.979,9.865,0.0,0.0
522,5.0,9.0,1.0,3.0,5.0,0.0,3021.776,3858.933,26.283,38.543,38.272,9.925,0.0,0.0
523,5.0,9.0,1.0,4.0,6.0,0.0,3459.929,3871.222,-37.422,39.188,38.735,9.992,0.0,0.0
524,5.0,9.0,1.0,5.0,7.0,0.0,3063.259,3961.603,26.407,38.184,37.99,9.842,0.0,0.0
525,6.0,9.0,1.0,0.0,1.0,0.0,3538.76,3721.851,95.332,39.067,38.634,9.962,0.0,0.0
526,6.0,9.0,1.0,1.0,2.0,0.0,3979.208,3745.946,117.209,38.712,38.539,9.981,0.0,0.0
528,6.0,9.0,1.0,3.0,7.0,0.0,3729.726,3928.15,88.605,38.43,38.265,9.909,0.0,0.0
529,7.0,9.0,1.0,0.0,1.0,0.0,4506.221,3803.557,-44.768,38.735,38.501,9.903,0.0,0.0
530,7.0,9.0,1.0,1.0,2.0,0.0,4409.663,3808.155,127.28,38.395,38.025,9.874,0.0,0.0
531,7.0,9.0,1.0,2.0,3.0,0.0,4157.731,3834.363,-39.538,38.336,38.064,9.871,0.0,0.0
532,7.0,9.0,1.0,3.0,4.0,0.0,4124.529,3866.653,95.294,38.455,38.407,9.931,0.0,0.0
533,7.0,9.0,1.0,4.0,6.0,0.0,4461.124,4087.469,0.993,39.39,35.912,9.577,0.0,0.0
534,8.0,9.0,1.0,0.0,1.0,0.0,4810.111,3819.643,-33.557,38.426,37.916,9.713,0.0,0.0
535,8.0,9.0,1.0,1.0,2.0,0.0,4808.204,3983.301,100.98,38.623,38.318,9.941,0.0,0.0
536,9.0,9.0,1.0,0.0,1.0,0.0,5426.766,3707.527,-23.461,38.221,38.071,9.857,0.0,0.0
537,9.0,9.0,1.0,1.0,2.0,0.0,5737.904,3768.05,-30.034,38.916,38.816,9.967,0.0,0.0
538,9.0,9.0,1.0,2.0,3.0,0.0,5411.591,3801.347,53.71,37.88,37.441,9.885,0.0,0.0
539,9.0,9.0,1.0,3.0,6.0,0.0,5771.708,3892.737,95.013,42.472,27.208,9.136,0.0,0.0
540,9.0,9.0,1.0,4.0,7.0,0.0,5720.254,3911.469,89.755,38.303,38.151,9.878,0.0,0.0
541,9.0,9.0,1.0,5.0,9.0,0.0,5628.281,4008.809,69.217,38.693,38.462,9.968,0.0,0.0
542,9.0,9.0,1.0,6.0,10.0,0.0,5477.393,4038.401,114.066,38.799,38.568,9.92,0.0,0.0
543,9.0,9.0,1.0,7.0,11.0,0.0,5691.455,4079.127,39.839,39.057,38.586,9.955,0.0,0.0
544,0.0,10.0,1.0,0.0,1.0,0.0,383.901,4111.325,77.507,37.85,37.626,9.752,0.0,0.0
545,0.0,10.0,1.0,1.0,2.0,0.0,555.985,4149.249,-20.032,38.315,37.776,9.831,0.0,0.0
548,0.0,10.0,1.0,4.0,6.0,0.0,209.919,4264.331,-5.363,38.411,37.707,9.759,0.0,0.0
549,0.0,10.0,1.0,5.0,11.0,0.0,382.809,4394.907,-40.596,37.575,34.947,9.804,0.0,0.0
550,0.0,10.0,1.0,6.0,12.0,0.0,310.833,4461.421,115.865,38.183,38.083,9.854,0.0,0.0
551,1.0,10.0,1.0,0.0,0.0,0.0,997.968,4147.291,-28.523,37.651,37.386,9.77,0.0,0.0
553,1.0,10.0,1.0,2.0,4.0,0.0,1081.205,4359.297,16.0,38.112,37.798,9.884,0.0,0.0
554,2.0,10.0,1.0,0.0,1.0,0.0,1251.718,4104.513,30.888,38.334,38.292,9.9,0.0,0.0
559,2.0,10.0,1.0,5.0,5.0,0.0,1208.462,4321.026,91.98,38.085,37.847,9.811,0.0,0.0
560,2.0,10.0,1.0,6.0,8.0,0.0,1574.35,4434.757,76.817,38.293,38.081,9.793,0.0,0.0
561,2.0,10.0,1.0,7.0,9.0,0.0,1686.357,4441.608,-28.339,38.932,38.627,9.944,0.0,0.0
562,3.0,10.0,1.0,0.0,0.0,0.0,2265.767,4171.944,-36.549,38.886,38.68,9.946,0.0,0.0
563,3.0,10.0,1.0,1.0,2.0,0.0,2069.495,4205.823,108.932,37.893,36.875,9.229,0.0,0.0
564,3.0,10.0,1.0,2.0,3.0,0.0,2142.808,4258.559,79.654,37.316,36.666,9.409,0.0,0.0
565,3.0,10.0,1.0,3.0,6.0,0.0,2166.87,4418.999,0.97,38.786,38.382,9.895,0.0,0.0
566,3.0,10.0,1.0,4.0,7.0,0.0,2261.165,4446.768,32.785,38.699,37.736,9.51,0.0,0.0
567,4.0,10.0,1.0,0.0,4.0,0.0,2876.35,4154.212,-28.979,38.575,38.369,9.941,0.0,0.0
569,4.0,10.0,1.0,2.0,6.0,0.0,2854.305,4245.367,-19.064,38.571,38.415,9.871,0.0,0.0
570,4.0,10.0,1.0,3.0,7.0,0.0,2389.485,4252.608,29.833,38.517,38.315,9.851,0.0,0.0
571,4.0,10.0,1.0,4.0,10.0,0.0,2537.798,4438.494,70.923,38.261,38.074,9.863,0.0,0.0
572,5.0,10.0,1.0,0.0,2.0,0.0,3258.533,4260.15,8.629,38.233,38.014,9.851,0.0,0.0
573,5.0,10.0,1.0,1.0,4.0,0.0,3047.279,4305.202,19.362,37.978,37.896,9.803,0.0,0.0
574,5.0,10.0,1.0,2.0,5.0,0.0,3451.272,4345.886,3.059,39.276,39.009,9.963,0.0,0.0
575,5.0,10.0,1.0,3.0,6.0,0.0,2908.479,4345.736,-31.314,38.601,38.432,9.877,0.0,0.0
576,5.0,10.0,1.0,4.0,8.0,0.0,3066.421,4434.992,100.062,38.822,38.703,9.94,0.0,0.0
577,5.0,10.0,1.0,5.0,10.0,0.0,3411.036,4501.486,-5.713,40.025,28.205,9.613,0.0,0.0
578,6.0,10.0,1.0,0.0,0.0,0.0,3991.661,4129.508,129.021,38.591,38.433,9.876,0.0,0.0
579,6.0,10.0,1.0,1.0,2.0,0.0,3962.567,4225.188,-41.942,38.802,38.262,9.957,0.0,0.0
580,6.0,10.0,1.0,2.0,3.0,0.0,3822.767,4235.257,51.276,37.412,36.492,9.467,0.0,0.0
581,6.0,10.0,1.0,3.0,4.0,0.0,3722.282,4249.107,128.411,38.16,37.801,9.814,0.0,0.0
582,6.0,10.0,1.0,4.0,7.0,0.0,3625.929,4364.605,129.73,38.718,38.276,9.872,0.0,0.0
583,6.0,10.0,1.0,5.0,8.0,0.0,3608.469,4419.761,115.561,38.858,38.355,9.976,0.0,0.0
584,6.0,10.0,1.0,6.0,9.0,0.0,3491.27,4441.617,-13.353,38.525,37.893,9.799,0.0,0.0
585,6.0,10.0,1.0,7.0,11.0,0.0,3741.888,4484.606,22.673,38.43,38.157,9.82,0.0,0.0
586,7.0,10.0,1.0,0.0,2.0,0.0,4442.973,4206.801,77.343,37.627,37.547,9.788,0.0,0.0
587,7.0,10.0,1.0,1.0,3.0,0.0,4460.919,4431.574,47.909,38.622,38.167,9.846,0.0,0.0
588,7.0,10.0,1.0,2.0,4.0,0.0,4425.393,4497.074,-4.383,40.687,33.607,9.516,0.0,0.0
589,8.0,10.0,1.0,0.0,3.0,0.0,5000.337,4176.329,124.396,38.304,37.319,9.406,0.0,0.0
590,8.0,10.0,1.0,1.0,4.0,0.0,5089.745,4181.167,-36.053,38.569,38.095,9.906,0.0,0.0
591,8.0,10.0,1.0,2.0,6.0,0.0,4824.241,4262.796,77.62,37.909,37.846,9.864,0.0,0.0
592,8.0,10.0,1.0,3.0,7.0,0.0,5152.397,4271.343,118.148,38.884,38.502,9.922,0.0,0.0
595,8.0,10.0,1.0,6.0,10.0,0.0,4670.838,4301.753,80.401,37.9,37.518,9.455,0.0,0.0
597,8.0,10.0,1.0,8.0,12.0,0.0,5108.073,4421.361,51.699,39.481,38.925,9.905,0.0,0.0
598,9.0,10.0,1.0,0.0,2.0,0.0,5564.822,4155.234,82.328,38.216,37.952,9.841,0.0,0.0
599,9.0,10.0,1.0,1.0,3.0,0.0,5250.213,4198.748,51.602,38.448,38.289,9.839,0.0,0.0
600,9.0,10.0,1.0,2.0,5.0,0.0,5727.727,4255.865,21.272,38.507,38.177,9.908,0.0,0.0
601,9.0,10.0,1.0,3.0,6.0,0.0,5436.914,4288.544,91.012,38.341,38.163,9.885,0.0,0.0
602,9.0,10.0,1.0,4.0,8.0,0.0,5340.067,4414.449,-34.221,38.474,38.214,9.833,0.0,0.0
603,9.0,10.0,1.0,5.0,9.0,0.0,5302.475,4463.411,98.13,39.008,38.561,9.871,0.0,0.0
604,0.0,11.0,1.0,0.0,1.0,0.0,578.543,4525.262,-30.675,38.757,38.301,9.88,0.0,0.0
606,0.0,11.0,1.0,2.0,2.0,0.0,148.789,4532.979,91.52,37.678,37.178,9.745,0.0,0.0
607,0.0,11.0,1.0,3.0,4.0,0.0,249.452,4595.941,60.186,37.789,37.598,9.74,0.0,0.0
608,1.0,11.0,1.0,0.0,6.0,0.0,675.313,4890.006,-0.896,38.648,38.43,9.809,0.0,0.0
609,2.0,11.0,1.0,0.0,0.0,0.0,1315.971,4579.736,121.407,37.665,37.363,9.769,0.0,0.0
610,2.0,11.0,1.0,1.0,1.0,0.0,1621.113,4681.543,-11.264,37.842,37.531,9.814,0.0,0.0
611,2.0,11.0,1.0,2.0,2.0,0.0,1325.805,4694.222,-34.299,37.738,37.658,9.817,0.0,0.0
612,2.0,11.0,1.0,3.0,3.0,0.0,1611.35,4738.532,93.978,37.415,36.795,9.3,0.0,0.0
613,2.0,11.0,1.0,4.0,4.0,0.0,1260.451,4774.984,28.008,38.201,37.963,9.766,0.0,0.0
614,2.0,11.0,1.0,5.0,6.0,0.0,1179.062,4863.041,101.284,38.537,38.473,9.8,0.0,0.0
615,2.0,11.0,1.0,6.0,7.0,0.0,1285.399,4868.239,-14.607,38.598,37.768,9.791,0.0,0.0
617,3.0,11.0,1.0,1.0,0.0,0.0,1969.556,4550.453,-10.069,37.432,36.072,9.663,0.0,0.0
618,3.0,11.0,1.0,2.0,1.0,0.0,2252.901,4554.36,103.985,38.657,38.34,9.948,0.0,0.0
619,3.0,11.0,1.0,3.0,2.0,0.0,2117.752,4586.816,104.448,37.734,37.419,9.786,0.0,0.0
620,3.0,11.0,1.0,4.0,4.0,0.0,2237.627,4657.637,130.498,38.257,36.468,8.902,0.0,0.0
621,3.0,11.0,1.0,5.0,5.0,0.0,1966.035,4658.097,26.255,37.736,37.546,9.802,0.0,0.0
622,4.0,11.0,1.0,0.0,1.0,0.0,2623.356,4813.964,104.884,38.566,38.357,9.939,0.0,0.0
623,4.0,11.0,1.0,1.0,2.0,0.0,2548.872,4844.68,79.894,38.416,38.17,9.895,0.0,0.0
624,5.0,11.0,1.0,0.0,1.0,0.0,3400.606,4809.209,3.64,38.93,38.779,9.964,0.0,0.0
625,5.0,11.0,1.0,1.0,2.0,0.0,3108.414,4838.989,118.327,38.752,38.365,9.888,0.0,0.0
626,6.0,11.0,1.0,0.0,2.0,0.0,3582.697,4544.346,98.666,38.539,38.229,9.918,0.0,0.0
627,6.0,11.0,1.0,1.0,3.0,0.0,3591.264,4607.178,16.46,38.922,38.844,9.971,0.0,0.0
628,6.0,11.0,1.0,2.0,4.0,0.0,3903.488,4721.33,92.612,37.786,35.118,9.62,0.0,0.0
629,6.0,11.0,1.0,3.0,5.0,0.0,3954.791,4747.081,-10.014,38.827,38.349,9.972,0.0,0.0
630,6.0,11.0,1.0,4.0,6.0,0.0,3603.366,4820.471,-5.715,38.767,38.576,9.917,0.0,0.0
631,6.0,11.0,1.0,5.0,9.0,0.0,3878.997,4878.05,129.556,38.924,38.866,9.9,0.0,0.0
632,7.0,11.0,1.0,0.0,1.0,0.0,4542.451,4529.217,126.137,38.52,38.236,9.917,0.0,0.0
633,7.0,11.0,1.0,1.0,2.0,0.0,4502.652,4662.134,-14.871,38.679,38.553,9.979,0.0,0.0
634,7.0,11.0,1.0,2.0,3.0,0.0,4368.153,4838.449,82.8,38.093,37.905,9.819,0.0,0.0
635,7.0,11.0,1.0,3.0,6.0,0.0,4558.956,4899.146,45.83,39.081,38.97,9.933,0.0,0.0
636,8.0,11.0,1.0,0.0,2.0,0.0,5088.406,4586.85,63.381,37.893,37.675,9.839,0.0,0.0
637,8.0,11.0,1.0,1.0,4.0,0.0,5035.551,4793.712,-20.086,37.834,36.671,9.702,0.0,0.0
638,9.0,11.0,1.0,0.0,0.0,0.0,5346.347,4550.578,43.155,38.314,38.175,9.883,0.0,0.0
639,9.0,11.0,1.0,1.0,1.0,0.0,5209.894,4556.848,63.795,38.726,38.27,9.872,0.0,0.0
640,9.0,11.0,1.0,2.0,2.0,0.0,5642.41,4571.268,133.469,38.58,38.365,9.942,0.0,0.0
641,9.0,11.0,1.0,3.0,3.0,0.0,5614.243,4651.571,118.098,38.104,37.994,9.832,0.0,0.0
642,9.0,11.0,1.0,4.0,4.0,0.0,5336.733,4708.52,71.928,38.216,37.855,9.753,0.0,0.0
643,9.0,11.0,1.0,5.0,5.0,0.0,5270.194,4758.722,70.99,38.297,38.28,9.894,0.0,0.0
644,0.0,12.0,1.0,0.0,2.0,0.0,54.412,4953.312,-39.86,38.271,37.859,9.836,0.0,0.0
645,0.0,12.0,1.0,1.0,4.0,0.0,280.755,4987.165,116.26,37.936,37.731,9.853,0.0,0.0
646,0.0,12.0,1.0,2.0,5.0,0.0,291.003,5043.343,114.75,37.606,37.097,9.727,0.0,0.0
647,0.0,12.0,1.0,3.0,6.0,0.0,479.934,5081.259,-25.668,38.252,37.89,9.838,0.0,0.0
651,1.0,12.0,1.0,2.0,5.0,0.0,1154.12,5103.092,43.071,38.419,38.358,9.844,0.0,0.0
652,1.0,12.0,1.0,3.0,8.0,0.0,1016.405,5227.095,-26.303,38.372,38.226,9.897,0.0,0.0
653,1.0,12.0,1.0,4.0,9.0,0.0,717.651,5290.498,13.369,38.829,38.669,9.937,0.0,0.0
655,2.0,12.0,1.0,1.0,4.0,0.0,1674.463,5163.275,-21.846,38.281,38.002,9.856,0.0,0.0
656,2.0,12.0,1.0,2.0,5.0,0.0,1377.955,5176.388,96.948,38.852,38.482,9.916,0.0,0.0
657,2.0,12.0,1.0,3.0,6.0,0.0,1400.699,5264.402,77.318,38.163,38.004,9.766,0.0,0.0
658,3.0,12.0,1.0,0.0,1.0,0.0,2313.272,5092.936,73.708,39.421,29.759,9.493,0.0,0.0
659,3.0,12.0,1.0,1.0,7.0,0.0,2024.596,5309.883,-4.57,40.232,37.698,9.701,0.0,0.0
660,4.0,12.0,1.0,0.0,0.0,0.0,2806.59,4928.967,-43.454,38.778,38.708,9.935,0.0,0.0
661,4.0,12.0,1.0,1.0,1.0,0.0,2494.562,4941.383,113.856,37.761,37.289,9.849,0.0,0.0
662,4.0,12.0,1.0,2.0,2.0,0.0,2587.757,4999.949,-11.344,38.356,37.912,9.854,0.0,0.0
663,4.0,12.0,1.0,3.0,4.0,0.0,2655.378,5044.297,-35.63,37.566,37.329,9.752,0.0,0.0
664,4.0,12.0,1.0,4.0,6.0,0.0,2848.425,5156.667,64.988,38.516,38.186,9.835,0.0,0.0
665,4.0,12.0,1.0,5.0,7.0,0.0,2570.489,5179.269,-1.678,37.846,37.263,9.78,0.0,0.0
666,5.0,12.0,1.0,0.0,1.0,0.0,3006.393,4993.398,76.151,38.749,38.584,9.991,0.0,0.0
667,5.0,12.0,1.0,1.0,2.0,0.0,3189.677,5033.566,98.089,38.079,37.69,9.865,0.0,0.0
668,5.0,12.0,1.0,2.0,3.0,0.0,3118.007,5062.604,-11.862,38.449,38.167,9.824,0.0,0.0
669,6.0,12.0,1.0,0.0,1.0,0.0,3763.202,4970.926,59.296,38.43,38.151,9.894,0.0,0.0
670,6.0,12.0,1.0,1.0,2.0,0.0,3943.53,5004.118,115.118,39.174,38.946,9.942,0.0,0.0
671,6.0,12.0,1.0,2.0,3.0,0.0,3953.427,5059.535,124.851,38.446,38.239,9.908,0.0,0.0
672,6.0,12.0,1.0,3.0,4.0,0.0,3641.003,5074.848,81.916,38.56,38.389,9.942,0.0,0.0
673,6.0,12.0,1.0,4.0,5.0,0.0,3936.697,5150.911,132.99,38.738,38.666,9.925,0.0,0.0
674,7.0,12.0,1.0,0.0,1.0,0.0,4449.022,5001.446,128.365,37.502,37.303,9.74,0.0,0.0
675,7.0,12.0,1.0,1.0,2.0,0.0,4618.389,5074.729,92.153,41.412,30.642,9.238,0.0,0.0
676,7.0,12.0,1.0,2.0,3.0,0.0,4240.832,5128.421,-39.81,38.631,38.441,9.958,0.0,0.0
677,7.0,12.0,1.0,3.0,4.0,0.0,4611.313,5157.341,69.575,38.49,38.187,9.907,0.0,0.0
679,8.0,12.0,1.0,1.0,0.0,0.0,4657.566,4941.526,99.284,38.114,37.079,9.22,0.0,0.0
680,8.0,12.0,1.0,2.0,1.0,0.0,4828.155,4971.704,34.19,38.005,37.428,9.455,0.0,0.0
681,8.0,12.0,1.0,3.0,4.0,0.0,5140.498,5054.489,-20.652,39.257,38.805,9.934,0.0,0.0
682,8.0,12.0,1.0,4.0,7.0,0.0,5166.732,5203.476,120.747,38.92,38.736,9.957,0.0,0.0
683,8.0,12.0,1.0,5.0,9.0,0.0,5027.482,5223.733,38.304,37.808,37.581,9.741,0.0,0.0
684,8.0,12.0,1.0,6.0,10.0,0.0,4630.688,5245.907,95.056,38.771,38.395,9.894,0.0,0.0
685,8.0,12.0,1.0,7.0,11.0,0.0,4933.63,5271.472,67.878,38.439,38.369,9.848,0.0,0.0
686,9.0,12.0,1.0,0.0,2.0,0.0,5645.782,5136.659,-23.702,39.033,38.077,9.815,0.0,0.0
687,9.0,12.0,1.0,1.0,3.0,0.0,5616.44,5227.947,-22.049,39.199,38.738,9.994,0.0,0.0
688,9.0,12.0,1.0,2.0,4.0,0.0,5427.664,5232.27,1.6,38.758,38.441,9.898,0.0,0.0
689,9.0,12.0,1.0,3.0,5.0,0.0,5325.685,5264.257,-36.798,39.047,38.614,9.958,0.0,0.0
205,0.0,4.0,1.0,6.0,7.0,0.0,546.737,1849.597,59.154,33.991,33.939,9.212,0.0,0.0
690,0.0,6.0,1.0,0.0,0.0,0.0,433.644,2493.478,-44.695,39.922,39.502,33.781,4.0,
691,0.0,6.0,1.0,0.0,0.0,0.0,250.878,2491.432,72.213,39.946,39.363,33.718,4.0,
692,0.0,7.0,1.0,0.0,0.0,0.0,332.0,2973.297,99.69,39.063,37.811,32.71,4.0,
693,0.0,9.0,1.0,0.0,0.0,0.0,73.649,3767.564,61.455,39.295,38.153,32.895,4.0,
694,0.0,9.0,1.0,0.0,0.0,0.0,80.596,3852.825,118.098,39.482,38.422,33.154,4.0,
695,4.0,0.0,1.0,0.0,0.0,0.0,2430.19,76.864,77.977,38.988,37.671,32.536,4.0,
696,4.0,0.0,1.0,0.0,0.0,0.0,2478.942,190.313,123.89,38.767,37.539,32.376,4.0,
697,6.0,9.0,1.0,0.0,0.0,0.0,3836.262,3889.748,-37.808,39.925,38.158,33.192,4.0,
698,7.0,5.0,1.0,0.0,0.0,0.0,4392.256,2252.07,17.246,38.882,38.43,32.877,4.0,
90,8.0,1.0,1.0,1.0,4.0,0.0,4749.207,642.239,114.703,38.211,37.946,9.916,0.0,0.0
</ResultDatas>,,,,,,,,,,,,,,
<ElementResult>,,,,,,,,,,,,,,
0,0.0,,,,,,,,,,,,,
1,0.0,,,,,,,,,,,,,
2,0.0,,,,,,,,,,,,,
3,0.0,,,,,,,,,,,,,
4,0.0,,,,,,,,,,,,,
5,596.0,,,,,,,,,,,,,
</ElementResult>,,,,,,,,,,,,,,
0,0.0,0.0,1.0,0.0,0.0,0.0,92.308,46.475,22.214,38.561,38.391,9.867,0.0,0.0
1,0.0,0.0,1.0,1.0,2.0,0.0,550.395,63.85,128.7,38.911,38.864,9.972,0.0,0.0
3,0.0,0.0,1.0,3.0,3.0,0.0,371.984,105.593,-43.535,38.297,38.122,9.951,0.0,0.0
4,0.0,0.0,1.0,4.0,5.0,0.0,410.318,168.947,-19.536,38.243,37.884,9.76,0.0,0.0
5,0.0,0.0,1.0,5.0,7.0,0.0,506.23,309.073,124.52,39.272,39.107,9.975,0.0,0.0
6,1.0,0.0,1.0,0.0,4.0,0.0,1082.372,161.795,50.255,38.709,38.38,9.884,0.0,0.0
7,1.0,0.0,1.0,1.0,5.0,0.0,880.152,214.623,-31.303,38.651,38.354,9.873,0.0,0.0
8,1.0,0.0,1.0,2.0,6.0,0.0,1148.38,237.382,-10.543,38.747,38.611,9.919,0.0,0.0
9,1.0,0.0,1.0,3.0,8.0,0.0,731.41,284.191,62.539,38.916,38.767,9.961,0.0,0.0
10,1.0,0.0,1.0,4.0,10.0,0.0,849.649,407.27,37.021,38.968,38.6,9.946,0.0,0.0
11,2.0,0.0,1.0,0.0,0.0,0.0,1684.534,33.374,-18.37,39.015,38.693,9.964,0.0,0.0
12,2.0,0.0,1.0,1.0,2.0,0.0,1196.23,87.974,17.559,38.691,38.634,9.991,0.0,0.0
13,2.0,0.0,1.0,2.0,3.0,0.0,1689.69,109.57,-17.503,39.174,38.762,9.993,0.0,0.0
14,2.0,0.0,1.0,3.0,7.0,0.0,1273.144,285.303,-1.788,38.873,38.35,9.978,0.0,0.0
15,2.0,0.0,1.0,4.0,8.0,0.0,1725.171,321.383,-21.26,39.971,39.187,9.929,0.0,0.0
16,2.0,0.0,1.0,5.0,10.0,0.0,1345.939,383.592,107.664,38.999,38.511,9.938,0.0,0.0
18,3.0,0.0,1.0,0.0,1.0,0.0,2182.024,137.331,108.328,38.982,38.597,9.947,0.0,0.0
19,3.0,0.0,1.0,1.0,3.0,0.0,1754.878,177.751,8.432,38.878,38.418,9.987,0.0,0.0
20,3.0,0.0,1.0,2.0,5.0,0.0,2141.286,223.429,90.839,37.936,36.725,9.096,0.0,0.0
21,3.0,0.0,1.0,3.0,7.0,0.0,1923.149,280.53,-32.107,38.542,38.446,9.947,0.0,0.0
22,3.0,0.0,1.0,4.0,9.0,0.0,1783.174,315.598,-6.292,39.043,38.592,9.954,0.0,0.0
23,4.0,0.0,1.0,0.0,2.0,0.0,2790.994,243.319,45.789,38.217,38.097,9.86,0.0,0.0
24,4.0,0.0,1.0,1.0,5.0,0.0,2711.764,283.212,112.135,38.01,37.879,9.881,0.0,0.0
29,4.0,0.0,1.0,6.0,9.0,0.0,2609.157,411.019,60.683,39.174,38.905,9.936,0.0,0.0
30,5.0,0.0,1.0,0.0,3.0,0.0,3319.215,41.969,-1.456,39.083,38.83,9.99,0.0,0.0
31,5.0,0.0,1.0,1.0,5.0,0.0,3231.145,107.618,115.637,38.706,38.402,9.962,0.0,0.0
32,5.0,0.0,1.0,2.0,6.0,0.0,3124.501,132.568,45.813,37.937,37.793,9.861,0.0,0.0
33,5.0,0.0,1.0,3.0,7.0,0.0,3016.21,175.845,35.891,38.6,38.434,9.877,0.0,0.0
34,5.0,0.0,1.0,4.0,10.0,0.0,3457.855,257.595,27.941,39.028,38.638,9.958,0.0,0.0
35,6.0,0.0,1.0,0.0,1.0,0.0,3619.304,171.265,115.234,38.486,38.348,9.927,0.0,0.0
37,7.0,0.0,1.0,0.0,2.0,0.0,4259.577,68.454,69.308,38.777,38.487,9.982,0.0,0.0
38,7.0,0.0,1.0,1.0,3.0,0.0,4135.475,79.75,46.772,38.383,38.236,9.899,0.0,0.0
39,7.0,0.0,1.0,2.0,4.0,0.0,4484.666,165.08,-14.313,38.589,38.418,9.95,0.0,0.0
40,7.0,0.0,1.0,3.0,8.0,0.0,4537.969,238.43,101.446,38.63,38.551,9.972,0.0,0.0
41,8.0,0.0,1.0,0.0,1.0,0.0,4903.009,90.115,98.499,38.993,38.763,9.97,0.0,0.0
42,8.0,0.0,1.0,1.0,2.0,0.0,5133.489,138.085,34.759,38.755,38.514,9.983,0.0,0.0
43,8.0,0.0,1.0,2.0,3.0,0.0,4689.969,158.893,49.205,38.921,38.833,9.97,0.0,0.0
44,8.0,0.0,1.0,3.0,4.0,0.0,5079.141,166.851,-44.478,39.047,38.685,9.967,0.0,0.0
45,8.0,0.0,1.0,4.0,5.0,0.0,4639.709,191.726,12.244,38.796,38.468,9.907,0.0,0.0
46,8.0,0.0,1.0,5.0,6.0,0.0,4818.504,289.803,-19.967,38.653,38.212,9.932,0.0,0.0
47,8.0,0.0,1.0,6.0,7.0,0.0,4970.689,295.895,116.172,38.558,38.496,9.956,0.0,0.0
48,8.0,0.0,1.0,7.0,10.0,0.0,4735.556,348.444,130.134,39.043,38.912,9.995,0.0,0.0
49,9.0,0.0,1.0,0.0,4.0,0.0,5436.348,112.052,97.58,38.549,38.323,9.932,0.0,0.0
51,0.0,1.0,1.0,0.0,2.0,0.0,510.355,495.98,100.989,38.733,38.524,9.982,0.0,0.0
52,0.0,1.0,1.0,1.0,3.0,0.0,439.907,501.5,116.551,39.294,39.212,9.991,0.0,0.0
53,0.0,1.0,1.0,2.0,4.0,0.0,423.324,577.952,-34.864,39.105,38.852,9.996,0.0,0.0
54,0.0,1.0,1.0,3.0,5.0,0.0,290.6,602.995,29.627,38.63,38.336,9.868,0.0,0.0
55,1.0,1.0,1.0,0.0,3.0,0.0,909.8,544.543,66.929,38.759,38.591,9.994,0.0,0.0
56,2.0,1.0,1.0,0.0,1.0,0.0,1277.366,447.364,49.243,38.672,38.155,9.85,0.0,0.0
57,2.0,1.0,1.0,1.0,2.0,0.0,1549.435,474.684,93.159,38.261,38.154,9.873,0.0,0.0
58,2.0,1.0,1.0,2.0,3.0,0.0,1183.562,521.151,-20.758,38.974,38.707,9.814,0.0,0.0
59,2.0,1.0,1.0,3.0,6.0,0.0,1371.091,560.354,102.87,39.285,38.224,9.865,0.0,0.0
60,2.0,1.0,1.0,4.0,7.0,0.0,1667.203,618.772,3.141,38.791,38.61,9.924,0.0,0.0
61,2.0,1.0,1.0,5.0,8.0,0.0,1527.444,716.077,-6.641,38.864,38.62,9.935,0.0,0.0
62,2.0,1.0,1.0,6.0,9.0,0.0,1692.583,788.911,63.676,39.028,38.918,9.919,0.0,0.0
63,3.0,1.0,1.0,0.0,0.0,0.0,2309.949,456.177,94.917,39.5,37.859,9.916,0.0,0.0
65,3.0,1.0,1.0,2.0,1.0,0.0,2061.298,487.574,-39.646,38.906,37.57,9.881,0.0,0.0
66,3.0,1.0,1.0,3.0,3.0,0.0,1810.157,629.53,88.567,39.066,38.909,9.998,0.0,0.0
67,3.0,1.0,1.0,4.0,4.0,0.0,2255.71,675.708,13.3,38.915,38.846,9.971,0.0,0.0
68,4.0,1.0,1.0,0.0,4.0,0.0,2492.211,470.638,95.279,38.692,38.33,9.951,0.0,0.0
70,4.0,1.0,1.0,2.0,8.0,0.0,2759.487,603.926,69.443,38.574,38.326,9.936,0.0,0.0
71,4.0,1.0,1.0,3.0,10.0,0.0,2549.092,670.545,116.654,39.0,38.869,9.984,0.0,0.0
72,4.0,1.0,1.0,4.0,13.0,0.0,2635.386,803.645,17.205,39.357,38.945,9.965,0.0,0.0
73,5.0,1.0,1.0,0.0,4.0,0.0,3249.889,576.638,-13.419,38.26,37.784,9.825,0.0,0.0
74,5.0,1.0,1.0,1.0,5.0,0.0,3030.79,615.844,27.558,38.787,38.766,9.944,0.0,0.0
75,5.0,1.0,1.0,2.0,6.0,0.0,3295.894,710.606,49.272,38.48,38.428,9.937,0.0,0.0
76,6.0,1.0,1.0,0.0,4.0,0.0,3508.344,550.226,79.632,38.746,38.618,9.996,0.0,0.0
77,6.0,1.0,1.0,1.0,7.0,0.0,3806.028,690.011,47.75,37.883,37.676,9.838,0.0,0.0
78,6.0,1.0,1.0,2.0,8.0,0.0,3502.795,720.48,113.1,38.648,38.545,9.973,0.0,0.0
79,6.0,1.0,1.0,3.0,9.0,0.0,3762.646,745.497,-0.41,38.716,38.46,9.896,0.0,0.0
80,7.0,1.0,1.0,0.0,2.0,0.0,4517.646,464.718,122.906,38.805,38.405,9.976,0.0,0.0
81,7.0,1.0,1.0,1.0,3.0,0.0,4437.549,465.453,-30.137,38.43,38.325,9.917,0.0,0.0
82,7.0,1.0,1.0,2.0,4.0,0.0,4272.48,466.146,16.615,38.55,38.454,9.949,0.0,0.0
83,7.0,1.0,1.0,3.0,7.0,0.0,4477.193,538.571,-17.055,4.596,3.411,3.301,0.0,0.0
84,7.0,1.0,1.0,4.0,7.0,0.0,4474.492,550.736,115.164,38.632,37.819,9.312,0.0,0.0
85,7.0,1.0,1.0,5.0,8.0,0.0,4171.714,622.188,-29.629,38.429,38.278,9.911,0.0,0.0
86,7.0,1.0,1.0,6.0,10.0,0.0,4571.222,648.627,-1.763,38.983,38.904,9.987,0.0,0.0
87,7.0,1.0,1.0,7.0,11.0,0.0,4437.613,708.021,124.851,38.584,38.288,9.932,0.0,0.0
88,7.0,1.0,1.0,8.0,12.0,0.0,4603.108,714.69,-39.477,39.329,39.213,9.995,0.0,0.0
89,8.0,1.0,1.0,0.0,0.0,0.0,4647.184,465.082,-13.88,39.41,39.073,9.988,0.0,0.0
90,8.0,1.0,1.0,1.0,1.0,0.0,4989.88,510.044,17.227,38.833,38.684,9.939,0.0,0.0
92,8.0,1.0,1.0,3.0,3.0,0.0,4742.478,591.472,62.346,38.86,38.55,9.925,0.0,0.0
93,8.0,1.0,1.0,4.0,4.0,0.0,5002.509,595.956,108.221,38.377,37.032,9.241,0.0,0.0
94,8.0,1.0,1.0,5.0,5.0,0.0,4634.065,623.79,-43.016,38.728,38.481,9.976,0.0,0.0
96,8.0,1.0,1.0,7.0,7.0,0.0,5035.3,671.246,115.042,37.907,36.342,9.766,0.0,0.0
99,8.0,1.0,1.0,10.0,8.0,0.0,4981.055,688.512,-28.602,38.685,36.41,9.881,0.0,0.0
100,9.0,1.0,1.0,0.0,0.0,0.0,5606.609,566.88,-5.846,38.522,38.335,9.93,0.0,0.0
101,9.0,1.0,1.0,1.0,1.0,0.0,5512.691,643.565,-31.527,38.279,37.655,9.663,0.0,0.0
102,9.0,1.0,1.0,2.0,2.0,0.0,5337.737,652.821,108.343,38.713,38.463,9.895,0.0,0.0
103,9.0,1.0,1.0,3.0,4.0,0.0,5738.931,733.597,115.854,38.715,38.408,9.964,0.0,0.0
104,0.0,2.0,1.0,0.0,3.0,0.0,411.198,945.657,129.306,39.062,38.809,9.985,0.0,0.0
105,1.0,2.0,1.0,0.0,0.0,0.0,600.101,847.004,113.139,38.762,38.532,9.911,0.0,0.0
106,1.0,2.0,1.0,1.0,2.0,0.0,827.873,879.452,-14.867,39.008,38.84,9.982,0.0,0.0
107,1.0,2.0,1.0,2.0,3.0,0.0,655.059,915.401,-32.82,38.718,38.038,9.766,0.0,0.0
108,1.0,2.0,1.0,3.0,4.0,0.0,879.764,951.448,71.745,38.753,38.569,9.914,0.0,0.0
109,1.0,2.0,1.0,4.0,5.0,0.0,703.399,972.741,95.165,38.944,38.784,9.966,0.0,0.0
110,2.0,2.0,1.0,0.0,0.0,0.0,1255.027,845.321,24.277,38.373,38.226,9.897,0.0,0.0
111,2.0,2.0,1.0,1.0,2.0,0.0,1467.605,909.865,106.242,38.554,38.415,9.944,0.0,0.0
112,2.0,2.0,1.0,2.0,4.0,0.0,1245.839,987.514,2.539,39.036,38.648,9.961,0.0,0.0
113,3.0,2.0,1.0,0.0,4.0,0.0,1878.233,1061.06,-41.942,38.762,38.204,9.944,0.0,0.0
114,3.0,2.0,1.0,1.0,6.0,0.0,1977.148,1115.373,39.766,38.493,38.292,9.921,0.0,0.0
115,3.0,2.0,1.0,2.0,7.0,0.0,2023.708,1141.505,-3.317,38.876,38.521,9.924,0.0,0.0
116,3.0,2.0,1.0,3.0,8.0,0.0,2035.497,1234.998,-5.466,42.404,27.694,8.682,0.0,0.0
118,4.0,2.0,1.0,1.0,2.0,0.0,2802.681,938.448,-5.713,38.356,37.606,9.128,0.0,0.0
119,4.0,2.0,1.0,2.0,4.0,0.0,2851.99,1026.248,129.102,43.354,36.142,9.453,0.0,0.0
120,4.0,2.0,1.0,3.0,5.0,0.0,2621.7,1091.406,42.519,37.874,37.393,9.799,0.0,0.0
121,4.0,2.0,1.0,4.0,8.0,0.0,2706.009,1202.773,16.048,39.295,39.214,9.991,0.0,0.0
122,4.0,2.0,1.0,5.0,9.0,0.0,2402.183,1232.511,-2.575,40.133,34.091,9.495,0.0,0.0
123,5.0,2.0,1.0,0.0,0.0,0.0,3371.772,927.558,105.337,38.45,38.327,9.92,0.0,0.0
124,5.0,2.0,1.0,1.0,3.0,0.0,3371.652,1039.457,12.177,38.439,38.312,9.916,0.0,0.0
126,5.0,2.0,1.0,3.0,5.0,0.0,3108.307,1049.343,61.586,38.783,38.6,9.998,0.0,0.0
127,5.0,2.0,1.0,4.0,7.0,0.0,3341.823,1110.821,79.267,38.947,38.811,9.97,0.0,0.0
128,5.0,2.0,1.0,5.0,9.0,0.0,3082.965,1220.807,3.435,38.971,38.696,9.959,0.0,0.0
129,6.0,2.0,1.0,0.0,0.0,0.0,3765.454,921.091,57.401,38.957,38.651,9.951,0.0,0.0
130,7.0,2.0,1.0,0.0,0.0,0.0,4494.221,906.425,54.109,38.686,38.578,9.983,0.0,0.0
131,7.0,2.0,1.0,1.0,1.0,0.0,4468.611,970.475,17.44,38.017,37.916,9.887,0.0,0.0
132,8.0,2.0,1.0,0.0,0.0,0.0,4785.856,862.578,127.605,38.542,37.905,9.444,0.0,0.0
134,9.0,2.0,1.0,1.0,2.0,0.0,5684.711,926.301,-26.299,38.707,38.364,9.958,0.0,0.0
135,9.0,2.0,1.0,2.0,3.0,0.0,5481.074,971.779,22.529,38.635,38.571,9.975,0.0,0.0
136,9.0,2.0,1.0,3.0,4.0,0.0,5395.185,1002.712,122.424,38.528,38.309,9.928,0.0,0.0
137,9.0,2.0,1.0,4.0,5.0,0.0,5661.291,1002.672,16.634,39.028,38.784,9.977,0.0,0.0
138,9.0,2.0,1.0,5.0,6.0,0.0,5286.049,1016.313,22.522,38.773,38.479,9.831,0.0,0.0
139,9.0,2.0,1.0,6.0,9.0,0.0,5238.643,1089.673,-39.354,39.104,38.792,9.987,0.0,0.0
140,9.0,2.0,1.0,7.0,10.0,0.0,5204.593,1123.676,126.879,38.62,38.533,9.893,0.0,0.0
141,9.0,2.0,1.0,8.0,11.0,0.0,5594.545,1158.97,-8.523,38.662,38.624,9.986,0.0,0.0
142,0.0,3.0,1.0,0.0,2.0,0.0,248.454,1385.86,106.075,38.187,37.895,9.906,0.0,0.0
143,0.0,3.0,1.0,1.0,4.0,0.0,258.02,1470.859,67.751,38.347,38.119,9.88,0.0,0.0
144,0.0,3.0,1.0,2.0,6.0,0.0,431.201,1567.651,119.512,39.273,38.978,9.958,0.0,0.0
145,1.0,3.0,1.0,0.0,1.0,0.0,1156.806,1382.288,66.601,39.164,38.809,9.998,0.0,0.0
146,1.0,3.0,1.0,1.0,2.0,0.0,713.751,1392.675,14.968,38.962,38.761,9.966,0.0,0.0
147,1.0,3.0,1.0,2.0,4.0,0.0,902.191,1469.577,41.61,37.886,37.351,9.296,0.0,0.0
148,1.0,3.0,1.0,3.0,6.0,0.0,1094.533,1490.19,131.851,39.005,38.887,9.987,0.0,0.0
149,2.0,3.0,1.0,0.0,1.0,0.0,1733.289,1404.851,95.223,39.034,38.529,9.945,0.0,0.0
150,2.0,3.0,1.0,1.0,2.0,0.0,1667.605,1442.246,9.567,38.812,38.385,9.974,0.0,0.0
151,2.0,3.0,1.0,2.0,3.0,0.0,1251.866,1466.446,118.337,34.03,33.082,8.66,0.0,0.0
152,2.0,3.0,1.0,3.0,5.0,0.0,1430.323,1481.693,-11.965,38.715,38.627,9.993,0.0,0.0
153,3.0,3.0,1.0,0.0,1.0,0.0,2232.897,1342.584,68.875,38.41,38.161,9.893,0.0,0.0
154,3.0,3.0,1.0,1.0,3.0,0.0,1864.821,1406.744,-35.501,38.82,38.768,9.948,0.0,0.0
155,3.0,3.0,1.0,2.0,7.0,0.0,2033.863,1641.958,-3.59,40.973,31.821,9.302,0.0,0.0
156,3.0,3.0,1.0,3.0,8.0,0.0,2172.981,1644.085,-5.365,41.938,26.99,8.847,0.0,0.0
157,4.0,3.0,1.0,0.0,2.0,0.0,2857.203,1278.398,129.283,38.6,38.471,9.958,0.0,0.0
158,4.0,3.0,1.0,1.0,3.0,0.0,2394.467,1316.401,132.494,38.531,37.011,9.253,0.0,0.0
159,4.0,3.0,1.0,2.0,4.0,0.0,2760.811,1370.171,19.216,38.81,38.486,9.911,0.0,0.0
160,4.0,3.0,1.0,3.0,5.0,0.0,2575.422,1412.038,-23.244,38.635,37.904,9.889,0.0,0.0
161,4.0,3.0,1.0,4.0,6.0,0.0,2643.345,1571.916,-36.195,38.459,38.075,9.889,0.0,0.0
162,5.0,3.0,1.0,0.0,2.0,0.0,3316.637,1298.878,-35.641,39.028,38.655,9.96,0.0,0.0
163,5.0,3.0,1.0,1.0,7.0,0.0,3446.923,1512.692,47.978,39.181,38.682,9.984,0.0,0.0
164,5.0,3.0,1.0,2.0,8.0,0.0,3140.994,1596.507,-0.726,39.034,38.915,9.92,0.0,0.0
165,5.0,3.0,1.0,3.0,10.0,0.0,3069.469,1624.248,1.93,38.676,38.578,9.905,0.0,0.0
166,6.0,3.0,1.0,0.0,1.0,0.0,3737.764,1367.547,48.529,38.444,38.368,9.924,0.0,0.0
167,6.0,3.0,1.0,1.0,2.0,0.0,3962.237,1380.267,-37.343,38.736,38.634,9.996,0.0,0.0
168,6.0,3.0,1.0,2.0,3.0,0.0,3482.625,1388.37,14.713,38.531,38.335,9.931,0.0,0.0
169,6.0,3.0,1.0,3.0,4.0,0.0,3594.014,1396.824,53.442,38.963,38.857,9.978,0.0,0.0
170,6.0,3.0,1.0,4.0,7.0,0.0,3539.452,1517.565,106.415,38.46,38.227,9.908,0.0,0.0
171,6.0,3.0,1.0,5.0,8.0,0.0,3920.341,1645.248,-3.988,41.307,26.849,9.471,0.0,0.0
172,7.0,3.0,1.0,0.0,0.0,0.0,4222.905,1354.557,31.553,38.438,38.261,9.91,0.0,0.0
173,7.0,3.0,1.0,1.0,1.0,0.0,4441.242,1382.797,95.547,35.378,35.183,9.41,0.0,0.0
174,7.0,3.0,1.0,2.0,2.0,0.0,4469.871,1411.624,32.011,38.656,38.501,9.893,0.0,0.0
175,8.0,3.0,1.0,0.0,0.0,0.0,4885.996,1304.116,77.366,38.385,38.306,9.908,0.0,0.0
176,8.0,3.0,1.0,1.0,4.0,0.0,4955.925,1536.933,124.166,39.073,38.405,9.935,0.0,0.0
177,9.0,3.0,1.0,0.0,0.0,0.0,5205.134,1372.664,5.787,38.713,38.489,9.899,0.0,0.0
178,9.0,3.0,1.0,1.0,1.0,0.0,5716.632,1537.175,-33.073,39.37,39.087,9.984,0.0,0.0
179,9.0,3.0,1.0,2.0,2.0,0.0,5495.952,1576.093,4.352,38.354,38.128,9.882,0.0,0.0
180,0.0,4.0,1.0,0.0,3.0,0.0,352.288,1798.799,-1.352,37.972,37.834,9.871,0.0,0.0
181,0.0,4.0,1.0,1.0,6.0,0.0,418.383,1939.925,9.014,38.648,38.393,9.954,0.0,0.0
182,0.0,4.0,1.0,2.0,7.0,0.0,540.963,1958.361,23.809,39.395,39.01,9.978,0.0,0.0
183,0.0,4.0,1.0,3.0,8.0,0.0,81.958,1985.155,99.432,38.473,38.327,9.923,0.0,0.0
184,1.0,4.0,1.0,0.0,2.0,0.0,1049.353,1808.426,28.006,39.242,39.134,9.974,0.0,0.0
185,1.0,4.0,1.0,1.0,5.0,0.0,827.236,1935.799,16.01,38.659,38.392,9.955,0.0,0.0
186,1.0,4.0,1.0,2.0,6.0,0.0,723.293,1977.733,68.084,38.509,38.284,9.847,0.0,0.0
187,2.0,4.0,1.0,0.0,1.0,0.0,1631.206,1855.021,130.498,38.724,38.454,9.896,0.0,0.0
188,2.0,4.0,1.0,1.0,2.0,0.0,1734.575,1892.955,88.155,40.045,37.237,9.83,0.0,0.0
189,2.0,4.0,1.0,2.0,3.0,0.0,1499.39,1970.203,119.554,39.07,38.858,9.992,0.0,0.0
190,2.0,4.0,1.0,3.0,4.0,0.0,1383.387,1983.797,28.401,38.631,38.336,9.944,0.0,0.0
191,2.0,4.0,1.0,4.0,5.0,0.0,1597.708,2024.165,75.308,39.42,38.91,9.969,0.0,0.0
192,3.0,4.0,1.0,0.0,2.0,0.0,2011.416,1733.972,-1.087,39.023,38.703,9.966,0.0,0.0
193,3.0,4.0,1.0,1.0,3.0,0.0,2129.987,1756.984,-44.983,38.337,38.089,9.874,0.0,0.0
194,3.0,4.0,1.0,2.0,5.0,0.0,1895.869,1895.332,111.762,38.716,38.586,9.912,0.0,0.0
195,3.0,4.0,1.0,3.0,6.0,0.0,2217.809,1926.465,128.962,38.925,38.705,9.954,0.0,0.0
196,4.0,4.0,1.0,0.0,0.0,0.0,2577.936,1692.86,98.037,38.966,38.629,9.949,0.0,0.0
197,4.0,4.0,1.0,1.0,1.0,0.0,2652.624,1696.903,108.672,38.585,38.426,9.95,0.0,0.0
198,4.0,4.0,1.0,2.0,2.0,0.0,2890.911,1731.879,91.242,43.391,29.485,9.223,0.0,0.0
199,4.0,4.0,1.0,3.0,3.0,0.0,2634.154,1785.738,127.873,38.428,38.211,9.902,0.0,0.0
200,4.0,4.0,1.0,4.0,4.0,0.0,2394.101,1892.133,-44.702,38.814,38.657,9.933,0.0,0.0
201,4.0,4.0,1.0,5.0,5.0,0.0,2888.978,1943.936,93.278,41.272,33.614,9.501,0.0,0.0
202,5.0,4.0,1.0,0.0,1.0,0.0,2976.218,1722.897,-37.079,38.593,38.115,9.836,0.0,0.0
203,5.0,4.0,1.0,1.0,3.0,0.0,3426.74,1823.765,49.674,39.009,38.965,9.998,0.0,0.0
204,5.0,4.0,1.0,2.0,4.0,0.0,3197.066,1830.307,80.58,37.324,36.184,9.819,0.0,0.0
205,5.0,4.0,1.0,3.0,5.0,0.0,3251.091,1939.54,-42.047,37.807,37.594,9.818,0.0,0.0
206,5.0,4.0,1.0,4.0,7.0,0.0,2964.819,1984.07,110.429,39.26,39.075,9.969,0.0,0.0
207,6.0,4.0,1.0,0.0,1.0,0.0,3834.925,1660.797,108.013,38.701,38.414,9.888,0.0,0.0
208,6.0,4.0,1.0,1.0,2.0,0.0,3623.799,1749.822,45.783,39.061,38.928,10.0,0.0,0.0
209,6.0,4.0,1.0,2.0,3.0,0.0,3897.027,1791.492,-7.197,38.391,38.313,9.91,0.0,0.0
210,6.0,4.0,1.0,3.0,4.0,0.0,3780.494,1802.285,124.447,38.25,38.02,9.707,0.0,0.0
211,6.0,4.0,1.0,4.0,5.0,0.0,3622.915,1861.66,109.86,38.831,38.687,9.939,0.0,0.0
212,6.0,4.0,1.0,5.0,6.0,0.0,3604.532,1975.338,-44.021,38.523,38.398,9.863,0.0,0.0
213,7.0,4.0,1.0,0.0,0.0,0.0,4363.787,1795.984,112.52,38.432,38.053,9.882,0.0,0.0
214,8.0,4.0,1.0,0.0,2.0,0.0,4816.708,1759.298,18.668,38.742,38.632,9.921,0.0,0.0
216,8.0,4.0,1.0,2.0,5.0,0.0,5098.686,1816.229,-1.645,38.914,38.863,9.973,0.0,0.0
217,8.0,4.0,1.0,3.0,6.0,0.0,4943.102,1899.921,12.839,38.091,37.809,9.807,0.0,0.0
218,9.0,4.0,1.0,0.0,1.0,0.0,5667.225,1674.167,130.158,39.468,39.06,9.993,0.0,0.0
219,9.0,4.0,1.0,1.0,4.0,0.0,5556.95,1786.712,4.049,38.67,38.463,9.966,0.0,0.0
220,9.0,4.0,1.0,2.0,7.0,0.0,5612.908,1945.06,97.872,38.527,38.432,9.943,0.0,0.0
221,0.0,5.0,1.0,0.0,2.0,0.0,306.163,2065.486,51.066,38.09,37.958,9.902,0.0,0.0
222,0.0,5.0,1.0,1.0,3.0,0.0,291.468,2189.347,131.457,38.048,37.972,9.822,0.0,0.0
223,0.0,5.0,1.0,2.0,4.0,0.0,132.02,2211.113,98.728,37.889,37.598,9.829,0.0,0.0
224,0.0,5.0,1.0,3.0,5.0,0.0,66.559,2236.952,56.315,38.326,38.127,9.878,0.0,0.0
225,0.0,5.0,1.0,4.0,6.0,0.0,274.623,2314.278,-8.629,38.285,38.159,9.877,0.0,0.0
226,0.0,5.0,1.0,5.0,7.0,0.0,211.403,2401.146,20.28,38.955,38.924,9.986,0.0,0.0
227,0.0,5.0,1.0,6.0,8.0,0.0,537.27,2420.031,123.85,39.055,38.66,9.964,0.0,0.0
228,0.0,5.0,1.0,7.0,9.0,0.0,137.697,2458.143,-0.981,42.593,29.904,8.816,0.0,0.0
229,0.0,5.0,1.0,8.0,10.0,0.0,351.169,2460.059,-4.079,41.217,28.565,9.43,0.0,0.0
230,1.0,5.0,1.0,0.0,0.0,0.0,1085.095,2121.68,45.992,38.728,38.671,9.924,0.0,0.0
231,1.0,5.0,1.0,1.0,1.0,0.0,1159.682,2163.408,91.07,39.239,35.394,9.63,0.0,0.0
232,1.0,5.0,1.0,2.0,2.0,0.0,861.332,2242.666,-31.873,38.232,37.935,9.841,0.0,0.0
233,1.0,5.0,1.0,3.0,4.0,0.0,797.351,2284.37,62.022,38.478,38.143,9.9,0.0,0.0
234,1.0,5.0,1.0,4.0,6.0,0.0,953.895,2380.926,71.608,38.422,38.225,9.903,0.0,0.0
235,2.0,5.0,1.0,0.0,2.0,0.0,1292.935,2103.704,65.209,38.495,38.319,9.849,0.0,0.0
236,2.0,5.0,1.0,1.0,4.0,0.0,1185.199,2271.401,-21.694,38.748,38.533,9.909,0.0,0.0
237,2.0,5.0,1.0,2.0,5.0,0.0,1585.23,2279.363,75.633,38.07,38.009,9.83,0.0,0.0
238,2.0,5.0,1.0,3.0,6.0,0.0,1696.044,2297.217,-39.533,38.837,38.508,9.917,0.0,0.0
239,2.0,5.0,1.0,4.0,7.0,0.0,1302.325,2322.568,117.093,38.332,38.165,9.884,0.0,0.0
240,2.0,5.0,1.0,5.0,8.0,0.0,1353.753,2336.784,22.76,38.67,38.597,9.907,0.0,0.0
241,2.0,5.0,1.0,6.0,9.0,0.0,1323.242,2399.708,-23.527,39.096,39.037,9.659,0.0,0.0
242,2.0,5.0,1.0,7.0,10.0,0.0,1354.556,2453.65,3.988,39.119,38.157,9.834,0.0,0.0
243,3.0,5.0,1.0,0.0,0.0,0.0,2308.775,2077.066,104.861,38.934,38.568,9.937,0.0,0.0
244,3.0,5.0,1.0,1.0,1.0,0.0,1846.053,2128.745,85.804,38.956,38.736,9.962,0.0,0.0
245,3.0,5.0,1.0,2.0,2.0,0.0,2263.97,2128.515,-27.207,38.902,38.41,9.989,0.0,0.0
246,3.0,5.0,1.0,3.0,3.0,0.0,1777.423,2232.175,65.208,38.391,38.209,9.897,0.0,0.0
247,3.0,5.0,1.0,4.0,5.0,0.0,2197.544,2279.363,-4.831,38.602,38.318,9.938,0.0,0.0
248,3.0,5.0,1.0,5.0,6.0,0.0,2297.709,2307.037,133.317,39.802,39.338,9.925,0.0,0.0
249,4.0,5.0,1.0,0.0,1.0,0.0,2586.789,2219.337,59.934,38.406,38.278,9.832,0.0,0.0
250,4.0,5.0,1.0,1.0,2.0,0.0,2364.519,2225.145,-32.35,38.538,38.298,9.928,0.0,0.0
251,4.0,5.0,1.0,2.0,3.0,0.0,2457.257,2249.085,28.865,38.413,38.242,9.904,0.0,0.0
252,4.0,5.0,1.0,3.0,4.0,0.0,2879.941,2252.672,-40.242,37.985,37.939,9.886,0.0,0.0
253,4.0,5.0,1.0,4.0,8.0,0.0,2870.139,2400.66,21.018,34.777,34.617,9.492,0.0,0.0
254,4.0,5.0,1.0,5.0,9.0,0.0,2392.587,2434.193,120.356,38.516,38.325,9.852,0.0,0.0
255,5.0,5.0,1.0,0.0,0.0,0.0,3358.178,2068.708,-18.8,39.057,38.806,9.984,0.0,0.0
256,5.0,5.0,1.0,1.0,1.0,0.0,3265.418,2093.357,-22.802,38.638,38.213,9.929,0.0,0.0
257,5.0,5.0,1.0,2.0,2.0,0.0,3410.751,2137.675,15.414,38.864,38.649,9.939,0.0,0.0
259,5.0,5.0,1.0,4.0,5.0,0.0,2983.244,2273.291,10.537,38.528,38.37,9.86,0.0,0.0
260,6.0,5.0,1.0,0.0,1.0,0.0,3877.564,2088.855,93.796,39.109,38.78,9.987,0.0,0.0
261,6.0,5.0,1.0,1.0,3.0,0.0,3809.442,2152.635,-29.378,38.388,38.267,9.904,0.0,0.0
262,6.0,5.0,1.0,2.0,6.0,0.0,3856.238,2208.183,80.93,38.784,38.411,9.973,0.0,0.0
263,6.0,5.0,1.0,3.0,7.0,0.0,3552.073,2257.68,123.399,39.243,39.074,9.967,0.0,0.0
265,6.0,5.0,1.0,5.0,12.0,0.0,3821.047,2405.306,5.112,38.54,38.446,9.947,0.0,0.0
266,7.0,5.0,1.0,0.0,2.0,0.0,4146.226,2081.426,88.562,38.442,38.373,9.925,0.0,0.0
267,7.0,5.0,1.0,1.0,3.0,0.0,4227.636,2111.263,15.487,38.518,38.404,9.939,0.0,0.0
268,7.0,5.0,1.0,2.0,5.0,0.0,4139.128,2213.427,131.143,38.395,37.903,9.858,0.0,0.0
269,7.0,5.0,1.0,3.0,6.0,0.0,4212.873,2216.487,2.002,38.364,38.058,9.874,0.0,0.0
270,7.0,5.0,1.0,4.0,7.0,0.0,4258.471,2287.92,43.077,38.745,38.56,9.912,0.0,0.0
271,7.0,5.0,1.0,5.0,9.0,0.0,4309.113,2322.713,-35.976,38.864,38.693,9.944,0.0,0.0
272,7.0,5.0,1.0,6.0,10.0,0.0,4580.572,2380.82,5.553,39.377,39.097,9.987,0.0,0.0
273,7.0,5.0,1.0,7.0,12.0,0.0,4395.166,2441.172,130.734,39.172,38.93,9.939,0.0,0.0
274,8.0,5.0,1.0,0.0,0.0,0.0,5000.87,2143.302,49.043,38.591,38.407,9.948,0.0,0.0
275,8.0,5.0,1.0,1.0,1.0,0.0,4844.646,2168.016,29.025,39.038,38.975,9.928,0.0,0.0
276,8.0,5.0,1.0,2.0,2.0,0.0,4866.698,2219.225,98.123,38.742,38.315,9.88,0.0,0.0
277,8.0,5.0,1.0,3.0,4.0,0.0,5071.918,2303.799,104.836,38.554,38.374,9.939,0.0,0.0
278,8.0,5.0,1.0,4.0,5.0,0.0,4802.038,2315.271,-40.203,38.4,38.358,9.917,0.0,0.0
279,8.0,5.0,1.0,5.0,6.0,0.0,4637.64,2321.639,17.853,38.781,38.366,9.968,0.0,0.0
281,8.0,5.0,1.0,7.0,9.0,0.0,4743.668,2449.895,117.382,39.182,38.965,9.945,0.0,0.0
282,9.0,5.0,1.0,0.0,0.0,0.0,5364.252,2079.001,-27.471,38.736,38.63,9.996,0.0,0.0
283,9.0,5.0,1.0,1.0,1.0,0.0,5555.219,2087.122,114.309,38.555,38.327,9.933,0.0,0.0
284,9.0,5.0,1.0,2.0,2.0,0.0,5680.058,2101.147,33.933,38.547,38.454,9.949,0.0,0.0
285,9.0,5.0,1.0,3.0,3.0,0.0,5301.183,2173.054,98.436,38.507,38.375,9.933,0.0,0.0
286,9.0,5.0,1.0,4.0,4.0,0.0,5377.012,2188.665,6.646,38.205,38.068,9.855,0.0,0.0
287,9.0,5.0,1.0,5.0,5.0,0.0,5585.516,2229.944,9.015,38.885,38.672,9.944,0.0,0.0
288,9.0,5.0,1.0,6.0,6.0,0.0,5652.337,2235.633,-0.114,38.311,37.943,9.852,0.0,0.0
289,9.0,5.0,1.0,7.0,7.0,0.0,5218.715,2244.573,0.605,39.886,36.231,9.916,0.0,0.0
290,9.0,5.0,1.0,8.0,9.0,0.0,5455.31,2336.829,80.974,39.027,38.784,9.977,0.0,0.0
291,9.0,5.0,1.0,9.0,10.0,0.0,5503.223,2366.684,-8.684,38.335,38.251,9.895,0.0,0.0
292,9.0,5.0,1.0,10.0,11.0,0.0,5611.642,2385.237,5.733,38.701,38.574,9.984,0.0,0.0
293,9.0,5.0,1.0,11.0,13.0,0.0,5531.687,2452.838,9.896,38.767,38.71,9.934,0.0,0.0
294,0.0,6.0,1.0,0.0,2.0,0.0,58.996,2591.243,-13.787,38.559,38.365,9.939,0.0,0.0
295,0.0,6.0,1.0,1.0,4.0,0.0,553.165,2642.783,66.523,38.623,38.474,9.885,0.0,0.0
296,0.0,6.0,1.0,2.0,6.0,0.0,531.329,2771.186,118.889,39.758,39.385,9.997,0.0,0.0
297,1.0,6.0,1.0,0.0,1.0,0.0,915.979,2551.741,59.929,38.552,38.276,9.926,0.0,0.0
298,1.0,6.0,1.0,1.0,2.0,0.0,809.524,2552.18,86.239,38.488,38.152,9.902,0.0,0.0
299,1.0,6.0,1.0,2.0,3.0,0.0,985.778,2597.34,-6.264,38.778,38.58,9.919,0.0,0.0
300,1.0,6.0,1.0,3.0,4.0,0.0,602.112,2615.09,2.488,38.805,38.428,9.903,0.0,0.0
301,2.0,6.0,1.0,0.0,1.0,0.0,1679.19,2470.025,109.133,39.029,38.78,9.977,0.0,0.0
302,2.0,6.0,1.0,1.0,4.0,0.0,1233.148,2614.153,60.927,38.468,38.234,9.91,0.0,0.0
304,2.0,6.0,1.0,3.0,6.0,0.0,1637.824,2658.112,77.114,38.704,38.549,9.981,0.0,0.0
305,2.0,6.0,1.0,4.0,7.0,0.0,1175.942,2704.787,-28.936,38.907,38.843,9.969,0.0,0.0
306,2.0,6.0,1.0,5.0,9.0,0.0,1418.508,2869.455,-3.161,41.058,25.234,9.243,0.0,0.0
307,3.0,6.0,1.0,0.0,0.0,0.0,1846.889,2522.97,98.319,38.887,38.707,9.949,0.0,0.0
308,3.0,6.0,1.0,1.0,1.0,0.0,2141.304,2528.018,58.223,38.699,38.471,9.97,0.0,0.0
309,3.0,6.0,1.0,2.0,2.0,0.0,2022.976,2562.279,108.151,38.694,37.714,9.573,0.0,0.0
310,3.0,6.0,1.0,3.0,3.0,0.0,2229.948,2618.335,39.489,37.888,37.686,9.84,0.0,0.0
311,3.0,6.0,1.0,4.0,9.0,0.0,1921.882,2791.764,100.752,38.956,38.893,9.982,0.0,0.0
312,3.0,6.0,1.0,5.0,11.0,0.0,2104.37,2832.185,-35.228,38.719,38.661,9.998,0.0,0.0
313,3.0,6.0,1.0,6.0,12.0,0.0,1981.625,2846.14,34.61,38.748,38.497,9.904,0.0,0.0
314,4.0,6.0,1.0,0.0,1.0,0.0,2889.814,2521.666,89.743,41.232,31.747,9.309,0.0,0.0
315,4.0,6.0,1.0,1.0,2.0,0.0,2617.721,2598.391,130.469,38.873,38.282,9.968,0.0,0.0
316,4.0,6.0,1.0,2.0,3.0,0.0,2712.429,2642.409,73.568,38.272,36.849,9.409,0.0,0.0
317,4.0,6.0,1.0,3.0,5.0,0.0,2510.502,2702.976,-8.97,39.245,38.279,9.72,0.0,0.0
321,4.0,6.0,1.0,7.0,7.0,0.0,2440.813,2718.779,-32.676,38.681,38.479,9.894,0.0,0.0
322,5.0,6.0,1.0,0.0,4.0,0.0,3351.241,2602.59,-38.14,38.703,38.651,9.918,0.0,0.0
323,5.0,6.0,1.0,1.0,7.0,0.0,3114.166,2777.491,-15.997,38.722,38.607,9.991,0.0,0.0
324,6.0,6.0,1.0,0.0,1.0,0.0,4025.755,2599.914,126.043,38.808,38.475,9.985,0.0,0.0
325,6.0,6.0,1.0,1.0,2.0,0.0,3786.215,2829.128,103.209,39.184,38.865,9.933,0.0,0.0
326,7.0,6.0,1.0,0.0,2.0,0.0,4449.381,2541.038,94.211,38.602,38.552,9.893,0.0,0.0
327,7.0,6.0,1.0,1.0,7.0,0.0,4232.671,2644.446,126.043,38.147,38.129,9.855,0.0,0.0
328,7.0,6.0,1.0,2.0,8.0,0.0,4616.19,2703.214,91.849,40.455,34.83,9.554,0.0,0.0
329,7.0,6.0,1.0,3.0,12.0,0.0,4359.816,2763.185,22.019,38.738,38.512,9.905,0.0,0.0
330,8.0,6.0,1.0,0.0,1.0,0.0,4871.518,2504.201,122.046,38.723,38.644,9.996,0.0,0.0
331,8.0,6.0,1.0,1.0,3.0,0.0,4723.521,2554.446,21.59,38.848,38.473,9.914,0.0,0.0
332,8.0,6.0,1.0,2.0,4.0,0.0,4963.292,2557.073,2.698,38.525,38.483,9.874,0.0,0.0
333,8.0,6.0,1.0,3.0,6.0,0.0,5066.85,2627.766,101.026,38.221,37.809,9.899,0.0,0.0
334,8.0,6.0,1.0,4.0,8.0,0.0,5109.846,2732.381,-21.976,38.791,38.665,9.931,0.0,0.0
335,8.0,6.0,1.0,5.0,10.0,0.0,4861.849,2797.334,34.003,39.475,38.999,9.986,0.0,0.0
336,8.0,6.0,1.0,6.0,11.0,0.0,4683.578,2797.482,29.983,39.264,39.119,9.975,0.0,0.0
337,9.0,6.0,1.0,0.0,2.0,0.0,5443.507,2498.622,-27.085,38.512,38.288,9.923,0.0,0.0
338,9.0,6.0,1.0,1.0,5.0,0.0,5473.335,2568.549,68.642,35.338,31.275,9.046,0.0,0.0
339,9.0,6.0,1.0,2.0,6.0,0.0,5240.321,2615.94,-18.574,38.324,38.012,9.863,0.0,0.0
341,9.0,6.0,1.0,4.0,8.0,0.0,5602.933,2688.995,46.41,37.571,37.473,9.771,0.0,0.0
342,9.0,6.0,1.0,5.0,9.0,0.0,5372.119,2712.896,-5.085,38.675,38.41,9.96,0.0,0.0
343,9.0,6.0,1.0,6.0,10.0,0.0,5225.204,2771.299,-35.07,38.972,38.671,9.955,0.0,0.0
344,9.0,6.0,1.0,7.0,11.0,0.0,5392.678,2827.557,82.87,38.69,38.481,9.97,0.0,0.0
345,9.0,6.0,1.0,8.0,12.0,0.0,5610.94,2863.188,-5.716,40.368,36.716,9.732,0.0,0.0
346,0.0,7.0,1.0,0.0,0.0,0.0,244.66,2898.588,80.386,38.281,38.079,9.866,0.0,0.0
347,0.0,7.0,1.0,1.0,1.0,0.0,542.846,2917.151,-33.984,39.345,39.115,9.985,0.0,0.0
348,0.0,7.0,1.0,2.0,4.0,0.0,87.968,2988.963,-28.099,38.558,38.382,9.865,0.0,0.0
349,0.0,7.0,1.0,3.0,5.0,0.0,318.719,3017.551,121.429,38.196,37.957,9.839,0.0,0.0
350,0.0,7.0,1.0,4.0,6.0,0.0,241.31,3020.125,95.66,38.876,38.621,9.937,0.0,0.0
351,0.0,7.0,1.0,5.0,8.0,0.0,177.375,3071.503,116.702,38.487,38.436,9.863,0.0,0.0
352,0.0,7.0,1.0,6.0,10.0,0.0,389.523,3212.512,64.412,38.952,38.697,9.956,0.0,0.0
353,1.0,7.0,1.0,0.0,2.0,0.0,872.062,2931.399,50.264,38.55,38.389,9.941,0.0,0.0
354,1.0,7.0,1.0,1.0,3.0,0.0,1103.534,3009.664,46.872,38.797,38.281,9.882,0.0,0.0
355,1.0,7.0,1.0,2.0,6.0,0.0,761.436,3172.795,7.99,38.382,38.288,9.906,0.0,0.0
356,1.0,7.0,1.0,3.0,7.0,0.0,683.641,3211.986,26.247,38.856,38.604,9.932,0.0,0.0
357,1.0,7.0,1.0,4.0,8.0,0.0,757.698,3270.717,-4.256,39.7,37.076,9.767,0.0,0.0
358,2.0,7.0,1.0,0.0,0.0,0.0,1418.288,2876.045,55.521,38.579,38.214,9.922,0.0,0.0
359,2.0,7.0,1.0,1.0,1.0,0.0,1532.018,2899.55,119.105,38.429,38.032,9.879,0.0,0.0
360,2.0,7.0,1.0,2.0,2.0,0.0,1452.677,2970.65,107.986,38.051,37.872,9.735,0.0,0.0
361,2.0,7.0,1.0,3.0,3.0,0.0,1669.065,3013.399,79.242,38.535,38.307,9.928,0.0,0.0
362,2.0,7.0,1.0,4.0,4.0,0.0,1571.578,3089.133,119.449,35.844,24.007,9.478,0.0,0.0
363,2.0,7.0,1.0,5.0,5.0,0.0,1690.248,3100.648,24.578,38.956,38.822,9.973,0.0,0.0
364,2.0,7.0,1.0,6.0,6.0,0.0,1366.825,3115.034,99.676,39.354,39.134,9.988,0.0,0.0
365,2.0,7.0,1.0,7.0,9.0,0.0,1401.87,3242.897,133.429,38.648,38.481,9.965,0.0,0.0
366,3.0,7.0,1.0,0.0,1.0,0.0,2058.078,2910.989,7.584,38.673,38.414,9.884,0.0,0.0
367,3.0,7.0,1.0,1.0,4.0,0.0,2118.224,3009.165,22.191,38.033,37.743,9.867,0.0,0.0
368,3.0,7.0,1.0,2.0,5.0,0.0,2218.227,3021.186,45.069,39.145,38.768,9.99,0.0,0.0
369,3.0,7.0,1.0,3.0,6.0,0.0,2186.526,3057.273,39.224,38.466,38.179,9.903,0.0,0.0
370,3.0,7.0,1.0,4.0,7.0,0.0,1932.286,3189.379,102.795,38.72,38.483,9.899,0.0,0.0
371,3.0,7.0,1.0,5.0,8.0,0.0,1770.151,3197.955,22.257,38.956,38.849,9.976,0.0,0.0
372,3.0,7.0,1.0,6.0,9.0,0.0,2021.901,3219.423,122.112,38.5,38.273,9.844,0.0,0.0
373,4.0,7.0,1.0,0.0,1.0,0.0,2566.613,2907.706,110.86,39.016,36.926,9.895,0.0,0.0
374,4.0,7.0,1.0,1.0,2.0,0.0,2497.82,2947.436,111.919,38.797,38.6,9.924,0.0,0.0
375,4.0,7.0,1.0,2.0,4.0,0.0,2796.111,2974.823,0.032,38.908,38.567,9.934,0.0,0.0
376,4.0,7.0,1.0,3.0,7.0,0.0,2525.128,3183.754,71.523,38.495,38.252,9.916,0.0,0.0
377,4.0,7.0,1.0,4.0,9.0,0.0,2739.806,3259.993,100.123,39.574,39.386,9.974,0.0,0.0
378,4.0,7.0,1.0,5.0,10.0,0.0,2362.617,3264.886,92.195,39.472,39.254,9.873,0.0,0.0
379,5.0,7.0,1.0,0.0,1.0,0.0,3391.27,2929.249,3.096,38.715,38.296,9.95,0.0,0.0
380,5.0,7.0,1.0,1.0,4.0,0.0,3228.929,2982.698,120.664,39.336,39.076,9.979,0.0,0.0
381,5.0,7.0,1.0,2.0,6.0,0.0,3377.493,3089.469,47.094,38.798,38.646,9.93,0.0,0.0
383,5.0,7.0,1.0,4.0,7.0,0.0,3469.221,3090.871,92.856,43.084,25.294,9.543,0.0,0.0
384,5.0,7.0,1.0,5.0,10.0,0.0,3194.999,3163.248,-24.419,38.228,37.997,9.849,0.0,0.0
385,5.0,7.0,1.0,6.0,14.0,0.0,3063.72,3244.542,-12.803,39.717,39.375,9.991,0.0,0.0
386,5.0,7.0,1.0,7.0,15.0,0.0,3350.287,3251.689,53.844,39.181,39.112,9.963,0.0,0.0
387,5.0,7.0,1.0,8.0,16.0,0.0,3138.442,3254.052,-2.373,38.854,38.725,9.947,0.0,0.0
388,6.0,7.0,1.0,0.0,0.0,0.0,4040.633,2895.787,90.796,41.29,33.971,9.539,0.0,0.0
389,6.0,7.0,1.0,1.0,1.0,0.0,3971.408,2926.977,-2.9,38.989,38.657,9.956,0.0,0.0
390,6.0,7.0,1.0,2.0,2.0,0.0,3868.706,2959.665,75.318,38.94,32.898,9.49,0.0,0.0
392,6.0,7.0,1.0,4.0,9.0,0.0,3727.564,3258.87,-16.492,38.501,38.287,9.922,0.0,0.0
393,6.0,7.0,1.0,5.0,10.0,0.0,3579.024,3277.417,-1.883,41.775,26.875,9.625,0.0,0.0
394,7.0,7.0,1.0,0.0,3.0,0.0,4615.828,3146.766,93.649,39.598,35.265,9.519,0.0,0.0
395,7.0,7.0,1.0,1.0,4.0,0.0,4150.254,3272.078,-7.761,36.652,32.583,8.987,0.0,0.0
396,8.0,7.0,1.0,0.0,1.0,0.0,4760.853,3067.246,13.873,38.879,38.644,9.94,0.0,0.0
397,8.0,7.0,1.0,1.0,2.0,0.0,4692.597,3087.58,28.543,38.725,38.677,9.925,0.0,0.0
398,8.0,7.0,1.0,2.0,3.0,0.0,4825.62,3103.475,133.366,38.645,38.318,9.944,0.0,0.0
399,8.0,7.0,1.0,3.0,7.0,0.0,4797.82,3243.503,19.659,39.261,39.055,9.967,0.0,0.0
402,9.0,7.0,1.0,0.0,1.0,0.0,5572.712,2914.783,-8.178,38.354,38.016,9.867,0.0,0.0
403,0.0,8.0,1.0,0.0,0.0,0.0,213.602,3342.016,-39.242,38.645,37.771,9.506,0.0,0.0
404,0.0,8.0,1.0,1.0,1.0,0.0,169.02,3370.761,27.89,38.664,38.399,9.957,0.0,0.0
405,0.0,8.0,1.0,2.0,2.0,0.0,105.809,3541.272,-42.511,38.681,38.172,9.854,0.0,0.0
406,0.0,8.0,1.0,3.0,3.0,0.0,22.755,3621.541,57.887,39.173,39.078,9.958,0.0,0.0
408,0.0,8.0,1.0,5.0,5.0,0.0,283.223,3674.447,17.71,38.615,38.48,9.885,0.0,0.0
409,1.0,8.0,1.0,0.0,1.0,0.0,1069.696,3437.824,106.328,38.59,38.284,9.932,0.0,0.0
410,1.0,8.0,1.0,1.0,2.0,0.0,1035.693,3506.725,99.722,38.195,38.03,9.849,0.0,0.0
411,1.0,8.0,1.0,2.0,3.0,0.0,898.888,3545.983,33.227,38.132,37.494,9.847,0.0,0.0
412,1.0,8.0,1.0,3.0,4.0,0.0,1042.931,3569.235,21.492,38.61,38.448,9.88,0.0,0.0
413,1.0,8.0,1.0,4.0,6.0,0.0,822.503,3653.946,57.317,39.029,38.859,9.912,0.0,0.0
416,2.0,8.0,1.0,2.0,1.0,0.0,1377.831,3300.519,70.405,38.665,38.446,9.963,0.0,0.0
417,2.0,8.0,1.0,3.0,4.0,0.0,1328.265,3508.648,14.229,38.847,38.532,9.998,0.0,0.0
419,3.0,8.0,1.0,0.0,1.0,0.0,2309.394,3414.339,101.239,38.9,37.955,9.63,0.0,0.0
420,3.0,8.0,1.0,1.0,2.0,0.0,1921.525,3417.958,100.288,38.646,38.54,9.973,0.0,0.0
422,3.0,8.0,1.0,3.0,3.0,0.0,2316.066,3492.453,93.504,42.879,25.48,8.597,0.0,0.0
423,3.0,8.0,1.0,4.0,4.0,0.0,1765.742,3530.822,18.448,38.807,38.731,9.942,0.0,0.0
424,3.0,8.0,1.0,5.0,6.0,0.0,2038.258,3622.689,40.799,38.539,38.305,9.928,0.0,0.0
425,4.0,8.0,1.0,0.0,2.0,0.0,2569.81,3296.519,132.308,38.506,38.372,9.857,0.0,0.0
426,4.0,8.0,1.0,1.0,5.0,0.0,2587.431,3351.665,-36.648,37.978,37.802,9.867,0.0,0.0
427,4.0,8.0,1.0,2.0,7.0,0.0,2499.389,3490.451,125.212,38.36,38.188,9.89,0.0,0.0
428,5.0,8.0,1.0,0.0,4.0,0.0,2916.206,3315.266,43.938,38.876,38.406,9.909,0.0,0.0
429,5.0,8.0,1.0,1.0,5.0,0.0,3078.63,3368.959,87.328,38.699,38.671,9.92,0.0,0.0
430,5.0,8.0,1.0,2.0,6.0,0.0,3462.906,3379.565,91.193,38.753,36.369,9.702,0.0,0.0
431,5.0,8.0,1.0,3.0,7.0,0.0,3337.241,3398.067,12.119,38.617,38.571,9.973,0.0,0.0
432,5.0,8.0,1.0,4.0,8.0,0.0,3091.708,3520.738,128.851,38.832,38.335,9.894,0.0,0.0
433,5.0,8.0,1.0,5.0,10.0,0.0,3247.167,3594.417,-30.482,38.162,37.875,9.901,0.0,0.0
434,6.0,8.0,1.0,0.0,3.0,0.0,3794.556,3294.567,108.55,38.47,38.152,9.899,0.0,0.0
435,6.0,8.0,1.0,1.0,5.0,0.0,3759.284,3409.099,13.122,38.724,38.427,9.968,0.0,0.0
436,6.0,8.0,1.0,2.0,6.0,0.0,3816.999,3430.992,104.188,38.03,37.753,9.867,0.0,0.0
438,6.0,8.0,1.0,4.0,8.0,0.0,3529.096,3485.95,-0.403,38.098,37.775,9.88,0.0,0.0
439,6.0,8.0,1.0,5.0,9.0,0.0,3635.568,3595.508,-25.12,38.603,38.117,9.913,0.0,0.0
440,7.0,8.0,1.0,0.0,1.0,0.0,4582.848,3313.41,-35.83,38.833,38.378,9.9,0.0,0.0
441,7.0,8.0,1.0,1.0,2.0,0.0,4477.502,3516.559,-14.928,38.554,38.341,9.935,0.0,0.0
442,7.0,8.0,1.0,2.0,5.0,0.0,4351.866,3541.971,87.676,38.033,37.808,9.799,0.0,0.0
443,8.0,8.0,1.0,0.0,0.0,0.0,5157.107,3285.422,124.435,39.121,38.645,9.971,0.0,0.0
444,8.0,8.0,1.0,1.0,1.0,0.0,4686.533,3386.61,53.453,39.035,38.815,9.982,0.0,0.0
445,8.0,8.0,1.0,2.0,2.0,0.0,4795.799,3454.135,122.455,38.877,38.703,9.947,0.0,0.0
446,8.0,8.0,1.0,3.0,6.0,0.0,4735.821,3575.366,132.744,38.976,38.773,9.969,0.0,0.0
447,9.0,8.0,1.0,0.0,0.0,0.0,5504.387,3304.399,-19.256,38.678,38.527,9.899,0.0,0.0
448,9.0,8.0,1.0,1.0,2.0,0.0,5405.967,3518.954,-15.816,38.904,38.66,9.871,0.0,0.0
449,9.0,8.0,1.0,2.0,3.0,0.0,5726.093,3533.94,106.983,38.83,38.499,9.991,0.0,0.0
450,9.0,8.0,1.0,3.0,4.0,0.0,5384.039,3563.784,-11.317,38.372,38.327,9.91,0.0,0.0
451,0.0,9.0,1.0,0.0,2.0,0.0,587.576,3764.014,92.408,43.291,25.866,8.572,0.0,0.0
452,0.0,9.0,1.0,1.0,4.0,0.0,90.998,3865.303,126.089,38.602,38.497,9.961,0.0,0.0
453,0.0,9.0,1.0,2.0,5.0,0.0,271.237,3892.476,78.87,38.565,38.462,9.952,0.0,0.0
454,0.0,9.0,1.0,3.0,6.0,0.0,215.561,3911.014,97.831,38.155,37.99,9.838,0.0,0.0
455,0.0,9.0,1.0,4.0,8.0,0.0,123.586,4008.277,83.397,39.047,38.839,9.986,0.0,0.0
457,0.0,9.0,1.0,6.0,11.0,0.0,186.611,4078.575,70.724,38.83,38.67,9.937,0.0,0.0
458,1.0,9.0,1.0,0.0,0.0,0.0,760.513,3758.711,-4.859,38.387,38.231,9.899,0.0,0.0
459,1.0,9.0,1.0,1.0,5.0,0.0,981.197,3943.169,118.388,37.766,36.373,9.731,0.0,0.0
460,1.0,9.0,1.0,2.0,8.0,0.0,870.977,4081.887,81.707,38.751,38.487,9.904,0.0,0.0
461,2.0,9.0,1.0,0.0,2.0,0.0,1326.979,3732.44,87.963,39.031,38.782,9.977,0.0,0.0
462,2.0,9.0,1.0,1.0,4.0,0.0,1706.773,3798.943,-42.85,39.192,38.796,9.925,0.0,0.0
463,2.0,9.0,1.0,2.0,5.0,0.0,1195.972,3815.393,-11.683,38.216,37.993,9.846,0.0,0.0
464,2.0,9.0,1.0,3.0,6.0,0.0,1645.194,3854.714,57.277,39.104,38.818,9.991,0.0,0.0
465,2.0,9.0,1.0,4.0,7.0,0.0,1642.558,3946.901,6.213,38.745,38.671,9.926,0.0,0.0
466,2.0,9.0,1.0,5.0,9.0,0.0,1466.994,4031.43,50.359,38.767,38.497,9.983,0.0,0.0
468,2.0,9.0,1.0,7.0,11.0,0.0,1519.437,4089.851,6.902,40.7,30.096,9.595,0.0,0.0
469,3.0,9.0,1.0,0.0,0.0,0.0,2083.315,3724.88,-41.661,39.322,38.746,9.863,0.0,0.0
470,3.0,9.0,1.0,1.0,2.0,0.0,1803.768,4074.645,-42.955,39.308,39.001,9.965,0.0,0.0
471,4.0,9.0,1.0,0.0,0.0,0.0,2691.277,3749.73,103.539,38.274,38.127,9.871,0.0,0.0
472,4.0,9.0,1.0,1.0,4.0,0.0,2512.932,3946.361,-6.608,38.235,38.058,9.934,0.0,0.0
473,4.0,9.0,1.0,2.0,5.0,0.0,2362.396,3972.989,-29.632,38.504,38.252,9.917,0.0,0.0
474,5.0,9.0,1.0,0.0,0.0,0.0,3467.777,3722.974,90.242,42.669,26.841,8.943,0.0,0.0
475,5.0,9.0,1.0,1.0,1.0,0.0,3163.203,3829.88,-32.563,38.922,38.83,9.969,0.0,0.0
476,5.0,9.0,1.0,2.0,2.0,0.0,2955.392,3840.962,38.893,38.614,38.465,9.959,0.0,0.0
477,5.0,9.0,1.0,3.0,3.0,0.0,3119.057,3843.413,-42.723,38.858,37.166,9.82,0.0,0.0
478,5.0,9.0,1.0,4.0,4.0,0.0,3415.544,3889.826,-25.98,38.515,38.393,9.937,0.0,0.0
479,6.0,9.0,1.0,0.0,2.0,0.0,3697.539,3788.685,96.836,39.048,38.909,9.995,0.0,0.0
480,6.0,9.0,1.0,1.0,5.0,0.0,3634.134,3960.964,125.453,38.895,38.738,9.954,0.0,0.0
481,7.0,9.0,1.0,0.0,4.0,0.0,4614.696,3910.547,92.555,39.762,37.186,9.785,0.0,0.0
482,7.0,9.0,1.0,1.0,7.0,0.0,4297.195,4038.967,-0.046,38.602,38.339,9.866,0.0,0.0
483,8.0,9.0,1.0,0.0,0.0,0.0,4699.503,3705.928,83.927,38.533,38.32,9.929,0.0,0.0
486,8.0,9.0,1.0,3.0,3.0,0.0,5097.734,3756.457,-30.682,38.439,38.143,9.895,0.0,0.0
488,8.0,9.0,1.0,5.0,6.0,0.0,4775.001,3921.816,25.792,38.4,38.107,9.962,0.0,0.0
489,8.0,9.0,1.0,6.0,7.0,0.0,4837.013,3959.0,5.754,38.817,38.249,9.957,0.0,0.0
490,8.0,9.0,1.0,7.0,8.0,0.0,4905.468,3967.579,72.788,38.479,38.34,9.925,0.0,0.0
491,8.0,9.0,1.0,8.0,9.0,0.0,4790.506,3982.838,101.642,38.237,37.954,9.844,0.0,0.0
492,8.0,9.0,1.0,9.0,10.0,0.0,4672.965,3990.41,-12.531,38.954,38.859,9.977,0.0,0.0
493,9.0,9.0,1.0,0.0,1.0,0.0,5307.749,3721.437,-30.274,38.982,38.939,9.991,0.0,0.0
494,9.0,9.0,1.0,1.0,2.0,0.0,5598.808,3740.72,132.164,38.747,38.647,9.999,0.0,0.0
495,9.0,9.0,1.0,2.0,3.0,0.0,5474.088,3943.033,54.747,37.865,37.485,9.811,0.0,0.0
497,0.0,10.0,1.0,0.0,1.0,0.0,490.786,4111.688,114.261,37.87,37.61,9.752,0.0,0.0
498,0.0,10.0,1.0,1.0,2.0,0.0,60.192,4154.634,44.558,38.509,38.271,9.92,0.0,0.0
499,0.0,10.0,1.0,2.0,3.0,0.0,223.125,4255.432,24.764,38.325,37.936,9.93,0.0,0.0
502,1.0,10.0,1.0,0.0,2.0,0.0,984.625,4106.443,-43.325,38.409,38.363,9.919,0.0,0.0
503,1.0,10.0,1.0,1.0,5.0,0.0,607.736,4192.331,42.833,38.648,38.228,9.857,0.0,0.0
504,1.0,10.0,1.0,2.0,6.0,0.0,682.067,4285.967,-38.088,38.855,38.68,9.942,0.0,0.0
505,1.0,10.0,1.0,3.0,7.0,0.0,1057.805,4313.377,114.481,39.058,38.595,9.957,0.0,0.0
506,1.0,10.0,1.0,4.0,8.0,0.0,754.045,4326.343,62.79,38.785,38.679,9.932,0.0,0.0
507,1.0,10.0,1.0,5.0,9.0,0.0,1065.562,4361.499,39.996,38.716,38.486,9.975,0.0,0.0
508,1.0,10.0,1.0,6.0,10.0,0.0,780.724,4478.046,10.096,38.441,38.216,9.829,0.0,0.0
509,1.0,10.0,1.0,7.0,11.0,0.0,847.342,4497.118,-3.162,40.922,33.415,9.363,0.0,0.0
510,2.0,10.0,1.0,0.0,2.0,0.0,1172.457,4127.822,82.576,38.929,38.659,9.948,0.0,0.0
511,2.0,10.0,1.0,1.0,5.0,0.0,1738.182,4164.525,90.472,42.166,31.046,9.308,0.0,0.0
512,2.0,10.0,1.0,2.0,6.0,0.0,1591.242,4270.332,-42.256,38.848,38.701,9.943,0.0,0.0
513,2.0,10.0,1.0,3.0,8.0,0.0,1346.805,4286.801,111.249,37.551,36.877,9.691,0.0,0.0
514,2.0,10.0,1.0,4.0,10.0,0.0,1259.785,4427.294,122.274,39.097,38.999,9.939,0.0,0.0
517,3.0,10.0,1.0,0.0,2.0,0.0,1848.058,4176.633,80.14,38.569,38.29,9.93,0.0,0.0
518,3.0,10.0,1.0,1.0,3.0,0.0,2018.17,4238.577,134.073,38.419,38.013,9.876,0.0,0.0
519,3.0,10.0,1.0,2.0,4.0,0.0,1889.122,4254.797,32.963,37.617,37.38,9.765,0.0,0.0
520,3.0,10.0,1.0,3.0,6.0,0.0,2025.109,4343.812,-28.244,37.719,37.573,9.804,0.0,0.0
521,3.0,10.0,1.0,4.0,7.0,0.0,1827.593,4359.918,8.071,39.068,38.553,9.953,0.0,0.0
522,3.0,10.0,1.0,5.0,13.0,0.0,2021.074,4493.064,-10.242,38.986,38.532,9.939,0.0,0.0
523,4.0,10.0,1.0,0.0,0.0,0.0,2671.747,4145.97,7.23,37.853,37.736,9.842,0.0,0.0
524,4.0,10.0,1.0,1.0,1.0,0.0,2836.704,4207.668,5.174,39.024,38.833,9.983,0.0,0.0
525,4.0,10.0,1.0,2.0,2.0,0.0,2767.472,4356.094,106.513,38.448,38.238,9.908,0.0,0.0
526,4.0,10.0,1.0,3.0,3.0,0.0,2496.96,4391.689,-43.009,38.448,38.329,9.844,0.0,0.0
527,4.0,10.0,1.0,4.0,4.0,0.0,2538.343,4429.681,58.523,38.862,38.759,9.953,0.0,0.0
529,5.0,10.0,1.0,0.0,0.0,0.0,3356.835,4120.189,-26.887,39.246,39.163,9.978,0.0,0.0
530,5.0,10.0,1.0,1.0,1.0,0.0,3081.111,4192.286,-15.524,38.609,38.423,9.953,0.0,0.0
531,5.0,10.0,1.0,2.0,2.0,0.0,3369.692,4226.419,108.311,38.924,38.819,9.968,0.0,0.0
532,5.0,10.0,1.0,3.0,3.0,0.0,3341.411,4260.615,117.167,38.435,38.192,9.901,0.0,0.0
533,5.0,10.0,1.0,4.0,4.0,0.0,3111.495,4273.254,95.144,38.066,38.027,9.831,0.0,0.0
534,5.0,10.0,1.0,5.0,6.0,0.0,3027.88,4354.645,-33.759,38.8,38.602,9.925,0.0,0.0
535,5.0,10.0,1.0,6.0,7.0,0.0,3302.723,4382.768,101.251,38.611,37.571,9.476,0.0,0.0
536,5.0,10.0,1.0,7.0,10.0,0.0,3315.505,4453.989,76.698,39.167,38.634,9.975,0.0,0.0
538,6.0,10.0,1.0,0.0,1.0,0.0,3997.203,4346.899,35.143,39.061,38.919,9.999,0.0,0.0
539,6.0,10.0,1.0,1.0,2.0,0.0,3707.751,4366.017,-30.144,38.698,38.39,9.96,0.0,0.0
540,7.0,10.0,1.0,0.0,1.0,0.0,4418.45,4161.36,-29.814,38.312,37.992,9.859,0.0,0.0
541,7.0,10.0,1.0,1.0,2.0,0.0,4246.586,4182.8,70.963,38.151,38.086,9.85,0.0,0.0
542,7.0,10.0,1.0,2.0,3.0,0.0,4340.682,4206.458,-5.081,38.775,38.398,9.895,0.0,0.0
543,7.0,10.0,1.0,3.0,6.0,0.0,4528.974,4435.077,27.954,38.638,38.196,9.927,0.0,0.0
544,8.0,10.0,1.0,0.0,0.0,0.0,4942.704,4115.588,80.659,38.622,38.5,9.964,0.0,0.0
545,8.0,10.0,1.0,1.0,1.0,0.0,4736.45,4242.919,104.244,38.633,38.479,9.887,0.0,0.0
546,8.0,10.0,1.0,2.0,2.0,0.0,5143.848,4277.439,133.724,38.697,38.61,9.988,0.0,0.0
547,9.0,10.0,1.0,0.0,1.0,0.0,5640.097,4175.266,92.43,38.753,38.395,9.967,0.0,0.0
548,9.0,10.0,1.0,1.0,2.0,0.0,5427.688,4374.972,126.527,38.937,38.779,9.965,0.0,0.0
549,9.0,10.0,1.0,2.0,3.0,0.0,5365.945,4405.915,4.153,38.822,38.705,9.941,0.0,0.0
550,9.0,10.0,1.0,3.0,4.0,0.0,5569.144,4410.779,7.361,39.109,38.723,9.98,0.0,0.0
551,9.0,10.0,1.0,4.0,5.0,0.0,5514.833,4447.118,57.482,39.093,38.792,9.986,0.0,0.0
552,0.0,11.0,1.0,0.0,0.0,0.0,137.672,4570.776,43.612,38.692,38.593,9.91,0.0,0.0
553,0.0,11.0,1.0,1.0,1.0,0.0,109.549,4651.118,44.891,38.516,38.422,9.941,0.0,0.0
554,0.0,11.0,1.0,2.0,3.0,0.0,280.569,4792.411,25.881,38.4,38.016,9.873,0.0,0.0
555,0.0,11.0,1.0,3.0,4.0,0.0,566.643,4805.024,-6.448,39.14,38.887,9.929,0.0,0.0
556,0.0,11.0,1.0,4.0,6.0,0.0,367.974,4852.237,53.689,38.606,38.511,9.888,0.0,0.0
557,1.0,11.0,1.0,0.0,2.0,0.0,746.435,4557.621,-34.489,38.521,38.325,9.929,0.0,0.0
558,1.0,11.0,1.0,1.0,3.0,0.0,602.175,4713.883,-33.518,38.716,38.678,9.924,0.0,0.0
559,1.0,11.0,1.0,2.0,4.0,0.0,975.351,4776.087,-33.761,39.191,37.233,8.981,0.0,0.0
560,1.0,11.0,1.0,3.0,5.0,0.0,941.268,4798.692,-34.755,38.541,38.378,9.862,0.0,0.0
561,2.0,11.0,1.0,0.0,0.0,0.0,1592.072,4707.171,115.814,37.896,37.764,9.775,0.0,0.0
562,2.0,11.0,1.0,1.0,1.0,0.0,1431.16,4813.479,108.443,38.103,37.918,9.822,0.0,0.0
563,2.0,11.0,1.0,2.0,2.0,0.0,1615.306,4851.811,-37.169,38.776,38.488,9.906,0.0,0.0
564,3.0,11.0,1.0,0.0,2.0,0.0,2106.114,4552.959,95.804,39.058,38.003,9.449,0.0,0.0
565,3.0,11.0,1.0,1.0,3.0,0.0,2036.541,4633.092,107.936,38.406,38.085,9.883,0.0,0.0
566,3.0,11.0,1.0,2.0,4.0,0.0,2158.066,4715.583,121.897,38.232,37.471,9.284,0.0,0.0
567,3.0,11.0,1.0,3.0,6.0,0.0,2100.97,4793.586,60.826,38.291,37.998,9.857,0.0,0.0
568,3.0,11.0,1.0,4.0,7.0,0.0,1855.761,4798.021,-5.115,38.51,38.362,9.932,0.0,0.0
569,3.0,11.0,1.0,5.0,8.0,0.0,2143.156,4814.643,41.513,38.433,38.272,9.911,0.0,0.0
570,4.0,11.0,1.0,0.0,0.0,0.0,2648.679,4523.114,96.977,38.749,38.449,9.974,0.0,0.0
571,4.0,11.0,1.0,1.0,1.0,0.0,2773.863,4674.865,12.469,38.663,38.462,9.965,0.0,0.0
572,4.0,11.0,1.0,2.0,2.0,0.0,2393.413,4750.911,98.129,39.044,38.784,9.979,0.0,0.0
573,4.0,11.0,1.0,3.0,4.0,0.0,2443.0,4820.942,-0.875,38.817,38.482,9.912,0.0,0.0
574,5.0,11.0,1.0,0.0,2.0,0.0,3293.154,4538.266,131.652,38.718,38.366,9.959,0.0,0.0
575,5.0,11.0,1.0,1.0,4.0,0.0,3385.833,4603.54,69.201,38.862,38.576,9.929,0.0,0.0
576,5.0,11.0,1.0,2.0,5.0,0.0,3328.89,4635.441,68.138,39.046,38.815,9.983,0.0,0.0
577,5.0,11.0,1.0,3.0,6.0,0.0,3015.099,4688.321,-24.778,38.55,38.414,9.944,0.0,0.0
578,5.0,11.0,1.0,4.0,7.0,0.0,3417.501,4705.188,-9.963,39.025,38.619,9.955,0.0,0.0
579,5.0,11.0,1.0,5.0,8.0,0.0,3093.258,4755.731,126.042,38.483,38.402,9.934,0.0,0.0
580,5.0,11.0,1.0,6.0,9.0,0.0,3378.305,4774.983,106.31,38.921,38.629,9.943,0.0,0.0
581,5.0,11.0,1.0,7.0,10.0,0.0,3459.71,4778.788,99.449,39.007,38.742,9.969,0.0,0.0
582,6.0,11.0,1.0,0.0,0.0,0.0,3702.237,4510.163,85.778,38.853,38.607,9.932,0.0,0.0
583,6.0,11.0,1.0,1.0,2.0,0.0,3960.539,4534.304,109.349,39.187,38.631,9.977,0.0,0.0
584,6.0,11.0,1.0,2.0,3.0,0.0,3717.279,4632.723,106.055,38.269,38.015,9.856,0.0,0.0
585,6.0,11.0,1.0,3.0,4.0,0.0,3941.397,4656.011,121.796,39.034,38.797,9.98,0.0,0.0
586,6.0,11.0,1.0,4.0,5.0,0.0,3659.451,4759.351,-43.612,38.717,36.751,9.528,0.0,0.0
587,7.0,11.0,1.0,0.0,0.0,0.0,4353.012,4664.475,-5.116,38.277,38.143,9.874,0.0,0.0
588,7.0,11.0,1.0,1.0,3.0,0.0,4544.163,4832.975,28.55,39.332,39.038,9.973,0.0,0.0
589,7.0,11.0,1.0,2.0,4.0,0.0,4508.677,4905.447,-5.653,40.623,33.067,9.439,0.0,0.0
590,8.0,11.0,1.0,0.0,0.0,0.0,5193.89,4552.55,90.016,42.283,31.533,9.795,0.0,0.0
591,8.0,11.0,1.0,1.0,1.0,0.0,4981.001,4580.034,-32.807,38.224,38.045,9.854,0.0,0.0
592,8.0,11.0,1.0,2.0,6.0,0.0,4877.1,4849.701,6.433,38.441,37.959,9.871,0.0,0.0
593,8.0,11.0,1.0,3.0,7.0,0.0,4780.594,4855.366,64.925,39.275,39.095,9.973,0.0,0.0
594,9.0,11.0,1.0,0.0,0.0,0.0,5349.791,4516.298,1.132,38.583,38.321,9.937,0.0,0.0
595,9.0,11.0,1.0,1.0,2.0,0.0,5321.148,4567.895,110.55,37.747,37.495,9.797,0.0,0.0
596,9.0,11.0,1.0,2.0,3.0,0.0,5534.914,4628.288,101.91,38.16,37.929,9.907,0.0,0.0
597,9.0,11.0,1.0,3.0,4.0,0.0,5646.205,4650.122,-11.604,38.283,38.062,9.864,0.0,0.0
598,0.0,12.0,1.0,0.0,0.0,0.0,286.172,5010.46,47.276,38.097,37.947,9.902,0.0,0.0
599,1.0,12.0,1.0,0.0,0.0,0.0,758.464,4963.734,2.692,38.196,37.933,9.913,0.0,0.0
600,1.0,12.0,1.0,1.0,1.0,0.0,828.6,5036.012,38.805,38.444,38.313,9.917,0.0,0.0
601,1.0,12.0,1.0,2.0,2.0,0.0,1160.23,5069.187,92.335,39.884,34.717,9.547,0.0,0.0
602,1.0,12.0,1.0,3.0,3.0,0.0,760.417,5227.353,-4.829,38.93,38.65,9.947,0.0,0.0
603,2.0,12.0,1.0,0.0,1.0,0.0,1703.314,4933.695,104.512,38.922,38.337,9.982,0.0,0.0
604,2.0,12.0,1.0,1.0,2.0,0.0,1255.91,4944.108,-12.128,38.553,38.498,9.955,0.0,0.0
605,2.0,12.0,1.0,2.0,6.0,0.0,1200.964,5211.623,95.655,38.912,38.711,9.878,0.0,0.0
606,2.0,12.0,1.0,3.0,8.0,0.0,1342.963,5231.936,72.961,38.484,38.059,9.889,0.0,0.0
607,3.0,12.0,1.0,0.0,1.0,0.0,1834.869,4940.819,101.545,38.211,37.921,9.836,0.0,0.0
608,3.0,12.0,1.0,1.0,2.0,0.0,1916.286,4944.549,109.247,38.682,38.394,9.883,0.0,0.0
609,3.0,12.0,1.0,2.0,4.0,0.0,1890.253,5186.21,1.656,39.112,38.892,9.927,0.0,0.0
610,3.0,12.0,1.0,3.0,5.0,0.0,2056.21,5209.783,-14.924,38.469,38.37,9.852,0.0,0.0
611,3.0,12.0,1.0,4.0,6.0,0.0,1945.028,5223.264,33.374,38.704,38.296,9.873,0.0,0.0
612,3.0,12.0,1.0,5.0,7.0,0.0,1816.08,5317.277,-1.852,43.671,23.771,9.281,0.0,0.0
613,4.0,12.0,1.0,0.0,0.0,0.0,2848.149,4980.628,58.058,38.802,38.647,9.931,0.0,0.0
614,4.0,12.0,1.0,1.0,1.0,0.0,2467.92,4986.518,-4.551,38.729,38.484,9.976,0.0,0.0
615,4.0,12.0,1.0,2.0,2.0,0.0,2374.441,5013.54,-31.855,38.852,38.526,9.998,0.0,0.0
616,4.0,12.0,1.0,3.0,3.0,0.0,2537.598,5018.677,118.689,38.511,38.25,9.918,0.0,0.0
617,4.0,12.0,1.0,4.0,4.0,0.0,2806.683,5036.437,39.69,38.742,38.501,9.904,0.0,0.0
618,4.0,12.0,1.0,5.0,5.0,0.0,2358.011,5072.753,-18.234,38.604,38.489,9.961,0.0,0.0
619,4.0,12.0,1.0,6.0,6.0,0.0,2699.678,5080.465,119.194,37.956,37.759,9.859,0.0,0.0
620,4.0,12.0,1.0,7.0,7.0,0.0,2369.562,5173.423,96.868,38.834,38.576,9.925,0.0,0.0
621,5.0,12.0,1.0,0.0,0.0,0.0,3280.939,4948.991,33.931,37.944,37.874,9.796,0.0,0.0
623,5.0,12.0,1.0,2.0,4.0,0.0,2954.826,5202.721,61.253,38.911,38.413,9.915,0.0,0.0
626,6.0,12.0,1.0,0.0,1.0,0.0,3827.913,4956.274,-6.116,38.656,38.528,9.973,0.0,0.0
627,6.0,12.0,1.0,1.0,2.0,0.0,3564.227,4966.719,3.469,38.406,38.225,9.901,0.0,0.0
629,6.0,12.0,1.0,3.0,3.0,0.0,3976.368,4969.913,112.587,39.714,38.623,9.54,0.0,0.0
630,6.0,12.0,1.0,4.0,4.0,0.0,3599.961,5024.415,29.843,38.411,38.101,9.886,0.0,0.0
631,6.0,12.0,1.0,5.0,5.0,0.0,3815.302,5025.151,-4.094,38.784,38.583,9.92,0.0,0.0
632,6.0,12.0,1.0,6.0,6.0,0.0,3721.492,5143.302,129.159,38.269,37.988,9.852,0.0,0.0
633,7.0,12.0,1.0,0.0,1.0,0.0,4227.084,4979.456,44.24,39.374,38.735,9.941,0.0,0.0
634,7.0,12.0,1.0,1.0,2.0,0.0,4261.971,5180.355,-20.277,39.086,38.698,9.973,0.0,0.0
635,8.0,12.0,1.0,0.0,0.0,0.0,4801.852,4918.152,86.765,38.622,38.135,9.917,0.0,0.0
636,8.0,12.0,1.0,1.0,3.0,0.0,5194.61,5037.093,91.999,41.576,29.839,9.109,0.0,0.0
637,8.0,12.0,1.0,2.0,4.0,0.0,5153.821,5090.408,101.116,39.227,39.147,9.974,0.0,0.0
638,8.0,12.0,1.0,3.0,6.0,0.0,4891.316,5158.809,101.286,38.542,38.289,9.927,0.0,0.0
639,8.0,12.0,1.0,4.0,9.0,0.0,4791.44,5275.536,-38.745,39.436,38.911,9.971,0.0,0.0
640,8.0,12.0,1.0,5.0,11.0,0.0,4740.476,5294.002,-0.329,39.239,38.937,9.875,0.0,0.0
641,9.0,12.0,1.0,0.0,0.0,0.0,5466.348,4946.096,44.712,38.394,38.076,9.88,0.0,0.0
643,9.0,12.0,1.0,2.0,2.0,0.0,5770.625,5048.448,92.597,45.102,25.973,7.776,0.0,0.0
644,9.0,12.0,1.0,3.0,3.0,0.0,5487.776,5077.551,14.794,37.834,37.523,9.812,0.0,0.0
645,9.0,12.0,1.0,4.0,5.0,0.0,5214.325,5113.472,62.232,39.085,38.816,9.988,0.0,0.0
647,9.0,12.0,1.0,6.0,7.0,0.0,5614.833,5216.003,-42.503,38.129,37.819,9.812,0.0,0.0
648,0.0,0.0,1.0,0.0,0.0,0.0,364.466,233.651,2.782,38.792,37.939,32.666,4.0,
649,0.0,2.0,1.0,0.0,0.0,0.0,277.729,996.669,82.106,39.534,37.918,32.918,4.0,
650,0.0,2.0,1.0,0.0,0.0,0.0,49.203,1122.142,-1.289,39.711,37.733,32.929,4.0,
651,0.0,2.0,1.0,0.0,0.0,0.0,97.919,1003.833,-15.363,39.269,38.124,32.864,4.0,
652,0.0,3.0,1.0,0.0,0.0,0.0,569.623,1395.724,123.22,41.37,39.256,34.317,4.0,
653,0.0,3.0,1.0,0.0,0.0,0.0,445.128,1632.322,2.244,40.664,37.311,32.991,4.0,
654,0.0,3.0,1.0,0.0,0.0,0.0,173.586,1633.018,-9.851,38.099,35.859,31.31,4.0,
655,0.0,3.0,1.0,0.0,0.0,0.0,151.469,1502.021,39.013,40.554,37.72,33.305,4.0,
656,0.0,6.0,1.0,0.0,0.0,0.0,308.83,2652.874,26.109,39.131,36.464,32.132,4.0,
657,0.0,6.0,1.0,0.0,0.0,0.0,80.266,2794.741,4.705,40.641,35.511,32.354,4.0,
658,0.0,7.0,1.0,0.0,0.0,0.0,453.33,3063.011,4.868,39.295,36.07,32.174,4.0,
659,0.0,7.0,1.0,0.0,0.0,0.0,292.682,2985.114,9.075,40.512,36.284,32.568,4.0,
660,0.0,7.0,1.0,0.0,0.0,0.0,21.061,3095.576,25.181,40.396,39.094,31.275,4.0,
661,0.0,9.0,1.0,0.0,0.0,0.0,489.739,3963.49,33.889,42.506,37.531,34.06,4.0,
662,0.0,9.0,1.0,0.0,0.0,0.0,231.999,3769.002,-37.491,40.418,37.546,33.127,4.0,
663,0.0,11.0,1.0,0.0,0.0,0.0,507.974,4830.024,13.149,40.264,38.968,33.738,4.0,
664,0.0,12.0,1.0,0.0,0.0,0.0,387.772,5076.227,133.77,39.001,38.111,32.798,4.0,
665,0.0,12.0,1.0,0.0,0.0,0.0,111.599,5226.874,-15.931,42.224,36.531,33.535,4.0,
666,0.0,12.0,1.0,0.0,0.0,0.0,177.951,5118.109,123.512,40.93,37.767,33.261,4.0,
667,0.0,12.0,1.0,0.0,0.0,0.0,141.04,5136.65,9.4,40.057,38.866,33.544,4.0,
668,1.0,9.0,1.0,0.0,0.0,0.0,844.876,3870.754,86.211,39.272,35.809,29.571,4.0,
669,1.0,8.0,1.0,0.0,0.0,0.0,1069.698,3651.623,-37.58,39.435,39.206,33.447,4.0,
670,1.0,7.0,1.0,0.0,0.0,0.0,1136.218,3108.137,125.223,41.317,34.492,32.074,4.0,
671,1.0,7.0,1.0,0.0,0.0,0.0,631.393,3013.11,50.492,39.41,36.808,32.567,4.0,
672,1.0,7.0,1.0,0.0,0.0,0.0,606.637,2931.138,70.15,43.865,39.94,35.548,4.0,
673,1.0,6.0,1.0,0.0,0.0,0.0,669.541,2841.399,93.687,39.625,38.406,33.208,4.0,
674,1.0,5.0,1.0,0.0,0.0,0.0,951.451,2294.525,16.903,39.923,34.981,31.904,4.0,
675,1.0,5.0,1.0,0.0,0.0,0.0,656.303,2405.322,77.37,43.0,37.59,33.903,4.0,
676,1.0,4.0,1.0,0.0,0.0,0.0,1048.88,1723.115,28.927,39.589,38.933,33.375,4.0,
677,1.0,4.0,1.0,0.0,0.0,0.0,608.885,1873.38,-8.772,39.452,37.412,32.677,4.0,
678,1.0,4.0,1.0,0.0,0.0,0.0,675.11,1919.253,134.828,42.016,38.375,34.187,4.0,
679,1.0,3.0,1.0,0.0,0.0,0.0,1094.421,1612.417,103.834,40.887,36.526,32.862,4.0,
680,1.0,3.0,1.0,0.0,0.0,0.0,664.691,1602.276,-1.135,41.773,37.514,33.526,4.0,
681,1.0,3.0,1.0,0.0,0.0,0.0,1150.865,1469.938,-19.811,40.417,36.969,32.77,4.0,
682,1.0,1.0,1.0,0.0,0.0,0.0,1080.105,618.961,130.699,41.652,37.941,33.735,4.0,
683,1.0,1.0,1.0,0.0,0.0,0.0,792.968,715.152,62.405,44.539,37.126,34.66,4.0,
684,1.0,1.0,1.0,0.0,0.0,0.0,679.309,758.575,52.651,39.26,38.078,32.854,4.0,
685,1.0,1.0,1.0,0.0,0.0,0.0,593.688,467.324,13.027,44.333,39.008,35.162,4.0,
686,1.0,0.0,1.0,0.0,0.0,0.0,907.226,255.92,29.459,42.218,36.04,33.134,4.0,
687,1.0,0.0,1.0,0.0,0.0,0.0,704.085,390.55,120.658,41.029,37.729,33.341,4.0,
688,2.0,0.0,1.0,0.0,0.0,0.0,1435.389,78.069,104.044,40.227,36.126,32.3,4.0,
689,2.0,0.0,1.0,0.0,0.0,0.0,1697.151,251.963,-18.827,44.655,38.325,35.03,4.0,
690,2.0,0.0,1.0,0.0,0.0,0.0,1346.993,329.245,128.996,39.338,38.485,33.075,4.0,
691,2.0,0.0,1.0,0.0,0.0,0.0,1651.954,406.678,74.94,40.055,38.696,33.485,4.0,
692,2.0,1.0,1.0,0.0,0.0,0.0,1311.561,526.081,-4.574,40.463,37.704,30.75,4.0,
693,2.0,1.0,1.0,0.0,0.0,0.0,1520.874,553.439,-20.277,41.137,37.071,32.937,4.0,
694,2.0,2.0,1.0,0.0,0.0,0.0,1616.632,970.089,93.147,39.703,35.992,32.103,4.0,
695,2.0,2.0,1.0,0.0,0.0,0.0,1646.228,911.094,49.083,40.416,36.536,32.762,4.0,
696,2.0,2.0,1.0,0.0,0.0,0.0,1670.967,1111.883,21.097,37.77,35.493,31.203,4.0,
697,2.0,4.0,1.0,0.0,0.0,0.0,1504.686,1752.957,85.859,40.859,35.338,30.095,4.0,
698,2.0,5.0,1.0,0.0,0.0,0.0,1377.88,2077.214,26.615,39.226,38.835,33.192,4.0,
699,2.0,6.0,1.0,0.0,0.0,0.0,1433.054,2490.256,66.788,40.64,38.157,33.473,4.0,
700,2.0,6.0,1.0,0.0,0.0,0.0,1517.194,2528.011,91.653,42.079,36.291,33.223,4.0,
701,2.0,8.0,1.0,0.0,0.0,0.0,1265.078,3299.954,121.909,40.176,38.571,33.399,4.0,
702,2.0,8.0,1.0,0.0,0.0,0.0,1569.721,3461.112,12.162,41.937,38.785,34.33,4.0,
703,2.0,8.0,1.0,0.0,0.0,0.0,1497.158,3561.147,-37.548,37.868,36.266,31.465,4.0,
704,2.0,8.0,1.0,0.0,0.0,0.0,1680.665,3400.82,64.593,42.307,34.793,32.941,4.0,
705,2.0,10.0,1.0,0.0,0.0,0.0,1567.259,4140.562,34.484,42.203,36.562,33.439,4.0,
706,2.0,10.0,1.0,0.0,0.0,0.0,1700.547,4146.199,-25.53,41.066,39.125,34.064,4.0,
707,2.0,10.0,1.0,0.0,0.0,0.0,1696.926,4324.769,84.605,37.742,35.213,31.06,4.0,
708,2.0,10.0,1.0,0.0,0.0,0.0,1719.337,4472.719,79.347,43.64,35.71,33.341,4.0,
709,2.0,12.0,1.0,0.0,0.0,0.0,1632.627,5224.98,10.786,39.93,34.391,31.635,4.0,
710,2.0,12.0,1.0,0.0,0.0,0.0,1672.209,5262.797,-9.116,37.757,36.786,31.743,4.0,
711,3.0,0.0,1.0,0.0,0.0,0.0,2276.303,43.465,117.166,39.666,38.707,33.331,4.0,
712,3.0,0.0,1.0,0.0,0.0,0.0,2073.322,241.533,61.083,40.127,33.659,31.609,4.0,
713,3.0,0.0,1.0,0.0,0.0,0.0,1869.414,165.227,-31.398,39.23,38.887,33.214,4.0,
714,3.0,0.0,1.0,0.0,0.0,0.0,1869.449,213.065,36.527,37.319,33.126,29.948,4.0,
715,3.0,0.0,1.0,0.0,0.0,0.0,2303.993,374.42,35.054,42.196,36.171,33.715,4.0,
716,3.0,1.0,1.0,0.0,0.0,0.0,1892.494,607.682,122.314,40.288,37.782,33.155,4.0,
717,3.0,1.0,1.0,0.0,0.0,0.0,2105.257,692.702,36.155,41.2,38.277,33.824,4.0,
718,3.0,1.0,1.0,0.0,0.0,0.0,2087.77,763.307,-6.587,37.861,34.806,30.855,4.0,
719,3.0,2.0,1.0,0.0,0.0,0.0,2216.705,1074.105,7.13,41.764,38.178,34.071,4.0,
720,3.0,2.0,1.0,0.0,0.0,0.0,2253.774,1051.774,-16.488,41.481,36.023,32.539,4.0,
721,3.0,3.0,1.0,0.0,0.0,0.0,2025.398,1437.007,69.139,42.632,38.997,34.623,4.0,
722,3.0,4.0,1.0,0.0,0.0,0.0,1865.602,1994.308,11.815,39.598,38.394,33.165,4.0,
723,3.0,5.0,1.0,0.0,0.0,0.0,2222.915,2343.985,16.424,42.375,33.796,31.676,4.0,
724,3.0,5.0,1.0,0.0,0.0,0.0,2280.036,2353.693,-44.647,40.06,38.875,33.523,4.0,
725,3.0,6.0,1.0,0.0,0.0,0.0,2302.187,2690.178,118.323,40.869,36.218,32.682,4.0,
726,3.0,6.0,1.0,0.0,0.0,0.0,2105.727,2708.732,-7.083,39.615,35.964,31.973,4.0,
727,3.0,6.0,1.0,0.0,0.0,0.0,2092.686,2760.525,87.33,39.914,37.083,32.773,4.0,
728,3.0,7.0,1.0,0.0,0.0,0.0,2082.195,2984.005,30.494,39.616,36.459,32.305,4.0,
729,3.0,7.0,1.0,0.0,0.0,0.0,2089.803,3092.585,-39.226,38.14,35.647,31.194,4.0,
730,3.0,8.0,1.0,0.0,0.0,0.0,2289.458,3311.209,104.434,48.862,36.122,34.982,4.0,
731,3.0,8.0,1.0,0.0,0.0,0.0,2016.832,3535.101,98.799,38.965,38.324,32.885,4.0,
732,3.0,10.0,1.0,0.0,0.0,0.0,1751.398,4323.627,14.222,42.412,38.091,34.056,4.0,
733,3.0,10.0,1.0,0.0,0.0,0.0,2065.231,4471.926,124.174,41.563,37.509,33.553,4.0,
734,3.0,10.0,1.0,0.0,0.0,0.0,2160.514,4463.167,18.712,41.159,35.864,32.731,4.0,
735,3.0,10.0,1.0,0.0,0.0,0.0,2267.863,4491.11,-15.692,42.007,37.042,33.027,4.0,
736,3.0,10.0,1.0,0.0,0.0,0.0,2291.711,4428.353,-38.11,39.262,36.872,32.53,4.0,
737,4.0,11.0,1.0,0.0,0.0,0.0,2461.462,4759.039,55.346,41.446,36.29,32.982,4.0,
738,4.0,11.0,1.0,0.0,0.0,0.0,2856.939,4821.886,26.299,37.568,35.788,31.15,4.0,
739,4.0,9.0,1.0,0.0,0.0,0.0,2558.249,4053.87,-10.128,38.413,36.549,31.905,4.0,
740,4.0,9.0,1.0,0.0,0.0,0.0,2622.139,3892.71,93.566,38.826,37.271,32.405,4.0,
741,4.0,6.0,1.0,0.0,0.0,0.0,2874.414,2705.094,39.943,39.912,38.687,33.455,4.0,
742,4.0,5.0,1.0,0.0,0.0,0.0,2545.812,2345.667,-42.999,40.708,37.209,32.994,4.0,
743,4.0,1.0,1.0,0.0,0.0,0.0,2450.97,576.15,-31.654,39.499,35.442,31.842,4.0,
744,4.0,1.0,1.0,0.0,0.0,0.0,2599.187,694.872,10.891,38.719,34.629,28.751,4.0,
745,4.0,1.0,1.0,0.0,0.0,0.0,2730.319,662.049,124.243,38.303,35.59,31.433,4.0,
746,5.0,0.0,1.0,0.0,0.0,0.0,3026.505,230.512,-16.251,39.214,36.45,29.584,4.0,
747,5.0,0.0,1.0,0.0,0.0,0.0,3256.747,236.823,-17.361,36.95,36.046,31.035,4.0,
748,5.0,0.0,1.0,0.0,0.0,0.0,3357.164,329.698,118.521,39.218,35.029,31.482,4.0,
749,5.0,0.0,1.0,0.0,0.0,0.0,3229.848,393.787,82.156,40.184,35.886,32.386,4.0,
750,5.0,1.0,1.0,0.0,0.0,0.0,3011.26,507.264,-28.592,43.525,35.939,33.403,4.0,
751,5.0,1.0,1.0,0.0,0.0,0.0,2908.36,534.362,-1.613,41.456,34.32,31.936,4.0,
752,5.0,2.0,1.0,0.0,0.0,0.0,2972.994,1094.053,-13.29,37.919,36.115,31.589,4.0,
753,5.0,2.0,1.0,0.0,0.0,0.0,2936.37,984.526,-38.507,39.467,39.054,33.373,4.0,
754,5.0,2.0,1.0,0.0,0.0,0.0,3212.599,1038.31,19.563,39.792,38.655,28.927,4.0,
755,5.0,3.0,1.0,0.0,0.0,0.0,3191.509,1603.86,10.536,39.047,35.729,31.695,4.0,
756,5.0,3.0,1.0,0.0,0.0,0.0,3165.214,1341.466,88.44,44.463,39.655,35.456,4.0,
757,5.0,3.0,1.0,0.0,0.0,0.0,3374.637,1447.097,109.759,39.487,36.442,32.257,4.0,
758,5.0,3.0,1.0,0.0,0.0,0.0,3441.502,1462.423,-0.841,42.131,33.772,31.666,4.0,
759,5.0,5.0,1.0,0.0,0.0,0.0,3282.236,2256.362,-42.488,40.094,38.769,33.49,4.0,
760,5.0,6.0,1.0,0.0,0.0,0.0,3236.616,2588.233,80.772,37.844,35.771,31.356,4.0,
761,5.0,6.0,1.0,0.0,0.0,0.0,3401.954,2599.401,84.123,40.104,37.252,32.941,4.0,
762,5.0,6.0,1.0,0.0,0.0,0.0,3320.963,2775.084,84.451,40.151,36.27,32.577,4.0,
763,5.0,7.0,1.0,0.0,0.0,0.0,3090.603,3209.861,73.412,42.089,35.074,32.747,4.0,
764,5.0,7.0,1.0,0.0,0.0,0.0,3220.359,3097.8,99.396,39.074,33.186,30.371,4.0,
765,5.0,7.0,1.0,0.0,0.0,0.0,3119.865,3066.11,-36.168,39.02,36.332,32.022,4.0,
766,5.0,7.0,1.0,0.0,0.0,0.0,3158.886,2966.171,133.011,40.594,35.98,32.45,4.0,
767,5.0,8.0,1.0,0.0,0.0,0.0,3055.34,3560.661,-9.827,43.13,33.961,32.399,4.0,
768,5.0,9.0,1.0,0.0,0.0,0.0,3052.963,4050.733,-8.806,38.975,37.39,32.399,4.0,
769,5.0,9.0,1.0,0.0,0.0,0.0,3421.508,4040.36,92.494,40.499,34.444,31.708,4.0,
770,5.0,10.0,1.0,0.0,0.0,0.0,3116.737,4392.223,31.539,37.362,34.625,30.591,4.0,
771,5.0,11.0,1.0,0.0,0.0,0.0,3327.673,4590.067,13.783,40.064,33.8,31.298,4.0,
772,5.0,11.0,1.0,0.0,0.0,0.0,2922.839,4813.716,80.735,41.738,34.579,32.235,4.0,
773,5.0,11.0,1.0,0.0,0.0,0.0,2942.291,4862.916,109.117,41.255,36.455,32.801,4.0,
774,5.0,12.0,1.0,0.0,0.0,0.0,3234.086,5115.186,106.75,40.338,39.622,34.024,4.0,
775,5.0,12.0,1.0,0.0,0.0,0.0,3448.123,5258.248,-24.533,39.65,37.956,33.054,4.0,
776,6.0,12.0,1.0,0.0,0.0,0.0,3938.818,4923.347,88.245,40.814,37.163,31.001,4.0,
777,6.0,10.0,1.0,0.0,0.0,0.0,3487.959,4386.036,78.893,37.083,35.911,31.16,4.0,
778,6.0,9.0,1.0,0.0,0.0,0.0,3634.374,4032.285,-36.393,43.216,36.043,31.186,4.0,
779,6.0,9.0,1.0,0.0,0.0,0.0,3744.408,3797.304,36.798,40.962,34.403,32.088,4.0,
780,6.0,7.0,1.0,0.0,0.0,0.0,3833.582,3069.059,129.986,39.082,34.907,29.051,4.0,
781,6.0,7.0,1.0,0.0,0.0,0.0,3963.117,3204.436,101.016,48.946,31.41,30.917,4.0,
782,6.0,7.0,1.0,0.0,0.0,0.0,3976.004,3255.816,134.999,37.11,33.29,29.673,4.0,
783,6.0,5.0,1.0,0.0,0.0,0.0,3574.425,2353.311,81.829,40.019,35.684,32.245,4.0,
784,6.0,5.0,1.0,0.0,0.0,0.0,3526.466,2193.242,58.926,45.619,36.343,34.55,4.0,
785,6.0,2.0,1.0,0.0,0.0,0.0,3960.234,1181.835,-9.764,44.083,33.745,32.361,4.0,
786,6.0,2.0,1.0,0.0,0.0,0.0,4001.755,1154.051,112.92,38.921,35.82,31.727,4.0,
787,6.0,1.0,1.0,0.0,0.0,0.0,4010.752,653.773,51.608,39.254,36.807,32.335,4.0,
788,6.0,1.0,1.0,0.0,0.0,0.0,3681.259,441.475,-33.61,39.023,37.393,30.148,4.0,
789,6.0,1.0,1.0,0.0,0.0,0.0,3978.005,447.749,76.724,44.051,36.581,34.517,4.0,
790,6.0,0.0,1.0,0.0,0.0,0.0,3966.228,220.861,-0.934,39.289,38.163,32.955,4.0,
791,6.0,0.0,1.0,0.0,0.0,0.0,4022.207,357.688,-27.784,42.502,38.092,34.282,4.0,
792,7.0,0.0,1.0,0.0,0.0,0.0,4380.69,215.616,70.915,38.957,36.804,32.19,4.0,
793,8.0,0.0,1.0,0.0,0.0,0.0,4728.044,295.032,9.73,45.241,34.768,32.148,4.0,
794,8.0,0.0,1.0,0.0,0.0,0.0,5078.313,71.674,-11.48,39.869,36.522,32.518,4.0,
795,8.0,2.0,1.0,0.0,0.0,0.0,4713.983,1103.739,-34.714,43.176,40.566,35.537,4.0,
796,8.0,2.0,1.0,0.0,0.0,0.0,5051.272,875.859,133.538,42.078,36.695,33.396,4.0,
797,8.0,4.0,1.0,0.0,0.0,0.0,5044.989,1799.511,-14.602,41.51,37.813,33.612,4.0,
798,8.0,4.0,1.0,0.0,0.0,0.0,5143.952,1738.166,75.964,38.808,33.721,30.736,4.0,
799,8.0,4.0,1.0,0.0,0.0,0.0,4890.701,1735.404,58.724,40.055,34.302,31.453,4.0,
800,8.0,7.0,1.0,0.0,0.0,0.0,4750.906,3184.485,42.083,40.158,32.956,31.759,4.0,
801,8.0,7.0,1.0,0.0,0.0,0.0,4810.53,3023.32,-30.791,39.205,35.539,31.676,4.0,
802,8.0,8.0,1.0,0.0,0.0,0.0,4688.752,3539.785,30.933,43.937,36.464,34.155,4.0,
803,8.0,8.0,1.0,0.0,0.0,0.0,4961.821,3506.123,2.312,42.178,36.474,33.222,4.0,
804,8.0,9.0,1.0,0.0,0.0,0.0,4955.056,3892.412,-16.693,39.89,39.622,33.81,4.0,
805,8.0,11.0,1.0,0.0,0.0,0.0,5172.09,4664.251,42.576,41.032,35.46,32.582,4.0,
806,8.0,11.0,1.0,0.0,0.0,0.0,5033.934,4740.46,128.596,40.662,34.917,32.476,4.0,
807,8.0,11.0,1.0,0.0,0.0,0.0,4794.193,4684.108,88.54,40.487,36.911,32.762,4.0,
808,9.0,12.0,1.0,0.0,0.0,0.0,5621.376,5122.492,10.591,38.897,37.794,32.604,4.0,
809,9.0,6.0,1.0,0.0,0.0,0.0,5574.447,2641.082,38.436,38.634,38.521,32.814,4.0,
810,9.0,0.0,1.0,0.0,0.0,0.0,5682.57,114.244,114.279,41.432,35.179,32.676,4.0,
811,9.0,0.0,1.0,0.0,0.0,0.0,5590.11,232.696,58.548,39.157,34.447,31.291,4.0,
</ResultDatas>,,,,,,,,,,,,,,
<ElementResult>,,,,,,,,,,,,,,
0,0.0,,,,,,,,,,,,,
1,1.0,,,,,,,,,,,,,
2,0.0,,,,,,,,,,,,,
3,0.0,,,,,,,,,,,,,
4,0.0,,,,,,,,,,,,,
5,757.0,,,,,,,,,,,,,
</ElementResult>,,,,,,,,,,,,,,
0,0.0,0.0,1.0,0.0,2.0,0.0,263.995,26.515,127.723,38.341,38.312,9.904,0.0,0.0
1,0.0,0.0,1.0,1.0,3.0,0.0,388.38,63.725,36.594,39.247,38.925,9.875,0.0,0.0
2,0.0,0.0,1.0,2.0,4.0,0.0,138.141,86.362,73.209,38.52,38.353,9.857,0.0,0.0
3,0.0,0.0,1.0,3.0,6.0,0.0,214.314,156.782,-41.748,38.604,38.19,9.922,0.0,0.0
4,0.0,0.0,1.0,4.0,7.0,0.0,162.114,274.742,23.709,38.68,38.319,9.874,0.0,0.0
5,0.0,0.0,1.0,5.0,8.0,0.0,213.673,309.798,-35.507,38.283,38.009,9.857,0.0,0.0
6,0.0,0.0,1.0,6.0,10.0,0.0,300.208,369.848,92.238,39.831,39.319,9.926,0.0,0.0
7,1.0,0.0,1.0,0.0,1.0,0.0,991.151,87.998,22.783,38.963,38.654,9.952,0.0,0.0
8,1.0,0.0,1.0,1.0,2.0,0.0,644.461,90.157,126.037,38.631,38.368,9.873,0.0,0.0
9,1.0,0.0,1.0,2.0,3.0,0.0,1057.456,98.092,62.163,39.082,38.403,9.79,0.0,0.0
10,1.0,0.0,1.0,3.0,5.0,0.0,702.632,123.758,-17.043,38.224,37.892,9.834,0.0,0.0
11,1.0,0.0,1.0,4.0,6.0,0.0,922.448,138.497,27.158,37.859,37.54,9.818,0.0,0.0
12,1.0,0.0,1.0,5.0,7.0,0.0,630.945,208.36,-8.898,38.862,38.106,9.869,0.0,0.0
13,1.0,0.0,1.0,6.0,9.0,0.0,872.303,279.152,120.737,38.536,38.352,9.858,0.0,0.0
14,1.0,0.0,1.0,7.0,10.0,0.0,755.639,294.598,93.246,38.864,38.714,9.947,0.0,0.0
16,1.0,0.0,1.0,9.0,12.0,0.0,720.906,352.268,15.877,38.301,38.139,9.876,0.0,0.0
17,2.0,0.0,1.0,0.0,1.0,0.0,1260.128,37.906,-43.238,38.34,38.195,9.888,0.0,0.0
18,2.0,0.0,1.0,1.0,2.0,0.0,1587.11,68.166,-42.71,38.574,38.188,9.918,0.0,0.0
19,2.0,0.0,1.0,2.0,4.0,0.0,1426.914,140.779,-1.521,38.446,38.366,9.775,0.0,0.0
20,2.0,0.0,1.0,3.0,8.0,0.0,1239.412,419.28,26.912,35.64,23.134,9.264,0.0,0.0
21,3.0,0.0,1.0,0.0,2.0,0.0,1751.773,28.559,128.947,38.683,38.378,9.735,0.0,0.0
22,3.0,0.0,1.0,1.0,9.0,0.0,1764.395,210.96,98.48,38.977,38.735,9.817,0.0,0.0
24,3.0,0.0,1.0,3.0,11.0,0.0,2078.333,328.994,60.158,38.782,38.746,9.941,0.0,0.0
25,4.0,0.0,1.0,0.0,3.0,0.0,2632.303,228.051,58.469,38.646,38.393,9.954,0.0,0.0
26,4.0,0.0,1.0,1.0,6.0,0.0,2727.219,315.134,57.944,38.531,38.378,9.861,0.0,0.0
27,4.0,0.0,1.0,2.0,7.0,0.0,2452.762,360.718,83.553,38.655,38.372,9.877,0.0,0.0
28,4.0,0.0,1.0,3.0,8.0,0.0,2586.097,373.679,69.71,39.044,38.791,9.905,0.0,0.0
29,5.0,0.0,1.0,0.0,1.0,0.0,2937.47,102.156,61.433,38.907,38.839,9.969,0.0,0.0
30,5.0,0.0,1.0,1.0,2.0,0.0,3082.045,139.138,-39.454,38.45,38.242,9.909,0.0,0.0
31,5.0,0.0,1.0,2.0,3.0,0.0,3312.185,175.199,110.891,38.701,38.631,9.916,0.0,0.0
32,5.0,0.0,1.0,3.0,5.0,0.0,3066.143,282.453,-41.688,38.439,38.401,9.928,0.0,0.0
33,5.0,0.0,1.0,4.0,6.0,0.0,3332.885,321.372,17.06,39.001,38.959,9.996,0.0,0.0
34,6.0,0.0,1.0,0.0,0.0,0.0,3757.267,73.451,113.19,38.75,38.606,9.995,0.0,0.0
36,6.0,0.0,1.0,2.0,1.0,0.0,3507.442,143.147,102.002,38.994,38.188,9.15,0.0,0.0
37,6.0,0.0,1.0,3.0,2.0,0.0,4012.291,151.092,-1.779,39.008,38.883,9.913,0.0,0.0
38,6.0,0.0,1.0,4.0,4.0,0.0,3551.07,192.347,28.214,38.66,38.464,9.889,0.0,0.0
39,6.0,0.0,1.0,5.0,6.0,0.0,3489.448,265.109,-16.063,38.897,38.828,9.966,0.0,0.0
41,6.0,0.0,1.0,7.0,8.0,0.0,3768.35,276.309,106.154,38.574,38.518,9.885,0.0,0.0
43,7.0,0.0,1.0,0.0,0.0,0.0,4068.414,157.046,16.538,38.721,38.521,9.904,0.0,0.0
44,7.0,0.0,1.0,1.0,2.0,0.0,4116.934,255.15,-19.089,38.767,38.42,9.973,0.0,0.0
45,7.0,0.0,1.0,2.0,3.0,0.0,4438.586,256.802,99.835,38.464,37.49,9.246,0.0,0.0
46,7.0,0.0,1.0,3.0,4.0,0.0,4194.906,270.051,71.407,38.537,38.373,9.861,0.0,0.0
47,7.0,0.0,1.0,4.0,6.0,0.0,4460.271,358.128,39.764,38.976,38.816,9.974,0.0,0.0
48,8.0,0.0,1.0,0.0,1.0,0.0,5040.332,28.155,119.989,39.356,38.955,9.966,0.0,0.0
49,8.0,0.0,1.0,1.0,2.0,0.0,4915.473,150.36,-3.966,38.965,38.757,9.966,0.0,0.0
50,8.0,0.0,1.0,2.0,3.0,0.0,4677.331,222.317,-26.677,38.189,37.997,9.843,0.0,0.0
51,8.0,0.0,1.0,3.0,4.0,0.0,4881.274,287.684,98.028,38.459,38.31,9.919,0.0,0.0
52,8.0,0.0,1.0,4.0,5.0,0.0,4991.554,299.727,68.242,37.633,37.548,9.789,0.0,0.0
53,9.0,0.0,1.0,0.0,4.0,0.0,5457.226,125.426,-22.868,38.411,38.379,9.922,0.0,0.0
54,9.0,0.0,1.0,1.0,5.0,0.0,5642.0,257.84,58.342,38.402,38.174,9.894,0.0,0.0
55,0.0,1.0,1.0,0.0,0.0,0.0,324.147,480.313,84.909,38.882,38.217,9.885,0.0,0.0
57,0.0,1.0,1.0,2.0,3.0,0.0,193.976,599.074,18.983,38.333,38.055,9.87,0.0,0.0
58,0.0,1.0,1.0,3.0,4.0,0.0,266.862,609.212,72.133,38.665,38.359,9.876,0.0,0.0
59,0.0,1.0,1.0,4.0,6.0,0.0,255.233,694.927,53.829,38.644,38.526,9.971,0.0,0.0
60,0.0,1.0,1.0,5.0,8.0,0.0,58.83,775.126,8.362,39.718,39.428,9.998,0.0,0.0
61,0.0,1.0,1.0,6.0,9.0,0.0,332.81,823.437,-1.596,40.154,36.213,9.642,0.0,0.0
62,1.0,1.0,1.0,0.0,0.0,0.0,775.956,538.464,-12.175,38.423,38.262,9.908,0.0,0.0
63,1.0,1.0,1.0,1.0,2.0,0.0,603.732,623.592,17.423,38.256,38.104,9.866,0.0,0.0
64,1.0,1.0,1.0,2.0,4.0,0.0,798.304,671.287,80.986,38.965,38.649,9.952,0.0,0.0
65,2.0,1.0,1.0,0.0,2.0,0.0,1299.068,515.486,99.879,38.38,38.131,9.885,0.0,0.0
66,2.0,1.0,1.0,1.0,4.0,0.0,1352.308,591.524,24.029,38.652,38.231,9.933,0.0,0.0
67,2.0,1.0,1.0,2.0,5.0,0.0,1291.48,595.422,-10.566,38.886,37.099,9.902,0.0,0.0
68,3.0,1.0,1.0,0.0,0.0,0.0,1990.36,431.602,119.719,39.146,38.833,9.998,0.0,0.0
69,3.0,1.0,1.0,1.0,1.0,0.0,1858.003,470.272,-38.002,38.902,38.681,9.948,0.0,0.0
70,3.0,1.0,1.0,2.0,2.0,0.0,2119.811,489.491,5.487,38.607,38.507,9.963,0.0,0.0
71,3.0,1.0,1.0,3.0,3.0,0.0,2305.788,541.706,-36.559,39.059,38.912,9.997,0.0,0.0
72,3.0,1.0,1.0,4.0,4.0,0.0,2193.686,567.199,123.267,38.569,38.222,9.921,0.0,0.0
73,3.0,1.0,1.0,5.0,7.0,0.0,2254.484,601.78,122.474,39.04,38.859,9.914,0.0,0.0
78,4.0,1.0,1.0,3.0,6.0,0.0,2515.758,763.005,130.025,39.341,39.146,9.914,0.0,0.0
79,5.0,1.0,1.0,0.0,3.0,0.0,2964.442,635.247,-28.749,38.719,38.511,9.903,0.0,0.0
80,6.0,1.0,1.0,0.0,0.0,0.0,3955.34,431.86,99.23,38.964,38.512,9.934,0.0,0.0
81,6.0,1.0,1.0,1.0,7.0,0.0,3684.677,595.287,72.996,38.567,38.161,9.913,0.0,0.0
82,6.0,1.0,1.0,2.0,8.0,0.0,3593.589,631.789,76.496,39.04,38.841,9.986,0.0,0.0
83,6.0,1.0,1.0,3.0,11.0,0.0,3746.59,809.537,104.565,39.001,38.785,9.974,0.0,0.0
84,7.0,1.0,1.0,0.0,1.0,0.0,4419.952,508.682,-41.621,38.813,38.685,9.937,0.0,0.0
85,7.0,1.0,1.0,1.0,3.0,0.0,4168.935,544.186,90.361,38.703,38.526,9.978,0.0,0.0
86,7.0,1.0,1.0,2.0,4.0,0.0,4108.128,566.982,32.485,38.886,38.683,9.946,0.0,0.0
87,7.0,1.0,1.0,3.0,5.0,0.0,4414.3,591.437,72.704,38.377,38.121,9.96,0.0,0.0
88,7.0,1.0,1.0,4.0,8.0,0.0,4479.021,759.974,58.283,39.188,38.799,9.999,0.0,0.0
89,8.0,1.0,1.0,0.0,0.0,0.0,5195.512,465.757,91.185,43.111,28.113,9.12,0.0,0.0
90,8.0,1.0,1.0,1.0,1.0,0.0,5119.17,487.418,-37.935,38.806,38.31,9.888,0.0,0.0
91,8.0,1.0,1.0,2.0,2.0,0.0,5195.818,530.014,92.032,44.933,24.485,8.042,0.0,0.0
92,8.0,1.0,1.0,3.0,3.0,0.0,4691.425,533.349,119.797,38.205,37.929,9.913,0.0,0.0
93,8.0,1.0,1.0,4.0,4.0,0.0,4929.825,566.49,-8.802,38.655,38.585,9.98,0.0,0.0
94,8.0,1.0,1.0,5.0,6.0,0.0,5012.573,586.365,91.386,38.283,38.166,9.954,0.0,0.0
95,8.0,1.0,1.0,6.0,7.0,0.0,5118.894,616.874,-29.009,39.325,39.102,9.98,0.0,0.0
97,8.0,1.0,1.0,8.0,8.0,0.0,4953.547,688.015,97.709,38.452,37.635,9.267,0.0,0.0
98,8.0,1.0,1.0,9.0,9.0,0.0,4863.226,755.454,79.945,39.235,39.058,9.964,0.0,0.0
99,8.0,1.0,1.0,10.0,10.0,0.0,4883.851,829.421,-3.87,40.978,26.394,9.552,0.0,0.0
100,9.0,1.0,1.0,0.0,4.0,0.0,5470.647,528.587,5.686,38.569,38.498,9.957,0.0,0.0
101,9.0,1.0,1.0,1.0,6.0,0.0,5332.675,568.801,1.787,38.24,37.996,9.927,0.0,0.0
102,9.0,1.0,1.0,2.0,8.0,0.0,5646.636,648.96,82.077,39.082,38.926,9.927,0.0,0.0
103,9.0,1.0,1.0,3.0,9.0,0.0,5421.755,678.958,-4.85,38.423,38.258,9.907,0.0,0.0
104,9.0,1.0,1.0,4.0,11.0,0.0,5606.615,829.674,-3.998,40.81,25.859,9.297,0.0,0.0
105,0.0,2.0,1.0,0.0,2.0,0.0,35.236,860.969,121.925,37.746,36.602,8.927,0.0,0.0
106,0.0,2.0,1.0,1.0,3.0,0.0,398.892,915.645,119.713,38.538,38.246,9.92,0.0,0.0
107,0.0,2.0,1.0,2.0,4.0,0.0,563.867,922.86,34.739,38.647,38.486,9.89,0.0,0.0
108,0.0,2.0,1.0,3.0,5.0,0.0,262.445,1061.015,84.813,38.515,37.92,9.8,0.0,0.0
109,1.0,2.0,1.0,0.0,0.0,0.0,703.087,869.143,65.599,38.67,38.469,9.966,0.0,0.0
110,1.0,2.0,1.0,1.0,1.0,0.0,1052.598,871.973,-28.117,38.862,38.311,9.895,0.0,0.0
111,1.0,2.0,1.0,2.0,2.0,0.0,662.986,924.141,71.966,38.721,38.525,9.904,0.0,0.0
112,1.0,2.0,1.0,3.0,4.0,0.0,1056.174,1071.096,121.37,39.05,38.93,9.999,0.0,0.0
113,1.0,2.0,1.0,4.0,7.0,0.0,666.364,1234.964,-1.785,42.973,29.343,9.262,0.0,0.0
114,2.0,2.0,1.0,0.0,1.0,0.0,1528.642,969.704,125.837,38.617,38.522,9.967,0.0,0.0
115,2.0,2.0,1.0,1.0,4.0,0.0,1548.508,1117.644,5.895,38.55,38.227,9.844,0.0,0.0
116,2.0,2.0,1.0,2.0,5.0,0.0,1401.905,1202.302,-19.99,39.061,38.735,9.975,0.0,0.0
117,3.0,2.0,1.0,0.0,1.0,0.0,2279.274,936.682,106.431,39.633,39.463,9.991,0.0,0.0
120,4.0,2.0,1.0,0.0,0.0,0.0,2505.394,963.383,-15.18,38.749,38.598,9.917,0.0,0.0
121,4.0,2.0,1.0,1.0,1.0,0.0,2864.362,1001.162,26.255,39.476,38.961,9.838,0.0,0.0
122,4.0,2.0,1.0,2.0,2.0,0.0,2609.543,1036.363,126.387,38.41,38.067,9.881,0.0,0.0
123,4.0,2.0,1.0,3.0,4.0,0.0,2490.118,1106.448,100.477,38.875,38.409,9.909,0.0,0.0
125,5.0,2.0,1.0,0.0,0.0,0.0,3394.205,961.68,112.602,38.904,38.723,9.953,0.0,0.0
126,5.0,2.0,1.0,1.0,2.0,0.0,2950.263,993.834,-12.735,38.893,38.447,9.993,0.0,0.0
127,6.0,2.0,1.0,0.0,5.0,0.0,3936.42,1076.051,49.069,38.617,38.565,9.896,0.0,0.0
128,6.0,2.0,1.0,1.0,8.0,0.0,3859.081,1224.041,-7.331,39.241,39.126,9.973,0.0,0.0
129,7.0,2.0,1.0,0.0,4.0,0.0,4365.533,1000.141,-3.412,38.269,38.007,9.932,0.0,0.0
130,7.0,2.0,1.0,1.0,5.0,0.0,4080.347,1022.215,19.35,38.999,38.59,9.948,0.0,0.0
131,7.0,2.0,1.0,2.0,7.0,0.0,4161.554,1151.125,117.659,39.124,38.789,9.99,0.0,0.0
132,7.0,2.0,1.0,3.0,8.0,0.0,4343.505,1163.367,-40.038,38.699,38.363,9.881,0.0,0.0
133,8.0,2.0,1.0,0.0,3.0,0.0,4728.725,1195.43,19.232,39.202,39.083,9.889,0.0,0.0
134,8.0,2.0,1.0,1.0,4.0,0.0,4975.673,1235.165,-4.259,41.924,29.454,9.097,0.0,0.0
135,9.0,2.0,1.0,0.0,0.0,0.0,5606.243,836.286,117.735,39.01,38.837,9.982,0.0,0.0
136,9.0,2.0,1.0,1.0,2.0,0.0,5308.214,1009.315,53.126,38.375,38.062,9.953,0.0,0.0
138,0.0,3.0,1.0,0.0,1.0,0.0,184.05,1253.432,41.432,38.462,38.138,9.897,0.0,0.0
139,0.0,3.0,1.0,1.0,2.0,0.0,370.638,1273.317,70.485,38.385,38.035,9.873,0.0,0.0
140,0.0,3.0,1.0,2.0,10.0,0.0,262.475,1544.946,12.716,38.804,38.673,9.934,0.0,0.0
141,0.0,3.0,1.0,3.0,11.0,0.0,385.002,1626.702,41.488,39.405,39.145,9.996,0.0,0.0
142,1.0,3.0,1.0,0.0,2.0,0.0,852.011,1264.957,16.685,38.757,38.627,9.922,0.0,0.0
144,1.0,3.0,1.0,2.0,4.0,0.0,794.021,1296.016,97.949,38.926,38.727,9.957,0.0,0.0
145,1.0,3.0,1.0,3.0,7.0,0.0,981.505,1376.502,20.013,38.979,38.596,9.947,0.0,0.0
146,1.0,3.0,1.0,4.0,8.0,0.0,939.1,1381.157,26.327,38.758,38.409,9.894,0.0,0.0
147,1.0,3.0,1.0,5.0,10.0,0.0,623.13,1481.283,-37.621,39.181,38.6,9.898,0.0,0.0
148,1.0,3.0,1.0,6.0,11.0,0.0,790.44,1572.769,35.351,38.75,38.665,9.926,0.0,0.0
149,2.0,3.0,1.0,0.0,4.0,0.0,1260.275,1422.728,84.135,39.236,39.031,9.96,0.0,0.0
150,2.0,3.0,1.0,1.0,5.0,0.0,1363.388,1478.622,58.974,38.515,38.465,9.946,0.0,0.0
151,2.0,3.0,1.0,2.0,6.0,0.0,1313.467,1527.702,104.995,39.105,38.985,9.938,0.0,0.0
153,2.0,3.0,1.0,4.0,12.0,0.0,1504.158,1602.561,30.288,38.853,38.617,9.933,0.0,0.0
154,3.0,3.0,1.0,0.0,0.0,0.0,2265.509,1333.213,64.009,38.743,38.644,9.999,0.0,0.0
155,4.0,3.0,1.0,0.0,0.0,0.0,2380.841,1245.108,62.553,38.755,38.591,9.917,0.0,0.0
156,4.0,3.0,1.0,1.0,3.0,0.0,2362.921,1412.036,-22.624,39.014,38.966,9.999,0.0,0.0
157,4.0,3.0,1.0,2.0,8.0,0.0,2530.969,1542.277,-6.33,38.796,38.595,9.999,0.0,0.0
158,4.0,3.0,1.0,3.0,9.0,0.0,2445.088,1622.551,-44.562,39.303,39.292,9.856,0.0,0.0
159,5.0,3.0,1.0,0.0,0.0,0.0,3042.95,1245.827,55.465,39.09,38.384,9.934,0.0,0.0
162,5.0,3.0,1.0,3.0,3.0,0.0,3192.472,1418.68,66.365,38.937,38.632,9.946,0.0,0.0
163,5.0,3.0,1.0,4.0,5.0,0.0,2950.861,1554.988,-38.655,38.99,38.938,9.992,0.0,0.0
164,6.0,3.0,1.0,0.0,1.0,0.0,3720.679,1258.571,109.312,39.182,38.949,9.943,0.0,0.0
165,6.0,3.0,1.0,1.0,4.0,0.0,3621.273,1361.885,13.661,38.607,38.494,9.886,0.0,0.0
166,6.0,3.0,1.0,2.0,5.0,0.0,3689.682,1426.299,133.36,38.573,38.485,9.956,0.0,0.0
167,6.0,3.0,1.0,3.0,6.0,0.0,3758.123,1508.11,25.725,38.517,38.13,9.903,0.0,0.0
168,6.0,3.0,1.0,4.0,9.0,0.0,3777.506,1594.91,67.945,38.945,38.809,9.97,0.0,0.0
171,7.0,3.0,1.0,0.0,1.0,0.0,4306.607,1357.27,56.09,38.926,38.844,9.972,0.0,0.0
173,7.0,3.0,1.0,2.0,3.0,0.0,4137.636,1385.631,40.558,38.471,38.104,9.894,0.0,0.0
174,7.0,3.0,1.0,3.0,4.0,0.0,4500.658,1434.164,76.161,38.577,38.201,9.92,0.0,0.0
175,7.0,3.0,1.0,4.0,5.0,0.0,4274.624,1496.533,106.035,39.158,39.017,9.949,0.0,0.0
176,7.0,3.0,1.0,5.0,7.0,0.0,4075.339,1523.725,19.369,39.127,38.798,9.992,0.0,0.0
177,7.0,3.0,1.0,6.0,9.0,0.0,4102.045,1641.849,-1.641,42.758,31.827,9.361,0.0,0.0
178,8.0,3.0,1.0,0.0,2.0,0.0,4839.308,1310.336,117.979,39.027,38.897,9.991,0.0,0.0
179,8.0,3.0,1.0,1.0,3.0,0.0,4983.173,1403.3,18.327,38.791,38.439,9.979,0.0,0.0
180,8.0,3.0,1.0,2.0,4.0,0.0,4641.647,1496.157,-17.641,39.18,39.116,9.964,0.0,0.0
181,8.0,3.0,1.0,3.0,6.0,0.0,4667.017,1585.606,110.184,39.11,39.05,9.947,0.0,0.0
182,8.0,3.0,1.0,4.0,7.0,0.0,4856.751,1602.557,51.115,39.712,39.31,9.982,0.0,0.0
183,9.0,3.0,1.0,0.0,1.0,0.0,5701.255,1484.65,115.361,39.039,38.832,9.985,0.0,0.0
185,0.0,4.0,1.0,0.0,1.0,0.0,393.583,1703.27,-20.469,38.997,38.914,9.99,0.0,0.0
186,0.0,4.0,1.0,1.0,2.0,0.0,176.71,1767.916,56.018,38.358,38.007,9.943,0.0,0.0
187,0.0,4.0,1.0,2.0,4.0,0.0,315.494,1854.653,70.918,38.344,38.059,9.871,0.0,0.0
188,1.0,4.0,1.0,0.0,1.0,0.0,804.65,1662.435,128.674,38.842,38.472,9.838,0.0,0.0
189,1.0,4.0,1.0,1.0,4.0,0.0,835.318,1809.814,73.072,38.423,38.304,9.838,0.0,0.0
190,1.0,4.0,1.0,2.0,5.0,0.0,1042.139,1905.641,43.7,39.116,38.836,9.995,0.0,0.0
191,1.0,4.0,1.0,3.0,6.0,0.0,1081.966,1947.287,47.347,39.514,39.434,9.973,0.0,0.0
192,1.0,4.0,1.0,4.0,7.0,0.0,871.768,1965.921,-7.538,39.245,38.989,9.956,0.0,0.0
193,2.0,4.0,1.0,0.0,1.0,0.0,1341.758,1695.31,-44.326,39.412,38.964,9.974,0.0,0.0
196,2.0,4.0,1.0,3.0,4.0,0.0,1739.164,1880.346,94.742,44.784,26.236,8.281,0.0,0.0
197,2.0,4.0,1.0,4.0,5.0,0.0,1418.176,1929.491,49.679,39.015,38.66,9.96,0.0,0.0
200,3.0,4.0,1.0,1.0,1.0,0.0,1897.5,1758.892,-5.727,38.999,38.489,9.936,0.0,0.0
201,3.0,4.0,1.0,2.0,2.0,0.0,1854.378,1783.979,-20.619,39.0,38.632,9.954,0.0,0.0
202,3.0,4.0,1.0,3.0,5.0,0.0,1819.647,1960.256,-29.024,38.977,38.709,9.961,0.0,0.0
203,3.0,4.0,1.0,4.0,6.0,0.0,2018.584,1995.632,53.077,38.946,38.626,9.946,0.0,0.0
204,3.0,4.0,1.0,5.0,7.0,0.0,1933.779,1995.798,2.713,39.354,38.727,9.936,0.0,0.0
205,4.0,4.0,1.0,0.0,2.0,0.0,2618.673,1812.796,64.352,38.915,38.801,9.965,0.0,0.0
206,4.0,4.0,1.0,1.0,3.0,0.0,2717.356,1884.065,70.991,38.145,38.025,9.918,0.0,0.0
207,4.0,4.0,1.0,2.0,4.0,0.0,2425.233,1898.194,57.237,38.681,38.613,9.986,0.0,0.0
208,4.0,4.0,1.0,3.0,6.0,0.0,2375.376,1951.241,70.785,39.208,39.04,9.958,0.0,0.0
209,5.0,4.0,1.0,0.0,0.0,0.0,3110.166,1656.986,102.247,39.059,38.417,9.86,0.0,0.0
210,5.0,4.0,1.0,1.0,1.0,0.0,3288.796,1696.761,-27.52,38.682,38.523,9.899,0.0,0.0
211,5.0,4.0,1.0,2.0,2.0,0.0,3151.306,1780.798,53.81,38.642,38.46,9.962,0.0,0.0
212,5.0,4.0,1.0,3.0,3.0,0.0,3412.201,1878.498,-22.825,39.361,39.205,9.998,0.0,0.0
213,5.0,4.0,1.0,4.0,4.0,0.0,3140.928,1925.227,75.657,38.95,38.928,9.986,0.0,0.0
214,6.0,4.0,1.0,0.0,4.0,0.0,3948.107,1790.107,-14.274,38.969,38.677,9.956,0.0,0.0
215,6.0,4.0,1.0,1.0,5.0,0.0,3552.267,1840.916,-1.699,38.385,38.135,9.887,0.0,0.0
216,7.0,4.0,1.0,0.0,2.0,0.0,4433.219,1777.946,-30.946,38.861,38.687,9.943,0.0,0.0
217,7.0,4.0,1.0,1.0,3.0,0.0,4186.792,1812.807,20.754,38.749,38.19,9.865,0.0,0.0
218,8.0,4.0,1.0,0.0,0.0,0.0,4685.126,1838.48,75.485,38.728,38.607,9.916,0.0,0.0
219,8.0,4.0,1.0,1.0,1.0,0.0,4717.122,1894.747,7.865,38.657,38.194,9.929,0.0,0.0
220,8.0,4.0,1.0,2.0,5.0,0.0,4681.951,2045.769,-5.724,40.207,38.59,9.953,0.0,0.0
221,9.0,4.0,1.0,0.0,1.0,0.0,5304.611,1664.109,63.309,39.15,38.67,9.978,0.0,0.0
222,9.0,4.0,1.0,1.0,4.0,0.0,5619.399,1868.881,-42.385,38.303,38.036,9.94,0.0,0.0
223,9.0,4.0,1.0,2.0,5.0,0.0,5497.574,1888.912,69.316,37.811,37.67,9.828,0.0,0.0
224,9.0,4.0,1.0,3.0,8.0,0.0,5758.462,2039.05,48.847,38.255,34.185,9.662,0.0,0.0
225,0.0,5.0,1.0,0.0,1.0,0.0,365.513,2134.871,-19.53,38.43,38.267,9.91,0.0,0.0
226,0.0,5.0,1.0,1.0,2.0,0.0,96.602,2145.901,65.555,39.156,38.822,9.998,0.0,0.0
227,0.0,5.0,1.0,2.0,7.0,0.0,436.547,2399.121,-44.407,39.718,39.382,9.992,0.0,0.0
228,0.0,5.0,1.0,3.0,8.0,0.0,243.846,2419.297,116.081,38.846,38.801,9.956,0.0,0.0
231,1.0,5.0,1.0,0.0,0.0,0.0,977.02,2061.712,61.864,38.985,38.776,9.97,0.0,0.0
232,1.0,5.0,1.0,1.0,4.0,0.0,857.244,2273.664,116.043,38.369,38.19,9.892,0.0,0.0
233,1.0,5.0,1.0,2.0,5.0,0.0,697.678,2278.182,113.466,38.717,38.613,9.915,0.0,0.0
234,1.0,5.0,1.0,3.0,6.0,0.0,908.932,2280.838,3.767,38.066,37.794,9.878,0.0,0.0
235,1.0,5.0,1.0,4.0,7.0,0.0,1051.93,2282.018,-33.521,39.193,38.991,9.95,0.0,0.0
237,1.0,5.0,1.0,6.0,9.0,0.0,874.872,2360.454,89.711,38.931,38.52,9.931,0.0,0.0
238,2.0,5.0,1.0,0.0,0.0,0.0,1283.119,2133.973,64.455,38.542,38.311,9.929,0.0,0.0
239,2.0,5.0,1.0,1.0,3.0,0.0,1465.097,2197.954,-20.66,38.214,37.902,9.834,0.0,0.0
240,2.0,5.0,1.0,2.0,6.0,0.0,1496.405,2387.212,42.302,38.97,38.505,9.934,0.0,0.0
241,3.0,5.0,1.0,0.0,1.0,0.0,2172.325,2125.951,-42.983,39.063,38.902,9.997,0.0,0.0
242,3.0,5.0,1.0,1.0,2.0,0.0,1872.956,2275.086,4.682,38.447,38.368,9.925,0.0,0.0
243,3.0,5.0,1.0,2.0,3.0,0.0,2263.648,2305.315,-27.89,39.63,39.344,9.976,0.0,0.0
244,3.0,5.0,1.0,3.0,4.0,0.0,2058.844,2344.536,124.664,38.206,38.057,9.853,0.0,0.0
245,3.0,5.0,1.0,4.0,5.0,0.0,1838.099,2387.719,125.713,38.633,38.394,9.876,0.0,0.0
246,3.0,5.0,1.0,5.0,6.0,0.0,2012.862,2397.666,76.861,39.045,38.818,9.909,0.0,0.0
247,4.0,5.0,1.0,0.0,0.0,0.0,2602.895,2087.246,86.373,38.275,37.948,9.924,0.0,0.0
248,4.0,5.0,1.0,1.0,1.0,0.0,2712.602,2223.069,12.322,38.538,38.3,9.928,0.0,0.0
249,4.0,5.0,1.0,2.0,3.0,0.0,2487.753,2259.041,41.889,38.604,38.215,9.925,0.0,0.0
250,4.0,5.0,1.0,3.0,4.0,0.0,2593.07,2301.293,87.655,38.09,37.874,9.891,0.0,0.0
251,6.0,5.0,1.0,0.0,1.0,0.0,3947.494,2246.021,85.175,38.997,38.678,9.959,0.0,0.0
252,6.0,5.0,1.0,1.0,2.0,0.0,3797.049,2247.452,95.133,37.951,37.805,9.788,0.0,0.0
253,6.0,5.0,1.0,2.0,4.0,0.0,3751.056,2459.41,-4.45,42.505,27.149,8.665,0.0,0.0
254,7.0,5.0,1.0,0.0,1.0,0.0,4449.437,2068.268,122.64,38.611,38.31,9.939,0.0,0.0
255,7.0,5.0,1.0,1.0,4.0,0.0,4211.768,2284.067,-10.648,38.791,38.593,9.922,0.0,0.0
256,7.0,5.0,1.0,2.0,5.0,0.0,4533.001,2332.161,33.259,39.418,39.149,9.999,0.0,0.0
257,7.0,5.0,1.0,3.0,7.0,0.0,4281.851,2360.981,-13.67,39.075,38.755,9.979,0.0,0.0
258,7.0,5.0,1.0,4.0,8.0,0.0,4360.344,2367.83,2.413,38.342,38.182,9.812,0.0,0.0
259,7.0,5.0,1.0,5.0,10.0,0.0,4558.852,2450.763,91.621,40.58,40.19,9.985,0.0,0.0
260,8.0,5.0,1.0,0.0,2.0,0.0,4877.76,2096.653,51.678,38.932,38.819,9.969,0.0,0.0
261,8.0,5.0,1.0,1.0,5.0,0.0,4856.72,2276.991,-28.103,38.843,38.668,9.939,0.0,0.0
262,8.0,5.0,1.0,2.0,6.0,0.0,5036.07,2284.361,77.252,38.97,38.517,9.935,0.0,0.0
263,8.0,5.0,1.0,3.0,8.0,0.0,4979.683,2349.433,-39.806,38.016,37.658,9.853,0.0,0.0
264,8.0,5.0,1.0,4.0,9.0,0.0,4750.208,2402.682,99.882,39.33,39.113,9.983,0.0,0.0
265,9.0,5.0,1.0,0.0,2.0,0.0,5665.436,2094.673,125.418,38.996,38.802,9.9,0.0,0.0
266,9.0,5.0,1.0,1.0,4.0,0.0,5346.008,2130.279,-28.522,38.827,38.564,9.923,0.0,0.0
267,9.0,5.0,1.0,2.0,7.0,0.0,5328.913,2252.548,-27.581,39.086,38.842,9.992,0.0,0.0
268,0.0,6.0,1.0,0.0,2.0,0.0,303.475,2501.933,89.508,39.007,38.743,9.969,0.0,0.0
269,0.0,6.0,1.0,1.0,3.0,0.0,357.704,2583.105,85.127,38.201,38.084,9.856,0.0,0.0
270,0.0,6.0,1.0,2.0,4.0,0.0,157.192,2600.926,-20.135,38.639,38.379,9.951,0.0,0.0
271,0.0,6.0,1.0,3.0,5.0,0.0,490.973,2647.559,-44.592,39.169,38.98,9.945,0.0,0.0
272,0.0,6.0,1.0,4.0,6.0,0.0,52.968,2686.388,-23.328,38.369,38.28,9.903,0.0,0.0
273,0.0,6.0,1.0,5.0,7.0,0.0,534.518,2713.943,106.925,39.247,39.128,9.974,0.0,0.0
274,0.0,6.0,1.0,6.0,8.0,0.0,150.159,2729.629,113.903,38.838,38.528,9.92,0.0,0.0
275,0.0,6.0,1.0,7.0,9.0,0.0,343.052,2792.667,55.889,39.187,38.933,9.942,0.0,0.0
277,1.0,6.0,1.0,1.0,1.0,0.0,724.548,2552.023,-31.262,38.417,38.215,9.901,0.0,0.0
278,1.0,6.0,1.0,2.0,2.0,0.0,884.726,2588.684,99.601,38.179,37.954,9.913,0.0,0.0
279,1.0,6.0,1.0,3.0,3.0,0.0,1000.202,2646.274,-37.983,38.586,38.482,9.882,0.0,0.0
280,1.0,6.0,1.0,4.0,5.0,0.0,1077.25,2669.187,114.203,38.932,38.903,9.98,0.0,0.0
281,1.0,6.0,1.0,5.0,6.0,0.0,1027.295,2726.034,125.029,38.967,38.484,9.931,0.0,0.0
282,2.0,6.0,1.0,0.0,1.0,0.0,1248.654,2535.301,36.267,38.414,38.268,9.908,0.0,0.0
283,2.0,6.0,1.0,1.0,2.0,0.0,1439.618,2539.801,-29.061,38.409,38.333,9.915,0.0,0.0
284,2.0,6.0,1.0,2.0,3.0,0.0,1506.01,2555.54,67.724,38.919,38.63,9.943,0.0,0.0
285,2.0,6.0,1.0,3.0,4.0,0.0,1648.426,2619.435,-23.652,39.24,38.661,9.988,0.0,0.0
286,2.0,6.0,1.0,4.0,7.0,0.0,1389.467,2719.477,-6.408,38.627,38.279,9.937,0.0,0.0
287,2.0,6.0,1.0,5.0,8.0,0.0,1477.594,2723.54,25.094,38.102,37.884,9.818,0.0,0.0
288,2.0,6.0,1.0,6.0,10.0,0.0,1606.972,2855.643,28.417,39.501,39.318,9.956,0.0,0.0
289,3.0,6.0,1.0,0.0,1.0,0.0,1858.424,2510.158,132.992,38.269,37.992,9.853,0.0,0.0
290,4.0,6.0,1.0,0.0,1.0,0.0,2515.679,2506.133,104.797,38.835,38.759,9.949,0.0,0.0
291,4.0,6.0,1.0,1.0,2.0,0.0,2856.251,2673.885,62.203,39.242,39.038,9.962,0.0,0.0
292,5.0,6.0,1.0,0.0,0.0,0.0,3438.601,2621.092,86.654,39.37,39.194,9.998,0.0,0.0
293,5.0,6.0,1.0,1.0,1.0,0.0,2947.233,2658.232,-6.795,39.25,39.026,9.961,0.0,0.0
294,5.0,6.0,1.0,2.0,2.0,0.0,3133.142,2737.428,33.631,38.062,37.972,9.824,0.0,0.0
295,5.0,6.0,1.0,3.0,3.0,0.0,3452.847,2787.468,25.972,40.265,39.377,9.989,0.0,0.0
296,5.0,6.0,1.0,4.0,6.0,0.0,2961.782,2814.976,27.082,39.402,38.968,9.974,0.0,0.0
297,5.0,6.0,1.0,5.0,7.0,0.0,3361.257,2827.177,19.133,39.175,39.102,9.962,0.0,0.0
298,6.0,6.0,1.0,0.0,2.0,0.0,3703.924,2622.503,94.216,38.565,38.434,9.948,0.0,0.0
299,6.0,6.0,1.0,1.0,3.0,0.0,3756.315,2676.197,-12.21,38.297,38.25,9.89,0.0,0.0
300,6.0,6.0,1.0,2.0,5.0,0.0,3651.053,2710.525,6.169,39.085,38.969,9.933,0.0,0.0
301,7.0,6.0,1.0,0.0,4.0,0.0,4277.255,2740.738,53.152,38.802,38.566,9.996,0.0,0.0
302,7.0,6.0,1.0,1.0,5.0,0.0,4351.127,2841.941,124.698,39.161,38.815,9.998,0.0,0.0
303,8.0,6.0,1.0,0.0,0.0,0.0,4652.861,2484.044,77.744,39.082,38.821,9.988,0.0,0.0
304,8.0,6.0,1.0,1.0,5.0,0.0,4813.671,2714.861,55.413,38.944,38.756,9.963,0.0,0.0
305,8.0,6.0,1.0,2.0,6.0,0.0,5015.024,2717.097,130.004,38.064,37.025,9.481,0.0,0.0
306,8.0,6.0,1.0,3.0,7.0,0.0,4959.492,2768.844,25.403,38.26,38.02,9.933,0.0,0.0
308,9.0,6.0,1.0,0.0,1.0,0.0,5216.906,2488.853,82.834,38.696,38.346,9.878,0.0,0.0
309,9.0,6.0,1.0,1.0,3.0,0.0,5355.804,2499.306,16.386,39.196,39.025,9.954,0.0,0.0
310,9.0,6.0,1.0,2.0,4.0,0.0,5221.866,2562.726,75.929,38.751,38.637,9.999,0.0,0.0
311,9.0,6.0,1.0,3.0,5.0,0.0,5666.998,2646.629,110.383,38.684,38.541,9.977,0.0,0.0
312,9.0,6.0,1.0,4.0,9.0,0.0,5358.951,2760.758,-5.781,39.022,38.935,9.996,0.0,0.0
313,9.0,6.0,1.0,5.0,12.0,0.0,5483.419,2865.254,19.847,38.669,29.039,9.526,0.0,0.0
314,0.0,7.0,1.0,0.0,0.0,0.0,72.587,2897.355,49.235,38.456,38.036,9.883,0.0,0.0
315,0.0,7.0,1.0,1.0,1.0,0.0,230.94,2965.257,73.216,38.616,38.384,9.949,0.0,0.0
316,0.0,7.0,1.0,2.0,3.0,0.0,321.505,3035.17,104.916,38.477,38.072,9.742,0.0,0.0
317,0.0,7.0,1.0,3.0,7.0,0.0,492.18,3172.172,49.694,39.412,39.273,9.867,0.0,0.0
318,1.0,7.0,1.0,0.0,0.0,0.0,1141.992,2905.637,130.456,39.007,38.713,9.891,0.0,0.0
319,1.0,7.0,1.0,1.0,4.0,0.0,1149.069,3081.768,3.018,39.357,39.031,9.976,0.0,0.0
320,1.0,7.0,1.0,2.0,5.0,0.0,627.422,3125.973,-26.54,38.604,38.287,9.935,0.0,0.0
321,2.0,7.0,1.0,0.0,5.0,0.0,1659.26,3166.425,56.8,39.512,39.014,9.993,0.0,0.0
322,3.0,7.0,1.0,0.0,1.0,0.0,1973.793,2915.485,73.316,38.639,38.376,9.875,0.0,0.0
323,3.0,7.0,1.0,1.0,2.0,0.0,1813.534,2922.388,85.898,38.861,38.451,9.988,0.0,0.0
324,3.0,7.0,1.0,2.0,5.0,0.0,1768.4,3003.151,21.34,38.404,38.233,9.902,0.0,0.0
325,3.0,7.0,1.0,3.0,6.0,0.0,1896.837,3062.371,-25.899,38.963,38.804,9.897,0.0,0.0
326,3.0,7.0,1.0,4.0,7.0,0.0,1842.555,3126.499,38.494,38.676,38.623,9.987,0.0,0.0
327,4.0,7.0,1.0,0.0,1.0,0.0,2679.768,2931.834,-27.808,38.99,38.712,9.963,0.0,0.0
328,4.0,7.0,1.0,1.0,2.0,0.0,2888.44,2963.612,93.448,41.034,34.409,9.572,0.0,0.0
329,4.0,7.0,1.0,2.0,3.0,0.0,2613.245,2967.547,-38.072,38.816,38.609,9.927,0.0,0.0
330,4.0,7.0,1.0,3.0,4.0,0.0,2385.842,2998.134,-1.235,38.783,38.554,9.916,0.0,0.0
331,4.0,7.0,1.0,4.0,5.0,0.0,2629.55,3102.917,-37.084,38.033,37.783,9.795,0.0,0.0
332,4.0,7.0,1.0,5.0,6.0,0.0,2464.644,3196.581,103.01,39.037,38.733,9.971,0.0,0.0
333,5.0,7.0,1.0,0.0,1.0,0.0,3240.766,2918.428,65.221,39.125,38.85,9.998,0.0,0.0
334,5.0,7.0,1.0,1.0,5.0,0.0,3456.455,3036.684,-7.612,39.285,39.157,9.983,0.0,0.0
335,5.0,7.0,1.0,2.0,7.0,0.0,3223.649,3091.15,-31.328,37.839,37.266,9.78,0.0,0.0
336,5.0,7.0,1.0,3.0,8.0,0.0,3462.166,3139.478,94.477,40.123,37.935,9.858,0.0,0.0
337,6.0,7.0,1.0,0.0,1.0,0.0,3686.07,3025.718,-17.89,38.089,37.723,9.872,0.0,0.0
338,6.0,7.0,1.0,1.0,4.0,0.0,3907.398,3091.444,101.841,38.316,38.009,9.938,0.0,0.0
339,7.0,7.0,1.0,0.0,1.0,0.0,4305.297,2891.752,101.187,39.195,38.697,9.987,0.0,0.0
340,7.0,7.0,1.0,1.0,3.0,0.0,4210.361,2950.427,40.845,38.792,38.563,9.994,0.0,0.0
341,7.0,7.0,1.0,2.0,4.0,0.0,4298.445,2953.226,83.245,39.065,38.797,9.983,0.0,0.0
342,7.0,7.0,1.0,3.0,6.0,0.0,4401.148,3127.226,125.291,38.48,37.045,8.886,0.0,0.0
343,7.0,7.0,1.0,4.0,7.0,0.0,4456.18,3183.366,8.778,38.991,38.924,9.99,0.0,0.0
344,8.0,7.0,1.0,0.0,2.0,0.0,5085.153,2972.097,4.616,39.009,38.908,9.916,0.0,0.0
345,8.0,7.0,1.0,1.0,3.0,0.0,4963.614,2989.75,-39.318,38.735,38.507,9.904,0.0,0.0
346,8.0,7.0,1.0,2.0,6.0,0.0,4743.623,3168.477,126.813,38.598,38.07,9.906,0.0,0.0
347,9.0,7.0,1.0,0.0,3.0,0.0,5361.111,2921.392,51.635,38.984,38.77,9.969,0.0,0.0
348,9.0,7.0,1.0,1.0,4.0,0.0,5482.414,3009.211,121.655,38.532,38.498,9.953,0.0,0.0
349,9.0,7.0,1.0,2.0,5.0,0.0,5372.856,3034.124,-30.955,38.892,38.325,9.977,0.0,0.0
350,9.0,7.0,1.0,3.0,6.0,0.0,5642.22,3034.859,110.821,38.53,38.353,9.858,0.0,0.0
351,9.0,7.0,1.0,4.0,7.0,0.0,5521.549,3050.563,-17.193,38.632,38.421,9.956,0.0,0.0
352,9.0,7.0,1.0,5.0,8.0,0.0,5312.4,3085.899,119.846,39.109,38.924,9.93,0.0,0.0
353,9.0,7.0,1.0,6.0,10.0,0.0,5613.708,3171.904,39.345,38.549,38.504,9.956,0.0,0.0
354,0.0,8.0,1.0,0.0,0.0,0.0,81.233,3285.92,55.019,38.843,38.675,9.939,0.0,0.0
355,0.0,8.0,1.0,1.0,2.0,0.0,170.613,3354.18,43.408,38.528,38.22,9.916,0.0,0.0
356,0.0,8.0,1.0,2.0,3.0,0.0,82.901,3538.699,51.92,38.676,38.527,9.975,0.0,0.0
357,0.0,8.0,1.0,3.0,4.0,0.0,462.983,3617.987,-43.84,38.875,38.759,9.88,0.0,0.0
358,0.0,8.0,1.0,4.0,5.0,0.0,135.612,3629.01,134.737,39.115,38.859,9.998,0.0,0.0
359,1.0,8.0,1.0,0.0,1.0,0.0,803.62,3345.244,62.378,38.322,38.27,9.896,0.0,0.0
360,1.0,8.0,1.0,1.0,3.0,0.0,907.567,3588.617,22.707,38.555,38.165,9.912,0.0,0.0
361,2.0,8.0,1.0,0.0,0.0,0.0,1243.506,3369.831,-9.645,39.602,38.267,9.84,0.0,0.0
362,2.0,8.0,1.0,1.0,2.0,0.0,1386.353,3396.347,-28.505,38.593,38.222,9.849,0.0,0.0
363,2.0,8.0,1.0,2.0,3.0,0.0,1265.781,3442.189,18.198,38.675,38.372,9.955,0.0,0.0
364,2.0,8.0,1.0,3.0,4.0,0.0,1591.997,3531.412,66.187,38.403,38.299,9.835,0.0,0.0
365,2.0,8.0,1.0,4.0,5.0,0.0,1589.682,3616.959,67.755,39.105,38.768,9.984,0.0,0.0
366,3.0,8.0,1.0,0.0,1.0,0.0,2080.097,3390.887,-3.019,38.883,38.67,9.944,0.0,0.0
367,3.0,8.0,1.0,1.0,3.0,0.0,2104.87,3480.035,-8.619,40.298,38.05,9.898,0.0,0.0
369,4.0,8.0,1.0,1.0,1.0,0.0,2486.971,3322.664,117.478,38.449,38.163,9.898,0.0,0.0
370,4.0,8.0,1.0,2.0,4.0,0.0,2554.721,3376.737,110.412,38.52,37.891,9.872,0.0,0.0
374,5.0,8.0,1.0,0.0,0.0,0.0,3177.002,3306.359,134.15,38.767,38.663,9.928,0.0,0.0
375,5.0,8.0,1.0,1.0,1.0,0.0,3003.929,3345.862,-3.681,38.964,38.811,9.972,0.0,0.0
376,5.0,8.0,1.0,2.0,2.0,0.0,3285.508,3388.731,9.933,39.121,38.829,9.995,0.0,0.0
377,5.0,8.0,1.0,3.0,3.0,0.0,3242.547,3510.993,115.031,37.296,35.945,8.358,0.0,0.0
378,5.0,8.0,1.0,4.0,5.0,0.0,3252.699,3637.39,9.554,39.388,39.157,9.996,0.0,0.0
379,5.0,8.0,1.0,5.0,7.0,0.0,3072.019,3678.28,-11.127,38.765,37.373,9.761,0.0,0.0
380,6.0,8.0,1.0,0.0,1.0,0.0,3646.926,3362.336,92.26,38.912,38.467,9.921,0.0,0.0
381,6.0,8.0,1.0,1.0,2.0,0.0,3992.112,3426.88,31.876,39.967,39.615,9.909,0.0,0.0
382,6.0,8.0,1.0,2.0,3.0,0.0,3733.058,3465.671,109.017,38.434,38.058,9.883,0.0,0.0
383,6.0,8.0,1.0,3.0,5.0,0.0,3833.98,3553.541,132.777,39.032,37.912,9.501,0.0,0.0
385,6.0,8.0,1.0,5.0,8.0,0.0,3630.111,3581.139,24.26,38.963,38.743,9.964,0.0,0.0
386,7.0,8.0,1.0,0.0,0.0,0.0,4221.555,3315.052,51.136,38.875,38.553,9.928,0.0,0.0
387,7.0,8.0,1.0,1.0,2.0,0.0,4145.008,3584.479,12.324,39.223,38.85,9.936,0.0,0.0
388,7.0,8.0,1.0,2.0,3.0,0.0,4572.741,3608.549,17.08,39.746,39.308,9.986,0.0,0.0
389,8.0,8.0,1.0,0.0,0.0,0.0,4953.663,3329.124,44.358,38.961,38.879,9.981,0.0,0.0
390,8.0,8.0,1.0,1.0,1.0,0.0,4849.677,3382.531,126.214,38.737,38.459,9.898,0.0,0.0
391,8.0,8.0,1.0,2.0,3.0,0.0,5042.808,3526.105,124.02,38.788,38.519,9.988,0.0,0.0
392,8.0,8.0,1.0,3.0,4.0,0.0,4841.317,3595.578,121.306,39.006,38.813,9.978,0.0,0.0
393,8.0,8.0,1.0,4.0,5.0,0.0,4744.413,3600.641,38.158,38.73,38.66,9.923,0.0,0.0
395,0.0,9.0,1.0,0.0,1.0,0.0,174.074,3692.638,89.309,38.39,38.25,9.902,0.0,0.0
396,0.0,9.0,1.0,1.0,3.0,0.0,457.984,3702.592,131.268,38.755,38.39,9.892,0.0,0.0
397,0.0,9.0,1.0,2.0,5.0,0.0,492.429,3798.213,-24.629,39.007,38.889,9.988,0.0,0.0
398,0.0,9.0,1.0,3.0,7.0,0.0,138.842,3822.913,0.196,38.357,38.216,9.818,0.0,0.0
399,0.0,9.0,1.0,4.0,8.0,0.0,524.984,3849.516,-3.514,39.148,38.958,9.94,0.0,0.0
400,0.0,9.0,1.0,5.0,11.0,0.0,149.983,3930.922,111.991,38.624,38.426,9.955,0.0,0.0
401,1.0,9.0,1.0,0.0,0.0,0.0,677.14,3753.036,125.779,38.391,38.234,9.825,0.0,0.0
402,1.0,9.0,1.0,1.0,1.0,0.0,1078.378,3755.93,123.794,39.419,39.073,9.844,0.0,0.0
403,1.0,9.0,1.0,2.0,3.0,0.0,714.661,4044.542,-6.066,39.019,38.583,9.951,0.0,0.0
404,2.0,9.0,1.0,0.0,1.0,0.0,1233.844,3974.45,14.894,39.025,38.713,9.968,0.0,0.0
405,3.0,9.0,1.0,0.0,0.0,0.0,1998.851,3803.436,134.739,39.036,38.604,9.881,0.0,0.0
408,4.0,9.0,1.0,0.0,2.0,0.0,2455.273,3747.764,90.1,39.298,39.067,9.973,0.0,0.0
409,4.0,9.0,1.0,1.0,3.0,0.0,2507.039,3807.3,118.487,38.486,38.241,9.913,0.0,0.0
410,4.0,9.0,1.0,2.0,4.0,0.0,2788.035,3875.753,99.947,38.873,38.635,9.938,0.0,0.0
412,5.0,9.0,1.0,0.0,1.0,0.0,2978.468,3749.88,36.299,39.442,39.096,9.994,0.0,0.0
413,5.0,9.0,1.0,1.0,5.0,0.0,3182.801,3927.265,-20.183,38.534,38.34,9.932,0.0,0.0
414,5.0,9.0,1.0,2.0,7.0,0.0,3033.217,4003.422,87.88,38.79,38.534,9.915,0.0,0.0
415,5.0,9.0,1.0,3.0,8.0,0.0,3178.517,4005.01,76.228,38.647,38.549,9.974,0.0,0.0
418,6.0,9.0,1.0,1.0,2.0,0.0,3929.613,3720.131,-22.538,39.022,38.655,9.96,0.0,0.0
419,6.0,9.0,1.0,2.0,6.0,0.0,3538.301,3845.844,71.39,39.212,38.828,9.859,0.0,0.0
420,6.0,9.0,1.0,3.0,10.0,0.0,3664.342,3957.124,-12.559,38.98,38.575,9.944,0.0,0.0
421,6.0,9.0,1.0,4.0,14.0,0.0,3847.096,4043.88,63.25,38.655,38.537,9.898,0.0,0.0
422,7.0,9.0,1.0,0.0,0.0,0.0,4505.624,3704.096,109.535,39.041,38.77,9.977,0.0,0.0
423,7.0,9.0,1.0,1.0,2.0,0.0,4055.191,3839.298,35.824,39.357,39.033,9.976,0.0,0.0
424,7.0,9.0,1.0,2.0,3.0,0.0,4375.089,3841.285,122.135,38.034,37.93,9.815,0.0,0.0
425,7.0,9.0,1.0,3.0,6.0,0.0,4190.687,3985.714,58.553,39.222,39.154,9.974,0.0,0.0
426,8.0,9.0,1.0,0.0,3.0,0.0,4842.573,3845.121,44.315,38.609,38.479,9.884,0.0,0.0
427,8.0,9.0,1.0,1.0,4.0,0.0,4771.144,3852.991,59.286,38.753,38.44,9.898,0.0,0.0
430,8.0,9.0,1.0,4.0,8.0,0.0,4956.939,3965.664,-19.399,38.957,38.726,9.961,0.0,0.0
431,8.0,9.0,1.0,5.0,9.0,0.0,5123.434,4003.486,-44.943,39.422,39.328,9.948,0.0,0.0
432,9.0,9.0,1.0,0.0,1.0,0.0,5230.985,3835.54,59.697,34.737,34.23,9.353,0.0,0.0
433,9.0,9.0,1.0,1.0,4.0,0.0,5296.802,3965.544,130.376,38.901,38.793,9.962,0.0,0.0
434,9.0,9.0,1.0,2.0,8.0,0.0,5251.626,4091.544,-1.19,42.455,28.532,9.251,0.0,0.0
435,0.0,10.0,1.0,0.0,1.0,0.0,49.491,4145.801,-30.189,38.785,38.512,9.987,0.0,0.0
436,0.0,10.0,1.0,1.0,2.0,0.0,191.172,4336.177,118.718,39.093,38.774,9.909,0.0,0.0
437,0.0,10.0,1.0,2.0,3.0,0.0,300.013,4395.624,32.439,38.979,38.492,9.934,0.0,0.0
438,0.0,10.0,1.0,3.0,4.0,0.0,244.368,4400.049,-11.809,38.983,38.78,9.896,0.0,0.0
439,1.0,10.0,1.0,0.0,0.0,0.0,849.192,4106.75,41.266,38.616,38.284,9.936,0.0,0.0
440,1.0,10.0,1.0,1.0,2.0,0.0,794.947,4266.083,127.809,38.401,38.012,9.872,0.0,0.0
441,1.0,10.0,1.0,2.0,3.0,0.0,1136.518,4271.336,-13.02,38.954,38.857,9.902,0.0,0.0
442,1.0,10.0,1.0,3.0,4.0,0.0,1062.718,4303.558,35.298,39.082,38.624,9.889,0.0,0.0
443,2.0,10.0,1.0,0.0,0.0,0.0,1561.752,4105.6,-36.422,39.214,38.767,9.999,0.0,0.0
444,2.0,10.0,1.0,1.0,1.0,0.0,1653.017,4153.674,120.902,38.684,38.62,9.912,0.0,0.0
445,2.0,10.0,1.0,2.0,2.0,0.0,1405.773,4156.169,-43.795,38.945,38.634,9.948,0.0,0.0
446,2.0,10.0,1.0,3.0,4.0,0.0,1697.574,4201.701,109.439,39.071,38.714,9.899,0.0,0.0
447,2.0,10.0,1.0,4.0,6.0,0.0,1335.044,4287.432,108.687,38.784,38.658,9.93,0.0,0.0
448,3.0,10.0,1.0,0.0,3.0,0.0,1847.842,4246.128,-38.269,39.583,38.88,9.84,0.0,0.0
449,3.0,10.0,1.0,1.0,5.0,0.0,1994.577,4326.721,94.967,38.507,38.365,9.932,0.0,0.0
450,3.0,10.0,1.0,2.0,9.0,0.0,1895.551,4450.421,6.455,39.18,39.121,9.965,0.0,0.0
451,4.0,10.0,1.0,0.0,2.0,0.0,2541.56,4112.719,65.763,38.971,38.55,9.939,0.0,0.0
452,4.0,10.0,1.0,1.0,3.0,0.0,2676.701,4116.726,95.844,39.11,38.792,9.988,0.0,0.0
453,4.0,10.0,1.0,2.0,6.0,0.0,2661.539,4202.479,110.034,38.911,38.444,9.918,0.0,0.0
454,4.0,10.0,1.0,3.0,10.0,0.0,2510.637,4344.889,-20.42,38.217,38.074,9.857,0.0,0.0
455,5.0,10.0,1.0,0.0,1.0,0.0,3123.217,4112.486,115.833,38.658,38.326,9.947,0.0,0.0
456,5.0,10.0,1.0,1.0,3.0,0.0,2968.468,4148.689,127.425,38.733,38.469,9.899,0.0,0.0
457,5.0,10.0,1.0,2.0,4.0,0.0,3281.158,4283.172,66.003,38.193,37.918,9.834,0.0,0.0
458,5.0,10.0,1.0,3.0,5.0,0.0,3031.491,4290.987,15.261,38.472,38.341,9.849,0.0,0.0
459,5.0,10.0,1.0,4.0,6.0,0.0,3130.325,4466.266,117.909,39.562,39.424,9.978,0.0,0.0
460,5.0,10.0,1.0,5.0,7.0,0.0,3380.203,4474.262,43.336,39.23,39.024,9.959,0.0,0.0
461,6.0,10.0,1.0,0.0,0.0,0.0,4041.822,4229.746,91.668,41.992,31.866,9.342,0.0,0.0
462,6.0,10.0,1.0,1.0,1.0,0.0,3675.339,4346.249,94.413,38.187,38.132,9.861,0.0,0.0
463,6.0,10.0,1.0,2.0,2.0,0.0,3562.041,4369.224,19.208,38.926,38.717,9.956,0.0,0.0
464,7.0,10.0,1.0,0.0,1.0,0.0,4460.62,4143.087,33.871,38.892,38.626,9.939,0.0,0.0
465,7.0,10.0,1.0,1.0,2.0,0.0,4543.518,4176.7,-18.767,39.143,37.915,9.88,0.0,0.0
466,8.0,10.0,1.0,0.0,0.0,0.0,4820.279,4206.467,-3.382,38.585,38.426,9.95,0.0,0.0
467,8.0,10.0,1.0,1.0,1.0,0.0,5189.982,4261.218,96.867,39.327,37.879,9.823,0.0,0.0
468,8.0,10.0,1.0,2.0,2.0,0.0,4761.417,4279.189,122.762,38.621,38.351,9.945,0.0,0.0
469,8.0,10.0,1.0,3.0,3.0,0.0,4629.857,4283.555,76.001,39.111,38.982,9.938,0.0,0.0
470,8.0,10.0,1.0,4.0,4.0,0.0,5103.124,4298.275,-2.304,38.622,38.325,9.942,0.0,0.0
471,8.0,10.0,1.0,5.0,5.0,0.0,5160.316,4351.333,118.303,39.463,39.115,10.0,0.0,0.0
472,8.0,10.0,1.0,6.0,6.0,0.0,5025.947,4365.504,30.805,38.427,38.02,9.802,0.0,0.0
473,8.0,10.0,1.0,7.0,8.0,0.0,4650.881,4495.752,1.167,40.639,35.552,9.679,0.0,0.0
474,9.0,10.0,1.0,0.0,3.0,0.0,5597.349,4167.653,105.221,39.135,38.495,9.953,0.0,0.0
475,9.0,10.0,1.0,1.0,5.0,0.0,5579.176,4215.849,9.169,38.462,38.359,9.926,0.0,0.0
476,9.0,10.0,1.0,2.0,6.0,0.0,5488.59,4220.857,32.423,38.042,37.871,9.885,0.0,0.0
477,9.0,10.0,1.0,3.0,9.0,0.0,5374.96,4410.325,50.109,38.831,38.621,9.931,0.0,0.0
478,9.0,10.0,1.0,4.0,10.0,0.0,5274.183,4451.646,60.371,39.285,39.067,9.971,0.0,0.0
479,0.0,11.0,1.0,0.0,4.0,0.0,244.394,4630.731,-11.358,38.886,38.857,9.968,0.0,0.0
480,0.0,11.0,1.0,1.0,5.0,0.0,323.877,4631.279,81.367,38.331,37.754,9.83,0.0,0.0
481,0.0,11.0,1.0,2.0,6.0,0.0,46.488,4647.449,19.768,38.946,38.788,9.967,0.0,0.0
482,0.0,11.0,1.0,3.0,7.0,0.0,122.392,4802.942,19.488,38.773,38.596,9.996,0.0,0.0
483,1.0,11.0,1.0,0.0,2.0,0.0,1121.446,4592.962,-44.956,39.562,39.48,9.912,0.0,0.0
484,1.0,11.0,1.0,1.0,3.0,0.0,1123.446,4651.618,5.161,39.228,39.077,9.965,0.0,0.0
485,1.0,11.0,1.0,2.0,4.0,0.0,995.966,4661.828,-11.489,38.1,37.761,9.801,0.0,0.0
486,1.0,11.0,1.0,3.0,5.0,0.0,739.929,4686.739,95.385,38.423,38.026,9.877,0.0,0.0
487,1.0,11.0,1.0,4.0,6.0,0.0,678.705,4764.17,19.253,38.858,38.622,9.935,0.0,0.0
488,1.0,11.0,1.0,5.0,7.0,0.0,1001.503,4768.737,-24.045,38.654,38.431,9.96,0.0,0.0
489,1.0,11.0,1.0,6.0,9.0,0.0,621.677,4820.188,18.289,38.899,38.855,9.97,0.0,0.0
490,1.0,11.0,1.0,7.0,10.0,0.0,791.565,4854.772,-2.167,39.395,38.98,9.974,0.0,0.0
491,2.0,11.0,1.0,0.0,0.0,0.0,1238.834,4529.946,106.967,38.517,38.224,9.915,0.0,0.0
492,3.0,11.0,1.0,0.0,0.0,0.0,2018.712,4565.015,65.04,38.758,38.519,9.909,0.0,0.0
493,3.0,11.0,1.0,1.0,1.0,0.0,2092.605,4653.65,-39.491,38.597,38.171,9.919,0.0,0.0
494,3.0,11.0,1.0,2.0,2.0,0.0,2060.417,4694.239,99.202,38.242,37.65,9.805,0.0,0.0
495,3.0,11.0,1.0,3.0,4.0,0.0,2281.675,4713.81,-28.035,39.279,39.01,9.963,0.0,0.0
497,3.0,11.0,1.0,5.0,6.0,0.0,2039.827,4800.523,126.064,38.801,38.645,9.93,0.0,0.0
499,3.0,11.0,1.0,7.0,8.0,0.0,1821.022,4824.039,35.742,38.897,38.685,9.948,0.0,0.0
500,4.0,11.0,1.0,0.0,0.0,0.0,2430.718,4563.821,110.867,38.444,38.391,9.927,0.0,0.0
501,4.0,11.0,1.0,1.0,1.0,0.0,2769.759,4574.86,18.041,38.976,38.397,9.921,0.0,0.0
502,4.0,11.0,1.0,2.0,5.0,0.0,2452.482,4742.924,132.896,38.489,38.404,9.935,0.0,0.0
503,4.0,11.0,1.0,3.0,6.0,0.0,2529.331,4750.657,102.44,35.238,35.038,9.53,0.0,0.0
504,4.0,11.0,1.0,4.0,7.0,0.0,2381.086,4786.992,93.867,38.674,38.453,9.889,0.0,0.0
505,4.0,11.0,1.0,5.0,9.0,0.0,2405.973,4886.953,125.236,39.651,39.418,9.988,0.0,0.0
506,5.0,11.0,1.0,0.0,5.0,0.0,3314.472,4648.566,2.463,38.299,38.155,9.878,0.0,0.0
507,5.0,11.0,1.0,1.0,6.0,0.0,3120.04,4651.349,24.424,38.26,38.126,9.794,0.0,0.0
508,6.0,11.0,1.0,0.0,0.0,0.0,3739.358,4519.221,-35.528,39.582,39.286,9.963,0.0,0.0
509,6.0,11.0,1.0,1.0,2.0,0.0,3494.75,4546.533,77.416,38.997,38.898,9.988,0.0,0.0
510,6.0,11.0,1.0,2.0,4.0,0.0,3628.057,4571.36,25.89,39.473,38.947,9.98,0.0,0.0
511,6.0,11.0,1.0,3.0,6.0,0.0,3677.293,4595.066,100.915,38.568,38.167,9.914,0.0,0.0
512,6.0,11.0,1.0,4.0,7.0,0.0,3806.911,4626.344,87.316,38.849,38.727,9.947,0.0,0.0
513,6.0,11.0,1.0,5.0,9.0,0.0,3661.814,4783.104,107.338,38.887,38.605,9.936,0.0,0.0
514,6.0,11.0,1.0,6.0,11.0,0.0,3752.675,4809.776,-25.808,38.71,38.495,9.899,0.0,0.0
517,7.0,11.0,1.0,2.0,6.0,0.0,4258.088,4709.281,128.672,39.668,39.46,9.996,0.0,0.0
518,7.0,11.0,1.0,3.0,7.0,0.0,4313.924,4711.013,7.611,38.782,38.432,9.901,0.0,0.0
519,7.0,11.0,1.0,4.0,8.0,0.0,4213.422,4733.147,131.252,38.601,38.33,9.94,0.0,0.0
520,7.0,11.0,1.0,5.0,9.0,0.0,4434.806,4824.701,9.166,39.198,38.753,9.92,0.0,0.0
522,7.0,11.0,1.0,7.0,11.0,0.0,4180.416,4909.283,-1.886,43.912,23.708,9.078,0.0,0.0
523,8.0,11.0,1.0,0.0,1.0,0.0,4982.13,4513.707,71.446,38.735,38.572,9.912,0.0,0.0
524,8.0,11.0,1.0,1.0,3.0,0.0,5037.168,4731.923,-22.163,38.912,38.675,9.948,0.0,0.0
525,8.0,11.0,1.0,2.0,4.0,0.0,5077.459,4791.435,30.043,38.608,38.473,9.959,0.0,0.0
526,9.0,11.0,1.0,0.0,4.0,0.0,5385.848,4807.464,120.596,38.86,38.828,9.961,0.0,0.0
527,9.0,11.0,1.0,1.0,5.0,0.0,5296.441,4835.305,106.691,39.358,38.797,9.946,0.0,0.0
528,0.0,12.0,1.0,0.0,0.0,0.0,136.093,4937.414,99.37,39.403,38.872,9.961,0.0,0.0
529,0.0,12.0,1.0,1.0,2.0,0.0,356.596,5029.223,104.272,38.696,38.356,9.88,0.0,0.0
530,0.0,12.0,1.0,2.0,5.0,0.0,253.536,5147.955,74.502,38.051,37.581,9.848,0.0,0.0
531,0.0,12.0,1.0,3.0,7.0,0.0,254.879,5218.751,77.601,39.371,38.983,9.971,0.0,0.0
532,0.0,12.0,1.0,4.0,8.0,0.0,286.378,5259.022,26.795,39.215,38.898,9.941,0.0,0.0
533,1.0,12.0,1.0,0.0,2.0,0.0,812.76,5036.149,-1.844,39.154,38.789,9.994,0.0,0.0
534,1.0,12.0,1.0,1.0,3.0,0.0,683.157,5087.603,107.771,39.204,39.036,9.957,0.0,0.0
535,1.0,12.0,1.0,2.0,4.0,0.0,767.604,5171.569,37.985,38.855,38.624,9.934,0.0,0.0
536,1.0,12.0,1.0,3.0,7.0,0.0,867.384,5294.2,112.94,38.878,38.758,9.955,0.0,0.0
537,2.0,12.0,1.0,0.0,0.0,0.0,1613.819,4922.768,-27.434,38.887,38.717,9.876,0.0,0.0
538,2.0,12.0,1.0,1.0,2.0,0.0,1279.374,4962.116,65.792,38.471,38.313,9.921,0.0,0.0
539,2.0,12.0,1.0,2.0,4.0,0.0,1354.554,5075.75,110.137,38.742,38.654,9.924,0.0,0.0
540,2.0,12.0,1.0,3.0,5.0,0.0,1279.889,5108.915,54.254,38.983,38.972,9.996,0.0,0.0
541,2.0,12.0,1.0,4.0,7.0,0.0,1230.308,5173.54,2.21,39.488,39.027,9.991,0.0,0.0
542,2.0,12.0,1.0,5.0,9.0,0.0,1180.151,5204.213,-26.949,38.586,38.239,9.851,0.0,0.0
543,3.0,12.0,1.0,0.0,2.0,0.0,2009.043,5118.031,97.646,38.663,38.558,9.901,0.0,0.0
544,3.0,12.0,1.0,1.0,3.0,0.0,1966.568,5143.562,-27.791,38.838,38.61,9.931,0.0,0.0
545,3.0,12.0,1.0,2.0,4.0,0.0,1866.036,5188.688,-42.704,38.859,38.798,9.957,0.0,0.0
546,3.0,12.0,1.0,3.0,6.0,0.0,1907.513,5235.647,92.877,39.333,39.041,9.974,0.0,0.0
547,3.0,12.0,1.0,4.0,7.0,0.0,2181.983,5301.534,60.234,39.11,38.97,9.936,0.0,0.0
548,3.0,12.0,1.0,5.0,8.0,0.0,1824.162,5313.987,-1.892,42.29,31.509,9.331,0.0,0.0
549,4.0,12.0,1.0,0.0,2.0,0.0,2801.232,5058.265,52.714,38.934,38.818,9.895,0.0,0.0
550,4.0,12.0,1.0,1.0,4.0,0.0,2698.765,5122.888,133.355,37.483,37.324,9.74,0.0,0.0
551,4.0,12.0,1.0,2.0,5.0,0.0,2480.462,5128.54,-19.893,39.067,38.689,9.97,0.0,0.0
552,4.0,12.0,1.0,3.0,6.0,0.0,2484.513,5193.504,16.421,38.995,38.799,9.975,0.0,0.0
553,4.0,12.0,1.0,4.0,7.0,0.0,2344.68,5203.036,-4.816,39.159,38.7,9.983,0.0,0.0
554,4.0,12.0,1.0,5.0,8.0,0.0,2585.916,5310.09,-9.665,39.883,37.956,9.83,0.0,0.0
555,4.0,12.0,1.0,6.0,9.0,0.0,2774.368,5312.632,-4.663,40.962,34.765,9.555,0.0,0.0
556,5.0,12.0,1.0,0.0,0.0,0.0,2945.641,4941.824,58.245,39.12,38.75,9.985,0.0,0.0
557,5.0,12.0,1.0,1.0,1.0,0.0,3059.58,4960.218,78.57,38.396,37.938,9.788,0.0,0.0
558,5.0,12.0,1.0,2.0,2.0,0.0,3384.44,5084.156,52.548,39.088,38.691,9.898,0.0,0.0
560,5.0,12.0,1.0,4.0,5.0,0.0,3463.881,5218.749,91.534,40.95,35.449,9.555,0.0,0.0
561,5.0,12.0,1.0,5.0,7.0,0.0,3162.733,5317.092,-3.416,42.765,25.463,9.185,0.0,0.0
562,6.0,12.0,1.0,0.0,2.0,0.0,3788.956,5011.252,70.687,39.247,38.512,9.895,0.0,0.0
563,6.0,12.0,1.0,1.0,4.0,0.0,3529.486,5050.528,104.968,39.179,38.955,9.943,0.0,0.0
564,6.0,12.0,1.0,2.0,5.0,0.0,4041.344,5107.356,89.354,42.351,33.046,9.409,0.0,0.0
565,6.0,12.0,1.0,3.0,6.0,0.0,3764.565,5108.283,60.795,38.477,37.897,9.867,0.0,0.0
567,7.0,12.0,1.0,1.0,3.0,0.0,4201.883,4974.591,114.112,39.248,38.611,9.983,0.0,0.0
568,7.0,12.0,1.0,2.0,5.0,0.0,4577.527,5049.54,120.73,39.222,38.764,9.999,0.0,0.0
569,7.0,12.0,1.0,3.0,8.0,0.0,4450.775,5119.58,102.305,39.041,38.812,9.982,0.0,0.0
570,7.0,12.0,1.0,4.0,9.0,0.0,4085.537,5143.594,48.21,39.401,39.03,9.981,0.0,0.0
572,7.0,12.0,1.0,6.0,11.0,0.0,4255.534,5317.682,-2.499,41.817,25.539,9.477,0.0,0.0
573,8.0,12.0,1.0,0.0,2.0,0.0,4709.753,4988.885,63.355,39.179,38.557,9.894,0.0,0.0
574,8.0,12.0,1.0,1.0,3.0,0.0,4914.416,4969.076,91.689,38.598,38.385,9.871,0.0,0.0
575,8.0,12.0,1.0,2.0,4.0,0.0,4855.775,4998.139,109.675,38.14,37.915,9.827,0.0,0.0
576,8.0,12.0,1.0,3.0,5.0,0.0,5081.27,5053.903,-29.286,39.172,38.88,9.933,0.0,0.0
577,8.0,12.0,1.0,4.0,6.0,0.0,4956.948,5077.041,112.761,37.909,37.606,9.833,0.0,0.0
578,8.0,12.0,1.0,5.0,7.0,0.0,5099.872,5155.586,122.288,38.691,38.569,9.982,0.0,0.0
579,9.0,12.0,1.0,0.0,2.0,0.0,5409.487,4988.641,79.005,39.23,38.548,9.972,0.0,0.0
580,9.0,12.0,1.0,1.0,4.0,0.0,5269.179,5016.573,94.229,38.256,37.829,9.83,0.0,0.0
581,9.0,12.0,1.0,2.0,5.0,0.0,5445.021,5067.138,68.692,38.612,38.357,9.944,0.0,0.0
582,9.0,12.0,1.0,3.0,7.0,0.0,5295.849,5182.275,-7.358,39.158,38.663,9.978,0.0,0.0
583,9.0,12.0,1.0,4.0,8.0,0.0,5619.337,5182.739,132.643,38.269,38.048,9.86,0.0,0.0
584,9.0,12.0,1.0,5.0,9.0,0.0,5243.149,5230.654,117.66,39.268,38.969,9.956,0.0,0.0
585,0.0,0.0,1.0,0.0,0.0,0.0,461.115,130.33,117.585,40.573,36.291,32.628,4.0,
586,0.0,0.0,1.0,0.0,0.0,0.0,551.164,324.691,-24.862,40.44,36.748,32.675,4.0,
587,0.0,1.0,1.0,0.0,0.0,0.0,551.173,510.89,110.805,40.355,37.695,33.191,4.0,
588,0.0,1.0,1.0,0.0,0.0,0.0,497.723,740.261,125.643,43.142,33.224,29.922,4.0,
589,0.0,3.0,1.0,0.0,0.0,0.0,449.155,1320.454,5.803,38.819,37.0,32.179,4.0,
590,0.0,3.0,1.0,0.0,0.0,0.0,425.955,1520.754,84.23,39.204,37.401,32.621,4.0,
591,0.0,3.0,1.0,0.0,0.0,0.0,184.902,1474.127,97.056,39.341,37.613,32.772,4.0,
592,0.0,3.0,1.0,0.0,0.0,0.0,212.903,1522.469,15.332,39.078,34.29,31.271,4.0,
593,0.0,4.0,1.0,0.0,0.0,0.0,451.188,1943.32,64.693,37.125,35.348,30.798,4.0,
594,0.0,4.0,1.0,0.0,0.0,0.0,528.986,1953.635,90.238,39.337,37.167,32.543,4.0,
595,0.0,5.0,1.0,0.0,0.0,0.0,254.015,2352.352,96.836,38.773,35.021,31.447,4.0,
596,0.0,5.0,1.0,0.0,0.0,0.0,334.403,2438.002,107.469,37.368,36.76,31.549,4.0,
597,0.0,5.0,1.0,0.0,0.0,0.0,528.949,2167.845,-20.413,41.809,38.003,33.82,4.0,
598,0.0,6.0,1.0,0.0,0.0,0.0,362.431,2483.826,127.116,41.109,38.442,33.762,4.0,
599,0.0,7.0,1.0,0.0,0.0,0.0,405.144,2974.169,101.3,39.709,39.019,33.478,4.0,
600,0.0,7.0,1.0,0.0,0.0,0.0,563.556,3075.432,18.489,40.446,40.262,34.308,4.0,
601,0.0,7.0,1.0,0.0,0.0,0.0,362.119,3050.855,-44.083,40.399,39.107,33.787,4.0,
602,0.0,7.0,1.0,0.0,0.0,0.0,392.644,3085.306,-25.538,41.079,32.856,31.194,4.0,
603,0.0,7.0,1.0,0.0,0.0,0.0,306.788,3208.131,-32.348,42.802,35.802,32.844,4.0,
604,0.0,9.0,1.0,0.0,0.0,0.0,327.608,3695.443,60.895,39.591,35.398,32.033,4.0,
605,0.0,10.0,1.0,0.0,0.0,0.0,87.256,4480.394,57.599,41.599,36.982,33.212,4.0,
606,0.0,11.0,1.0,0.0,0.0,0.0,339.113,4548.714,108.861,41.865,37.09,33.525,4.0,
607,0.0,11.0,1.0,0.0,0.0,0.0,473.778,4861.2,89.108,39.593,34.977,31.849,4.0,
608,0.0,12.0,1.0,0.0,0.0,0.0,300.298,5093.68,127.42,39.775,36.462,32.454,4.0,
609,0.0,12.0,1.0,0.0,0.0,0.0,434.177,5052.053,9.036,40.589,36.682,32.737,4.0,
610,1.0,11.0,1.0,0.0,0.0,0.0,1086.878,4560.632,57.937,41.173,37.71,33.578,4.0,
611,1.0,11.0,1.0,0.0,0.0,0.0,905.802,4805.141,-31.259,39.727,37.361,32.623,4.0,
612,1.0,11.0,1.0,0.0,0.0,0.0,850.024,4879.319,92.156,39.749,36.324,29.819,4.0,
613,1.0,10.0,1.0,0.0,0.0,0.0,1104.143,4338.749,96.497,40.806,37.86,33.416,4.0,
614,1.0,10.0,1.0,0.0,0.0,0.0,789.419,4398.09,-16.605,38.974,36.848,32.222,4.0,
615,1.0,10.0,1.0,0.0,0.0,0.0,832.809,4403.551,40.375,39.84,35.805,32.15,4.0,
616,1.0,10.0,1.0,0.0,0.0,0.0,734.539,4198.708,60.236,41.525,39.819,34.629,4.0,
617,1.0,8.0,1.0,0.0,0.0,0.0,664.657,3519.676,130.739,41.039,35.195,32.535,4.0,
618,1.0,8.0,1.0,0.0,0.0,0.0,986.157,3630.751,75.782,41.743,34.581,32.695,4.0,
619,1.0,6.0,1.0,0.0,0.0,0.0,1104.492,2796.277,-3.154,39.355,37.501,32.595,4.0,
620,1.0,5.0,1.0,0.0,0.0,0.0,828.442,2155.26,73.258,41.34,40.693,34.889,4.0,
621,1.0,5.0,1.0,0.0,0.0,0.0,746.312,2371.883,74.641,43.051,40.472,35.515,4.0,
622,1.0,5.0,1.0,0.0,0.0,0.0,1059.525,2071.14,68.851,40.12,37.164,32.833,4.0,
623,1.0,4.0,1.0,0.0,0.0,0.0,715.717,2017.81,124.669,39.437,37.905,32.94,4.0,
624,1.0,4.0,1.0,0.0,0.0,0.0,1140.805,1770.755,52.26,39.69,38.729,33.374,4.0,
625,1.0,3.0,1.0,0.0,0.0,0.0,1037.15,1283.706,30.571,43.642,36.409,34.071,4.0,
626,1.0,2.0,1.0,0.0,0.0,0.0,991.148,1201.152,-22.681,39.501,35.55,31.715,4.0,
627,1.0,1.0,1.0,0.0,0.0,0.0,943.227,799.449,-1.955,37.75,36.886,31.693,4.0,
628,1.0,0.0,1.0,0.0,0.0,0.0,971.426,257.143,46.311,41.811,35.798,32.769,4.0,
629,1.0,0.0,1.0,0.0,0.0,0.0,961.735,337.913,94.167,37.796,35.993,31.413,4.0,
630,2.0,0.0,1.0,0.0,0.0,0.0,1188.978,102.752,31.799,39.878,38.733,33.43,4.0,
631,2.0,0.0,1.0,0.0,0.0,0.0,1247.231,301.441,68.726,39.915,38.22,33.333,4.0,
632,2.0,0.0,1.0,0.0,0.0,0.0,1632.65,401.668,69.316,37.497,36.136,31.358,4.0,
633,2.0,1.0,1.0,0.0,0.0,0.0,1214.77,696.012,-0.922,40.866,37.531,33.082,4.0,
634,2.0,1.0,1.0,0.0,0.0,0.0,1232.484,574.519,-12.424,43.319,35.447,33.142,4.0,
635,2.0,3.0,1.0,0.0,0.0,0.0,1494.316,1297.406,-15.346,42.553,37.872,34.004,4.0,
636,2.0,3.0,1.0,0.0,0.0,0.0,1410.907,1541.188,89.767,38.531,35.162,31.371,4.0,
637,2.0,5.0,1.0,0.0,0.0,0.0,1334.627,2216.802,5.941,42.665,39.579,34.873,4.0,
638,2.0,5.0,1.0,0.0,0.0,0.0,1196.907,2311.124,-27.845,42.094,33.536,32.211,4.0,
639,2.0,7.0,1.0,0.0,0.0,0.0,1463.827,3079.397,10.149,41.272,37.639,33.517,4.0,
640,2.0,7.0,1.0,0.0,0.0,0.0,1694.14,3217.07,59.476,42.761,34.638,32.262,4.0,
641,3.0,10.0,1.0,0.0,0.0,0.0,2060.725,4342.352,83.606,37.975,33.904,30.682,4.0,
642,3.0,8.0,1.0,0.0,0.0,0.0,1894.324,3394.181,93.775,41.3,37.796,33.849,4.0,
643,3.0,8.0,1.0,0.0,0.0,0.0,2228.166,3346.942,-13.334,42.019,36.267,32.911,4.0,
644,3.0,6.0,1.0,0.0,0.0,0.0,2026.324,2512.927,68.673,39.282,35.474,31.787,4.0,
645,3.0,6.0,1.0,0.0,0.0,0.0,1853.661,2774.072,58.532,36.898,36.592,31.268,4.0,
646,3.0,2.0,1.0,0.0,0.0,0.0,2223.043,1060.073,107.578,39.043,29.968,29.376,4.0,
647,3.0,2.0,1.0,0.0,0.0,0.0,2258.157,1085.237,69.088,42.244,34.621,32.485,4.0,
648,3.0,2.0,1.0,0.0,0.0,0.0,2171.793,1194.204,123.568,41.122,36.872,33.413,4.0,
649,3.0,1.0,1.0,0.0,0.0,0.0,1924.131,581.223,42.249,41.43,33.22,31.864,4.0,
650,3.0,1.0,1.0,0.0,0.0,0.0,2012.999,709.731,84.583,37.638,35.643,31.211,4.0,
651,3.0,0.0,1.0,0.0,0.0,0.0,2189.138,296.823,-36.961,39.977,39.153,33.623,4.0,
652,3.0,0.0,1.0,0.0,0.0,0.0,2135.176,77.603,94.398,42.898,35.65,33.402,4.0,
653,3.0,0.0,1.0,0.0,0.0,0.0,1886.934,31.239,19.022,37.408,35.572,31.063,4.0,
654,3.0,0.0,1.0,0.0,0.0,0.0,2184.839,55.367,91.389,39.674,33.351,31.067,4.0,
655,4.0,0.0,1.0,0.0,0.0,0.0,2763.101,156.551,128.463,39.834,38.01,33.107,4.0,
656,4.0,0.0,1.0,0.0,0.0,0.0,2578.506,149.561,52.54,43.469,36.619,34.257,4.0,
657,4.0,0.0,1.0,0.0,0.0,0.0,2345.749,230.557,-19.082,40.461,34.135,31.438,4.0,
658,4.0,0.0,1.0,0.0,0.0,0.0,2395.111,252.496,-8.293,36.761,34.168,27.782,4.0,
659,4.0,1.0,1.0,0.0,0.0,0.0,2792.004,636.223,20.638,38.152,34.612,31.066,4.0,
660,4.0,2.0,1.0,0.0,0.0,0.0,2410.748,1131.083,17.463,38.724,34.631,31.202,4.0,
661,5.0,5.0,1.0,0.0,0.0,0.0,3422.375,2125.713,-14.693,43.477,36.249,33.243,4.0,
662,8.0,8.0,1.0,0.0,0.0,0.0,4892.382,3670.586,98.182,39.397,37.461,32.748,4.0,
</ResultDatas>,,,,,,,,,,,,,,
<ElementResult>,,,,,,,,,,,,,,
0,0.0,,,,,,,,,,,,,
1,0.0,,,,,,,,,,,,,
2,0.0,,,,,,,,,,,,,
3,0.0,,,,,,,,,,,,,
4,0.0,,,,,,,,,,,,,
5,610.0,,,,,,,,,,,,,
</ElementResult>,,,,,,,,,,,,,,
1,0.0,0.0,1.0,1.0,1.0,0.0,130.661,84.103,-17.183,38.904,38.815,9.965,0.0,0.0
2,0.0,0.0,1.0,2.0,2.0,0.0,502.036,106.88,20.361,38.287,38.112,9.871,0.0,0.0
3,0.0,0.0,1.0,3.0,3.0,0.0,311.049,118.418,-35.866,37.884,36.206,9.665,0.0,0.0
4,0.0,0.0,1.0,4.0,4.0,0.0,152.193,247.544,83.022,37.771,37.669,9.823,0.0,0.0
5,1.0,0.0,1.0,0.0,1.0,0.0,670.878,65.103,112.896,38.24,37.615,9.509,0.0,0.0
7,1.0,0.0,1.0,2.0,3.0,0.0,1037.99,138.978,133.259,37.871,36.99,9.244,0.0,0.0
8,1.0,0.0,1.0,3.0,4.0,0.0,710.202,140.009,15.406,38.487,38.154,9.903,0.0,0.0
9,1.0,0.0,1.0,4.0,9.0,0.0,628.933,400.637,-5.933,38.906,38.305,9.9,0.0,0.0
10,2.0,0.0,1.0,0.0,2.0,0.0,1576.718,84.343,127.724,37.867,37.526,9.817,0.0,0.0
12,2.0,0.0,1.0,2.0,4.0,0.0,1370.541,261.37,130.388,39.131,37.165,9.089,0.0,0.0
13,2.0,0.0,1.0,3.0,5.0,0.0,1336.409,303.516,-13.013,38.258,38.181,9.801,0.0,0.0
14,2.0,0.0,1.0,4.0,6.0,0.0,1465.087,383.886,4.612,39.027,38.88,9.989,0.0,0.0
15,2.0,0.0,1.0,5.0,8.0,0.0,1288.281,407.731,-4.311,39.145,38.84,10.0,0.0,0.0
16,2.0,0.0,1.0,6.0,9.0,0.0,1524.131,418.834,-11.991,39.672,28.589,8.673,0.0,0.0
17,2.0,0.0,1.0,7.0,10.0,0.0,1209.019,420.492,-0.606,41.134,27.057,9.422,0.0,0.0
18,3.0,0.0,1.0,0.0,1.0,0.0,1982.019,75.232,-36.128,38.197,38.028,9.925,0.0,0.0
19,3.0,0.0,1.0,1.0,4.0,0.0,2094.435,350.779,109.59,38.724,38.27,9.948,0.0,0.0
20,3.0,0.0,1.0,2.0,5.0,0.0,2111.373,414.302,-3.156,39.856,37.708,9.871,0.0,0.0
21,4.0,0.0,1.0,0.0,0.0,0.0,2828.662,44.685,107.174,38.998,37.593,9.134,0.0,0.0
22,4.0,0.0,1.0,1.0,1.0,0.0,2566.722,73.872,114.25,37.806,37.485,9.728,0.0,0.0
24,4.0,0.0,1.0,3.0,5.0,0.0,2585.37,316.359,-37.386,38.749,37.032,8.801,0.0,0.0
25,4.0,0.0,1.0,4.0,6.0,0.0,2462.339,364.584,-13.628,38.253,37.988,9.85,0.0,0.0
26,4.0,0.0,1.0,5.0,7.0,0.0,2392.422,373.615,-37.238,39.038,38.743,9.973,0.0,0.0
27,5.0,0.0,1.0,0.0,0.0,0.0,3344.713,49.001,132.9,38.639,38.513,9.968,0.0,0.0
28,5.0,0.0,1.0,1.0,1.0,0.0,3124.533,67.008,89.622,37.964,36.808,9.297,0.0,0.0
29,5.0,0.0,1.0,2.0,2.0,0.0,2919.116,98.081,38.741,38.965,38.48,9.93,0.0,0.0
30,5.0,0.0,1.0,3.0,3.0,0.0,3450.834,280.16,50.096,38.576,37.623,9.844,0.0,0.0
31,6.0,0.0,1.0,0.0,1.0,0.0,3800.891,83.987,73.924,37.891,37.733,9.847,0.0,0.0
33,6.0,0.0,1.0,2.0,2.0,0.0,3649.501,88.526,119.392,38.427,34.587,9.571,0.0,0.0
35,6.0,0.0,1.0,4.0,4.0,0.0,3986.289,161.318,-29.024,38.425,37.168,9.137,0.0,0.0
36,6.0,0.0,1.0,5.0,5.0,0.0,3701.021,239.874,120.477,38.124,37.964,9.831,0.0,0.0
37,7.0,0.0,1.0,0.0,1.0,0.0,4341.138,68.618,109.343,37.852,37.04,9.454,0.0,0.0
38,7.0,0.0,1.0,1.0,3.0,0.0,4575.08,238.254,33.749,38.239,37.756,9.895,0.0,0.0
39,7.0,0.0,1.0,2.0,4.0,0.0,4148.748,283.201,32.499,38.638,38.456,9.961,0.0,0.0
40,8.0,0.0,1.0,0.0,0.0,0.0,4702.214,120.046,49.174,38.291,37.941,9.85,0.0,0.0
41,8.0,0.0,1.0,1.0,1.0,0.0,5043.742,145.972,57.736,38.268,37.837,9.833,0.0,0.0
42,8.0,0.0,1.0,2.0,3.0,0.0,5144.288,283.941,7.075,39.007,38.718,9.966,0.0,0.0
43,9.0,0.0,1.0,0.0,1.0,0.0,5767.544,71.515,91.736,39.234,35.527,9.649,0.0,0.0
44,9.0,0.0,1.0,1.0,3.0,0.0,5360.602,253.009,96.465,37.615,37.451,9.774,0.0,0.0
45,9.0,0.0,1.0,2.0,4.0,0.0,5767.099,264.012,93.89,39.429,36.495,9.728,0.0,0.0
46,9.0,0.0,1.0,3.0,5.0,0.0,5420.008,308.503,90.86,38.024,37.896,9.809,0.0,0.0
48,0.0,1.0,1.0,0.0,3.0,0.0,295.584,495.686,85.342,38.005,37.009,8.956,0.0,0.0
49,0.0,1.0,1.0,1.0,6.0,0.0,156.613,638.949,76.693,38.498,38.3,9.847,0.0,0.0
50,0.0,1.0,1.0,2.0,9.0,0.0,341.611,799.06,66.61,38.323,38.28,9.897,0.0,0.0
51,0.0,1.0,1.0,3.0,10.0,0.0,467.649,822.128,-0.799,39.308,37.709,9.875,0.0,0.0
52,0.0,1.0,1.0,4.0,11.0,0.0,115.967,824.164,-1.867,40.116,34.76,9.588,0.0,0.0
53,1.0,1.0,1.0,0.0,2.0,0.0,749.628,446.414,106.882,46.355,35.013,9.318,0.0,0.0
54,1.0,1.0,1.0,1.0,4.0,0.0,878.518,536.278,126.065,38.153,37.213,9.38,0.0,0.0
56,1.0,1.0,1.0,3.0,7.0,0.0,854.751,660.817,11.795,38.11,37.849,9.814,0.0,0.0
57,1.0,1.0,1.0,4.0,8.0,0.0,1140.003,692.02,8.741,38.81,38.697,9.938,0.0,0.0
58,1.0,1.0,1.0,5.0,9.0,0.0,611.771,727.796,-2.911,38.725,38.226,9.867,0.0,0.0
59,1.0,1.0,1.0,6.0,10.0,0.0,1031.579,763.595,7.901,38.954,38.601,9.944,0.0,0.0
60,1.0,1.0,1.0,7.0,11.0,0.0,1110.641,791.456,16.053,39.276,39.119,9.977,0.0,0.0
61,1.0,1.0,1.0,8.0,12.0,0.0,1164.31,797.592,95.177,43.022,25.674,8.807,0.0,0.0
62,1.0,1.0,1.0,9.0,13.0,0.0,809.511,803.765,102.614,38.734,38.252,9.871,0.0,0.0
63,1.0,1.0,1.0,10.0,14.0,0.0,1078.377,826.308,-10.673,40.296,28.949,8.335,0.0,0.0
64,2.0,1.0,1.0,0.0,4.0,0.0,1351.681,446.839,52.641,37.783,37.644,9.821,0.0,0.0
65,2.0,1.0,1.0,1.0,5.0,0.0,1326.578,566.506,68.969,38.156,37.33,9.193,0.0,0.0
66,2.0,1.0,1.0,2.0,7.0,0.0,1389.873,679.396,42.055,39.031,38.742,9.972,0.0,0.0
67,2.0,1.0,1.0,3.0,9.0,0.0,1572.765,735.665,133.831,38.513,38.292,9.923,0.0,0.0
68,2.0,1.0,1.0,4.0,12.0,0.0,1672.598,807.488,-30.881,39.245,38.639,9.986,0.0,0.0
69,3.0,1.0,1.0,0.0,1.0,0.0,2192.887,447.569,73.49,38.406,38.104,9.885,0.0,0.0
70,3.0,1.0,1.0,1.0,2.0,0.0,2247.496,465.229,134.499,38.512,38.39,9.936,0.0,0.0
71,3.0,1.0,1.0,2.0,3.0,0.0,1814.485,595.1,-1.833,38.717,38.3,9.951,0.0,0.0
72,3.0,1.0,1.0,3.0,5.0,0.0,2007.381,749.224,69.493,37.907,37.718,9.771,0.0,0.0
73,3.0,1.0,1.0,4.0,6.0,0.0,2079.593,817.286,17.345,38.575,38.302,9.933,0.0,0.0
75,4.0,1.0,1.0,1.0,3.0,0.0,2467.546,444.988,120.596,38.365,37.296,9.777,0.0,0.0
76,4.0,1.0,1.0,2.0,4.0,0.0,2348.597,461.812,58.059,38.603,38.309,9.862,0.0,0.0
77,4.0,1.0,1.0,3.0,5.0,0.0,2721.461,532.525,101.596,38.67,35.753,9.393,0.0,0.0
78,4.0,1.0,1.0,4.0,7.0,0.0,2504.163,589.368,124.76,38.722,36.859,9.839,0.0,0.0
79,4.0,1.0,1.0,5.0,10.0,0.0,2855.371,697.982,-29.808,38.911,38.814,9.966,0.0,0.0
80,4.0,1.0,1.0,6.0,11.0,0.0,2689.235,694.54,-11.581,27.472,14.8,9.543,0.0,0.0
81,4.0,1.0,1.0,7.0,12.0,0.0,2497.776,779.886,55.657,22.525,12.337,9.5,0.0,0.0
82,4.0,1.0,1.0,8.0,13.0,0.0,2655.574,808.246,86.768,38.852,38.641,9.936,0.0,0.0
83,5.0,1.0,1.0,0.0,0.0,0.0,3202.397,493.065,105.903,38.68,37.308,9.311,0.0,0.0
85,5.0,1.0,1.0,2.0,1.0,0.0,3070.068,573.717,-25.622,26.732,13.477,9.692,0.0,0.0
86,5.0,1.0,1.0,3.0,2.0,0.0,3387.424,645.371,-13.789,38.032,37.914,9.812,0.0,0.0
87,5.0,1.0,1.0,4.0,3.0,0.0,3452.645,707.507,38.835,38.685,38.667,9.994,0.0,0.0
88,5.0,1.0,1.0,5.0,4.0,0.0,3030.435,730.682,4.681,38.654,38.501,9.969,0.0,0.0
89,6.0,1.0,1.0,0.0,1.0,0.0,3857.191,554.453,-9.626,26.96,18.153,8.695,0.0,0.0
90,6.0,1.0,1.0,1.0,2.0,0.0,3639.588,648.953,44.791,38.557,38.381,9.865,0.0,0.0
92,6.0,1.0,1.0,3.0,6.0,0.0,3698.458,737.037,100.852,38.111,37.9,9.897,0.0,0.0
93,6.0,1.0,1.0,4.0,8.0,0.0,3917.632,798.268,50.058,38.163,38.109,9.855,0.0,0.0
94,7.0,1.0,1.0,0.0,1.0,0.0,4245.765,460.912,133.993,37.582,36.697,9.389,0.0,0.0
95,7.0,1.0,1.0,1.0,3.0,0.0,4619.437,763.81,93.46,40.693,28.604,9.022,0.0,0.0
96,8.0,1.0,1.0,0.0,0.0,0.0,4682.855,498.762,85.597,37.466,37.192,9.721,0.0,0.0
97,9.0,1.0,1.0,0.0,0.0,0.0,5719.707,429.797,114.6,38.489,38.174,9.905,0.0,0.0
98,9.0,1.0,1.0,1.0,1.0,0.0,5227.247,554.75,42.509,38.866,38.393,9.982,0.0,0.0
99,9.0,1.0,1.0,2.0,4.0,0.0,5725.436,580.018,123.123,38.898,38.79,9.961,0.0,0.0
101,9.0,1.0,1.0,4.0,8.0,0.0,5281.478,759.814,10.33,38.641,38.399,9.878,0.0,0.0
102,9.0,1.0,1.0,5.0,9.0,0.0,5593.59,782.127,92.033,39.002,38.385,9.922,0.0,0.0
103,0.0,2.0,1.0,0.0,2.0,0.0,462.515,931.998,124.98,38.709,37.781,9.314,0.0,0.0
104,0.0,2.0,1.0,1.0,3.0,0.0,492.984,1087.126,118.708,38.581,38.288,9.931,0.0,0.0
105,0.0,2.0,1.0,2.0,5.0,0.0,413.46,1099.989,-34.794,38.518,37.272,9.646,0.0,0.0
106,0.0,2.0,1.0,3.0,8.0,0.0,311.38,1218.524,3.876,38.697,38.662,9.995,0.0,0.0
107,1.0,2.0,1.0,0.0,2.0,0.0,755.204,846.549,42.791,37.989,37.31,9.804,0.0,0.0
108,1.0,2.0,1.0,1.0,4.0,0.0,1138.094,942.787,-30.484,38.974,38.399,9.997,0.0,0.0
109,1.0,2.0,1.0,2.0,5.0,0.0,1065.02,1004.296,55.767,38.323,37.915,9.85,0.0,0.0
110,1.0,2.0,1.0,3.0,6.0,0.0,978.448,1126.078,128.999,37.424,37.139,9.709,0.0,0.0
111,1.0,2.0,1.0,4.0,7.0,0.0,1083.866,1129.676,2.957,38.888,38.62,9.938,0.0,0.0
112,1.0,2.0,1.0,5.0,8.0,0.0,977.169,1195.559,67.307,39.025,38.939,9.997,0.0,0.0
113,1.0,2.0,1.0,6.0,9.0,0.0,917.884,1215.541,34.419,38.315,38.056,9.867,0.0,0.0
115,2.0,2.0,1.0,1.0,2.0,0.0,1483.67,933.514,3.032,37.644,36.907,9.558,0.0,0.0
116,2.0,2.0,1.0,2.0,4.0,0.0,1627.533,1031.529,80.815,37.949,37.36,9.518,0.0,0.0
118,2.0,2.0,1.0,4.0,5.0,0.0,1740.703,1068.264,91.269,42.51,26.061,9.162,0.0,0.0
120,2.0,2.0,1.0,6.0,7.0,0.0,1608.098,1112.862,-44.878,38.446,36.813,9.492,0.0,0.0
121,2.0,2.0,1.0,7.0,8.0,0.0,1495.032,1209.957,118.627,38.586,38.395,9.946,0.0,0.0
122,3.0,2.0,1.0,0.0,2.0,0.0,2181.537,912.331,119.008,38.552,38.164,9.912,0.0,0.0
123,3.0,2.0,1.0,1.0,10.0,0.0,1971.035,1106.668,-18.353,37.998,37.777,9.867,0.0,0.0
124,3.0,2.0,1.0,2.0,11.0,0.0,1861.402,1174.689,-2.247,38.54,38.127,9.906,0.0,0.0
125,4.0,2.0,1.0,0.0,3.0,0.0,2404.624,994.099,94.149,38.979,38.614,9.949,0.0,0.0
127,4.0,2.0,1.0,2.0,6.0,0.0,2417.009,1051.266,100.966,38.082,37.589,9.484,0.0,0.0
128,4.0,2.0,1.0,3.0,7.0,0.0,2612.748,1084.582,37.97,36.28,35.335,9.726,0.0,0.0
129,4.0,2.0,1.0,4.0,8.0,0.0,2520.707,1132.698,5.682,38.611,38.073,9.908,0.0,0.0
130,6.0,2.0,1.0,0.0,0.0,0.0,3869.367,855.813,111.29,38.475,38.339,9.849,0.0,0.0
131,6.0,2.0,1.0,1.0,1.0,0.0,3773.806,898.819,117.383,37.996,37.571,9.84,0.0,0.0
132,6.0,2.0,1.0,2.0,2.0,0.0,3515.624,1017.825,-40.643,38.106,37.692,9.719,0.0,0.0
133,6.0,2.0,1.0,3.0,4.0,0.0,3634.693,1111.742,129.931,37.669,36.388,8.66,0.0,0.0
135,6.0,2.0,1.0,5.0,7.0,0.0,3749.202,1157.89,13.293,28.792,23.167,9.189,0.0,0.0
136,6.0,2.0,1.0,6.0,8.0,0.0,3602.544,1207.602,-32.781,38.382,38.236,9.899,0.0,0.0
137,7.0,2.0,1.0,0.0,3.0,0.0,4374.547,911.714,92.987,38.35,37.909,9.852,0.0,0.0
138,7.0,2.0,1.0,1.0,4.0,0.0,4266.864,1129.56,4.063,38.893,38.546,9.93,0.0,0.0
139,7.0,2.0,1.0,2.0,5.0,0.0,4318.119,1183.839,82.301,37.868,37.826,9.78,0.0,0.0
140,7.0,2.0,1.0,3.0,6.0,0.0,4141.022,1186.254,-43.999,38.365,38.26,9.9,0.0,0.0
142,8.0,2.0,1.0,1.0,4.0,0.0,4816.393,942.863,58.16,38.311,38.106,9.873,0.0,0.0
143,8.0,2.0,1.0,2.0,10.0,0.0,4759.21,1147.967,5.91,38.88,38.522,9.851,0.0,0.0
144,8.0,2.0,1.0,3.0,11.0,0.0,4890.697,1191.436,119.674,38.168,37.595,9.789,0.0,0.0
145,9.0,2.0,1.0,0.0,0.0,0.0,5519.612,863.189,16.01,38.687,38.444,9.743,0.0,0.0
146,9.0,2.0,1.0,1.0,1.0,0.0,5477.658,870.056,110.18,39.071,37.712,9.922,0.0,0.0
147,9.0,2.0,1.0,2.0,4.0,0.0,5769.752,1111.637,93.439,41.077,32.063,9.247,0.0,0.0
148,9.0,2.0,1.0,3.0,5.0,0.0,5250.902,1207.897,120.367,38.463,38.281,9.916,0.0,0.0
149,9.0,2.0,1.0,4.0,6.0,0.0,5508.185,1226.973,124.741,39.045,38.659,9.888,0.0,0.0
152,1.0,3.0,1.0,0.0,1.0,0.0,666.912,1493.596,-8.577,38.335,37.977,9.86,0.0,0.0
153,2.0,3.0,1.0,0.0,1.0,0.0,1298.133,1247.709,60.117,38.583,38.335,9.788,0.0,0.0
154,2.0,3.0,1.0,1.0,2.0,0.0,1281.291,1303.003,-36.671,38.899,37.43,9.162,0.0,0.0
156,2.0,3.0,1.0,3.0,4.0,0.0,1421.468,1369.27,-39.631,38.653,36.716,9.23,0.0,0.0
157,2.0,3.0,1.0,4.0,5.0,0.0,1291.22,1461.375,16.69,38.921,38.727,9.956,0.0,0.0
158,2.0,3.0,1.0,5.0,6.0,0.0,1230.035,1473.121,117.919,37.825,36.605,9.946,0.0,0.0
159,2.0,3.0,1.0,6.0,7.0,0.0,1402.68,1475.543,122.02,38.632,37.147,9.868,0.0,0.0
160,3.0,3.0,1.0,0.0,0.0,0.0,1798.709,1267.618,74.556,38.676,36.995,9.078,0.0,0.0
161,3.0,3.0,1.0,1.0,1.0,0.0,1837.028,1297.891,92.897,38.41,38.315,9.913,0.0,0.0
162,3.0,3.0,1.0,2.0,2.0,0.0,1877.098,1364.779,-39.979,38.369,35.821,9.685,0.0,0.0
163,3.0,3.0,1.0,3.0,3.0,0.0,1947.258,1418.631,103.924,38.295,37.337,9.341,0.0,0.0
164,3.0,3.0,1.0,4.0,5.0,0.0,1801.162,1537.488,-5.961,38.608,38.249,9.93,0.0,0.0
165,3.0,3.0,1.0,5.0,7.0,0.0,2142.701,1618.15,13.419,38.598,38.452,9.955,0.0,0.0
166,3.0,3.0,1.0,6.0,8.0,0.0,1841.725,1635.019,113.527,39.192,38.965,9.946,0.0,0.0
167,4.0,3.0,1.0,0.0,1.0,0.0,2498.811,1380.824,-23.092,38.823,37.324,9.332,0.0,0.0
168,4.0,3.0,1.0,1.0,4.0,0.0,2500.859,1591.668,116.389,38.194,38.051,9.851,0.0,0.0
169,5.0,3.0,1.0,0.0,0.0,0.0,3424.514,1328.729,97.929,39.042,38.668,9.815,0.0,0.0
170,5.0,3.0,1.0,1.0,2.0,0.0,3463.825,1372.133,91.187,40.479,35.335,9.557,0.0,0.0
171,5.0,3.0,1.0,2.0,4.0,0.0,3025.093,1492.856,-39.358,38.252,36.729,9.124,0.0,0.0
172,5.0,3.0,1.0,3.0,5.0,0.0,3443.576,1600.594,31.69,39.075,38.781,9.982,0.0,0.0
173,6.0,3.0,1.0,0.0,1.0,0.0,3858.67,1323.056,125.957,37.743,37.083,9.899,0.0,0.0
174,6.0,3.0,1.0,1.0,2.0,0.0,3744.738,1333.893,115.049,37.952,37.715,9.852,0.0,0.0
175,6.0,3.0,1.0,2.0,4.0,0.0,3503.848,1392.368,-1.067,38.694,38.304,9.873,0.0,0.0
176,6.0,3.0,1.0,3.0,8.0,0.0,3636.831,1646.152,-3.846,40.146,26.314,9.969,0.0,0.0
177,7.0,3.0,1.0,0.0,0.0,0.0,4167.938,1269.422,-26.703,32.685,19.136,9.992,0.0,0.0
180,7.0,3.0,1.0,3.0,6.0,0.0,4508.549,1454.761,107.036,38.221,36.438,8.507,0.0,0.0
181,7.0,3.0,1.0,4.0,8.0,0.0,4313.823,1518.965,49.079,38.575,38.231,9.923,0.0,0.0
182,7.0,3.0,1.0,5.0,9.0,0.0,4537.197,1523.215,18.954,38.93,38.781,9.964,0.0,0.0
183,7.0,3.0,1.0,6.0,11.0,0.0,4426.412,1549.298,45.241,25.206,15.026,9.322,0.0,0.0
184,7.0,3.0,1.0,7.0,12.0,0.0,4267.656,1558.769,19.061,38.959,38.756,9.965,0.0,0.0
185,7.0,3.0,1.0,8.0,13.0,0.0,4190.775,1581.337,79.817,38.111,37.839,9.889,0.0,0.0
186,7.0,3.0,1.0,9.0,14.0,0.0,4414.906,1645.857,-8.739,38.592,26.706,9.096,0.0,0.0
187,8.0,3.0,1.0,0.0,2.0,0.0,4716.474,1410.042,28.852,37.202,37.024,9.665,0.0,0.0
188,8.0,3.0,1.0,1.0,4.0,0.0,4822.285,1633.717,110.561,39.014,38.737,9.969,0.0,0.0
189,8.0,3.0,1.0,2.0,5.0,0.0,4954.379,1643.641,-6.268,40.902,27.874,9.107,0.0,0.0
191,9.0,3.0,1.0,1.0,6.0,0.0,5698.297,1393.796,-38.041,38.344,37.594,9.38,0.0,0.0
192,9.0,3.0,1.0,2.0,7.0,0.0,5371.77,1417.582,28.442,37.845,37.609,9.824,0.0,0.0
193,9.0,3.0,1.0,3.0,9.0,0.0,5343.485,1501.173,-8.981,38.254,37.93,9.92,0.0,0.0
194,9.0,3.0,1.0,4.0,12.0,0.0,5239.051,1579.223,-11.094,38.577,38.465,9.954,0.0,0.0
195,9.0,3.0,1.0,5.0,14.0,0.0,5639.726,1645.71,-6.715,40.412,25.425,9.335,0.0,0.0
196,0.0,4.0,1.0,0.0,0.0,0.0,147.147,1657.379,92.208,38.671,38.311,9.871,0.0,0.0
197,0.0,4.0,1.0,1.0,1.0,0.0,129.43,1858.715,-28.232,38.007,37.599,9.844,0.0,0.0
198,0.0,4.0,1.0,2.0,3.0,0.0,569.39,1906.175,-8.548,39.001,38.191,9.898,0.0,0.0
199,0.0,4.0,1.0,3.0,4.0,0.0,268.017,2029.548,-30.826,35.233,30.974,8.036,0.0,0.0
200,0.0,4.0,1.0,4.0,5.0,0.0,201.989,2032.481,105.97,39.026,38.718,9.893,0.0,0.0
202,1.0,4.0,1.0,1.0,1.0,0.0,660.929,1739.466,73.726,38.612,37.905,9.663,0.0,0.0
204,1.0,4.0,1.0,3.0,2.0,0.0,969.864,1821.66,93.194,30.732,17.433,9.978,0.0,0.0
205,1.0,4.0,1.0,4.0,6.0,0.0,991.971,1957.819,98.56,38.521,38.51,9.877,0.0,0.0
206,2.0,4.0,1.0,0.0,0.0,0.0,1185.043,1672.356,-12.799,37.811,37.319,9.783,0.0,0.0
207,2.0,4.0,1.0,1.0,1.0,0.0,1720.27,1677.483,10.758,38.766,38.078,9.928,0.0,0.0
208,2.0,4.0,1.0,2.0,2.0,0.0,1403.448,1875.053,-30.071,39.01,38.539,9.944,0.0,0.0
209,2.0,4.0,1.0,3.0,3.0,0.0,1312.471,2049.632,-2.855,41.273,32.304,9.395,0.0,0.0
210,2.0,4.0,1.0,4.0,4.0,0.0,1468.679,2050.992,-5.176,41.676,28.866,8.923,0.0,0.0
212,3.0,4.0,1.0,1.0,3.0,0.0,2283.002,1683.894,85.543,38.339,37.283,9.204,0.0,0.0
213,3.0,4.0,1.0,2.0,7.0,0.0,1821.625,1867.684,-34.639,38.555,37.971,9.888,0.0,0.0
214,3.0,4.0,1.0,3.0,9.0,0.0,2271.102,1960.022,-20.321,39.172,38.789,9.996,0.0,0.0
215,3.0,4.0,1.0,4.0,10.0,0.0,1964.775,1978.222,129.335,38.912,38.586,9.937,0.0,0.0
216,3.0,4.0,1.0,5.0,11.0,0.0,1911.695,2003.38,-17.779,38.304,38.079,9.794,0.0,0.0
217,3.0,4.0,1.0,6.0,12.0,0.0,2010.001,2043.302,-13.513,38.273,38.019,9.857,0.0,0.0
218,4.0,4.0,1.0,0.0,2.0,0.0,2548.093,1702.171,93.526,38.356,35.988,9.863,0.0,0.0
219,4.0,4.0,1.0,1.0,7.0,0.0,2652.475,1983.324,22.208,38.56,38.236,9.847,0.0,0.0
220,4.0,4.0,1.0,2.0,8.0,0.0,2865.388,2009.984,29.838,38.922,38.471,9.924,0.0,0.0
221,4.0,4.0,1.0,3.0,9.0,0.0,2803.813,2011.458,-5.601,39.001,38.282,9.909,0.0,0.0
222,5.0,4.0,1.0,0.0,0.0,0.0,3114.354,1675.256,52.019,38.264,37.476,9.104,0.0,0.0
223,5.0,4.0,1.0,1.0,1.0,0.0,2971.604,1790.495,-21.609,37.685,37.312,9.765,0.0,0.0
224,5.0,4.0,1.0,2.0,2.0,0.0,3462.792,1916.374,92.461,39.215,36.846,9.747,0.0,0.0
225,5.0,4.0,1.0,3.0,3.0,0.0,3089.436,1917.42,69.742,37.404,37.219,9.716,0.0,0.0
226,6.0,4.0,1.0,0.0,0.0,0.0,3637.114,1652.067,99.942,38.222,38.101,9.861,0.0,0.0
227,6.0,4.0,1.0,1.0,2.0,0.0,3824.262,1759.875,107.983,37.804,36.325,9.901,0.0,0.0
228,6.0,4.0,1.0,2.0,3.0,0.0,3902.708,1799.683,133.263,38.03,37.682,9.782,0.0,0.0
229,6.0,4.0,1.0,3.0,4.0,0.0,3570.102,1816.129,94.094,24.261,13.551,9.425,0.0,0.0
230,6.0,4.0,1.0,4.0,5.0,0.0,3946.054,1841.599,91.418,38.121,37.924,9.901,0.0,0.0
231,6.0,4.0,1.0,5.0,7.0,0.0,3589.961,1951.193,-20.848,38.708,37.449,9.613,0.0,0.0
232,6.0,4.0,1.0,6.0,8.0,0.0,3674.921,1980.253,111.154,37.912,37.78,9.78,0.0,0.0
233,7.0,4.0,1.0,0.0,0.0,0.0,4414.809,1651.618,112.689,37.89,37.591,9.828,0.0,0.0
234,7.0,4.0,1.0,1.0,1.0,0.0,4227.291,1678.516,-31.086,37.799,37.363,9.947,0.0,0.0
235,7.0,4.0,1.0,2.0,2.0,0.0,4615.635,1694.376,91.687,39.299,35.46,9.646,0.0,0.0
238,7.0,4.0,1.0,5.0,7.0,0.0,4533.657,1931.73,134.316,38.208,38.095,9.935,0.0,0.0
239,7.0,4.0,1.0,6.0,8.0,0.0,4140.906,2020.111,-30.182,38.703,38.466,9.895,0.0,0.0
241,7.0,4.0,1.0,8.0,9.0,0.0,4209.653,2052.504,-5.045,41.106,26.463,9.031,0.0,0.0
242,8.0,4.0,1.0,0.0,2.0,0.0,5064.195,1665.659,132.399,38.366,38.344,9.911,0.0,0.0
243,8.0,4.0,1.0,1.0,6.0,0.0,5186.084,1709.443,133.834,38.815,38.439,9.982,0.0,0.0
244,8.0,4.0,1.0,2.0,7.0,0.0,4751.971,1748.352,58.853,38.134,37.974,9.91,0.0,0.0
245,8.0,4.0,1.0,3.0,8.0,0.0,4630.269,1776.806,53.872,38.388,38.149,9.889,0.0,0.0
246,9.0,4.0,1.0,0.0,1.0,0.0,5639.857,1651.876,62.09,38.013,37.934,9.889,0.0,0.0
247,9.0,4.0,1.0,1.0,2.0,0.0,5439.342,1707.288,-22.673,38.124,37.786,9.884,0.0,0.0
248,9.0,4.0,1.0,2.0,4.0,0.0,5378.054,1825.411,95.343,38.301,37.952,9.852,0.0,0.0
249,9.0,4.0,1.0,3.0,5.0,0.0,5737.505,1849.137,-5.444,38.783,38.6,9.998,0.0,0.0
250,9.0,4.0,1.0,4.0,6.0,0.0,5715.143,1886.349,50.272,38.39,38.233,9.9,0.0,0.0
251,9.0,4.0,1.0,5.0,7.0,0.0,5666.551,1947.651,-42.089,38.456,38.394,9.929,0.0,0.0
252,9.0,4.0,1.0,6.0,8.0,0.0,5349.782,1960.196,35.54,38.219,37.964,9.843,0.0,0.0
253,9.0,4.0,1.0,7.0,9.0,0.0,5212.158,2015.186,-34.033,38.607,38.52,9.965,0.0,0.0
254,0.0,5.0,1.0,0.0,3.0,0.0,361.953,2157.095,78.394,37.57,36.625,8.736,0.0,0.0
255,0.0,5.0,1.0,1.0,4.0,0.0,116.419,2200.237,4.006,39.321,38.89,9.953,0.0,0.0
256,0.0,5.0,1.0,2.0,5.0,0.0,502.028,2306.087,-39.351,39.406,39.135,9.995,0.0,0.0
257,0.0,5.0,1.0,3.0,6.0,0.0,26.417,2393.662,128.664,39.177,38.687,9.909,0.0,0.0
258,1.0,5.0,1.0,0.0,0.0,0.0,654.439,2060.502,70.288,38.913,38.647,9.945,0.0,0.0
259,1.0,5.0,1.0,1.0,1.0,0.0,740.965,2113.668,84.605,38.253,38.043,9.782,0.0,0.0
260,1.0,5.0,1.0,2.0,2.0,0.0,1119.77,2143.858,124.949,38.79,38.298,9.808,0.0,0.0
261,1.0,5.0,1.0,3.0,4.0,0.0,951.564,2237.639,-21.204,31.958,19.898,9.726,0.0,0.0
262,1.0,5.0,1.0,4.0,6.0,0.0,1130.751,2266.442,59.527,38.634,38.528,9.97,0.0,0.0
263,1.0,5.0,1.0,5.0,7.0,0.0,826.932,2311.897,63.395,38.005,37.779,9.791,0.0,0.0
264,1.0,5.0,1.0,6.0,8.0,0.0,898.612,2381.493,-44.289,38.188,38.137,9.861,0.0,0.0
265,1.0,5.0,1.0,7.0,9.0,0.0,626.165,2423.329,-26.563,39.161,39.044,9.952,0.0,0.0
266,2.0,5.0,1.0,0.0,2.0,0.0,1271.672,2083.157,14.053,37.763,37.728,9.83,0.0,0.0
267,2.0,5.0,1.0,1.0,3.0,0.0,1640.869,2105.706,100.568,38.736,38.484,9.977,0.0,0.0
268,2.0,5.0,1.0,2.0,5.0,0.0,1227.977,2206.904,101.641,38.596,38.211,9.923,0.0,0.0
269,2.0,5.0,1.0,3.0,6.0,0.0,1251.626,2246.766,27.403,38.006,37.938,9.889,0.0,0.0
270,2.0,5.0,1.0,4.0,7.0,0.0,1377.943,2257.096,120.714,38.801,38.575,9.921,0.0,0.0
271,2.0,5.0,1.0,5.0,10.0,0.0,1674.631,2318.612,116.952,38.904,37.654,9.52,0.0,0.0
272,2.0,5.0,1.0,6.0,12.0,0.0,1394.051,2431.841,-41.208,38.208,38.188,9.871,0.0,0.0
273,2.0,5.0,1.0,7.0,13.0,0.0,1739.113,2454.157,95.192,40.392,29.541,9.037,0.0,0.0
274,3.0,5.0,1.0,0.0,1.0,0.0,2247.652,2076.927,-34.591,38.561,38.491,9.88,0.0,0.0
275,3.0,5.0,1.0,1.0,2.0,0.0,1761.233,2142.424,3.5,38.912,37.432,9.102,0.0,0.0
276,3.0,5.0,1.0,2.0,3.0,0.0,2310.552,2228.833,88.651,38.573,36.913,9.749,0.0,0.0
277,4.0,5.0,1.0,0.0,1.0,0.0,2436.427,2083.654,112.202,38.679,37.21,9.235,0.0,0.0
278,4.0,5.0,1.0,1.0,2.0,0.0,2603.522,2090.936,114.079,37.817,37.629,9.824,0.0,0.0
279,4.0,5.0,1.0,2.0,4.0,0.0,2459.906,2162.682,125.975,37.862,37.59,9.748,0.0,0.0
280,4.0,5.0,1.0,3.0,5.0,0.0,2376.791,2201.212,43.265,38.258,37.938,9.845,0.0,0.0
281,4.0,5.0,1.0,4.0,9.0,0.0,2707.383,2328.288,107.501,32.359,19.481,9.811,0.0,0.0
282,4.0,5.0,1.0,5.0,11.0,0.0,2891.82,2425.499,94.633,43.015,26.546,8.817,0.0,0.0
283,4.0,5.0,1.0,6.0,12.0,0.0,2457.057,2434.52,0.592,38.474,38.293,9.919,0.0,0.0
284,5.0,5.0,1.0,0.0,0.0,0.0,3317.699,2062.805,91.719,38.232,38.107,9.863,0.0,0.0
285,5.0,5.0,1.0,1.0,1.0,0.0,2910.177,2063.263,130.31,38.243,37.844,9.612,0.0,0.0
286,5.0,5.0,1.0,2.0,2.0,0.0,3058.689,2091.785,131.123,38.753,37.909,9.984,0.0,0.0
287,5.0,5.0,1.0,3.0,3.0,0.0,3409.032,2105.068,102.056,38.395,38.246,9.902,0.0,0.0
288,5.0,5.0,1.0,4.0,6.0,0.0,2951.296,2178.851,109.788,38.163,37.864,9.822,0.0,0.0
289,5.0,5.0,1.0,5.0,7.0,0.0,3399.168,2185.076,134.514,38.451,37.965,9.799,0.0,0.0
290,5.0,5.0,1.0,6.0,8.0,0.0,3002.448,2189.602,62.985,38.47,38.329,9.923,0.0,0.0
291,5.0,5.0,1.0,7.0,10.0,0.0,3468.918,2396.321,94.896,43.025,23.682,8.534,0.0,0.0
292,6.0,5.0,1.0,0.0,1.0,0.0,3979.897,2188.259,108.35,38.69,37.785,9.583,0.0,0.0
294,7.0,5.0,1.0,0.0,1.0,0.0,4436.459,2121.594,-33.728,37.859,37.654,9.833,0.0,0.0
295,7.0,5.0,1.0,1.0,2.0,0.0,4178.762,2202.836,126.977,38.253,37.391,9.623,0.0,0.0
296,7.0,5.0,1.0,2.0,5.0,0.0,4210.36,2274.063,32.759,37.642,37.401,9.771,0.0,0.0
297,7.0,5.0,1.0,3.0,6.0,0.0,4141.325,2279.72,101.466,38.302,38.148,9.878,0.0,0.0
298,7.0,5.0,1.0,4.0,8.0,0.0,4317.289,2409.434,17.769,38.907,38.55,9.857,0.0,0.0
299,7.0,5.0,1.0,5.0,9.0,0.0,4278.054,2421.977,127.531,38.926,38.671,9.949,0.0,0.0
301,8.0,5.0,1.0,1.0,2.0,0.0,5095.535,2194.977,86.278,37.753,36.235,9.06,0.0,0.0
302,8.0,5.0,1.0,2.0,3.0,0.0,4819.574,2278.987,131.94,38.57,37.958,9.887,0.0,0.0
303,8.0,5.0,1.0,3.0,4.0,0.0,4788.715,2316.671,131.592,38.23,38.081,9.86,0.0,0.0
304,8.0,5.0,1.0,4.0,5.0,0.0,5142.904,2343.648,8.011,38.836,38.782,9.952,0.0,0.0
306,9.0,5.0,1.0,1.0,1.0,0.0,5489.355,2066.622,69.745,38.536,36.769,9.031,0.0,0.0
307,9.0,5.0,1.0,2.0,5.0,0.0,5355.127,2458.813,87.146,27.974,15.036,8.7,0.0,0.0
308,0.0,6.0,1.0,0.0,5.0,0.0,177.177,2636.452,112.648,37.807,37.643,9.824,0.0,0.0
309,0.0,6.0,1.0,1.0,6.0,0.0,319.266,2661.759,70.49,35.088,30.125,9.869,0.0,0.0
310,0.0,6.0,1.0,2.0,9.0,0.0,529.979,2690.863,-2.869,38.643,38.425,9.957,0.0,0.0
311,1.0,6.0,1.0,0.0,1.0,0.0,907.342,2588.479,71.908,38.786,38.64,9.928,0.0,0.0
312,1.0,6.0,1.0,1.0,5.0,0.0,757.563,2809.994,123.452,38.797,38.628,9.928,0.0,0.0
313,1.0,6.0,1.0,2.0,6.0,0.0,979.887,2816.906,76.744,38.433,38.3,9.914,0.0,0.0
314,2.0,6.0,1.0,0.0,2.0,0.0,1433.071,2526.335,116.518,38.028,37.881,9.884,0.0,0.0
315,2.0,6.0,1.0,1.0,3.0,0.0,1705.752,2639.234,103.577,38.848,38.495,9.917,0.0,0.0
317,2.0,6.0,1.0,3.0,7.0,0.0,1642.821,2777.33,-23.495,38.761,38.461,9.978,0.0,0.0
318,2.0,6.0,1.0,4.0,8.0,0.0,1620.703,2867.992,-9.322,40.517,27.253,8.87,0.0,0.0
319,3.0,6.0,1.0,0.0,3.0,0.0,2140.221,2525.687,-39.296,38.054,37.962,9.821,0.0,0.0
320,3.0,6.0,1.0,1.0,4.0,0.0,2180.242,2547.147,8.545,38.568,38.354,9.939,0.0,0.0
322,4.0,6.0,1.0,1.0,4.0,0.0,2640.301,2583.81,108.067,37.68,37.562,9.797,0.0,0.0
323,4.0,6.0,1.0,2.0,8.0,0.0,2765.451,2796.737,60.743,38.863,38.507,9.92,0.0,0.0
324,4.0,6.0,1.0,3.0,9.0,0.0,2364.276,2827.619,29.348,38.822,38.672,9.936,0.0,0.0
325,5.0,6.0,1.0,0.0,1.0,0.0,3322.009,2475.299,103.423,38.175,38.033,9.846,0.0,0.0
326,5.0,6.0,1.0,1.0,4.0,0.0,3008.85,2543.146,109.243,37.998,37.346,9.81,0.0,0.0
327,5.0,6.0,1.0,2.0,5.0,0.0,2948.312,2620.145,-18.329,38.296,38.235,9.888,0.0,0.0
328,5.0,6.0,1.0,3.0,8.0,0.0,2960.913,2774.283,-36.39,38.744,38.243,9.948,0.0,0.0
329,5.0,6.0,1.0,4.0,10.0,0.0,2993.981,2867.074,-3.244,41.576,28.811,9.307,0.0,0.0
330,6.0,6.0,1.0,0.0,5.0,0.0,3701.307,2713.677,64.343,38.256,38.132,9.869,0.0,0.0
331,6.0,6.0,1.0,1.0,6.0,0.0,3601.298,2744.815,-43.582,38.061,37.92,9.817,0.0,0.0
332,6.0,6.0,1.0,2.0,7.0,0.0,3672.756,2784.89,106.487,38.215,37.793,9.82,0.0,0.0
333,7.0,6.0,1.0,0.0,0.0,0.0,4245.788,2533.057,116.65,38.294,37.86,9.839,0.0,0.0
334,7.0,6.0,1.0,1.0,1.0,0.0,4123.037,2538.404,81.701,38.945,37.752,9.914,0.0,0.0
335,7.0,6.0,1.0,2.0,4.0,0.0,4470.923,2720.376,-20.388,38.038,36.716,9.034,0.0,0.0
336,7.0,6.0,1.0,3.0,5.0,0.0,4518.2,2727.957,95.202,38.854,36.957,9.154,0.0,0.0
337,7.0,6.0,1.0,4.0,7.0,0.0,4356.819,2865.639,-4.874,40.368,32.149,9.398,0.0,0.0
338,7.0,6.0,1.0,5.0,8.0,0.0,4418.951,2865.704,-10.717,41.277,30.162,8.87,0.0,0.0
339,8.0,6.0,1.0,0.0,0.0,0.0,4707.412,2472.213,92.523,38.584,38.328,9.937,0.0,0.0
340,8.0,6.0,1.0,1.0,1.0,0.0,4949.024,2479.877,-23.722,37.629,37.029,9.236,0.0,0.0
342,8.0,6.0,1.0,3.0,3.0,0.0,4914.246,2563.047,96.715,37.477,37.168,9.719,0.0,0.0
343,8.0,6.0,1.0,4.0,4.0,0.0,4700.878,2741.046,28.754,38.238,38.173,9.873,0.0,0.0
344,8.0,6.0,1.0,5.0,5.0,0.0,4788.789,2750.003,-33.657,37.988,37.49,9.828,0.0,0.0
345,8.0,6.0,1.0,6.0,6.0,0.0,5133.429,2779.318,38.572,38.758,38.44,9.974,0.0,0.0
346,9.0,6.0,1.0,0.0,2.0,0.0,5547.98,2486.784,77.886,38.213,38.095,9.784,0.0,0.0
347,9.0,6.0,1.0,1.0,3.0,0.0,5765.512,2598.23,87.633,39.056,38.186,9.904,0.0,0.0
348,9.0,6.0,1.0,2.0,7.0,0.0,5348.862,2667.036,16.716,37.679,37.627,9.73,0.0,0.0
349,9.0,6.0,1.0,3.0,9.0,0.0,5332.431,2826.427,66.796,38.646,38.498,9.967,0.0,0.0
350,0.0,7.0,1.0,0.0,4.0,0.0,152.376,3024.488,65.886,37.785,37.637,9.82,0.0,0.0
351,0.0,7.0,1.0,1.0,5.0,0.0,31.643,3040.233,-7.593,38.654,38.377,9.953,0.0,0.0
352,0.0,7.0,1.0,2.0,8.0,0.0,123.842,3161.557,123.466,38.036,37.969,9.896,0.0,0.0
353,1.0,7.0,1.0,0.0,0.0,0.0,930.042,2890.838,89.535,39.024,38.495,9.939,0.0,0.0
354,1.0,7.0,1.0,1.0,1.0,0.0,1058.012,2898.357,130.847,38.867,38.461,9.915,0.0,0.0
355,1.0,7.0,1.0,2.0,6.0,0.0,1009.742,2978.193,107.266,37.556,37.316,9.599,0.0,0.0
356,1.0,7.0,1.0,3.0,7.0,0.0,952.433,3227.524,-41.28,38.261,38.121,9.869,0.0,0.0
357,2.0,7.0,1.0,0.0,1.0,0.0,1188.828,2960.363,124.209,38.513,38.322,9.852,0.0,0.0
358,2.0,7.0,1.0,1.0,2.0,0.0,1611.786,3031.087,94.973,37.905,37.351,9.296,0.0,0.0
359,2.0,7.0,1.0,2.0,3.0,0.0,1433.759,3057.875,87.025,38.444,36.953,8.989,0.0,0.0
360,2.0,7.0,1.0,3.0,4.0,0.0,1435.829,3098.583,109.075,38.157,37.768,9.809,0.0,0.0
361,2.0,7.0,1.0,4.0,5.0,0.0,1739.718,3118.159,92.929,41.574,28.032,9.317,0.0,0.0
362,3.0,7.0,1.0,0.0,0.0,0.0,2138.56,2894.077,80.083,38.252,36.83,9.621,0.0,0.0
363,3.0,7.0,1.0,1.0,1.0,0.0,2251.982,3112.77,131.408,38.374,38.154,9.888,0.0,0.0
365,3.0,7.0,1.0,3.0,5.0,0.0,1938.175,3248.77,88.352,38.739,38.62,9.919,0.0,0.0
366,4.0,7.0,1.0,0.0,0.0,0.0,2852.247,2889.993,108.198,38.506,38.33,9.927,0.0,0.0
367,4.0,7.0,1.0,1.0,1.0,0.0,2535.109,2902.691,-37.721,37.87,37.598,9.827,0.0,0.0
369,4.0,7.0,1.0,3.0,6.0,0.0,2853.133,3163.919,-22.77,38.763,38.616,9.921,0.0,0.0
370,4.0,7.0,1.0,4.0,8.0,0.0,2348.827,3197.463,-0.117,38.701,38.231,9.864,0.0,0.0
371,4.0,7.0,1.0,5.0,9.0,0.0,2588.506,3270.773,0.558,38.52,36.611,9.631,0.0,0.0
372,5.0,7.0,1.0,0.0,1.0,0.0,3175.981,2934.797,44.29,38.839,38.564,9.925,0.0,0.0
373,5.0,7.0,1.0,1.0,2.0,0.0,3038.95,3010.743,-6.369,38.027,37.735,9.865,0.0,0.0
374,5.0,7.0,1.0,2.0,3.0,0.0,3331.604,3126.264,129.304,37.818,37.593,9.743,0.0,0.0
375,5.0,7.0,1.0,3.0,4.0,0.0,3139.035,3127.712,-28.956,37.842,36.838,9.725,0.0,0.0
376,5.0,7.0,1.0,4.0,6.0,0.0,3032.424,3154.334,109.817,38.255,38.095,9.864,0.0,0.0
377,5.0,7.0,1.0,5.0,7.0,0.0,3195.169,3177.121,15.588,37.816,37.632,9.824,0.0,0.0
378,5.0,7.0,1.0,6.0,8.0,0.0,3441.219,3212.706,23.179,38.83,38.641,9.933,0.0,0.0
379,5.0,7.0,1.0,7.0,9.0,0.0,3116.151,3238.395,134.709,38.077,37.847,9.886,0.0,0.0
380,5.0,7.0,1.0,8.0,10.0,0.0,3040.634,3259.64,-29.084,38.699,38.122,9.926,0.0,0.0
382,6.0,7.0,1.0,1.0,1.0,0.0,3822.834,2979.105,-44.44,38.199,37.098,9.296,0.0,0.0
383,6.0,7.0,1.0,2.0,2.0,0.0,4023.513,3040.044,133.384,38.539,38.125,9.905,0.0,0.0
384,6.0,7.0,1.0,3.0,4.0,0.0,3627.923,3191.973,85.572,40.938,38.809,9.999,0.0,0.0
385,7.0,7.0,1.0,0.0,3.0,0.0,4211.029,2883.743,112.516,38.171,37.692,9.802,0.0,0.0
386,7.0,7.0,1.0,1.0,4.0,0.0,4526.953,2992.255,111.381,38.066,37.84,9.883,0.0,0.0
387,7.0,7.0,1.0,2.0,7.0,0.0,4280.941,3203.905,15.516,38.553,38.435,9.871,0.0,0.0
388,8.0,7.0,1.0,0.0,0.0,0.0,4860.486,2988.784,104.749,38.06,36.83,9.834,0.0,0.0
389,8.0,7.0,1.0,1.0,2.0,0.0,5160.978,3069.153,24.369,38.454,38.351,9.924,0.0,0.0
390,8.0,7.0,1.0,2.0,3.0,0.0,5164.851,3145.683,115.226,38.606,38.378,9.947,0.0,0.0
391,8.0,7.0,1.0,3.0,4.0,0.0,4776.778,3167.669,116.748,38.81,38.315,9.964,0.0,0.0
392,8.0,7.0,1.0,4.0,7.0,0.0,4992.07,3228.781,72.36,38.728,38.516,9.904,0.0,0.0
393,8.0,7.0,1.0,5.0,8.0,0.0,4713.894,3235.455,-16.604,38.606,38.32,9.864,0.0,0.0
394,8.0,7.0,1.0,6.0,9.0,0.0,4767.007,3259.202,126.509,38.481,38.297,9.92,0.0,0.0
395,9.0,7.0,1.0,0.0,1.0,0.0,5409.093,2985.83,72.177,37.676,37.496,9.788,0.0,0.0
396,9.0,7.0,1.0,1.0,2.0,0.0,5532.174,3233.829,-27.986,38.459,38.193,9.904,0.0,0.0
397,0.0,8.0,1.0,0.0,0.0,0.0,416.225,3322.597,-32.034,38.643,38.31,9.943,0.0,0.0
398,1.0,8.0,1.0,0.0,1.0,0.0,1059.462,3385.105,-25.747,39.087,38.862,9.995,0.0,0.0
400,1.0,8.0,1.0,2.0,6.0,0.0,1001.487,3612.427,67.24,38.465,37.454,9.061,0.0,0.0
401,1.0,8.0,1.0,3.0,7.0,0.0,819.147,3641.002,-34.811,38.594,38.513,9.963,0.0,0.0
404,2.0,8.0,1.0,1.0,3.0,0.0,1408.991,3350.985,30.97,22.908,12.616,9.019,0.0,0.0
405,2.0,8.0,1.0,2.0,4.0,0.0,1557.318,3425.463,0.93,37.909,37.123,9.85,0.0,0.0
406,2.0,8.0,1.0,3.0,5.0,0.0,1668.739,3475.813,25.575,38.263,37.795,9.827,0.0,0.0
407,2.0,8.0,1.0,4.0,6.0,0.0,1279.076,3550.813,18.199,38.339,38.188,9.888,0.0,0.0
408,3.0,8.0,1.0,0.0,1.0,0.0,2304.781,3301.811,-5.64,39.039,38.805,9.981,0.0,0.0
409,3.0,8.0,1.0,1.0,2.0,0.0,2242.098,3356.216,-28.378,37.888,37.754,9.849,0.0,0.0
410,3.0,8.0,1.0,2.0,3.0,0.0,2243.91,3561.16,45.227,38.511,38.228,9.915,0.0,0.0
411,3.0,8.0,1.0,3.0,4.0,0.0,2021.185,3592.518,-31.598,38.604,38.362,9.945,0.0,0.0
412,3.0,8.0,1.0,4.0,5.0,0.0,1982.703,3624.958,5.82,39.034,38.889,9.991,0.0,0.0
413,3.0,8.0,1.0,5.0,6.0,0.0,1760.278,3637.126,-38.257,38.687,38.37,9.88,0.0,0.0
414,3.0,8.0,1.0,6.0,7.0,0.0,2235.036,3663.967,84.859,38.778,38.621,9.924,0.0,0.0
415,4.0,8.0,1.0,0.0,3.0,0.0,2708.173,3422.327,91.499,37.991,37.143,9.213,0.0,0.0
416,4.0,8.0,1.0,1.0,4.0,0.0,2786.619,3501.053,-32.65,38.113,37.906,9.899,0.0,0.0
417,4.0,8.0,1.0,2.0,5.0,0.0,2505.173,3517.206,65.867,38.2,38.142,9.864,0.0,0.0
418,4.0,8.0,1.0,3.0,6.0,0.0,2387.517,3540.276,44.512,38.279,38.101,9.794,0.0,0.0
419,4.0,8.0,1.0,4.0,7.0,0.0,2582.988,3569.479,97.184,37.499,37.314,9.666,0.0,0.0
420,4.0,8.0,1.0,5.0,9.0,0.0,2585.048,3678.986,-2.849,39.828,36.624,9.723,0.0,0.0
421,5.0,8.0,1.0,0.0,1.0,0.0,3217.975,3287.125,65.68,37.777,37.458,9.796,0.0,0.0
422,5.0,8.0,1.0,1.0,2.0,0.0,3452.549,3346.753,131.99,39.248,38.668,9.99,0.0,0.0
423,5.0,8.0,1.0,2.0,5.0,0.0,3243.979,3580.328,2.286,37.999,37.533,9.835,0.0,0.0
424,5.0,8.0,1.0,3.0,6.0,0.0,3168.755,3621.824,56.01,38.34,38.17,9.962,0.0,0.0
425,5.0,8.0,1.0,4.0,7.0,0.0,2976.627,3640.839,133.762,39.29,38.923,9.953,0.0,0.0
426,5.0,8.0,1.0,5.0,8.0,0.0,2988.091,3684.749,-3.025,43.63,24.168,9.277,0.0,0.0
427,6.0,8.0,1.0,0.0,3.0,0.0,3873.729,3350.856,124.265,38.237,37.458,9.778,0.0,0.0
428,6.0,8.0,1.0,1.0,4.0,0.0,3697.789,3402.156,-34.835,37.796,37.705,9.755,0.0,0.0
429,6.0,8.0,1.0,2.0,5.0,0.0,3759.893,3411.096,128.399,38.294,37.971,9.853,0.0,0.0
430,6.0,8.0,1.0,3.0,6.0,0.0,3763.204,3601.664,130.033,38.045,37.835,9.88,0.0,0.0
431,7.0,8.0,1.0,0.0,1.0,0.0,4084.115,3358.103,-3.166,37.869,35.997,9.341,0.0,0.0
433,7.0,8.0,1.0,2.0,5.0,0.0,4171.143,3679.712,-1.733,39.715,35.487,9.633,0.0,0.0
434,8.0,8.0,1.0,0.0,1.0,0.0,5022.996,3343.484,97.309,37.961,36.461,8.87,0.0,0.0
435,8.0,8.0,1.0,1.0,4.0,0.0,4849.715,3400.922,-42.662,38.165,36.413,8.825,0.0,0.0
436,8.0,8.0,1.0,2.0,11.0,0.0,4939.103,3615.535,98.344,38.215,37.849,9.753,0.0,0.0
437,9.0,8.0,1.0,0.0,2.0,0.0,5410.08,3573.557,-21.343,38.668,38.377,9.955,0.0,0.0
438,9.0,8.0,1.0,1.0,3.0,0.0,5337.101,3617.163,122.587,38.128,37.734,9.801,0.0,0.0
439,0.0,9.0,1.0,0.0,0.0,0.0,350.727,3696.693,-10.754,38.64,38.283,9.645,0.0,0.0
441,0.0,9.0,1.0,2.0,4.0,0.0,102.089,4088.183,4.438,41.132,34.594,9.711,0.0,0.0
442,1.0,9.0,1.0,0.0,1.0,0.0,1058.83,3705.947,-6.733,38.34,38.31,9.903,0.0,0.0
443,1.0,9.0,1.0,1.0,3.0,0.0,1106.372,3789.302,-32.15,38.617,38.395,9.95,0.0,0.0
444,1.0,9.0,1.0,2.0,4.0,0.0,647.264,3891.693,128.815,37.743,36.498,9.1,0.0,0.0
445,1.0,9.0,1.0,3.0,6.0,0.0,659.183,4074.45,11.344,38.91,38.597,9.938,0.0,0.0
446,2.0,9.0,1.0,0.0,5.0,0.0,1206.979,4076.547,-3.171,39.014,38.819,9.98,0.0,0.0
447,3.0,9.0,1.0,0.0,1.0,0.0,2314.314,3713.315,90.252,40.781,30.688,9.235,0.0,0.0
448,3.0,9.0,1.0,1.0,2.0,0.0,1833.291,3714.32,40.369,38.269,38.02,9.857,0.0,0.0
449,3.0,9.0,1.0,2.0,3.0,0.0,1754.475,3741.53,12.761,38.225,37.939,9.766,0.0,0.0
450,3.0,9.0,1.0,3.0,5.0,0.0,1985.478,3787.146,69.272,38.645,38.283,9.864,0.0,0.0
451,3.0,9.0,1.0,4.0,6.0,0.0,1965.768,3826.702,-7.757,38.211,38.029,9.85,0.0,0.0
452,3.0,9.0,1.0,5.0,7.0,0.0,1872.806,3840.523,17.364,38.067,37.88,9.889,0.0,0.0
453,3.0,9.0,1.0,6.0,8.0,0.0,2207.978,3980.307,-2.066,39.022,38.674,9.962,0.0,0.0
454,3.0,9.0,1.0,7.0,9.0,0.0,1837.313,4004.454,12.767,38.755,38.526,9.909,0.0,0.0
456,3.0,9.0,1.0,9.0,10.0,0.0,1750.179,4089.611,0.062,40.553,32.241,9.429,0.0,0.0
457,4.0,9.0,1.0,0.0,4.0,0.0,2359.608,3724.795,7.235,38.792,38.365,9.893,0.0,0.0
458,4.0,9.0,1.0,1.0,5.0,0.0,2528.091,3801.899,98.059,38.693,38.376,9.957,0.0,0.0
459,4.0,9.0,1.0,2.0,6.0,0.0,2737.372,4021.591,124.2,38.174,38.087,9.93,0.0,0.0
460,4.0,9.0,1.0,3.0,7.0,0.0,2616.596,4030.426,-25.165,38.475,38.085,9.892,0.0,0.0
462,5.0,9.0,1.0,1.0,2.0,0.0,2993.746,3752.197,112.925,38.473,37.217,9.344,0.0,0.0
463,5.0,9.0,1.0,2.0,5.0,0.0,3069.424,3895.788,52.878,38.167,37.755,9.735,0.0,0.0
464,5.0,9.0,1.0,3.0,7.0,0.0,3015.45,3950.521,-24.478,38.485,38.118,9.822,0.0,0.0
465,5.0,9.0,1.0,4.0,8.0,0.0,3358.797,3965.704,-12.76,32.968,21.223,9.457,0.0,0.0
467,5.0,9.0,1.0,6.0,10.0,0.0,3299.33,4017.206,88.071,38.221,38.148,9.792,0.0,0.0
468,6.0,9.0,1.0,0.0,1.0,0.0,3691.015,3717.592,129.503,38.942,38.654,9.949,0.0,0.0
469,6.0,9.0,1.0,1.0,3.0,0.0,3849.982,3789.455,124.897,37.67,37.554,9.795,0.0,0.0
470,6.0,9.0,1.0,2.0,6.0,0.0,3901.362,3843.803,53.611,29.22,18.507,8.912,0.0,0.0
471,6.0,9.0,1.0,3.0,7.0,0.0,3685.422,3887.213,106.072,37.668,37.4,9.775,0.0,0.0
472,6.0,9.0,1.0,4.0,8.0,0.0,3728.691,3936.498,-2.57,37.958,37.635,9.92,0.0,0.0
473,6.0,9.0,1.0,5.0,9.0,0.0,3887.709,3967.251,133.739,37.044,36.224,8.93,0.0,0.0
474,6.0,9.0,1.0,6.0,10.0,0.0,3958.216,4018.632,130.699,38.448,38.387,9.927,0.0,0.0
475,6.0,9.0,1.0,7.0,11.0,0.0,3840.402,4028.063,-41.845,38.098,37.926,9.899,0.0,0.0
476,6.0,9.0,1.0,8.0,12.0,0.0,3773.902,4085.893,-4.341,39.522,38.057,9.872,0.0,0.0
477,7.0,9.0,1.0,0.0,6.0,0.0,4096.858,3957.406,54.412,38.361,38.228,9.82,0.0,0.0
478,7.0,9.0,1.0,1.0,8.0,0.0,4190.985,3988.682,74.063,38.847,38.583,9.928,0.0,0.0
479,7.0,9.0,1.0,2.0,9.0,0.0,4187.715,4043.253,-15.78,38.83,38.401,9.903,0.0,0.0
480,7.0,9.0,1.0,3.0,11.0,0.0,4237.656,4074.406,43.399,38.039,37.903,9.812,0.0,0.0
481,8.0,9.0,1.0,0.0,0.0,0.0,4945.711,3723.853,118.28,37.613,36.496,9.28,0.0,0.0
482,8.0,9.0,1.0,1.0,1.0,0.0,5068.882,3781.309,96.018,38.108,37.258,9.587,0.0,0.0
483,8.0,9.0,1.0,2.0,2.0,0.0,4697.603,3797.106,-32.328,37.072,33.848,9.569,0.0,0.0
484,8.0,9.0,1.0,3.0,6.0,0.0,4794.8,4002.995,122.515,38.58,38.235,9.849,0.0,0.0
485,8.0,9.0,1.0,4.0,7.0,0.0,4684.886,4025.763,9.832,38.595,38.28,9.933,0.0,0.0
486,8.0,9.0,1.0,5.0,8.0,0.0,4745.369,4056.401,8.929,38.985,38.57,9.945,0.0,0.0
487,8.0,9.0,1.0,6.0,9.0,0.0,4795.355,4083.103,-1.045,37.868,37.661,9.835,0.0,0.0
488,9.0,9.0,1.0,0.0,0.0,0.0,5758.634,3711.959,-37.636,38.739,38.414,9.892,0.0,0.0
489,9.0,9.0,1.0,1.0,1.0,0.0,5354.264,3770.947,97.613,38.325,37.901,9.773,0.0,0.0
490,9.0,9.0,1.0,2.0,2.0,0.0,5716.505,3791.825,-41.847,38.738,38.365,9.961,0.0,0.0
492,9.0,9.0,1.0,4.0,7.0,0.0,5652.791,3963.569,121.122,38.643,37.204,9.363,0.0,0.0
493,9.0,9.0,1.0,5.0,8.0,0.0,5451.642,3985.666,123.774,38.281,37.235,9.996,0.0,0.0
494,9.0,9.0,1.0,6.0,9.0,0.0,5377.253,4014.58,5.793,37.438,36.039,9.273,0.0,0.0
495,0.0,10.0,1.0,0.0,2.0,0.0,107.789,4157.248,103.451,37.917,37.597,9.832,0.0,0.0
497,0.0,10.0,1.0,2.0,5.0,0.0,89.605,4205.356,13.164,37.827,37.74,9.84,0.0,0.0
498,0.0,10.0,1.0,3.0,7.0,0.0,445.02,4227.145,38.62,38.049,37.698,9.863,0.0,0.0
499,0.0,10.0,1.0,4.0,9.0,0.0,526.697,4289.018,15.769,38.207,37.967,9.842,0.0,0.0
500,0.0,10.0,1.0,5.0,10.0,0.0,169.204,4386.655,8.132,38.295,38.016,9.86,0.0,0.0
501,0.0,10.0,1.0,6.0,11.0,0.0,210.917,4445.499,-25.045,38.338,38.145,9.882,0.0,0.0
502,1.0,10.0,1.0,0.0,1.0,0.0,866.187,4150.31,108.557,38.184,37.825,9.897,0.0,0.0
503,1.0,10.0,1.0,1.0,2.0,0.0,1002.933,4160.375,97.119,38.173,38.071,9.851,0.0,0.0
504,1.0,10.0,1.0,2.0,3.0,0.0,1052.723,4220.905,105.555,38.188,37.987,9.842,0.0,0.0
505,1.0,10.0,1.0,3.0,7.0,0.0,795.235,4305.498,18.151,38.671,38.172,9.929,0.0,0.0
506,1.0,10.0,1.0,4.0,9.0,0.0,940.516,4387.745,102.034,38.313,38.157,9.88,0.0,0.0
507,1.0,10.0,1.0,5.0,10.0,0.0,773.457,4481.749,113.392,38.65,38.119,9.919,0.0,0.0
508,1.0,10.0,1.0,6.0,11.0,0.0,993.998,4500.813,-8.388,42.155,26.645,9.318,0.0,0.0
509,2.0,10.0,1.0,0.0,2.0,0.0,1335.954,4134.808,64.095,38.518,38.237,9.917,0.0,0.0
510,2.0,10.0,1.0,1.0,3.0,0.0,1460.851,4181.951,34.447,38.163,37.987,9.839,0.0,0.0
511,2.0,10.0,1.0,2.0,4.0,0.0,1174.532,4325.793,-21.195,38.586,38.168,9.917,0.0,0.0
512,2.0,10.0,1.0,3.0,5.0,0.0,1732.327,4331.401,46.734,38.678,38.431,9.887,0.0,0.0
513,2.0,10.0,1.0,4.0,6.0,0.0,1445.477,4369.015,-30.37,38.046,36.056,8.655,0.0,0.0
514,2.0,10.0,1.0,5.0,7.0,0.0,1710.148,4383.968,60.251,39.087,38.634,9.891,0.0,0.0
515,2.0,10.0,1.0,6.0,8.0,0.0,1394.126,4434.071,125.491,38.215,38.014,9.849,0.0,0.0
516,2.0,10.0,1.0,7.0,9.0,0.0,1700.29,4437.106,-43.891,38.649,38.414,9.957,0.0,0.0
517,3.0,10.0,1.0,0.0,1.0,0.0,2263.649,4103.804,-44.383,37.718,37.395,9.78,0.0,0.0
520,3.0,10.0,1.0,3.0,9.0,0.0,1851.846,4471.742,73.502,38.446,38.275,9.913,0.0,0.0
521,4.0,10.0,1.0,0.0,1.0,0.0,2335.166,4149.599,17.707,38.666,38.308,9.87,0.0,0.0
523,5.0,10.0,1.0,0.0,2.0,0.0,3022.491,4388.896,-14.469,38.614,38.133,9.916,0.0,0.0
524,5.0,10.0,1.0,1.0,5.0,0.0,3158.46,4486.528,127.814,38.628,38.335,9.944,0.0,0.0
525,6.0,10.0,1.0,0.0,1.0,0.0,4000.158,4125.198,119.401,38.202,38.048,9.852,0.0,0.0
526,6.0,10.0,1.0,1.0,2.0,0.0,3781.879,4151.304,71.484,38.076,36.784,9.242,0.0,0.0
527,6.0,10.0,1.0,2.0,3.0,0.0,3561.7,4200.011,-25.242,37.99,37.786,9.791,0.0,0.0
528,6.0,10.0,1.0,3.0,5.0,0.0,3909.495,4386.714,-1.949,38.388,38.123,9.886,0.0,0.0
532,7.0,10.0,1.0,0.0,4.0,0.0,4573.689,4423.136,-42.615,38.597,38.346,9.941,0.0,0.0
533,7.0,10.0,1.0,1.0,6.0,0.0,4171.379,4478.487,-5.413,38.413,38.209,9.9,0.0,0.0
534,8.0,10.0,1.0,0.0,1.0,0.0,4995.104,4138.284,112.982,38.225,37.824,9.826,0.0,0.0
536,8.0,10.0,1.0,2.0,2.0,0.0,4701.411,4150.585,-41.392,38.145,37.158,9.805,0.0,0.0
537,8.0,10.0,1.0,3.0,3.0,0.0,5094.566,4263.538,-40.226,38.466,37.736,9.551,0.0,0.0
538,8.0,10.0,1.0,4.0,5.0,0.0,5039.428,4391.463,109.494,38.319,38.261,9.894,0.0,0.0
539,8.0,10.0,1.0,5.0,6.0,0.0,4790.137,4434.319,121.499,38.127,37.78,9.883,0.0,0.0
540,8.0,10.0,1.0,6.0,7.0,0.0,5166.166,4473.49,37.508,38.899,38.494,9.924,0.0,0.0
541,9.0,10.0,1.0,0.0,0.0,0.0,5734.377,4104.035,-28.869,38.6,38.316,9.938,0.0,0.0
542,9.0,10.0,1.0,1.0,3.0,0.0,5515.636,4203.87,-41.777,37.743,36.074,9.942,0.0,0.0
543,9.0,10.0,1.0,2.0,4.0,0.0,5226.968,4275.883,10.529,38.458,38.049,9.81,0.0,0.0
544,9.0,10.0,1.0,3.0,5.0,0.0,5328.669,4341.463,-35.615,38.021,37.478,9.754,0.0,0.0
545,9.0,10.0,1.0,4.0,6.0,0.0,5748.553,4350.663,56.476,38.545,38.281,9.926,0.0,0.0
546,9.0,10.0,1.0,5.0,7.0,0.0,5464.242,4414.125,99.815,37.806,37.59,9.817,0.0,0.0
548,9.0,10.0,1.0,7.0,11.0,0.0,5431.811,4454.955,8.463,39.248,38.963,9.807,0.0,0.0
549,9.0,10.0,1.0,8.0,13.0,0.0,5450.258,4494.405,-3.354,38.544,36.905,9.749,0.0,0.0
551,0.0,11.0,1.0,1.0,6.0,0.0,433.881,4900.308,84.309,38.695,38.259,9.867,0.0,0.0
552,1.0,11.0,1.0,0.0,2.0,0.0,1102.456,4545.736,-35.459,38.438,37.81,9.928,0.0,0.0
553,1.0,11.0,1.0,1.0,4.0,0.0,1149.326,4644.355,87.403,38.978,38.822,9.976,0.0,0.0
554,1.0,11.0,1.0,2.0,6.0,0.0,705.909,4701.499,126.851,38.417,37.987,9.65,0.0,0.0
555,1.0,11.0,1.0,3.0,7.0,0.0,673.747,4732.086,122.846,38.514,38.295,9.924,0.0,0.0
556,1.0,11.0,1.0,4.0,8.0,0.0,1107.465,4776.318,-38.274,39.094,38.674,9.825,0.0,0.0
557,1.0,11.0,1.0,5.0,9.0,0.0,1064.8,4808.066,-16.85,38.696,38.547,9.98,0.0,0.0
558,1.0,11.0,1.0,6.0,10.0,0.0,619.528,4824.763,-21.84,38.388,37.921,9.86,0.0,0.0
559,2.0,11.0,1.0,0.0,0.0,0.0,1614.388,4592.931,35.162,38.403,38.372,9.92,0.0,0.0
560,2.0,11.0,1.0,1.0,1.0,0.0,1310.956,4617.724,59.165,37.698,37.487,9.867,0.0,0.0
561,2.0,11.0,1.0,2.0,3.0,0.0,1513.145,4661.297,27.374,37.034,36.162,9.327,0.0,0.0
562,2.0,11.0,1.0,3.0,6.0,0.0,1627.174,4870.666,-28.073,39.618,38.802,9.98,0.0,0.0
563,2.0,11.0,1.0,4.0,8.0,0.0,1419.505,4903.753,-3.601,39.151,35.446,9.632,0.0,0.0
564,3.0,11.0,1.0,0.0,1.0,0.0,1821.244,4526.069,47.778,37.839,37.728,9.84,0.0,0.0
565,3.0,11.0,1.0,1.0,3.0,0.0,1953.047,4647.097,-9.468,38.376,38.27,9.828,0.0,0.0
566,3.0,11.0,1.0,2.0,6.0,0.0,1811.824,4858.727,-14.584,38.83,38.475,9.912,0.0,0.0
567,3.0,11.0,1.0,3.0,7.0,0.0,1993.197,4868.943,29.472,38.653,38.366,9.875,0.0,0.0
568,3.0,11.0,1.0,4.0,8.0,0.0,1755.583,4874.201,-25.781,38.913,38.713,9.953,0.0,0.0
569,3.0,11.0,1.0,5.0,9.0,0.0,2175.703,4893.391,-10.02,39.34,39.104,9.983,0.0,0.0
570,4.0,11.0,1.0,0.0,2.0,0.0,2645.695,4560.446,76.718,38.058,37.826,9.88,0.0,0.0
571,4.0,11.0,1.0,1.0,5.0,0.0,2752.262,4860.487,110.294,37.889,37.63,9.833,0.0,0.0
573,5.0,11.0,1.0,1.0,1.0,0.0,3327.889,4531.744,75.083,37.549,36.491,8.846,0.0,0.0
574,6.0,11.0,1.0,0.0,2.0,0.0,3882.917,4575.924,-22.182,38.0,37.694,9.856,0.0,0.0
575,6.0,11.0,1.0,1.0,4.0,0.0,3944.865,4597.098,-32.607,38.724,38.512,9.903,0.0,0.0
576,6.0,11.0,1.0,2.0,5.0,0.0,3541.472,4627.057,125.527,37.945,37.506,9.825,0.0,0.0
577,6.0,11.0,1.0,3.0,6.0,0.0,3929.114,4857.057,23.351,38.787,38.582,9.92,0.0,0.0
578,7.0,11.0,1.0,0.0,1.0,0.0,4204.377,4549.151,81.007,37.976,37.194,9.786,0.0,0.0
580,7.0,11.0,1.0,2.0,2.0,0.0,4400.411,4560.557,120.674,38.369,37.456,9.574,0.0,0.0
581,7.0,11.0,1.0,3.0,4.0,0.0,4153.251,4649.063,54.623,37.965,37.541,9.832,0.0,0.0
582,7.0,11.0,1.0,4.0,5.0,0.0,4532.968,4687.898,-0.321,38.391,38.195,9.895,0.0,0.0
583,7.0,11.0,1.0,5.0,7.0,0.0,4133.012,4785.191,131.285,38.629,38.452,9.883,0.0,0.0
584,7.0,11.0,1.0,6.0,9.0,0.0,4293.509,4868.509,102.377,38.802,38.507,9.988,0.0,0.0
585,8.0,11.0,1.0,0.0,1.0,0.0,5129.562,4551.384,-33.663,38.36,38.23,9.896,0.0,0.0
586,8.0,11.0,1.0,1.0,3.0,0.0,4876.641,4572.878,-30.59,38.017,37.072,9.551,0.0,0.0
587,8.0,11.0,1.0,2.0,5.0,0.0,5179.227,4578.939,-30.6,38.389,37.821,9.847,0.0,0.0
588,8.0,11.0,1.0,3.0,6.0,0.0,4635.0,4638.272,21.19,38.422,38.205,9.825,0.0,0.0
589,8.0,11.0,1.0,4.0,7.0,0.0,5193.675,4665.22,92.388,40.642,32.08,9.281,0.0,0.0
590,8.0,11.0,1.0,5.0,8.0,0.0,4833.172,4793.864,-9.013,38.955,38.871,9.904,0.0,0.0
591,8.0,11.0,1.0,6.0,10.0,0.0,5031.143,4834.909,46.594,38.286,37.34,9.928,0.0,0.0
592,8.0,11.0,1.0,7.0,11.0,0.0,4639.934,4853.263,32.961,39.118,38.784,9.989,0.0,0.0
593,8.0,11.0,1.0,8.0,12.0,0.0,4911.056,4872.625,39.272,38.484,38.207,9.909,0.0,0.0
594,8.0,11.0,1.0,9.0,13.0,0.0,4790.575,4890.701,74.704,38.824,38.519,9.993,0.0,0.0
595,9.0,11.0,1.0,0.0,1.0,0.0,5293.298,4557.627,123.173,37.503,37.283,9.738,0.0,0.0
596,9.0,11.0,1.0,1.0,2.0,0.0,5222.815,4560.832,-7.648,38.784,36.886,9.269,0.0,0.0
597,9.0,11.0,1.0,2.0,4.0,0.0,5550.411,4612.618,87.654,38.443,37.158,9.077,0.0,0.0
598,9.0,11.0,1.0,3.0,5.0,0.0,5392.921,4649.526,-38.589,37.966,35.859,9.106,0.0,0.0
599,9.0,11.0,1.0,4.0,6.0,0.0,5239.816,4659.817,96.4,38.315,38.164,9.958,0.0,0.0
601,9.0,11.0,1.0,6.0,10.0,0.0,5682.452,4733.946,-10.43,38.061,37.96,9.822,0.0,0.0
602,9.0,11.0,1.0,7.0,12.0,0.0,5755.476,4802.044,40.931,38.489,38.209,9.91,0.0,0.0
603,9.0,11.0,1.0,8.0,13.0,0.0,5536.562,4809.263,-41.543,38.982,38.348,9.693,0.0,0.0
604,9.0,11.0,1.0,9.0,14.0,0.0,5426.304,4816.309,108.26,38.657,38.373,9.953,0.0,0.0
605,9.0,11.0,1.0,10.0,16.0,0.0,5331.269,4824.544,134.765,38.258,37.849,9.91,0.0,0.0
606,9.0,11.0,1.0,11.0,18.0,0.0,5583.147,4827.656,-17.346,38.174,38.018,9.844,0.0,0.0
608,9.0,11.0,1.0,13.0,19.0,0.0,5234.206,4907.27,-2.077,41.996,29.185,9.376,0.0,0.0
609,0.0,12.0,1.0,0.0,3.0,0.0,318.713,4932.962,113.872,37.76,37.545,9.805,0.0,0.0
610,0.0,12.0,1.0,1.0,4.0,0.0,246.045,4981.135,113.134,38.413,38.052,9.879,0.0,0.0
611,0.0,12.0,1.0,2.0,6.0,0.0,399.038,4999.643,93.516,37.978,37.677,9.774,0.0,0.0
612,0.0,12.0,1.0,3.0,8.0,0.0,197.266,5152.581,131.655,38.59,38.424,9.95,0.0,0.0
613,0.0,12.0,1.0,4.0,9.0,0.0,129.748,5172.116,-38.261,37.757,37.484,9.797,0.0,0.0
614,0.0,12.0,1.0,5.0,10.0,0.0,567.624,5175.108,45.836,38.837,38.447,9.91,0.0,0.0
615,0.0,12.0,1.0,6.0,11.0,0.0,324.462,5164.393,-4.996,31.692,17.094,8.608,0.0,0.0
616,0.0,12.0,1.0,7.0,14.0,0.0,202.744,5283.356,100.457,38.383,38.26,9.902,0.0,0.0
617,1.0,12.0,1.0,0.0,2.0,0.0,821.863,4944.962,105.185,38.086,37.888,9.816,0.0,0.0
618,1.0,12.0,1.0,1.0,3.0,0.0,980.272,4957.902,-40.109,38.386,38.271,9.904,0.0,0.0
619,1.0,12.0,1.0,2.0,4.0,0.0,874.824,4984.172,115.956,38.47,38.314,9.921,0.0,0.0
620,1.0,12.0,1.0,3.0,5.0,0.0,607.924,4989.475,48.417,37.789,37.716,9.831,0.0,0.0
621,1.0,12.0,1.0,4.0,6.0,0.0,1039.588,5049.949,122.145,38.354,38.114,9.88,0.0,0.0
622,1.0,12.0,1.0,5.0,7.0,0.0,1080.519,5052.343,-16.076,38.949,38.709,9.957,0.0,0.0
623,1.0,12.0,1.0,6.0,8.0,0.0,1133.61,5101.061,34.165,38.282,37.989,9.854,0.0,0.0
624,1.0,12.0,1.0,7.0,9.0,0.0,1067.727,5148.021,125.238,37.819,37.68,9.831,0.0,0.0
625,1.0,12.0,1.0,8.0,10.0,0.0,1163.676,5155.496,92.414,42.405,25.789,8.105,0.0,0.0
626,1.0,12.0,1.0,9.0,13.0,0.0,608.017,5220.786,-16.753,38.501,38.383,9.934,0.0,0.0
627,1.0,12.0,1.0,10.0,15.0,0.0,1014.75,5294.325,103.188,38.69,38.504,9.974,0.0,0.0
628,2.0,12.0,1.0,0.0,1.0,0.0,1719.065,5002.248,-22.189,38.503,38.153,9.754,0.0,0.0
629,2.0,12.0,1.0,1.0,4.0,0.0,1575.123,5212.618,77.847,37.921,37.655,9.84,0.0,0.0
632,3.0,12.0,1.0,0.0,2.0,0.0,2212.35,4954.051,127.917,38.092,37.71,9.794,0.0,0.0
633,3.0,12.0,1.0,1.0,4.0,0.0,2311.693,5046.978,93.358,39.487,35.463,9.668,0.0,0.0
634,3.0,12.0,1.0,2.0,5.0,0.0,2289.696,5184.749,-15.206,39.379,38.858,9.957,0.0,0.0
635,4.0,12.0,1.0,0.0,0.0,0.0,2694.562,4955.655,-42.786,38.25,38.115,9.867,0.0,0.0
636,4.0,12.0,1.0,1.0,1.0,0.0,2797.792,4981.774,102.29,38.192,37.833,9.823,0.0,0.0
637,4.0,12.0,1.0,2.0,3.0,0.0,2531.135,5064.274,-34.012,37.529,37.159,9.725,0.0,0.0
638,4.0,12.0,1.0,3.0,4.0,0.0,2426.813,5121.495,-28.584,40.033,37.631,9.817,0.0,0.0
639,4.0,12.0,1.0,4.0,7.0,0.0,2859.94,5140.479,30.809,38.671,38.081,9.997,0.0,0.0
641,4.0,12.0,1.0,6.0,10.0,0.0,2334.967,5195.084,22.43,37.874,37.73,9.844,0.0,0.0
642,4.0,12.0,1.0,7.0,11.0,0.0,2530.241,5250.007,83.686,38.501,38.234,9.914,0.0,0.0
643,5.0,12.0,1.0,0.0,2.0,0.0,3187.73,5055.58,119.682,38.121,37.75,9.802,0.0,0.0
644,5.0,12.0,1.0,1.0,3.0,0.0,3327.957,5065.012,99.565,37.321,36.666,9.424,0.0,0.0
645,5.0,12.0,1.0,2.0,4.0,0.0,2959.763,5091.172,41.167,37.983,37.848,9.798,0.0,0.0
646,5.0,12.0,1.0,3.0,5.0,0.0,3179.467,5102.643,-35.688,37.424,37.284,9.805,0.0,0.0
647,5.0,12.0,1.0,4.0,6.0,0.0,3255.965,5243.943,-38.303,37.902,37.167,9.853,0.0,0.0
648,5.0,12.0,1.0,5.0,7.0,0.0,3155.036,5249.148,110.788,38.446,38.082,9.812,0.0,0.0
649,5.0,12.0,1.0,6.0,8.0,0.0,3382.534,5263.094,101.085,38.393,38.091,9.882,0.0,0.0
650,5.0,12.0,1.0,7.0,9.0,0.0,3076.552,5281.588,118.633,38.133,37.832,9.815,0.0,0.0
651,6.0,12.0,1.0,0.0,3.0,0.0,3682.726,5101.89,108.519,37.785,37.002,9.815,0.0,0.0
652,6.0,12.0,1.0,1.0,4.0,0.0,3696.735,5183.843,-25.615,38.048,37.666,9.707,0.0,0.0
653,7.0,12.0,1.0,0.0,0.0,0.0,4367.048,4955.478,59.276,38.316,37.861,9.842,0.0,0.0
654,7.0,12.0,1.0,1.0,3.0,0.0,4084.031,5309.278,-19.676,38.487,38.026,9.886,0.0,0.0
655,8.0,12.0,1.0,0.0,4.0,0.0,5114.426,5131.255,19.437,38.689,38.387,9.959,0.0,0.0
656,8.0,12.0,1.0,1.0,5.0,0.0,4692.922,5297.832,23.058,38.662,38.537,9.899,0.0,0.0
657,9.0,12.0,1.0,0.0,1.0,0.0,5571.299,4946.002,134.292,38.459,38.297,9.917,0.0,0.0
658,9.0,12.0,1.0,1.0,3.0,0.0,5686.954,5046.918,-28.221,38.459,38.117,9.894,0.0,0.0
659,9.0,12.0,1.0,2.0,5.0,0.0,5276.146,5124.951,121.711,38.651,38.207,9.93,0.0,0.0
660,9.0,12.0,1.0,3.0,9.0,0.0,5307.007,5239.955,128.536,38.472,38.344,9.925,0.0,0.0
661,9.0,12.0,1.0,4.0,10.0,0.0,5541.409,5240.053,-36.564,38.425,38.268,9.909,0.0,0.0
662,9.0,12.0,1.0,5.0,11.0,0.0,5547.948,5303.34,43.546,38.744,38.421,9.97,0.0,0.0
</ResultDatas>,,,,,,,,,,,,,,
<ElementResult>,,,,,,,,,,,,,,
0,0.0,,,,,,,,,,,,,
1,0.0,,,,,,,,,,,,,
2,0.0,,,,,,,,,,,,,
3,5.0,,,,,,,,,,,,,
4,9.0,,,,,,,,,,,,,
5,584.0,,,,,,,,,,,,,
</ElementResult>,,,,,,,,,,,,,,
