No,ImageNoX,ImageNoY,ImageNoZ,ElpsLabel,ObjLabel,Average,GravX,GravY,Angle,MjrAx,MnrAx,X2,Status,DepthAve
0,0.0,0.0,1.0,0.0,1.0,0.0,350.795,38.375,74.521,31.644,31.584,9.047,0.0,0.0
1,0.0,0.0,1.0,1.0,2.0,0.0,507.116,135.593,-21.796,31.992,31.909,9.058,0.0,0.0
2,0.0,0.0,1.0,2.0,3.0,0.0,475.035,148.22,54.805,32.081,32.001,9.084,0.0,0.0
3,0.0,0.0,1.0,3.0,4.0,0.0,194.527,202.482,3.307,31.838,31.675,9.088,0.0,0.0
4,0.0,0.0,1.0,4.0,5.0,0.0,432.87,255.788,86.06,31.542,31.456,9.014,0.0,0.0
5,0.0,0.0,1.0,5.0,6.0,0.0,491.32,397.05,51.042,32.374,32.209,9.155,0.0,0.0
8,1.0,0.0,1.0,2.0,2.0,0.0,860.427,100.918,45.804,31.338,31.203,9.034,0.0,0.0
9,1.0,0.0,1.0,3.0,3.0,0.0,817.93,129.714,102.412,31.948,31.842,9.042,0.0,0.0
10,1.0,0.0,1.0,4.0,4.0,0.0,1106.155,268.497,122.715,32.047,31.987,9.077,0.0,0.0
11,1.0,0.0,1.0,5.0,5.0,0.0,869.327,313.68,31.665,32.093,31.89,9.07,0.0,0.0
12,1.0,0.0,1.0,6.0,6.0,0.0,1036.934,317.788,44.013,32.168,32.002,9.096,0.0,0.0
13,1.0,0.0,1.0,7.0,7.0,0.0,681.676,387.882,127.633,32.048,31.94,9.07,0.0,0.0
14,2.0,0.0,1.0,0.0,0.0,0.0,1417.494,209.957,26.733,31.899,31.861,9.038,0.0,0.0
15,2.0,0.0,1.0,1.0,1.0,0.0,1656.212,231.887,-35.999,32.841,32.737,9.211,0.0,0.0
17,2.0,0.0,1.0,3.0,3.0,0.0,1675.265,262.323,-32.809,31.919,31.78,9.029,0.0,0.0
18,2.0,0.0,1.0,4.0,4.0,0.0,1194.026,348.634,71.129,32.354,32.247,9.157,0.0,0.0
20,2.0,0.0,1.0,6.0,6.0,0.0,1732.834,385.826,42.17,30.949,30.779,8.917,0.0,0.0
21,3.0,0.0,1.0,0.0,0.0,0.0,2044.203,262.413,88.938,31.363,31.237,8.957,0.0,0.0
22,4.0,0.0,1.0,0.0,1.0,0.0,2416.033,48.382,43.384,31.871,31.747,9.018,0.0,0.0
23,4.0,0.0,1.0,1.0,2.0,0.0,2714.645,162.692,115.983,31.394,31.121,8.945,0.0,0.0
24,4.0,0.0,1.0,2.0,3.0,0.0,2648.59,220.885,126.697,31.473,31.374,8.992,0.0,0.0
25,4.0,0.0,1.0,3.0,4.0,0.0,2533.496,226.702,66.701,31.847,31.679,9.005,0.0,0.0
27,5.0,0.0,1.0,0.0,0.0,0.0,3336.973,201.788,41.673,31.357,31.201,8.951,0.0,0.0
28,5.0,0.0,1.0,1.0,1.0,0.0,2934.171,244.499,35.424,32.116,31.97,9.084,0.0,0.0
29,5.0,0.0,1.0,2.0,2.0,0.0,2976.426,388.595,86.709,32.495,32.393,9.114,0.0,0.0
30,6.0,0.0,1.0,0.0,0.0,0.0,3694.048,73.502,-32.559,31.41,31.388,8.985,0.0,0.0
31,6.0,0.0,1.0,1.0,1.0,0.0,3901.084,206.994,-41.33,31.57,31.353,8.92,0.0,0.0
32,6.0,0.0,1.0,2.0,2.0,0.0,3499.06,223.526,31.78,32.312,32.232,9.149,0.0,0.0
33,6.0,0.0,1.0,3.0,3.0,0.0,3770.482,274.497,65.056,31.694,31.61,9.058,0.0,0.0
34,6.0,0.0,1.0,4.0,4.0,0.0,3532.544,287.673,121.233,31.774,31.625,8.987,0.0,0.0
35,7.0,0.0,1.0,0.0,0.0,0.0,4187.099,61.754,38.514,32.049,31.84,9.056,0.0,0.0
36,7.0,0.0,1.0,1.0,1.0,0.0,4540.785,70.746,45.457,32.306,32.189,9.142,0.0,0.0
37,7.0,0.0,1.0,2.0,2.0,0.0,4173.599,202.55,40.928,31.823,31.572,9.071,0.0,0.0
39,7.0,0.0,1.0,4.0,4.0,0.0,4350.27,329.882,87.926,32.393,32.312,9.172,0.0,0.0
40,7.0,0.0,1.0,5.0,5.0,0.0,4464.368,334.871,8.491,32.236,32.075,9.116,0.0,0.0
44,8.0,0.0,1.0,1.0,2.0,0.0,4922.238,277.082,21.926,31.681,31.614,8.972,0.0,0.0
45,8.0,0.0,1.0,2.0,3.0,0.0,4648.72,312.991,-4.667,32.06,31.994,9.08,0.0,0.0
46,9.0,0.0,1.0,0.0,2.0,0.0,5580.44,90.643,86.656,31.928,31.888,9.046,0.0,0.0
47,9.0,0.0,1.0,1.0,3.0,0.0,5490.194,114.361,95.78,31.573,31.505,9.025,0.0,0.0
48,9.0,0.0,1.0,2.0,4.0,0.0,5626.405,152.079,10.925,31.63,31.594,9.046,0.0,0.0
49,9.0,0.0,1.0,3.0,5.0,0.0,5247.546,256.42,9.854,32.013,31.943,9.066,0.0,0.0
50,9.0,0.0,1.0,4.0,6.0,0.0,5292.389,266.395,107.901,32.119,31.992,9.005,0.0,0.0
51,9.0,0.0,1.0,5.0,7.0,0.0,5678.099,298.095,-35.369,32.032,31.9,9.063,0.0,0.0
52,9.0,0.0,1.0,6.0,8.0,0.0,5546.979,335.197,21.873,32.257,32.061,9.117,0.0,0.0
53,0.0,1.0,1.0,0.0,1.0,0.0,94.14,500.158,42.032,32.451,32.301,9.179,0.0,0.0
54,0.0,1.0,1.0,1.0,2.0,0.0,153.687,511.986,66.92,31.824,31.763,9.014,0.0,0.0
55,0.0,1.0,1.0,2.0,3.0,0.0,88.55,783.776,-21.644,32.259,31.987,9.107,0.0,0.0
56,0.0,1.0,1.0,3.0,4.0,0.0,383.4,801.452,31.805,31.762,31.611,8.983,0.0,0.0
57,1.0,1.0,1.0,0.0,0.0,0.0,996.821,452.428,126.625,32.251,32.0,9.025,0.0,0.0
58,1.0,1.0,1.0,1.0,1.0,0.0,839.253,592.034,125.546,35.129,34.917,9.499,0.0,0.0
59,1.0,1.0,1.0,2.0,2.0,0.0,670.882,650.541,35.845,32.359,32.296,9.165,0.0,0.0
60,1.0,1.0,1.0,3.0,3.0,0.0,968.906,675.195,129.607,31.57,31.432,9.014,0.0,0.0
61,1.0,1.0,1.0,4.0,4.0,0.0,674.193,711.523,-42.88,32.327,32.237,9.152,0.0,0.0
62,1.0,1.0,1.0,5.0,5.0,0.0,853.04,742.237,-32.32,31.949,31.847,9.043,0.0,0.0
63,2.0,1.0,1.0,0.0,0.0,0.0,1445.275,479.988,-3.855,31.992,31.811,9.044,0.0,0.0
64,2.0,1.0,1.0,1.0,1.0,0.0,1732.058,480.39,-39.383,32.352,32.133,9.141,0.0,0.0
65,2.0,1.0,1.0,2.0,2.0,0.0,1601.154,743.557,86.999,31.882,31.841,9.033,0.0,0.0
66,2.0,1.0,1.0,3.0,3.0,0.0,1213.851,795.068,63.547,32.495,32.341,9.107,0.0,0.0
67,2.0,1.0,1.0,4.0,4.0,0.0,1682.832,816.256,46.63,32.225,32.019,9.107,0.0,0.0
69,3.0,1.0,1.0,1.0,2.0,0.0,2091.718,600.984,19.673,30.932,30.862,8.926,0.0,0.0
70,3.0,1.0,1.0,2.0,3.0,0.0,1850.388,637.734,31.918,32.225,32.131,9.123,0.0,0.0
72,3.0,1.0,1.0,4.0,5.0,0.0,2232.586,679.599,77.827,31.378,28.316,8.323,0.0,0.0
73,4.0,1.0,1.0,0.0,0.0,0.0,2387.248,488.405,49.661,32.239,32.123,9.123,0.0,0.0
74,4.0,1.0,1.0,1.0,1.0,0.0,2503.44,642.354,21.881,31.763,31.654,8.99,0.0,0.0
75,4.0,1.0,1.0,2.0,2.0,0.0,2565.989,713.904,36.981,31.899,31.853,9.037,0.0,0.0
76,4.0,1.0,1.0,3.0,3.0,0.0,2609.731,715.528,90.929,31.656,31.632,9.055,0.0,0.0
77,5.0,1.0,1.0,0.0,0.0,0.0,3293.213,457.855,-35.733,31.815,31.701,9.088,0.0,0.0
78,5.0,1.0,1.0,1.0,1.0,0.0,3360.682,601.02,65.705,31.62,31.588,9.044,0.0,0.0
79,5.0,1.0,1.0,2.0,2.0,0.0,3421.528,601.808,97.597,32.06,31.79,9.135,0.0,0.0
80,5.0,1.0,1.0,3.0,3.0,0.0,3104.374,621.251,18.03,31.94,31.821,9.038,0.0,0.0
81,6.0,1.0,1.0,0.0,0.0,0.0,3711.623,447.242,49.03,31.896,31.856,9.037,0.0,0.0
82,6.0,1.0,1.0,1.0,1.0,0.0,3494.316,678.79,90.786,32.013,31.839,9.051,0.0,0.0
83,6.0,1.0,1.0,2.0,2.0,0.0,3662.01,815.185,-39.078,32.179,31.991,9.096,0.0,0.0
84,6.0,1.0,1.0,3.0,3.0,0.0,3864.951,828.348,-4.359,33.883,26.485,8.543,0.0,0.0
85,7.0,1.0,1.0,0.0,0.0,0.0,4472.141,504.329,50.77,32.095,32.071,9.096,0.0,0.0
86,7.0,1.0,1.0,1.0,1.0,0.0,4470.188,671.857,-1.833,31.575,31.435,9.016,0.0,0.0
87,7.0,1.0,1.0,2.0,2.0,0.0,4344.067,811.383,71.153,32.132,32.006,9.092,0.0,0.0
88,8.0,1.0,1.0,0.0,2.0,0.0,4915.792,536.164,53.098,31.473,31.333,8.987,0.0,0.0
89,8.0,1.0,1.0,1.0,3.0,0.0,4793.542,637.332,82.856,31.774,31.714,9.0,0.0,0.0
91,9.0,1.0,1.0,0.0,0.0,0.0,5534.342,539.942,98.098,31.81,31.672,8.999,0.0,0.0
92,9.0,1.0,1.0,1.0,1.0,0.0,5344.202,596.555,-34.86,31.916,31.72,9.021,0.0,0.0
93,9.0,1.0,1.0,2.0,3.0,0.0,5204.091,724.279,14.767,31.93,31.869,9.044,0.0,0.0
94,9.0,1.0,1.0,3.0,4.0,0.0,5547.104,823.711,59.122,32.664,32.594,9.166,0.0,0.0
95,0.0,2.0,1.0,0.0,0.0,0.0,120.051,941.818,-33.637,31.694,31.498,9.042,0.0,0.0
96,0.0,2.0,1.0,1.0,1.0,0.0,549.742,979.489,-6.651,32.511,32.324,9.107,0.0,0.0
98,0.0,2.0,1.0,3.0,3.0,0.0,407.853,1179.672,39.139,32.66,32.519,9.155,0.0,0.0
99,0.0,2.0,1.0,4.0,4.0,0.0,420.808,1212.741,29.595,32.342,32.038,9.126,0.0,0.0
100,0.0,2.0,1.0,5.0,5.0,0.0,314.242,1219.225,47.387,31.905,31.83,9.035,0.0,0.0
102,1.0,2.0,1.0,1.0,1.0,0.0,905.228,1009.776,108.649,31.74,31.557,9.057,0.0,0.0
103,1.0,2.0,1.0,2.0,2.0,0.0,623.715,1095.26,91.904,31.91,31.828,9.035,0.0,0.0
104,2.0,2.0,1.0,0.0,1.0,0.0,1281.39,912.118,93.491,31.917,31.903,9.047,0.0,0.0
105,2.0,2.0,1.0,1.0,2.0,0.0,1684.97,960.78,-14.249,32.149,32.069,9.103,0.0,0.0
106,2.0,2.0,1.0,2.0,4.0,0.0,1433.799,1097.79,95.366,32.015,31.63,9.022,0.0,0.0
107,2.0,2.0,1.0,3.0,5.0,0.0,1475.517,1105.784,44.632,31.724,31.594,9.06,0.0,0.0
108,2.0,2.0,1.0,4.0,6.0,0.0,1219.282,1130.756,55.448,32.111,32.004,9.088,0.0,0.0
109,2.0,2.0,1.0,5.0,7.0,0.0,1732.897,1189.848,10.735,32.839,32.72,9.208,0.0,0.0
110,3.0,2.0,1.0,0.0,0.0,0.0,1876.153,969.68,36.758,32.255,32.149,9.129,0.0,0.0
112,3.0,2.0,1.0,2.0,2.0,0.0,2284.884,1146.806,75.223,32.369,32.345,9.09,0.0,0.0
113,4.0,2.0,1.0,0.0,0.0,0.0,2471.319,886.217,-43.757,31.625,31.591,9.045,0.0,0.0
114,5.0,2.0,1.0,0.0,0.0,0.0,3392.873,942.423,57.346,32.165,32.085,9.108,0.0,0.0
115,5.0,2.0,1.0,1.0,1.0,0.0,3315.639,1033.089,14.152,31.592,31.477,9.024,0.0,0.0
116,5.0,2.0,1.0,2.0,2.0,0.0,2953.177,1083.258,112.123,31.804,31.682,9.084,0.0,0.0
117,5.0,2.0,1.0,3.0,3.0,0.0,3003.543,1116.129,133.401,32.341,32.074,9.047,0.0,0.0
119,5.0,2.0,1.0,5.0,5.0,0.0,3400.202,1209.094,25.626,32.456,32.365,9.189,0.0,0.0
120,6.0,2.0,1.0,0.0,2.0,0.0,3844.768,904.192,70.803,31.782,31.605,8.985,0.0,0.0
121,6.0,2.0,1.0,1.0,3.0,0.0,3979.123,1199.452,26.553,32.563,32.433,9.129,0.0,0.0
122,6.0,2.0,1.0,2.0,4.0,0.0,3493.707,1204.442,33.484,32.34,32.228,9.069,0.0,0.0
123,7.0,2.0,1.0,0.0,1.0,0.0,4372.085,956.438,6.688,32.027,31.853,9.055,0.0,0.0
124,7.0,2.0,1.0,1.0,2.0,0.0,4069.955,988.074,-40.583,31.979,31.878,9.052,0.0,0.0
125,7.0,2.0,1.0,2.0,3.0,0.0,4503.133,1059.755,42.795,32.215,32.112,9.119,0.0,0.0
126,8.0,2.0,1.0,0.0,1.0,0.0,4956.881,1020.123,108.802,31.825,31.497,8.976,0.0,0.0
129,8.0,2.0,1.0,3.0,5.0,0.0,5071.209,1068.401,30.442,31.769,31.532,9.057,0.0,0.0
131,9.0,2.0,1.0,0.0,1.0,0.0,5615.37,844.222,53.087,32.374,32.343,9.09,0.0,0.0
132,9.0,2.0,1.0,1.0,2.0,0.0,5340.401,973.119,70.825,31.655,31.481,9.034,0.0,0.0
133,9.0,2.0,1.0,2.0,3.0,0.0,5755.59,991.666,-23.768,32.09,32.015,9.087,0.0,0.0
134,9.0,2.0,1.0,3.0,4.0,0.0,5715.655,1029.753,122.389,32.112,31.896,9.074,0.0,0.0
135,9.0,2.0,1.0,4.0,5.0,0.0,5575.104,1112.839,92.768,31.971,31.794,9.487,0.0,0.0
136,9.0,2.0,1.0,5.0,6.0,0.0,5701.494,1120.919,48.527,32.295,32.046,9.12,0.0,0.0
137,9.0,2.0,1.0,6.0,8.0,0.0,5305.367,1212.486,121.337,32.166,31.954,9.089,0.0,0.0
138,0.0,3.0,1.0,0.0,2.0,0.0,535.106,1250.436,70.363,32.231,32.193,9.132,0.0,0.0
139,0.0,3.0,1.0,1.0,3.0,0.0,263.111,1256.498,55.378,31.895,31.869,9.039,0.0,0.0
140,0.0,3.0,1.0,2.0,4.0,0.0,139.274,1317.121,61.654,32.09,31.914,9.073,0.0,0.0
142,0.0,3.0,1.0,4.0,6.0,0.0,199.019,1405.945,30.951,31.724,31.636,8.981,0.0,0.0
143,0.0,3.0,1.0,5.0,7.0,0.0,23.065,1631.167,-17.413,32.76,32.561,9.175,0.0,0.0
144,0.0,3.0,1.0,6.0,8.0,0.0,422.681,1631.296,19.529,32.602,32.401,9.13,0.0,0.0
145,1.0,3.0,1.0,0.0,0.0,0.0,1039.723,1292.668,-13.274,31.814,31.751,9.011,0.0,0.0
146,1.0,3.0,1.0,1.0,1.0,0.0,957.602,1388.247,89.176,32.018,31.933,9.065,0.0,0.0
147,1.0,3.0,1.0,2.0,2.0,0.0,673.565,1502.541,76.224,32.28,32.085,9.124,0.0,0.0
148,1.0,3.0,1.0,3.0,3.0,0.0,704.176,1604.602,47.293,32.16,32.052,9.102,0.0,0.0
149,2.0,3.0,1.0,0.0,0.0,0.0,1407.092,1261.839,74.833,32.126,31.966,9.085,0.0,0.0
150,2.0,3.0,1.0,1.0,1.0,0.0,1497.692,1282.852,-11.005,31.984,31.928,9.06,0.0,0.0
151,2.0,3.0,1.0,2.0,2.0,0.0,1658.109,1332.816,64.238,32.489,32.279,9.097,0.0,0.0
152,2.0,3.0,1.0,3.0,3.0,0.0,1235.861,1424.832,65.478,32.142,31.99,9.091,0.0,0.0
153,2.0,3.0,1.0,4.0,4.0,0.0,1194.775,1426.449,29.239,31.815,31.657,8.997,0.0,0.0
154,2.0,3.0,1.0,5.0,5.0,0.0,1669.983,1511.236,-9.892,32.077,31.928,9.073,0.0,0.0
155,2.0,3.0,1.0,6.0,6.0,0.0,1479.772,1621.287,57.622,31.884,31.865,9.037,0.0,0.0
156,3.0,3.0,1.0,0.0,0.0,0.0,1886.115,1252.372,60.891,31.968,31.735,9.03,0.0,0.0
158,3.0,3.0,1.0,2.0,2.0,0.0,2038.627,1456.824,103.041,31.617,31.245,8.994,0.0,0.0
159,4.0,3.0,1.0,0.0,0.0,0.0,2473.218,1295.797,39.746,32.588,32.438,9.133,0.0,0.0
160,4.0,3.0,1.0,1.0,1.0,0.0,2451.931,1331.854,-2.089,31.671,31.635,9.058,0.0,0.0
161,4.0,3.0,1.0,2.0,2.0,0.0,2851.441,1357.982,-43.36,32.121,32.031,9.094,0.0,0.0
163,4.0,3.0,1.0,4.0,3.0,0.0,2725.25,1456.552,11.407,32.497,31.583,9.926,0.0,0.0
164,4.0,3.0,1.0,5.0,4.0,0.0,2816.297,1521.712,41.264,32.306,32.223,9.064,0.0,0.0
165,4.0,3.0,1.0,6.0,5.0,0.0,2827.702,1562.906,39.657,32.05,31.881,9.062,0.0,0.0
166,5.0,3.0,1.0,0.0,0.0,0.0,3236.967,1367.985,6.625,31.839,31.733,9.012,0.0,0.0
167,5.0,3.0,1.0,1.0,1.0,0.0,3292.219,1489.939,87.298,31.535,31.385,9.003,0.0,0.0
168,5.0,3.0,1.0,2.0,2.0,0.0,3075.716,1586.714,58.782,32.118,31.92,9.078,0.0,0.0
169,6.0,3.0,1.0,0.0,0.0,0.0,3653.126,1275.41,102.051,32.242,32.176,9.131,0.0,0.0
170,6.0,3.0,1.0,1.0,1.0,0.0,3809.131,1342.0,-32.18,32.094,31.994,9.085,0.0,0.0
171,6.0,3.0,1.0,2.0,2.0,0.0,3887.454,1477.553,-41.977,31.221,31.112,8.919,0.0,0.0
172,6.0,3.0,1.0,3.0,3.0,0.0,3765.972,1543.555,89.765,31.986,31.861,9.051,0.0,0.0
173,6.0,3.0,1.0,4.0,4.0,0.0,3790.784,1596.204,34.855,31.945,31.791,9.035,0.0,0.0
174,7.0,3.0,1.0,0.0,0.0,0.0,4589.302,1253.127,-32.76,32.217,32.124,9.121,0.0,0.0
175,7.0,3.0,1.0,1.0,1.0,0.0,4433.414,1262.155,81.502,32.065,31.843,9.059,0.0,0.0
176,7.0,3.0,1.0,2.0,2.0,0.0,4514.87,1268.501,112.667,32.231,32.078,9.116,0.0,0.0
177,7.0,3.0,1.0,3.0,3.0,0.0,4226.906,1335.105,47.995,32.139,32.087,9.104,0.0,0.0
178,7.0,3.0,1.0,4.0,4.0,0.0,4442.971,1387.786,78.914,31.799,31.509,9.058,0.0,0.0
179,7.0,3.0,1.0,5.0,5.0,0.0,4507.295,1488.175,71.464,31.946,31.788,9.034,0.0,0.0
180,8.0,3.0,1.0,0.0,0.0,0.0,4713.753,1297.101,108.372,31.817,31.711,9.005,0.0,0.0
181,8.0,3.0,1.0,1.0,1.0,0.0,5194.768,1316.517,91.341,33.69,29.048,8.789,0.0,0.0
182,8.0,3.0,1.0,2.0,2.0,0.0,4879.854,1387.873,94.559,31.489,31.441,9.004,0.0,0.0
183,8.0,3.0,1.0,3.0,3.0,0.0,4667.484,1522.938,42.997,32.081,31.898,9.069,0.0,0.0
184,9.0,3.0,1.0,0.0,1.0,0.0,5685.326,1241.381,96.484,32.333,32.272,9.158,0.0,0.0
185,9.0,3.0,1.0,1.0,2.0,0.0,5433.446,1249.635,123.607,32.286,32.181,9.138,0.0,0.0
186,9.0,3.0,1.0,2.0,4.0,0.0,5381.104,1381.642,68.676,31.717,31.66,9.068,0.0,0.0
187,9.0,3.0,1.0,3.0,5.0,0.0,5472.623,1433.204,68.16,31.359,31.242,8.957,0.0,0.0
188,9.0,3.0,1.0,4.0,6.0,0.0,5564.011,1472.167,51.872,30.758,30.701,8.878,0.0,0.0
189,9.0,3.0,1.0,5.0,7.0,0.0,5596.681,1488.792,0.519,31.71,31.45,9.038,0.0,0.0
190,9.0,3.0,1.0,6.0,8.0,0.0,5231.868,1530.093,16.41,32.57,32.47,9.135,0.0,0.0
191,9.0,3.0,1.0,7.0,9.0,0.0,5275.294,1565.476,6.245,32.381,32.053,9.134,0.0,0.0
192,9.0,3.0,1.0,8.0,10.0,0.0,5280.472,1601.768,69.276,32.688,32.505,9.157,0.0,0.0
193,9.0,3.0,1.0,9.0,11.0,0.0,5745.019,1634.735,1.167,32.2,32.028,9.105,0.0,0.0
194,0.0,4.0,1.0,0.0,2.0,0.0,404.703,1724.825,55.504,32.341,32.116,9.896,0.0,0.0
195,0.0,4.0,1.0,1.0,2.0,0.0,382.046,1708.852,59.174,32.293,31.891,9.851,0.0,0.0
196,0.0,4.0,1.0,2.0,3.0,0.0,282.148,1730.692,46.321,31.696,31.572,9.052,0.0,0.0
197,0.0,4.0,1.0,3.0,4.0,0.0,214.879,1754.133,131.477,31.495,31.429,9.003,0.0,0.0
198,0.0,4.0,1.0,4.0,5.0,0.0,457.696,1778.306,129.915,32.249,32.158,9.13,0.0,0.0
199,0.0,4.0,1.0,5.0,6.0,0.0,419.911,1857.859,53.806,31.35,31.25,8.957,0.0,0.0
200,1.0,4.0,1.0,0.0,0.0,0.0,740.733,1750.527,109.238,31.741,31.709,9.079,0.0,0.0
201,1.0,4.0,1.0,1.0,1.0,0.0,1077.468,1883.062,39.39,32.119,31.967,9.084,0.0,0.0
202,1.0,4.0,1.0,2.0,2.0,0.0,979.025,1905.806,121.422,31.511,31.482,9.013,0.0,0.0
203,2.0,4.0,1.0,0.0,1.0,0.0,1191.803,1675.174,68.733,32.127,31.813,9.064,0.0,0.0
204,2.0,4.0,1.0,1.0,2.0,0.0,1215.246,1751.593,34.785,32.377,32.052,9.133,0.0,0.0
205,2.0,4.0,1.0,2.0,3.0,0.0,1516.474,2046.237,38.758,32.421,32.332,9.095,0.0,0.0
206,3.0,4.0,1.0,0.0,0.0,0.0,1878.361,1679.333,50.308,31.838,31.572,9.073,0.0,0.0
207,3.0,4.0,1.0,1.0,1.0,0.0,1830.404,1719.735,78.248,32.048,31.98,9.076,0.0,0.0
208,3.0,4.0,1.0,2.0,2.0,0.0,2114.999,1748.62,18.145,31.923,31.777,9.03,0.0,0.0
209,3.0,4.0,1.0,3.0,3.0,0.0,2153.222,1818.327,86.471,31.494,31.421,9.002,0.0,0.0
210,3.0,4.0,1.0,4.0,4.0,0.0,2229.646,1882.879,29.278,31.806,31.721,9.005,0.0,0.0
211,3.0,4.0,1.0,5.0,5.0,0.0,2064.649,1884.0,63.031,31.189,31.032,8.903,0.0,0.0
212,3.0,4.0,1.0,6.0,6.0,0.0,2034.906,1944.896,-36.967,31.962,31.907,9.054,0.0,0.0
213,3.0,4.0,1.0,7.0,7.0,0.0,1872.867,1950.509,-31.334,31.799,31.743,9.007,0.0,0.0
215,4.0,4.0,1.0,0.0,0.0,0.0,2349.621,1681.958,23.824,32.485,32.277,9.18,0.0,0.0
216,4.0,4.0,1.0,1.0,1.0,0.0,2840.266,1721.599,46.562,32.489,32.296,9.1,0.0,0.0
217,4.0,4.0,1.0,2.0,2.0,0.0,2805.827,1752.871,19.267,32.065,31.931,9.072,0.0,0.0
218,4.0,4.0,1.0,3.0,3.0,0.0,2884.329,1828.733,-40.635,32.338,32.166,9.144,0.0,0.0
219,4.0,4.0,1.0,4.0,4.0,0.0,2435.126,1848.369,92.794,32.137,32.033,9.096,0.0,0.0
220,4.0,4.0,1.0,5.0,5.0,0.0,2620.157,1935.404,34.853,31.825,31.785,9.017,0.0,0.0
221,5.0,4.0,1.0,0.0,0.0,0.0,3184.914,1692.042,117.516,32.18,32.068,9.107,0.0,0.0
222,5.0,4.0,1.0,1.0,2.0,0.0,3263.434,1758.028,-16.74,31.703,31.519,8.962,0.0,0.0
223,5.0,4.0,1.0,2.0,4.0,0.0,3168.134,1896.731,109.646,31.404,31.281,8.969,0.0,0.0
224,5.0,4.0,1.0,3.0,5.0,0.0,3447.682,1953.643,9.529,32.216,32.092,9.116,0.0,0.0
225,6.0,4.0,1.0,0.0,0.0,0.0,3682.31,1674.748,58.535,32.168,31.986,9.094,0.0,0.0
226,6.0,4.0,1.0,1.0,1.0,0.0,3938.779,1698.232,-9.188,31.999,31.857,9.052,0.0,0.0
227,6.0,4.0,1.0,2.0,2.0,0.0,3474.951,1757.462,27.129,32.286,32.169,9.137,0.0,0.0
228,6.0,4.0,1.0,3.0,3.0,0.0,3844.271,1931.054,116.051,31.735,31.55,9.055,0.0,0.0
229,6.0,4.0,1.0,4.0,4.0,0.0,4005.891,1940.108,91.816,32.463,32.438,9.116,0.0,0.0
230,7.0,4.0,1.0,0.0,0.0,0.0,4376.309,1685.932,90.182,32.216,32.036,9.025,0.0,0.0
231,7.0,4.0,1.0,1.0,1.0,0.0,4536.389,1716.891,109.691,32.235,32.206,9.135,0.0,0.0
232,7.0,4.0,1.0,2.0,2.0,0.0,4217.862,1814.081,83.656,32.091,32.043,9.091,0.0,0.0
233,7.0,4.0,1.0,3.0,3.0,0.0,4611.274,1830.934,5.021,32.203,32.091,9.114,0.0,0.0
234,7.0,4.0,1.0,4.0,4.0,0.0,4574.246,1835.306,-14.154,32.331,32.253,9.071,0.0,0.0
235,7.0,4.0,1.0,5.0,5.0,0.0,4151.697,1906.529,17.683,31.733,31.705,9.077,0.0,0.0
236,7.0,4.0,1.0,6.0,6.0,0.0,4600.039,1991.886,-21.872,32.625,32.342,9.125,0.0,0.0
237,8.0,4.0,1.0,0.0,0.0,0.0,5029.338,1711.563,122.263,32.218,31.862,9.083,0.0,0.0
238,8.0,4.0,1.0,1.0,1.0,0.0,4890.352,1818.909,56.436,31.688,31.572,9.051,0.0,0.0
239,8.0,4.0,1.0,2.0,3.0,0.0,4820.41,1930.719,37.681,32.278,32.049,9.119,0.0,0.0
240,8.0,4.0,1.0,3.0,4.0,0.0,4802.327,1985.646,20.325,31.54,31.412,9.008,0.0,0.0
242,9.0,4.0,1.0,0.0,2.0,0.0,5490.378,1830.505,-20.223,31.684,31.647,9.062,0.0,0.0
243,9.0,4.0,1.0,1.0,4.0,0.0,5259.735,1990.452,-9.996,32.625,32.497,9.147,0.0,0.0
244,9.0,4.0,1.0,2.0,5.0,0.0,5731.138,1992.567,59.422,31.941,31.818,9.038,0.0,0.0
245,9.0,4.0,1.0,3.0,6.0,0.0,5473.443,2033.231,84.628,32.284,32.118,9.129,0.0,0.0
246,9.0,4.0,1.0,4.0,7.0,0.0,5574.45,2047.528,60.458,32.354,32.211,9.152,0.0,0.0
247,0.0,5.0,1.0,0.0,0.0,0.0,288.835,2185.121,98.725,31.931,31.808,9.035,0.0,0.0
248,0.0,5.0,1.0,1.0,1.0,0.0,517.269,2273.293,98.139,32.724,32.485,9.159,0.0,0.0
249,0.0,5.0,1.0,2.0,2.0,0.0,46.667,2347.718,5.919,32.158,32.039,9.1,0.0,0.0
250,0.0,5.0,1.0,3.0,3.0,0.0,195.248,2352.512,97.834,31.869,31.742,9.017,0.0,0.0
251,0.0,5.0,1.0,4.0,4.0,0.0,59.351,2402.735,-5.122,32.697,32.527,9.161,0.0,0.0
252,1.0,5.0,1.0,0.0,0.0,0.0,1024.511,2098.631,-8.408,31.899,31.873,9.04,0.0,0.0
253,1.0,5.0,1.0,1.0,1.0,0.0,1120.726,2193.524,118.939,32.048,31.925,9.068,0.0,0.0
254,1.0,5.0,1.0,2.0,2.0,0.0,835.808,2222.174,122.082,31.835,31.712,9.008,0.0,0.0
255,1.0,5.0,1.0,3.0,4.0,0.0,808.921,2432.349,133.181,32.099,32.073,9.097,0.0,0.0
257,2.0,5.0,1.0,0.0,1.0,0.0,1329.514,2112.017,54.095,32.07,31.925,9.071,0.0,0.0
258,2.0,5.0,1.0,1.0,2.0,0.0,1523.903,2146.396,106.467,32.22,31.445,9.024,0.0,0.0
259,2.0,5.0,1.0,2.0,3.0,0.0,1583.931,2196.751,131.135,31.979,31.867,9.05,0.0,0.0
260,2.0,5.0,1.0,3.0,4.0,0.0,1600.306,2293.5,-5.247,31.794,31.429,9.702,0.0,0.0
261,2.0,5.0,1.0,4.0,4.0,0.0,1571.244,2292.299,15.461,31.837,31.584,9.736,0.0,0.0
262,3.0,5.0,1.0,0.0,0.0,0.0,2114.688,2171.95,-20.204,31.737,31.654,9.07,0.0,0.0
264,3.0,5.0,1.0,2.0,2.0,0.0,2254.493,2341.133,49.595,32.401,32.218,9.16,0.0,0.0
265,4.0,5.0,1.0,0.0,0.0,0.0,2638.373,2325.048,5.092,31.93,31.766,9.029,0.0,0.0
266,4.0,5.0,1.0,1.0,1.0,0.0,2671.878,2444.571,99.203,32.4,32.271,9.167,0.0,0.0
268,5.0,5.0,1.0,1.0,1.0,0.0,2962.487,2208.401,83.029,32.015,31.856,9.054,0.0,0.0
270,6.0,5.0,1.0,1.0,1.0,0.0,3982.347,2316.584,131.058,32.445,32.384,9.106,0.0,0.0
271,6.0,5.0,1.0,2.0,2.0,0.0,3723.777,2333.943,-34.868,31.938,31.824,9.039,0.0,0.0
272,6.0,5.0,1.0,3.0,3.0,0.0,3656.171,2348.622,-33.294,31.867,31.818,9.028,0.0,0.0
273,6.0,5.0,1.0,4.0,4.0,0.0,3961.737,2353.832,68.83,32.078,32.061,9.092,0.0,0.0
274,6.0,5.0,1.0,5.0,5.0,0.0,3729.487,2458.888,-3.561,33.356,28.874,8.728,0.0,0.0
275,7.0,5.0,1.0,0.0,1.0,0.0,4377.618,2229.841,101.154,31.671,31.464,9.033,0.0,0.0
276,7.0,5.0,1.0,1.0,2.0,0.0,4592.173,2262.494,-5.716,32.588,32.471,9.138,0.0,0.0
277,7.0,5.0,1.0,2.0,3.0,0.0,4420.055,2272.391,132.781,31.49,31.252,8.977,0.0,0.0
278,7.0,5.0,1.0,3.0,4.0,0.0,4371.027,2314.176,74.148,31.89,31.806,9.029,0.0,0.0
279,8.0,5.0,1.0,0.0,0.0,0.0,5180.775,2235.585,-21.214,32.038,31.821,9.052,0.0,0.0
280,9.0,5.0,1.0,0.0,3.0,0.0,5305.501,2272.742,100.958,31.911,31.759,9.11,0.0,0.0
281,9.0,5.0,1.0,1.0,4.0,0.0,5368.171,2344.803,-36.241,32.386,32.174,9.152,0.0,0.0
282,9.0,5.0,1.0,2.0,5.0,0.0,5254.77,2368.985,-10.463,31.794,31.712,9.087,0.0,0.0
283,0.0,6.0,1.0,0.0,0.0,0.0,206.352,2472.215,60.785,31.799,31.512,8.975,0.0,0.0
284,0.0,6.0,1.0,1.0,1.0,0.0,423.645,2613.785,-8.125,31.903,31.855,9.038,0.0,0.0
287,0.0,6.0,1.0,4.0,5.0,0.0,20.071,2831.218,8.233,32.078,31.993,9.082,0.0,0.0
288,0.0,6.0,1.0,5.0,6.0,0.0,580.172,2852.513,37.119,32.893,32.677,9.21,0.0,0.0
290,1.0,6.0,1.0,0.0,1.0,0.0,918.513,2497.894,82.845,32.41,32.258,9.167,0.0,0.0
291,1.0,6.0,1.0,1.0,2.0,0.0,805.852,2596.787,-0.903,31.908,31.762,9.025,0.0,0.0
292,1.0,6.0,1.0,2.0,3.0,0.0,1021.56,2692.919,33.612,32.009,31.897,9.059,0.0,0.0
293,1.0,6.0,1.0,3.0,5.0,0.0,1127.762,2848.122,74.098,32.487,32.374,9.11,0.0,0.0
294,2.0,6.0,1.0,0.0,0.0,0.0,1344.179,2501.913,76.088,31.756,31.451,9.043,0.0,0.0
295,2.0,6.0,1.0,1.0,1.0,0.0,1579.688,2634.963,-14.123,31.235,31.182,8.931,0.0,0.0
296,2.0,6.0,1.0,2.0,2.0,0.0,1739.36,2698.818,92.453,33.693,28.061,8.648,0.0,0.0
297,2.0,6.0,1.0,3.0,3.0,0.0,1589.592,2724.789,-30.769,31.978,31.878,9.052,0.0,0.0
298,2.0,6.0,1.0,4.0,4.0,0.0,1657.172,2794.315,76.943,32.05,31.748,9.043,0.0,0.0
299,3.0,6.0,1.0,0.0,0.0,0.0,2121.764,2514.123,-38.284,32.191,32.155,9.121,0.0,0.0
300,3.0,6.0,1.0,1.0,1.0,0.0,2140.579,2567.545,112.951,31.826,31.766,9.014,0.0,0.0
301,3.0,6.0,1.0,2.0,3.0,0.0,2287.12,2766.246,-4.844,33.253,32.719,9.104,0.0,0.0
302,3.0,6.0,1.0,3.0,4.0,0.0,2114.532,2798.119,-0.87,31.688,31.574,9.052,0.0,0.0
304,4.0,6.0,1.0,0.0,1.0,0.0,2638.508,2498.492,67.975,32.261,32.193,9.136,0.0,0.0
305,4.0,6.0,1.0,1.0,2.0,0.0,2396.385,2529.698,31.956,32.385,32.323,9.173,0.0,0.0
306,4.0,6.0,1.0,2.0,4.0,0.0,2576.728,2785.906,119.831,32.023,31.972,9.071,0.0,0.0
307,4.0,6.0,1.0,3.0,5.0,0.0,2372.129,2837.5,-1.333,32.412,32.224,9.163,0.0,0.0
308,4.0,6.0,1.0,4.0,6.0,0.0,2813.72,2846.44,36.66,33.286,33.025,9.23,0.0,0.0
309,5.0,6.0,1.0,0.0,1.0,0.0,3093.198,2649.21,93.873,32.279,32.175,9.136,0.0,0.0
310,5.0,6.0,1.0,1.0,2.0,0.0,3213.019,2692.871,80.42,31.38,31.234,8.959,0.0,0.0
311,6.0,6.0,1.0,0.0,1.0,0.0,3491.989,2596.712,49.885,32.7,32.567,9.167,0.0,0.0
312,6.0,6.0,1.0,1.0,2.0,0.0,3664.451,2754.158,34.963,32.337,32.133,9.139,0.0,0.0
313,6.0,6.0,1.0,2.0,3.0,0.0,3963.762,2761.777,18.208,32.019,31.868,9.056,0.0,0.0
314,6.0,6.0,1.0,3.0,4.0,0.0,3835.348,2769.372,4.633,32.067,31.868,9.063,0.0,0.0
315,6.0,6.0,1.0,4.0,5.0,0.0,3758.617,2775.892,71.907,31.662,31.423,9.026,0.0,0.0
316,6.0,6.0,1.0,5.0,6.0,0.0,3565.955,2813.463,92.213,32.5,32.387,9.114,0.0,0.0
317,7.0,6.0,1.0,0.0,0.0,0.0,4368.084,2514.9,31.386,32.233,32.171,9.129,0.0,0.0
318,7.0,6.0,1.0,1.0,1.0,0.0,4400.536,2664.639,23.955,31.107,31.011,8.973,0.0,0.0
319,7.0,6.0,1.0,2.0,2.0,0.0,4145.801,2680.132,34.02,32.076,31.847,9.061,0.0,0.0
320,7.0,6.0,1.0,3.0,3.0,0.0,4113.117,2700.163,17.357,31.754,31.619,9.068,0.0,0.0
322,8.0,6.0,1.0,0.0,0.0,0.0,4935.571,2744.147,36.635,32.075,31.825,9.058,0.0,0.0
323,8.0,6.0,1.0,1.0,1.0,0.0,5019.102,2801.807,121.927,32.028,31.95,9.069,0.0,0.0
327,9.0,6.0,1.0,1.0,2.0,0.0,5529.45,2580.219,88.278,32.049,31.921,9.068,0.0,0.0
328,9.0,6.0,1.0,2.0,3.0,0.0,5714.687,2620.156,-21.717,32.207,32.039,9.024,0.0,0.0
329,9.0,6.0,1.0,3.0,4.0,0.0,5356.755,2857.947,64.337,32.334,32.207,9.149,0.0,0.0
330,1.0,7.0,1.0,0.0,2.0,0.0,649.811,2927.855,64.644,31.914,31.718,9.104,0.0,0.0
331,1.0,7.0,1.0,1.0,3.0,0.0,1076.27,2958.406,132.124,31.997,31.939,9.063,0.0,0.0
332,1.0,7.0,1.0,2.0,4.0,0.0,737.754,3054.997,102.185,31.861,31.773,9.105,0.0,0.0
333,1.0,7.0,1.0,3.0,5.0,0.0,861.491,3130.693,94.824,31.609,31.525,9.033,0.0,0.0
334,1.0,7.0,1.0,4.0,6.0,0.0,1064.78,3202.48,48.053,32.07,31.907,9.069,0.0,0.0
335,1.0,7.0,1.0,5.0,7.0,0.0,666.186,3203.986,125.965,32.525,32.482,9.131,0.0,0.0
336,1.0,7.0,1.0,6.0,8.0,0.0,1032.104,3230.192,92.624,31.874,31.725,9.015,0.0,0.0
337,2.0,7.0,1.0,0.0,0.0,0.0,1540.473,2926.007,98.413,32.015,31.871,9.056,0.0,0.0
338,2.0,7.0,1.0,1.0,1.0,0.0,1252.761,2950.238,37.322,31.543,31.374,9.002,0.0,0.0
339,2.0,7.0,1.0,2.0,2.0,0.0,1210.426,3145.211,85.151,32.218,32.123,9.12,0.0,0.0
340,3.0,7.0,1.0,0.0,0.0,0.0,1915.072,2903.187,73.258,32.456,32.343,9.101,0.0,0.0
341,3.0,7.0,1.0,1.0,1.0,0.0,2209.046,3241.659,48.941,32.552,32.501,9.137,0.0,0.0
342,4.0,7.0,1.0,0.0,1.0,0.0,2448.389,2909.843,-31.843,32.153,32.063,9.103,0.0,0.0
343,4.0,7.0,1.0,1.0,2.0,0.0,2576.549,3022.239,77.75,32.151,32.059,9.102,0.0,0.0
344,4.0,7.0,1.0,2.0,3.0,0.0,2654.53,3052.475,9.212,31.52,31.452,9.01,0.0,0.0
345,4.0,7.0,1.0,3.0,4.0,0.0,2389.546,3060.577,24.551,32.787,32.666,9.194,0.0,0.0
346,4.0,7.0,1.0,4.0,5.0,0.0,2529.558,3132.509,102.238,31.427,31.266,8.97,0.0,0.0
347,4.0,7.0,1.0,5.0,6.0,0.0,2768.56,3137.953,8.119,31.951,31.789,9.035,0.0,0.0
348,4.0,7.0,1.0,6.0,7.0,0.0,2835.143,3227.173,-43.938,33.589,32.721,9.231,0.0,0.0
349,4.0,7.0,1.0,7.0,8.0,0.0,2356.876,3234.263,27.275,32.309,32.223,9.148,0.0,0.0
350,4.0,7.0,1.0,8.0,9.0,0.0,2458.902,3243.254,-1.566,32.048,31.855,9.058,0.0,0.0
351,5.0,7.0,1.0,0.0,0.0,0.0,3295.816,2878.197,118.597,32.117,31.996,9.088,0.0,0.0
352,5.0,7.0,1.0,1.0,1.0,0.0,3186.584,2969.431,59.477,31.857,31.749,9.016,0.0,0.0
353,5.0,7.0,1.0,2.0,2.0,0.0,3089.937,3016.352,117.63,32.42,32.355,9.098,0.0,0.0
354,5.0,7.0,1.0,3.0,3.0,0.0,3267.942,3047.725,0.622,32.216,32.178,9.128,0.0,0.0
355,5.0,7.0,1.0,4.0,4.0,0.0,2993.828,3093.115,38.507,32.556,32.401,9.124,0.0,0.0
356,6.0,7.0,1.0,0.0,0.0,0.0,3834.463,2937.089,129.573,32.191,32.04,9.105,0.0,0.0
357,6.0,7.0,1.0,1.0,1.0,0.0,3899.202,2966.206,-34.05,32.005,31.78,9.042,0.0,0.0
358,6.0,7.0,1.0,2.0,2.0,0.0,3653.358,2991.308,78.84,32.668,32.467,9.149,0.0,0.0
360,6.0,7.0,1.0,4.0,4.0,0.0,3579.791,3108.841,16.802,32.334,32.131,9.138,0.0,0.0
363,6.0,7.0,1.0,7.0,6.0,0.0,3982.143,3187.064,29.759,32.072,31.956,9.076,0.0,0.0
364,6.0,7.0,1.0,8.0,7.0,0.0,3636.02,3191.092,-12.582,32.571,32.45,9.217,0.0,0.0
365,6.0,7.0,1.0,9.0,8.0,0.0,3782.358,3265.594,40.885,32.313,32.128,9.135,0.0,0.0
366,7.0,7.0,1.0,0.0,2.0,0.0,4150.674,3068.142,10.956,31.887,31.618,9.087,0.0,0.0
367,7.0,7.0,1.0,1.0,3.0,0.0,4543.809,3108.936,66.206,32.355,32.26,9.159,0.0,0.0
369,7.0,7.0,1.0,3.0,6.0,0.0,4352.263,3169.413,68.487,32.243,32.041,9.112,0.0,0.0
370,7.0,7.0,1.0,4.0,7.0,0.0,4469.317,3203.678,60.162,31.622,31.292,9.002,0.0,0.0
371,7.0,7.0,1.0,5.0,8.0,0.0,4614.635,3232.183,53.014,32.223,32.011,9.105,0.0,0.0
372,8.0,7.0,1.0,0.0,0.0,0.0,4627.677,2912.453,65.368,32.541,32.37,9.117,0.0,0.0
373,8.0,7.0,1.0,1.0,1.0,0.0,4688.836,2914.498,69.549,32.449,32.283,9.092,0.0,0.0
374,8.0,7.0,1.0,2.0,2.0,0.0,4923.185,2918.028,4.187,31.797,31.781,9.097,0.0,0.0
375,8.0,7.0,1.0,3.0,3.0,0.0,4632.207,2971.158,35.059,32.494,32.085,9.07,0.0,0.0
376,8.0,7.0,1.0,4.0,4.0,0.0,4812.911,2985.866,104.57,31.47,31.356,8.989,0.0,0.0
377,8.0,7.0,1.0,5.0,5.0,0.0,5073.732,3007.773,46.295,32.005,31.879,9.056,0.0,0.0
378,8.0,7.0,1.0,6.0,6.0,0.0,5001.166,3075.012,103.796,31.327,31.11,8.934,0.0,0.0
379,8.0,7.0,1.0,7.0,7.0,0.0,4771.322,3189.628,20.295,31.627,31.373,9.014,0.0,0.0
380,8.0,7.0,1.0,8.0,8.0,0.0,4866.231,3192.456,21.856,32.322,32.23,9.15,0.0,0.0
381,9.0,7.0,1.0,0.0,1.0,0.0,5578.075,2893.511,76.312,31.994,31.92,9.06,0.0,0.0
382,9.0,7.0,1.0,1.0,2.0,0.0,5702.776,2931.513,89.784,32.44,32.365,9.103,0.0,0.0
383,9.0,7.0,1.0,2.0,3.0,0.0,5757.239,3009.384,18.387,32.771,31.741,9.062,0.0,0.0
384,9.0,7.0,1.0,3.0,6.0,0.0,5462.86,3068.218,128.893,31.49,31.371,8.994,0.0,0.0
385,9.0,7.0,1.0,4.0,7.0,0.0,5538.849,3246.237,79.547,32.342,32.035,9.125,0.0,0.0
386,0.0,8.0,1.0,0.0,0.0,0.0,329.617,3389.818,50.209,31.652,31.566,8.961,0.0,0.0
387,0.0,8.0,1.0,1.0,1.0,0.0,289.994,3444.603,119.406,31.803,31.662,8.996,0.0,0.0
388,0.0,8.0,1.0,2.0,2.0,0.0,524.219,3562.478,130.171,32.149,32.127,9.111,0.0,0.0
389,0.0,8.0,1.0,3.0,3.0,0.0,455.997,3627.77,48.276,32.646,32.583,9.162,0.0,0.0
390,1.0,8.0,1.0,0.0,0.0,0.0,674.575,3432.967,30.385,32.043,31.84,9.056,0.0,0.0
391,1.0,8.0,1.0,1.0,1.0,0.0,692.996,3517.418,55.969,32.097,32.04,9.092,0.0,0.0
392,1.0,8.0,1.0,2.0,2.0,0.0,1097.882,3529.362,101.856,32.157,32.127,9.112,0.0,0.0
394,2.0,8.0,1.0,0.0,0.0,0.0,1531.061,3300.747,70.89,31.835,31.505,9.063,0.0,0.0
395,2.0,8.0,1.0,1.0,1.0,0.0,1402.954,3429.069,89.506,32.048,31.947,9.071,0.0,0.0
396,2.0,8.0,1.0,2.0,2.0,0.0,1316.944,3588.085,27.799,32.051,31.926,9.069,0.0,0.0
397,3.0,8.0,1.0,0.0,0.0,0.0,1995.384,3363.32,-35.952,31.803,31.743,9.008,0.0,0.0
398,3.0,8.0,1.0,1.0,1.0,0.0,2180.889,3500.562,23.114,32.149,32.126,9.111,0.0,0.0
399,3.0,8.0,1.0,2.0,2.0,0.0,2261.103,3529.439,74.113,31.758,31.7,8.995,0.0,0.0
400,4.0,8.0,1.0,0.0,0.0,0.0,2740.336,3322.956,77.081,32.309,32.178,9.141,0.0,0.0
402,4.0,8.0,1.0,2.0,2.0,0.0,2398.982,3613.495,67.308,32.269,32.202,9.139,0.0,0.0
403,5.0,8.0,1.0,0.0,0.0,0.0,3053.859,3285.613,82.895,31.761,31.422,9.04,0.0,0.0
404,5.0,8.0,1.0,1.0,1.0,0.0,3431.945,3340.702,-30.709,32.455,32.221,9.084,0.0,0.0
405,5.0,8.0,1.0,2.0,2.0,0.0,2968.917,3568.766,-7.122,31.829,31.62,9.079,0.0,0.0
406,5.0,8.0,1.0,3.0,3.0,0.0,3290.76,3643.956,6.23,32.234,31.841,9.083,0.0,0.0
407,6.0,8.0,1.0,0.0,1.0,0.0,3668.851,3367.951,130.688,31.93,31.889,9.047,0.0,0.0
408,6.0,8.0,1.0,1.0,2.0,0.0,4021.362,3435.423,72.815,32.575,32.42,9.129,0.0,0.0
409,6.0,8.0,1.0,2.0,3.0,0.0,3738.585,3441.38,-10.815,32.036,31.848,9.056,0.0,0.0
410,7.0,8.0,1.0,0.0,1.0,0.0,4245.741,3382.8,30.489,32.304,32.008,9.201,0.0,0.0
411,7.0,8.0,1.0,1.0,1.0,0.0,4222.385,3360.023,55.408,32.147,31.991,9.264,0.0,0.0
412,7.0,8.0,1.0,2.0,2.0,0.0,4310.926,3387.268,0.233,31.973,31.882,9.052,0.0,0.0
413,7.0,8.0,1.0,3.0,4.0,0.0,4466.965,3449.765,132.083,31.383,31.148,8.947,0.0,0.0
414,7.0,8.0,1.0,4.0,5.0,0.0,4504.021,3505.425,65.413,31.902,31.762,9.109,0.0,0.0
415,8.0,8.0,1.0,0.0,1.0,0.0,4947.845,3365.103,-17.46,31.553,31.446,9.014,0.0,0.0
416,8.0,8.0,1.0,1.0,2.0,0.0,5150.612,3423.011,65.368,32.616,32.49,9.145,0.0,0.0
417,8.0,8.0,1.0,2.0,3.0,0.0,5078.122,3446.747,7.056,31.588,31.538,9.032,0.0,0.0
418,8.0,8.0,1.0,3.0,4.0,0.0,5020.062,3596.072,75.002,31.942,31.792,9.035,0.0,0.0
419,8.0,8.0,1.0,4.0,5.0,0.0,4630.304,3611.187,-12.276,32.046,31.932,9.069,0.0,0.0
420,9.0,8.0,1.0,0.0,0.0,0.0,5695.96,3288.34,-4.666,32.312,32.206,9.062,0.0,0.0
421,9.0,8.0,1.0,1.0,2.0,0.0,5266.988,3379.296,58.151,32.079,31.998,9.083,0.0,0.0
422,9.0,8.0,1.0,2.0,3.0,0.0,5496.394,3461.329,56.293,31.482,31.437,9.003,0.0,0.0
423,9.0,8.0,1.0,3.0,4.0,0.0,5538.894,3613.392,22.607,32.36,32.188,9.066,0.0,0.0
424,9.0,8.0,1.0,4.0,5.0,0.0,5656.109,3628.145,56.157,32.569,32.469,9.135,0.0,0.0
425,0.0,9.0,1.0,0.0,2.0,0.0,133.329,3715.584,51.692,32.089,31.931,9.075,0.0,0.0
426,0.0,9.0,1.0,1.0,3.0,0.0,311.675,3796.292,117.727,31.679,31.644,8.976,0.0,0.0
427,0.0,9.0,1.0,2.0,4.0,0.0,563.666,3814.239,32.989,31.811,31.675,8.999,0.0,0.0
428,0.0,9.0,1.0,3.0,6.0,0.0,439.06,4021.716,56.637,32.031,31.871,9.058,0.0,0.0
430,0.0,9.0,1.0,5.0,8.0,0.0,95.749,4044.586,80.654,32.328,32.275,9.074,0.0,0.0
431,0.0,9.0,1.0,6.0,9.0,0.0,140.008,4049.034,94.821,32.425,32.336,9.096,0.0,0.0
432,0.0,9.0,1.0,7.0,10.0,0.0,578.993,4082.041,27.683,33.075,32.82,9.173,0.0,0.0
433,1.0,9.0,1.0,0.0,0.0,0.0,844.226,3787.044,43.412,32.019,31.948,9.068,0.0,0.0
434,1.0,9.0,1.0,1.0,1.0,0.0,810.049,3787.059,104.715,31.913,31.685,9.015,0.0,0.0
435,1.0,9.0,1.0,2.0,3.0,0.0,1065.094,3854.278,36.478,31.653,31.52,9.039,0.0,0.0
436,1.0,9.0,1.0,3.0,4.0,0.0,972.389,3870.316,10.599,31.064,30.776,8.933,0.0,0.0
438,1.0,9.0,1.0,5.0,6.0,0.0,1092.655,4057.37,-11.986,32.38,32.347,9.092,0.0,0.0
439,2.0,9.0,1.0,0.0,0.0,0.0,1606.717,3787.072,84.766,32.057,31.986,9.078,0.0,0.0
440,2.0,9.0,1.0,1.0,1.0,0.0,1713.197,3877.808,-11.586,32.261,32.186,9.052,0.0,0.0
441,2.0,9.0,1.0,2.0,2.0,0.0,1268.299,4005.122,68.792,32.15,32.002,9.011,0.0,0.0
442,2.0,9.0,1.0,3.0,3.0,0.0,1426.71,4072.862,83.062,32.026,31.686,9.031,0.0,0.0
443,3.0,9.0,1.0,0.0,1.0,0.0,2312.204,3809.108,110.862,33.13,32.615,9.875,0.0,0.0
444,3.0,9.0,1.0,1.0,2.0,0.0,1917.752,3880.411,40.823,31.896,31.702,9.1,0.0,0.0
445,3.0,9.0,1.0,2.0,4.0,0.0,1887.233,3955.436,76.311,32.104,32.049,9.094,0.0,0.0
446,4.0,9.0,1.0,0.0,0.0,0.0,2334.517,3770.989,1.681,32.545,32.41,9.124,0.0,0.0
447,4.0,9.0,1.0,1.0,1.0,0.0,2801.739,3783.326,42.287,31.987,31.929,9.06,0.0,0.0
448,4.0,9.0,1.0,2.0,3.0,0.0,2412.305,3816.13,42.68,31.922,31.77,9.029,0.0,0.0
449,4.0,9.0,1.0,3.0,5.0,0.0,2327.366,3943.851,63.834,32.18,31.982,9.095,0.0,0.0
450,4.0,9.0,1.0,4.0,6.0,0.0,2782.429,3943.781,8.751,32.44,32.418,9.11,0.0,0.0
451,4.0,9.0,1.0,5.0,7.0,0.0,2696.301,3967.974,-26.506,31.508,31.388,8.999,0.0,0.0
452,4.0,9.0,1.0,6.0,8.0,0.0,2648.597,3977.288,99.598,31.184,31.048,8.989,0.0,0.0
453,4.0,9.0,1.0,7.0,9.0,0.0,2670.264,4039.715,53.009,32.661,32.363,9.133,0.0,0.0
454,4.0,9.0,1.0,8.0,10.0,0.0,2712.804,4071.565,46.134,32.59,32.51,9.144,0.0,0.0
455,5.0,9.0,1.0,0.0,0.0,0.0,3137.034,3826.757,125.873,31.711,31.654,9.066,0.0,0.0
456,5.0,9.0,1.0,1.0,1.0,0.0,3293.945,3866.409,67.326,31.56,31.458,9.017,0.0,0.0
457,5.0,9.0,1.0,2.0,2.0,0.0,3264.843,3943.126,108.07,31.399,31.214,8.959,0.0,0.0
458,5.0,9.0,1.0,3.0,3.0,0.0,3009.608,3978.384,78.595,32.41,32.352,9.097,0.0,0.0
460,6.0,9.0,1.0,0.0,0.0,0.0,3876.161,3775.299,-28.557,32.037,31.809,9.05,0.0,0.0
463,6.0,9.0,1.0,3.0,3.0,0.0,3979.707,3867.578,1.419,32.22,32.101,9.118,0.0,0.0
464,6.0,9.0,1.0,4.0,4.0,0.0,3946.901,3903.323,104.684,32.276,32.24,9.062,0.0,0.0
465,7.0,9.0,1.0,0.0,0.0,0.0,4479.41,3875.63,104.396,31.84,31.628,9.081,0.0,0.0
466,7.0,9.0,1.0,1.0,1.0,0.0,4232.358,3881.431,61.454,31.97,31.879,9.051,0.0,0.0
467,7.0,9.0,1.0,2.0,2.0,0.0,4460.93,4064.818,8.681,32.156,32.154,9.116,0.0,0.0
468,8.0,9.0,1.0,0.0,0.0,0.0,4683.544,3804.537,72.907,32.108,31.929,9.077,0.0,0.0
470,8.0,9.0,1.0,2.0,2.0,0.0,4804.689,3856.64,109.226,31.806,31.652,9.08,0.0,0.0
471,8.0,9.0,1.0,3.0,3.0,0.0,4625.707,4076.401,-16.988,32.563,32.514,9.059,0.0,0.0
472,9.0,9.0,1.0,0.0,0.0,0.0,5257.452,3798.858,56.608,31.894,31.792,9.028,0.0,0.0
473,0.0,10.0,1.0,0.0,1.0,0.0,380.353,4166.367,78.736,32.154,32.081,9.105,0.0,0.0
474,0.0,10.0,1.0,1.0,3.0,0.0,414.177,4264.469,76.228,31.605,31.563,9.038,0.0,0.0
475,0.0,10.0,1.0,2.0,4.0,0.0,35.644,4300.689,37.451,32.451,32.244,9.171,0.0,0.0
476,0.0,10.0,1.0,3.0,5.0,0.0,257.913,4340.821,-17.188,31.887,31.847,9.034,0.0,0.0
477,0.0,10.0,1.0,4.0,6.0,0.0,102.257,4403.957,39.119,32.156,32.018,9.097,0.0,0.0
480,1.0,10.0,1.0,2.0,2.0,0.0,729.992,4152.117,63.41,31.898,31.663,9.01,0.0,0.0
481,1.0,10.0,1.0,3.0,3.0,0.0,1117.311,4172.343,-39.889,32.326,32.204,9.147,0.0,0.0
483,1.0,10.0,1.0,5.0,5.0,0.0,653.143,4398.988,21.609,32.646,32.407,9.137,0.0,0.0
484,1.0,10.0,1.0,6.0,6.0,0.0,911.466,4419.239,29.28,32.128,31.928,9.08,0.0,0.0
485,2.0,10.0,1.0,0.0,3.0,0.0,1436.537,4386.694,30.263,31.544,31.376,9.003,0.0,0.0
486,2.0,10.0,1.0,1.0,4.0,0.0,1190.187,4442.53,19.667,32.376,32.211,9.156,0.0,0.0
487,2.0,10.0,1.0,2.0,5.0,0.0,1736.187,4450.064,86.182,32.175,32.044,9.103,0.0,0.0
488,3.0,10.0,1.0,0.0,1.0,0.0,2294.887,4180.815,54.633,32.104,32.05,9.094,0.0,0.0
489,3.0,10.0,1.0,1.0,2.0,0.0,1929.596,4196.372,35.54,32.059,31.945,8.99,0.0,0.0
490,3.0,10.0,1.0,2.0,3.0,0.0,1965.776,4389.436,91.505,31.987,31.831,9.046,0.0,0.0
491,3.0,10.0,1.0,3.0,4.0,0.0,2148.234,4436.073,84.94,32.247,32.132,9.126,0.0,0.0
492,3.0,10.0,1.0,4.0,6.0,0.0,1820.53,4471.627,52.786,32.731,32.632,9.181,0.0,0.0
493,3.0,10.0,1.0,5.0,7.0,0.0,2158.354,4486.587,38.211,33.219,32.856,9.197,0.0,0.0
494,3.0,10.0,1.0,6.0,8.0,0.0,2032.251,4489.602,51.742,32.297,32.168,9.138,0.0,0.0
495,4.0,10.0,1.0,0.0,1.0,0.0,2509.407,4153.874,43.486,32.064,31.953,9.075,0.0,0.0
496,4.0,10.0,1.0,1.0,2.0,0.0,2370.527,4182.442,54.099,32.083,31.986,9.082,0.0,0.0
497,4.0,10.0,1.0,2.0,4.0,0.0,2862.299,4267.682,112.832,32.365,32.171,9.065,0.0,0.0
498,4.0,10.0,1.0,3.0,5.0,0.0,2388.77,4305.986,52.732,32.083,32.059,9.092,0.0,0.0
499,4.0,10.0,1.0,4.0,6.0,0.0,2553.857,4416.426,-41.908,32.682,32.583,9.167,0.0,0.0
500,5.0,10.0,1.0,0.0,0.0,0.0,3056.557,4115.915,51.765,32.066,31.997,9.081,0.0,0.0
501,5.0,10.0,1.0,1.0,1.0,0.0,3390.09,4149.344,112.952,32.298,32.182,9.14,0.0,0.0
502,5.0,10.0,1.0,2.0,2.0,0.0,3025.291,4168.245,97.398,32.074,31.947,9.075,0.0,0.0
503,5.0,10.0,1.0,3.0,3.0,0.0,3199.061,4338.09,67.349,31.668,31.546,9.045,0.0,0.0
504,5.0,10.0,1.0,4.0,4.0,0.0,3410.932,4354.754,33.993,32.154,31.972,9.09,0.0,0.0
505,5.0,10.0,1.0,5.0,5.0,0.0,3139.966,4368.081,13.048,32.028,31.92,9.065,0.0,0.0
506,5.0,10.0,1.0,6.0,6.0,0.0,3173.463,4383.319,107.87,32.375,32.087,9.137,0.0,0.0
507,6.0,10.0,1.0,0.0,0.0,0.0,3906.155,4131.825,89.899,32.684,32.553,9.163,0.0,0.0
508,6.0,10.0,1.0,1.0,1.0,0.0,3494.478,4232.852,50.556,32.197,32.156,9.122,0.0,0.0
509,6.0,10.0,1.0,2.0,2.0,0.0,3726.853,4273.659,64.08,32.02,31.939,9.066,0.0,0.0
510,6.0,10.0,1.0,3.0,3.0,0.0,3711.371,4319.625,61.518,32.106,31.92,9.076,0.0,0.0
511,6.0,10.0,1.0,4.0,4.0,0.0,3695.211,4398.334,107.636,32.453,32.364,9.104,0.0,0.0
512,7.0,10.0,1.0,0.0,1.0,0.0,4372.959,4229.146,-36.753,31.773,31.746,9.004,0.0,0.0
513,7.0,10.0,1.0,1.0,2.0,0.0,4273.088,4479.23,116.465,32.349,32.165,9.145,0.0,0.0
514,7.0,10.0,1.0,2.0,3.0,0.0,4076.931,4500.551,-0.964,34.819,25.67,8.429,0.0,0.0
515,8.0,10.0,1.0,0.0,1.0,0.0,4793.087,4099.007,54.85,31.981,31.838,9.131,0.0,0.0
516,8.0,10.0,1.0,1.0,2.0,0.0,4834.707,4121.764,124.476,32.245,32.175,9.132,0.0,0.0
517,8.0,10.0,1.0,2.0,3.0,0.0,5110.097,4143.108,125.947,32.393,32.36,9.179,0.0,0.0
518,8.0,10.0,1.0,3.0,4.0,0.0,5120.628,4245.328,36.829,32.245,32.067,9.116,0.0,0.0
519,8.0,10.0,1.0,4.0,5.0,0.0,4849.02,4251.412,96.173,32.226,32.094,9.117,0.0,0.0
520,8.0,10.0,1.0,5.0,6.0,0.0,5043.364,4371.663,25.064,31.545,31.408,9.008,0.0,0.0
521,9.0,10.0,1.0,0.0,0.0,0.0,5328.942,4150.538,63.771,31.53,31.256,8.983,0.0,0.0
522,9.0,10.0,1.0,1.0,1.0,0.0,5391.316,4189.625,61.958,32.103,31.852,9.066,0.0,0.0
523,9.0,10.0,1.0,2.0,2.0,0.0,5380.016,4492.727,127.496,32.68,32.591,9.168,0.0,0.0
524,0.0,11.0,1.0,0.0,0.0,0.0,98.931,4594.979,69.062,32.075,31.948,9.075,0.0,0.0
525,0.0,11.0,1.0,1.0,1.0,0.0,444.96,4630.028,18.197,31.585,31.523,9.03,0.0,0.0
527,0.0,11.0,1.0,3.0,3.0,0.0,245.269,4757.704,72.131,31.835,31.705,9.007,0.0,0.0
528,1.0,11.0,1.0,0.0,0.0,0.0,806.051,4571.846,35.735,31.582,31.555,9.034,0.0,0.0
529,1.0,11.0,1.0,1.0,1.0,0.0,1055.551,4663.725,128.044,31.896,31.797,8.946,0.0,0.0
530,1.0,11.0,1.0,2.0,3.0,0.0,978.543,4830.804,56.959,31.876,31.666,9.007,0.0,0.0
531,1.0,11.0,1.0,3.0,4.0,0.0,628.234,4889.063,98.868,32.344,32.232,9.154,0.0,0.0
532,1.0,11.0,1.0,4.0,5.0,0.0,1159.349,4900.26,52.101,32.512,32.408,9.119,0.0,0.0
533,1.0,11.0,1.0,5.0,6.0,0.0,696.468,4905.506,-0.449,33.109,30.964,8.997,0.0,0.0
534,2.0,11.0,1.0,0.0,1.0,0.0,1171.551,4725.784,-30.752,32.021,31.897,9.061,0.0,0.0
536,2.0,11.0,1.0,2.0,3.0,0.0,1711.485,4889.889,37.519,32.61,32.344,9.123,0.0,0.0
537,2.0,11.0,1.0,3.0,4.0,0.0,1654.34,4892.711,73.254,32.252,32.113,9.124,0.0,0.0
538,2.0,11.0,1.0,4.0,5.0,0.0,1554.225,4896.98,47.739,32.584,32.224,9.103,0.0,0.0
539,3.0,11.0,1.0,0.0,2.0,0.0,2155.915,4521.83,83.611,32.359,31.921,9.111,0.0,0.0
540,3.0,11.0,1.0,1.0,3.0,0.0,2067.785,4567.281,61.956,32.011,31.829,9.049,0.0,0.0
541,3.0,11.0,1.0,2.0,4.0,0.0,2254.836,4674.379,-39.49,32.053,31.895,9.065,0.0,0.0
542,3.0,11.0,1.0,3.0,5.0,0.0,2241.653,4776.785,72.441,31.796,31.698,9.085,0.0,0.0
543,4.0,11.0,1.0,0.0,0.0,0.0,2553.44,4546.291,92.267,32.757,32.565,9.175,0.0,0.0
544,4.0,11.0,1.0,1.0,3.0,0.0,2607.131,4731.568,96.471,31.284,31.152,8.934,0.0,0.0
545,4.0,11.0,1.0,2.0,4.0,0.0,2812.504,4889.768,57.548,32.851,32.569,9.189,0.0,0.0
546,5.0,11.0,1.0,0.0,0.0,0.0,3395.267,4505.175,85.964,32.498,32.327,9.105,0.0,0.0
547,5.0,11.0,1.0,1.0,1.0,0.0,2976.787,4599.988,22.872,32.061,31.862,9.061,0.0,0.0
548,5.0,11.0,1.0,2.0,2.0,0.0,3197.647,4618.687,92.574,31.869,31.766,9.02,0.0,0.0
549,5.0,11.0,1.0,3.0,3.0,0.0,3180.476,4752.269,45.174,31.859,31.757,9.018,0.0,0.0
551,5.0,11.0,1.0,5.0,5.0,0.0,3129.955,4798.965,47.912,32.41,32.223,9.162,0.0,0.0
552,5.0,11.0,1.0,6.0,6.0,0.0,3292.948,4843.494,107.924,32.19,31.989,9.097,0.0,0.0
553,5.0,11.0,1.0,7.0,7.0,0.0,3055.421,4895.194,120.475,32.4,32.242,9.079,0.0,0.0
554,6.0,11.0,1.0,0.0,2.0,0.0,3654.49,4590.912,76.174,31.978,31.848,9.047,0.0,0.0
555,6.0,11.0,1.0,1.0,3.0,0.0,3497.372,4593.501,-13.571,31.749,31.726,8.998,0.0,0.0
556,6.0,11.0,1.0,2.0,4.0,0.0,3586.124,4748.358,-7.796,32.095,31.936,9.077,0.0,0.0
558,6.0,11.0,1.0,4.0,6.0,0.0,3706.75,4867.782,37.651,32.064,31.953,9.075,0.0,0.0
559,7.0,11.0,1.0,0.0,2.0,0.0,4532.445,4578.865,-5.357,32.217,32.113,9.119,0.0,0.0
560,7.0,11.0,1.0,1.0,3.0,0.0,4276.76,4586.569,-44.526,32.014,31.895,9.059,0.0,0.0
561,7.0,11.0,1.0,2.0,4.0,0.0,4511.331,4906.654,-4.562,33.507,29.591,8.775,0.0,0.0
562,8.0,11.0,1.0,0.0,0.0,0.0,5041.188,4608.607,90.687,32.299,32.202,9.143,0.0,0.0
563,8.0,11.0,1.0,1.0,1.0,0.0,4893.951,4734.408,77.086,32.365,32.16,9.063,0.0,0.0
564,9.0,11.0,1.0,0.0,1.0,0.0,5295.02,4521.17,1.965,31.849,31.808,9.024,0.0,0.0
565,9.0,11.0,1.0,1.0,2.0,0.0,5440.22,4606.72,75.289,31.859,31.662,9.088,0.0,0.0
566,9.0,11.0,1.0,2.0,3.0,0.0,5243.068,4621.758,47.708,31.938,31.79,9.034,0.0,0.0
567,9.0,11.0,1.0,3.0,4.0,0.0,5696.143,4678.247,-44.194,31.87,31.741,9.017,0.0,0.0
568,9.0,11.0,1.0,4.0,5.0,0.0,5586.686,4804.365,133.381,31.851,31.832,9.027,0.0,0.0
569,9.0,11.0,1.0,5.0,6.0,0.0,5271.416,4811.754,111.482,32.432,32.337,9.181,0.0,0.0
570,0.0,12.0,1.0,0.0,0.0,0.0,283.051,5137.785,-34.425,31.503,31.339,8.992,0.0,0.0
571,0.0,12.0,1.0,1.0,1.0,0.0,106.168,5143.704,-36.28,31.739,31.674,9.073,0.0,0.0
572,0.0,12.0,1.0,2.0,2.0,0.0,523.615,5291.709,15.962,32.246,32.194,9.135,0.0,0.0
573,1.0,12.0,1.0,0.0,3.0,0.0,761.444,4958.413,39.431,32.359,32.149,9.144,0.0,0.0
574,1.0,12.0,1.0,1.0,4.0,0.0,662.35,5207.109,-0.262,31.823,31.593,9.074,0.0,0.0
575,1.0,12.0,1.0,2.0,5.0,0.0,838.789,5295.793,86.72,32.265,31.838,9.731,0.0,0.0
577,1.0,12.0,1.0,4.0,6.0,0.0,1067.415,5300.645,46.574,32.503,32.341,9.108,0.0,0.0
579,2.0,12.0,1.0,0.0,4.0,0.0,1199.894,4976.842,21.97,32.1,31.915,9.075,0.0,0.0
580,2.0,12.0,1.0,1.0,5.0,0.0,1678.98,4996.402,-9.327,31.976,31.836,9.046,0.0,0.0
581,2.0,12.0,1.0,2.0,6.0,0.0,1327.586,5218.548,75.639,31.956,31.893,9.051,0.0,0.0
582,3.0,12.0,1.0,0.0,0.0,0.0,1842.637,4914.159,16.201,31.944,31.926,9.054,0.0,0.0
583,3.0,12.0,1.0,1.0,1.0,0.0,2057.468,4925.208,91.821,31.828,31.579,9.072,0.0,0.0
584,3.0,12.0,1.0,2.0,2.0,0.0,1988.279,5110.615,106.066,31.888,31.825,9.031,0.0,0.0
585,3.0,12.0,1.0,3.0,3.0,0.0,2176.82,5162.633,67.477,32.08,31.958,9.433,0.0,0.0
586,3.0,12.0,1.0,4.0,3.0,0.0,2188.014,5132.93,119.974,32.532,31.965,9.403,0.0,0.0
587,3.0,12.0,1.0,5.0,4.0,0.0,1976.474,5225.711,38.133,32.053,31.981,9.077,0.0,0.0
588,4.0,12.0,1.0,0.0,2.0,0.0,2346.511,5164.232,53.812,32.015,31.828,9.05,0.0,0.0
589,4.0,12.0,1.0,1.0,3.0,0.0,2803.931,5181.281,24.904,32.118,31.99,9.088,0.0,0.0
590,4.0,12.0,1.0,2.0,4.0,0.0,2578.648,5221.062,32.644,32.133,32.073,9.101,0.0,0.0
591,5.0,12.0,1.0,0.0,1.0,0.0,3441.932,4941.595,113.205,32.415,32.213,9.078,0.0,0.0
593,5.0,12.0,1.0,2.0,3.0,0.0,2900.762,4998.581,72.281,32.243,32.073,9.034,0.0,0.0
594,5.0,12.0,1.0,3.0,4.0,0.0,2919.677,5231.311,-22.397,32.378,32.298,9.084,0.0,0.0
595,6.0,12.0,1.0,0.0,0.0,0.0,3580.339,4958.188,70.215,32.488,32.172,9.165,0.0,0.0
596,6.0,12.0,1.0,1.0,1.0,0.0,3886.278,5004.676,61.317,31.726,31.544,9.053,0.0,0.0
597,6.0,12.0,1.0,2.0,2.0,0.0,3694.902,5026.092,77.693,32.058,31.984,9.078,0.0,0.0
598,6.0,12.0,1.0,3.0,3.0,0.0,3723.91,5096.518,91.278,31.903,31.691,9.015,0.0,0.0
599,6.0,12.0,1.0,4.0,4.0,0.0,3716.363,5269.685,56.424,32.241,32.17,9.13,0.0,0.0
600,6.0,12.0,1.0,5.0,5.0,0.0,3955.732,5275.37,71.27,32.151,32.122,9.111,0.0,0.0
601,7.0,12.0,1.0,0.0,1.0,0.0,4387.493,4980.858,52.446,32.207,32.145,9.122,0.0,0.0
602,7.0,12.0,1.0,1.0,2.0,0.0,4457.533,5085.429,19.318,31.635,31.534,8.954,0.0,0.0
603,7.0,12.0,1.0,2.0,3.0,0.0,4262.195,5294.66,63.355,32.011,31.893,9.059,0.0,0.0
604,8.0,12.0,1.0,0.0,0.0,0.0,4733.826,5141.203,7.633,31.936,31.886,9.047,0.0,0.0
605,8.0,12.0,1.0,1.0,1.0,0.0,5176.213,5179.282,-6.293,32.332,32.222,9.151,0.0,0.0
606,9.0,12.0,1.0,0.0,0.0,0.0,5624.663,4946.549,96.341,32.338,32.178,9.145,0.0,0.0
607,9.0,12.0,1.0,1.0,1.0,0.0,5336.456,5010.412,60.312,31.82,31.663,9.083,0.0,0.0
608,9.0,12.0,1.0,2.0,2.0,0.0,5316.778,5091.215,-31.033,32.377,32.2,9.07,0.0,0.0
609,9.0,12.0,1.0,3.0,3.0,0.0,5281.714,5098.865,58.456,32.601,32.421,9.133,0.0,0.0
610,9.0,12.0,1.0,4.0,5.0,0.0,5644.136,5284.254,89.306,32.541,32.507,9.137,0.0,0.0
611,0.0,6.0,1.0,0.0,0.0,0.0,559.766,2645.955,-0.349,32.396,32.048,25.418,4.0,
612,0.0,6.0,1.0,0.0,0.0,0.0,561.046,2635.891,-36.846,32.044,31.937,27.205,4.0,
613,0.0,7.0,1.0,0.0,0.0,0.0,417.835,2870.653,10.546,32.739,31.671,27.364,4.0,
615,0.0,9.0,1.0,0.0,0.0,0.0,292.513,4022.701,-43.803,32.729,31.427,27.371,4.0,
616,0.0,9.0,1.0,0.0,0.0,0.0,283.346,4007.147,-15.863,32.988,32.16,27.782,4.0,
618,1.0,4.0,1.0,0.0,0.0,0.0,906.355,2010.094,69.392,32.731,32.168,27.646,4.0,
619,1.0,4.0,1.0,0.0,0.0,0.0,892.672,2008.829,-13.106,33.175,31.87,25.505,4.0,
620,1.0,5.0,1.0,0.0,0.0,0.0,711.329,2461.285,74.744,32.606,31.386,27.101,4.0,
621,1.0,12.0,1.0,0.0,0.0,0.0,885.518,5317.367,-28.415,32.435,31.721,25.299,4.0,
623,2.0,2.0,1.0,0.0,0.0,0.0,1432.859,1017.374,-19.09,32.736,32.321,27.676,4.0,
624,2.0,2.0,1.0,0.0,0.0,0.0,1451.873,1029.145,119.121,32.569,31.641,27.353,4.0,
626,2.0,11.0,1.0,0.0,0.0,0.0,1362.419,4713.208,48.195,32.964,31.283,27.394,4.0,
627,2.0,11.0,1.0,0.0,0.0,0.0,1341.296,4726.933,63.053,32.441,32.235,25.474,4.0,
628,2.0,12.0,1.0,0.0,0.0,0.0,1463.208,5321.96,9.277,33.304,31.289,27.711,4.0,
629,3.0,1.0,1.0,0.0,0.0,0.0,2060.536,453.603,40.663,32.646,31.766,27.372,4.0,
630,3.0,1.0,1.0,0.0,0.0,0.0,2048.12,452.954,-15.042,33.354,32.16,27.797,4.0,
632,3.0,10.0,1.0,0.0,0.0,0.0,1759.603,4114.448,32.215,35.626,31.892,28.488,4.0,
633,3.0,10.0,1.0,0.0,0.0,0.0,1777.665,4114.006,129.0,33.724,32.438,28.037,4.0,
634,3.0,10.0,1.0,0.0,0.0,0.0,1769.284,4127.626,-0.296,31.801,26.592,24.863,4.0,
635,4.0,6.0,1.0,0.0,0.0,0.0,2787.136,2776.683,-22.365,32.558,32.005,27.452,4.0,
636,4.0,9.0,1.0,0.0,0.0,0.0,2375.808,3840.016,35.986,32.791,31.983,27.577,4.0,
637,4.0,9.0,1.0,0.0,0.0,0.0,2374.426,3865.963,-9.197,32.484,31.769,27.43,4.0,
638,5.0,12.0,1.0,0.0,0.0,0.0,2937.695,4993.72,-10.154,32.393,31.865,22.325,4.0,
639,5.0,12.0,1.0,0.0,0.0,0.0,2962.331,5016.338,32.559,32.47,31.415,27.218,4.0,
641,6.0,10.0,1.0,0.0,0.0,0.0,3768.266,4476.242,61.809,31.738,31.047,26.672,4.0,
642,6.0,10.0,1.0,0.0,0.0,0.0,3798.443,4489.31,72.922,32.961,32.082,27.645,4.0,
643,6.0,11.0,1.0,0.0,0.0,0.0,3919.792,4858.938,84.517,32.113,31.224,27.027,4.0,
644,6.0,11.0,1.0,0.0,0.0,0.0,3910.339,4862.34,108.707,32.138,31.346,27.008,4.0,
645,7.0,7.0,1.0,0.0,0.0,0.0,4112.776,3118.072,32.022,32.895,31.439,27.426,4.0,
646,7.0,7.0,1.0,0.0,0.0,0.0,4100.589,3136.589,133.124,32.824,31.984,27.539,4.0,
648,7.0,8.0,1.0,0.0,0.0,0.0,4097.568,3305.856,-17.551,33.061,32.713,27.941,4.0,
649,7.0,8.0,1.0,0.0,0.0,0.0,4087.155,3311.915,123.12,32.939,32.095,27.605,4.0,
652,8.0,0.0,1.0,0.0,0.0,0.0,4757.492,369.623,81.126,33.585,31.739,25.577,4.0,
653,8.0,0.0,1.0,0.0,0.0,0.0,4751.409,356.151,-11.143,32.943,31.581,27.487,4.0,
654,8.0,0.0,1.0,0.0,0.0,0.0,4831.922,93.468,57.946,33.506,32.544,27.963,4.0,
655,8.0,0.0,1.0,0.0,0.0,0.0,4845.326,112.219,-13.331,32.477,31.872,27.374,4.0,
657,8.0,8.0,1.0,0.0,0.0,0.0,5177.904,3343.908,55.805,32.246,32.13,27.378,4.0,
658,8.0,8.0,1.0,0.0,0.0,0.0,5172.824,3364.792,36.82,32.266,31.324,27.045,4.0,
</ResultDatas>,,,,,,,,,,,,,,
<ElementResult>,,,,,,,,,,,,,,
0,0.0,,,,,,,,,,,,,
1,0.0,,,,,,,,,,,,,
2,0.0,,,,,,,,,,,,,
3,0.0,,,,,,,,,,,,,
4,0.0,,,,,,,,,,,,,
5,591.0,,,,,,,,,,,,,
</ElementResult>,,,,,,,,,,,,,,
0,0.0,0.0,1.0,0.0,1.0,0.0,290.268,24.766,72.852,32.515,32.385,9.116,0.0,0.0
1,0.0,0.0,1.0,1.0,2.0,0.0,369.446,33.94,100.074,31.897,31.862,9.123,0.0,0.0
2,0.0,0.0,1.0,2.0,3.0,0.0,80.3,100.046,10.023,31.97,31.911,9.055,0.0,0.0
3,0.0,0.0,1.0,3.0,5.0,0.0,126.382,161.557,-1.287,31.738,31.702,8.993,0.0,0.0
4,0.0,0.0,1.0,4.0,7.0,0.0,178.11,307.539,-4.798,31.924,31.857,9.041,0.0,0.0
5,0.0,0.0,1.0,5.0,8.0,0.0,46.845,344.685,21.885,32.474,32.459,9.12,0.0,0.0
6,0.0,0.0,1.0,6.0,9.0,0.0,401.057,377.233,74.479,32.296,32.205,9.143,0.0,0.0
7,0.0,0.0,1.0,7.0,10.0,0.0,545.419,418.969,-4.056,33.356,29.041,8.761,0.0,0.0
8,1.0,0.0,1.0,0.0,0.0,0.0,661.519,17.877,94.802,31.449,31.384,8.99,0.0,0.0
9,1.0,0.0,1.0,1.0,1.0,0.0,1025.594,29.106,133.367,31.69,31.513,9.043,0.0,0.0
10,1.0,0.0,1.0,2.0,2.0,0.0,925.671,40.27,108.306,31.958,31.836,9.043,0.0,0.0
11,1.0,0.0,1.0,3.0,3.0,0.0,754.737,46.399,-22.652,31.671,31.648,9.06,0.0,0.0
13,1.0,0.0,1.0,5.0,5.0,0.0,854.044,149.243,50.459,32.338,31.958,9.032,0.0,0.0
14,1.0,0.0,1.0,6.0,6.0,0.0,700.578,156.947,46.264,31.801,31.64,9.077,0.0,0.0
15,1.0,0.0,1.0,7.0,7.0,0.0,607.256,297.053,91.406,32.107,32.002,9.088,0.0,0.0
16,1.0,0.0,1.0,8.0,8.0,0.0,681.35,309.233,133.518,31.614,31.327,9.006,0.0,0.0
17,1.0,0.0,1.0,9.0,9.0,0.0,1160.013,325.058,99.604,32.917,32.439,9.265,0.0,0.0
18,1.0,0.0,1.0,10.0,10.0,0.0,1086.602,397.595,4.089,32.328,32.139,9.139,0.0,0.0
19,2.0,0.0,1.0,0.0,0.0,0.0,1700.898,185.285,23.541,32.258,32.225,9.141,0.0,0.0
20,2.0,0.0,1.0,1.0,1.0,0.0,1464.552,252.429,113.066,31.523,31.355,8.997,0.0,0.0
21,2.0,0.0,1.0,2.0,2.0,0.0,1194.45,290.956,-18.867,32.166,32.074,9.106,0.0,0.0
22,2.0,0.0,1.0,3.0,4.0,0.0,1287.777,330.135,116.615,32.207,32.07,9.029,0.0,0.0
23,3.0,0.0,1.0,0.0,0.0,0.0,2040.286,39.863,110.312,31.88,31.657,9.091,0.0,0.0
24,3.0,0.0,1.0,1.0,1.0,0.0,2208.502,127.6,79.965,31.826,31.605,9.076,0.0,0.0
26,3.0,0.0,1.0,3.0,3.0,0.0,2182.085,247.163,9.163,31.923,31.533,8.835,0.0,0.0
27,3.0,0.0,1.0,4.0,5.0,0.0,2043.607,331.91,68.472,32.551,32.37,9.663,0.0,0.0
28,3.0,0.0,1.0,5.0,5.0,0.0,2074.259,330.697,-0.8,32.534,32.233,9.733,0.0,0.0
29,3.0,0.0,1.0,6.0,7.0,0.0,1779.782,340.488,23.408,32.34,32.149,9.142,0.0,0.0
30,3.0,0.0,1.0,7.0,8.0,0.0,2020.066,371.331,42.448,31.967,31.917,9.056,0.0,0.0
31,4.0,0.0,1.0,0.0,1.0,0.0,2365.671,68.35,29.677,31.876,31.683,9.01,0.0,0.0
32,4.0,0.0,1.0,1.0,2.0,0.0,2673.719,172.458,12.072,31.375,31.124,8.942,0.0,0.0
33,4.0,0.0,1.0,2.0,3.0,0.0,2765.109,180.66,74.729,31.988,31.908,9.057,0.0,0.0
34,4.0,0.0,1.0,3.0,4.0,0.0,2465.971,223.009,30.015,31.694,31.575,9.053,0.0,0.0
35,4.0,0.0,1.0,4.0,5.0,0.0,2331.404,277.442,-13.04,32.466,32.348,9.104,0.0,0.0
36,4.0,0.0,1.0,5.0,6.0,0.0,2455.037,338.514,64.774,32.204,32.08,9.112,0.0,0.0
37,4.0,0.0,1.0,6.0,7.0,0.0,2611.85,420.3,-3.563,34.199,26.482,8.486,0.0,0.0
38,5.0,0.0,1.0,0.0,0.0,0.0,3361.767,104.289,86.587,31.954,31.808,9.039,0.0,0.0
39,5.0,0.0,1.0,1.0,1.0,0.0,3254.632,171.586,75.344,31.78,31.674,9.079,0.0,0.0
40,5.0,0.0,1.0,2.0,2.0,0.0,3200.385,212.717,-17.43,33.493,30.942,9.128,0.0,0.0
41,5.0,0.0,1.0,3.0,3.0,0.0,3416.718,331.735,-42.45,32.547,32.374,9.119,0.0,0.0
43,6.0,0.0,1.0,0.0,2.0,0.0,3536.647,226.386,92.062,32.163,32.097,9.109,0.0,0.0
44,6.0,0.0,1.0,1.0,3.0,0.0,3936.962,305.224,77.761,32.2,32.166,9.124,0.0,0.0
45,6.0,0.0,1.0,2.0,4.0,0.0,4007.873,307.969,35.012,32.191,31.963,9.094,0.0,0.0
46,7.0,0.0,1.0,0.0,1.0,0.0,4098.641,27.737,66.714,31.913,31.831,9.036,0.0,0.0
47,7.0,0.0,1.0,1.0,2.0,0.0,4515.135,54.476,32.956,32.265,32.12,9.043,0.0,0.0
48,7.0,0.0,1.0,2.0,3.0,0.0,4554.414,139.753,119.059,32.057,31.909,9.067,0.0,0.0
49,7.0,0.0,1.0,3.0,4.0,0.0,4467.107,345.368,30.231,32.296,32.236,9.148,0.0,0.0
50,7.0,0.0,1.0,4.0,5.0,0.0,4083.216,375.368,-25.107,32.672,32.387,9.138,0.0,0.0
51,8.0,0.0,1.0,0.0,1.0,0.0,4731.176,247.291,-10.168,31.719,31.554,9.054,0.0,0.0
52,8.0,0.0,1.0,1.0,2.0,0.0,4735.326,390.852,-7.46,31.769,31.702,8.997,0.0,0.0
53,9.0,0.0,1.0,0.0,0.0,0.0,5297.655,24.98,51.419,32.323,32.04,9.124,0.0,0.0
54,9.0,0.0,1.0,1.0,1.0,0.0,5508.932,333.304,103.747,31.75,31.619,9.067,0.0,0.0
55,9.0,0.0,1.0,2.0,2.0,0.0,5560.044,408.336,50.242,32.342,32.124,9.138,0.0,0.0
56,9.0,0.0,1.0,3.0,3.0,0.0,5609.577,417.925,-3.735,32.75,30.349,8.945,0.0,0.0
57,0.0,1.0,1.0,0.0,1.0,0.0,34.323,549.247,42.906,32.005,31.897,9.058,0.0,0.0
58,0.0,1.0,1.0,1.0,2.0,0.0,287.565,725.447,64.403,31.746,31.601,8.98,0.0,0.0
59,0.0,1.0,1.0,2.0,3.0,0.0,519.835,734.436,21.562,34.223,34.154,9.352,0.0,0.0
60,0.0,1.0,1.0,3.0,4.0,0.0,498.653,787.887,69.791,31.892,31.76,9.108,0.0,0.0
61,1.0,1.0,1.0,0.0,1.0,0.0,921.861,539.261,77.826,31.731,31.665,9.071,0.0,0.0
62,1.0,1.0,1.0,1.0,2.0,0.0,890.193,625.705,17.702,31.353,31.12,8.939,0.0,0.0
63,1.0,1.0,1.0,2.0,3.0,0.0,1060.248,673.8,102.964,31.944,31.86,9.044,0.0,0.0
64,1.0,1.0,1.0,3.0,4.0,0.0,1156.632,750.052,2.554,33.027,32.984,9.189,0.0,0.0
65,1.0,1.0,1.0,4.0,5.0,0.0,983.737,827.047,-4.152,33.125,28.716,8.675,0.0,0.0
66,2.0,1.0,1.0,0.0,0.0,0.0,1586.415,450.388,131.086,32.069,31.964,9.077,0.0,0.0
67,2.0,1.0,1.0,1.0,1.0,0.0,1353.39,544.888,116.417,31.855,31.675,9.09,0.0,0.0
69,2.0,1.0,1.0,3.0,3.0,0.0,1240.401,609.579,126.44,32.717,32.282,9.048,0.0,0.0
70,2.0,1.0,1.0,4.0,4.0,0.0,1314.999,679.135,-7.691,31.726,31.643,9.067,0.0,0.0
71,2.0,1.0,1.0,5.0,5.0,0.0,1650.818,705.257,25.273,31.99,31.859,9.051,0.0,0.0
72,2.0,1.0,1.0,6.0,8.0,0.0,1430.43,779.814,82.351,32.357,32.262,9.076,0.0,0.0
73,4.0,1.0,1.0,0.0,1.0,0.0,2662.69,437.49,78.168,32.497,32.329,9.105,0.0,0.0
75,5.0,1.0,1.0,0.0,0.0,0.0,3054.556,428.29,91.276,32.268,31.665,9.062,0.0,0.0
76,5.0,1.0,1.0,1.0,1.0,0.0,3297.287,460.679,61.846,32.507,32.2,9.008,0.0,0.0
77,5.0,1.0,1.0,2.0,2.0,0.0,2947.907,491.271,90.143,32.326,32.143,9.139,0.0,0.0
79,5.0,1.0,1.0,4.0,4.0,0.0,3315.326,718.143,112.536,32.066,31.968,9.077,0.0,0.0
80,6.0,1.0,1.0,0.0,0.0,0.0,3852.506,469.277,25.321,32.003,31.908,9.06,0.0,0.0
81,6.0,1.0,1.0,1.0,1.0,0.0,3732.812,534.441,67.749,31.955,31.702,9.024,0.0,0.0
82,6.0,1.0,1.0,2.0,2.0,0.0,3590.251,562.238,32.045,24.511,24.385,7.954,0.0,0.0
85,7.0,1.0,1.0,0.0,0.0,0.0,4554.818,507.603,133.867,32.753,32.609,9.181,0.0,0.0
86,7.0,1.0,1.0,1.0,1.0,0.0,4137.458,543.323,46.372,32.153,31.892,9.079,0.0,0.0
87,7.0,1.0,1.0,2.0,2.0,0.0,4365.572,594.252,80.503,31.487,31.418,9.001,0.0,0.0
88,7.0,1.0,1.0,3.0,3.0,0.0,4533.188,650.195,51.356,31.951,31.761,9.116,0.0,0.0
89,7.0,1.0,1.0,4.0,5.0,0.0,4136.724,703.055,89.419,31.992,31.91,9.058,0.0,0.0
90,7.0,1.0,1.0,5.0,6.0,0.0,4404.891,702.759,14.234,31.472,31.4,8.996,0.0,0.0
91,7.0,1.0,1.0,6.0,7.0,0.0,4357.883,724.593,61.061,31.817,31.678,9.085,0.0,0.0
92,7.0,1.0,1.0,7.0,8.0,0.0,4236.989,742.507,-4.796,32.402,32.296,9.087,0.0,0.0
93,7.0,1.0,1.0,8.0,9.0,0.0,4137.999,773.045,63.079,31.927,31.802,9.034,0.0,0.0
94,7.0,1.0,1.0,9.0,10.0,0.0,4204.01,778.867,42.0,32.115,32.025,9.092,0.0,0.0
95,7.0,1.0,1.0,10.0,11.0,0.0,4302.79,825.436,-1.798,32.227,30.746,8.925,0.0,0.0
96,8.0,1.0,1.0,0.0,0.0,0.0,5110.019,515.758,-15.287,32.145,32.044,9.099,0.0,0.0
97,8.0,1.0,1.0,1.0,1.0,0.0,4828.413,532.124,-9.059,31.777,31.708,9.084,0.0,0.0
98,8.0,1.0,1.0,2.0,2.0,0.0,4629.578,670.613,38.823,32.289,32.154,9.135,0.0,0.0
99,8.0,1.0,1.0,3.0,3.0,0.0,4771.661,731.517,64.861,32.098,32.039,9.092,0.0,0.0
101,9.0,1.0,1.0,0.0,2.0,0.0,5758.46,430.916,127.333,32.378,32.193,9.069,0.0,0.0
102,9.0,1.0,1.0,1.0,4.0,0.0,5281.193,665.847,61.095,32.335,32.292,9.161,0.0,0.0
103,9.0,1.0,1.0,2.0,5.0,0.0,5535.178,719.722,-1.293,32.18,31.853,8.995,0.0,0.0
104,9.0,1.0,1.0,3.0,6.0,0.0,5507.288,771.717,12.394,31.982,31.924,9.059,0.0,0.0
105,9.0,1.0,1.0,4.0,7.0,0.0,5354.065,772.191,26.784,32.071,31.941,9.074,0.0,0.0
106,0.0,2.0,1.0,0.0,0.0,0.0,47.202,834.11,48.98,32.511,32.341,9.109,0.0,0.0
107,0.0,2.0,1.0,1.0,1.0,0.0,115.47,853.778,25.218,32.272,32.227,9.143,0.0,0.0
108,0.0,2.0,1.0,2.0,2.0,0.0,415.51,904.269,31.47,31.691,31.66,9.064,0.0,0.0
109,0.0,2.0,1.0,3.0,3.0,0.0,255.63,1001.28,40.219,31.709,31.643,9.065,0.0,0.0
110,0.0,2.0,1.0,4.0,4.0,0.0,215.86,1039.284,-31.075,31.881,31.649,9.006,0.0,0.0
112,0.0,2.0,1.0,6.0,5.0,0.0,75.406,1122.423,106.757,32.707,32.354,9.488,0.0,0.0
113,0.0,2.0,1.0,7.0,6.0,0.0,201.726,1130.441,47.4,32.101,31.873,9.069,0.0,0.0
117,1.0,2.0,1.0,0.0,1.0,0.0,711.782,1033.827,37.515,32.138,31.941,9.083,0.0,0.0
118,1.0,2.0,1.0,1.0,2.0,0.0,1093.077,1036.879,102.5,32.024,31.94,9.067,0.0,0.0
119,1.0,2.0,1.0,2.0,3.0,0.0,1148.268,1131.302,7.082,32.288,32.066,9.123,0.0,0.0
120,1.0,2.0,1.0,3.0,4.0,0.0,945.372,1162.94,55.999,31.995,31.687,9.027,0.0,0.0
121,1.0,2.0,1.0,4.0,5.0,0.0,774.566,1227.806,7.561,32.483,32.36,9.108,0.0,0.0
122,2.0,2.0,1.0,0.0,0.0,0.0,1219.662,985.264,46.76,31.552,31.507,9.023,0.0,0.0
123,2.0,2.0,1.0,1.0,1.0,0.0,1706.065,1004.501,-16.668,31.994,31.902,9.057,0.0,0.0
124,2.0,2.0,1.0,2.0,2.0,0.0,1609.3,1037.449,107.394,32.005,31.85,9.052,0.0,0.0
125,3.0,2.0,1.0,0.0,2.0,0.0,1992.891,839.137,81.945,31.996,31.888,9.056,0.0,0.0
126,3.0,2.0,1.0,1.0,3.0,0.0,2299.377,873.626,116.048,32.531,32.421,9.123,0.0,0.0
127,3.0,2.0,1.0,2.0,4.0,0.0,1831.421,899.941,35.901,32.185,32.072,9.109,0.0,0.0
128,3.0,2.0,1.0,3.0,5.0,0.0,2060.932,923.945,90.093,32.305,32.207,9.145,0.0,0.0
129,3.0,2.0,1.0,4.0,6.0,0.0,2065.808,1026.545,-8.145,31.308,31.303,8.959,0.0,0.0
130,3.0,2.0,1.0,5.0,7.0,0.0,2271.331,1068.639,129.96,31.81,31.7,9.087,0.0,0.0
131,3.0,2.0,1.0,6.0,8.0,0.0,2156.742,1099.648,-23.086,32.079,31.859,9.063,0.0,0.0
132,4.0,2.0,1.0,0.0,1.0,0.0,2561.824,952.398,109.683,31.926,31.791,9.032,0.0,0.0
133,4.0,2.0,1.0,1.0,2.0,0.0,2469.296,983.136,-43.571,32.376,32.073,9.22,0.0,0.0
134,4.0,2.0,1.0,2.0,2.0,0.0,2495.482,964.207,114.538,32.218,31.921,9.264,0.0,0.0
135,4.0,2.0,1.0,3.0,3.0,0.0,2591.976,1018.956,115.392,32.049,31.947,9.072,0.0,0.0
136,4.0,2.0,1.0,4.0,4.0,0.0,2653.643,1070.853,96.497,31.686,31.565,8.966,0.0,0.0
137,4.0,2.0,1.0,5.0,5.0,0.0,2571.753,1105.109,56.669,31.875,31.742,9.018,0.0,0.0
138,4.0,2.0,1.0,6.0,6.0,0.0,2661.036,1108.953,37.535,31.234,31.11,9.006,0.0,0.0
139,4.0,2.0,1.0,7.0,7.0,0.0,2786.62,1219.958,54.794,32.328,32.239,9.069,0.0,0.0
140,5.0,2.0,1.0,0.0,0.0,0.0,3077.501,1017.983,29.285,31.789,31.737,9.09,0.0,0.0
141,5.0,2.0,1.0,1.0,1.0,0.0,3386.631,1035.164,110.113,32.602,32.354,9.123,0.0,0.0
142,5.0,2.0,1.0,2.0,2.0,0.0,3396.379,1092.901,44.626,32.005,31.888,9.057,0.0,0.0
143,6.0,2.0,1.0,0.0,1.0,0.0,3629.414,908.076,53.75,32.099,31.964,9.081,0.0,0.0
144,6.0,2.0,1.0,1.0,2.0,0.0,3803.859,997.653,86.26,31.827,31.771,9.015,0.0,0.0
145,6.0,2.0,1.0,2.0,3.0,0.0,3900.195,1013.249,113.734,31.7,31.669,8.983,0.0,0.0
146,6.0,2.0,1.0,3.0,4.0,0.0,3590.78,1077.557,97.012,32.194,32.064,9.109,0.0,0.0
147,6.0,2.0,1.0,4.0,5.0,0.0,3938.807,1085.885,129.105,31.918,31.86,9.126,0.0,0.0
148,6.0,2.0,1.0,5.0,6.0,0.0,4015.024,1171.528,23.782,32.283,32.023,9.116,0.0,0.0
149,7.0,2.0,1.0,0.0,1.0,0.0,4603.034,846.935,106.627,32.384,32.34,9.175,0.0,0.0
150,7.0,2.0,1.0,1.0,3.0,0.0,4492.842,1057.504,60.444,31.336,31.209,8.949,0.0,0.0
151,7.0,2.0,1.0,2.0,4.0,0.0,4413.709,1068.332,27.302,30.84,30.778,8.901,0.0,0.0
152,7.0,2.0,1.0,3.0,5.0,0.0,4356.123,1169.345,2.66,31.965,31.821,9.042,0.0,0.0
153,7.0,2.0,1.0,4.0,7.0,0.0,4577.109,1205.83,33.782,32.215,32.049,9.11,0.0,0.0
155,8.0,2.0,1.0,1.0,2.0,0.0,4903.811,912.129,54.27,31.94,31.835,9.04,0.0,0.0
156,8.0,2.0,1.0,2.0,3.0,0.0,4633.987,996.314,131.241,32.224,32.19,9.131,0.0,0.0
157,8.0,2.0,1.0,3.0,4.0,0.0,5100.247,1019.513,60.446,31.89,31.793,9.027,0.0,0.0
158,9.0,2.0,1.0,0.0,0.0,0.0,5664.088,916.931,106.391,32.763,32.475,9.163,0.0,0.0
159,9.0,2.0,1.0,1.0,1.0,0.0,5237.476,930.457,-16.853,3.7,2.111,2.546,0.0,0.0
161,9.0,2.0,1.0,3.0,2.0,0.0,5353.314,1093.469,51.561,32.214,32.163,9.126,0.0,0.0
162,9.0,2.0,1.0,4.0,3.0,0.0,5240.734,1196.397,64.266,32.612,32.431,9.136,0.0,0.0
163,0.0,3.0,1.0,0.0,0.0,0.0,339.296,1247.241,78.049,31.904,31.695,9.1,0.0,0.0
164,0.0,3.0,1.0,1.0,1.0,0.0,185.975,1251.698,31.793,32.207,32.064,9.111,0.0,0.0
165,0.0,3.0,1.0,2.0,2.0,0.0,574.937,1329.419,120.226,32.107,32.052,9.095,0.0,0.0
166,0.0,3.0,1.0,3.0,3.0,0.0,320.472,1401.591,112.298,32.141,31.5,9.021,0.0,0.0
167,0.0,3.0,1.0,4.0,4.0,0.0,397.769,1409.351,33.209,31.694,31.554,9.05,0.0,0.0
168,0.0,3.0,1.0,5.0,5.0,0.0,64.935,1482.257,68.827,31.835,31.747,9.013,0.0,0.0
169,0.0,3.0,1.0,6.0,6.0,0.0,97.596,1498.868,42.155,32.263,32.174,9.134,0.0,0.0
170,0.0,3.0,1.0,7.0,7.0,0.0,450.989,1512.693,0.026,31.838,31.696,9.006,0.0,0.0
171,0.0,3.0,1.0,8.0,8.0,0.0,323.886,1618.507,64.367,32.546,32.41,9.124,0.0,0.0
172,0.0,3.0,1.0,9.0,9.0,0.0,245.711,1643.379,-4.337,32.897,27.927,8.605,0.0,0.0
173,1.0,3.0,1.0,0.0,2.0,0.0,1149.62,1438.072,-8.721,31.977,31.729,9.031,0.0,0.0
174,1.0,3.0,1.0,1.0,3.0,0.0,1058.504,1486.656,68.508,31.694,31.54,8.963,0.0,0.0
175,1.0,3.0,1.0,2.0,4.0,0.0,794.875,1611.412,89.68,32.04,31.977,9.075,0.0,0.0
176,2.0,3.0,1.0,0.0,0.0,0.0,1305.588,1313.812,36.821,32.217,32.179,9.128,0.0,0.0
177,2.0,3.0,1.0,1.0,1.0,0.0,1308.717,1410.799,6.7,31.8,31.7,9.001,0.0,0.0
178,2.0,3.0,1.0,2.0,3.0,0.0,1274.858,1485.431,105.08,31.947,31.839,9.042,0.0,0.0
179,3.0,3.0,1.0,0.0,0.0,0.0,2102.832,1242.083,59.857,31.811,31.606,8.99,0.0,0.0
180,3.0,3.0,1.0,1.0,1.0,0.0,2031.564,1326.562,125.314,31.736,31.72,9.08,0.0,0.0
181,3.0,3.0,1.0,2.0,2.0,0.0,1858.473,1376.87,5.982,31.745,31.523,9.053,0.0,0.0
182,3.0,3.0,1.0,3.0,3.0,0.0,1959.897,1417.466,75.45,31.903,31.878,9.041,0.0,0.0
183,3.0,3.0,1.0,4.0,4.0,0.0,1831.476,1433.238,80.574,32.514,32.5,9.132,0.0,0.0
184,3.0,3.0,1.0,5.0,5.0,0.0,2311.151,1515.411,27.536,32.573,32.408,9.127,0.0,0.0
185,3.0,3.0,1.0,6.0,6.0,0.0,1995.474,1520.298,84.06,31.856,31.583,8.993,0.0,0.0
186,3.0,3.0,1.0,7.0,7.0,0.0,1804.258,1550.944,-22.649,32.405,32.27,9.168,0.0,0.0
187,4.0,3.0,1.0,0.0,2.0,0.0,2502.289,1550.876,73.587,32.002,31.961,9.067,0.0,0.0
188,4.0,3.0,1.0,1.0,3.0,0.0,2621.865,1550.595,1.28,31.892,31.793,9.028,0.0,0.0
189,4.0,3.0,1.0,2.0,4.0,0.0,2421.167,1612.686,0.215,32.213,32.131,9.121,0.0,0.0
190,5.0,3.0,1.0,0.0,0.0,0.0,3072.157,1538.419,-26.937,32.464,32.188,9.081,0.0,0.0
191,5.0,3.0,1.0,1.0,1.0,0.0,3140.548,1593.256,-10.092,32.093,32.036,9.091,0.0,0.0
192,6.0,3.0,1.0,0.0,0.0,0.0,3904.133,1345.747,88.222,31.827,31.658,8.999,0.0,0.0
193,6.0,3.0,1.0,1.0,1.0,0.0,3950.269,1395.176,81.09,31.846,31.647,9.0,0.0,0.0
194,6.0,3.0,1.0,2.0,2.0,0.0,3980.951,1434.979,17.987,31.918,31.742,9.109,0.0,0.0
196,6.0,3.0,1.0,4.0,4.0,0.0,3613.657,1459.642,36.723,31.595,31.399,9.013,0.0,0.0
197,7.0,3.0,1.0,0.0,1.0,0.0,4201.697,1245.549,81.333,32.44,32.039,9.139,0.0,0.0
198,7.0,3.0,1.0,1.0,2.0,0.0,4375.937,1287.159,60.211,32.582,32.547,9.148,0.0,0.0
199,7.0,3.0,1.0,2.0,3.0,0.0,4320.764,1312.673,103.786,32.278,32.165,9.052,0.0,0.0
200,7.0,3.0,1.0,3.0,4.0,0.0,4597.134,1331.671,42.181,32.251,32.107,9.123,0.0,0.0
201,7.0,3.0,1.0,4.0,5.0,0.0,4132.834,1340.796,30.343,32.111,31.966,9.083,0.0,0.0
202,7.0,3.0,1.0,5.0,6.0,0.0,4544.343,1384.026,-37.734,32.12,32.074,9.1,0.0,0.0
203,7.0,3.0,1.0,6.0,7.0,0.0,4149.397,1453.015,124.373,32.241,32.059,9.115,0.0,0.0
204,7.0,3.0,1.0,7.0,8.0,0.0,4513.985,1463.025,9.372,31.469,31.403,8.996,0.0,0.0
206,7.0,3.0,1.0,9.0,10.0,0.0,4303.172,1527.01,47.673,31.581,31.39,9.01,0.0,0.0
207,7.0,3.0,1.0,10.0,11.0,0.0,4263.964,1613.278,25.024,31.794,31.651,9.078,0.0,0.0
208,8.0,3.0,1.0,0.0,1.0,0.0,5112.376,1369.43,-4.37,32.163,32.136,9.115,0.0,0.0
209,8.0,3.0,1.0,1.0,2.0,0.0,4759.177,1389.867,77.133,32.186,32.014,9.1,0.0,0.0
211,8.0,3.0,1.0,3.0,3.0,0.0,4972.224,1443.381,-10.252,31.588,31.437,8.934,0.0,0.0
212,8.0,3.0,1.0,4.0,4.0,0.0,4852.299,1551.2,84.014,32.598,32.141,9.53,0.0,0.0
213,8.0,3.0,1.0,5.0,4.0,0.0,4848.002,1520.831,39.525,32.421,32.385,9.744,0.0,0.0
214,8.0,3.0,1.0,6.0,5.0,0.0,5095.445,1523.008,73.015,32.072,32.02,9.085,0.0,0.0
215,8.0,3.0,1.0,7.0,6.0,0.0,5005.258,1573.992,36.861,31.796,31.609,9.072,0.0,0.0
216,8.0,3.0,1.0,8.0,7.0,0.0,5114.314,1586.848,14.338,31.984,31.853,9.049,0.0,0.0
217,8.0,3.0,1.0,9.0,8.0,0.0,4996.006,1620.963,68.25,32.609,32.318,9.203,0.0,0.0
218,9.0,3.0,1.0,0.0,0.0,0.0,5503.177,1434.85,120.455,31.438,31.281,8.974,0.0,0.0
219,9.0,3.0,1.0,1.0,1.0,0.0,5642.527,1437.245,27.993,31.606,31.495,9.029,0.0,0.0
220,9.0,3.0,1.0,2.0,2.0,0.0,5481.571,1609.935,103.501,32.572,32.461,9.134,0.0,0.0
221,0.0,4.0,1.0,0.0,4.0,0.0,515.293,1848.427,114.819,31.857,31.805,9.024,0.0,0.0
222,0.0,4.0,1.0,1.0,5.0,0.0,231.234,2001.842,85.06,31.583,31.534,8.947,0.0,0.0
223,1.0,4.0,1.0,0.0,0.0,0.0,933.598,1738.022,126.011,31.875,31.777,9.023,0.0,0.0
224,1.0,4.0,1.0,1.0,2.0,0.0,1013.196,2049.122,-0.98,32.927,31.34,9.025,0.0,0.0
225,2.0,4.0,1.0,0.0,0.0,0.0,1716.898,1659.077,111.454,32.48,32.433,9.118,0.0,0.0
226,3.0,4.0,1.0,0.0,1.0,0.0,1825.949,1761.37,-8.964,31.926,31.8,9.033,0.0,0.0
227,3.0,4.0,1.0,1.0,2.0,0.0,1882.396,1776.537,15.168,32.47,32.373,9.108,0.0,0.0
228,3.0,4.0,1.0,2.0,3.0,0.0,1963.376,1796.772,11.305,31.817,31.751,9.011,0.0,0.0
229,3.0,4.0,1.0,3.0,4.0,0.0,2194.146,1994.165,120.562,32.13,32.079,9.102,0.0,0.0
230,4.0,4.0,1.0,0.0,0.0,0.0,2651.121,1727.029,84.522,31.938,31.761,9.029,0.0,0.0
231,4.0,4.0,1.0,1.0,1.0,0.0,2467.993,1946.851,111.928,32.464,32.376,9.191,0.0,0.0
232,4.0,4.0,1.0,2.0,2.0,0.0,2628.028,1975.881,52.66,32.305,32.191,9.059,0.0,0.0
233,4.0,4.0,1.0,3.0,3.0,0.0,2336.306,2008.568,108.637,32.422,32.289,9.173,0.0,0.0
234,4.0,4.0,1.0,4.0,4.0,0.0,2526.301,2010.091,100.162,32.104,31.961,9.081,0.0,0.0
235,5.0,4.0,1.0,0.0,0.0,0.0,3267.922,1837.974,-8.956,31.418,31.39,8.987,0.0,0.0
236,5.0,4.0,1.0,1.0,1.0,0.0,3149.211,1848.464,119.262,31.605,31.452,9.022,0.0,0.0
237,5.0,4.0,1.0,2.0,2.0,0.0,2986.856,1919.013,49.222,32.339,32.068,9.13,0.0,0.0
238,5.0,4.0,1.0,3.0,3.0,0.0,3153.706,1954.959,23.147,31.927,31.793,9.117,0.0,0.0
239,5.0,4.0,1.0,4.0,4.0,0.0,3369.523,1959.396,54.66,32.354,32.263,9.159,0.0,0.0
240,5.0,4.0,1.0,5.0,5.0,0.0,3281.939,1979.91,38.468,32.093,31.918,9.074,0.0,0.0
241,5.0,4.0,1.0,6.0,6.0,0.0,3378.483,2009.607,97.321,32.354,32.326,9.168,0.0,0.0
242,5.0,4.0,1.0,7.0,7.0,0.0,3463.072,2051.174,-4.456,33.871,28.829,8.723,0.0,0.0
243,6.0,4.0,1.0,0.0,0.0,0.0,3895.001,1655.465,30.278,32.116,31.975,9.085,0.0,0.0
245,6.0,4.0,1.0,2.0,3.0,0.0,3773.907,1797.831,-39.574,31.787,29.717,8.965,0.0,0.0
246,6.0,4.0,1.0,3.0,4.0,0.0,3692.976,1846.474,-26.381,32.106,32.071,9.097,0.0,0.0
248,7.0,4.0,1.0,0.0,0.0,0.0,4050.787,1708.411,55.356,32.258,32.111,9.125,0.0,0.0
249,7.0,4.0,1.0,1.0,2.0,0.0,4112.396,2034.033,-25.641,32.645,32.535,9.155,0.0,0.0
250,8.0,4.0,1.0,0.0,2.0,0.0,4655.591,1742.104,28.74,32.183,32.02,9.101,0.0,0.0
251,8.0,4.0,1.0,1.0,3.0,0.0,4762.325,1790.82,16.058,31.857,31.782,9.021,0.0,0.0
252,8.0,4.0,1.0,2.0,4.0,0.0,5160.152,1805.525,-30.236,32.694,32.507,9.158,0.0,0.0
253,8.0,4.0,1.0,3.0,5.0,0.0,5105.558,1827.301,-30.157,32.286,32.176,9.138,0.0,0.0
254,8.0,4.0,1.0,4.0,6.0,0.0,4783.106,1852.04,28.285,32.125,31.974,9.086,0.0,0.0
255,8.0,4.0,1.0,5.0,7.0,0.0,4908.577,1900.925,3.383,31.644,31.558,9.043,0.0,0.0
256,8.0,4.0,1.0,6.0,8.0,0.0,4861.82,1921.729,54.215,31.795,31.43,9.046,0.0,0.0
257,8.0,4.0,1.0,7.0,9.0,0.0,4634.458,1928.646,59.861,31.91,31.775,9.028,0.0,0.0
258,8.0,4.0,1.0,8.0,10.0,0.0,4972.234,1928.857,-27.371,31.672,31.506,9.04,0.0,0.0
259,8.0,4.0,1.0,9.0,12.0,0.0,5140.33,2042.376,31.492,33.017,32.758,9.239,0.0,0.0
260,9.0,4.0,1.0,0.0,0.0,0.0,5216.593,1678.219,127.51,32.961,32.277,9.418,0.0,0.0
261,9.0,4.0,1.0,1.0,1.0,0.0,5627.697,1872.245,35.711,32.073,31.88,9.065,0.0,0.0
262,9.0,4.0,1.0,2.0,2.0,0.0,5462.633,1931.775,35.591,31.782,31.67,8.995,0.0,0.0
263,9.0,4.0,1.0,3.0,3.0,0.0,5218.258,1999.719,57.212,32.567,32.484,9.137,0.0,0.0
264,0.0,5.0,1.0,0.0,0.0,0.0,75.018,2057.721,40.15,32.144,31.909,9.08,0.0,0.0
265,0.0,5.0,1.0,1.0,1.0,0.0,557.618,2116.876,-40.391,32.356,32.19,9.15,0.0,0.0
267,1.0,5.0,1.0,0.0,1.0,0.0,1052.943,2170.582,-34.359,32.087,31.943,9.076,0.0,0.0
268,1.0,5.0,1.0,1.0,2.0,0.0,651.266,2178.53,40.27,32.371,32.249,9.16,0.0,0.0
269,1.0,5.0,1.0,2.0,3.0,0.0,818.737,2182.567,59.664,32.28,32.241,9.146,0.0,0.0
270,1.0,5.0,1.0,3.0,4.0,0.0,1061.866,2322.518,-39.431,32.007,31.977,9.07,0.0,0.0
271,2.0,5.0,1.0,0.0,0.0,0.0,1279.523,2099.306,83.914,31.714,31.603,9.06,0.0,0.0
273,2.0,5.0,1.0,2.0,2.0,0.0,1491.218,2220.864,-12.976,31.577,31.475,9.022,0.0,0.0
274,2.0,5.0,1.0,3.0,3.0,0.0,1246.475,2229.067,-9.522,31.862,31.711,9.012,0.0,0.0
275,2.0,5.0,1.0,4.0,4.0,0.0,1393.809,2350.502,59.2,31.959,31.732,9.028,0.0,0.0
276,2.0,5.0,1.0,5.0,5.0,0.0,1737.421,2375.531,93.724,32.131,30.684,8.903,0.0,0.0
277,3.0,5.0,1.0,0.0,0.0,0.0,2289.932,2093.075,133.42,32.435,32.282,9.09,0.0,0.0
278,3.0,5.0,1.0,1.0,1.0,0.0,1832.049,2171.921,68.138,31.905,31.564,9.081,0.0,0.0
279,3.0,5.0,1.0,2.0,2.0,0.0,1800.415,2282.48,67.668,31.7,31.63,9.061,0.0,0.0
280,3.0,5.0,1.0,3.0,4.0,0.0,2069.084,2369.933,84.152,32.179,32.151,9.119,0.0,0.0
281,3.0,5.0,1.0,4.0,5.0,0.0,1824.813,2375.194,10.61,32.315,32.279,9.073,0.0,0.0
282,3.0,5.0,1.0,5.0,7.0,0.0,1894.583,2428.636,117.14,32.175,32.076,9.108,0.0,0.0
283,4.0,5.0,1.0,0.0,0.0,0.0,2786.714,2184.02,124.038,32.019,31.89,9.059,0.0,0.0
284,4.0,5.0,1.0,1.0,1.0,0.0,2749.086,2278.906,1.971,31.663,31.525,9.041,0.0,0.0
285,4.0,5.0,1.0,2.0,2.0,0.0,2627.538,2320.564,43.23,31.711,31.6,9.059,0.0,0.0
286,4.0,5.0,1.0,3.0,3.0,0.0,2331.072,2346.565,72.707,32.284,32.234,9.145,0.0,0.0
287,4.0,5.0,1.0,4.0,4.0,0.0,2584.821,2385.346,113.253,32.293,32.245,9.149,0.0,0.0
288,5.0,5.0,1.0,0.0,1.0,0.0,3141.547,2273.334,68.895,31.806,31.693,9.001,0.0,0.0
289,5.0,5.0,1.0,1.0,2.0,0.0,3464.566,2419.389,83.373,32.885,32.008,9.113,0.0,0.0
290,6.0,5.0,1.0,0.0,2.0,0.0,3515.655,2079.376,65.897,32.215,32.066,9.112,0.0,0.0
291,6.0,5.0,1.0,1.0,3.0,0.0,3866.348,2090.05,108.445,31.534,31.496,9.019,0.0,0.0
293,6.0,5.0,1.0,3.0,5.0,0.0,4033.011,2212.894,132.299,32.213,31.993,9.101,0.0,0.0
294,6.0,5.0,1.0,4.0,6.0,0.0,3871.648,2287.728,39.362,30.904,30.719,8.902,0.0,0.0
295,6.0,5.0,1.0,5.0,7.0,0.0,3765.496,2367.894,54.985,32.48,32.311,9.1,0.0,0.0
296,6.0,5.0,1.0,6.0,9.0,0.0,3593.087,2442.514,25.016,32.894,32.766,9.14,0.0,0.0
297,6.0,5.0,1.0,7.0,10.0,0.0,3731.566,2448.952,23.748,31.822,31.656,8.998,0.0,0.0
299,7.0,5.0,1.0,1.0,3.0,0.0,4583.073,2195.584,34.937,32.62,32.53,9.151,0.0,0.0
300,7.0,5.0,1.0,2.0,5.0,0.0,4544.304,2277.323,50.698,32.255,32.176,9.133,0.0,0.0
301,7.0,5.0,1.0,3.0,7.0,0.0,4142.625,2330.754,10.675,32.037,31.957,9.071,0.0,0.0
302,7.0,5.0,1.0,4.0,8.0,0.0,4088.673,2343.807,-1.689,32.386,32.326,9.173,0.0,0.0
303,8.0,5.0,1.0,0.0,1.0,0.0,4950.066,2183.233,61.5,32.315,31.744,9.442,0.0,0.0
304,8.0,5.0,1.0,1.0,2.0,0.0,4678.38,2218.042,128.226,32.293,32.273,9.152,0.0,0.0
305,8.0,5.0,1.0,2.0,3.0,0.0,4639.544,2317.153,100.903,32.054,31.886,9.064,0.0,0.0
306,8.0,5.0,1.0,3.0,4.0,0.0,5130.94,2344.152,-34.446,32.148,32.145,9.114,0.0,0.0
307,8.0,5.0,1.0,4.0,5.0,0.0,4675.235,2372.643,96.565,32.195,32.114,9.116,0.0,0.0
308,8.0,5.0,1.0,5.0,6.0,0.0,4812.999,2423.255,87.022,32.558,32.529,9.142,0.0,0.0
309,9.0,5.0,1.0,0.0,1.0,0.0,5269.467,2253.973,59.875,31.991,31.721,9.031,0.0,0.0
310,9.0,5.0,1.0,1.0,2.0,0.0,5520.762,2304.295,56.103,31.336,31.27,8.958,0.0,0.0
312,0.0,6.0,1.0,0.0,2.0,0.0,372.508,2538.32,85.537,32.628,31.997,9.909,0.0,0.0
313,0.0,6.0,1.0,1.0,3.0,0.0,29.912,2589.318,56.653,32.319,32.092,9.13,0.0,0.0
314,0.0,6.0,1.0,2.0,4.0,0.0,215.233,2629.359,10.174,31.918,31.864,9.041,0.0,0.0
316,0.0,6.0,1.0,4.0,6.0,0.0,585.028,2730.728,93.302,33.237,31.554,9.096,0.0,0.0
317,1.0,6.0,1.0,0.0,0.0,0.0,799.289,2467.502,60.553,32.243,32.105,9.121,0.0,0.0
318,1.0,6.0,1.0,1.0,2.0,0.0,1082.621,2639.834,118.875,32.385,32.256,9.163,0.0,0.0
319,1.0,6.0,1.0,2.0,3.0,0.0,1060.962,2716.86,13.06,31.867,31.777,9.107,0.0,0.0
320,1.0,6.0,1.0,3.0,5.0,0.0,814.595,2854.485,121.948,32.005,31.788,9.043,0.0,0.0
321,2.0,6.0,1.0,0.0,0.0,0.0,1373.795,2601.887,32.264,31.823,31.717,9.007,0.0,0.0
322,2.0,6.0,1.0,1.0,1.0,0.0,1530.736,2679.739,-33.418,31.214,31.154,8.924,0.0,0.0
323,3.0,6.0,1.0,0.0,0.0,0.0,2130.971,2505.039,57.221,31.945,31.907,9.051,0.0,0.0
324,3.0,6.0,1.0,1.0,1.0,0.0,1785.422,2589.179,19.77,32.245,32.038,9.112,0.0,0.0
325,3.0,6.0,1.0,2.0,2.0,0.0,1966.215,2809.49,20.171,32.612,32.578,9.156,0.0,0.0
326,3.0,6.0,1.0,3.0,3.0,0.0,2255.158,2838.123,67.784,32.405,32.184,9.156,0.0,0.0
327,4.0,6.0,1.0,0.0,0.0,0.0,2780.6,2639.434,76.649,32.068,32.004,9.082,0.0,0.0
329,4.0,6.0,1.0,2.0,2.0,0.0,2700.888,2773.745,56.674,31.805,31.6,9.072,0.0,0.0
330,4.0,6.0,1.0,3.0,3.0,0.0,2434.783,2815.493,123.372,32.021,31.979,9.072,0.0,0.0
331,5.0,6.0,1.0,0.0,0.0,0.0,3220.014,2549.782,82.302,31.89,31.793,9.027,0.0,0.0
332,6.0,6.0,1.0,0.0,2.0,0.0,3547.735,2467.928,19.893,32.469,32.371,9.107,0.0,0.0
333,6.0,6.0,1.0,1.0,3.0,0.0,3987.669,2530.921,107.211,31.969,31.788,9.038,0.0,0.0
334,6.0,6.0,1.0,2.0,4.0,0.0,3907.374,2628.447,6.98,31.705,31.664,9.067,0.0,0.0
336,7.0,6.0,1.0,1.0,1.0,0.0,4448.668,2500.602,-1.486,31.873,31.861,9.035,0.0,0.0
337,7.0,6.0,1.0,2.0,2.0,0.0,4304.022,2501.401,62.173,31.604,31.513,9.031,0.0,0.0
338,7.0,6.0,1.0,3.0,3.0,0.0,4589.678,2527.68,16.772,33.331,33.193,9.26,0.0,0.0
339,7.0,6.0,1.0,4.0,4.0,0.0,4482.152,2557.273,80.651,32.138,32.036,9.097,0.0,0.0
340,7.0,6.0,1.0,5.0,5.0,0.0,4150.138,2559.23,28.271,32.251,31.901,9.094,0.0,0.0
341,7.0,6.0,1.0,6.0,6.0,0.0,4312.325,2572.057,96.815,32.002,31.81,9.13,0.0,0.0
342,8.0,6.0,1.0,0.0,0.0,0.0,4779.569,2464.354,90.635,32.082,31.811,9.057,0.0,0.0
343,8.0,6.0,1.0,1.0,1.0,0.0,4906.901,2490.971,119.879,31.93,31.79,9.033,0.0,0.0
344,8.0,6.0,1.0,2.0,2.0,0.0,4814.897,2509.075,42.112,32.426,32.304,9.092,0.0,0.0
346,8.0,6.0,1.0,4.0,4.0,0.0,4690.961,2720.51,24.527,32.195,31.833,9.076,0.0,0.0
347,9.0,6.0,1.0,0.0,0.0,0.0,5657.717,2521.883,97.837,32.035,31.958,9.156,0.0,0.0
348,9.0,6.0,1.0,1.0,1.0,0.0,5395.802,2660.457,116.885,31.544,31.417,9.009,0.0,0.0
349,9.0,6.0,1.0,2.0,2.0,0.0,5246.343,2781.707,125.268,32.446,32.355,9.102,0.0,0.0
350,9.0,6.0,1.0,3.0,3.0,0.0,5556.136,2791.105,-4.608,32.186,32.136,9.118,0.0,0.0
351,0.0,7.0,1.0,0.0,0.0,0.0,79.099,2903.438,85.644,32.064,31.863,9.062,0.0,0.0
352,0.0,7.0,1.0,1.0,1.0,0.0,203.817,2941.653,41.168,32.251,32.136,9.127,0.0,0.0
353,0.0,7.0,1.0,2.0,2.0,0.0,512.772,2942.127,64.338,31.933,31.867,9.044,0.0,0.0
354,0.0,7.0,1.0,3.0,3.0,0.0,258.232,3019.535,9.609,32.198,31.461,9.026,0.0,0.0
355,0.0,7.0,1.0,4.0,4.0,0.0,39.927,3256.372,75.379,32.415,32.225,9.079,0.0,0.0
356,1.0,7.0,1.0,0.0,2.0,0.0,791.904,3134.846,100.808,31.97,31.864,9.802,0.0,0.0
357,1.0,7.0,1.0,1.0,2.0,0.0,799.962,3107.754,94.741,31.985,31.894,9.809,0.0,0.0
358,2.0,7.0,1.0,0.0,0.0,0.0,1217.653,2953.787,77.936,32.632,32.504,9.149,0.0,0.0
359,2.0,7.0,1.0,1.0,1.0,0.0,1180.572,3087.991,78.767,31.857,31.822,9.027,0.0,0.0
362,2.0,7.0,1.0,4.0,3.0,0.0,1621.326,3231.628,47.604,32.062,31.769,9.048,0.0,0.0
363,3.0,7.0,1.0,0.0,0.0,0.0,2093.645,3195.89,83.475,32.187,32.095,9.112,0.0,0.0
364,3.0,7.0,1.0,1.0,1.0,0.0,1830.784,3234.614,-10.909,32.798,32.679,9.197,0.0,0.0
365,3.0,7.0,1.0,2.0,2.0,0.0,1955.079,3272.032,13.897,32.323,32.276,9.073,0.0,0.0
366,4.0,7.0,1.0,0.0,0.0,0.0,2432.027,2879.519,60.313,31.945,31.711,9.023,0.0,0.0
367,4.0,7.0,1.0,1.0,1.0,0.0,2855.423,2883.52,86.571,31.734,31.617,9.064,0.0,0.0
368,4.0,7.0,1.0,2.0,2.0,0.0,2666.385,3100.853,77.026,31.69,31.638,8.977,0.0,0.0
369,4.0,7.0,1.0,3.0,3.0,0.0,2800.483,3141.326,-4.402,32.204,32.18,9.127,0.0,0.0
370,4.0,7.0,1.0,4.0,4.0,0.0,2588.448,3242.225,77.123,32.378,32.205,9.154,0.0,0.0
371,5.0,7.0,1.0,0.0,0.0,0.0,2961.607,2886.577,58.612,32.648,32.303,9.123,0.0,0.0
372,5.0,7.0,1.0,1.0,1.0,0.0,3104.769,2964.505,103.593,31.504,31.376,8.997,0.0,0.0
373,5.0,7.0,1.0,2.0,2.0,0.0,2999.278,2969.649,125.026,31.865,31.821,9.028,0.0,0.0
374,5.0,7.0,1.0,3.0,3.0,0.0,3136.582,3003.405,17.621,32.114,31.935,9.079,0.0,0.0
375,5.0,7.0,1.0,4.0,4.0,0.0,3072.064,3160.922,40.676,32.029,31.944,9.068,0.0,0.0
376,5.0,7.0,1.0,5.0,5.0,0.0,3373.863,3178.034,-23.699,32.218,32.121,9.12,0.0,0.0
378,6.0,7.0,1.0,0.0,0.0,0.0,4035.396,2954.286,75.683,32.56,32.361,9.119,0.0,0.0
379,6.0,7.0,1.0,1.0,1.0,0.0,3531.556,3060.798,32.548,32.168,32.077,9.107,0.0,0.0
380,7.0,7.0,1.0,0.0,0.0,0.0,4334.263,2920.613,41.115,32.991,32.82,9.244,0.0,0.0
381,7.0,7.0,1.0,1.0,2.0,0.0,4340.553,2959.145,41.3,31.712,31.539,9.05,0.0,0.0
382,7.0,7.0,1.0,2.0,3.0,0.0,4465.858,3101.279,129.167,31.475,31.411,8.998,0.0,0.0
383,8.0,7.0,1.0,0.0,0.0,0.0,4710.702,2964.72,-30.653,31.961,31.951,9.06,0.0,0.0
384,8.0,7.0,1.0,1.0,1.0,0.0,4994.58,2997.865,-17.873,31.805,31.718,9.005,0.0,0.0
385,9.0,7.0,1.0,0.0,0.0,0.0,5522.546,2932.747,-8.757,31.843,31.764,9.017,0.0,0.0
386,9.0,7.0,1.0,1.0,1.0,0.0,5223.67,2983.917,30.836,32.248,32.019,9.11,0.0,0.0
387,9.0,7.0,1.0,2.0,2.0,0.0,5309.716,2985.435,61.264,32.736,31.754,9.683,0.0,0.0
388,9.0,7.0,1.0,3.0,3.0,0.0,5390.113,2999.164,100.46,31.73,31.706,9.077,0.0,0.0
389,9.0,7.0,1.0,4.0,4.0,0.0,5620.287,3136.757,-6.889,31.736,31.563,9.057,0.0,0.0
390,9.0,7.0,1.0,5.0,6.0,0.0,5428.065,3260.793,54.471,32.73,32.609,9.177,0.0,0.0
391,0.0,8.0,1.0,0.0,1.0,0.0,196.447,3297.894,26.519,32.129,31.921,9.079,0.0,0.0
392,0.0,8.0,1.0,1.0,3.0,0.0,39.554,3622.784,-24.802,32.559,32.486,9.136,0.0,0.0
393,0.0,8.0,1.0,2.0,4.0,0.0,156.882,3637.452,-13.228,32.57,32.446,9.132,0.0,0.0
394,0.0,8.0,1.0,3.0,5.0,0.0,571.259,3681.845,-1.817,32.734,30.468,8.875,0.0,0.0
395,1.0,8.0,1.0,0.0,0.0,0.0,863.028,3410.865,77.673,32.164,32.108,9.111,0.0,0.0
396,1.0,8.0,1.0,1.0,1.0,0.0,1065.785,3414.242,6.683,31.938,31.792,9.034,0.0,0.0
397,1.0,8.0,1.0,2.0,2.0,0.0,708.45,3438.267,21.826,31.996,31.778,9.04,0.0,0.0
398,1.0,8.0,1.0,3.0,3.0,0.0,1040.716,3443.037,130.802,32.08,31.926,9.073,0.0,0.0
399,1.0,8.0,1.0,4.0,4.0,0.0,1028.329,3552.712,128.988,31.602,31.532,9.033,0.0,0.0
400,1.0,8.0,1.0,5.0,5.0,0.0,684.397,3557.448,-43.446,31.691,31.609,9.057,0.0,0.0
402,1.0,8.0,1.0,7.0,7.0,0.0,781.666,3635.531,84.732,32.613,32.51,9.147,0.0,0.0
403,2.0,8.0,1.0,0.0,1.0,0.0,1259.337,3282.384,90.284,32.174,31.894,9.082,0.0,0.0
404,2.0,8.0,1.0,1.0,2.0,0.0,1403.534,3330.74,96.935,31.678,31.602,9.054,0.0,0.0
405,2.0,8.0,1.0,2.0,3.0,0.0,1654.683,3356.175,86.312,32.339,32.163,9.06,0.0,0.0
406,2.0,8.0,1.0,3.0,4.0,0.0,1531.362,3388.159,-13.947,31.813,31.759,9.096,0.0,0.0
407,2.0,8.0,1.0,4.0,5.0,0.0,1248.911,3497.538,23.733,32.163,32.059,9.104,0.0,0.0
408,2.0,8.0,1.0,5.0,6.0,0.0,1518.626,3514.205,134.46,31.707,31.666,8.983,0.0,0.0
409,2.0,8.0,1.0,6.0,7.0,0.0,1515.678,3550.642,53.346,31.289,31.237,8.946,0.0,0.0
410,2.0,8.0,1.0,7.0,8.0,0.0,1548.652,3624.661,53.209,33.085,32.913,9.27,0.0,0.0
411,3.0,8.0,1.0,0.0,1.0,0.0,2092.571,3313.2,76.058,31.714,31.359,9.025,0.0,0.0
412,3.0,8.0,1.0,1.0,2.0,0.0,2024.843,3350.129,80.81,31.716,31.588,9.057,0.0,0.0
413,3.0,8.0,1.0,2.0,3.0,0.0,2312.711,3558.125,94.332,32.128,31.427,9.008,0.0,0.0
414,4.0,8.0,1.0,0.0,0.0,0.0,2669.384,3300.618,101.971,31.956,31.857,9.046,0.0,0.0
415,4.0,8.0,1.0,1.0,1.0,0.0,2811.94,3311.366,81.768,32.389,32.235,9.16,0.0,0.0
416,4.0,8.0,1.0,2.0,3.0,0.0,2342.271,3403.17,14.21,31.891,31.629,9.089,0.0,0.0
417,4.0,8.0,1.0,3.0,4.0,0.0,2411.178,3507.13,77.037,32.734,32.642,9.183,0.0,0.0
418,4.0,8.0,1.0,4.0,7.0,0.0,2646.293,3597.494,76.927,31.858,31.77,9.019,0.0,0.0
419,5.0,8.0,1.0,0.0,1.0,0.0,2908.533,3321.03,34.823,32.699,32.639,9.177,0.0,0.0
420,5.0,8.0,1.0,1.0,2.0,0.0,2922.504,3357.986,48.706,32.532,32.365,9.115,0.0,0.0
421,5.0,8.0,1.0,2.0,3.0,0.0,3126.656,3446.732,111.517,31.875,31.716,9.099,0.0,0.0
422,5.0,8.0,1.0,3.0,4.0,0.0,3211.51,3482.799,-39.248,31.809,31.703,9.003,0.0,0.0
423,5.0,8.0,1.0,4.0,5.0,0.0,3343.065,3513.768,57.779,31.591,31.457,9.021,0.0,0.0
424,5.0,8.0,1.0,5.0,6.0,0.0,2906.702,3550.268,5.466,31.96,31.802,9.039,0.0,0.0
426,6.0,8.0,1.0,0.0,0.0,0.0,3472.924,3315.297,40.823,32.06,31.954,9.074,0.0,0.0
427,6.0,8.0,1.0,1.0,1.0,0.0,3694.372,3560.034,89.767,32.302,32.158,9.137,0.0,0.0
428,6.0,8.0,1.0,2.0,2.0,0.0,3662.288,3574.391,17.743,31.801,31.615,9.074,0.0,0.0
429,6.0,8.0,1.0,3.0,3.0,0.0,3977.255,3605.863,30.623,32.558,32.28,9.107,0.0,0.0
430,6.0,8.0,1.0,4.0,4.0,0.0,3990.904,3681.685,-1.673,33.376,30.895,9.029,0.0,0.0
431,7.0,8.0,1.0,0.0,0.0,0.0,4458.884,3392.539,-42.293,31.781,31.629,9.073,0.0,0.0
432,7.0,8.0,1.0,1.0,1.0,0.0,4576.024,3490.281,91.254,32.153,32.036,9.099,0.0,0.0
433,7.0,8.0,1.0,2.0,2.0,0.0,4351.78,3532.152,35.153,31.89,31.672,9.01,0.0,0.0
434,7.0,8.0,1.0,3.0,3.0,0.0,4344.794,3616.929,118.989,32.799,32.714,9.119,0.0,0.0
435,8.0,8.0,1.0,0.0,0.0,0.0,4983.509,3352.462,103.04,32.199,32.015,9.102,0.0,0.0
436,8.0,8.0,1.0,1.0,1.0,0.0,5065.246,3436.059,46.256,32.38,32.312,9.086,0.0,0.0
437,8.0,8.0,1.0,2.0,2.0,0.0,4934.555,3509.061,87.161,31.763,31.546,9.058,0.0,0.0
438,9.0,8.0,1.0,0.0,1.0,0.0,5610.817,3296.463,70.051,32.047,31.875,9.061,0.0,0.0
439,9.0,8.0,1.0,1.0,2.0,0.0,5401.123,3309.257,59.857,31.865,31.72,9.013,0.0,0.0
440,9.0,8.0,1.0,2.0,3.0,0.0,5711.16,3375.402,103.812,32.661,32.151,9.448,0.0,0.0
441,9.0,8.0,1.0,3.0,3.0,0.0,5716.39,3344.018,-27.643,32.466,32.37,9.552,0.0,0.0
442,9.0,8.0,1.0,4.0,4.0,0.0,5567.03,3361.757,-39.25,32.111,31.858,9.068,0.0,0.0
443,9.0,8.0,1.0,5.0,5.0,0.0,5349.61,3478.143,64.263,31.965,31.913,9.055,0.0,0.0
447,9.0,8.0,1.0,9.0,8.0,0.0,5686.655,3624.719,12.151,32.235,31.6,9.049,0.0,0.0
448,0.0,9.0,1.0,0.0,1.0,0.0,498.944,4026.347,4.602,32.458,32.348,9.103,0.0,0.0
449,0.0,9.0,1.0,1.0,3.0,0.0,435.243,4083.823,54.234,32.494,32.104,8.993,0.0,0.0
450,1.0,9.0,1.0,0.0,1.0,0.0,648.623,3779.782,60.655,32.444,32.202,9.164,0.0,0.0
451,1.0,9.0,1.0,1.0,2.0,0.0,1086.175,4010.261,23.782,32.164,31.929,9.085,0.0,0.0
452,1.0,9.0,1.0,2.0,3.0,0.0,597.205,4039.006,43.577,32.376,32.274,9.164,0.0,0.0
453,2.0,9.0,1.0,0.0,0.0,0.0,1526.343,3739.412,85.74,32.044,32.032,9.083,0.0,0.0
454,2.0,9.0,1.0,1.0,1.0,0.0,1197.815,3806.145,95.764,31.947,31.773,9.032,0.0,0.0
456,2.0,9.0,1.0,3.0,3.0,0.0,1254.74,3860.013,41.071,31.746,31.609,8.981,0.0,0.0
457,2.0,9.0,1.0,4.0,4.0,0.0,1358.429,4025.44,112.252,32.341,32.199,9.149,0.0,0.0
458,2.0,9.0,1.0,5.0,5.0,0.0,1192.026,4037.963,89.952,32.031,31.995,9.076,0.0,0.0
459,2.0,9.0,1.0,6.0,6.0,0.0,1290.916,4060.154,-40.474,32.664,32.595,9.166,0.0,0.0
460,2.0,9.0,1.0,7.0,7.0,0.0,1662.665,4069.237,58.947,32.369,32.158,9.147,0.0,0.0
461,3.0,9.0,1.0,0.0,0.0,0.0,1850.952,3774.952,100.254,31.962,31.848,9.045,0.0,0.0
462,3.0,9.0,1.0,1.0,1.0,0.0,1950.115,3810.589,68.485,32.247,32.105,9.122,0.0,0.0
463,3.0,9.0,1.0,2.0,2.0,0.0,1789.382,3856.164,-24.363,32.721,31.728,8.975,0.0,0.0
464,3.0,9.0,1.0,3.0,3.0,0.0,2056.276,3859.869,89.179,31.362,31.352,8.973,0.0,0.0
465,3.0,9.0,1.0,4.0,4.0,0.0,2115.776,4073.53,-41.108,32.032,31.995,9.076,0.0,0.0
466,4.0,9.0,1.0,0.0,0.0,0.0,2750.501,3770.232,48.892,31.785,31.703,9.0,0.0,0.0
467,4.0,9.0,1.0,1.0,1.0,0.0,2427.802,3827.985,88.606,31.933,31.793,9.033,0.0,0.0
468,4.0,9.0,1.0,2.0,2.0,0.0,2368.974,3887.784,49.967,31.651,31.562,8.961,0.0,0.0
469,4.0,9.0,1.0,3.0,3.0,0.0,2688.249,3921.415,-30.216,31.534,31.442,9.011,0.0,0.0
470,4.0,9.0,1.0,4.0,4.0,0.0,2709.18,3967.273,7.698,31.954,31.872,9.047,0.0,0.0
471,4.0,9.0,1.0,5.0,5.0,0.0,2815.176,4080.338,45.329,32.606,32.496,9.144,0.0,0.0
472,5.0,9.0,1.0,0.0,0.0,0.0,2942.564,3696.111,31.958,32.37,32.268,9.079,0.0,0.0
473,5.0,9.0,1.0,1.0,1.0,0.0,3240.723,3739.108,-35.302,31.715,31.625,9.063,0.0,0.0
474,5.0,9.0,1.0,2.0,2.0,0.0,3072.496,3752.644,50.255,31.914,31.819,9.034,0.0,0.0
476,5.0,9.0,1.0,4.0,4.0,0.0,3190.117,3904.277,101.659,31.54,31.327,8.995,0.0,0.0
477,5.0,9.0,1.0,5.0,5.0,0.0,3058.294,4058.552,78.809,32.076,31.94,9.074,0.0,0.0
479,6.0,9.0,1.0,0.0,1.0,0.0,3746.315,3696.86,110.944,31.963,31.625,9.014,0.0,0.0
480,6.0,9.0,1.0,1.0,2.0,0.0,3674.976,3750.631,62.582,32.166,32.035,9.101,0.0,0.0
481,6.0,9.0,1.0,2.0,4.0,0.0,3634.619,3783.484,66.215,32.176,32.035,9.102,0.0,0.0
482,6.0,9.0,1.0,3.0,5.0,0.0,3811.4,3808.516,11.15,32.054,31.952,9.073,0.0,0.0
483,6.0,9.0,1.0,4.0,6.0,0.0,3578.804,3842.05,81.532,31.432,31.359,8.984,0.0,0.0
484,6.0,9.0,1.0,5.0,7.0,0.0,3554.018,3916.567,21.154,32.166,31.995,9.095,0.0,0.0
485,6.0,9.0,1.0,6.0,9.0,0.0,3987.995,3963.701,24.972,32.871,32.602,9.196,0.0,0.0
486,7.0,9.0,1.0,0.0,0.0,0.0,4082.655,3746.836,86.805,32.405,32.29,9.087,0.0,0.0
487,7.0,9.0,1.0,1.0,1.0,0.0,4364.536,3765.05,52.71,32.125,31.922,9.079,0.0,0.0
488,7.0,9.0,1.0,2.0,2.0,0.0,4223.742,3782.804,5.99,31.615,31.383,9.014,0.0,0.0
489,7.0,9.0,1.0,3.0,3.0,0.0,4051.762,3945.866,10.899,32.229,32.073,9.115,0.0,0.0
490,7.0,9.0,1.0,4.0,4.0,0.0,4292.544,3994.721,24.998,31.911,31.627,9.092,0.0,0.0
491,7.0,9.0,1.0,5.0,5.0,0.0,4511.716,4057.433,45.263,32.653,32.337,9.129,0.0,0.0
492,8.0,9.0,1.0,0.0,0.0,0.0,4789.367,3856.907,70.764,31.963,31.787,9.037,0.0,0.0
493,8.0,9.0,1.0,1.0,1.0,0.0,5185.058,3888.052,28.952,32.72,32.527,9.164,0.0,0.0
494,8.0,9.0,1.0,2.0,2.0,0.0,4860.123,3963.468,45.032,31.85,31.66,9.003,0.0,0.0
495,8.0,9.0,1.0,3.0,3.0,0.0,4821.677,4026.362,88.167,32.235,32.063,9.031,0.0,0.0
496,8.0,9.0,1.0,4.0,4.0,0.0,4772.869,4058.818,103.055,32.121,31.98,9.086,0.0,0.0
497,8.0,9.0,1.0,5.0,5.0,0.0,4983.11,4064.658,10.812,32.141,31.969,9.088,0.0,0.0
498,8.0,9.0,1.0,6.0,6.0,0.0,4841.093,4065.358,-36.804,32.141,31.916,9.08,0.0,0.0
499,9.0,9.0,1.0,0.0,0.0,0.0,5318.773,3702.762,-35.101,31.877,31.82,9.029,0.0,0.0
500,9.0,9.0,1.0,1.0,1.0,0.0,5677.502,3806.184,90.096,32.28,32.199,9.14,0.0,0.0
501,9.0,9.0,1.0,2.0,2.0,0.0,5447.565,3859.357,55.39,31.615,31.47,9.026,0.0,0.0
502,9.0,9.0,1.0,3.0,4.0,0.0,5334.249,3917.285,56.207,31.679,31.609,8.971,0.0,0.0
503,9.0,9.0,1.0,4.0,5.0,0.0,5389.798,3918.849,94.827,32.027,31.943,9.068,0.0,0.0
504,9.0,9.0,1.0,5.0,6.0,0.0,5542.613,3982.801,-6.487,31.888,31.737,9.019,0.0,0.0
505,0.0,10.0,1.0,0.0,1.0,0.0,437.363,4138.436,102.871,32.335,32.133,9.138,0.0,0.0
506,0.0,10.0,1.0,1.0,2.0,0.0,571.438,4371.641,29.316,32.721,32.648,9.182,0.0,0.0
507,0.0,10.0,1.0,2.0,3.0,0.0,373.109,4388.729,86.984,31.555,31.389,9.006,0.0,0.0
508,1.0,10.0,1.0,0.0,0.0,0.0,617.4,4228.119,35.301,32.235,32.054,9.113,0.0,0.0
510,2.0,10.0,1.0,0.0,2.0,0.0,1389.931,4140.849,49.501,32.08,32.009,9.085,0.0,0.0
511,2.0,10.0,1.0,1.0,3.0,0.0,1223.365,4165.359,0.69,32.179,32.022,9.101,0.0,0.0
512,2.0,10.0,1.0,2.0,4.0,0.0,1683.022,4349.662,88.241,32.491,32.433,9.119,0.0,0.0
514,3.0,10.0,1.0,1.0,2.0,0.0,2005.15,4182.619,3.234,31.923,31.84,9.039,0.0,0.0
515,3.0,10.0,1.0,2.0,3.0,0.0,1944.363,4214.784,-24.227,32.46,32.216,9.622,0.0,0.0
516,3.0,10.0,1.0,3.0,4.0,0.0,2260.336,4262.429,19.149,32.184,32.084,9.11,0.0,0.0
517,3.0,10.0,1.0,4.0,5.0,0.0,1911.444,4287.411,62.319,32.027,31.944,9.068,0.0,0.0
518,3.0,10.0,1.0,5.0,6.0,0.0,2131.363,4306.145,52.429,31.5,31.267,8.981,0.0,0.0
519,4.0,10.0,1.0,0.0,1.0,0.0,2415.826,4289.865,51.386,31.76,31.732,9.0,0.0,0.0
520,4.0,10.0,1.0,1.0,2.0,0.0,2884.117,4410.649,-27.989,32.663,32.533,9.075,0.0,0.0
521,5.0,10.0,1.0,0.0,2.0,0.0,3011.763,4263.341,25.992,32.2,32.127,9.119,0.0,0.0
522,5.0,10.0,1.0,1.0,3.0,0.0,3097.746,4300.2,18.862,31.876,31.758,9.02,0.0,0.0
523,5.0,10.0,1.0,2.0,5.0,0.0,3316.245,4487.607,120.159,32.407,32.275,9.085,0.0,0.0
524,5.0,10.0,1.0,3.0,6.0,0.0,3240.017,4490.467,116.588,32.829,32.768,9.214,0.0,0.0
525,6.0,10.0,1.0,0.0,0.0,0.0,3954.134,4131.31,109.775,32.297,32.169,9.138,0.0,0.0
527,6.0,10.0,1.0,2.0,3.0,0.0,3796.105,4376.484,26.697,31.864,31.616,8.998,0.0,0.0
528,6.0,10.0,1.0,3.0,4.0,0.0,3896.553,4471.188,15.698,32.145,31.977,9.09,0.0,0.0
529,7.0,10.0,1.0,0.0,0.0,0.0,4055.151,4153.263,65.136,32.058,31.958,9.074,0.0,0.0
530,7.0,10.0,1.0,1.0,1.0,0.0,4266.192,4191.23,65.674,32.42,32.237,9.165,0.0,0.0
531,7.0,10.0,1.0,2.0,2.0,0.0,4128.13,4281.247,17.339,31.881,31.77,9.108,0.0,0.0
532,7.0,10.0,1.0,3.0,3.0,0.0,4177.112,4336.858,100.412,31.538,31.416,9.008,0.0,0.0
533,7.0,10.0,1.0,4.0,4.0,0.0,4536.331,4365.663,129.601,32.143,32.061,9.101,0.0,0.0
534,8.0,10.0,1.0,0.0,0.0,0.0,4805.328,4224.052,68.103,32.154,32.02,9.097,0.0,0.0
535,8.0,10.0,1.0,1.0,1.0,0.0,4845.182,4268.727,-22.262,32.124,31.867,9.071,0.0,0.0
536,8.0,10.0,1.0,2.0,2.0,0.0,5116.015,4293.934,-3.45,32.143,31.951,9.086,0.0,0.0
537,8.0,10.0,1.0,3.0,3.0,0.0,4672.704,4363.677,0.707,32.519,32.418,9.121,0.0,0.0
538,8.0,10.0,1.0,4.0,4.0,0.0,5189.252,4438.325,6.709,32.372,32.135,9.144,0.0,0.0
539,8.0,10.0,1.0,5.0,5.0,0.0,4706.289,4443.563,16.757,32.421,32.315,9.093,0.0,0.0
540,9.0,10.0,1.0,0.0,1.0,0.0,5455.69,4135.221,81.266,32.028,31.886,9.06,0.0,0.0
541,9.0,10.0,1.0,1.0,2.0,0.0,5672.503,4189.671,33.031,32.614,32.574,9.156,0.0,0.0
542,9.0,10.0,1.0,2.0,3.0,0.0,5445.972,4337.567,-6.493,31.518,31.423,9.006,0.0,0.0
543,9.0,10.0,1.0,3.0,4.0,0.0,5281.293,4344.192,50.335,31.947,31.867,9.046,0.0,0.0
544,9.0,10.0,1.0,4.0,5.0,0.0,5406.49,4391.865,-13.57,32.75,32.561,9.174,0.0,0.0
545,9.0,10.0,1.0,5.0,7.0,0.0,5610.472,4438.334,64.79,32.139,32.06,9.1,0.0,0.0
546,9.0,10.0,1.0,6.0,8.0,0.0,5535.859,4442.153,13.72,31.683,31.458,9.035,0.0,0.0
547,9.0,10.0,1.0,7.0,9.0,0.0,5316.98,4499.66,-1.052,33.595,27.45,8.636,0.0,0.0
548,0.0,11.0,1.0,0.0,0.0,0.0,197.432,4687.975,103.368,31.713,31.602,9.059,0.0,0.0
549,0.0,11.0,1.0,1.0,1.0,0.0,88.0,4814.033,15.665,32.234,32.15,9.127,0.0,0.0
550,1.0,11.0,1.0,0.0,0.0,0.0,970.848,4619.083,-9.001,31.99,31.816,9.045,0.0,0.0
551,1.0,11.0,1.0,1.0,1.0,0.0,994.151,4685.607,20.516,31.455,31.324,8.983,0.0,0.0
552,1.0,11.0,1.0,2.0,2.0,0.0,866.816,4831.239,29.157,32.193,32.065,9.109,0.0,0.0
553,2.0,11.0,1.0,0.0,0.0,0.0,1563.086,4869.189,69.713,32.298,32.086,9.043,0.0,0.0
554,3.0,11.0,1.0,0.0,0.0,0.0,2253.254,4509.7,77.199,32.201,32.133,9.119,0.0,0.0
555,3.0,11.0,1.0,1.0,2.0,0.0,1911.592,4634.895,47.708,31.972,31.788,9.038,0.0,0.0
556,3.0,11.0,1.0,2.0,3.0,0.0,2316.016,4852.461,92.599,34.49,27.023,8.596,0.0,0.0
557,3.0,11.0,1.0,3.0,4.0,0.0,2059.052,4891.731,41.394,32.122,32.009,9.091,0.0,0.0
558,4.0,11.0,1.0,0.0,1.0,0.0,2500.497,4577.406,85.85,31.861,31.693,9.093,0.0,0.0
559,4.0,11.0,1.0,1.0,2.0,0.0,2326.084,4602.279,16.385,32.445,32.349,9.101,0.0,0.0
560,4.0,11.0,1.0,2.0,3.0,0.0,2867.241,4635.153,60.19,32.102,32.004,9.087,0.0,0.0
561,4.0,11.0,1.0,3.0,4.0,0.0,2477.973,4709.482,-35.619,31.969,31.909,9.055,0.0,0.0
562,4.0,11.0,1.0,4.0,5.0,0.0,2375.135,4812.01,-17.697,32.343,32.179,9.146,0.0,0.0
563,4.0,11.0,1.0,5.0,6.0,0.0,2870.099,4825.58,48.503,32.809,32.651,9.194,0.0,0.0
564,5.0,11.0,1.0,0.0,3.0,0.0,2975.335,4584.757,46.11,32.01,31.925,9.063,0.0,0.0
565,5.0,11.0,1.0,1.0,4.0,0.0,3133.157,4599.95,36.121,31.953,31.871,9.047,0.0,0.0
566,5.0,11.0,1.0,2.0,6.0,0.0,3374.645,4678.974,82.425,32.02,31.839,9.052,0.0,0.0
567,5.0,11.0,1.0,3.0,8.0,0.0,3033.949,4857.266,72.128,32.239,32.097,9.12,0.0,0.0
568,5.0,11.0,1.0,4.0,9.0,0.0,3079.026,4899.283,86.719,32.143,31.976,9.089,0.0,0.0
570,6.0,11.0,1.0,1.0,1.0,0.0,3579.108,4681.495,85.529,32.067,31.88,9.065,0.0,0.0
571,6.0,11.0,1.0,2.0,2.0,0.0,3862.262,4730.558,81.428,31.748,31.476,8.962,0.0,0.0
572,6.0,11.0,1.0,3.0,3.0,0.0,3677.884,4774.9,16.876,31.983,31.841,9.047,0.0,0.0
573,6.0,11.0,1.0,4.0,4.0,0.0,3917.885,4806.417,-4.533,31.909,31.887,9.043,0.0,0.0
574,6.0,11.0,1.0,5.0,5.0,0.0,3653.918,4860.036,109.687,31.879,31.776,9.023,0.0,0.0
577,7.0,11.0,1.0,2.0,2.0,0.0,4149.231,4634.639,106.989,31.973,31.907,9.055,0.0,0.0
578,7.0,11.0,1.0,3.0,3.0,0.0,4461.792,4636.979,25.784,32.449,32.416,9.111,0.0,0.0
579,7.0,11.0,1.0,4.0,4.0,0.0,4471.75,4676.391,111.676,31.91,31.218,8.948,0.0,0.0
580,7.0,11.0,1.0,5.0,5.0,0.0,4490.792,4781.333,120.498,32.253,32.231,9.141,0.0,0.0
581,8.0,11.0,1.0,0.0,0.0,0.0,4981.345,4578.734,-22.739,31.927,31.705,9.02,0.0,0.0
582,8.0,11.0,1.0,1.0,1.0,0.0,4720.271,4651.333,1.43,31.589,31.394,9.012,0.0,0.0
583,8.0,11.0,1.0,2.0,2.0,0.0,5148.813,4658.337,-15.879,31.759,31.69,8.994,0.0,0.0
584,8.0,11.0,1.0,3.0,3.0,0.0,4869.125,4671.345,96.017,32.129,32.06,9.099,0.0,0.0
587,8.0,11.0,1.0,6.0,6.0,0.0,5043.74,4826.753,52.562,32.062,31.819,9.055,0.0,0.0
588,9.0,11.0,1.0,0.0,1.0,0.0,5448.045,4528.033,72.881,31.767,31.687,9.079,0.0,0.0
589,9.0,11.0,1.0,1.0,2.0,0.0,5536.791,4554.806,114.827,32.717,32.153,9.555,0.0,0.0
590,9.0,11.0,1.0,2.0,3.0,0.0,5268.616,4549.338,36.279,31.98,31.844,9.047,0.0,0.0
591,9.0,11.0,1.0,3.0,5.0,0.0,5753.3,4770.461,-40.293,32.233,32.087,9.118,0.0,0.0
592,0.0,12.0,1.0,0.0,0.0,0.0,125.981,4956.363,69.335,32.238,32.158,9.128,0.0,0.0
593,0.0,12.0,1.0,1.0,1.0,0.0,420.907,5065.974,26.821,31.61,31.474,9.026,0.0,0.0
594,0.0,12.0,1.0,2.0,2.0,0.0,433.334,5124.838,-26.13,31.524,31.264,8.9,0.0,0.0
595,0.0,12.0,1.0,3.0,3.0,0.0,446.16,5273.999,30.836,32.548,32.417,9.125,0.0,0.0
596,0.0,12.0,1.0,4.0,4.0,0.0,145.555,5294.085,91.606,32.477,32.433,9.117,0.0,0.0
597,0.0,12.0,1.0,5.0,5.0,0.0,400.378,5297.124,14.265,32.279,32.152,9.133,0.0,0.0
598,1.0,12.0,1.0,0.0,0.0,0.0,752.397,4977.798,57.895,31.847,31.78,9.019,0.0,0.0
599,1.0,12.0,1.0,1.0,1.0,0.0,982.036,5000.622,99.185,32.43,32.143,9.07,0.0,0.0
600,1.0,12.0,1.0,2.0,2.0,0.0,925.41,5007.978,111.012,31.939,31.9,9.049,0.0,0.0
603,1.0,12.0,1.0,5.0,4.0,0.0,995.198,5074.691,131.17,31.685,31.62,9.058,0.0,0.0
604,1.0,12.0,1.0,6.0,5.0,0.0,995.692,5154.515,40.091,31.621,31.516,9.034,0.0,0.0
605,1.0,12.0,1.0,7.0,6.0,0.0,742.459,5200.522,66.593,32.348,32.209,9.151,0.0,0.0
606,1.0,12.0,1.0,8.0,7.0,0.0,1161.521,5304.975,91.743,33.439,31.122,8.983,0.0,0.0
607,2.0,12.0,1.0,0.0,0.0,0.0,1397.177,5145.068,32.858,32.06,31.843,9.059,0.0,0.0
608,2.0,12.0,1.0,1.0,1.0,0.0,1399.353,5186.946,83.106,32.233,32.02,9.108,0.0,0.0
609,2.0,12.0,1.0,2.0,2.0,0.0,1257.89,5251.104,13.305,31.819,31.752,9.011,0.0,0.0
610,2.0,12.0,1.0,3.0,3.0,0.0,1431.807,5280.906,106.047,31.969,31.928,9.058,0.0,0.0
611,2.0,12.0,1.0,4.0,4.0,0.0,1594.234,5288.161,3.791,32.238,32.161,9.129,0.0,0.0
612,3.0,12.0,1.0,0.0,1.0,0.0,1835.462,4926.036,-20.2,32.313,32.28,9.156,0.0,0.0
613,3.0,12.0,1.0,1.0,3.0,0.0,1955.748,4988.58,30.817,31.673,31.536,9.044,0.0,0.0
615,3.0,12.0,1.0,3.0,5.0,0.0,1800.146,5195.756,69.402,32.871,32.682,9.207,0.0,0.0
616,3.0,12.0,1.0,4.0,6.0,0.0,2127.599,5264.564,99.179,31.848,31.778,9.104,0.0,0.0
617,4.0,12.0,1.0,0.0,0.0,0.0,2337.435,4957.897,34.263,31.878,31.765,9.022,0.0,0.0
618,4.0,12.0,1.0,1.0,1.0,0.0,2443.253,5284.087,-8.622,32.645,32.301,9.041,0.0,0.0
619,5.0,12.0,1.0,0.0,1.0,0.0,3211.068,4928.181,-41.693,32.071,31.968,9.078,0.0,0.0
620,5.0,12.0,1.0,1.0,3.0,0.0,3211.168,4981.571,99.142,32.495,32.254,9.095,0.0,0.0
621,6.0,12.0,1.0,0.0,0.0,0.0,3486.747,4952.866,53.948,31.895,31.748,9.022,0.0,0.0
622,6.0,12.0,1.0,1.0,1.0,0.0,3822.084,5045.925,33.696,31.581,31.53,9.03,0.0,0.0
624,6.0,12.0,1.0,3.0,3.0,0.0,3604.632,5301.718,12.089,32.194,31.79,9.07,0.0,0.0
625,8.0,12.0,1.0,0.0,0.0,0.0,4987.603,4974.982,-41.212,31.882,31.697,9.097,0.0,0.0
626,8.0,12.0,1.0,1.0,1.0,0.0,4835.43,4983.088,40.771,31.754,31.597,8.98,0.0,0.0
627,8.0,12.0,1.0,2.0,2.0,0.0,5038.901,5071.053,-14.991,32.088,31.731,9.046,0.0,0.0
628,8.0,12.0,1.0,3.0,4.0,0.0,4741.728,5197.951,33.943,32.066,31.982,9.079,0.0,0.0
629,8.0,12.0,1.0,4.0,5.0,0.0,4959.842,5236.775,64.638,31.546,31.429,9.011,0.0,0.0
630,8.0,12.0,1.0,5.0,6.0,0.0,4887.154,5251.062,3.291,32.33,32.122,9.137,0.0,0.0
631,9.0,12.0,1.0,0.0,0.0,0.0,5411.073,4998.991,72.374,31.966,31.775,9.035,0.0,0.0
632,9.0,12.0,1.0,1.0,1.0,0.0,5257.248,5019.479,-33.041,32.296,32.075,9.041,0.0,0.0
633,9.0,12.0,1.0,2.0,3.0,0.0,5664.721,5227.265,35.001,32.049,31.812,9.053,0.0,0.0
634,9.0,12.0,1.0,3.0,4.0,0.0,5460.449,5291.268,37.798,32.04,31.81,9.051,0.0,0.0
635,9.0,12.0,1.0,4.0,5.0,0.0,5661.631,5315.448,-4.323,33.545,28.198,8.663,0.0,0.0
636,0.0,6.0,1.0,0.0,0.0,0.0,369.683,2510.719,78.408,32.511,31.281,26.94,4.0,
638,1.0,4.0,1.0,0.0,0.0,0.0,809.012,1893.959,41.953,32.874,31.757,27.353,4.0,
639,1.0,4.0,1.0,0.0,0.0,0.0,798.726,1883.915,-5.212,33.115,31.674,27.59,4.0,
641,2.0,8.0,1.0,0.0,0.0,0.0,1491.093,3286.296,24.018,32.11,31.632,27.103,4.0,
642,2.0,8.0,1.0,0.0,0.0,0.0,1505.124,3278.186,132.731,32.852,31.868,23.737,4.0,
643,3.0,10.0,1.0,0.0,0.0,0.0,1975.349,4217.054,113.419,32.142,32.01,27.279,4.0,
644,5.0,9.0,1.0,0.0,0.0,0.0,3368.958,4085.262,-4.958,31.743,29.172,26.213,4.0,
645,5.0,9.0,1.0,0.0,0.0,0.0,3369.694,4092.567,-6.272,31.977,30.718,26.974,4.0,
647,6.0,1.0,1.0,0.0,0.0,0.0,3838.976,816.848,46.534,32.563,31.973,27.455,4.0,
648,6.0,1.0,1.0,0.0,0.0,0.0,3837.479,789.869,-41.633,32.277,31.729,27.228,4.0,
649,6.0,5.0,1.0,0.0,0.0,0.0,3626.241,2134.075,49.965,32.528,32.022,27.457,4.0,
650,6.0,5.0,1.0,0.0,0.0,0.0,3624.321,2144.287,-0.017,31.906,30.451,26.624,4.0,
651,6.0,9.0,1.0,0.0,0.0,0.0,3534.205,3776.095,-15.801,47.469,45.907,39.555,4.0,
653,7.0,2.0,1.0,0.0,0.0,0.0,4146.069,1202.947,31.675,32.547,31.819,27.317,4.0,
654,7.0,2.0,1.0,0.0,0.0,0.0,4161.453,1213.148,-36.786,31.89,31.779,27.087,4.0,
655,7.0,3.0,1.0,0.0,0.0,0.0,4213.664,1505.787,6.273,32.294,29.777,26.593,4.0,
656,7.0,3.0,1.0,0.0,0.0,0.0,4218.267,1495.931,54.684,31.451,30.855,26.533,4.0,
657,8.0,11.0,1.0,0.0,0.0,0.0,4895.74,4704.527,19.411,32.009,31.42,26.969,4.0,
658,8.0,11.0,1.0,0.0,0.0,0.0,4906.479,4736.233,100.536,34.058,31.929,27.855,4.0,
660,9.0,7.0,1.0,0.0,0.0,0.0,5498.75,3230.688,-44.527,32.388,32.035,27.39,4.0,
661,9.0,7.0,1.0,0.0,0.0,0.0,5481.147,3208.184,25.377,32.534,31.905,27.412,4.0,
663,9.0,9.0,1.0,0.0,0.0,0.0,5519.461,4090.475,-26.97,33.188,31.875,27.71,4.0,
664,9.0,9.0,1.0,0.0,0.0,0.0,5522.15,4065.49,133.323,32.569,32.352,27.6,4.0,
665,9.0,11.0,1.0,0.0,0.0,0.0,5564.185,4543.652,73.56,34.276,31.042,25.509,4.0,
666,9.0,11.0,1.0,0.0,0.0,0.0,5572.119,4559.42,50.776,32.08,31.669,27.083,4.0,
</ResultDatas>,,,,,,,,,,,,,,
<ElementResult>,,,,,,,,,,,,,,
0,1.0,,,,,,,,,,,,,
1,0.0,,,,,,,,,,,,,
2,0.0,,,,,,,,,,,,,
3,0.0,,,,,,,,,,,,,
4,0.0,,,,,,,,,,,,,
5,608.0,,,,,,,,,,,,,
</ElementResult>,,,,,,,,,,,,,,
0,0.0,0.0,1.0,0.0,0.0,0.0,392.105,34.216,102.528,31.853,31.632,9.083,0.0,0.0
1,0.0,0.0,1.0,1.0,1.0,0.0,199.948,66.128,67.324,31.443,31.26,8.972,0.0,0.0
2,0.0,0.0,1.0,2.0,2.0,0.0,76.035,118.318,22.85,31.687,31.426,9.031,0.0,0.0
3,0.0,0.0,1.0,3.0,3.0,0.0,67.593,246.107,26.674,32.903,32.75,9.222,0.0,0.0
4,0.0,0.0,1.0,4.0,4.0,0.0,569.123,284.495,97.735,31.954,31.884,9.049,0.0,0.0
6,1.0,0.0,1.0,0.0,1.0,0.0,915.7,54.481,-26.575,31.768,31.757,9.005,0.0,0.0
7,1.0,0.0,1.0,1.0,2.0,0.0,773.994,67.208,-39.644,31.471,31.441,9.002,0.0,0.0
8,1.0,0.0,1.0,2.0,4.0,0.0,918.641,196.615,123.992,31.272,30.931,8.899,0.0,0.0
9,1.0,0.0,1.0,3.0,8.0,0.0,919.772,397.23,52.297,31.861,31.81,9.026,0.0,0.0
10,2.0,0.0,1.0,0.0,0.0,0.0,1178.491,121.11,1.353,32.489,32.282,9.098,0.0,0.0
11,2.0,0.0,1.0,1.0,1.0,0.0,1439.999,168.197,105.332,31.293,31.209,8.943,0.0,0.0
12,2.0,0.0,1.0,2.0,2.0,0.0,1250.956,319.69,29.607,31.472,31.327,8.985,0.0,0.0
13,2.0,0.0,1.0,3.0,3.0,0.0,1326.585,357.832,-0.545,31.603,31.422,9.018,0.0,0.0
14,2.0,0.0,1.0,4.0,4.0,0.0,1736.769,418.165,-5.059,32.059,30.26,8.753,0.0,0.0
15,3.0,0.0,1.0,0.0,2.0,0.0,1990.479,66.094,-2.907,31.319,31.188,8.944,0.0,0.0
16,3.0,0.0,1.0,1.0,3.0,0.0,2298.801,122.486,123.45,31.939,31.793,9.034,0.0,0.0
17,3.0,0.0,1.0,2.0,4.0,0.0,2165.601,377.434,72.386,31.912,31.772,9.027,0.0,0.0
18,3.0,0.0,1.0,3.0,5.0,0.0,2292.683,381.64,5.536,32.37,32.222,9.073,0.0,0.0
19,3.0,0.0,1.0,4.0,6.0,0.0,1935.283,386.643,68.046,31.917,31.827,9.036,0.0,0.0
20,4.0,0.0,1.0,0.0,0.0,0.0,2326.977,44.645,48.848,32.094,31.936,9.076,0.0,0.0
21,4.0,0.0,1.0,1.0,2.0,0.0,2863.602,124.919,28.805,32.006,31.838,9.05,0.0,0.0
23,4.0,0.0,1.0,3.0,5.0,0.0,2622.349,205.479,127.145,30.787,30.766,8.891,0.0,0.0
24,4.0,0.0,1.0,4.0,6.0,0.0,2877.01,260.843,-36.408,31.877,31.667,9.008,0.0,0.0
25,5.0,0.0,1.0,0.0,1.0,0.0,2974.285,18.342,64.501,32.171,31.906,9.083,0.0,0.0
26,5.0,0.0,1.0,1.0,2.0,0.0,3024.095,39.603,92.61,29.434,29.37,8.663,0.0,0.0
27,5.0,0.0,1.0,2.0,3.0,0.0,2998.837,62.657,76.444,31.99,31.723,9.031,0.0,0.0
28,5.0,0.0,1.0,3.0,4.0,0.0,3416.198,160.106,117.347,31.928,31.738,9.025,0.0,0.0
29,5.0,0.0,1.0,4.0,5.0,0.0,2925.199,193.815,46.41,31.808,31.59,8.987,0.0,0.0
30,5.0,0.0,1.0,5.0,7.0,0.0,3401.239,270.251,-44.515,31.584,31.512,9.028,0.0,0.0
31,5.0,0.0,1.0,6.0,8.0,0.0,3120.359,390.588,117.15,31.77,31.611,9.069,0.0,0.0
32,6.0,0.0,1.0,0.0,0.0,0.0,3724.964,26.106,76.989,31.581,31.479,9.023,0.0,0.0
33,6.0,0.0,1.0,1.0,1.0,0.0,4039.979,159.487,-23.415,31.438,31.363,8.986,0.0,0.0
34,6.0,0.0,1.0,2.0,2.0,0.0,3942.291,318.15,8.713,32.266,32.111,9.126,0.0,0.0
35,6.0,0.0,1.0,3.0,3.0,0.0,3618.978,345.333,97.458,32.599,32.299,9.115,0.0,0.0
36,6.0,0.0,1.0,4.0,4.0,0.0,3633.35,377.331,61.189,32.14,31.944,9.084,0.0,0.0
37,7.0,0.0,1.0,0.0,2.0,0.0,4565.274,219.05,123.596,31.57,31.396,9.009,0.0,0.0
38,7.0,0.0,1.0,1.0,3.0,0.0,4085.401,232.616,105.339,31.676,31.482,9.037,0.0,0.0
39,7.0,0.0,1.0,2.0,4.0,0.0,4311.903,240.223,110.76,31.42,31.204,8.96,0.0,0.0
41,7.0,0.0,1.0,4.0,6.0,0.0,4275.106,325.802,38.98,31.501,31.428,9.004,0.0,0.0
42,8.0,0.0,1.0,0.0,1.0,0.0,4852.022,177.083,43.156,31.45,31.358,8.987,0.0,0.0
43,8.0,0.0,1.0,1.0,3.0,0.0,4839.174,341.435,132.749,31.634,31.508,9.035,0.0,0.0
44,8.0,0.0,1.0,2.0,4.0,0.0,4671.918,416.641,2.399,31.863,31.454,8.975,0.0,0.0
45,9.0,0.0,1.0,0.0,0.0,0.0,5612.642,72.825,4.435,31.858,31.68,9.092,0.0,0.0
47,9.0,0.0,1.0,2.0,2.0,0.0,5243.522,322.359,21.784,32.239,31.858,9.086,0.0,0.0
48,9.0,0.0,1.0,3.0,3.0,0.0,5209.594,328.754,-32.165,32.216,32.117,9.036,0.0,0.0
49,0.0,1.0,1.0,0.0,1.0,0.0,160.236,456.549,62.489,32.234,32.129,9.124,0.0,0.0
50,0.0,1.0,1.0,1.0,2.0,0.0,239.508,602.114,62.327,31.799,31.728,9.005,0.0,0.0
51,0.0,1.0,1.0,2.0,3.0,0.0,439.809,623.082,2.998,30.753,30.664,8.872,0.0,0.0
52,0.0,1.0,1.0,3.0,4.0,0.0,208.146,785.699,71.223,31.892,31.743,9.02,0.0,0.0
53,0.0,1.0,1.0,4.0,5.0,0.0,77.65,791.259,-28.108,32.226,32.095,9.118,0.0,0.0
55,1.0,1.0,1.0,1.0,2.0,0.0,701.667,500.548,121.67,31.452,31.308,9.066,0.0,0.0
56,1.0,1.0,1.0,2.0,3.0,0.0,806.928,607.906,90.038,32.017,31.834,9.051,0.0,0.0
57,1.0,1.0,1.0,3.0,4.0,0.0,655.416,644.909,105.744,32.143,32.094,9.106,0.0,0.0
59,1.0,1.0,1.0,5.0,5.0,0.0,615.125,773.22,28.472,32.19,31.6,9.683,0.0,0.0
60,2.0,1.0,1.0,0.0,1.0,0.0,1511.9,544.729,-34.865,31.216,30.977,8.898,0.0,0.0
61,2.0,1.0,1.0,1.0,2.0,0.0,1655.557,701.037,83.49,31.423,31.412,8.991,0.0,0.0
62,2.0,1.0,1.0,2.0,3.0,0.0,1333.286,717.183,1.789,31.619,31.529,9.036,0.0,0.0
63,2.0,1.0,1.0,3.0,4.0,0.0,1470.505,721.663,-9.275,31.29,31.172,8.854,0.0,0.0
64,2.0,1.0,1.0,4.0,5.0,0.0,1462.605,767.958,106.665,32.219,32.093,9.116,0.0,0.0
65,2.0,1.0,1.0,5.0,6.0,0.0,1518.963,826.672,-3.229,32.879,29.289,8.724,0.0,0.0
67,3.0,1.0,1.0,1.0,2.0,0.0,2259.949,474.387,113.84,31.656,31.431,9.026,0.0,0.0
69,3.0,1.0,1.0,3.0,4.0,0.0,1988.203,687.588,97.997,31.132,31.054,8.983,0.0,0.0
71,4.0,1.0,1.0,0.0,0.0,0.0,2884.405,430.188,118.682,32.44,32.284,9.091,0.0,0.0
72,4.0,1.0,1.0,1.0,2.0,0.0,2814.629,550.986,-35.643,31.658,31.602,9.052,0.0,0.0
73,4.0,1.0,1.0,2.0,3.0,0.0,2733.518,793.787,83.474,31.977,31.94,9.06,0.0,0.0
74,4.0,1.0,1.0,3.0,4.0,0.0,2555.541,799.391,-14.417,31.949,31.836,9.042,0.0,0.0
75,4.0,1.0,1.0,4.0,5.0,0.0,2671.282,801.608,28.599,31.472,31.372,8.992,0.0,0.0
76,5.0,1.0,1.0,0.0,1.0,0.0,3294.197,688.423,0.23,31.435,31.385,8.989,0.0,0.0
77,5.0,1.0,1.0,1.0,2.0,0.0,3037.577,712.128,55.388,32.097,31.823,9.061,0.0,0.0
78,6.0,1.0,1.0,0.0,0.0,0.0,3855.321,478.307,99.052,32.004,31.932,9.063,0.0,0.0
79,6.0,1.0,1.0,1.0,1.0,0.0,3699.874,573.65,102.178,32.069,31.822,9.057,0.0,0.0
80,6.0,1.0,1.0,2.0,2.0,0.0,3667.422,598.685,42.198,31.953,31.861,9.046,0.0,0.0
81,6.0,1.0,1.0,3.0,3.0,0.0,3899.195,725.854,28.603,31.908,31.861,9.04,0.0,0.0
82,6.0,1.0,1.0,4.0,4.0,0.0,3595.881,738.719,112.892,31.972,31.868,9.049,0.0,0.0
83,6.0,1.0,1.0,5.0,5.0,0.0,3975.817,811.054,18.447,32.166,32.028,9.1,0.0,0.0
84,7.0,1.0,1.0,0.0,0.0,0.0,4483.438,501.651,108.848,31.893,31.721,9.017,0.0,0.0
85,7.0,1.0,1.0,1.0,1.0,0.0,4149.037,530.023,87.985,31.424,31.188,8.959,0.0,0.0
88,7.0,1.0,1.0,4.0,3.0,0.0,4465.023,608.948,106.856,31.444,31.217,8.966,0.0,0.0
89,7.0,1.0,1.0,5.0,4.0,0.0,4086.129,747.293,110.537,31.898,31.731,9.02,0.0,0.0
90,7.0,1.0,1.0,6.0,5.0,0.0,4208.715,748.071,34.822,31.51,31.436,9.007,0.0,0.0
91,7.0,1.0,1.0,7.0,6.0,0.0,4173.746,764.67,-6.147,32.095,31.7,9.044,0.0,0.0
92,7.0,1.0,1.0,8.0,7.0,0.0,4487.024,820.234,29.483,32.036,32.018,9.08,0.0,0.0
93,8.0,1.0,1.0,0.0,1.0,0.0,5081.827,515.249,117.956,31.728,31.622,9.064,0.0,0.0
94,8.0,1.0,1.0,1.0,2.0,0.0,4889.786,566.148,44.711,32.298,32.154,9.136,0.0,0.0
95,8.0,1.0,1.0,2.0,3.0,0.0,5164.94,816.683,29.783,32.543,32.383,9.119,0.0,0.0
96,9.0,1.0,1.0,0.0,0.0,0.0,5715.489,464.611,-23.628,32.314,32.21,9.147,0.0,0.0
97,9.0,1.0,1.0,1.0,1.0,0.0,5536.54,513.169,76.24,31.719,31.608,9.061,0.0,0.0
98,9.0,1.0,1.0,2.0,2.0,0.0,5765.449,554.46,60.063,31.922,31.799,9.033,0.0,0.0
99,9.0,1.0,1.0,3.0,3.0,0.0,5489.242,589.89,2.947,31.584,31.541,8.948,0.0,0.0
100,0.0,2.0,1.0,0.0,1.0,0.0,451.034,848.499,43.933,31.923,31.892,9.046,0.0,0.0
101,0.0,2.0,1.0,1.0,2.0,0.0,469.251,931.303,26.284,31.273,31.108,9.011,0.0,0.0
102,0.0,2.0,1.0,2.0,3.0,0.0,35.923,948.301,22.94,32.29,32.104,9.128,0.0,0.0
103,0.0,2.0,1.0,3.0,4.0,0.0,584.654,951.199,88.346,32.66,31.757,9.047,0.0,0.0
104,0.0,2.0,1.0,4.0,5.0,0.0,123.796,977.528,14.303,31.805,31.565,8.983,0.0,0.0
105,0.0,2.0,1.0,5.0,6.0,0.0,326.981,996.96,44.86,31.581,31.223,9.342,0.0,0.0
106,0.0,2.0,1.0,6.0,6.0,0.0,301.967,978.979,47.26,31.813,31.233,9.282,0.0,0.0
107,0.0,2.0,1.0,7.0,7.0,0.0,419.856,1218.857,-37.054,32.369,32.318,9.17,0.0,0.0
108,1.0,2.0,1.0,0.0,0.0,0.0,921.922,881.456,47.972,31.496,31.424,9.003,0.0,0.0
109,1.0,2.0,1.0,1.0,1.0,0.0,845.863,930.36,124.864,31.632,31.435,8.94,0.0,0.0
110,1.0,2.0,1.0,2.0,3.0,0.0,647.321,955.898,26.09,31.572,31.359,9.004,0.0,0.0
111,1.0,2.0,1.0,3.0,4.0,0.0,647.531,1033.859,31.895,32.384,32.163,9.15,0.0,0.0
112,1.0,2.0,1.0,4.0,5.0,0.0,785.036,1140.473,-17.633,31.843,31.699,9.007,0.0,0.0
113,1.0,2.0,1.0,5.0,6.0,0.0,1164.607,1204.035,93.072,33.842,25.807,8.413,0.0,0.0
115,2.0,2.0,1.0,1.0,2.0,0.0,1357.851,935.764,125.259,31.451,31.377,8.99,0.0,0.0
116,2.0,2.0,1.0,2.0,3.0,0.0,1522.58,977.62,-42.571,31.121,30.929,8.963,0.0,0.0
117,2.0,2.0,1.0,3.0,4.0,0.0,1707.073,1173.152,33.034,32.301,32.139,9.051,0.0,0.0
118,3.0,2.0,1.0,0.0,0.0,0.0,1786.932,843.742,44.373,32.304,31.813,9.088,0.0,0.0
119,3.0,2.0,1.0,1.0,1.0,0.0,1795.315,887.269,45.732,31.692,31.624,9.06,0.0,0.0
120,3.0,2.0,1.0,2.0,2.0,0.0,2012.039,978.129,66.609,31.42,31.112,8.947,0.0,0.0
121,3.0,2.0,1.0,3.0,3.0,0.0,2290.423,1047.522,-42.845,31.985,31.846,9.048,0.0,0.0
122,3.0,2.0,1.0,4.0,4.0,0.0,1969.61,1106.522,68.239,31.451,31.281,8.976,0.0,0.0
123,3.0,2.0,1.0,5.0,5.0,0.0,2100.388,1107.389,-28.705,31.343,30.956,8.914,0.0,0.0
124,3.0,2.0,1.0,6.0,6.0,0.0,1989.812,1218.61,64.316,32.077,32.017,9.086,0.0,0.0
125,4.0,2.0,1.0,0.0,1.0,0.0,2829.53,1015.69,-42.879,31.524,31.438,9.009,0.0,0.0
126,4.0,2.0,1.0,1.0,2.0,0.0,2698.24,1022.527,18.215,30.944,30.634,8.895,0.0,0.0
127,4.0,2.0,1.0,2.0,3.0,0.0,2546.945,1034.874,60.117,31.312,31.222,8.948,0.0,0.0
129,4.0,2.0,1.0,4.0,5.0,0.0,2788.293,1137.065,73.224,31.735,31.605,9.063,0.0,0.0
130,4.0,2.0,1.0,5.0,6.0,0.0,2877.826,1141.435,7.948,32.159,31.93,9.085,0.0,0.0
131,4.0,2.0,1.0,6.0,7.0,0.0,2512.255,1166.295,28.897,31.849,31.656,9.002,0.0,0.0
132,4.0,2.0,1.0,7.0,8.0,0.0,2408.253,1173.779,31.982,31.722,31.5,9.046,0.0,0.0
133,5.0,2.0,1.0,0.0,0.0,0.0,3051.159,852.099,66.578,31.627,31.383,9.015,0.0,0.0
134,5.0,2.0,1.0,1.0,1.0,0.0,3281.884,924.295,-4.631,31.021,30.875,8.941,0.0,0.0
136,5.0,2.0,1.0,3.0,3.0,0.0,2911.325,1006.948,11.012,31.557,31.312,8.996,0.0,0.0
137,5.0,2.0,1.0,4.0,4.0,0.0,3332.408,1012.678,-31.397,31.417,31.216,8.962,0.0,0.0
139,5.0,2.0,1.0,6.0,7.0,0.0,3088.128,1078.151,67.025,31.62,31.458,9.025,0.0,0.0
140,5.0,2.0,1.0,7.0,9.0,0.0,3294.107,1176.994,-7.054,31.626,31.383,9.016,0.0,0.0
141,5.0,2.0,1.0,8.0,10.0,0.0,3087.442,1184.801,124.472,32.05,31.831,9.055,0.0,0.0
142,5.0,2.0,1.0,9.0,11.0,0.0,3171.904,1208.368,-31.939,32.163,31.963,9.09,0.0,0.0
143,6.0,2.0,1.0,0.0,1.0,0.0,3905.09,838.482,103.058,32.142,31.949,9.085,0.0,0.0
144,6.0,2.0,1.0,1.0,2.0,0.0,3492.29,873.05,15.32,31.607,31.443,9.022,0.0,0.0
145,6.0,2.0,1.0,2.0,3.0,0.0,3900.054,895.597,72.689,31.655,31.512,9.038,0.0,0.0
146,6.0,2.0,1.0,3.0,4.0,0.0,3475.064,1024.139,-14.283,32.054,31.914,9.068,0.0,0.0
147,6.0,2.0,1.0,4.0,5.0,0.0,3531.925,1109.651,-5.502,31.72,31.55,9.053,0.0,0.0
148,6.0,2.0,1.0,5.0,6.0,0.0,3936.161,1157.174,-44.824,32.159,32.097,9.108,0.0,0.0
149,7.0,2.0,1.0,0.0,1.0,0.0,4562.808,943.712,-42.915,32.13,32.008,9.092,0.0,0.0
150,7.0,2.0,1.0,1.0,2.0,0.0,4523.323,1067.807,65.004,31.597,31.392,9.013,0.0,0.0
151,7.0,2.0,1.0,2.0,3.0,0.0,4294.121,1080.492,130.183,31.31,31.245,8.951,0.0,0.0
152,8.0,2.0,1.0,0.0,1.0,0.0,4819.533,839.547,88.797,31.75,31.476,8.961,0.0,0.0
153,8.0,2.0,1.0,1.0,2.0,0.0,4720.205,847.213,57.368,31.552,31.206,8.979,0.0,0.0
155,8.0,2.0,1.0,3.0,4.0,0.0,4701.943,1009.224,-7.6,31.868,31.663,9.006,0.0,0.0
157,8.0,2.0,1.0,5.0,6.0,0.0,4651.43,1180.358,108.822,32.004,31.9,9.058,0.0,0.0
158,9.0,2.0,1.0,0.0,0.0,0.0,5673.034,947.992,-8.004,31.668,31.419,9.027,0.0,0.0
159,9.0,2.0,1.0,1.0,1.0,0.0,5519.115,984.399,117.188,31.529,31.385,9.002,0.0,0.0
160,9.0,2.0,1.0,2.0,2.0,0.0,5642.989,993.468,29.692,31.59,31.391,9.011,0.0,0.0
161,9.0,2.0,1.0,3.0,3.0,0.0,5370.595,1043.724,49.813,31.834,31.758,9.014,0.0,0.0
162,9.0,2.0,1.0,4.0,4.0,0.0,5691.453,1068.986,120.134,32.105,31.676,9.893,0.0,0.0
163,9.0,2.0,1.0,5.0,5.0,0.0,5645.972,1073.901,74.781,31.557,31.315,8.996,0.0,0.0
164,0.0,3.0,1.0,0.0,1.0,0.0,372.124,1258.965,92.496,31.938,31.842,9.041,0.0,0.0
165,0.0,3.0,1.0,1.0,2.0,0.0,85.27,1297.654,42.954,31.735,31.633,8.983,0.0,0.0
166,0.0,3.0,1.0,2.0,3.0,0.0,348.025,1319.939,112.85,31.724,31.469,9.042,0.0,0.0
167,0.0,3.0,1.0,3.0,4.0,0.0,477.623,1394.095,-3.63,31.411,31.315,8.975,0.0,0.0
168,0.0,3.0,1.0,4.0,5.0,0.0,543.357,1399.987,-31.872,32.041,31.907,9.065,0.0,0.0
169,0.0,3.0,1.0,5.0,6.0,0.0,160.015,1426.387,114.97,31.509,31.378,8.998,0.0,0.0
170,0.0,3.0,1.0,6.0,7.0,0.0,282.085,1520.843,118.698,31.76,31.671,8.992,0.0,0.0
171,0.0,3.0,1.0,7.0,8.0,0.0,320.9,1565.353,-27.14,30.96,30.87,8.932,0.0,0.0
172,0.0,3.0,1.0,8.0,9.0,0.0,365.963,1643.532,-4.008,32.856,27.839,8.588,0.0,0.0
173,1.0,3.0,1.0,0.0,0.0,0.0,673.919,1281.366,13.632,31.718,31.592,8.974,0.0,0.0
174,1.0,3.0,1.0,1.0,1.0,0.0,738.916,1337.874,79.059,31.929,31.706,9.021,0.0,0.0
175,1.0,3.0,1.0,2.0,2.0,0.0,1133.398,1437.449,38.113,31.877,31.695,9.096,0.0,0.0
176,1.0,3.0,1.0,3.0,3.0,0.0,653.572,1581.484,-37.152,31.673,31.626,9.057,0.0,0.0
178,2.0,3.0,1.0,0.0,0.0,0.0,1226.541,1279.232,62.048,31.708,31.432,9.034,0.0,0.0
179,2.0,3.0,1.0,1.0,1.0,0.0,1465.078,1344.035,-41.268,31.489,31.387,8.997,0.0,0.0
180,2.0,3.0,1.0,2.0,2.0,0.0,1465.505,1397.152,130.759,31.648,31.414,9.023,0.0,0.0
181,2.0,3.0,1.0,3.0,3.0,0.0,1386.447,1431.492,103.845,31.895,31.837,9.034,0.0,0.0
182,2.0,3.0,1.0,4.0,4.0,0.0,1488.95,1452.892,108.892,30.704,30.461,8.835,0.0,0.0
183,2.0,3.0,1.0,5.0,5.0,0.0,1537.41,1544.099,15.005,31.232,30.985,8.902,0.0,0.0
184,2.0,3.0,1.0,6.0,6.0,0.0,1675.065,1545.815,99.726,32.126,32.009,9.091,0.0,0.0
185,2.0,3.0,1.0,7.0,7.0,0.0,1487.96,1578.075,64.791,32.075,31.669,9.999,0.0,0.0
186,2.0,3.0,1.0,8.0,7.0,0.0,1481.729,1552.421,93.075,32.423,31.708,9.941,0.0,0.0
187,2.0,3.0,1.0,9.0,8.0,0.0,1401.845,1579.02,85.155,31.805,31.603,8.988,0.0,0.0
188,2.0,3.0,1.0,10.0,9.0,0.0,1664.978,1632.295,62.957,31.702,31.563,9.052,0.0,0.0
189,3.0,3.0,1.0,0.0,1.0,0.0,2249.177,1246.106,91.385,31.939,31.78,9.117,0.0,0.0
190,3.0,3.0,1.0,1.0,2.0,0.0,1979.148,1364.393,-44.99,31.812,31.233,8.937,0.0,0.0
191,3.0,3.0,1.0,2.0,3.0,0.0,2079.072,1460.475,50.037,30.185,30.06,9.057,0.0,0.0
192,3.0,3.0,1.0,3.0,4.0,0.0,2147.838,1611.537,47.068,32.023,31.803,9.048,0.0,0.0
193,3.0,3.0,1.0,4.0,5.0,0.0,2238.431,1627.858,112.77,32.639,32.46,9.228,0.0,0.0
194,4.0,3.0,1.0,0.0,1.0,0.0,2479.586,1638.201,-37.305,32.256,32.12,9.126,0.0,0.0
195,5.0,3.0,1.0,0.0,0.0,0.0,3209.316,1346.128,-26.189,31.692,31.556,9.05,0.0,0.0
196,5.0,3.0,1.0,1.0,1.0,0.0,2915.993,1369.159,33.308,32.041,31.856,9.058,0.0,0.0
197,5.0,3.0,1.0,2.0,2.0,0.0,2938.008,1451.505,78.972,31.633,31.483,9.031,0.0,0.0
198,5.0,3.0,1.0,3.0,3.0,0.0,3369.691,1566.382,52.978,31.951,31.78,9.119,0.0,0.0
200,5.0,3.0,1.0,5.0,5.0,0.0,3320.682,1585.549,-30.931,31.801,31.46,9.052,0.0,0.0
201,6.0,3.0,1.0,0.0,0.0,0.0,3919.664,1338.154,117.552,31.914,31.828,9.036,0.0,0.0
202,6.0,3.0,1.0,1.0,1.0,0.0,3601.968,1581.008,35.01,31.562,31.476,9.02,0.0,0.0
203,7.0,3.0,1.0,0.0,0.0,0.0,4498.301,1359.82,-18.669,31.648,31.444,9.028,0.0,0.0
204,7.0,3.0,1.0,1.0,1.0,0.0,4510.552,1430.352,14.786,31.736,31.58,9.06,0.0,0.0
205,7.0,3.0,1.0,2.0,2.0,0.0,4266.213,1451.453,46.354,31.473,31.289,8.98,0.0,0.0
206,7.0,3.0,1.0,3.0,3.0,0.0,4545.581,1512.742,34.455,31.977,31.884,9.053,0.0,0.0
207,8.0,3.0,1.0,0.0,0.0,0.0,4727.072,1477.56,0.327,31.474,31.317,8.985,0.0,0.0
208,8.0,3.0,1.0,1.0,1.0,0.0,5016.511,1548.681,21.024,31.589,31.554,9.035,0.0,0.0
209,8.0,3.0,1.0,2.0,2.0,0.0,4862.125,1619.449,61.169,32.056,31.836,9.057,0.0,0.0
210,8.0,3.0,1.0,3.0,3.0,0.0,5145.592,1636.909,49.229,32.328,32.067,9.128,0.0,0.0
211,9.0,3.0,1.0,0.0,0.0,0.0,5392.77,1268.468,58.818,31.149,30.948,8.885,0.0,0.0
212,9.0,3.0,1.0,1.0,1.0,0.0,5560.677,1355.583,103.417,31.477,31.363,8.991,0.0,0.0
213,9.0,3.0,1.0,2.0,2.0,0.0,5533.537,1405.228,-32.793,31.064,30.943,8.872,0.0,0.0
215,9.0,3.0,1.0,4.0,5.0,0.0,5453.717,1546.189,25.081,31.886,31.828,9.032,0.0,0.0
216,0.0,4.0,1.0,0.0,1.0,0.0,241.34,1715.073,89.009,31.293,31.102,9.013,0.0,0.0
217,0.0,4.0,1.0,1.0,2.0,0.0,378.517,1807.952,69.728,31.831,31.753,9.013,0.0,0.0
218,0.0,4.0,1.0,2.0,3.0,0.0,551.886,1847.578,99.488,31.4,31.241,8.963,0.0,0.0
219,0.0,4.0,1.0,3.0,4.0,0.0,96.761,1939.823,66.628,32.082,31.869,9.065,0.0,0.0
220,0.0,4.0,1.0,4.0,5.0,0.0,308.554,1966.578,85.612,31.855,31.692,9.008,0.0,0.0
221,0.0,4.0,1.0,5.0,6.0,0.0,269.451,2043.344,121.212,31.826,31.772,9.015,0.0,0.0
222,1.0,4.0,1.0,0.0,0.0,0.0,963.305,1648.464,88.048,32.137,32.038,9.097,0.0,0.0
223,1.0,4.0,1.0,1.0,1.0,0.0,713.752,1668.291,86.258,30.958,30.844,8.927,0.0,0.0
224,1.0,4.0,1.0,2.0,2.0,0.0,856.578,1707.999,89.076,31.475,31.368,8.992,0.0,0.0
225,1.0,4.0,1.0,3.0,3.0,0.0,1039.872,1749.013,103.366,31.509,31.444,9.007,0.0,0.0
226,1.0,4.0,1.0,4.0,4.0,0.0,833.755,1836.431,-36.871,31.505,31.428,9.005,0.0,0.0
227,1.0,4.0,1.0,5.0,5.0,0.0,971.629,1887.658,-25.895,31.11,30.705,8.845,0.0,0.0
228,1.0,4.0,1.0,6.0,6.0,0.0,1043.511,2023.75,14.498,32.255,32.208,9.138,0.0,0.0
229,2.0,4.0,1.0,0.0,1.0,0.0,1433.368,1931.544,53.675,31.276,31.236,8.944,0.0,0.0
231,3.0,4.0,1.0,0.0,1.0,0.0,2011.805,1765.436,103.103,31.729,31.488,9.045,0.0,0.0
232,3.0,4.0,1.0,1.0,2.0,0.0,2055.74,1788.348,-25.28,31.141,31.006,8.892,0.0,0.0
233,3.0,4.0,1.0,2.0,3.0,0.0,1864.843,1907.329,102.145,31.83,31.595,8.991,0.0,0.0
234,3.0,4.0,1.0,3.0,4.0,0.0,2260.063,1932.974,75.117,31.693,31.684,8.984,0.0,0.0
235,4.0,4.0,1.0,0.0,1.0,0.0,2495.102,1764.426,-8.257,31.545,31.48,9.018,0.0,0.0
236,4.0,4.0,1.0,1.0,2.0,0.0,2620.116,1946.561,78.687,31.686,31.517,9.043,0.0,0.0
238,5.0,4.0,1.0,1.0,1.0,0.0,3378.825,1815.923,9.237,31.949,31.86,9.045,0.0,0.0
239,5.0,4.0,1.0,2.0,2.0,0.0,3436.495,1844.056,2.604,31.98,31.769,9.037,0.0,0.0
240,5.0,4.0,1.0,3.0,3.0,0.0,2937.932,1944.021,69.285,31.871,31.862,9.034,0.0,0.0
243,6.0,4.0,1.0,0.0,0.0,0.0,3549.621,1757.666,72.148,31.81,31.695,9.002,0.0,0.0
244,6.0,4.0,1.0,1.0,1.0,0.0,3997.822,1795.271,25.019,31.819,31.804,9.019,0.0,0.0
245,6.0,4.0,1.0,2.0,2.0,0.0,3807.401,1818.632,-33.203,31.045,30.819,8.937,0.0,0.0
246,6.0,4.0,1.0,3.0,3.0,0.0,3616.286,1819.595,76.943,31.781,31.638,8.99,0.0,0.0
247,6.0,4.0,1.0,4.0,4.0,0.0,3548.99,1864.684,28.226,31.444,31.311,8.979,0.0,0.0
248,7.0,4.0,1.0,0.0,0.0,0.0,4289.788,1701.847,129.229,31.659,31.38,9.02,0.0,0.0
249,7.0,4.0,1.0,1.0,1.0,0.0,4081.573,1710.995,8.626,31.671,31.486,9.037,0.0,0.0
250,7.0,4.0,1.0,2.0,2.0,0.0,4358.823,1715.129,64.202,32.144,32.022,9.096,0.0,0.0
251,7.0,4.0,1.0,3.0,3.0,0.0,4175.39,1747.519,51.716,31.851,31.81,9.024,0.0,0.0
252,7.0,4.0,1.0,4.0,4.0,0.0,4298.22,1762.305,110.656,31.779,31.286,9.675,0.0,0.0
253,7.0,4.0,1.0,5.0,5.0,0.0,4066.629,1990.733,-11.296,31.778,31.541,9.06,0.0,0.0
254,7.0,4.0,1.0,6.0,6.0,0.0,4251.32,1996.037,59.332,32.403,32.344,9.094,0.0,0.0
255,8.0,4.0,1.0,0.0,2.0,0.0,5178.872,1673.675,89.881,31.952,31.827,9.041,0.0,0.0
261,8.0,4.0,1.0,6.0,9.0,0.0,4888.777,2032.596,-12.104,32.001,31.776,9.041,0.0,0.0
263,9.0,4.0,1.0,1.0,3.0,0.0,5557.488,1986.982,18.786,31.571,31.412,9.012,0.0,0.0
264,9.0,4.0,1.0,2.0,4.0,0.0,5656.076,2030.249,40.011,32.362,32.114,9.14,0.0,0.0
265,9.0,4.0,1.0,3.0,5.0,0.0,5547.415,2038.382,52.748,32.61,31.963,8.991,0.0,0.0
266,9.0,4.0,1.0,4.0,6.0,0.0,5207.022,2042.042,133.662,32.42,32.334,9.095,0.0,0.0
267,0.0,5.0,1.0,0.0,1.0,0.0,581.419,2070.689,-16.142,32.349,31.966,9.117,0.0,0.0
268,0.0,5.0,1.0,1.0,2.0,0.0,319.237,2087.974,53.258,31.729,31.692,9.074,0.0,0.0
269,0.0,5.0,1.0,2.0,3.0,0.0,319.635,2203.881,66.874,31.047,31.032,8.968,0.0,0.0
272,1.0,5.0,1.0,0.0,1.0,0.0,677.689,2286.137,74.072,31.459,31.362,8.989,0.0,0.0
273,1.0,5.0,1.0,1.0,2.0,0.0,644.055,2329.501,20.844,32.092,31.873,9.067,0.0,0.0
274,1.0,5.0,1.0,2.0,4.0,0.0,893.134,2365.295,100.987,31.616,31.539,9.036,0.0,0.0
275,1.0,5.0,1.0,3.0,5.0,0.0,948.309,2449.716,41.556,32.199,31.971,9.096,0.0,0.0
276,2.0,5.0,1.0,0.0,0.0,0.0,1709.283,2094.69,-42.93,31.714,31.649,8.982,0.0,0.0
277,2.0,5.0,1.0,1.0,1.0,0.0,1568.671,2127.556,132.064,31.79,31.666,8.995,0.0,0.0
278,2.0,5.0,1.0,2.0,3.0,0.0,1384.3,2258.329,-11.526,31.973,31.918,9.057,0.0,0.0
279,3.0,5.0,1.0,0.0,1.0,0.0,1964.548,2153.935,92.633,31.224,30.965,8.983,0.0,0.0
283,3.0,5.0,1.0,4.0,5.0,0.0,1901.121,2291.978,6.428,31.817,31.732,9.093,0.0,0.0
284,3.0,5.0,1.0,5.0,6.0,0.0,2047.48,2394.781,26.269,32.001,31.844,9.05,0.0,0.0
285,4.0,5.0,1.0,0.0,0.0,0.0,2837.083,2076.751,65.236,31.778,31.606,9.069,0.0,0.0
286,4.0,5.0,1.0,1.0,1.0,0.0,2348.066,2204.018,69.975,31.546,31.273,8.988,0.0,0.0
288,4.0,5.0,1.0,3.0,3.0,0.0,2639.95,2267.494,5.675,30.878,30.753,8.903,0.0,0.0
292,5.0,5.0,1.0,0.0,0.0,0.0,3258.879,2089.503,-43.054,32.354,31.353,9.991,0.0,0.0
293,5.0,5.0,1.0,1.0,1.0,0.0,3375.082,2122.07,110.666,32.241,31.981,9.021,0.0,0.0
294,5.0,5.0,1.0,2.0,2.0,0.0,3031.568,2198.526,45.898,31.892,31.851,9.036,0.0,0.0
295,5.0,5.0,1.0,3.0,3.0,0.0,2952.067,2307.33,-12.553,31.995,31.921,9.06,0.0,0.0
296,5.0,5.0,1.0,4.0,4.0,0.0,3397.466,2324.947,108.895,31.42,31.33,8.978,0.0,0.0
297,5.0,5.0,1.0,5.0,5.0,0.0,3305.478,2433.219,47.432,31.915,31.702,9.102,0.0,0.0
298,6.0,5.0,1.0,0.0,0.0,0.0,3612.527,2153.853,66.948,32.335,32.14,9.139,0.0,0.0
299,6.0,5.0,1.0,1.0,1.0,0.0,3958.7,2171.633,126.729,32.116,31.826,9.064,0.0,0.0
300,6.0,5.0,1.0,2.0,2.0,0.0,3762.397,2181.862,36.012,31.259,31.248,8.944,0.0,0.0
301,6.0,5.0,1.0,3.0,3.0,0.0,3549.867,2186.799,63.142,31.85,31.516,9.066,0.0,0.0
304,7.0,5.0,1.0,0.0,0.0,0.0,4431.24,2068.48,83.481,31.549,31.3,8.992,0.0,0.0
305,7.0,5.0,1.0,1.0,1.0,0.0,4473.208,2154.806,77.09,31.926,31.756,9.027,0.0,0.0
306,7.0,5.0,1.0,2.0,2.0,0.0,4084.226,2185.785,9.051,31.873,31.69,9.01,0.0,0.0
307,7.0,5.0,1.0,3.0,4.0,0.0,4091.321,2389.051,13.14,32.117,31.962,9.084,0.0,0.0
308,8.0,5.0,1.0,0.0,2.0,0.0,5035.954,2126.581,117.548,31.821,31.628,8.994,0.0,0.0
309,8.0,5.0,1.0,1.0,3.0,0.0,5008.032,2147.077,52.144,31.52,31.293,8.904,0.0,0.0
310,8.0,5.0,1.0,2.0,4.0,0.0,4896.147,2171.484,97.465,31.451,31.409,8.994,0.0,0.0
311,8.0,5.0,1.0,3.0,5.0,0.0,4631.904,2318.795,71.972,32.126,32.003,9.09,0.0,0.0
313,9.0,5.0,1.0,0.0,3.0,0.0,5498.691,2281.077,128.378,30.464,30.35,8.785,0.0,0.0
314,9.0,5.0,1.0,1.0,4.0,0.0,5310.351,2423.571,42.983,32.083,31.611,8.948,0.0,0.0
315,0.0,6.0,1.0,0.0,0.0,0.0,523.094,2480.876,103.334,32.074,31.848,9.061,0.0,0.0
316,0.0,6.0,1.0,1.0,1.0,0.0,74.712,2522.231,7.061,31.711,31.564,9.054,0.0,0.0
318,0.0,6.0,1.0,3.0,5.0,0.0,84.022,2747.464,27.491,31.611,31.531,9.035,0.0,0.0
319,0.0,6.0,1.0,4.0,6.0,0.0,297.738,2748.484,55.604,31.502,31.381,8.997,0.0,0.0
320,1.0,6.0,1.0,0.0,1.0,0.0,1031.529,2471.643,48.464,31.914,31.817,9.034,0.0,0.0
321,1.0,6.0,1.0,1.0,3.0,0.0,766.99,2620.253,44.804,31.761,31.532,9.056,0.0,0.0
322,1.0,6.0,1.0,2.0,4.0,0.0,1089.783,2623.147,-27.822,31.83,31.782,9.102,0.0,0.0
323,1.0,6.0,1.0,3.0,5.0,0.0,996.799,2744.652,48.233,31.333,31.274,8.958,0.0,0.0
324,2.0,6.0,1.0,0.0,0.0,0.0,1478.576,2473.358,61.992,31.423,31.334,8.979,0.0,0.0
325,2.0,6.0,1.0,1.0,1.0,0.0,1667.706,2523.282,129.29,32.032,31.942,9.069,0.0,0.0
326,2.0,6.0,1.0,2.0,2.0,0.0,1560.393,2524.958,130.77,31.837,31.785,9.103,0.0,0.0
327,2.0,6.0,1.0,3.0,3.0,0.0,1473.768,2538.037,89.039,31.807,31.754,9.01,0.0,0.0
328,2.0,6.0,1.0,4.0,4.0,0.0,1727.115,2538.266,7.599,32.024,31.899,9.061,0.0,0.0
329,2.0,6.0,1.0,5.0,5.0,0.0,1625.91,2645.505,50.74,31.399,31.038,9.481,0.0,0.0
330,2.0,6.0,1.0,6.0,5.0,0.0,1610.002,2621.274,68.351,31.556,31.211,9.531,0.0,0.0
331,2.0,6.0,1.0,7.0,6.0,0.0,1479.844,2718.325,132.059,30.678,30.569,8.847,0.0,0.0
332,3.0,6.0,1.0,0.0,2.0,0.0,1982.254,2695.064,22.236,31.77,31.615,8.985,0.0,0.0
333,3.0,6.0,1.0,1.0,3.0,0.0,2293.009,2705.121,41.635,31.669,31.666,9.062,0.0,0.0
334,3.0,6.0,1.0,2.0,4.0,0.0,2011.998,2748.438,61.853,31.691,31.441,9.033,0.0,0.0
335,3.0,6.0,1.0,3.0,5.0,0.0,2033.509,2778.701,-42.192,31.775,31.689,9.081,0.0,0.0
336,3.0,6.0,1.0,4.0,6.0,0.0,1975.771,2805.134,129.919,32.278,32.216,9.142,0.0,0.0
337,3.0,6.0,1.0,5.0,7.0,0.0,2064.441,2819.822,64.096,31.804,31.681,9.084,0.0,0.0
338,3.0,6.0,1.0,6.0,8.0,0.0,2273.015,2828.998,37.763,32.346,32.236,9.155,0.0,0.0
339,3.0,6.0,1.0,7.0,9.0,0.0,2307.579,2831.916,30.077,32.658,32.367,9.134,0.0,0.0
340,3.0,6.0,1.0,8.0,11.0,0.0,2159.449,2867.394,-4.156,33.222,28.247,8.622,0.0,0.0
341,4.0,6.0,1.0,0.0,1.0,0.0,2840.858,2509.074,114.763,32.125,32.055,9.015,0.0,0.0
342,4.0,6.0,1.0,1.0,2.0,0.0,2809.436,2594.177,125.203,31.959,31.808,9.039,0.0,0.0
344,4.0,6.0,1.0,3.0,5.0,0.0,2362.532,2759.841,60.034,31.415,31.347,8.98,0.0,0.0
345,4.0,6.0,1.0,4.0,6.0,0.0,2680.31,2771.624,17.05,31.262,31.143,8.929,0.0,0.0
346,5.0,6.0,1.0,0.0,0.0,0.0,3157.885,2554.597,80.32,32.072,31.79,9.052,0.0,0.0
347,5.0,6.0,1.0,1.0,1.0,0.0,3188.992,2581.447,87.229,30.971,30.81,8.924,0.0,0.0
348,5.0,6.0,1.0,2.0,2.0,0.0,2930.341,2704.976,36.197,32.029,31.902,9.062,0.0,0.0
351,5.0,6.0,1.0,5.0,5.0,0.0,2965.293,2749.277,-35.882,31.892,31.82,9.031,0.0,0.0
353,6.0,6.0,1.0,1.0,1.0,0.0,3878.674,2638.859,46.313,31.71,31.611,8.976,0.0,0.0
355,6.0,6.0,1.0,3.0,4.0,0.0,3732.638,2705.501,121.56,31.311,31.244,8.95,0.0,0.0
356,6.0,6.0,1.0,4.0,5.0,0.0,3664.965,2788.86,34.386,31.817,31.298,9.031,0.0,0.0
357,6.0,6.0,1.0,5.0,6.0,0.0,3765.898,2816.156,83.169,31.449,31.369,8.988,0.0,0.0
358,6.0,6.0,1.0,6.0,7.0,0.0,3859.255,2844.139,43.237,32.114,31.959,9.083,0.0,0.0
359,7.0,6.0,1.0,0.0,1.0,0.0,4530.263,2495.611,116.571,31.876,31.819,9.029,0.0,0.0
360,7.0,6.0,1.0,1.0,2.0,0.0,4124.886,2757.047,83.05,31.945,31.842,9.042,0.0,0.0
361,7.0,6.0,1.0,2.0,3.0,0.0,4609.598,2767.452,40.817,32.111,32.021,9.091,0.0,0.0
362,7.0,6.0,1.0,3.0,4.0,0.0,4236.934,2803.034,19.994,32.095,32.061,9.094,0.0,0.0
364,8.0,6.0,1.0,1.0,2.0,0.0,5182.152,2566.269,25.784,31.829,31.674,9.002,0.0,0.0
366,9.0,6.0,1.0,0.0,0.0,0.0,5315.744,2489.885,62.291,31.788,31.503,9.056,0.0,0.0
367,9.0,6.0,1.0,1.0,1.0,0.0,5377.591,2516.083,59.002,31.715,31.388,9.029,0.0,0.0
368,9.0,6.0,1.0,2.0,3.0,0.0,5686.824,2669.661,-41.022,32.508,32.42,9.12,0.0,0.0
369,0.0,7.0,1.0,0.0,0.0,0.0,148.334,2919.987,55.964,32.03,31.89,9.061,0.0,0.0
370,0.0,7.0,1.0,1.0,1.0,0.0,294.682,2945.156,116.312,31.601,31.144,9.066,0.0,0.0
371,0.0,7.0,1.0,2.0,2.0,0.0,81.853,2980.34,45.97,31.664,31.615,8.97,0.0,0.0
373,0.0,7.0,1.0,4.0,5.0,0.0,510.481,3155.79,88.871,31.62,31.507,9.032,0.0,0.0
374,0.0,7.0,1.0,5.0,7.0,0.0,100.489,3269.025,99.094,32.053,31.923,9.069,0.0,0.0
375,1.0,7.0,1.0,0.0,0.0,0.0,704.913,2874.999,58.587,31.933,31.739,9.026,0.0,0.0
376,1.0,7.0,1.0,1.0,1.0,0.0,668.707,2877.681,49.992,31.75,31.519,9.053,0.0,0.0
378,1.0,7.0,1.0,3.0,4.0,0.0,706.14,3075.934,95.722,31.856,31.76,9.018,0.0,0.0
379,1.0,7.0,1.0,4.0,5.0,0.0,866.308,3091.703,2.28,31.895,31.773,9.025,0.0,0.0
380,1.0,7.0,1.0,5.0,6.0,0.0,748.064,3097.473,77.838,31.653,31.628,9.055,0.0,0.0
381,1.0,7.0,1.0,6.0,7.0,0.0,840.358,3130.341,51.314,31.597,31.268,9.258,0.0,0.0
382,1.0,7.0,1.0,7.0,7.0,0.0,820.973,3106.127,91.887,31.77,31.649,9.342,0.0,0.0
383,1.0,7.0,1.0,8.0,8.0,0.0,679.761,3194.906,46.996,31.83,31.703,9.091,0.0,0.0
384,1.0,7.0,1.0,9.0,9.0,0.0,609.788,3249.119,-33.193,32.328,32.211,9.065,0.0,0.0
385,2.0,7.0,1.0,0.0,0.0,0.0,1261.087,2892.03,64.389,31.804,31.525,9.061,0.0,0.0
386,2.0,7.0,1.0,1.0,1.0,0.0,1314.971,2953.137,28.083,31.869,31.804,9.026,0.0,0.0
387,2.0,7.0,1.0,2.0,2.0,0.0,1401.662,2980.298,103.71,31.755,31.707,9.08,0.0,0.0
388,2.0,7.0,1.0,3.0,3.0,0.0,1311.194,3032.158,26.427,31.836,31.732,9.096,0.0,0.0
390,2.0,7.0,1.0,5.0,6.0,0.0,1628.13,3157.168,85.822,31.502,31.452,9.008,0.0,0.0
392,2.0,7.0,1.0,7.0,8.0,0.0,1490.163,3217.666,59.467,31.529,31.438,9.009,0.0,0.0
393,2.0,7.0,1.0,8.0,9.0,0.0,1404.233,3225.239,-21.312,31.582,31.459,9.02,0.0,0.0
396,3.0,7.0,1.0,1.0,4.0,0.0,2236.139,3244.093,46.452,31.964,31.761,9.033,0.0,0.0
397,4.0,7.0,1.0,0.0,0.0,0.0,2408.707,2876.943,30.566,31.811,31.663,8.998,0.0,0.0
398,4.0,7.0,1.0,1.0,1.0,0.0,2369.356,2940.67,28.864,31.876,31.773,9.022,0.0,0.0
399,4.0,7.0,1.0,2.0,2.0,0.0,2616.805,2944.636,69.034,31.478,31.266,8.978,0.0,0.0
401,4.0,7.0,1.0,4.0,4.0,0.0,2525.484,3102.271,62.355,31.564,31.356,9.003,0.0,0.0
402,4.0,7.0,1.0,5.0,5.0,0.0,2778.855,3182.65,58.701,31.997,31.858,9.052,0.0,0.0
403,4.0,7.0,1.0,6.0,6.0,0.0,2332.821,3219.175,105.556,32.121,31.993,9.088,0.0,0.0
404,4.0,7.0,1.0,7.0,7.0,0.0,2377.99,3226.767,2.41,32.174,31.868,9.078,0.0,0.0
405,5.0,7.0,1.0,0.0,0.0,0.0,3439.305,2944.062,123.498,31.788,31.666,9.079,0.0,0.0
406,5.0,7.0,1.0,1.0,1.0,0.0,3439.929,3027.53,-42.503,31.866,31.699,9.095,0.0,0.0
407,5.0,7.0,1.0,2.0,2.0,0.0,3317.417,3072.964,27.373,31.372,31.166,8.948,0.0,0.0
408,5.0,7.0,1.0,3.0,3.0,0.0,3039.532,3252.863,71.823,31.963,31.903,9.053,0.0,0.0
409,5.0,7.0,1.0,4.0,4.0,0.0,3318.48,3254.064,52.375,32.182,31.992,9.097,0.0,0.0
411,6.0,7.0,1.0,1.0,2.0,0.0,3684.324,3013.317,98.912,31.728,31.632,8.982,0.0,0.0
412,6.0,7.0,1.0,2.0,3.0,0.0,3893.43,3013.83,-1.44,31.66,31.458,9.031,0.0,0.0
413,6.0,7.0,1.0,3.0,4.0,0.0,3680.926,3119.675,-10.937,31.627,31.556,9.041,0.0,0.0
414,6.0,7.0,1.0,4.0,5.0,0.0,3721.367,3175.87,109.344,31.593,31.583,9.039,0.0,0.0
415,6.0,7.0,1.0,5.0,6.0,0.0,3699.131,3264.817,89.009,32.057,32.029,9.084,0.0,0.0
416,7.0,7.0,1.0,0.0,0.0,0.0,4607.917,2987.611,131.09,31.945,31.763,9.031,0.0,0.0
417,7.0,7.0,1.0,1.0,1.0,0.0,4281.931,3014.07,64.047,31.299,31.144,9.02,0.0,0.0
418,7.0,7.0,1.0,2.0,3.0,0.0,4185.521,3237.213,116.704,31.957,31.844,9.044,0.0,0.0
419,7.0,7.0,1.0,3.0,4.0,0.0,4465.165,3265.736,40.948,32.049,31.966,9.074,0.0,0.0
420,8.0,7.0,1.0,0.0,0.0,0.0,4883.188,2905.99,133.126,31.696,31.638,9.062,0.0,0.0
422,8.0,7.0,1.0,2.0,3.0,0.0,4884.781,3033.018,-12.359,31.83,31.763,9.015,0.0,0.0
423,8.0,7.0,1.0,3.0,4.0,0.0,5022.665,3057.828,25.024,31.404,31.182,8.955,0.0,0.0
424,8.0,7.0,1.0,4.0,6.0,0.0,5153.091,3130.878,90.435,31.612,31.505,9.031,0.0,0.0
425,9.0,7.0,1.0,0.0,0.0,0.0,5479.767,2922.229,74.739,31.372,31.211,8.954,0.0,0.0
426,9.0,7.0,1.0,1.0,1.0,0.0,5718.275,2948.458,130.806,31.673,31.581,9.051,0.0,0.0
427,9.0,7.0,1.0,2.0,2.0,0.0,5369.498,2951.806,88.713,31.582,31.484,9.024,0.0,0.0
428,9.0,7.0,1.0,3.0,3.0,0.0,5636.526,3025.427,82.017,31.326,31.219,8.949,0.0,0.0
429,9.0,7.0,1.0,4.0,4.0,0.0,5422.38,3121.727,-18.636,31.352,31.296,8.964,0.0,0.0
430,9.0,7.0,1.0,5.0,5.0,0.0,5712.648,3129.45,126.146,31.77,31.473,8.964,0.0,0.0
431,9.0,7.0,1.0,6.0,6.0,0.0,5362.783,3135.931,89.529,31.878,31.738,9.018,0.0,0.0
432,9.0,7.0,1.0,7.0,7.0,0.0,5319.55,3260.944,88.692,32.396,32.276,9.084,0.0,0.0
434,0.0,8.0,1.0,1.0,2.0,0.0,489.689,3322.392,88.387,32.349,31.753,9.943,0.0,0.0
435,0.0,8.0,1.0,2.0,3.0,0.0,427.565,3339.601,18.952,31.901,31.837,9.035,0.0,0.0
436,0.0,8.0,1.0,3.0,5.0,0.0,234.442,3370.176,125.015,31.664,31.552,9.045,0.0,0.0
437,0.0,8.0,1.0,4.0,6.0,0.0,518.189,3681.398,2.105,32.6,31.006,8.932,0.0,0.0
438,0.0,8.0,1.0,5.0,7.0,0.0,83.379,3680.286,7.711,17.858,14.986,6.06,0.0,0.0
439,1.0,8.0,1.0,0.0,3.0,0.0,849.482,3426.85,103.56,31.647,31.599,9.049,0.0,0.0
440,1.0,8.0,1.0,1.0,4.0,0.0,898.173,3469.166,79.844,31.242,31.145,8.926,0.0,0.0
441,1.0,8.0,1.0,2.0,5.0,0.0,1037.425,3491.367,88.664,31.532,31.383,9.002,0.0,0.0
442,1.0,8.0,1.0,3.0,8.0,0.0,803.779,3651.178,85.448,31.913,31.884,9.043,0.0,0.0
444,2.0,8.0,1.0,0.0,1.0,0.0,1736.457,3305.002,87.193,32.444,31.805,9.106,0.0,0.0
445,2.0,8.0,1.0,1.0,2.0,0.0,1467.323,3404.619,-2.746,32.235,31.047,9.31,0.0,0.0
446,2.0,8.0,1.0,2.0,3.0,0.0,1198.067,3494.873,14.706,31.698,31.601,9.057,0.0,0.0
447,2.0,8.0,1.0,3.0,4.0,0.0,1383.996,3545.517,10.861,31.614,31.474,8.943,0.0,0.0
449,3.0,8.0,1.0,0.0,1.0,0.0,1982.368,3388.46,-4.399,32.004,31.854,9.052,0.0,0.0
451,3.0,8.0,1.0,2.0,3.0,0.0,2195.859,3502.317,74.498,31.556,31.507,9.023,0.0,0.0
452,3.0,8.0,1.0,3.0,4.0,0.0,2289.143,3548.831,106.994,32.181,31.8,9.069,0.0,0.0
453,3.0,8.0,1.0,4.0,5.0,0.0,2188.328,3633.726,72.053,31.631,31.537,9.038,0.0,0.0
455,4.0,8.0,1.0,0.0,0.0,0.0,2792.135,3311.19,-32.324,32.118,32.081,9.1,0.0,0.0
456,4.0,8.0,1.0,1.0,1.0,0.0,2517.947,3323.586,77.142,31.681,31.463,8.951,0.0,0.0
457,4.0,8.0,1.0,2.0,2.0,0.0,2696.552,3461.953,0.793,31.05,30.939,8.87,0.0,0.0
458,4.0,8.0,1.0,3.0,3.0,0.0,2549.863,3487.872,-2.521,31.568,31.521,9.027,0.0,0.0
459,4.0,8.0,1.0,4.0,4.0,0.0,2795.848,3510.248,108.777,31.497,31.427,9.004,0.0,0.0
461,5.0,8.0,1.0,0.0,2.0,0.0,3274.471,3498.077,78.693,30.774,29.92,9.444,0.0,0.0
462,5.0,8.0,1.0,1.0,3.0,0.0,3131.253,3510.129,18.272,31.705,31.56,9.052,0.0,0.0
463,5.0,8.0,1.0,2.0,4.0,0.0,3349.778,3548.541,17.929,31.739,31.693,9.076,0.0,0.0
466,6.0,8.0,1.0,0.0,1.0,0.0,3849.542,3282.83,68.023,32.202,31.909,9.088,0.0,0.0
467,6.0,8.0,1.0,1.0,2.0,0.0,3739.888,3284.589,88.53,31.386,31.237,8.96,0.0,0.0
469,6.0,8.0,1.0,3.0,4.0,0.0,3971.473,3291.429,101.314,31.81,30.471,8.908,0.0,0.0
470,6.0,8.0,1.0,4.0,5.0,0.0,3767.097,3381.308,-15.539,31.688,31.465,8.952,0.0,0.0
471,6.0,8.0,1.0,5.0,6.0,0.0,3580.206,3404.945,43.31,31.72,31.492,9.045,0.0,0.0
472,6.0,8.0,1.0,6.0,7.0,0.0,4037.919,3422.147,-14.717,31.838,31.724,9.01,0.0,0.0
473,6.0,8.0,1.0,7.0,8.0,0.0,3838.034,3539.954,-30.329,30.513,30.321,8.874,0.0,0.0
474,6.0,8.0,1.0,8.0,9.0,0.0,3565.424,3579.959,35.051,33.53,33.353,9.31,0.0,0.0
475,6.0,8.0,1.0,9.0,10.0,0.0,3674.231,3602.233,90.343,31.592,31.483,8.941,0.0,0.0
477,7.0,8.0,1.0,0.0,1.0,0.0,4608.084,3402.074,-17.165,31.987,31.798,9.042,0.0,0.0
478,7.0,8.0,1.0,1.0,3.0,0.0,4145.598,3633.037,-42.85,32.473,32.176,9.081,0.0,0.0
479,8.0,8.0,1.0,0.0,0.0,0.0,5027.542,3314.867,-39.787,31.367,31.247,8.959,0.0,0.0
481,8.0,8.0,1.0,2.0,2.0,0.0,5073.0,3372.549,122.194,31.637,31.578,9.045,0.0,0.0
482,8.0,8.0,1.0,3.0,4.0,0.0,5195.535,3410.111,91.638,33.633,27.622,8.644,0.0,0.0
485,8.0,8.0,1.0,6.0,6.0,0.0,4742.021,3509.884,112.225,31.835,31.633,9.081,0.0,0.0
486,8.0,8.0,1.0,7.0,7.0,0.0,4927.591,3530.631,116.213,31.627,31.326,9.461,0.0,0.0
487,8.0,8.0,1.0,8.0,8.0,0.0,5160.928,3539.178,36.196,31.845,31.658,9.086,0.0,0.0
488,9.0,8.0,1.0,0.0,1.0,0.0,5644.85,3334.119,121.415,31.468,31.312,8.983,0.0,0.0
489,9.0,8.0,1.0,1.0,2.0,0.0,5418.967,3347.008,75.483,31.933,31.717,9.022,0.0,0.0
490,9.0,8.0,1.0,2.0,3.0,0.0,5529.034,3393.74,88.335,31.491,31.297,8.984,0.0,0.0
491,9.0,8.0,1.0,3.0,5.0,0.0,5728.5,3419.726,21.699,32.215,32.074,9.113,0.0,0.0
492,9.0,8.0,1.0,4.0,6.0,0.0,5432.003,3488.824,91.939,32.081,31.884,9.067,0.0,0.0
493,9.0,8.0,1.0,5.0,7.0,0.0,5348.121,3532.707,16.254,31.561,31.512,8.941,0.0,0.0
494,9.0,8.0,1.0,6.0,8.0,0.0,5522.94,3682.612,-2.229,32.54,29.274,8.759,0.0,0.0
495,0.0,9.0,1.0,0.0,1.0,0.0,335.404,3783.944,48.334,31.519,31.439,9.008,0.0,0.0
497,0.0,9.0,1.0,2.0,3.0,0.0,295.103,3810.371,58.885,32.073,31.897,9.068,0.0,0.0
499,0.0,9.0,1.0,4.0,5.0,0.0,486.877,3904.28,79.679,31.962,31.787,9.037,0.0,0.0
500,0.0,9.0,1.0,5.0,6.0,0.0,303.333,3925.767,117.831,28.636,28.416,8.578,0.0,0.0
506,2.0,9.0,1.0,1.0,2.0,0.0,1559.395,3876.01,-31.017,30.457,30.339,8.782,0.0,0.0
507,2.0,9.0,1.0,2.0,3.0,0.0,1327.93,3917.889,-6.697,31.556,31.45,9.015,0.0,0.0
508,2.0,9.0,1.0,3.0,4.0,0.0,1610.033,3984.91,97.547,31.629,31.476,9.029,0.0,0.0
509,2.0,9.0,1.0,4.0,5.0,0.0,1405.63,4069.065,53.441,31.748,31.651,8.987,0.0,0.0
510,3.0,9.0,1.0,0.0,1.0,0.0,1862.108,3698.452,103.404,32.433,32.291,9.091,0.0,0.0
511,3.0,9.0,1.0,1.0,2.0,0.0,1872.224,3921.046,121.331,31.879,31.781,9.024,0.0,0.0
512,3.0,9.0,1.0,2.0,3.0,0.0,2203.919,3949.751,-25.225,31.649,31.395,8.936,0.0,0.0
513,3.0,9.0,1.0,3.0,4.0,0.0,2147.703,3952.886,70.548,31.227,31.04,8.909,0.0,0.0
514,3.0,9.0,1.0,4.0,5.0,0.0,1926.86,4014.044,69.858,32.11,31.7,9.045,0.0,0.0
516,4.0,9.0,1.0,0.0,3.0,0.0,2851.251,3703.283,104.577,31.841,31.68,9.004,0.0,0.0
517,4.0,9.0,1.0,1.0,4.0,0.0,2714.493,3790.176,109.247,31.444,31.415,8.994,0.0,0.0
518,4.0,9.0,1.0,2.0,5.0,0.0,2367.716,3810.506,5.597,31.69,31.508,9.043,0.0,0.0
519,4.0,9.0,1.0,3.0,6.0,0.0,2383.481,3895.682,94.924,31.912,31.773,9.028,0.0,0.0
520,4.0,9.0,1.0,4.0,7.0,0.0,2479.846,4024.113,2.316,31.755,31.587,9.063,0.0,0.0
522,5.0,9.0,1.0,0.0,1.0,0.0,3325.786,3922.756,97.695,32.022,31.934,8.983,0.0,0.0
525,5.0,9.0,1.0,3.0,4.0,0.0,3120.691,3989.954,3.001,31.846,31.743,9.014,0.0,0.0
528,6.0,9.0,1.0,1.0,2.0,0.0,3783.416,3810.067,12.853,31.632,31.442,9.025,0.0,0.0
529,6.0,9.0,1.0,2.0,3.0,0.0,3916.445,3940.411,-43.088,31.446,31.402,8.993,0.0,0.0
530,6.0,9.0,1.0,3.0,4.0,0.0,3720.517,3985.015,68.185,31.336,31.144,8.94,0.0,0.0
532,6.0,9.0,1.0,5.0,6.0,0.0,3776.527,4075.509,67.374,32.249,31.818,9.081,0.0,0.0
533,7.0,9.0,1.0,0.0,0.0,0.0,4302.238,3703.667,83.445,32.382,32.27,9.081,0.0,0.0
534,7.0,9.0,1.0,1.0,1.0,0.0,4397.455,3863.322,113.12,31.372,31.113,8.941,0.0,0.0
535,7.0,9.0,1.0,2.0,2.0,0.0,4444.487,3914.558,-41.237,30.363,30.27,8.759,0.0,0.0
536,7.0,9.0,1.0,3.0,3.0,0.0,4247.949,3916.247,-9.506,31.741,31.679,8.99,0.0,0.0
537,7.0,9.0,1.0,4.0,4.0,0.0,4326.187,3993.854,-2.691,31.978,31.75,9.034,0.0,0.0
538,8.0,9.0,1.0,0.0,0.0,0.0,5105.509,3914.577,36.072,31.842,31.507,9.064,0.0,0.0
539,8.0,9.0,1.0,1.0,1.0,0.0,5118.732,3953.173,-23.877,31.712,31.609,8.976,0.0,0.0
540,8.0,9.0,1.0,2.0,2.0,0.0,4655.657,4015.128,51.667,32.541,32.483,9.051,0.0,0.0
541,8.0,9.0,1.0,3.0,3.0,0.0,4678.604,4051.602,110.598,32.146,31.941,9.084,0.0,0.0
543,9.0,9.0,1.0,1.0,4.0,0.0,5439.389,3755.933,35.203,32.352,32.175,9.147,0.0,0.0
544,9.0,9.0,1.0,2.0,5.0,0.0,5224.941,3781.087,16.993,32.126,31.872,9.072,0.0,0.0
546,0.0,10.0,1.0,1.0,1.0,0.0,328.994,4310.076,126.549,30.295,30.072,8.805,0.0,0.0
547,0.0,10.0,1.0,2.0,2.0,0.0,386.543,4325.494,-37.457,30.553,29.994,8.832,0.0,0.0
548,0.0,10.0,1.0,3.0,3.0,0.0,422.368,4366.42,-21.897,31.194,31.01,8.986,0.0,0.0
549,0.0,10.0,1.0,4.0,4.0,0.0,491.847,4379.396,89.278,32.266,32.222,9.058,0.0,0.0
550,0.0,10.0,1.0,5.0,5.0,0.0,470.246,4418.532,-2.666,31.975,31.759,9.034,0.0,0.0
551,0.0,10.0,1.0,6.0,6.0,0.0,87.894,4445.688,109.491,32.202,32.137,9.12,0.0,0.0
552,1.0,10.0,1.0,0.0,0.0,0.0,628.07,4104.507,-9.199,31.658,31.618,9.054,0.0,0.0
557,2.0,10.0,1.0,2.0,3.0,0.0,1221.199,4162.576,38.602,31.952,31.651,9.016,0.0,0.0
558,2.0,10.0,1.0,3.0,4.0,0.0,1361.537,4168.68,35.371,31.704,31.555,9.051,0.0,0.0
559,2.0,10.0,1.0,4.0,5.0,0.0,1267.587,4293.84,12.199,31.566,31.395,9.009,0.0,0.0
561,2.0,10.0,1.0,6.0,7.0,0.0,1432.159,4331.835,107.054,31.447,31.223,8.967,0.0,0.0
562,2.0,10.0,1.0,7.0,8.0,0.0,1335.281,4439.161,108.522,31.991,31.751,9.035,0.0,0.0
563,3.0,10.0,1.0,0.0,2.0,0.0,2110.968,4103.622,94.351,31.837,31.604,9.077,0.0,0.0
564,3.0,10.0,1.0,1.0,3.0,0.0,1766.034,4126.854,10.24,31.849,31.629,8.998,0.0,0.0
565,3.0,10.0,1.0,2.0,5.0,0.0,2008.131,4283.071,131.879,18.78,16.707,6.335,0.0,0.0
566,3.0,10.0,1.0,3.0,6.0,0.0,2169.41,4308.688,20.611,31.72,31.654,9.068,0.0,0.0
567,3.0,10.0,1.0,4.0,7.0,0.0,2098.814,4466.8,69.643,32.384,32.295,9.085,0.0,0.0
568,3.0,10.0,1.0,5.0,8.0,0.0,2011.855,4495.787,88.336,32.12,31.877,9.072,0.0,0.0
569,4.0,10.0,1.0,0.0,0.0,0.0,2802.457,4119.203,119.059,32.054,31.929,9.07,0.0,0.0
570,4.0,10.0,1.0,1.0,1.0,0.0,2663.156,4135.511,-7.14,31.471,31.375,8.992,0.0,0.0
571,4.0,10.0,1.0,2.0,2.0,0.0,2324.048,4187.081,-16.551,32.188,31.95,9.092,0.0,0.0
572,4.0,10.0,1.0,3.0,3.0,0.0,2595.272,4262.873,66.55,32.002,31.759,9.038,0.0,0.0
573,4.0,10.0,1.0,4.0,4.0,0.0,2892.74,4330.279,98.792,30.92,25.069,8.218,0.0,0.0
575,4.0,10.0,1.0,6.0,6.0,0.0,2472.562,4401.937,63.958,32.02,31.945,9.067,0.0,0.0
576,4.0,10.0,1.0,7.0,7.0,0.0,2549.444,4429.362,80.269,28.625,28.476,8.585,0.0,0.0
577,5.0,10.0,1.0,0.0,3.0,0.0,3355.477,4183.27,76.279,31.879,31.406,8.971,0.0,0.0
578,5.0,10.0,1.0,1.0,4.0,0.0,3422.084,4233.719,42.98,31.991,31.745,9.035,0.0,0.0
579,5.0,10.0,1.0,2.0,5.0,0.0,3256.151,4284.619,54.444,30.492,30.299,8.782,0.0,0.0
580,5.0,10.0,1.0,3.0,7.0,0.0,3357.148,4402.265,54.58,31.717,31.587,9.058,0.0,0.0
583,6.0,10.0,1.0,0.0,1.0,0.0,3640.912,4242.388,32.935,31.729,31.522,9.05,0.0,0.0
584,6.0,10.0,1.0,1.0,2.0,0.0,3682.643,4257.024,49.957,31.582,31.331,8.918,0.0,0.0
585,6.0,10.0,1.0,2.0,3.0,0.0,3641.432,4374.894,-36.042,32.568,31.183,8.806,0.0,0.0
586,6.0,10.0,1.0,3.0,5.0,0.0,3781.821,4468.607,38.785,31.83,31.677,9.002,0.0,0.0
587,6.0,10.0,1.0,4.0,6.0,0.0,3948.572,4497.341,0.102,32.351,31.079,8.908,0.0,0.0
588,7.0,10.0,1.0,0.0,0.0,0.0,4377.625,4162.833,-17.891,31.732,31.657,9.07,0.0,0.0
589,7.0,10.0,1.0,1.0,1.0,0.0,4415.537,4166.557,112.977,32.059,32.039,9.003,0.0,0.0
590,7.0,10.0,1.0,2.0,2.0,0.0,4556.664,4294.19,-6.356,32.19,31.967,9.095,0.0,0.0
591,7.0,10.0,1.0,3.0,4.0,0.0,4270.972,4343.685,-9.466,31.469,31.342,8.987,0.0,0.0
592,7.0,10.0,1.0,4.0,5.0,0.0,4158.908,4361.635,-36.849,32.507,32.389,9.115,0.0,0.0
595,8.0,10.0,1.0,1.0,3.0,0.0,4939.849,4142.259,25.679,31.745,31.563,9.058,0.0,0.0
598,8.0,10.0,1.0,4.0,5.0,0.0,4954.039,4218.951,52.418,31.79,31.479,8.969,0.0,0.0
599,8.0,10.0,1.0,5.0,6.0,0.0,5185.781,4278.64,19.727,32.359,32.254,9.159,0.0,0.0
600,8.0,10.0,1.0,6.0,7.0,0.0,4689.07,4291.371,37.125,32.285,32.119,9.046,0.0,0.0
601,8.0,10.0,1.0,7.0,8.0,0.0,4649.579,4336.171,29.227,31.979,31.925,9.059,0.0,0.0
602,8.0,10.0,1.0,8.0,9.0,0.0,4960.46,4356.331,46.7,30.902,30.576,8.881,0.0,0.0
603,8.0,10.0,1.0,9.0,10.0,0.0,5173.782,4374.384,53.382,32.173,32.114,9.113,0.0,0.0
606,9.0,10.0,1.0,2.0,1.0,0.0,5670.434,4128.285,133.27,31.925,31.772,9.029,0.0,0.0
607,9.0,10.0,1.0,3.0,2.0,0.0,5571.293,4192.022,121.689,31.592,31.519,9.03,0.0,0.0
608,9.0,10.0,1.0,4.0,3.0,0.0,5433.253,4207.909,71.4,31.649,31.552,9.043,0.0,0.0
610,0.0,11.0,1.0,0.0,0.0,0.0,114.657,4787.866,21.461,32.012,31.875,9.056,0.0,0.0
611,0.0,11.0,1.0,1.0,1.0,0.0,443.991,4804.864,55.003,31.704,31.562,9.052,0.0,0.0
612,0.0,11.0,1.0,2.0,2.0,0.0,62.205,4904.891,1.625,32.298,31.474,8.956,0.0,0.0
613,1.0,11.0,1.0,0.0,0.0,0.0,1164.749,4550.748,90.648,34.185,25.178,8.417,0.0,0.0
614,1.0,11.0,1.0,1.0,1.0,0.0,757.318,4618.796,16.999,32.031,31.914,9.065,0.0,0.0
615,1.0,11.0,1.0,2.0,2.0,0.0,1073.891,4677.173,88.347,31.551,31.457,9.015,0.0,0.0
618,1.0,11.0,1.0,5.0,5.0,0.0,934.869,4775.544,41.992,30.835,30.686,8.887,0.0,0.0
620,2.0,11.0,1.0,1.0,2.0,0.0,1712.183,4630.584,43.724,31.927,31.746,9.026,0.0,0.0
621,2.0,11.0,1.0,2.0,3.0,0.0,1330.797,4747.305,-40.403,31.713,31.664,8.984,0.0,0.0
622,2.0,11.0,1.0,3.0,4.0,0.0,1677.836,4775.581,44.968,31.818,31.609,8.991,0.0,0.0
623,2.0,11.0,1.0,4.0,5.0,0.0,1553.882,4856.454,48.806,31.752,31.659,9.073,0.0,0.0
624,2.0,11.0,1.0,5.0,6.0,0.0,1220.235,4903.079,-20.561,31.803,31.679,9.083,0.0,0.0
625,2.0,11.0,1.0,6.0,7.0,0.0,1326.32,4907.698,-2.313,33.791,27.356,8.648,0.0,0.0
627,3.0,11.0,1.0,1.0,2.0,0.0,2286.108,4804.347,2.786,32.092,31.934,9.076,0.0,0.0
629,3.0,11.0,1.0,3.0,5.0,0.0,2144.333,4853.651,9.539,31.811,31.673,9.084,0.0,0.0
630,4.0,11.0,1.0,0.0,0.0,0.0,2642.811,4516.93,86.442,31.599,31.47,9.024,0.0,0.0
631,4.0,11.0,1.0,1.0,1.0,0.0,2630.815,4611.702,75.844,31.926,31.889,9.046,0.0,0.0
632,4.0,11.0,1.0,2.0,2.0,0.0,2501.649,4622.38,105.92,31.039,30.909,8.948,0.0,0.0
633,4.0,11.0,1.0,3.0,3.0,0.0,2683.135,4748.157,108.354,31.089,30.332,8.785,0.0,0.0
634,4.0,11.0,1.0,4.0,5.0,0.0,2646.023,4770.013,28.094,31.301,31.126,8.932,0.0,0.0
635,4.0,11.0,1.0,5.0,7.0,0.0,2439.835,4890.577,125.908,32.164,32.019,9.098,0.0,0.0
636,5.0,11.0,1.0,0.0,0.0,0.0,3307.23,4511.712,108.965,31.746,31.574,9.06,0.0,0.0
637,5.0,11.0,1.0,1.0,1.0,0.0,3048.052,4539.987,-27.977,31.941,31.65,9.184,0.0,0.0
638,5.0,11.0,1.0,2.0,1.0,0.0,3076.831,4525.701,0.113,31.885,31.863,9.298,0.0,0.0
639,5.0,11.0,1.0,3.0,2.0,0.0,2966.744,4569.465,65.752,32.162,31.966,9.09,0.0,0.0
640,5.0,11.0,1.0,4.0,3.0,0.0,3447.981,4631.235,3.158,31.269,31.184,9.022,0.0,0.0
641,5.0,11.0,1.0,5.0,4.0,0.0,3107.79,4667.249,-35.63,31.855,31.586,8.993,0.0,0.0
642,5.0,11.0,1.0,6.0,5.0,0.0,3178.028,4783.406,91.619,32.097,31.904,9.072,0.0,0.0
647,6.0,11.0,1.0,1.0,3.0,0.0,4024.513,4675.995,-18.196,31.628,31.516,9.035,0.0,0.0
648,6.0,11.0,1.0,2.0,4.0,0.0,3882.588,4736.357,127.248,31.269,31.096,8.923,0.0,0.0
649,6.0,11.0,1.0,3.0,5.0,0.0,3699.568,4754.122,125.64,32.0,30.856,8.822,0.0,0.0
650,6.0,11.0,1.0,4.0,6.0,0.0,3661.722,4794.705,59.321,32.194,31.561,9.494,0.0,0.0
651,6.0,11.0,1.0,5.0,7.0,0.0,3997.556,4824.065,15.445,32.01,31.956,8.984,0.0,0.0
652,7.0,11.0,1.0,0.0,0.0,0.0,4435.437,4516.9,87.72,31.618,31.399,9.016,0.0,0.0
653,7.0,11.0,1.0,1.0,1.0,0.0,4094.35,4577.288,2.538,32.283,32.165,9.052,0.0,0.0
655,7.0,11.0,1.0,3.0,4.0,0.0,4506.034,4688.77,83.476,31.724,31.653,8.984,0.0,0.0
657,7.0,11.0,1.0,5.0,7.0,0.0,4179.433,4770.166,-15.199,31.965,31.937,9.058,0.0,0.0
658,7.0,11.0,1.0,6.0,8.0,0.0,4432.539,4786.056,132.465,31.128,30.866,8.87,0.0,0.0
659,7.0,11.0,1.0,7.0,10.0,0.0,4557.102,4884.31,77.386,32.315,32.261,9.07,0.0,0.0
661,8.0,11.0,1.0,1.0,1.0,0.0,4728.835,4581.43,57.972,31.703,31.446,9.035,0.0,0.0
662,8.0,11.0,1.0,2.0,2.0,0.0,4842.997,4611.637,123.503,31.39,31.361,8.979,0.0,0.0
663,8.0,11.0,1.0,3.0,3.0,0.0,4653.562,4612.983,58.706,31.729,31.577,9.058,0.0,0.0
664,8.0,11.0,1.0,4.0,4.0,0.0,4777.629,4682.018,106.086,31.614,31.524,8.95,0.0,0.0
668,8.0,11.0,1.0,8.0,8.0,0.0,5005.207,4871.717,91.916,31.508,31.424,9.004,0.0,0.0
669,9.0,11.0,1.0,0.0,0.0,0.0,5570.196,4568.196,11.769,31.813,31.587,9.072,0.0,0.0
671,9.0,11.0,1.0,2.0,1.0,0.0,5406.93,4576.194,7.825,33.217,31.695,9.282,0.0,0.0
672,9.0,11.0,1.0,3.0,2.0,0.0,5272.698,4602.037,-23.826,31.81,31.719,9.005,0.0,0.0
676,0.0,12.0,1.0,2.0,3.0,0.0,371.527,5045.382,107.677,31.55,31.422,9.01,0.0,0.0
677,0.0,12.0,1.0,3.0,4.0,0.0,332.436,5069.384,-8.082,31.696,31.426,9.032,0.0,0.0
678,0.0,12.0,1.0,4.0,5.0,0.0,539.638,5078.27,61.364,31.683,31.412,9.028,0.0,0.0
679,0.0,12.0,1.0,5.0,7.0,0.0,467.113,5113.933,100.308,31.556,31.412,9.01,0.0,0.0
680,0.0,12.0,1.0,6.0,8.0,0.0,76.471,5137.345,39.6,31.746,31.567,8.975,0.0,0.0
681,0.0,12.0,1.0,7.0,9.0,0.0,244.964,5176.651,80.561,32.115,32.019,9.091,0.0,0.0
682,0.0,12.0,1.0,8.0,10.0,0.0,82.706,5182.277,0.278,32.088,31.737,8.964,0.0,0.0
683,0.0,12.0,1.0,9.0,11.0,0.0,418.353,5297.152,4.871,32.061,32.009,9.082,0.0,0.0
687,1.0,12.0,1.0,3.0,3.0,0.0,997.548,5075.315,9.467,31.053,30.882,8.862,0.0,0.0
688,1.0,12.0,1.0,4.0,4.0,0.0,611.644,5088.509,7.501,31.908,31.768,9.026,0.0,0.0
690,1.0,12.0,1.0,6.0,6.0,0.0,768.163,5177.385,36.244,31.245,31.139,8.926,0.0,0.0
691,1.0,12.0,1.0,7.0,8.0,0.0,1094.31,5239.555,22.808,31.882,31.777,9.024,0.0,0.0
692,2.0,12.0,1.0,0.0,2.0,0.0,1573.648,4913.821,91.967,31.5,31.41,9.001,0.0,0.0
693,2.0,12.0,1.0,1.0,3.0,0.0,1416.952,4995.439,71.18,31.704,31.624,9.061,0.0,0.0
694,2.0,12.0,1.0,2.0,5.0,0.0,1446.419,5177.242,111.99,31.616,31.517,9.033,0.0,0.0
696,2.0,12.0,1.0,4.0,7.0,0.0,1533.151,5231.933,58.219,31.534,31.44,9.01,0.0,0.0
697,3.0,12.0,1.0,0.0,0.0,0.0,1870.086,5089.434,50.553,31.835,31.739,9.012,0.0,0.0
699,3.0,12.0,1.0,2.0,2.0,0.0,1850.085,5256.108,53.4,32.059,31.959,9.075,0.0,0.0
700,3.0,12.0,1.0,3.0,3.0,0.0,2010.198,5256.689,15.911,31.83,31.707,9.091,0.0,0.0
701,4.0,12.0,1.0,0.0,2.0,0.0,2389.832,4942.051,60.621,32.125,31.926,9.079,0.0,0.0
702,4.0,12.0,1.0,1.0,3.0,0.0,2731.26,4973.235,-21.184,31.435,31.156,8.956,0.0,0.0
703,4.0,12.0,1.0,2.0,4.0,0.0,2812.409,4991.361,53.828,31.699,31.611,9.059,0.0,0.0
704,4.0,12.0,1.0,3.0,5.0,0.0,2500.041,5033.105,96.505,31.541,31.39,9.004,0.0,0.0
705,4.0,12.0,1.0,4.0,6.0,0.0,2567.055,5151.694,93.896,31.365,31.352,8.89,0.0,0.0
706,4.0,12.0,1.0,5.0,7.0,0.0,2469.896,5185.259,111.728,32.572,32.46,9.134,0.0,0.0
707,4.0,12.0,1.0,6.0,8.0,0.0,2700.034,5252.033,62.456,31.419,31.272,8.97,0.0,0.0
708,4.0,12.0,1.0,7.0,9.0,0.0,2576.806,5297.142,44.369,32.081,31.907,9.07,0.0,0.0
709,5.0,12.0,1.0,0.0,0.0,0.0,2905.491,4927.912,39.926,31.755,31.514,9.053,0.0,0.0
710,5.0,12.0,1.0,1.0,1.0,0.0,3288.211,4952.927,110.412,31.639,31.524,9.037,0.0,0.0
711,5.0,12.0,1.0,2.0,2.0,0.0,2992.383,4996.391,75.112,31.684,31.576,8.967,0.0,0.0
712,5.0,12.0,1.0,3.0,3.0,0.0,3336.979,5259.13,48.764,31.884,31.697,9.013,0.0,0.0
713,5.0,12.0,1.0,4.0,4.0,0.0,3390.149,5288.618,78.92,32.225,32.111,9.12,0.0,0.0
716,6.0,12.0,1.0,2.0,3.0,0.0,3834.605,5235.381,60.674,31.632,31.341,9.01,0.0,0.0
717,7.0,12.0,1.0,0.0,1.0,0.0,4551.941,4931.949,90.499,32.14,32.012,9.094,0.0,0.0
718,7.0,12.0,1.0,1.0,2.0,0.0,4506.583,4970.322,52.901,32.313,32.118,9.05,0.0,0.0
719,7.0,12.0,1.0,2.0,3.0,0.0,4393.127,4983.724,-27.819,31.8,31.296,9.029,0.0,0.0
720,7.0,12.0,1.0,3.0,4.0,0.0,4121.923,5103.099,-5.019,32.102,31.935,9.077,0.0,0.0
721,7.0,12.0,1.0,4.0,6.0,0.0,4412.296,5217.887,124.581,31.684,31.602,9.055,0.0,0.0
722,7.0,12.0,1.0,5.0,7.0,0.0,4127.645,5283.812,25.462,32.283,32.232,9.145,0.0,0.0
723,8.0,12.0,1.0,0.0,0.0,0.0,4733.643,5027.2,49.333,31.336,31.135,8.938,0.0,0.0
724,8.0,12.0,1.0,1.0,1.0,0.0,4999.662,5252.131,107.823,32.424,32.319,9.094,0.0,0.0
725,8.0,12.0,1.0,2.0,2.0,0.0,4805.667,5269.469,18.488,32.0,31.852,9.051,0.0,0.0
727,8.0,12.0,1.0,4.0,4.0,0.0,4692.013,5314.204,-1.476,32.95,29.832,8.809,0.0,0.0
729,9.0,12.0,1.0,1.0,3.0,0.0,5268.236,5302.953,134.911,31.999,31.918,9.06,0.0,0.0
730,0.0,0.0,1.0,0.0,0.0,0.0,295.899,394.175,115.148,32.359,30.871,26.93,4.0,
731,0.0,0.0,1.0,0.0,0.0,0.0,301.584,404.288,20.504,32.579,31.503,27.227,4.0,
732,0.0,8.0,1.0,0.0,0.0,0.0,499.622,3298.322,44.192,32.05,31.556,27.069,4.0,
733,1.0,0.0,1.0,0.0,0.0,0.0,698.97,33.017,25.407,32.479,32.138,27.461,4.0,
735,1.0,6.0,1.0,0.0,0.0,0.0,739.021,2485.729,34.534,32.47,31.217,27.019,4.0,
736,1.0,6.0,1.0,0.0,0.0,0.0,749.905,2506.323,80.698,31.928,31.662,27.028,4.0,
738,0.0,9.0,1.0,0.0,0.0,0.0,568.064,3965.282,12.185,12.27,10.928,9.906,4.0,
740,0.0,9.0,1.0,0.0,0.0,0.0,575.976,4084.922,-35.37,15.082,14.621,12.609,4.0,
742,1.0,9.0,1.0,0.0,0.0,0.0,697.921,4036.12,57.696,14.464,14.081,12.156,4.0,
743,1.0,12.0,1.0,0.0,0.0,0.0,1032.997,5183.009,79.838,32.39,32.032,27.389,4.0,
744,1.0,12.0,1.0,0.0,0.0,0.0,1019.109,5203.406,-38.293,32.639,31.488,27.167,4.0,
745,2.0,5.0,1.0,0.0,0.0,0.0,1611.227,2168.765,3.739,32.066,31.815,27.154,4.0,
746,2.0,5.0,1.0,0.0,0.0,0.0,1599.54,2173.868,124.695,33.011,31.695,27.492,4.0,
748,2.0,7.0,1.0,0.0,0.0,0.0,1638.71,3041.276,105.695,32.911,32.212,25.639,4.0,
750,2.0,8.0,1.0,0.0,0.0,0.0,1187.718,3672.537,84.872,32.502,32.256,27.542,4.0,
751,2.0,8.0,1.0,0.0,0.0,0.0,1166.3,3654.26,-38.25,32.825,31.722,25.449,4.0,
753,2.0,10.0,1.0,0.0,0.0,0.0,1687.421,4098.891,98.402,32.778,31.484,25.22,4.0,
754,3.0,1.0,1.0,0.0,0.0,0.0,2171.091,600.994,-7.805,32.356,31.945,27.343,4.0,
755,3.0,1.0,1.0,0.0,0.0,0.0,2175.799,593.505,72.202,32.618,30.966,27.093,4.0,
757,3.0,5.0,1.0,0.0,0.0,0.0,1887.489,2058.791,114.054,32.679,32.108,27.521,4.0,
758,3.0,5.0,1.0,0.0,0.0,0.0,1890.353,2080.147,100.137,32.973,31.48,27.299,4.0,
759,3.0,6.0,1.0,0.0,0.0,0.0,2206.055,2861.982,120.627,33.101,32.632,27.951,4.0,
760,3.0,6.0,1.0,0.0,0.0,0.0,2216.301,2836.479,-31.42,33.194,31.985,25.646,4.0,
762,3.0,10.0,1.0,0.0,0.0,0.0,1981.643,4164.083,5.874,14.662,13.944,12.163,4.0,
763,3.0,10.0,1.0,0.0,0.0,0.0,2000.542,4167.396,41.031,13.352,12.029,10.824,4.0,
765,4.0,1.0,1.0,0.0,0.0,0.0,2573.005,635.713,115.573,16.611,14.202,12.178,4.0,
766,4.0,1.0,1.0,0.0,0.0,0.0,2567.935,586.911,127.015,16.172,15.547,13.485,4.0,
767,4.0,1.0,1.0,0.0,0.0,0.0,2521.285,624.354,102.643,16.821,16.058,13.995,4.0,
768,4.0,11.0,1.0,0.0,0.0,0.0,2446.354,4764.547,12.916,33.359,31.901,27.666,4.0,
769,4.0,11.0,1.0,0.0,0.0,0.0,2420.487,4764.103,-30.949,32.518,31.508,27.154,4.0,
770,5.0,2.0,1.0,0.0,0.0,0.0,3144.673,1057.713,19.259,32.523,31.786,27.266,4.0,
771,5.0,2.0,1.0,0.0,0.0,0.0,3133.274,1056.663,-29.923,32.401,31.669,25.179,4.0,
773,6.0,5.0,1.0,0.0,0.0,0.0,3586.991,2283.036,130.029,32.698,32.194,25.519,4.0,
774,6.0,5.0,1.0,0.0,0.0,0.0,3568.103,2297.867,106.825,32.16,31.353,26.967,4.0,
776,6.0,12.0,1.0,0.0,0.0,0.0,3634.195,4959.714,63.854,32.272,30.948,26.939,4.0,
777,7.0,0.0,1.0,0.0,0.0,0.0,4424.346,269.139,120.571,33.079,32.78,28.005,4.0,
779,7.0,0.0,1.0,0.0,0.0,0.0,4357.763,65.391,43.275,32.979,31.027,27.082,4.0,
780,7.0,0.0,1.0,0.0,0.0,0.0,4341.133,53.0,39.702,33.177,32.07,27.627,4.0,
781,8.0,8.0,1.0,0.0,0.0,0.0,4922.666,3561.005,92.499,32.814,31.428,27.38,4.0,
782,8.0,8.0,1.0,0.0,0.0,0.0,4940.988,3570.998,55.704,33.259,31.784,27.663,4.0,
784,8.0,12.0,1.0,0.0,0.0,0.0,4886.873,5320.726,-17.744,32.461,30.476,24.943,4.0,
785,9.0,2.0,1.0,0.0,0.0,0.0,5706.84,1046.331,89.088,33.478,32.782,26.019,4.0,
786,9.0,8.0,1.0,0.0,0.0,0.0,5678.853,3397.053,10.202,14.592,13.017,11.731,4.0,
787,9.0,8.0,1.0,0.0,0.0,0.0,5639.359,3383.906,106.817,13.191,12.717,11.058,4.0,
</ResultDatas>,,,,,,,,,,,,,,
<ElementResult>,,,,,,,,,,,,,,
0,0.0,,,,,,,,,,,,,
1,0.0,,,,,,,,,,,,,
2,0.0,,,,,,,,,,,,,
3,9.0,,,,,,,,,,,,,
4,3.0,,,,,,,,,,,,,
5,630.0,,,,,,,,,,,,,
</ElementResult>,,,,,,,,,,,,,,
0,0.0,0.0,1.0,0.0,0.0,0.0,414.338,32.83,-22.455,31.754,31.646,8.987,0.0,0.0
1,0.0,0.0,1.0,1.0,1.0,0.0,111.974,72.694,13.145,31.791,31.687,9.083,0.0,0.0
3,0.0,0.0,1.0,3.0,3.0,0.0,368.444,142.555,103.813,31.781,31.741,9.004,0.0,0.0
5,0.0,0.0,1.0,5.0,5.0,0.0,363.684,374.388,65.038,31.738,31.592,9.061,0.0,0.0
6,1.0,0.0,1.0,0.0,1.0,0.0,736.205,72.641,90.303,31.91,31.619,9.647,0.0,0.0
7,1.0,0.0,1.0,1.0,2.0,0.0,675.428,42.547,78.803,31.782,31.491,9.053,0.0,0.0
9,1.0,0.0,1.0,3.0,4.0,0.0,1123.902,281.849,42.677,31.749,31.607,9.065,0.0,0.0
10,1.0,0.0,1.0,4.0,5.0,0.0,1079.998,360.798,-11.639,32.307,32.246,9.151,0.0,0.0
11,2.0,0.0,1.0,0.0,0.0,0.0,1687.667,27.752,116.904,31.993,31.599,9.015,0.0,0.0
12,2.0,0.0,1.0,1.0,1.0,0.0,1599.548,165.897,103.685,31.305,31.069,8.925,0.0,0.0
13,2.0,0.0,1.0,2.0,3.0,0.0,1354.314,370.213,93.126,31.7,31.587,9.055,0.0,0.0
14,2.0,0.0,1.0,3.0,4.0,0.0,1556.841,393.999,68.432,32.031,32.01,9.078,0.0,0.0
15,3.0,0.0,1.0,0.0,0.0,0.0,1932.77,49.987,34.267,31.864,31.692,9.009,0.0,0.0
16,3.0,0.0,1.0,1.0,1.0,0.0,1878.288,107.966,-10.145,31.898,31.767,9.11,0.0,0.0
17,3.0,0.0,1.0,2.0,2.0,0.0,2215.975,198.149,68.122,31.652,31.46,9.03,0.0,0.0
18,3.0,0.0,1.0,3.0,3.0,0.0,2147.868,208.546,19.358,31.801,31.772,9.012,0.0,0.0
19,3.0,0.0,1.0,4.0,4.0,0.0,2149.141,393.461,31.005,31.98,31.83,9.045,0.0,0.0
20,3.0,0.0,1.0,5.0,5.0,0.0,1781.869,403.911,-4.688,32.321,32.116,9.051,0.0,0.0
21,4.0,0.0,1.0,0.0,1.0,0.0,2603.138,42.209,91.086,31.491,31.16,8.964,0.0,0.0
22,4.0,0.0,1.0,1.0,2.0,0.0,2790.383,124.764,58.253,31.912,31.771,9.027,0.0,0.0
25,5.0,0.0,1.0,0.0,0.0,0.0,3396.582,185.311,-27.771,31.86,31.777,9.106,0.0,0.0
26,5.0,0.0,1.0,1.0,2.0,0.0,3464.978,308.736,91.637,32.143,31.328,8.996,0.0,0.0
27,5.0,0.0,1.0,2.0,3.0,0.0,3197.46,310.685,-42.677,31.09,31.034,8.974,0.0,0.0
28,6.0,0.0,1.0,0.0,0.0,0.0,3894.26,96.628,130.4,31.053,30.904,8.95,0.0,0.0
29,6.0,0.0,1.0,1.0,1.0,0.0,3591.328,100.07,11.612,32.32,31.791,9.005,0.0,0.0
30,6.0,0.0,1.0,2.0,2.0,0.0,3473.114,203.432,3.606,31.942,31.799,9.036,0.0,0.0
31,6.0,0.0,1.0,3.0,3.0,0.0,3647.544,208.324,35.802,31.412,31.264,8.968,0.0,0.0
32,6.0,0.0,1.0,4.0,4.0,0.0,3848.546,306.458,126.147,31.433,31.331,8.98,0.0,0.0
33,6.0,0.0,1.0,5.0,6.0,0.0,3540.618,384.945,-8.621,31.99,31.967,9.066,0.0,0.0
34,6.0,0.0,1.0,6.0,7.0,0.0,3947.922,407.911,33.073,32.052,31.928,9.07,0.0,0.0
35,7.0,0.0,1.0,0.0,1.0,0.0,4086.46,78.2,18.734,31.492,31.34,8.99,0.0,0.0
36,7.0,0.0,1.0,1.0,2.0,0.0,4417.924,105.182,78.277,31.632,31.517,9.036,0.0,0.0
37,7.0,0.0,1.0,2.0,3.0,0.0,4505.91,107.592,8.89,31.888,31.789,9.026,0.0,0.0
38,7.0,0.0,1.0,3.0,4.0,0.0,4326.798,160.781,120.387,31.318,31.263,8.954,0.0,0.0
39,7.0,0.0,1.0,4.0,5.0,0.0,4231.294,173.634,-31.231,31.915,31.893,9.045,0.0,0.0
40,7.0,0.0,1.0,5.0,6.0,0.0,4129.123,230.23,-33.828,32.2,32.054,9.108,0.0,0.0
41,7.0,0.0,1.0,6.0,7.0,0.0,4069.694,248.057,3.299,31.628,31.511,9.034,0.0,0.0
42,7.0,0.0,1.0,7.0,8.0,0.0,4192.459,273.6,99.897,31.81,31.615,9.075,0.0,0.0
43,7.0,0.0,1.0,8.0,9.0,0.0,4388.157,393.421,24.953,32.204,32.062,9.11,0.0,0.0
44,8.0,0.0,1.0,0.0,1.0,0.0,5110.434,49.215,-24.561,32.363,32.15,9.145,0.0,0.0
45,8.0,0.0,1.0,1.0,2.0,0.0,5154.619,66.676,-28.392,32.078,31.795,9.054,0.0,0.0
46,8.0,0.0,1.0,2.0,3.0,0.0,4861.757,86.822,-10.86,31.25,31.062,8.916,0.0,0.0
47,8.0,0.0,1.0,3.0,4.0,0.0,4734.431,257.829,67.647,31.892,31.822,9.032,0.0,0.0
48,8.0,0.0,1.0,4.0,5.0,0.0,5100.382,306.343,30.95,31.543,31.203,8.812,0.0,0.0
49,8.0,0.0,1.0,5.0,6.0,0.0,5065.323,311.647,122.524,32.396,29.269,8.906,0.0,0.0
50,8.0,0.0,1.0,6.0,7.0,0.0,4720.247,360.898,-44.645,32.003,31.963,9.067,0.0,0.0
51,9.0,0.0,1.0,0.0,0.0,0.0,5594.625,72.79,98.574,32.352,32.263,9.076,0.0,0.0
52,9.0,0.0,1.0,1.0,1.0,0.0,5757.411,101.345,-33.632,31.598,31.214,8.988,0.0,0.0
53,9.0,0.0,1.0,2.0,2.0,0.0,5524.766,220.347,-33.749,30.835,30.42,8.764,0.0,0.0
54,9.0,0.0,1.0,3.0,3.0,0.0,5705.297,249.909,-32.475,31.761,31.528,8.971,0.0,0.0
55,9.0,0.0,1.0,4.0,5.0,0.0,5643.235,264.417,7.105,32.268,31.871,9.092,0.0,0.0
56,9.0,0.0,1.0,5.0,7.0,0.0,5519.368,347.015,62.206,31.58,31.403,9.012,0.0,0.0
58,0.0,1.0,1.0,1.0,1.0,0.0,214.494,464.694,104.045,32.122,32.027,9.093,0.0,0.0
59,0.0,1.0,1.0,2.0,2.0,0.0,35.663,512.948,53.199,31.972,31.69,9.024,0.0,0.0
60,0.0,1.0,1.0,3.0,3.0,0.0,264.421,554.523,61.832,31.49,31.356,8.992,0.0,0.0
61,0.0,1.0,1.0,4.0,5.0,0.0,492.923,631.931,20.101,31.396,31.287,8.969,0.0,0.0
62,0.0,1.0,1.0,5.0,6.0,0.0,354.417,665.498,15.613,30.321,30.23,8.664,0.0,0.0
63,1.0,1.0,1.0,0.0,0.0,0.0,722.6,480.925,48.175,31.605,31.593,9.043,0.0,0.0
64,1.0,1.0,1.0,1.0,2.0,0.0,815.678,707.667,47.601,31.704,31.411,8.946,0.0,0.0
67,3.0,1.0,1.0,2.0,3.0,0.0,2134.952,445.597,-36.877,31.784,31.674,9.08,0.0,0.0
68,3.0,1.0,1.0,3.0,4.0,0.0,1864.99,552.632,-33.063,31.785,31.391,9.039,0.0,0.0
69,3.0,1.0,1.0,4.0,4.0,0.0,1893.748,537.493,107.359,31.792,31.558,9.151,0.0,0.0
71,3.0,1.0,1.0,6.0,6.0,0.0,1809.238,606.594,-32.827,31.937,31.767,9.03,0.0,0.0
72,3.0,1.0,1.0,7.0,7.0,0.0,2144.293,757.142,-44.827,31.685,31.651,9.062,0.0,0.0
73,4.0,1.0,1.0,0.0,0.0,0.0,2855.098,432.723,-44.857,32.057,31.959,9.074,0.0,0.0
74,4.0,1.0,1.0,1.0,1.0,0.0,2511.518,454.74,74.169,32.166,32.024,9.099,0.0,0.0
75,4.0,1.0,1.0,2.0,2.0,0.0,2475.171,488.911,79.181,31.697,31.606,9.058,0.0,0.0
76,4.0,1.0,1.0,3.0,5.0,0.0,2599.996,625.958,-11.782,31.235,31.117,9.007,0.0,0.0
78,4.0,1.0,1.0,5.0,7.0,0.0,2518.712,765.776,108.285,31.917,31.8,9.032,0.0,0.0
79,4.0,1.0,1.0,6.0,8.0,0.0,2596.458,799.501,-5.772,31.915,31.796,9.031,0.0,0.0
80,5.0,1.0,1.0,0.0,0.0,0.0,3464.854,493.498,97.095,32.387,31.601,8.987,0.0,0.0
81,5.0,1.0,1.0,1.0,1.0,0.0,3139.362,535.865,75.779,31.467,31.37,8.991,0.0,0.0
82,5.0,1.0,1.0,2.0,2.0,0.0,3468.622,568.647,91.592,33.623,25.489,8.401,0.0,0.0
83,5.0,1.0,1.0,3.0,3.0,0.0,3040.576,618.896,108.436,31.889,31.669,9.01,0.0,0.0
86,5.0,1.0,1.0,6.0,6.0,0.0,3319.206,741.732,-23.914,31.954,31.919,9.054,0.0,0.0
87,5.0,1.0,1.0,7.0,7.0,0.0,3456.911,752.198,11.85,31.891,31.756,9.107,0.0,0.0
89,6.0,1.0,1.0,0.0,3.0,0.0,3864.912,525.278,90.584,31.121,30.901,8.959,0.0,0.0
90,6.0,1.0,1.0,1.0,5.0,0.0,3808.578,661.118,21.873,30.17,29.749,8.74,0.0,0.0
92,7.0,1.0,1.0,0.0,1.0,0.0,4550.699,512.383,100.533,32.245,32.013,9.109,0.0,0.0
93,7.0,1.0,1.0,1.0,2.0,0.0,4304.846,550.712,-17.671,31.294,30.382,8.43,0.0,0.0
94,7.0,1.0,1.0,2.0,3.0,0.0,4090.362,606.806,-9.253,31.956,31.808,9.039,0.0,0.0
95,7.0,1.0,1.0,3.0,4.0,0.0,4587.441,775.415,49.172,32.24,32.016,9.108,0.0,0.0
96,7.0,1.0,1.0,4.0,5.0,0.0,4320.458,784.53,-20.299,31.732,31.616,9.064,0.0,0.0
97,7.0,1.0,1.0,5.0,6.0,0.0,4565.254,814.05,28.246,32.087,32.022,9.088,0.0,0.0
99,8.0,1.0,1.0,1.0,1.0,0.0,4798.587,620.879,16.69,31.688,31.539,9.047,0.0,0.0
100,8.0,1.0,1.0,2.0,2.0,0.0,4845.292,759.688,27.915,31.881,31.682,9.095,0.0,0.0
101,9.0,1.0,1.0,0.0,0.0,0.0,5738.105,429.219,23.5,31.417,30.039,8.97,0.0,0.0
102,9.0,1.0,1.0,1.0,2.0,0.0,5624.751,508.188,120.03,31.63,31.536,8.954,0.0,0.0
103,9.0,1.0,1.0,2.0,3.0,0.0,5742.758,537.948,-31.246,31.605,31.539,9.035,0.0,0.0
104,9.0,1.0,1.0,3.0,4.0,0.0,5559.996,585.259,-2.403,31.211,30.449,8.997,0.0,0.0
105,9.0,1.0,1.0,4.0,5.0,0.0,5261.898,747.562,-25.486,32.445,32.03,9.055,0.0,0.0
106,0.0,2.0,1.0,0.0,0.0,0.0,308.694,898.024,77.277,31.918,31.83,9.036,0.0,0.0
107,0.0,2.0,1.0,1.0,1.0,0.0,172.245,947.595,-25.507,31.494,31.434,9.004,0.0,0.0
108,0.0,2.0,1.0,2.0,2.0,0.0,474.552,958.589,6.957,31.526,31.418,9.006,0.0,0.0
109,0.0,2.0,1.0,3.0,3.0,0.0,18.284,983.865,-17.011,31.947,31.906,9.051,0.0,0.0
110,0.0,2.0,1.0,4.0,4.0,0.0,142.263,992.979,29.735,31.763,31.564,9.061,0.0,0.0
111,0.0,2.0,1.0,5.0,6.0,0.0,190.728,1068.48,120.748,32.068,31.537,9.863,0.0,0.0
112,0.0,2.0,1.0,6.0,8.0,0.0,145.26,1073.374,64.005,31.803,31.505,9.058,0.0,0.0
113,0.0,2.0,1.0,7.0,9.0,0.0,533.191,1214.317,41.062,32.766,32.097,9.857,0.0,0.0
114,0.0,2.0,1.0,8.0,10.0,0.0,315.877,1230.926,-32.424,32.371,32.297,9.083,0.0,0.0
115,1.0,2.0,1.0,0.0,0.0,0.0,886.568,856.423,119.38,31.648,31.501,9.035,0.0,0.0
116,1.0,2.0,1.0,1.0,1.0,0.0,753.754,1025.584,92.014,32.056,31.915,9.068,0.0,0.0
117,1.0,2.0,1.0,2.0,2.0,0.0,986.002,1067.457,97.592,31.041,30.806,8.849,0.0,0.0
118,1.0,2.0,1.0,3.0,3.0,0.0,922.866,1069.905,75.953,30.539,30.39,8.801,0.0,0.0
119,1.0,2.0,1.0,4.0,4.0,0.0,849.145,1126.32,49.071,31.65,31.56,9.044,0.0,0.0
120,1.0,2.0,1.0,5.0,5.0,0.0,1047.776,1156.112,-44.097,31.933,31.902,9.049,0.0,0.0
121,2.0,2.0,1.0,0.0,0.0,0.0,1344.362,877.843,61.097,32.116,31.858,9.068,0.0,0.0
122,2.0,2.0,1.0,1.0,1.0,0.0,1400.584,881.797,83.337,32.042,31.968,9.074,0.0,0.0
123,2.0,2.0,1.0,2.0,2.0,0.0,1452.328,916.484,86.656,31.651,31.476,9.032,0.0,0.0
124,2.0,2.0,1.0,3.0,3.0,0.0,1280.106,1063.128,-2.341,31.715,31.684,9.071,0.0,0.0
125,2.0,2.0,1.0,4.0,4.0,0.0,1423.601,1084.199,123.679,31.722,31.632,8.98,0.0,0.0
126,2.0,2.0,1.0,5.0,5.0,0.0,1324.486,1132.183,72.015,31.808,31.745,9.009,0.0,0.0
127,3.0,2.0,1.0,0.0,0.0,0.0,2174.472,855.664,94.789,31.488,31.437,9.004,0.0,0.0
128,3.0,2.0,1.0,1.0,1.0,0.0,1828.339,908.243,-26.541,31.689,31.608,9.057,0.0,0.0
129,3.0,2.0,1.0,2.0,2.0,0.0,1768.544,912.912,38.795,31.611,31.303,9.002,0.0,0.0
130,3.0,2.0,1.0,3.0,4.0,0.0,1893.161,1156.246,59.619,32.237,32.1,9.12,0.0,0.0
131,4.0,2.0,1.0,0.0,2.0,0.0,2433.888,1022.141,51.001,31.472,31.264,8.977,0.0,0.0
132,4.0,2.0,1.0,1.0,3.0,0.0,2330.56,1076.462,-8.166,31.788,31.729,9.004,0.0,0.0
133,4.0,2.0,1.0,2.0,4.0,0.0,2797.216,1135.791,84.294,31.842,31.67,9.003,0.0,0.0
134,4.0,2.0,1.0,3.0,5.0,0.0,2425.655,1146.811,70.123,31.883,31.736,9.018,0.0,0.0
135,4.0,2.0,1.0,4.0,6.0,0.0,2681.048,1188.909,21.498,31.237,31.145,8.926,0.0,0.0
136,5.0,2.0,1.0,0.0,0.0,0.0,3166.283,873.822,133.962,31.665,31.603,9.053,0.0,0.0
137,5.0,2.0,1.0,1.0,1.0,0.0,3200.062,1031.341,-16.061,30.591,30.304,8.796,0.0,0.0
138,5.0,2.0,1.0,2.0,3.0,0.0,2968.194,1135.711,-11.382,31.987,31.65,9.106,0.0,0.0
139,5.0,2.0,1.0,3.0,4.0,0.0,3357.077,1177.089,-28.209,32.349,31.898,8.861,0.0,0.0
140,5.0,2.0,1.0,4.0,6.0,0.0,3234.16,1224.75,69.754,32.633,32.594,9.162,0.0,0.0
141,6.0,2.0,1.0,0.0,0.0,0.0,3772.017,840.203,91.408,31.836,31.744,9.097,0.0,0.0
142,6.0,2.0,1.0,1.0,1.0,0.0,3640.283,877.394,73.905,31.774,31.108,8.996,0.0,0.0
145,6.0,2.0,1.0,4.0,6.0,0.0,3629.41,1187.065,17.961,32.306,32.22,9.147,0.0,0.0
148,7.0,2.0,1.0,2.0,2.0,0.0,4063.541,961.332,11.395,31.418,31.293,8.973,0.0,0.0
149,7.0,2.0,1.0,3.0,3.0,0.0,4073.486,1052.46,52.84,31.948,31.847,9.043,0.0,0.0
150,7.0,2.0,1.0,4.0,4.0,0.0,4086.342,1091.163,9.486,32.374,32.253,9.161,0.0,0.0
151,7.0,2.0,1.0,5.0,5.0,0.0,4105.385,1118.613,55.14,32.191,31.822,9.074,0.0,0.0
154,8.0,2.0,1.0,0.0,0.0,0.0,5126.485,1015.64,52.164,31.629,31.48,9.03,0.0,0.0
155,8.0,2.0,1.0,1.0,1.0,0.0,4833.085,1025.911,6.571,31.478,31.361,8.991,0.0,0.0
156,8.0,2.0,1.0,2.0,3.0,0.0,4770.25,1179.142,-0.966,32.324,32.071,9.128,0.0,0.0
157,9.0,2.0,1.0,0.0,0.0,0.0,5255.59,905.806,84.709,31.59,31.452,9.02,0.0,0.0
158,9.0,2.0,1.0,1.0,1.0,0.0,5427.649,1152.402,79.107,31.778,31.724,9.086,0.0,0.0
159,9.0,2.0,1.0,2.0,2.0,0.0,5647.875,1169.855,-30.226,31.594,31.374,9.01,0.0,0.0
160,0.0,3.0,1.0,0.0,2.0,0.0,59.79,1355.074,61.829,31.753,31.681,8.992,0.0,0.0
161,0.0,3.0,1.0,1.0,3.0,0.0,32.64,1404.798,10.336,31.671,31.577,9.05,0.0,0.0
163,0.0,3.0,1.0,3.0,5.0,0.0,284.27,1521.561,127.451,31.508,31.25,8.896,0.0,0.0
164,1.0,3.0,1.0,0.0,0.0,0.0,687.259,1270.752,70.803,31.548,31.382,9.004,0.0,0.0
165,1.0,3.0,1.0,1.0,1.0,0.0,735.42,1311.428,53.72,31.477,31.332,8.987,0.0,0.0
166,1.0,3.0,1.0,2.0,2.0,0.0,1137.637,1491.005,-4.97,32.057,31.906,9.067,0.0,0.0
167,1.0,3.0,1.0,3.0,3.0,0.0,968.027,1592.723,80.27,31.668,31.5,9.038,0.0,0.0
168,2.0,3.0,1.0,0.0,0.0,0.0,1691.022,1242.234,134.219,31.907,31.814,9.117,0.0,0.0
171,2.0,3.0,1.0,3.0,2.0,0.0,1223.246,1260.272,-0.113,32.068,32.038,9.087,0.0,0.0
173,2.0,3.0,1.0,5.0,4.0,0.0,1561.136,1291.917,113.27,32.197,31.958,9.094,0.0,0.0
175,2.0,3.0,1.0,7.0,6.0,0.0,1255.422,1419.717,8.179,31.879,31.723,9.016,0.0,0.0
176,2.0,3.0,1.0,8.0,7.0,0.0,1413.333,1463.273,97.155,31.494,31.249,8.978,0.0,0.0
177,2.0,3.0,1.0,9.0,8.0,0.0,1488.816,1474.144,67.92,30.749,30.636,8.867,0.0,0.0
179,2.0,3.0,1.0,11.0,10.0,0.0,1233.962,1510.708,97.308,32.177,32.082,9.109,0.0,0.0
180,2.0,3.0,1.0,12.0,11.0,0.0,1381.826,1518.838,64.836,31.343,31.207,8.95,0.0,0.0
181,3.0,3.0,1.0,0.0,0.0,0.0,1784.667,1365.071,-23.975,31.906,31.757,9.024,0.0,0.0
183,3.0,3.0,1.0,2.0,2.0,0.0,1789.513,1428.033,31.489,31.674,31.577,9.05,0.0,0.0
185,4.0,3.0,1.0,0.0,0.0,0.0,2358.293,1262.532,44.575,32.01,31.941,9.065,0.0,0.0
186,4.0,3.0,1.0,1.0,1.0,0.0,2557.183,1491.924,66.147,31.893,31.578,8.997,0.0,0.0
187,4.0,3.0,1.0,2.0,2.0,0.0,2404.506,1494.03,36.466,31.603,31.46,9.023,0.0,0.0
188,4.0,3.0,1.0,3.0,3.0,0.0,2372.665,1577.593,109.854,31.979,31.942,9.061,0.0,0.0
189,4.0,3.0,1.0,4.0,4.0,0.0,2842.238,1605.158,59.381,32.322,32.213,9.148,0.0,0.0
191,4.0,3.0,1.0,6.0,6.0,0.0,2670.736,1633.098,49.026,31.948,31.738,9.028,0.0,0.0
192,5.0,3.0,1.0,0.0,2.0,0.0,3289.811,1432.824,49.149,31.156,31.042,8.9,0.0,0.0
193,5.0,3.0,1.0,1.0,3.0,0.0,3406.359,1478.451,79.168,31.836,31.789,9.019,0.0,0.0
194,5.0,3.0,1.0,2.0,4.0,0.0,3113.677,1507.281,112.232,31.925,31.763,9.028,0.0,0.0
195,5.0,3.0,1.0,3.0,5.0,0.0,3141.276,1534.939,-19.027,31.283,31.169,8.936,0.0,0.0
196,6.0,3.0,1.0,0.0,1.0,0.0,3840.153,1405.488,83.26,31.116,30.987,8.886,0.0,0.0
197,6.0,3.0,1.0,1.0,2.0,0.0,4007.482,1631.22,-0.529,32.92,32.79,9.147,0.0,0.0
199,7.0,3.0,1.0,1.0,2.0,0.0,4584.568,1293.9,15.124,32.441,30.322,9.174,0.0,0.0
200,7.0,3.0,1.0,2.0,3.0,0.0,4537.184,1401.899,-25.234,31.374,31.35,8.975,0.0,0.0
202,7.0,3.0,1.0,4.0,5.0,0.0,4564.216,1642.327,-2.846,33.017,29.828,8.823,0.0,0.0
203,8.0,3.0,1.0,0.0,0.0,0.0,5047.063,1385.87,32.029,31.521,31.465,9.012,0.0,0.0
204,8.0,3.0,1.0,1.0,1.0,0.0,5132.384,1460.382,63.464,31.778,31.664,9.077,0.0,0.0
205,8.0,3.0,1.0,2.0,2.0,0.0,5168.927,1559.732,23.185,32.272,32.216,9.141,0.0,0.0
206,9.0,3.0,1.0,0.0,0.0,0.0,5718.457,1329.996,90.221,31.815,31.792,9.016,0.0,0.0
207,9.0,3.0,1.0,1.0,2.0,0.0,5387.49,1380.991,19.505,31.748,31.607,9.065,0.0,0.0
208,9.0,3.0,1.0,2.0,4.0,0.0,5719.055,1517.047,21.868,32.111,31.744,9.052,0.0,0.0
209,0.0,4.0,1.0,0.0,1.0,0.0,464.714,1799.995,73.004,31.181,31.158,8.92,0.0,0.0
212,0.0,4.0,1.0,3.0,5.0,0.0,56.613,1986.31,39.803,31.811,31.769,9.013,0.0,0.0
213,0.0,4.0,1.0,4.0,6.0,0.0,368.057,2020.745,2.246,31.947,31.745,9.028,0.0,0.0
214,0.0,4.0,1.0,5.0,7.0,0.0,155.247,2029.538,17.237,32.119,32.063,9.098,0.0,0.0
215,0.0,4.0,1.0,6.0,8.0,0.0,46.463,2037.887,36.736,32.528,32.186,9.258,0.0,0.0
216,1.0,4.0,1.0,0.0,0.0,0.0,1134.789,1690.875,107.196,31.805,31.686,9.084,0.0,0.0
217,1.0,4.0,1.0,1.0,1.0,0.0,603.073,1759.685,39.132,32.182,31.992,9.097,0.0,0.0
218,1.0,4.0,1.0,2.0,2.0,0.0,949.133,1772.033,27.26,31.408,31.382,8.984,0.0,0.0
219,1.0,4.0,1.0,3.0,3.0,0.0,806.104,1809.15,-16.292,31.326,31.256,8.955,0.0,0.0
222,1.0,4.0,1.0,6.0,6.0,0.0,792.196,1884.794,44.324,31.579,31.45,9.018,0.0,0.0
224,1.0,4.0,1.0,8.0,9.0,0.0,1041.729,2021.577,68.962,32.621,32.556,9.155,0.0,0.0
225,2.0,4.0,1.0,0.0,0.0,0.0,1466.639,1656.331,106.285,31.72,31.692,8.989,0.0,0.0
226,2.0,4.0,1.0,1.0,2.0,0.0,1625.68,1742.54,86.256,32.658,32.566,9.161,0.0,0.0
227,2.0,4.0,1.0,2.0,3.0,0.0,1356.597,1898.739,110.563,31.486,31.381,8.995,0.0,0.0
228,2.0,4.0,1.0,3.0,4.0,0.0,1399.077,2037.386,73.547,31.688,31.649,9.062,0.0,0.0
229,3.0,4.0,1.0,0.0,1.0,0.0,2038.726,1651.459,97.433,31.543,31.411,9.007,0.0,0.0
230,3.0,4.0,1.0,1.0,2.0,0.0,2251.231,1719.385,88.604,32.574,31.64,9.945,0.0,0.0
231,3.0,4.0,1.0,2.0,3.0,0.0,1747.356,1698.224,2.741,32.038,31.935,9.069,0.0,0.0
232,3.0,4.0,1.0,3.0,4.0,0.0,2058.15,1755.384,-9.908,31.57,31.536,9.029,0.0,0.0
233,3.0,4.0,1.0,4.0,6.0,0.0,1883.242,1954.809,100.061,31.259,31.155,8.93,0.0,0.0
234,3.0,4.0,1.0,5.0,7.0,0.0,2225.692,1959.766,41.56,31.799,31.638,9.077,0.0,0.0
236,4.0,4.0,1.0,1.0,2.0,0.0,2821.889,1780.177,28.969,32.056,31.916,9.068,0.0,0.0
238,4.0,4.0,1.0,3.0,4.0,0.0,2681.646,2006.656,55.842,32.036,31.929,9.067,0.0,0.0
239,5.0,4.0,1.0,0.0,0.0,0.0,3123.748,1737.118,-25.043,31.134,31.067,8.9,0.0,0.0
240,5.0,4.0,1.0,1.0,1.0,0.0,3381.576,1764.607,95.866,31.991,31.82,9.045,0.0,0.0
241,5.0,4.0,1.0,2.0,2.0,0.0,3168.219,1812.502,108.105,31.646,31.404,9.021,0.0,0.0
243,6.0,4.0,1.0,0.0,1.0,0.0,3516.507,1658.595,58.151,32.136,31.946,9.084,0.0,0.0
244,6.0,4.0,1.0,1.0,2.0,0.0,3576.355,1700.807,11.761,31.598,31.328,9.004,0.0,0.0
245,6.0,4.0,1.0,2.0,3.0,0.0,3703.881,1703.801,57.299,31.812,31.712,9.089,0.0,0.0
246,6.0,4.0,1.0,3.0,4.0,0.0,3541.184,1760.925,78.581,32.312,32.07,9.126,0.0,0.0
247,6.0,4.0,1.0,4.0,5.0,0.0,3578.217,1771.944,17.026,31.754,31.731,8.999,0.0,0.0
248,6.0,4.0,1.0,5.0,6.0,0.0,3833.736,1921.573,31.824,31.298,31.113,8.847,0.0,0.0
249,6.0,4.0,1.0,6.0,7.0,0.0,3985.678,1956.633,32.505,31.998,31.913,9.06,0.0,0.0
250,6.0,4.0,1.0,7.0,8.0,0.0,3856.736,2021.679,-1.26,31.933,31.82,9.122,0.0,0.0
251,7.0,4.0,1.0,0.0,1.0,0.0,4109.517,1676.05,34.481,31.698,31.591,9.056,0.0,0.0
252,7.0,4.0,1.0,1.0,4.0,0.0,4437.269,1726.119,-28.85,31.888,31.66,9.008,0.0,0.0
254,7.0,4.0,1.0,3.0,6.0,0.0,4476.858,2039.645,50.474,32.049,31.926,9.069,0.0,0.0
255,7.0,4.0,1.0,4.0,7.0,0.0,4406.282,2049.003,0.694,32.067,31.163,8.963,0.0,0.0
256,8.0,4.0,1.0,0.0,0.0,0.0,5118.173,1661.881,127.74,31.777,31.684,9.08,0.0,0.0
257,8.0,4.0,1.0,1.0,1.0,0.0,4957.099,1754.557,102.412,30.974,30.882,8.935,0.0,0.0
258,8.0,4.0,1.0,2.0,2.0,0.0,5109.221,1858.779,-26.271,31.639,31.426,9.691,0.0,0.0
259,8.0,4.0,1.0,3.0,3.0,0.0,5158.6,1951.631,11.696,32.469,32.213,9.169,0.0,0.0
260,8.0,4.0,1.0,4.0,4.0,0.0,4980.065,1955.448,48.394,31.233,31.016,8.907,0.0,0.0
261,8.0,4.0,1.0,5.0,5.0,0.0,4894.724,1985.363,30.893,31.676,31.365,8.936,0.0,0.0
262,9.0,4.0,1.0,0.0,0.0,0.0,5722.689,1909.15,10.341,31.934,31.862,9.043,0.0,0.0
263,9.0,4.0,1.0,1.0,1.0,0.0,5581.371,1910.392,44.652,30.966,30.138,8.579,0.0,0.0
264,9.0,4.0,1.0,2.0,2.0,0.0,5654.343,1928.349,106.414,32.076,31.867,9.064,0.0,0.0
265,9.0,4.0,1.0,3.0,3.0,0.0,5635.92,1964.886,34.331,31.99,31.82,9.045,0.0,0.0
266,9.0,4.0,1.0,4.0,4.0,0.0,5544.373,1976.79,-27.758,31.634,31.377,9.016,0.0,0.0
267,9.0,4.0,1.0,5.0,5.0,0.0,5262.844,1992.656,31.21,32.307,32.262,9.153,0.0,0.0
268,0.0,5.0,1.0,0.0,2.0,0.0,371.977,2143.407,81.08,31.453,31.232,8.969,0.0,0.0
271,1.0,5.0,1.0,0.0,1.0,0.0,746.771,2137.688,1.581,31.351,31.3,8.964,0.0,0.0
272,1.0,5.0,1.0,1.0,2.0,0.0,776.625,2219.952,22.596,32.018,31.821,9.05,0.0,0.0
274,1.0,5.0,1.0,3.0,4.0,0.0,1061.737,2393.702,120.401,32.456,32.334,9.184,0.0,0.0
275,2.0,5.0,1.0,0.0,1.0,0.0,1182.218,2062.459,77.822,31.86,31.728,9.014,0.0,0.0
276,2.0,5.0,1.0,1.0,2.0,0.0,1512.951,2257.349,-34.579,30.575,30.095,8.68,0.0,0.0
277,2.0,5.0,1.0,2.0,3.0,0.0,1298.601,2271.644,57.248,31.642,31.492,9.033,0.0,0.0
278,2.0,5.0,1.0,3.0,4.0,0.0,1538.891,2296.355,3.811,30.506,30.387,8.796,0.0,0.0
280,2.0,5.0,1.0,5.0,6.0,0.0,1427.245,2336.44,112.107,32.021,31.989,9.074,0.0,0.0
282,2.0,5.0,1.0,7.0,8.0,0.0,1303.512,2344.714,79.572,32.015,31.987,9.072,0.0,0.0
284,3.0,5.0,1.0,0.0,0.0,0.0,1994.099,2058.357,132.288,31.626,31.552,9.04,0.0,0.0
285,3.0,5.0,1.0,1.0,1.0,0.0,2147.084,2121.478,-25.732,32.328,32.145,9.14,0.0,0.0
286,3.0,5.0,1.0,2.0,2.0,0.0,2243.149,2158.69,64.215,31.911,31.826,9.035,0.0,0.0
289,3.0,5.0,1.0,5.0,5.0,0.0,2242.612,2374.397,28.274,32.158,32.017,9.097,0.0,0.0
290,3.0,5.0,1.0,6.0,6.0,0.0,1748.488,2380.162,123.543,32.165,32.152,9.034,0.0,0.0
291,3.0,5.0,1.0,7.0,8.0,0.0,1769.076,2416.073,31.606,32.09,31.913,9.073,0.0,0.0
293,4.0,5.0,1.0,0.0,0.0,0.0,2443.868,2117.092,50.599,32.046,31.909,9.066,0.0,0.0
294,4.0,5.0,1.0,1.0,1.0,0.0,2590.345,2154.216,114.74,31.607,31.498,9.029,0.0,0.0
295,4.0,5.0,1.0,2.0,2.0,0.0,2647.098,2212.634,-40.885,31.6,31.473,9.025,0.0,0.0
296,4.0,5.0,1.0,3.0,3.0,0.0,2648.689,2262.272,117.454,30.813,30.134,9.075,0.0,0.0
297,4.0,5.0,1.0,4.0,4.0,0.0,2688.74,2306.655,128.199,30.478,29.072,8.426,0.0,0.0
298,4.0,5.0,1.0,5.0,6.0,0.0,2433.409,2333.531,18.577,31.878,31.771,9.107,0.0,0.0
299,4.0,5.0,1.0,6.0,7.0,0.0,2561.749,2373.68,-13.941,32.291,32.123,9.131,0.0,0.0
300,4.0,5.0,1.0,7.0,8.0,0.0,2832.813,2375.727,66.928,32.504,32.442,9.206,0.0,0.0
301,4.0,5.0,1.0,8.0,9.0,0.0,2858.455,2407.307,12.91,31.572,31.363,9.005,0.0,0.0
302,4.0,5.0,1.0,9.0,10.0,0.0,2498.169,2410.234,37.224,32.005,31.934,9.063,0.0,0.0
303,5.0,5.0,1.0,0.0,1.0,0.0,3354.147,2081.331,107.158,31.978,31.842,9.047,0.0,0.0
304,5.0,5.0,1.0,1.0,2.0,0.0,3431.137,2169.526,9.893,32.11,32.076,9.099,0.0,0.0
305,5.0,5.0,1.0,2.0,3.0,0.0,3366.968,2268.234,105.616,32.282,32.174,9.137,0.0,0.0
306,5.0,5.0,1.0,3.0,4.0,0.0,3424.019,2358.865,-44.95,31.932,31.873,9.044,0.0,0.0
307,5.0,5.0,1.0,4.0,5.0,0.0,3045.777,2362.676,-17.726,31.649,31.378,9.018,0.0,0.0
308,6.0,5.0,1.0,0.0,2.0,0.0,4011.129,2242.263,14.222,31.866,31.722,9.014,0.0,0.0
309,6.0,5.0,1.0,1.0,3.0,0.0,3735.663,2346.954,103.551,31.95,31.827,9.125,0.0,0.0
310,7.0,5.0,1.0,0.0,2.0,0.0,4309.529,2154.562,69.404,31.568,31.524,9.027,0.0,0.0
311,7.0,5.0,1.0,1.0,3.0,0.0,4578.649,2278.131,16.027,31.815,31.612,9.076,0.0,0.0
314,8.0,5.0,1.0,0.0,0.0,0.0,5014.771,2059.823,-37.773,31.713,31.492,9.044,0.0,0.0
315,8.0,5.0,1.0,1.0,2.0,0.0,5105.742,2110.223,127.543,32.479,32.29,9.097,0.0,0.0
316,8.0,5.0,1.0,2.0,3.0,0.0,4649.51,2114.952,80.364,32.207,32.158,9.124,0.0,0.0
317,8.0,5.0,1.0,3.0,4.0,0.0,4692.03,2207.919,34.625,31.821,31.588,9.073,0.0,0.0
318,8.0,5.0,1.0,4.0,5.0,0.0,4720.618,2246.751,76.945,32.204,32.004,9.101,0.0,0.0
319,9.0,5.0,1.0,0.0,0.0,0.0,5247.618,2122.044,36.058,31.561,31.354,9.002,0.0,0.0
320,9.0,5.0,1.0,1.0,1.0,0.0,5456.896,2211.016,112.742,31.452,31.212,8.966,0.0,0.0
321,9.0,5.0,1.0,2.0,2.0,0.0,5519.944,2221.288,-28.314,31.425,31.087,8.945,0.0,0.0
322,9.0,5.0,1.0,3.0,3.0,0.0,5218.907,2443.639,0.599,32.021,31.819,9.05,0.0,0.0
323,0.0,6.0,1.0,0.0,0.0,0.0,295.23,2513.503,7.504,31.6,31.44,9.02,0.0,0.0
324,0.0,6.0,1.0,1.0,1.0,0.0,516.371,2629.613,75.678,31.481,31.374,8.993,0.0,0.0
325,0.0,6.0,1.0,2.0,2.0,0.0,186.391,2669.121,8.011,32.308,32.266,9.07,0.0,0.0
327,0.0,6.0,1.0,4.0,4.0,0.0,359.1,2808.95,71.493,31.834,31.746,9.097,0.0,0.0
328,1.0,6.0,1.0,0.0,0.0,0.0,1020.504,2484.031,76.493,32.344,32.107,9.136,0.0,0.0
329,1.0,6.0,1.0,1.0,1.0,0.0,1013.896,2516.606,88.061,31.859,31.521,9.068,0.0,0.0
331,1.0,6.0,1.0,3.0,4.0,0.0,968.53,2739.858,5.879,30.991,30.76,8.92,0.0,0.0
332,1.0,6.0,1.0,4.0,5.0,0.0,697.461,2762.313,133.196,31.593,31.43,9.018,0.0,0.0
333,1.0,6.0,1.0,5.0,6.0,0.0,751.434,2830.689,92.065,32.018,31.776,9.043,0.0,0.0
334,2.0,6.0,1.0,0.0,1.0,0.0,1461.802,2558.837,61.65,32.185,32.067,9.108,0.0,0.0
335,2.0,6.0,1.0,1.0,3.0,0.0,1184.736,2647.78,43.825,31.872,31.739,9.102,0.0,0.0
336,2.0,6.0,1.0,2.0,5.0,0.0,1323.943,2815.071,134.266,32.382,32.058,9.89,0.0,0.0
337,2.0,6.0,1.0,3.0,5.0,0.0,1340.54,2793.245,130.529,32.243,32.022,9.974,0.0,0.0
338,2.0,6.0,1.0,4.0,6.0,0.0,1388.599,2795.263,57.702,16.707,16.261,6.49,0.0,0.0
339,2.0,6.0,1.0,5.0,8.0,0.0,1169.839,2849.068,94.183,32.054,31.985,9.078,0.0,0.0
340,3.0,6.0,1.0,0.0,2.0,0.0,2187.311,2511.203,82.443,31.989,31.882,9.054,0.0,0.0
341,4.0,6.0,1.0,0.0,0.0,0.0,2701.862,2504.532,77.127,31.667,31.586,9.05,0.0,0.0
342,4.0,6.0,1.0,1.0,1.0,0.0,2562.274,2753.69,34.932,31.716,31.468,9.041,0.0,0.0
343,4.0,6.0,1.0,2.0,2.0,0.0,2343.031,2800.365,17.269,31.913,31.796,9.031,0.0,0.0
345,5.0,6.0,1.0,1.0,1.0,0.0,3119.885,2532.684,90.746,31.6,31.443,9.02,0.0,0.0
347,5.0,6.0,1.0,3.0,4.0,0.0,3274.391,2656.095,127.94,30.633,30.539,8.837,0.0,0.0
348,5.0,6.0,1.0,4.0,5.0,0.0,3276.51,2747.294,77.068,31.264,31.021,8.912,0.0,0.0
349,5.0,6.0,1.0,5.0,6.0,0.0,3073.344,2756.176,130.583,31.96,31.845,9.13,0.0,0.0
350,5.0,6.0,1.0,6.0,7.0,0.0,2998.279,2774.49,-15.692,32.239,32.051,9.113,0.0,0.0
351,6.0,6.0,1.0,0.0,1.0,0.0,3992.584,2569.606,-29.264,31.89,31.68,9.011,0.0,0.0
352,6.0,6.0,1.0,1.0,2.0,0.0,3862.41,2628.466,59.497,31.373,31.192,8.952,0.0,0.0
354,6.0,6.0,1.0,3.0,4.0,0.0,3867.315,2826.732,29.997,31.967,31.897,9.053,0.0,0.0
356,7.0,6.0,1.0,0.0,0.0,0.0,4060.457,2473.07,38.419,31.997,31.709,9.031,0.0,0.0
357,7.0,6.0,1.0,1.0,1.0,0.0,4170.817,2650.918,11.576,31.915,31.728,9.021,0.0,0.0
361,7.0,6.0,1.0,5.0,5.0,0.0,4583.281,2836.371,28.491,31.95,31.772,9.033,0.0,0.0
362,8.0,6.0,1.0,0.0,0.0,0.0,4934.479,2478.362,42.088,31.912,31.772,9.027,0.0,0.0
363,8.0,6.0,1.0,1.0,1.0,0.0,4831.077,2570.167,44.87,31.364,31.28,8.963,0.0,0.0
364,8.0,6.0,1.0,2.0,2.0,0.0,4662.785,2652.479,114.185,32.199,32.18,9.126,0.0,0.0
365,8.0,6.0,1.0,3.0,3.0,0.0,5167.759,2771.255,-29.676,31.935,31.824,9.038,0.0,0.0
366,8.0,6.0,1.0,4.0,4.0,0.0,4951.685,2834.068,67.703,31.481,31.315,8.985,0.0,0.0
367,9.0,6.0,1.0,0.0,2.0,0.0,5227.069,2531.878,36.558,32.139,32.029,9.096,0.0,0.0
369,9.0,6.0,1.0,2.0,5.0,0.0,5688.525,2710.215,23.423,31.686,31.576,9.052,0.0,0.0
370,9.0,6.0,1.0,3.0,6.0,0.0,5415.597,2786.417,51.221,31.553,31.47,9.018,0.0,0.0
371,9.0,6.0,1.0,4.0,7.0,0.0,5734.247,2827.732,-44.418,32.311,32.258,9.153,0.0,0.0
372,9.0,6.0,1.0,5.0,8.0,0.0,5645.174,2836.748,24.122,32.18,32.099,9.112,0.0,0.0
373,9.0,6.0,1.0,6.0,9.0,0.0,5477.871,2863.54,85.609,32.021,31.839,9.052,0.0,0.0
374,0.0,7.0,1.0,0.0,0.0,0.0,484.774,2912.988,114.648,31.864,31.55,9.073,0.0,0.0
375,0.0,7.0,1.0,1.0,1.0,0.0,217.454,2947.843,79.788,31.488,31.253,8.977,0.0,0.0
376,0.0,7.0,1.0,2.0,3.0,0.0,512.003,2966.485,129.995,31.703,31.408,9.03,0.0,0.0
377,0.0,7.0,1.0,3.0,4.0,0.0,135.932,3024.668,77.628,31.448,31.3,8.978,0.0,0.0
378,0.0,7.0,1.0,4.0,5.0,0.0,211.982,3128.636,129.709,31.552,31.187,8.893,0.0,0.0
379,0.0,7.0,1.0,5.0,6.0,0.0,349.358,3221.888,-37.445,31.845,31.634,8.998,0.0,0.0
380,1.0,7.0,1.0,0.0,2.0,0.0,832.751,3161.454,12.84,31.611,31.496,9.03,0.0,0.0
381,1.0,7.0,1.0,1.0,3.0,0.0,1137.19,3187.102,48.967,32.216,32.118,9.119,0.0,0.0
382,2.0,7.0,1.0,0.0,1.0,0.0,1356.331,2881.407,90.331,31.872,31.73,9.016,0.0,0.0
383,2.0,7.0,1.0,1.0,3.0,0.0,1247.552,3001.615,-41.635,31.596,31.497,9.028,0.0,0.0
384,2.0,7.0,1.0,2.0,4.0,0.0,1404.014,3132.296,-19.052,31.586,31.48,9.024,0.0,0.0
385,2.0,7.0,1.0,3.0,5.0,0.0,1725.714,3157.027,36.569,32.357,32.311,9.167,0.0,0.0
386,2.0,7.0,1.0,4.0,6.0,0.0,1307.601,3161.366,51.809,32.031,31.831,9.053,0.0,0.0
388,3.0,7.0,1.0,0.0,0.0,0.0,2213.64,2908.073,89.513,31.672,31.602,9.053,0.0,0.0
389,3.0,7.0,1.0,1.0,1.0,0.0,2055.435,3101.249,116.769,31.283,30.985,8.909,0.0,0.0
390,3.0,7.0,1.0,2.0,2.0,0.0,1903.354,3154.555,-5.144,32.237,32.072,9.033,0.0,0.0
391,4.0,7.0,1.0,0.0,0.0,0.0,2482.167,3064.167,-27.773,31.809,31.652,9.08,0.0,0.0
392,4.0,7.0,1.0,1.0,2.0,0.0,2344.541,3165.288,-26.846,31.962,31.869,9.048,0.0,0.0
393,4.0,7.0,1.0,2.0,3.0,0.0,2858.359,3197.619,-13.828,31.781,31.404,9.912,0.0,0.0
394,4.0,7.0,1.0,3.0,3.0,0.0,2884.511,3191.396,-25.464,32.333,31.993,9.981,0.0,0.0
395,5.0,7.0,1.0,0.0,0.0,0.0,3308.67,2885.373,103.494,34.487,31.12,9.128,0.0,0.0
397,5.0,7.0,1.0,2.0,2.0,0.0,2944.81,2935.7,14.172,31.666,31.495,9.037,0.0,0.0
398,6.0,7.0,1.0,0.0,1.0,0.0,3644.515,2890.026,88.208,32.738,32.591,9.176,0.0,0.0
399,6.0,7.0,1.0,1.0,2.0,0.0,3529.012,2928.196,76.676,29.031,28.917,8.623,0.0,0.0
400,6.0,7.0,1.0,2.0,3.0,0.0,3671.814,3058.327,92.548,31.803,31.762,9.095,0.0,0.0
401,6.0,7.0,1.0,3.0,4.0,0.0,3644.881,3214.283,56.887,31.691,31.619,9.059,0.0,0.0
403,7.0,7.0,1.0,1.0,1.0,0.0,4381.866,3042.958,-16.683,31.358,30.553,9.034,0.0,0.0
404,7.0,7.0,1.0,2.0,2.0,0.0,4505.222,3230.008,42.114,32.506,32.31,9.188,0.0,0.0
405,7.0,7.0,1.0,3.0,3.0,0.0,4089.084,3266.377,-11.215,32.137,31.903,9.078,0.0,0.0
406,8.0,7.0,1.0,0.0,0.0,0.0,4761.602,2881.745,43.641,31.566,31.498,9.023,0.0,0.0
408,8.0,7.0,1.0,2.0,2.0,0.0,5132.547,3142.657,5.541,32.059,31.912,9.068,0.0,0.0
409,9.0,7.0,1.0,0.0,1.0,0.0,5234.984,2903.085,38.689,32.035,31.889,9.061,0.0,0.0
410,9.0,7.0,1.0,1.0,2.0,0.0,5772.083,2911.732,90.657,33.99,26.541,8.534,0.0,0.0
412,9.0,7.0,1.0,3.0,4.0,0.0,5604.338,2953.043,29.977,32.038,31.922,9.066,0.0,0.0
413,9.0,7.0,1.0,4.0,5.0,0.0,5405.329,2998.062,16.99,31.466,31.392,8.994,0.0,0.0
414,9.0,7.0,1.0,5.0,6.0,0.0,5743.458,3001.121,123.016,32.398,32.282,9.169,0.0,0.0
415,9.0,7.0,1.0,6.0,7.0,0.0,5533.474,3056.871,132.93,31.291,30.571,8.937,0.0,0.0
416,9.0,7.0,1.0,7.0,8.0,0.0,5535.978,3246.776,41.664,32.147,32.051,9.1,0.0,0.0
417,0.0,8.0,1.0,0.0,0.0,0.0,144.297,3333.326,90.805,31.305,31.196,9.028,0.0,0.0
419,0.0,8.0,1.0,2.0,2.0,0.0,357.941,3384.067,108.551,31.687,31.54,8.963,0.0,0.0
420,0.0,8.0,1.0,3.0,3.0,0.0,298.626,3388.581,72.94,31.972,31.667,9.021,0.0,0.0
421,0.0,8.0,1.0,4.0,4.0,0.0,28.416,3392.778,49.37,31.732,31.566,9.057,0.0,0.0
422,0.0,8.0,1.0,5.0,5.0,0.0,227.859,3418.943,33.883,31.87,31.85,9.032,0.0,0.0
423,0.0,8.0,1.0,6.0,6.0,0.0,503.476,3534.854,27.79,31.624,31.458,8.942,0.0,0.0
424,0.0,8.0,1.0,7.0,7.0,0.0,22.228,3682.114,0.983,32.653,29.811,8.85,0.0,0.0
425,1.0,8.0,1.0,0.0,0.0,0.0,1039.463,3578.365,9.16,32.02,31.828,9.051,0.0,0.0
426,2.0,8.0,1.0,0.0,1.0,0.0,1380.218,3311.32,56.623,31.818,31.664,8.999,0.0,0.0
427,2.0,8.0,1.0,1.0,2.0,0.0,1441.95,3426.076,-44.467,31.522,31.157,8.968,0.0,0.0
428,2.0,8.0,1.0,2.0,3.0,0.0,1484.056,3484.271,113.067,30.681,30.55,8.845,0.0,0.0
429,2.0,8.0,1.0,3.0,4.0,0.0,1237.554,3519.005,30.349,31.997,31.947,9.064,0.0,0.0
430,2.0,8.0,1.0,4.0,5.0,0.0,1322.618,3587.66,-13.216,32.36,32.17,9.148,0.0,0.0
431,2.0,8.0,1.0,5.0,6.0,0.0,1479.77,3624.739,-4.484,31.741,31.612,9.065,0.0,0.0
432,2.0,8.0,1.0,6.0,7.0,0.0,1319.922,3648.455,35.203,32.325,32.02,9.038,0.0,0.0
433,2.0,8.0,1.0,7.0,8.0,0.0,1431.684,3663.694,35.833,32.584,32.299,9.113,0.0,0.0
434,3.0,8.0,1.0,0.0,0.0,0.0,2096.478,3309.335,102.413,31.904,31.717,9.018,0.0,0.0
435,3.0,8.0,1.0,1.0,1.0,0.0,1906.691,3331.273,30.911,31.251,30.998,8.907,0.0,0.0
436,3.0,8.0,1.0,2.0,2.0,0.0,2069.29,3549.027,41.834,31.049,30.991,8.877,0.0,0.0
438,3.0,8.0,1.0,4.0,4.0,0.0,1855.118,3615.38,113.853,31.84,31.618,9.079,0.0,0.0
439,3.0,8.0,1.0,5.0,5.0,0.0,2160.651,3653.439,-43.883,32.15,32.064,9.103,0.0,0.0
442,4.0,8.0,1.0,0.0,0.0,0.0,2354.07,3318.295,70.355,31.998,31.922,9.061,0.0,0.0
443,4.0,8.0,1.0,1.0,1.0,0.0,2628.519,3326.79,37.646,31.824,31.693,9.004,0.0,0.0
444,4.0,8.0,1.0,2.0,2.0,0.0,2882.611,3449.718,120.651,31.802,31.687,9.0,0.0,0.0
445,4.0,8.0,1.0,3.0,3.0,0.0,2531.696,3478.627,97.228,31.941,31.819,9.038,0.0,0.0
446,4.0,8.0,1.0,4.0,4.0,0.0,2810.298,3579.582,68.609,32.128,31.951,9.083,0.0,0.0
448,5.0,8.0,1.0,0.0,0.0,0.0,2957.705,3296.001,-30.147,31.774,31.736,9.087,0.0,0.0
449,5.0,8.0,1.0,1.0,1.0,0.0,3286.071,3342.108,103.054,31.54,31.433,9.01,0.0,0.0
450,5.0,8.0,1.0,2.0,2.0,0.0,3164.732,3355.292,29.119,32.043,31.91,9.066,0.0,0.0
451,5.0,8.0,1.0,3.0,4.0,0.0,3039.082,3454.581,60.075,31.794,31.668,8.996,0.0,0.0
452,5.0,8.0,1.0,4.0,5.0,0.0,3464.155,3559.657,95.83,31.907,31.723,9.104,0.0,0.0
453,5.0,8.0,1.0,5.0,6.0,0.0,2931.286,3604.748,103.682,32.008,31.899,9.059,0.0,0.0
454,6.0,8.0,1.0,0.0,0.0,0.0,3527.96,3400.705,-31.878,31.582,31.462,9.021,0.0,0.0
456,6.0,8.0,1.0,2.0,3.0,0.0,3515.411,3570.065,1.538,32.481,32.381,9.11,0.0,0.0
457,6.0,8.0,1.0,3.0,4.0,0.0,3714.009,3570.587,55.303,31.546,31.429,9.011,0.0,0.0
458,6.0,8.0,1.0,4.0,5.0,0.0,3705.559,3643.454,74.038,31.337,31.18,8.945,0.0,0.0
459,6.0,8.0,1.0,5.0,6.0,0.0,3892.844,3677.871,74.638,32.274,32.179,9.053,0.0,0.0
461,7.0,8.0,1.0,1.0,1.0,0.0,4481.983,3369.745,109.199,31.995,31.734,9.118,0.0,0.0
462,7.0,8.0,1.0,2.0,2.0,0.0,4431.684,3383.526,83.921,31.872,31.755,9.019,0.0,0.0
463,7.0,8.0,1.0,3.0,3.0,0.0,4218.999,3468.523,44.834,32.223,31.944,9.013,0.0,0.0
464,7.0,8.0,1.0,4.0,4.0,0.0,4318.95,3550.261,47.878,31.341,31.128,8.938,0.0,0.0
465,7.0,8.0,1.0,5.0,5.0,0.0,4237.848,3644.465,50.968,31.845,31.766,9.017,0.0,0.0
466,8.0,8.0,1.0,0.0,0.0,0.0,5191.555,3294.496,-32.195,32.632,32.269,9.2,0.0,0.0
467,8.0,8.0,1.0,1.0,1.0,0.0,5158.688,3318.853,131.4,31.96,31.86,9.047,0.0,0.0
469,8.0,8.0,1.0,3.0,3.0,0.0,5098.968,3436.964,-5.893,31.506,31.336,8.992,0.0,0.0
471,8.0,8.0,1.0,5.0,5.0,0.0,4902.999,3541.748,75.657,31.33,31.213,8.949,0.0,0.0
473,8.0,8.0,1.0,7.0,7.0,0.0,4851.075,3572.463,-41.338,31.309,31.16,9.024,0.0,0.0
475,8.0,8.0,1.0,9.0,9.0,0.0,5036.154,3641.656,20.196,32.316,32.106,9.132,0.0,0.0
476,9.0,8.0,1.0,0.0,1.0,0.0,5601.955,3368.644,87.025,31.577,31.513,8.943,0.0,0.0
477,9.0,8.0,1.0,1.0,2.0,0.0,5533.433,3437.347,114.92,31.628,31.474,9.029,0.0,0.0
478,9.0,8.0,1.0,2.0,3.0,0.0,5340.887,3464.196,23.678,31.806,31.75,9.009,0.0,0.0
479,9.0,8.0,1.0,3.0,4.0,0.0,5463.132,3488.735,128.43,31.432,31.3,8.976,0.0,0.0
480,9.0,8.0,1.0,4.0,5.0,0.0,5421.923,3512.789,70.375,31.467,31.268,8.976,0.0,0.0
481,9.0,8.0,1.0,5.0,6.0,0.0,5582.879,3534.054,-18.917,31.224,30.74,8.951,0.0,0.0
482,9.0,8.0,1.0,6.0,7.0,0.0,5486.517,3535.92,79.815,31.131,31.087,8.902,0.0,0.0
487,0.0,9.0,1.0,4.0,9.0,0.0,347.965,4047.973,19.242,31.765,31.641,8.988,0.0,0.0
488,1.0,9.0,1.0,0.0,3.0,0.0,738.689,3818.189,95.166,31.481,31.478,8.925,0.0,0.0
489,2.0,9.0,1.0,0.0,1.0,0.0,1451.125,3695.638,53.618,31.988,31.943,9.062,0.0,0.0
494,3.0,9.0,1.0,1.0,2.0,0.0,2009.148,3791.452,76.079,31.965,31.849,9.046,0.0,0.0
496,3.0,9.0,1.0,3.0,4.0,0.0,2221.816,3954.612,20.179,32.474,32.371,9.108,0.0,0.0
497,4.0,9.0,1.0,0.0,2.0,0.0,2357.006,3731.536,34.512,31.866,31.643,9.087,0.0,0.0
498,4.0,9.0,1.0,1.0,3.0,0.0,2442.378,3786.263,12.637,31.895,31.085,8.927,0.0,0.0
500,4.0,9.0,1.0,3.0,5.0,0.0,2562.593,3897.489,89.514,31.554,31.436,9.013,0.0,0.0
501,4.0,9.0,1.0,4.0,6.0,0.0,2439.654,3918.717,85.977,31.413,31.298,8.973,0.0,0.0
502,4.0,9.0,1.0,5.0,7.0,0.0,2633.733,3946.81,23.605,31.018,30.795,8.845,0.0,0.0
503,5.0,9.0,1.0,0.0,0.0,0.0,2990.103,3728.214,0.346,31.705,31.43,8.949,0.0,0.0
504,5.0,9.0,1.0,1.0,2.0,0.0,3094.272,3813.622,93.353,31.192,31.116,9.0,0.0,0.0
505,5.0,9.0,1.0,2.0,3.0,0.0,3273.981,3826.153,-20.931,31.534,31.424,9.008,0.0,0.0
506,5.0,9.0,1.0,3.0,4.0,0.0,3232.082,3826.539,18.612,31.439,31.339,8.983,0.0,0.0
508,5.0,9.0,1.0,5.0,6.0,0.0,3091.927,3908.727,-43.76,30.976,30.896,8.938,0.0,0.0
509,5.0,9.0,1.0,6.0,7.0,0.0,3310.479,3924.95,130.419,31.096,30.898,8.955,0.0,0.0
511,5.0,9.0,1.0,8.0,9.0,0.0,2992.655,4023.849,84.908,32.209,32.083,9.113,0.0,0.0
514,5.0,9.0,1.0,11.0,12.0,0.0,2915.011,4074.053,66.532,32.068,32.016,9.084,0.0,0.0
515,6.0,9.0,1.0,0.0,1.0,0.0,3474.516,3747.514,25.977,31.514,31.339,8.993,0.0,0.0
516,6.0,9.0,1.0,1.0,3.0,0.0,3628.048,3803.386,-2.13,31.994,31.803,9.043,0.0,0.0
517,6.0,9.0,1.0,2.0,4.0,0.0,3920.203,3850.02,128.987,31.88,31.768,9.022,0.0,0.0
518,6.0,9.0,1.0,3.0,5.0,0.0,4024.212,3943.927,4.518,31.762,31.565,9.061,0.0,0.0
519,6.0,9.0,1.0,4.0,6.0,0.0,3990.983,3947.232,-2.88,32.276,32.029,9.116,0.0,0.0
520,6.0,9.0,1.0,5.0,7.0,0.0,3762.513,3967.99,-6.19,31.666,31.421,9.027,0.0,0.0
521,7.0,9.0,1.0,0.0,0.0,0.0,4493.504,3696.926,94.773,32.216,32.13,9.121,0.0,0.0
522,7.0,9.0,1.0,1.0,1.0,0.0,4478.611,3733.099,122.649,31.743,31.531,9.054,0.0,0.0
524,7.0,9.0,1.0,3.0,3.0,0.0,4251.22,3836.061,34.557,31.518,31.473,9.013,0.0,0.0
525,8.0,9.0,1.0,0.0,0.0,0.0,4762.058,3873.69,37.799,31.486,31.45,9.005,0.0,0.0
526,8.0,9.0,1.0,1.0,1.0,0.0,4839.1,3953.473,45.871,31.681,31.532,9.045,0.0,0.0
527,8.0,9.0,1.0,2.0,2.0,0.0,4938.198,3976.61,48.671,31.07,30.933,8.871,0.0,0.0
528,8.0,9.0,1.0,3.0,3.0,0.0,5027.611,4090.059,-4.129,32.778,30.146,8.92,0.0,0.0
529,9.0,9.0,1.0,0.0,2.0,0.0,5448.06,3748.118,-35.943,32.188,32.078,9.11,0.0,0.0
530,9.0,9.0,1.0,1.0,3.0,0.0,5450.25,3786.765,56.335,31.898,31.777,9.026,0.0,0.0
531,9.0,9.0,1.0,2.0,4.0,0.0,5533.413,3800.263,-43.844,31.461,31.401,8.995,0.0,0.0
532,9.0,9.0,1.0,3.0,5.0,0.0,5727.409,3809.299,-15.519,32.076,31.928,9.073,0.0,0.0
534,9.0,9.0,1.0,5.0,7.0,0.0,5494.049,3933.122,38.926,31.128,31.015,8.892,0.0,0.0
535,0.0,10.0,1.0,0.0,0.0,0.0,309.467,4106.234,69.407,31.929,31.782,9.031,0.0,0.0
536,0.0,10.0,1.0,1.0,1.0,0.0,170.091,4127.717,59.551,31.765,31.644,8.988,0.0,0.0
537,0.0,10.0,1.0,2.0,2.0,0.0,71.028,4191.235,40.562,31.819,31.678,9.085,0.0,0.0
538,0.0,10.0,1.0,3.0,3.0,0.0,438.138,4191.966,62.913,31.265,31.144,8.93,0.0,0.0
539,0.0,10.0,1.0,4.0,4.0,0.0,364.885,4227.259,94.725,31.226,31.096,8.917,0.0,0.0
543,1.0,10.0,1.0,1.0,1.0,0.0,1082.722,4170.825,61.068,31.598,31.502,8.945,0.0,0.0
544,1.0,10.0,1.0,2.0,2.0,0.0,1108.153,4206.688,122.49,32.463,32.278,9.012,0.0,0.0
545,1.0,10.0,1.0,3.0,3.0,0.0,849.166,4236.477,101.749,31.429,31.16,8.955,0.0,0.0
546,1.0,10.0,1.0,4.0,5.0,0.0,739.025,4294.655,82.676,32.248,32.164,9.131,0.0,0.0
547,1.0,10.0,1.0,5.0,6.0,0.0,955.081,4344.617,-36.594,30.892,30.748,8.82,0.0,0.0
548,1.0,10.0,1.0,6.0,7.0,0.0,718.556,4368.069,5.767,31.86,31.73,9.014,0.0,0.0
549,1.0,10.0,1.0,7.0,8.0,0.0,680.574,4376.007,60.736,31.631,31.569,8.959,0.0,0.0
551,2.0,10.0,1.0,0.0,0.0,0.0,1536.435,4160.162,78.348,31.546,31.488,9.019,0.0,0.0
552,2.0,10.0,1.0,1.0,1.0,0.0,1342.069,4192.257,124.01,31.648,31.532,9.04,0.0,0.0
553,2.0,10.0,1.0,2.0,2.0,0.0,1218.076,4222.29,104.048,32.266,32.134,8.964,0.0,0.0
554,2.0,10.0,1.0,3.0,3.0,0.0,1178.992,4244.524,10.261,32.084,31.997,9.084,0.0,0.0
556,2.0,10.0,1.0,5.0,6.0,0.0,1549.795,4326.868,43.75,30.732,30.672,8.786,0.0,0.0
557,2.0,10.0,1.0,6.0,7.0,0.0,1507.024,4386.585,23.043,31.882,31.738,9.018,0.0,0.0
559,2.0,10.0,1.0,8.0,9.0,0.0,1192.658,4498.445,-1.04,33.666,29.513,8.866,0.0,0.0
561,3.0,10.0,1.0,1.0,1.0,0.0,2146.87,4168.44,87.211,32.105,32.013,9.089,0.0,0.0
562,3.0,10.0,1.0,2.0,2.0,0.0,2186.091,4190.985,52.009,31.722,31.641,9.066,0.0,0.0
563,3.0,10.0,1.0,3.0,3.0,0.0,2090.831,4376.851,126.698,31.473,31.322,8.985,0.0,0.0
564,3.0,10.0,1.0,4.0,4.0,0.0,2134.977,4431.772,82.665,31.689,31.545,9.048,0.0,0.0
565,4.0,10.0,1.0,0.0,0.0,0.0,2874.629,4363.308,25.885,32.21,32.078,9.113,0.0,0.0
566,4.0,10.0,1.0,1.0,1.0,0.0,2557.156,4431.62,74.599,31.467,31.184,8.964,0.0,0.0
567,4.0,10.0,1.0,2.0,3.0,0.0,2473.66,4464.531,37.188,32.286,32.187,9.139,0.0,0.0
568,4.0,10.0,1.0,3.0,4.0,0.0,2419.941,4479.971,60.848,32.383,32.33,9.173,0.0,0.0
569,5.0,10.0,1.0,0.0,2.0,0.0,2971.749,4406.791,81.519,31.785,31.775,9.01,0.0,0.0
570,6.0,10.0,1.0,0.0,1.0,0.0,3537.417,4210.502,26.178,32.109,31.77,9.055,0.0,0.0
571,6.0,10.0,1.0,1.0,2.0,0.0,3679.804,4217.313,24.754,35.359,34.603,9.488,0.0,0.0
573,6.0,10.0,1.0,3.0,4.0,0.0,3548.787,4318.128,-24.938,33.055,33.009,9.196,0.0,0.0
574,6.0,10.0,1.0,4.0,5.0,0.0,3939.723,4378.97,22.01,31.915,31.744,9.024,0.0,0.0
575,6.0,10.0,1.0,5.0,6.0,0.0,4012.633,4467.55,24.819,32.503,32.458,9.124,0.0,0.0
576,7.0,10.0,1.0,0.0,0.0,0.0,4490.867,4112.651,9.93,31.773,31.34,8.946,0.0,0.0
577,7.0,10.0,1.0,1.0,1.0,0.0,4349.647,4295.799,112.45,30.868,30.688,8.892,0.0,0.0
578,7.0,10.0,1.0,2.0,2.0,0.0,4501.61,4300.391,64.82,32.182,31.988,9.096,0.0,0.0
579,7.0,10.0,1.0,3.0,3.0,0.0,4182.105,4300.564,13.672,31.385,31.274,8.966,0.0,0.0
580,7.0,10.0,1.0,4.0,4.0,0.0,4111.057,4435.231,116.078,32.344,32.222,9.152,0.0,0.0
582,8.0,10.0,1.0,0.0,1.0,0.0,4885.969,4153.441,64.853,31.594,31.465,9.022,0.0,0.0
584,8.0,10.0,1.0,2.0,3.0,0.0,5193.929,4209.173,92.542,32.39,30.137,8.856,0.0,0.0
585,8.0,10.0,1.0,3.0,4.0,0.0,4888.447,4237.055,62.702,31.203,31.027,8.904,0.0,0.0
586,8.0,10.0,1.0,4.0,5.0,0.0,4908.407,4490.15,33.147,31.98,31.908,9.056,0.0,0.0
587,8.0,10.0,1.0,5.0,6.0,0.0,4857.063,4490.907,79.655,32.331,32.247,9.154,0.0,0.0
590,9.0,10.0,1.0,2.0,3.0,0.0,5586.825,4271.347,45.824,31.321,31.216,8.948,0.0,0.0
591,9.0,10.0,1.0,3.0,4.0,0.0,5332.992,4378.974,72.64,31.661,31.609,9.053,0.0,0.0
592,9.0,10.0,1.0,4.0,5.0,0.0,5424.386,4457.04,-20.037,31.385,31.276,8.966,0.0,0.0
594,0.0,11.0,1.0,1.0,1.0,0.0,70.076,4567.483,31.706,31.905,31.669,9.012,0.0,0.0
597,0.0,11.0,1.0,4.0,5.0,0.0,494.056,4779.206,-1.47,31.993,31.973,9.067,0.0,0.0
598,1.0,11.0,1.0,0.0,0.0,0.0,596.265,4569.957,44.562,33.043,32.824,9.168,0.0,0.0
599,1.0,11.0,1.0,1.0,2.0,0.0,709.016,4779.3,95.59,31.797,31.66,8.995,0.0,0.0
600,2.0,11.0,1.0,0.0,1.0,0.0,1479.561,4519.691,-1.583,32.081,31.979,9.081,0.0,0.0
601,2.0,11.0,1.0,1.0,2.0,0.0,1184.506,4574.414,11.695,32.136,31.978,9.088,0.0,0.0
602,2.0,11.0,1.0,2.0,3.0,0.0,1604.872,4813.695,9.059,31.737,31.541,9.054,0.0,0.0
603,3.0,11.0,1.0,0.0,0.0,0.0,1974.234,4525.173,96.986,31.715,31.579,9.056,0.0,0.0
604,3.0,11.0,1.0,1.0,1.0,0.0,2180.865,4554.717,-9.195,31.973,31.825,9.044,0.0,0.0
605,3.0,11.0,1.0,2.0,2.0,0.0,2052.246,4773.701,25.744,31.636,31.279,9.002,0.0,0.0
606,3.0,11.0,1.0,3.0,3.0,0.0,1981.926,4823.378,39.181,31.602,31.566,9.038,0.0,0.0
607,3.0,11.0,1.0,4.0,4.0,0.0,1945.905,4866.358,5.181,31.81,31.636,9.078,0.0,0.0
608,3.0,11.0,1.0,5.0,5.0,0.0,2150.49,4894.007,71.032,32.709,32.595,9.172,0.0,0.0
609,4.0,11.0,1.0,0.0,1.0,0.0,2508.198,4574.106,100.838,31.567,31.495,9.023,0.0,0.0
610,4.0,11.0,1.0,1.0,2.0,0.0,2836.49,4591.74,86.627,31.946,31.823,9.039,0.0,0.0
611,4.0,11.0,1.0,2.0,3.0,0.0,2464.545,4620.67,48.042,31.931,31.757,9.028,0.0,0.0
612,4.0,11.0,1.0,3.0,4.0,0.0,2797.815,4689.43,17.817,32.198,32.125,9.118,0.0,0.0
613,4.0,11.0,1.0,4.0,5.0,0.0,2598.304,4709.881,93.763,31.555,31.356,9.001,0.0,0.0
615,4.0,11.0,1.0,6.0,7.0,0.0,2790.906,4756.942,6.947,31.78,31.716,9.085,0.0,0.0
616,4.0,11.0,1.0,7.0,9.0,0.0,2889.857,4841.847,89.127,33.005,30.582,8.766,0.0,0.0
618,4.0,11.0,1.0,9.0,11.0,0.0,2785.735,4858.448,11.419,32.119,32.032,9.094,0.0,0.0
619,5.0,11.0,1.0,0.0,0.0,0.0,2942.875,4555.402,66.599,32.301,30.399,9.244,0.0,0.0
622,5.0,11.0,1.0,3.0,3.0,0.0,2993.744,4728.959,19.868,31.997,31.803,9.044,0.0,0.0
624,5.0,11.0,1.0,5.0,5.0,0.0,3219.079,4818.642,37.563,31.895,31.608,9.854,0.0,0.0
625,5.0,11.0,1.0,6.0,7.0,0.0,3148.843,4852.201,98.652,31.785,31.695,8.999,0.0,0.0
626,5.0,11.0,1.0,7.0,8.0,0.0,3334.286,4869.816,129.363,32.352,32.152,9.06,0.0,0.0
627,5.0,11.0,1.0,8.0,9.0,0.0,3010.618,4902.431,105.517,31.877,31.8,9.026,0.0,0.0
628,6.0,11.0,1.0,0.0,1.0,0.0,3629.725,4694.752,131.967,31.8,31.679,9.083,0.0,0.0
629,6.0,11.0,1.0,1.0,3.0,0.0,3914.084,4730.084,-20.682,31.758,31.485,9.049,0.0,0.0
630,6.0,11.0,1.0,2.0,4.0,0.0,3860.248,4831.668,65.962,31.589,31.483,9.024,0.0,0.0
631,6.0,11.0,1.0,3.0,5.0,0.0,3573.837,4845.275,-33.139,32.044,31.914,9.066,0.0,0.0
632,6.0,11.0,1.0,4.0,6.0,0.0,3643.976,4891.879,103.549,32.11,31.982,9.085,0.0,0.0
635,7.0,11.0,1.0,2.0,2.0,0.0,4271.844,4809.31,-4.028,31.632,31.599,9.047,0.0,0.0
636,7.0,11.0,1.0,3.0,3.0,0.0,4552.89,4859.339,90.166,31.729,31.662,8.986,0.0,0.0
637,7.0,11.0,1.0,4.0,5.0,0.0,4149.226,4884.198,-19.297,32.289,32.079,9.125,0.0,0.0
638,8.0,11.0,1.0,0.0,2.0,0.0,5080.63,4752.77,101.582,31.533,31.457,9.013,0.0,0.0
639,8.0,11.0,1.0,1.0,3.0,0.0,4628.458,4879.781,-21.524,32.09,32.052,9.092,0.0,0.0
643,9.0,11.0,1.0,2.0,1.0,0.0,5591.68,4786.28,-42.388,31.419,31.376,8.985,0.0,0.0
645,1.0,12.0,1.0,0.0,0.0,0.0,948.931,4997.297,-2.425,31.834,31.756,9.014,0.0,0.0
646,1.0,12.0,1.0,1.0,1.0,0.0,860.296,5027.757,132.51,31.257,31.18,8.934,0.0,0.0
647,1.0,12.0,1.0,2.0,2.0,0.0,1068.342,5042.848,24.817,32.117,31.98,9.086,0.0,0.0
648,1.0,12.0,1.0,3.0,3.0,0.0,628.25,5098.698,-26.933,32.292,32.075,9.124,0.0,0.0
649,1.0,12.0,1.0,4.0,4.0,0.0,609.06,5233.821,7.694,31.977,31.77,9.036,0.0,0.0
650,2.0,12.0,1.0,0.0,0.0,0.0,1280.414,4919.51,38.324,31.863,31.736,9.1,0.0,0.0
651,2.0,12.0,1.0,1.0,1.0,0.0,1497.13,4930.994,92.377,31.744,31.703,9.078,0.0,0.0
652,2.0,12.0,1.0,2.0,2.0,0.0,1569.284,4960.278,130.34,32.037,31.68,9.032,0.0,0.0
653,2.0,12.0,1.0,3.0,3.0,0.0,1612.543,4961.128,-34.674,31.88,31.7,9.013,0.0,0.0
655,2.0,12.0,1.0,5.0,5.0,0.0,1237.983,5183.094,-43.35,31.57,31.475,9.021,0.0,0.0
657,3.0,12.0,1.0,1.0,3.0,0.0,1969.698,5194.124,61.071,31.791,31.716,9.002,0.0,0.0
658,3.0,12.0,1.0,2.0,4.0,0.0,1867.153,5217.169,110.542,31.876,31.726,9.016,0.0,0.0
660,4.0,12.0,1.0,0.0,0.0,0.0,2349.57,5020.035,7.142,31.419,31.368,8.984,0.0,0.0
661,4.0,12.0,1.0,1.0,1.0,0.0,2401.192,5044.579,74.707,31.846,31.725,9.011,0.0,0.0
662,4.0,12.0,1.0,2.0,2.0,0.0,2492.568,5093.755,97.676,31.782,31.694,8.998,0.0,0.0
663,4.0,12.0,1.0,3.0,3.0,0.0,2556.606,5129.456,32.23,32.067,31.91,9.069,0.0,0.0
664,4.0,12.0,1.0,4.0,5.0,0.0,2717.295,5298.264,66.586,24.884,24.571,7.949,0.0,0.0
665,5.0,12.0,1.0,0.0,1.0,0.0,3227.316,4937.062,-36.199,32.766,32.368,9.995,0.0,0.0
666,5.0,12.0,1.0,1.0,2.0,0.0,2941.07,4949.252,14.74,31.686,31.58,9.052,0.0,0.0
667,5.0,12.0,1.0,2.0,3.0,0.0,2958.844,4998.846,52.263,32.358,32.158,9.145,0.0,0.0
668,5.0,12.0,1.0,3.0,4.0,0.0,3096.039,5003.563,82.101,32.156,31.998,9.094,0.0,0.0
669,5.0,12.0,1.0,4.0,5.0,0.0,2954.59,5095.306,49.576,31.623,31.471,9.028,0.0,0.0
670,5.0,12.0,1.0,5.0,7.0,0.0,3343.552,5234.964,-19.69,32.068,32.024,9.085,0.0,0.0
672,5.0,12.0,1.0,7.0,10.0,0.0,3436.188,5295.004,15.15,32.209,31.952,9.095,0.0,0.0
673,6.0,12.0,1.0,0.0,1.0,0.0,3592.759,4950.935,123.435,32.158,32.023,9.098,0.0,0.0
674,6.0,12.0,1.0,1.0,2.0,0.0,3526.834,4994.798,27.39,31.877,31.751,9.019,0.0,0.0
675,6.0,12.0,1.0,2.0,3.0,0.0,3868.688,5068.002,81.669,31.789,31.612,8.987,0.0,0.0
676,6.0,12.0,1.0,3.0,4.0,0.0,3603.407,5091.972,13.893,31.561,31.492,9.022,0.0,0.0
677,6.0,12.0,1.0,4.0,5.0,0.0,3862.466,5179.562,127.843,31.564,31.246,8.987,0.0,0.0
678,7.0,12.0,1.0,0.0,1.0,0.0,4219.691,4972.841,-23.962,31.912,31.821,9.034,0.0,0.0
680,8.0,12.0,1.0,0.0,1.0,0.0,5108.916,4938.267,-34.864,32.097,31.91,9.073,0.0,0.0
681,8.0,12.0,1.0,1.0,2.0,0.0,4772.015,5010.405,-24.619,31.46,31.341,8.986,0.0,0.0
682,8.0,12.0,1.0,2.0,3.0,0.0,4694.991,5041.331,-15.856,32.014,31.727,9.035,0.0,0.0
683,8.0,12.0,1.0,3.0,5.0,0.0,4832.094,5064.265,42.006,31.909,31.67,9.012,0.0,0.0
684,8.0,12.0,1.0,4.0,6.0,0.0,4799.139,5121.001,94.626,31.602,31.516,9.031,0.0,0.0
685,8.0,12.0,1.0,5.0,7.0,0.0,4717.35,5122.527,42.793,31.755,31.522,9.054,0.0,0.0
686,8.0,12.0,1.0,6.0,8.0,0.0,5060.535,5316.956,-3.993,33.816,25.389,8.367,0.0,0.0
687,9.0,12.0,1.0,0.0,0.0,0.0,5455.58,4960.006,126.314,32.109,31.954,9.081,0.0,0.0
688,9.0,12.0,1.0,1.0,1.0,0.0,5652.458,5013.564,98.625,32.029,31.909,9.063,0.0,0.0
690,9.0,12.0,1.0,3.0,3.0,0.0,5602.977,5091.429,21.772,31.278,31.217,8.942,0.0,0.0
691,9.0,12.0,1.0,4.0,4.0,0.0,5383.078,5111.654,-9.183,31.44,31.282,8.975,0.0,0.0
693,9.0,12.0,1.0,6.0,6.0,0.0,5645.548,5248.209,-12.633,31.736,31.644,9.069,0.0,0.0
694,0.0,2.0,1.0,0.0,0.0,0.0,206.035,1045.744,126.499,32.97,32.394,24.032,4.0,
695,0.0,4.0,1.0,0.0,0.0,0.0,281.285,1857.643,123.582,33.059,31.8,25.644,4.0,
696,0.0,5.0,1.0,0.0,0.0,0.0,389.87,2281.58,-21.688,32.573,31.281,27.167,4.0,
697,0.0,8.0,1.0,0.0,0.0,0.0,139.047,3383.167,28.596,13.364,12.549,11.021,4.0,
698,0.0,8.0,1.0,0.0,0.0,0.0,178.323,3396.647,50.757,14.457,13.886,12.032,4.0,
700,0.0,12.0,1.0,0.0,0.0,0.0,445.124,5324.778,-19.889,32.47,30.001,21.758,4.0,
701,1.0,0.0,1.0,0.0,0.0,0.0,734.068,42.17,49.273,32.756,31.54,25.338,4.0,
702,1.0,0.0,1.0,0.0,0.0,0.0,745.041,18.845,-1.573,33.728,31.602,27.949,4.0,
704,1.0,1.0,1.0,0.0,0.0,0.0,1058.665,607.24,42.701,32.544,31.76,27.418,4.0,
705,1.0,1.0,1.0,0.0,0.0,0.0,1042.203,623.489,117.062,32.22,31.797,27.194,4.0,
706,1.0,9.0,1.0,0.0,0.0,0.0,722.237,3719.434,99.445,33.229,32.398,27.935,4.0,
707,1.0,9.0,1.0,0.0,0.0,0.0,698.632,3721.169,-25.432,32.266,32.149,27.38,4.0,
709,1.0,12.0,1.0,0.0,0.0,0.0,997.11,5320.298,99.857,33.291,31.803,25.536,4.0,
710,2.0,0.0,1.0,0.0,0.0,0.0,1607.251,210.47,90.875,32.62,31.771,27.375,4.0,
711,2.0,0.0,1.0,0.0,0.0,0.0,1625.95,224.997,-43.763,33.379,32.31,27.973,4.0,
712,2.0,3.0,1.0,0.0,0.0,0.0,1458.894,1264.426,43.416,32.204,31.72,27.22,4.0,
713,2.0,3.0,1.0,0.0,0.0,0.0,1450.413,1266.232,103.807,32.72,30.921,25.105,4.0,
714,2.0,6.0,1.0,0.0,0.0,0.0,1203.277,2827.133,93.385,32.629,31.8,27.351,4.0,
715,2.0,6.0,1.0,0.0,0.0,0.0,1207.183,2807.133,127.214,32.307,31.767,27.189,4.0,
717,2.0,6.0,1.0,0.0,0.0,0.0,1714.601,2487.207,-0.283,32.94,32.602,24.131,4.0,
718,2.0,6.0,1.0,0.0,0.0,0.0,1729.289,2507.028,133.097,32.491,32.255,25.5,4.0,
719,3.0,3.0,1.0,0.0,0.0,0.0,1909.235,1378.947,25.769,32.231,31.271,27.112,4.0,
720,3.0,3.0,1.0,0.0,0.0,0.0,1901.939,1386.628,114.681,32.537,32.001,27.402,4.0,
722,3.0,4.0,1.0,0.0,0.0,0.0,2140.666,1831.055,-6.251,32.449,31.797,23.704,4.0,
723,3.0,4.0,1.0,0.0,0.0,0.0,2148.836,1845.75,133.345,32.436,30.767,25.016,4.0,
724,3.0,4.0,1.0,0.0,0.0,0.0,2250.75,1692.277,102.731,33.463,32.16,19.585,4.0,
726,4.0,1.0,1.0,0.0,0.0,0.0,2706.98,499.598,77.075,33.017,32.204,27.72,4.0,
727,4.0,5.0,1.0,0.0,0.0,0.0,2601.208,2340.92,-42.556,32.265,29.998,24.674,4.0,
728,4.0,5.0,1.0,0.0,0.0,0.0,2588.977,2331.983,127.695,31.554,31.274,24.764,4.0,
730,4.0,6.0,1.0,0.0,0.0,0.0,2524.227,2829.864,-32.117,31.98,31.332,26.908,4.0,
731,4.0,6.0,1.0,0.0,0.0,0.0,2499.835,2828.629,17.439,32.632,31.993,27.467,4.0,
733,4.0,7.0,1.0,0.0,0.0,0.0,2680.899,3180.537,-43.063,32.728,32.163,27.651,4.0,
735,4.0,10.0,1.0,0.0,0.0,0.0,2801.865,4455.245,4.092,32.417,31.494,27.275,4.0,
736,4.0,11.0,1.0,0.0,0.0,0.0,2483.167,4718.938,34.195,32.531,31.238,27.059,4.0,
737,4.0,11.0,1.0,0.0,0.0,0.0,2474.596,4718.543,47.791,31.978,31.67,27.069,4.0,
739,4.0,11.0,1.0,0.0,0.0,0.0,2476.852,4785.183,-26.065,32.942,32.013,27.605,4.0,
741,5.0,2.0,1.0,0.0,0.0,0.0,3457.142,1203.521,81.655,33.702,32.535,28.089,4.0,
742,5.0,2.0,1.0,0.0,0.0,0.0,3454.495,1215.938,90.52,33.891,32.537,28.118,4.0,
744,5.0,6.0,1.0,0.0,0.0,0.0,3175.742,2603.541,78.778,32.443,32.014,27.36,4.0,
745,5.0,6.0,1.0,0.0,0.0,0.0,3172.71,2618.641,-2.239,32.335,32.015,27.397,4.0,
747,5.0,8.0,1.0,0.0,0.0,0.0,3319.015,3637.692,45.71,32.193,30.947,26.935,4.0,
748,5.0,8.0,1.0,0.0,0.0,0.0,3302.841,3642.621,53.239,31.679,31.205,26.786,4.0,
749,5.0,11.0,1.0,0.0,0.0,0.0,3285.774,4790.958,92.006,30.534,24.076,22.994,4.0,
750,5.0,12.0,1.0,0.0,0.0,0.0,3251.992,4925.724,17.791,32.8,31.31,23.641,4.0,
751,6.0,9.0,1.0,0.0,0.0,0.0,3911.122,3793.503,125.343,47.047,45.497,39.391,4.0,
753,7.0,11.0,1.0,0.0,0.0,0.0,4440.173,4736.757,131.438,32.185,31.511,25.104,4.0,
754,7.0,11.0,1.0,0.0,0.0,0.0,4428.086,4720.985,65.502,32.348,31.51,25.085,4.0,
755,8.0,2.0,1.0,0.0,0.0,0.0,4972.651,1063.894,-5.955,33.905,31.98,27.879,4.0,
757,8.0,5.0,1.0,0.0,0.0,0.0,4817.958,2423.359,129.161,32.292,31.406,27.092,4.0,
758,8.0,5.0,1.0,0.0,0.0,0.0,4802.62,2404.238,-44.339,32.254,30.665,26.849,4.0,
759,9.0,0.0,1.0,0.0,0.0,0.0,5610.161,257.136,102.242,32.33,31.269,27.065,4.0,
760,9.0,12.0,1.0,0.0,0.0,0.0,5510.991,5238.272,20.798,31.929,31.311,26.876,4.0,
761,9.0,12.0,1.0,0.0,0.0,0.0,5504.557,5229.284,34.97,31.86,30.917,26.606,4.0,
</ResultDatas>,,,,,,,,,,,,,,
<ElementResult>,,,,,,,,,,,,,,
0,0.0,,,,,,,,,,,,,
1,0.0,,,,,,,,,,,,,
2,0.0,,,,,,,,,,,,,
3,2.0,,,,,,,,,,,,,
4,1.0,,,,,,,,,,,,,
5,617.0,,,,,,,,,,,,,
</ElementResult>,,,,,,,,,,,,,,
