No,ImageNoX,ImageNoY,ImageNoZ,ElpsLabel,ObjLabel,Average,GravX,GravY,Angle,MjrAx,MnrAx,X2,Status,DepthAve
0,0.0,0.0,0.0,0.0,0.0,0.0,351.554,31.507,98.423,30.426,30.187,8.841,0.0,0.0
1,0.0,0.0,0.0,1.0,1.0,0.0,482.121,142.05,6.25,30.66,30.497,9.826,0.0,0.0
2,0.0,0.0,0.0,2.0,1.0,0.0,505.871,134.864,86.713,30.818,30.653,9.769,0.0,0.0
3,0.0,0.0,0.0,3.0,2.0,0.0,189.933,196.571,98.584,30.203,30.035,8.786,0.0,0.0
4,0.0,0.0,0.0,4.0,3.0,0.0,434.018,248.739,111.867,30.568,30.444,8.899,0.0,0.0
5,0.0,0.0,0.0,5.0,4.0,0.0,497.529,391.614,-20.908,31.384,31.212,8.957,0.0,0.0
6,1.0,0.0,0.0,0.0,0.0,0.0,858.07,92.64,68.83,30.002,29.714,8.797,0.0,0.0
7,1.0,0.0,0.0,1.0,1.0,0.0,817.824,126.43,43.34,30.532,30.308,8.874,0.0,0.0
8,1.0,0.0,0.0,2.0,2.0,0.0,1099.919,257.087,94.367,30.834,30.804,8.904,0.0,0.0
9,1.0,0.0,0.0,3.0,3.0,0.0,866.672,307.715,61.616,30.418,30.232,8.846,0.0,0.0
10,1.0,0.0,0.0,4.0,4.0,0.0,1040.435,308.736,115.97,30.284,30.253,8.83,0.0,0.0
11,1.0,0.0,0.0,5.0,5.0,0.0,678.712,379.958,127.37,30.787,30.646,8.874,0.0,0.0
12,2.0,0.0,0.0,0.0,0.0,0.0,1412.257,203.272,74.377,30.574,30.443,8.9,0.0,0.0
13,2.0,0.0,0.0,1.0,1.0,0.0,1652.066,231.435,47.859,30.775,30.644,8.872,0.0,0.0
14,2.0,0.0,0.0,2.0,2.0,0.0,1678.152,259.082,15.564,30.685,30.585,8.851,0.0,0.0
15,2.0,0.0,0.0,3.0,3.0,0.0,1189.744,339.564,-20.953,30.515,30.467,8.895,0.0,0.0
16,2.0,0.0,0.0,4.0,4.0,0.0,1729.202,373.023,-22.242,30.976,30.941,8.859,0.0,0.0
18,3.0,0.0,0.0,1.0,1.0,0.0,2049.409,250.082,94.693,30.222,30.215,8.815,0.0,0.0
20,4.0,0.0,0.0,0.0,1.0,0.0,2408.429,31.592,95.889,30.295,30.206,8.825,0.0,0.0
22,4.0,0.0,0.0,2.0,3.0,0.0,2711.759,155.482,68.431,30.446,30.286,8.858,0.0,0.0
23,4.0,0.0,0.0,3.0,4.0,0.0,2652.311,214.351,73.259,30.586,30.51,8.912,0.0,0.0
24,4.0,0.0,0.0,4.0,5.0,0.0,2533.243,221.587,79.867,30.283,30.106,8.808,0.0,0.0
26,5.0,0.0,0.0,0.0,1.0,0.0,3341.117,196.513,18.938,30.728,30.453,8.924,0.0,0.0
27,5.0,0.0,0.0,1.0,2.0,0.0,2932.868,235.09,-3.831,30.439,30.365,8.869,0.0,0.0
28,5.0,0.0,0.0,2.0,3.0,0.0,2976.172,378.583,133.166,30.848,30.76,8.899,0.0,0.0
29,6.0,0.0,0.0,0.0,0.0,0.0,3687.279,68.752,52.479,30.392,30.268,8.848,0.0,0.0
30,6.0,0.0,0.0,1.0,2.0,0.0,3899.429,200.094,74.734,30.356,30.201,8.833,0.0,0.0
32,6.0,0.0,0.0,3.0,4.0,0.0,3501.858,214.523,63.165,30.427,30.323,8.861,0.0,0.0
34,6.0,0.0,0.0,5.0,6.0,0.0,3773.21,270.634,-33.91,30.232,30.142,8.806,0.0,0.0
35,6.0,0.0,0.0,6.0,7.0,0.0,3526.77,273.118,29.791,30.246,30.128,8.806,0.0,0.0
37,7.0,0.0,0.0,0.0,0.0,0.0,4546.024,62.58,-18.076,31.041,30.796,8.933,0.0,0.0
38,7.0,0.0,0.0,1.0,1.0,0.0,4184.08,69.899,43.714,30.716,30.612,8.859,0.0,0.0
40,7.0,0.0,0.0,3.0,3.0,0.0,4170.267,197.019,49.315,30.091,29.885,8.835,0.0,0.0
41,7.0,0.0,0.0,4.0,4.0,0.0,4346.526,329.602,106.308,30.475,30.26,8.859,0.0,0.0
42,7.0,0.0,0.0,5.0,5.0,0.0,4471.543,329.905,38.126,31.056,30.858,8.944,0.0,0.0
43,8.0,0.0,0.0,0.0,0.0,0.0,4825.056,89.654,48.38,30.044,29.739,9.279,0.0,0.0
45,8.0,0.0,0.0,2.0,2.0,0.0,4919.395,280.693,-17.131,30.207,30.107,8.798,0.0,0.0
46,8.0,0.0,0.0,3.0,3.0,0.0,4654.618,307.376,13.594,30.638,30.443,8.91,0.0,0.0
47,8.0,0.0,0.0,4.0,4.0,0.0,4759.53,366.37,61.935,30.952,30.571,9.763,0.0,0.0
48,8.0,0.0,0.0,5.0,4.0,0.0,4746.235,344.978,58.132,30.656,30.445,9.815,0.0,0.0
50,9.0,0.0,0.0,1.0,3.0,0.0,5580.601,83.197,65.331,30.475,30.315,8.867,0.0,0.0
51,9.0,0.0,0.0,2.0,4.0,0.0,5495.984,104.894,55.116,30.439,30.261,8.854,0.0,0.0
52,9.0,0.0,0.0,3.0,5.0,0.0,5631.974,144.923,123.182,30.398,30.319,8.856,0.0,0.0
53,9.0,0.0,0.0,4.0,6.0,0.0,5253.053,243.191,53.811,30.013,29.747,8.803,0.0,0.0
54,9.0,0.0,0.0,5.0,7.0,0.0,5297.948,258.447,-19.494,30.665,30.421,8.91,0.0,0.0
55,9.0,0.0,0.0,6.0,8.0,0.0,5684.188,288.265,130.793,30.65,30.574,8.93,0.0,0.0
57,9.0,0.0,0.0,8.0,10.0,0.0,5550.14,328.062,-11.561,30.441,30.349,8.867,0.0,0.0
58,0.0,1.0,0.0,0.0,0.0,0.0,101.409,495.968,-26.525,30.442,30.394,8.874,0.0,0.0
59,0.0,1.0,0.0,1.0,1.0,0.0,156.855,502.193,32.185,29.866,29.649,8.768,0.0,0.0
60,0.0,1.0,0.0,2.0,2.0,0.0,88.114,780.343,78.348,30.48,30.376,8.877,0.0,0.0
61,0.0,1.0,0.0,3.0,3.0,0.0,383.759,797.061,-31.484,30.644,30.543,8.839,0.0,0.0
62,1.0,1.0,0.0,0.0,0.0,0.0,1000.929,441.873,113.335,31.123,30.923,8.963,0.0,0.0
64,1.0,1.0,0.0,2.0,2.0,0.0,830.011,575.877,50.963,32.786,32.524,9.173,0.0,0.0
65,1.0,1.0,0.0,3.0,3.0,0.0,675.423,642.715,29.637,30.699,30.663,8.864,0.0,0.0
66,1.0,1.0,0.0,4.0,4.0,0.0,962.943,668.913,12.713,30.43,30.22,8.847,0.0,0.0
67,1.0,1.0,0.0,5.0,5.0,0.0,670.97,712.282,122.488,30.554,30.384,8.889,0.0,0.0
68,1.0,1.0,0.0,6.0,6.0,0.0,851.291,730.55,123.435,30.35,30.148,8.824,0.0,0.0
69,2.0,1.0,0.0,0.0,1.0,0.0,1443.512,471.671,89.225,30.346,30.251,8.839,0.0,0.0
70,2.0,1.0,0.0,1.0,2.0,0.0,1603.305,737.235,9.36,30.858,30.824,8.91,0.0,0.0
71,2.0,1.0,0.0,2.0,3.0,0.0,1213.206,784.511,132.459,30.631,30.522,8.834,0.0,0.0
72,2.0,1.0,0.0,3.0,4.0,0.0,1677.989,802.382,2.541,31.35,31.2,8.95,0.0,0.0
73,3.0,1.0,0.0,0.0,0.0,0.0,2065.204,442.044,30.519,31.038,30.767,9.93,0.0,0.0
74,3.0,1.0,0.0,1.0,0.0,0.0,2040.753,441.23,39.076,30.774,30.585,9.981,0.0,0.0
75,3.0,1.0,0.0,2.0,1.0,0.0,1746.499,468.457,14.824,30.359,30.286,8.846,0.0,0.0
76,3.0,1.0,0.0,3.0,2.0,0.0,2085.295,595.197,88.337,30.172,30.049,8.784,0.0,0.0
78,3.0,1.0,0.0,5.0,4.0,0.0,1850.437,644.144,85.922,30.498,30.411,8.884,0.0,0.0
80,4.0,1.0,0.0,0.0,1.0,0.0,2393.174,483.887,24.936,30.733,30.122,8.792,0.0,0.0
82,4.0,1.0,0.0,2.0,3.0,0.0,2504.95,631.803,33.449,30.852,30.743,8.898,0.0,0.0
83,4.0,1.0,0.0,3.0,4.0,0.0,2615.965,704.44,129.842,30.48,30.394,8.879,0.0,0.0
84,4.0,1.0,0.0,4.0,5.0,0.0,2572.617,713.205,85.77,30.527,30.351,8.88,0.0,0.0
85,5.0,1.0,0.0,0.0,0.0,0.0,3293.865,449.563,42.064,30.785,30.735,8.887,0.0,0.0
86,5.0,1.0,0.0,1.0,1.0,0.0,3428.872,582.635,-29.31,30.765,30.554,8.944,0.0,0.0
87,5.0,1.0,0.0,2.0,2.0,0.0,3367.232,601.362,5.208,30.723,30.607,8.946,0.0,0.0
88,5.0,1.0,0.0,3.0,3.0,0.0,3113.602,612.374,26.225,30.518,30.394,8.885,0.0,0.0
90,6.0,1.0,0.0,0.0,0.0,0.0,3708.738,438.386,98.872,30.506,30.328,8.873,0.0,0.0
93,6.0,1.0,0.0,3.0,3.0,0.0,3493.861,664.103,-5.213,30.144,30.064,8.782,0.0,0.0
95,6.0,1.0,0.0,5.0,5.0,0.0,3664.941,814.614,11.608,30.79,30.679,8.879,0.0,0.0
96,6.0,1.0,0.0,6.0,6.0,0.0,3866.793,826.637,-3.749,31.338,28.91,8.702,0.0,0.0
97,7.0,1.0,0.0,0.0,0.0,0.0,4478.367,498.076,-17.749,30.515,30.184,8.942,0.0,0.0
99,7.0,1.0,0.0,2.0,2.0,0.0,4474.893,669.789,127.954,30.338,30.253,8.838,0.0,0.0
100,7.0,1.0,0.0,3.0,3.0,0.0,4344.705,811.384,96.199,30.913,30.747,8.907,0.0,0.0
104,8.0,1.0,0.0,2.0,2.0,0.0,4913.812,533.333,104.842,30.308,30.199,8.826,0.0,0.0
106,8.0,1.0,0.0,4.0,4.0,0.0,4789.616,625.923,63.807,30.273,30.18,8.818,0.0,0.0
107,9.0,1.0,0.0,0.0,1.0,0.0,5527.819,534.302,129.376,30.198,30.169,8.805,0.0,0.0
108,9.0,1.0,0.0,1.0,2.0,0.0,5343.711,593.14,34.303,30.235,30.093,8.8,0.0,0.0
109,9.0,1.0,0.0,2.0,3.0,0.0,5205.735,706.229,78.244,30.527,30.361,8.881,0.0,0.0
110,9.0,1.0,0.0,3.0,5.0,0.0,5552.236,819.757,53.979,31.388,31.232,8.96,0.0,0.0
111,0.0,2.0,0.0,0.0,0.0,0.0,119.251,936.215,65.961,30.387,30.215,8.839,0.0,0.0
112,0.0,2.0,0.0,1.0,1.0,0.0,550.209,971.945,27.112,30.475,30.402,8.88,0.0,0.0
114,0.0,2.0,0.0,3.0,3.0,0.0,405.134,1174.762,45.181,30.566,30.424,8.896,0.0,0.0
115,0.0,2.0,0.0,4.0,4.0,0.0,424.125,1206.766,66.408,30.56,30.425,8.895,0.0,0.0
116,0.0,2.0,0.0,5.0,5.0,0.0,323.975,1214.249,-22.097,30.454,30.226,8.851,0.0,0.0
117,1.0,2.0,0.0,0.0,0.0,0.0,906.979,1005.09,96.333,30.681,30.565,8.933,0.0,0.0
118,1.0,2.0,0.0,1.0,1.0,0.0,623.622,1094.767,108.467,30.425,30.255,8.851,0.0,0.0
119,2.0,2.0,0.0,0.0,0.0,0.0,1280.404,903.735,29.046,30.184,30.01,8.868,0.0,0.0
120,2.0,2.0,0.0,1.0,1.0,0.0,1687.485,955.652,101.437,30.883,30.836,8.916,0.0,0.0
122,2.0,2.0,0.0,3.0,3.0,0.0,1434.645,1082.511,70.105,30.437,30.269,8.855,0.0,0.0
123,2.0,2.0,0.0,4.0,4.0,0.0,1477.334,1095.243,-43.64,30.823,29.988,8.703,0.0,0.0
124,2.0,2.0,0.0,5.0,5.0,0.0,1223.1,1128.663,-43.896,30.433,30.325,8.862,0.0,0.0
125,2.0,2.0,0.0,6.0,6.0,0.0,1737.595,1179.823,92.856,31.215,30.235,8.874,0.0,0.0
126,3.0,2.0,0.0,0.0,0.0,0.0,1885.275,960.937,51.45,30.621,30.383,8.812,0.0,0.0
128,3.0,2.0,0.0,2.0,2.0,0.0,2280.846,1141.347,-20.722,31.235,31.206,9.02,0.0,0.0
131,4.0,2.0,0.0,0.0,0.0,0.0,2468.03,876.285,42.384,30.35,30.254,8.84,0.0,0.0
132,5.0,2.0,0.0,0.0,1.0,0.0,3391.983,927.242,68.229,30.661,30.424,8.91,0.0,0.0
133,5.0,2.0,0.0,1.0,2.0,0.0,3315.091,1037.381,-29.679,30.267,30.188,8.818,0.0,0.0
134,5.0,2.0,0.0,2.0,3.0,0.0,2955.367,1080.014,11.606,30.419,30.314,8.859,0.0,0.0
135,5.0,2.0,0.0,3.0,4.0,0.0,3002.024,1115.101,101.028,30.59,30.484,8.908,0.0,0.0
136,5.0,2.0,0.0,4.0,5.0,0.0,3401.0,1198.759,95.008,30.818,30.662,8.881,0.0,0.0
137,6.0,2.0,0.0,0.0,2.0,0.0,3847.06,900.08,-19.475,31.076,31.009,8.969,0.0,0.0
139,6.0,2.0,0.0,2.0,4.0,0.0,3976.631,1190.416,31.972,31.01,30.949,8.95,0.0,0.0
140,6.0,2.0,0.0,3.0,5.0,0.0,3490.708,1199.605,67.95,31.047,30.967,8.958,0.0,0.0
141,7.0,2.0,0.0,0.0,1.0,0.0,4377.668,947.337,35.472,30.425,30.32,8.86,0.0,0.0
142,7.0,2.0,0.0,1.0,2.0,0.0,4072.701,988.104,24.294,30.604,30.513,8.829,0.0,0.0
143,7.0,2.0,0.0,2.0,3.0,0.0,4502.586,1052.288,79.299,30.622,30.596,8.929,0.0,0.0
145,8.0,2.0,0.0,1.0,1.0,0.0,4955.061,1013.119,-41.73,30.661,30.482,8.833,0.0,0.0
146,8.0,2.0,0.0,2.0,2.0,0.0,5077.22,1055.201,-12.15,30.669,30.498,8.922,0.0,0.0
147,9.0,2.0,0.0,0.0,1.0,0.0,5614.927,845.38,-28.459,30.383,30.331,8.856,0.0,0.0
148,9.0,2.0,0.0,1.0,3.0,0.0,5339.148,962.373,53.784,30.115,30.043,8.775,0.0,0.0
149,9.0,2.0,0.0,2.0,4.0,0.0,5750.175,978.446,70.712,30.94,30.734,8.909,0.0,0.0
150,9.0,2.0,0.0,3.0,5.0,0.0,5717.136,1028.259,-21.638,30.828,30.719,8.891,0.0,0.0
151,9.0,2.0,0.0,4.0,6.0,0.0,5574.358,1108.982,24.173,30.771,30.756,8.888,0.0,0.0
152,9.0,2.0,0.0,5.0,7.0,0.0,5706.693,1111.292,-33.706,31.016,30.954,8.952,0.0,0.0
153,9.0,2.0,0.0,6.0,8.0,0.0,5304.324,1199.94,0.326,30.507,30.425,8.888,0.0,0.0
155,0.0,3.0,0.0,0.0,1.0,0.0,535.646,1243.435,-44.854,30.898,30.721,8.901,0.0,0.0
156,0.0,3.0,0.0,1.0,2.0,0.0,262.202,1258.154,50.395,30.439,30.4,8.874,0.0,0.0
157,0.0,3.0,0.0,2.0,3.0,0.0,132.285,1307.081,4.382,30.042,29.988,8.756,0.0,0.0
158,0.0,3.0,0.0,3.0,4.0,0.0,193.306,1397.618,35.252,30.007,29.817,8.813,0.0,0.0
159,0.0,3.0,0.0,4.0,6.0,0.0,415.301,1624.045,75.252,31.06,30.856,8.859,0.0,0.0
160,0.0,3.0,0.0,5.0,7.0,0.0,17.708,1628.266,-5.222,30.823,30.635,8.878,0.0,0.0
161,1.0,3.0,0.0,0.0,0.0,0.0,1031.938,1295.573,98.744,30.324,30.165,8.823,0.0,0.0
162,1.0,3.0,0.0,1.0,1.0,0.0,960.896,1374.072,75.093,30.486,30.381,8.793,0.0,0.0
163,1.0,3.0,0.0,2.0,2.0,0.0,681.4,1491.327,74.688,30.748,30.543,8.854,0.0,0.0
164,1.0,3.0,0.0,3.0,3.0,0.0,700.659,1593.673,-8.674,30.602,30.522,8.916,0.0,0.0
165,2.0,3.0,0.0,0.0,0.0,0.0,1405.647,1256.086,72.323,30.275,30.215,8.823,0.0,0.0
166,2.0,3.0,0.0,1.0,1.0,0.0,1502.466,1279.292,132.777,30.742,30.43,8.923,0.0,0.0
167,2.0,3.0,0.0,2.0,2.0,0.0,1665.024,1317.12,-5.575,30.586,30.54,8.916,0.0,0.0
168,2.0,3.0,0.0,3.0,3.0,0.0,1235.146,1413.12,107.184,30.293,30.163,8.906,0.0,0.0
169,2.0,3.0,0.0,4.0,4.0,0.0,1193.575,1419.911,22.103,30.751,30.598,8.862,0.0,0.0
170,2.0,3.0,0.0,5.0,5.0,0.0,1670.823,1509.694,56.266,30.867,30.778,8.905,0.0,0.0
171,2.0,3.0,0.0,6.0,6.0,0.0,1483.467,1611.844,131.788,30.479,30.262,8.86,0.0,0.0
172,3.0,3.0,0.0,0.0,0.0,0.0,1881.923,1248.918,32.798,30.242,29.896,8.772,0.0,0.0
173,3.0,3.0,0.0,1.0,1.0,0.0,2042.82,1448.112,90.195,30.574,30.308,8.88,0.0,0.0
174,4.0,3.0,0.0,0.0,0.0,0.0,2459.934,1315.432,118.081,30.412,30.35,9.651,0.0,0.0
175,4.0,3.0,0.0,1.0,0.0,0.0,2471.5,1291.964,115.674,30.518,29.953,9.591,0.0,0.0
176,4.0,3.0,0.0,2.0,1.0,0.0,2846.805,1351.852,-31.443,30.83,30.728,8.892,0.0,0.0
177,4.0,3.0,0.0,3.0,2.0,0.0,2726.83,1449.786,-16.911,31.158,30.481,9.775,0.0,0.0
178,4.0,3.0,0.0,4.0,3.0,0.0,2817.732,1520.895,62.046,30.884,30.743,8.902,0.0,0.0
179,4.0,3.0,0.0,5.0,4.0,0.0,2826.807,1557.829,84.212,30.764,30.571,8.86,0.0,0.0
180,5.0,3.0,0.0,0.0,0.0,0.0,3233.86,1360.506,67.104,30.645,30.379,8.901,0.0,0.0
181,5.0,3.0,0.0,1.0,1.0,0.0,3290.698,1487.834,116.456,30.548,30.286,8.873,0.0,0.0
182,5.0,3.0,0.0,2.0,2.0,0.0,3083.285,1580.518,23.336,30.555,30.417,8.894,0.0,0.0
185,6.0,3.0,0.0,0.0,0.0,0.0,3657.122,1266.579,32.125,30.777,30.614,8.868,0.0,0.0
187,6.0,3.0,0.0,2.0,2.0,0.0,3806.53,1335.86,92.052,30.312,29.78,8.765,0.0,0.0
188,6.0,3.0,0.0,3.0,3.0,0.0,3883.547,1469.575,109.504,30.462,30.26,8.857,0.0,0.0
189,6.0,3.0,0.0,4.0,4.0,0.0,3772.108,1536.372,23.335,30.868,30.237,8.746,0.0,0.0
190,6.0,3.0,0.0,5.0,5.0,0.0,3791.879,1582.158,116.648,30.535,30.44,8.894,0.0,0.0
191,7.0,3.0,0.0,0.0,0.0,0.0,4592.256,1253.192,85.19,31.211,30.938,8.977,0.0,0.0
192,7.0,3.0,0.0,1.0,1.0,0.0,4431.221,1256.63,97.493,30.681,30.441,8.915,0.0,0.0
193,7.0,3.0,0.0,2.0,2.0,0.0,4511.478,1265.717,-8.468,30.433,30.36,8.867,0.0,0.0
194,7.0,3.0,0.0,3.0,3.0,0.0,4228.771,1329.054,49.038,30.419,30.221,8.845,0.0,0.0
195,7.0,3.0,0.0,4.0,4.0,0.0,4449.151,1377.632,95.737,30.589,30.467,8.906,0.0,0.0
196,7.0,3.0,0.0,5.0,5.0,0.0,4508.63,1474.644,-31.774,30.487,30.428,8.885,0.0,0.0
197,8.0,3.0,0.0,0.0,0.0,0.0,4715.281,1286.948,49.048,30.194,30.037,8.786,0.0,0.0
198,8.0,3.0,0.0,1.0,2.0,0.0,4875.903,1377.641,70.793,30.429,30.374,8.869,0.0,0.0
200,8.0,3.0,0.0,3.0,4.0,0.0,4671.173,1513.83,-41.084,30.284,30.265,8.832,0.0,0.0
202,9.0,3.0,0.0,0.0,1.0,0.0,5433.017,1242.97,65.231,30.794,30.605,8.869,0.0,0.0
203,9.0,3.0,0.0,1.0,2.0,0.0,5204.165,1311.172,49.952,30.735,30.408,8.918,0.0,0.0
205,9.0,3.0,0.0,3.0,4.0,0.0,5375.409,1374.601,45.841,30.404,30.141,8.831,0.0,0.0
206,9.0,3.0,0.0,4.0,5.0,0.0,5472.273,1426.86,33.725,30.317,30.278,8.839,0.0,0.0
207,9.0,3.0,0.0,5.0,6.0,0.0,5571.01,1462.072,47.056,30.488,30.429,8.886,0.0,0.0
208,9.0,3.0,0.0,6.0,7.0,0.0,5609.153,1468.62,-28.455,30.273,30.032,8.797,0.0,0.0
209,9.0,3.0,0.0,7.0,8.0,0.0,5235.424,1526.942,80.446,30.261,30.027,8.881,0.0,0.0
210,9.0,3.0,0.0,8.0,9.0,0.0,5276.317,1562.315,60.318,30.32,30.126,8.817,0.0,0.0
211,9.0,3.0,0.0,9.0,10.0,0.0,5287.579,1592.188,47.811,31.501,30.456,8.788,0.0,0.0
212,9.0,3.0,0.0,10.0,11.0,0.0,5740.794,1624.983,-22.731,31.349,31.246,8.956,0.0,0.0
213,0.0,4.0,0.0,0.0,2.0,0.0,400.076,1709.193,86.352,30.609,30.246,9.668,0.0,0.0
214,0.0,4.0,0.0,1.0,2.0,0.0,379.509,1692.92,46.476,30.938,30.398,9.62,0.0,0.0
215,0.0,4.0,0.0,2.0,3.0,0.0,288.522,1731.483,-13.419,30.3,30.179,8.822,0.0,0.0
216,0.0,4.0,0.0,3.0,4.0,0.0,217.333,1747.02,22.01,30.279,30.266,8.831,0.0,0.0
217,0.0,4.0,0.0,4.0,5.0,0.0,463.32,1776.927,134.644,30.542,30.431,8.894,0.0,0.0
218,0.0,4.0,0.0,5.0,6.0,0.0,429.001,1857.07,6.791,30.785,30.746,8.888,0.0,0.0
219,1.0,4.0,0.0,0.0,0.0,0.0,743.276,1742.469,58.562,30.411,30.174,8.837,0.0,0.0
220,1.0,4.0,0.0,1.0,1.0,0.0,1078.338,1876.396,-38.065,30.827,30.591,8.959,0.0,0.0
221,1.0,4.0,0.0,2.0,2.0,0.0,983.276,1886.168,3.569,30.009,29.952,8.746,0.0,0.0
223,2.0,4.0,0.0,0.0,0.0,0.0,1195.069,1659.713,82.017,30.887,30.707,8.897,0.0,0.0
224,2.0,4.0,0.0,1.0,1.0,0.0,1213.154,1746.085,37.211,30.11,30.007,8.769,0.0,0.0
225,2.0,4.0,0.0,2.0,2.0,0.0,1517.935,2035.324,71.141,30.824,30.748,8.894,0.0,0.0
226,3.0,4.0,0.0,0.0,0.0,0.0,1877.88,1665.285,51.175,30.329,29.892,8.784,0.0,0.0
227,3.0,4.0,0.0,1.0,1.0,0.0,1825.346,1707.296,61.822,30.703,30.568,8.851,0.0,0.0
228,3.0,4.0,0.0,2.0,2.0,0.0,2125.095,1737.933,121.009,30.25,30.054,8.796,0.0,0.0
229,3.0,4.0,0.0,3.0,3.0,0.0,2148.076,1807.808,53.411,30.566,30.514,8.909,0.0,0.0
230,3.0,4.0,0.0,4.0,4.0,0.0,2305.768,1852.856,105.578,31.209,29.229,8.814,0.0,0.0
231,3.0,4.0,0.0,5.0,5.0,0.0,2220.193,1868.773,4.075,30.579,30.345,8.887,0.0,0.0
232,3.0,4.0,0.0,6.0,6.0,0.0,2064.212,1870.224,111.484,30.349,30.13,8.821,0.0,0.0
233,3.0,4.0,0.0,7.0,7.0,0.0,2029.832,1931.318,120.761,30.443,30.151,8.753,0.0,0.0
234,3.0,4.0,0.0,8.0,8.0,0.0,1875.063,1948.727,10.529,30.527,30.433,8.892,0.0,0.0
235,4.0,4.0,0.0,0.0,0.0,0.0,2348.983,1677.36,31.011,30.525,30.302,8.873,0.0,0.0
236,4.0,4.0,0.0,1.0,1.0,0.0,2839.095,1718.143,69.713,30.837,30.463,8.69,0.0,0.0
237,4.0,4.0,0.0,2.0,2.0,0.0,2809.172,1741.411,-44.177,30.719,30.537,8.935,0.0,0.0
238,4.0,4.0,0.0,3.0,3.0,0.0,2883.492,1830.696,91.757,30.807,30.583,8.868,0.0,0.0
239,4.0,4.0,0.0,4.0,4.0,0.0,2442.912,1832.106,-23.102,30.244,29.92,8.776,0.0,0.0
240,4.0,4.0,0.0,5.0,6.0,0.0,2622.432,1926.82,76.068,30.45,30.339,8.867,0.0,0.0
241,5.0,4.0,0.0,0.0,0.0,0.0,3185.38,1686.39,39.028,30.766,30.453,8.93,0.0,0.0
242,5.0,4.0,0.0,1.0,1.0,0.0,3466.473,1749.809,92.266,31.487,28.98,8.725,0.0,0.0
243,5.0,4.0,0.0,2.0,2.0,0.0,3266.618,1755.694,10.426,30.359,30.176,8.83,0.0,0.0
245,5.0,4.0,0.0,4.0,5.0,0.0,3163.825,1886.313,76.186,30.518,30.378,8.882,0.0,0.0
246,5.0,4.0,0.0,5.0,6.0,0.0,3451.095,1946.541,39.26,31.026,30.951,8.953,0.0,0.0
247,6.0,4.0,0.0,0.0,0.0,0.0,3687.769,1667.599,127.376,30.733,30.648,8.867,0.0,0.0
248,6.0,4.0,0.0,1.0,1.0,0.0,3942.764,1691.112,104.462,31.005,30.846,8.934,0.0,0.0
250,6.0,4.0,0.0,3.0,4.0,0.0,3848.479,1922.246,-5.078,30.546,30.442,8.896,0.0,0.0
251,6.0,4.0,0.0,4.0,5.0,0.0,4005.168,1930.262,53.361,30.943,30.734,8.909,0.0,0.0
252,7.0,4.0,0.0,0.0,0.0,0.0,4375.553,1684.335,105.785,30.733,30.66,8.868,0.0,0.0
253,7.0,4.0,0.0,1.0,1.0,0.0,4536.053,1710.59,98.484,30.87,30.78,8.906,0.0,0.0
254,7.0,4.0,0.0,2.0,2.0,0.0,4232.339,1813.09,27.325,30.641,30.475,8.915,0.0,0.0
255,7.0,4.0,0.0,3.0,3.0,0.0,4578.451,1821.61,107.752,30.579,30.513,8.911,0.0,0.0
256,7.0,4.0,0.0,4.0,4.0,0.0,4612.265,1823.472,52.929,30.774,30.726,8.884,0.0,0.0
257,7.0,4.0,0.0,5.0,5.0,0.0,4155.088,1900.318,20.289,30.233,30.134,8.805,0.0,0.0
258,8.0,4.0,0.0,0.0,0.0,0.0,5038.238,1708.088,96.171,30.789,30.626,8.871,0.0,0.0
259,8.0,4.0,0.0,1.0,1.0,0.0,4899.546,1811.025,82.605,30.855,30.854,8.914,0.0,0.0
260,8.0,4.0,0.0,2.0,3.0,0.0,4821.262,1924.52,55.337,30.387,30.243,8.844,0.0,0.0
262,8.0,4.0,0.0,4.0,5.0,0.0,4810.633,1980.67,72.605,30.376,30.201,8.836,0.0,0.0
264,9.0,4.0,0.0,1.0,3.0,0.0,5492.983,1825.157,-2.205,30.511,30.377,8.881,0.0,0.0
266,9.0,4.0,0.0,3.0,6.0,0.0,5730.742,1978.78,97.625,31.198,31.194,8.927,0.0,0.0
267,9.0,4.0,0.0,4.0,7.0,0.0,5259.074,1983.321,134.214,30.975,30.839,8.929,0.0,0.0
268,9.0,4.0,0.0,5.0,8.0,0.0,5473.802,2022.003,49.573,30.924,30.835,8.921,0.0,0.0
269,9.0,4.0,0.0,6.0,9.0,0.0,5576.217,2036.43,18.072,30.955,30.901,8.936,0.0,0.0
270,0.0,5.0,0.0,0.0,0.0,0.0,287.651,2177.537,-21.155,30.312,30.13,8.816,0.0,0.0
271,0.0,5.0,0.0,1.0,1.0,0.0,520.184,2258.049,-15.014,30.732,30.576,8.856,0.0,0.0
272,0.0,5.0,0.0,2.0,2.0,0.0,48.564,2338.33,79.43,30.896,30.789,8.911,0.0,0.0
273,0.0,5.0,0.0,3.0,3.0,0.0,199.825,2350.536,-27.344,30.66,30.527,8.925,0.0,0.0
274,0.0,5.0,0.0,4.0,4.0,0.0,68.328,2396.722,2.975,30.972,30.697,8.909,0.0,0.0
275,0.0,5.0,0.0,5.0,5.0,0.0,209.759,2457.811,-1.14,31.039,29.79,8.786,0.0,0.0
276,1.0,5.0,0.0,0.0,0.0,0.0,1038.008,2099.847,131.362,30.32,30.207,8.829,0.0,0.0
277,1.0,5.0,0.0,1.0,1.0,0.0,1118.506,2182.844,-6.496,30.414,30.366,8.866,0.0,0.0
278,1.0,5.0,0.0,2.0,2.0,0.0,835.539,2213.856,2.874,30.809,30.761,8.894,0.0,0.0
280,1.0,5.0,0.0,4.0,4.0,0.0,812.819,2423.76,17.008,30.602,30.512,8.914,0.0,0.0
281,1.0,5.0,0.0,5.0,5.0,0.0,713.153,2452.448,124.306,30.763,30.671,8.874,0.0,0.0
282,2.0,5.0,0.0,0.0,1.0,0.0,1331.553,2099.61,41.354,30.828,30.749,8.982,0.0,0.0
283,2.0,5.0,0.0,1.0,2.0,0.0,1533.682,2116.774,97.505,30.682,30.303,8.895,0.0,0.0
284,2.0,5.0,0.0,2.0,3.0,0.0,1593.38,2191.941,86.412,30.57,30.515,8.824,0.0,0.0
285,2.0,5.0,0.0,3.0,4.0,0.0,1593.789,2290.329,-36.285,30.647,30.451,9.822,0.0,0.0
286,2.0,5.0,0.0,4.0,4.0,0.0,1570.674,2281.1,16.51,31.305,30.83,9.857,0.0,0.0
287,3.0,5.0,0.0,0.0,0.0,0.0,2122.583,2166.951,73.037,30.477,30.249,8.858,0.0,0.0
288,3.0,5.0,0.0,1.0,1.0,0.0,2253.938,2331.655,29.66,30.903,30.71,8.9,0.0,0.0
290,4.0,5.0,0.0,1.0,2.0,0.0,2637.976,2315.369,99.509,30.467,30.321,8.866,0.0,0.0
292,4.0,5.0,0.0,3.0,5.0,0.0,2671.564,2445.941,92.088,30.801,30.516,8.857,0.0,0.0
293,5.0,5.0,0.0,0.0,0.0,0.0,2968.253,2191.483,114.608,30.321,30.085,8.811,0.0,0.0
294,6.0,5.0,0.0,0.0,0.0,0.0,3982.27,2307.924,80.737,30.567,30.496,8.907,0.0,0.0
296,6.0,5.0,0.0,2.0,2.0,0.0,3725.351,2326.581,74.61,30.467,30.099,8.834,0.0,0.0
297,6.0,5.0,0.0,3.0,3.0,0.0,3653.826,2340.106,86.58,30.31,30.175,8.822,0.0,0.0
298,6.0,5.0,0.0,4.0,4.0,0.0,3964.626,2348.083,52.008,30.893,30.456,8.862,0.0,0.0
299,6.0,5.0,0.0,5.0,5.0,0.0,3723.296,2454.628,95.144,30.739,30.457,8.84,0.0,0.0
301,7.0,5.0,0.0,1.0,1.0,0.0,4379.231,2219.448,23.002,30.398,30.21,8.84,0.0,0.0
302,7.0,5.0,0.0,2.0,2.0,0.0,4586.852,2254.96,-36.337,31.0,30.923,8.945,0.0,0.0
303,7.0,5.0,0.0,3.0,3.0,0.0,4417.344,2269.931,64.944,30.853,30.732,8.896,0.0,0.0
304,7.0,5.0,0.0,4.0,4.0,0.0,4374.685,2298.656,-38.162,31.045,30.953,8.956,0.0,0.0
305,8.0,5.0,0.0,0.0,0.0,0.0,5180.482,2230.944,74.394,30.726,30.648,8.866,0.0,0.0
306,9.0,5.0,0.0,0.0,3.0,0.0,5314.64,2261.246,-17.228,30.979,29.346,8.457,0.0,0.0
308,9.0,5.0,0.0,2.0,5.0,0.0,5372.202,2338.797,122.695,30.499,30.465,8.892,0.0,0.0
309,9.0,5.0,0.0,3.0,6.0,0.0,5257.571,2353.32,4.503,32.454,30.653,9.028,0.0,0.0
311,0.0,6.0,0.0,0.0,1.0,0.0,425.102,2614.803,-11.041,30.806,30.668,8.88,0.0,0.0
314,0.0,6.0,0.0,3.0,5.0,0.0,20.205,2822.051,117.99,30.887,30.799,8.911,0.0,0.0
315,0.0,6.0,0.0,4.0,6.0,0.0,580.425,2847.413,15.327,31.391,31.143,9.122,0.0,0.0
316,0.0,6.0,0.0,5.0,7.0,0.0,422.543,2866.6,-2.625,31.439,28.961,8.725,0.0,0.0
317,1.0,6.0,0.0,0.0,1.0,0.0,915.63,2488.302,83.118,30.651,30.296,8.89,0.0,0.0
318,1.0,6.0,0.0,1.0,2.0,0.0,807.023,2596.082,-24.536,30.32,29.821,8.689,0.0,0.0
319,1.0,6.0,0.0,2.0,4.0,0.0,1019.621,2682.843,41.189,30.866,30.787,8.906,0.0,0.0
320,1.0,6.0,0.0,3.0,5.0,0.0,1135.663,2845.0,-25.534,31.749,31.593,8.979,0.0,0.0
321,2.0,6.0,0.0,0.0,0.0,0.0,1351.286,2496.096,67.914,30.541,30.239,8.865,0.0,0.0
322,2.0,6.0,0.0,1.0,1.0,0.0,1572.205,2630.733,61.22,30.691,30.592,8.852,0.0,0.0
323,2.0,6.0,0.0,2.0,2.0,0.0,1735.852,2692.559,66.617,30.654,30.549,8.841,0.0,0.0
324,2.0,6.0,0.0,3.0,3.0,0.0,1586.147,2725.778,21.27,30.691,30.611,8.855,0.0,0.0
325,2.0,6.0,0.0,4.0,4.0,0.0,1659.156,2785.421,54.818,31.235,31.087,9.002,0.0,0.0
326,3.0,6.0,0.0,0.0,0.0,0.0,2116.107,2512.252,106.701,30.283,30.133,8.812,0.0,0.0
327,3.0,6.0,0.0,1.0,1.0,0.0,2134.892,2557.356,65.496,30.232,30.099,8.8,0.0,0.0
328,3.0,6.0,0.0,2.0,3.0,0.0,2298.399,2757.537,119.505,31.4,30.695,9.845,0.0,0.0
330,3.0,6.0,0.0,4.0,5.0,0.0,2110.606,2791.655,101.78,30.572,30.445,8.9,0.0,0.0
332,4.0,6.0,0.0,1.0,2.0,0.0,2639.274,2490.329,70.875,30.464,30.37,8.873,0.0,0.0
333,4.0,6.0,0.0,2.0,3.0,0.0,2400.4,2520.402,-36.208,30.291,30.14,8.815,0.0,0.0
336,4.0,6.0,0.0,5.0,9.0,0.0,2789.436,2765.531,-24.981,30.905,30.808,8.915,0.0,0.0
337,4.0,6.0,0.0,6.0,10.0,0.0,2577.391,2780.166,60.635,30.398,30.197,8.838,0.0,0.0
338,4.0,6.0,0.0,7.0,12.0,0.0,2373.43,2834.736,69.774,30.807,30.626,8.874,0.0,0.0
339,4.0,6.0,0.0,8.0,13.0,0.0,2812.713,2841.44,25.115,31.526,31.461,9.012,0.0,0.0
340,5.0,6.0,0.0,0.0,1.0,0.0,3092.521,2637.949,83.469,30.506,30.398,8.883,0.0,0.0
341,5.0,6.0,0.0,1.0,2.0,0.0,3211.672,2682.366,51.322,30.516,30.381,8.883,0.0,0.0
343,5.0,6.0,0.0,3.0,4.0,0.0,3300.89,2866.272,-4.589,31.107,29.367,8.735,0.0,0.0
344,6.0,6.0,0.0,0.0,1.0,0.0,3491.49,2588.417,67.395,30.519,30.406,8.887,0.0,0.0
345,6.0,6.0,0.0,1.0,2.0,0.0,3661.376,2746.205,65.77,30.402,30.278,8.851,0.0,0.0
346,6.0,6.0,0.0,2.0,3.0,0.0,3963.943,2752.914,4.065,30.282,30.218,8.825,0.0,0.0
347,6.0,6.0,0.0,3.0,4.0,0.0,3756.896,2757.47,58.219,30.648,30.416,8.907,0.0,0.0
348,6.0,6.0,0.0,4.0,5.0,0.0,3830.521,2761.276,80.828,30.409,30.23,8.845,0.0,0.0
349,6.0,6.0,0.0,5.0,6.0,0.0,3573.36,2813.972,-28.468,30.322,30.236,8.833,0.0,0.0
350,7.0,6.0,0.0,0.0,0.0,0.0,4360.866,2509.92,117.674,30.964,30.572,9.765,0.0,0.0
352,7.0,6.0,0.0,2.0,2.0,0.0,4402.304,2655.246,77.502,30.566,30.51,8.909,0.0,0.0
353,7.0,6.0,0.0,3.0,3.0,0.0,4154.803,2671.9,18.806,30.618,30.44,8.906,0.0,0.0
355,7.0,6.0,0.0,5.0,5.0,0.0,4111.543,2699.088,91.752,30.458,30.367,8.872,0.0,0.0
358,8.0,6.0,0.0,2.0,2.0,0.0,4933.737,2735.683,45.481,30.728,30.628,8.95,0.0,0.0
359,8.0,6.0,0.0,3.0,3.0,0.0,5010.427,2793.488,28.961,30.586,30.378,8.892,0.0,0.0
362,9.0,6.0,0.0,2.0,2.0,0.0,5528.313,2576.663,78.482,30.299,30.22,8.827,0.0,0.0
363,9.0,6.0,0.0,3.0,3.0,0.0,5715.279,2619.726,-3.398,30.958,30.914,8.938,0.0,0.0
364,9.0,6.0,0.0,4.0,4.0,0.0,5359.377,2846.785,61.885,31.177,31.094,8.995,0.0,0.0
365,1.0,7.0,0.0,0.0,2.0,0.0,654.539,2913.777,19.661,30.59,30.386,8.894,0.0,0.0
366,1.0,7.0,0.0,1.0,3.0,0.0,1078.355,2955.372,43.586,30.934,30.888,8.93,0.0,0.0
367,1.0,7.0,0.0,2.0,4.0,0.0,741.649,3047.758,43.427,30.461,30.217,8.85,0.0,0.0
368,1.0,7.0,0.0,3.0,5.0,0.0,866.173,3128.445,54.728,30.46,29.946,8.723,0.0,0.0
369,1.0,7.0,0.0,4.0,6.0,0.0,670.095,3188.845,90.348,30.856,30.719,8.895,0.0,0.0
370,1.0,7.0,0.0,5.0,7.0,0.0,1064.385,3191.266,-40.782,30.836,30.693,8.888,0.0,0.0
371,1.0,7.0,0.0,6.0,8.0,0.0,1034.664,3220.367,63.94,30.714,30.538,8.848,0.0,0.0
372,2.0,7.0,0.0,0.0,0.0,0.0,1540.524,2921.672,86.257,30.345,30.136,8.822,0.0,0.0
373,2.0,7.0,0.0,1.0,1.0,0.0,1252.084,2940.521,37.182,30.493,30.298,8.867,0.0,0.0
374,2.0,7.0,0.0,2.0,2.0,0.0,1223.541,3138.323,-11.535,30.445,30.424,8.879,0.0,0.0
375,3.0,7.0,0.0,0.0,0.0,0.0,1924.195,2894.515,36.241,30.623,30.505,8.83,0.0,0.0
378,3.0,7.0,0.0,3.0,3.0,0.0,2195.928,3231.802,60.454,31.153,31.103,8.908,0.0,0.0
379,4.0,7.0,0.0,0.0,0.0,0.0,2455.263,2911.154,71.38,30.618,30.52,8.918,0.0,0.0
380,4.0,7.0,0.0,1.0,2.0,0.0,2582.561,3011.181,55.282,30.457,30.241,8.854,0.0,0.0
381,4.0,7.0,0.0,2.0,3.0,0.0,2654.917,3045.524,-41.683,30.319,30.256,8.836,0.0,0.0
382,4.0,7.0,0.0,3.0,4.0,0.0,2396.432,3050.175,26.096,30.385,30.198,8.837,0.0,0.0
383,4.0,7.0,0.0,4.0,5.0,0.0,2535.342,3122.62,60.469,30.263,30.195,8.818,0.0,0.0
384,4.0,7.0,0.0,5.0,6.0,0.0,2770.354,3125.936,17.784,30.741,30.673,8.871,0.0,0.0
385,4.0,7.0,0.0,6.0,7.0,0.0,2886.577,3176.096,-37.875,31.89,30.922,8.988,0.0,0.0
386,4.0,7.0,0.0,7.0,8.0,0.0,2471.887,3225.211,107.055,30.421,30.175,8.839,0.0,0.0
387,4.0,7.0,0.0,8.0,9.0,0.0,2352.638,3229.463,18.634,30.577,30.432,8.899,0.0,0.0
388,5.0,7.0,0.0,0.0,1.0,0.0,3183.967,2959.221,56.441,30.285,30.225,8.826,0.0,0.0
390,5.0,7.0,0.0,2.0,3.0,0.0,3087.56,3005.43,90.525,30.581,30.501,8.909,0.0,0.0
391,5.0,7.0,0.0,3.0,4.0,0.0,3269.477,3045.793,101.388,30.761,30.62,8.867,0.0,0.0
392,5.0,7.0,0.0,4.0,5.0,0.0,2993.086,3083.345,71.889,30.885,30.746,8.903,0.0,0.0
393,5.0,7.0,0.0,5.0,8.0,0.0,3059.241,3268.169,115.598,30.522,30.251,8.779,0.0,0.0
394,6.0,7.0,0.0,0.0,0.0,0.0,3835.307,2932.333,11.853,30.571,30.331,8.884,0.0,0.0
395,6.0,7.0,0.0,1.0,1.0,0.0,3895.484,2967.775,49.773,30.478,30.452,8.887,0.0,0.0
396,6.0,7.0,0.0,2.0,2.0,0.0,3650.936,2980.935,55.942,30.559,30.37,8.887,0.0,0.0
398,6.0,7.0,0.0,4.0,4.0,0.0,3587.748,3098.67,44.175,30.842,30.719,8.893,0.0,0.0
399,6.0,7.0,0.0,5.0,6.0,0.0,3637.609,3185.74,51.35,30.514,30.384,8.882,0.0,0.0
400,6.0,7.0,0.0,6.0,7.0,0.0,3980.088,3186.002,68.896,31.2,30.939,8.976,0.0,0.0
401,6.0,7.0,0.0,7.0,8.0,0.0,3776.814,3257.842,76.997,30.908,30.826,8.918,0.0,0.0
402,7.0,7.0,0.0,0.0,2.0,0.0,4151.185,3059.536,97.255,30.279,30.147,8.814,0.0,0.0
403,7.0,7.0,0.0,1.0,3.0,0.0,4541.79,3100.591,-15.231,30.999,30.911,8.943,0.0,0.0
404,7.0,7.0,0.0,2.0,5.0,0.0,4349.675,3167.752,99.891,30.251,30.1,8.803,0.0,0.0
405,7.0,7.0,0.0,3.0,6.0,0.0,4467.133,3198.6,77.478,30.977,30.85,8.931,0.0,0.0
406,7.0,7.0,0.0,4.0,7.0,0.0,4615.915,3220.374,68.199,31.121,30.99,8.972,0.0,0.0
407,8.0,7.0,0.0,0.0,0.0,0.0,4629.55,2904.877,25.351,30.682,30.496,8.924,0.0,0.0
408,8.0,7.0,0.0,1.0,1.0,0.0,4687.906,2907.6,46.282,30.744,30.572,8.857,0.0,0.0
409,8.0,7.0,0.0,2.0,2.0,0.0,4918.708,2914.611,86.482,30.386,30.142,8.828,0.0,0.0
411,8.0,7.0,0.0,4.0,4.0,0.0,4633.012,2961.915,57.913,30.501,30.382,8.88,0.0,0.0
412,8.0,7.0,0.0,5.0,5.0,0.0,4812.063,2974.998,53.503,30.042,29.841,8.821,0.0,0.0
413,8.0,7.0,0.0,6.0,6.0,0.0,5079.139,2999.12,-16.752,30.376,30.29,8.849,0.0,0.0
414,8.0,7.0,0.0,7.0,7.0,0.0,5000.608,3065.676,131.239,30.4,30.391,8.867,0.0,0.0
415,8.0,7.0,0.0,8.0,8.0,0.0,4768.84,3179.954,20.604,30.465,30.253,8.771,0.0,0.0
416,8.0,7.0,0.0,9.0,9.0,0.0,4863.684,3184.637,80.322,30.807,30.635,8.876,0.0,0.0
417,9.0,7.0,0.0,0.0,1.0,0.0,5577.43,2886.635,67.895,30.329,30.207,8.83,0.0,0.0
418,9.0,7.0,0.0,1.0,2.0,0.0,5702.759,2937.081,97.828,30.507,30.479,8.896,0.0,0.0
419,9.0,7.0,0.0,2.0,3.0,0.0,5757.444,3003.83,-43.308,30.857,30.789,8.905,0.0,0.0
420,9.0,7.0,0.0,3.0,4.0,0.0,5467.398,3063.189,106.526,30.053,29.881,8.742,0.0,0.0
421,9.0,7.0,0.0,4.0,5.0,0.0,5539.28,3234.008,-42.468,30.647,30.452,8.826,0.0,0.0
423,0.0,8.0,0.0,0.0,0.0,0.0,333.769,3379.618,16.392,30.123,30.009,8.771,0.0,0.0
424,0.0,8.0,0.0,1.0,1.0,0.0,296.458,3436.454,89.806,30.154,30.007,8.775,0.0,0.0
425,0.0,8.0,0.0,2.0,2.0,0.0,533.151,3544.793,132.738,30.659,30.532,8.925,0.0,0.0
426,0.0,8.0,0.0,3.0,3.0,0.0,440.161,3618.835,-17.837,30.847,30.61,8.878,0.0,0.0
427,1.0,8.0,0.0,0.0,0.0,0.0,671.334,3425.634,61.822,30.519,30.307,8.872,0.0,0.0
428,1.0,8.0,0.0,1.0,1.0,0.0,688.142,3512.498,12.344,30.6,30.546,8.833,0.0,0.0
429,1.0,8.0,0.0,2.0,2.0,0.0,1100.433,3520.187,31.517,30.696,30.642,8.947,0.0,0.0
430,2.0,8.0,0.0,0.0,0.0,0.0,1531.122,3288.327,92.274,30.787,30.561,8.862,0.0,0.0
431,2.0,8.0,0.0,1.0,1.0,0.0,1405.794,3416.076,67.027,30.385,30.222,8.84,0.0,0.0
432,2.0,8.0,0.0,2.0,2.0,0.0,1318.334,3582.384,6.992,30.509,30.242,8.862,0.0,0.0
433,3.0,8.0,0.0,0.0,0.0,0.0,1984.648,3362.752,67.158,30.652,30.388,8.903,0.0,0.0
434,3.0,8.0,0.0,1.0,2.0,0.0,2185.769,3488.145,14.072,30.485,30.465,8.89,0.0,0.0
435,3.0,8.0,0.0,2.0,3.0,0.0,2261.984,3514.892,-26.759,30.802,30.79,8.897,0.0,0.0
436,4.0,8.0,0.0,0.0,0.0,0.0,2741.773,3309.764,87.453,31.027,30.819,8.934,0.0,0.0
442,4.0,8.0,0.0,6.0,5.0,0.0,2395.738,3596.54,93.769,30.808,30.625,8.874,0.0,0.0
443,5.0,8.0,0.0,0.0,1.0,0.0,3438.389,3330.459,118.948,31.314,31.122,9.019,0.0,0.0
444,5.0,8.0,0.0,1.0,2.0,0.0,2970.424,3562.3,19.635,30.604,30.444,8.905,0.0,0.0
445,5.0,8.0,0.0,2.0,3.0,0.0,3294.348,3640.947,42.756,30.602,30.437,8.903,0.0,0.0
446,6.0,8.0,0.0,0.0,1.0,0.0,3676.701,3368.38,32.464,30.6,30.431,8.902,0.0,0.0
448,6.0,8.0,0.0,2.0,3.0,0.0,4024.438,3430.464,19.737,31.113,30.973,8.969,0.0,0.0
449,6.0,8.0,0.0,3.0,4.0,0.0,3742.818,3430.231,83.068,30.542,30.424,8.892,0.0,0.0
451,7.0,8.0,0.0,0.0,0.0,0.0,4081.457,3305.054,-18.067,30.45,30.257,9.995,0.0,0.0
452,7.0,8.0,0.0,1.0,1.0,0.0,4230.88,3350.782,64.24,30.247,29.99,8.787,0.0,0.0
453,7.0,8.0,0.0,2.0,2.0,0.0,4249.582,3376.351,39.437,30.506,30.308,8.87,0.0,0.0
454,7.0,8.0,0.0,3.0,3.0,0.0,4316.351,3384.091,72.761,30.284,29.975,8.79,0.0,0.0
455,7.0,8.0,0.0,4.0,5.0,0.0,4468.273,3442.022,-44.326,30.383,30.16,8.831,0.0,0.0
456,7.0,8.0,0.0,5.0,6.0,0.0,4511.86,3490.493,114.848,30.895,30.759,8.906,0.0,0.0
457,8.0,8.0,0.0,0.0,1.0,0.0,4946.54,3363.151,-25.626,30.519,30.365,8.881,0.0,0.0
458,8.0,8.0,0.0,1.0,2.0,0.0,5146.555,3415.836,108.113,30.627,30.491,8.915,0.0,0.0
459,8.0,8.0,0.0,2.0,3.0,0.0,5073.335,3436.645,117.975,30.379,30.334,8.856,0.0,0.0
460,8.0,8.0,0.0,3.0,4.0,0.0,5024.962,3588.668,86.301,30.402,30.205,8.84,0.0,0.0
461,8.0,8.0,0.0,4.0,5.0,0.0,4642.778,3599.796,20.626,30.789,30.704,8.883,0.0,0.0
462,9.0,8.0,0.0,0.0,2.0,0.0,5272.557,3366.341,66.28,30.416,30.261,8.85,0.0,0.0
463,9.0,8.0,0.0,1.0,3.0,0.0,5503.494,3459.121,55.971,30.565,30.334,8.883,0.0,0.0
464,9.0,8.0,0.0,2.0,4.0,0.0,5551.75,3602.547,-44.692,30.457,30.447,8.798,0.0,0.0
465,9.0,8.0,0.0,3.0,5.0,0.0,5658.356,3631.951,46.004,30.999,30.873,8.938,0.0,0.0
466,0.0,9.0,0.0,0.0,0.0,0.0,131.563,3708.566,67.165,30.476,30.092,8.834,0.0,0.0
467,0.0,9.0,0.0,1.0,1.0,0.0,314.592,3792.11,36.011,30.406,30.376,8.866,0.0,0.0
468,0.0,9.0,0.0,2.0,2.0,0.0,556.789,3799.449,0.19,30.703,30.521,8.844,0.0,0.0
469,0.0,9.0,0.0,3.0,3.0,0.0,269.804,3989.347,61.187,30.738,30.525,8.849,0.0,0.0
470,0.0,9.0,0.0,4.0,4.0,0.0,441.988,4009.075,61.669,30.919,30.751,8.908,0.0,0.0
471,0.0,9.0,0.0,5.0,5.0,0.0,297.757,4019.448,112.648,30.327,29.681,8.753,0.0,0.0
472,0.0,9.0,0.0,6.0,6.0,0.0,98.329,4038.11,131.896,30.551,30.533,8.91,0.0,0.0
473,0.0,9.0,0.0,7.0,7.0,0.0,143.617,4043.745,-17.635,30.756,30.657,8.871,0.0,0.0
474,0.0,9.0,0.0,8.0,8.0,0.0,579.734,4074.248,26.432,31.476,31.241,8.974,0.0,0.0
475,1.0,9.0,0.0,0.0,0.0,0.0,841.915,3781.343,14.327,30.431,30.386,9.549,0.0,0.0
476,1.0,9.0,0.0,1.0,0.0,0.0,815.332,3773.645,17.606,30.73,30.181,9.447,0.0,0.0
477,1.0,9.0,0.0,2.0,1.0,0.0,1071.457,3852.493,-32.442,30.742,30.557,8.855,0.0,0.0
478,1.0,9.0,0.0,3.0,2.0,0.0,981.079,3863.408,-1.43,30.405,30.259,8.849,0.0,0.0
479,1.0,9.0,0.0,4.0,3.0,0.0,1091.948,4053.727,10.841,31.339,31.115,9.022,0.0,0.0
480,2.0,9.0,0.0,0.0,0.0,0.0,1606.747,3775.118,73.284,30.569,30.489,8.906,0.0,0.0
482,2.0,9.0,0.0,2.0,2.0,0.0,1713.89,3870.499,114.56,30.714,30.617,8.946,0.0,0.0
484,2.0,9.0,0.0,4.0,4.0,0.0,1266.229,3998.967,-16.531,30.306,30.108,8.812,0.0,0.0
486,2.0,9.0,0.0,6.0,6.0,0.0,1432.195,4060.184,-7.353,30.82,30.732,8.891,0.0,0.0
488,3.0,9.0,0.0,0.0,1.0,0.0,2309.227,3805.703,71.178,31.033,30.815,8.934,0.0,0.0
489,3.0,9.0,0.0,1.0,3.0,0.0,1918.783,3873.034,65.905,30.362,30.13,8.823,0.0,0.0
490,3.0,9.0,0.0,2.0,5.0,0.0,1888.307,3945.559,74.117,30.356,30.309,8.849,0.0,0.0
491,3.0,9.0,0.0,3.0,6.0,0.0,2308.987,4007.536,-28.148,16.096,15.912,6.301,0.0,0.0
492,4.0,9.0,0.0,0.0,0.0,0.0,2329.922,3764.713,40.264,31.006,30.9,8.942,0.0,0.0
494,4.0,9.0,0.0,2.0,2.0,0.0,2808.472,3772.635,-15.535,30.914,30.758,8.909,0.0,0.0
495,4.0,9.0,0.0,3.0,3.0,0.0,2409.585,3802.308,-2.559,30.705,30.53,8.932,0.0,0.0
496,4.0,9.0,0.0,4.0,7.0,0.0,2784.349,3941.242,-7.498,30.828,30.64,8.879,0.0,0.0
497,4.0,9.0,0.0,5.0,8.0,0.0,2636.772,3953.93,33.588,30.595,30.491,8.91,0.0,0.0
498,4.0,9.0,0.0,6.0,9.0,0.0,2697.527,3968.463,45.741,30.954,30.774,8.917,0.0,0.0
499,4.0,9.0,0.0,7.0,10.0,0.0,2675.381,4029.462,-13.861,30.873,30.752,8.902,0.0,0.0
500,4.0,9.0,0.0,8.0,11.0,0.0,2717.056,4062.41,75.648,31.572,31.315,8.998,0.0,0.0
501,5.0,9.0,0.0,0.0,0.0,0.0,3134.733,3823.183,64.284,30.412,30.245,8.848,0.0,0.0
502,5.0,9.0,0.0,1.0,1.0,0.0,3296.916,3852.824,59.758,30.554,30.39,8.804,0.0,0.0
503,5.0,9.0,0.0,2.0,2.0,0.0,3265.749,3930.232,116.063,30.815,30.624,8.961,0.0,0.0
504,5.0,9.0,0.0,3.0,3.0,0.0,3005.91,3973.756,3.503,30.24,30.07,8.797,0.0,0.0
505,6.0,9.0,0.0,0.0,0.0,0.0,3878.593,3761.33,44.156,30.695,30.308,8.812,0.0,0.0
508,6.0,9.0,0.0,3.0,3.0,0.0,3979.774,3862.283,-9.284,30.56,30.383,8.89,0.0,0.0
509,6.0,9.0,0.0,4.0,4.0,0.0,3948.406,3888.509,101.095,31.012,30.905,8.944,0.0,0.0
513,7.0,9.0,0.0,3.0,1.0,0.0,4484.739,3863.337,4.076,30.802,30.749,8.891,0.0,0.0
514,7.0,9.0,0.0,4.0,2.0,0.0,4236.705,3868.514,81.14,30.433,30.346,8.865,0.0,0.0
515,7.0,9.0,0.0,5.0,3.0,0.0,4453.604,4058.098,117.029,30.858,30.819,8.909,0.0,0.0
517,8.0,9.0,0.0,0.0,0.0,0.0,4685.17,3795.538,42.529,30.489,30.381,8.879,0.0,0.0
519,8.0,9.0,0.0,2.0,2.0,0.0,4806.892,3847.815,58.773,30.491,30.27,8.863,0.0,0.0
520,8.0,9.0,0.0,3.0,4.0,0.0,4788.263,4086.205,-33.006,30.658,30.601,8.935,0.0,0.0
523,9.0,9.0,0.0,1.0,1.0,0.0,5252.516,3792.521,41.8,30.465,30.358,8.872,0.0,0.0
526,0.0,10.0,0.0,0.0,1.0,0.0,378.584,4155.403,92.57,30.662,30.531,8.925,0.0,0.0
527,0.0,10.0,0.0,1.0,2.0,0.0,407.183,4261.491,22.817,30.533,30.439,8.894,0.0,0.0
528,0.0,10.0,0.0,2.0,3.0,0.0,41.838,4296.431,56.232,30.616,30.525,8.832,0.0,0.0
529,0.0,10.0,0.0,3.0,4.0,0.0,251.002,4334.833,38.652,30.852,30.593,8.963,0.0,0.0
530,0.0,10.0,0.0,4.0,5.0,0.0,99.696,4393.433,-34.902,30.824,30.748,8.894,0.0,0.0
532,1.0,10.0,0.0,1.0,2.0,0.0,727.183,4138.342,83.963,30.861,30.722,8.896,0.0,0.0
533,1.0,10.0,0.0,2.0,3.0,0.0,1115.964,4164.273,27.971,30.815,30.628,8.876,0.0,0.0
534,1.0,10.0,0.0,3.0,4.0,0.0,649.264,4393.147,36.779,30.6,30.47,8.908,0.0,0.0
535,1.0,10.0,0.0,4.0,5.0,0.0,901.502,4408.309,54.25,30.907,30.747,8.906,0.0,0.0
537,2.0,10.0,0.0,1.0,3.0,0.0,1432.732,4374.018,123.681,30.835,30.774,8.9,0.0,0.0
538,2.0,10.0,0.0,2.0,5.0,0.0,1197.409,4437.042,60.021,30.86,30.767,8.902,0.0,0.0
539,2.0,10.0,0.0,3.0,6.0,0.0,1737.303,4440.816,93.18,31.437,30.58,8.872,0.0,0.0
540,3.0,10.0,0.0,0.0,1.0,0.0,2292.316,4167.852,131.296,30.637,30.544,8.924,0.0,0.0
541,3.0,10.0,0.0,1.0,2.0,0.0,1935.303,4186.289,1.272,30.538,30.42,8.892,0.0,0.0
542,3.0,10.0,0.0,2.0,3.0,0.0,1958.312,4378.272,-14.108,30.179,30.159,8.801,0.0,0.0
543,3.0,10.0,0.0,3.0,4.0,0.0,2161.767,4423.707,51.512,30.572,30.452,8.815,0.0,0.0
545,3.0,10.0,0.0,5.0,7.0,0.0,1823.661,4456.292,59.261,31.183,31.116,8.914,0.0,0.0
547,3.0,10.0,0.0,7.0,9.0,0.0,2166.997,4480.684,21.13,31.148,31.074,8.903,0.0,0.0
548,3.0,10.0,0.0,8.0,10.0,0.0,2026.247,4485.002,5.426,31.179,31.099,8.996,0.0,0.0
549,4.0,10.0,0.0,0.0,0.0,0.0,2510.919,4149.084,50.243,30.431,30.264,8.853,0.0,0.0
550,4.0,10.0,0.0,1.0,1.0,0.0,2366.944,4169.482,28.067,30.318,30.198,8.827,0.0,0.0
551,4.0,10.0,0.0,2.0,3.0,0.0,2865.615,4262.681,43.369,31.024,30.87,8.941,0.0,0.0
552,4.0,10.0,0.0,3.0,4.0,0.0,2394.242,4296.523,107.343,30.965,30.686,8.906,0.0,0.0
553,4.0,10.0,0.0,4.0,5.0,0.0,2554.2,4409.549,119.521,30.469,30.367,8.874,0.0,0.0
554,5.0,10.0,0.0,0.0,0.0,0.0,3054.28,4107.531,88.444,30.163,30.126,8.794,0.0,0.0
555,5.0,10.0,0.0,1.0,1.0,0.0,3394.821,4133.278,-31.771,30.751,30.622,8.865,0.0,0.0
556,5.0,10.0,0.0,2.0,2.0,0.0,3026.846,4151.773,59.939,30.86,30.717,8.895,0.0,0.0
557,5.0,10.0,0.0,3.0,3.0,0.0,3193.55,4323.492,47.724,30.671,30.51,8.924,0.0,0.0
558,5.0,10.0,0.0,4.0,4.0,0.0,3424.282,4348.154,11.377,31.145,31.01,8.979,0.0,0.0
559,5.0,10.0,0.0,5.0,5.0,0.0,3137.417,4362.51,14.636,30.836,30.662,8.884,0.0,0.0
560,5.0,10.0,0.0,6.0,6.0,0.0,3157.221,4410.927,120.2,30.477,30.341,8.871,0.0,0.0
561,5.0,10.0,0.0,7.0,7.0,0.0,3397.976,4491.008,-7.12,31.471,31.397,8.995,0.0,0.0
562,6.0,10.0,0.0,0.0,0.0,0.0,3907.389,4123.705,-15.349,30.893,30.733,8.902,0.0,0.0
563,6.0,10.0,0.0,1.0,1.0,0.0,3501.011,4222.535,57.621,30.623,30.587,8.842,0.0,0.0
564,6.0,10.0,0.0,2.0,2.0,0.0,3725.569,4264.429,89.68,30.552,30.444,8.897,0.0,0.0
565,6.0,10.0,0.0,3.0,3.0,0.0,3718.835,4306.569,134.006,30.575,30.418,8.897,0.0,0.0
566,6.0,10.0,0.0,4.0,4.0,0.0,3690.312,4395.014,129.312,30.516,30.456,8.893,0.0,0.0
567,6.0,10.0,0.0,5.0,5.0,0.0,3765.416,4464.948,10.276,30.455,30.201,8.848,0.0,0.0
568,6.0,10.0,0.0,6.0,6.0,0.0,3807.405,4487.982,-16.082,30.933,30.809,8.919,0.0,0.0
569,7.0,10.0,0.0,0.0,1.0,0.0,4380.163,4227.286,65.042,30.459,30.418,8.88,0.0,0.0
570,7.0,10.0,0.0,1.0,2.0,0.0,4284.747,4471.876,113.902,30.568,30.508,8.823,0.0,0.0
571,7.0,10.0,0.0,2.0,3.0,0.0,4077.113,4495.209,62.916,31.24,31.119,8.923,0.0,0.0
572,8.0,10.0,0.0,0.0,2.0,0.0,4846.22,4107.128,21.917,30.319,30.272,8.838,0.0,0.0
573,8.0,10.0,0.0,1.0,3.0,0.0,5106.862,4128.364,103.39,30.711,30.521,8.931,0.0,0.0
574,8.0,10.0,0.0,2.0,4.0,0.0,5119.119,4236.087,98.855,30.495,30.443,8.888,0.0,0.0
575,8.0,10.0,0.0,3.0,5.0,0.0,4849.502,4245.709,20.582,30.181,29.883,8.761,0.0,0.0
576,8.0,10.0,0.0,4.0,6.0,0.0,5046.345,4357.641,-44.858,30.678,30.55,8.845,0.0,0.0
577,9.0,10.0,0.0,0.0,0.0,0.0,5335.363,4131.847,22.078,29.955,29.951,8.825,0.0,0.0
578,9.0,10.0,0.0,1.0,1.0,0.0,5403.762,4187.96,67.829,30.219,30.063,8.793,0.0,0.0
580,9.0,10.0,0.0,3.0,3.0,0.0,5378.751,4492.063,105.226,30.925,30.647,8.894,0.0,0.0
581,0.0,11.0,0.0,0.0,0.0,0.0,97.074,4578.809,35.766,30.638,30.532,8.922,0.0,0.0
582,0.0,11.0,0.0,1.0,1.0,0.0,444.417,4626.278,18.294,30.748,30.65,8.869,0.0,0.0
583,0.0,11.0,0.0,2.0,2.0,0.0,251.459,4750.361,119.706,30.531,30.369,8.883,0.0,0.0
584,0.0,11.0,0.0,3.0,5.0,0.0,297.473,4835.075,49.892,30.461,30.331,8.867,0.0,0.0
585,1.0,11.0,0.0,0.0,0.0,0.0,808.768,4563.559,69.076,30.406,30.304,8.855,0.0,0.0
586,1.0,11.0,0.0,1.0,1.0,0.0,1059.654,4660.444,27.214,30.982,30.676,8.907,0.0,0.0
587,1.0,11.0,0.0,2.0,3.0,0.0,972.914,4813.117,41.977,30.649,30.465,8.914,0.0,0.0
588,1.0,11.0,0.0,3.0,4.0,0.0,634.153,4879.5,17.781,30.922,30.704,8.902,0.0,0.0
589,1.0,11.0,0.0,4.0,5.0,0.0,1160.635,4887.222,83.809,31.236,31.075,9.001,0.0,0.0
590,1.0,11.0,0.0,5.0,6.0,0.0,703.023,4896.848,-26.154,31.044,30.973,8.959,0.0,0.0
592,2.0,11.0,0.0,1.0,1.0,0.0,1344.073,4718.624,-32.382,31.128,30.435,9.442,0.0,0.0
593,2.0,11.0,0.0,2.0,1.0,0.0,1364.314,4700.411,25.327,30.27,30.049,9.586,0.0,0.0
594,2.0,11.0,0.0,3.0,2.0,0.0,1176.987,4719.528,-32.231,30.267,30.098,8.805,0.0,0.0
596,2.0,11.0,0.0,5.0,4.0,0.0,1553.158,4884.383,-1.542,31.079,30.904,8.954,0.0,0.0
597,2.0,11.0,0.0,6.0,6.0,0.0,1714.217,4888.028,82.328,31.649,31.455,9.029,0.0,0.0
598,2.0,11.0,0.0,7.0,7.0,0.0,1657.974,4897.552,-10.38,31.494,31.381,8.997,0.0,0.0
599,3.0,11.0,0.0,0.0,3.0,0.0,2149.69,4509.121,128.156,30.396,30.178,8.835,0.0,0.0
600,3.0,11.0,0.0,1.0,4.0,0.0,2065.608,4563.077,-35.311,30.448,30.377,8.872,0.0,0.0
601,3.0,11.0,0.0,2.0,5.0,0.0,2255.823,4670.125,-16.322,31.001,30.723,8.916,0.0,0.0
602,3.0,11.0,0.0,3.0,6.0,0.0,2236.525,4763.822,6.271,30.76,30.598,8.95,0.0,0.0
603,3.0,11.0,0.0,4.0,7.0,0.0,1841.987,4904.284,36.103,31.032,30.902,8.947,0.0,0.0
604,3.0,11.0,0.0,5.0,8.0,0.0,2056.965,4904.835,4.655,30.952,30.766,8.916,0.0,0.0
605,4.0,11.0,0.0,0.0,0.0,0.0,2559.911,4544.828,35.484,30.851,30.642,8.883,0.0,0.0
607,4.0,11.0,0.0,2.0,2.0,0.0,2621.607,4721.237,56.766,30.29,30.24,8.829,0.0,0.0
609,4.0,11.0,0.0,4.0,5.0,0.0,2817.291,4883.392,131.874,31.473,31.262,8.893,0.0,0.0
610,5.0,11.0,0.0,0.0,1.0,0.0,2985.318,4595.398,28.776,30.341,30.202,8.831,0.0,0.0
611,5.0,11.0,0.0,1.0,2.0,0.0,3198.429,4607.796,6.425,30.548,30.376,8.887,0.0,0.0
612,5.0,11.0,0.0,2.0,3.0,0.0,3185.819,4752.188,42.912,30.451,30.407,8.877,0.0,0.0
613,5.0,11.0,0.0,3.0,4.0,0.0,3127.267,4789.197,89.775,30.671,30.539,8.842,0.0,0.0
614,5.0,11.0,0.0,4.0,5.0,0.0,3292.41,4837.136,41.176,30.528,30.428,8.891,0.0,0.0
615,5.0,11.0,0.0,5.0,6.0,0.0,3056.922,4891.967,-11.224,30.876,30.785,8.907,0.0,0.0
617,6.0,11.0,0.0,0.0,1.0,0.0,3656.611,4579.131,75.162,30.191,29.993,8.866,0.0,0.0
618,6.0,11.0,0.0,1.0,2.0,0.0,3497.22,4590.277,25.064,30.687,30.481,8.922,0.0,0.0
619,6.0,11.0,0.0,2.0,4.0,0.0,3584.689,4745.457,13.019,30.477,30.327,8.869,0.0,0.0
623,6.0,11.0,0.0,6.0,8.0,0.0,3707.317,4860.346,-37.162,30.679,30.584,8.936,0.0,0.0
624,7.0,11.0,0.0,0.0,1.0,0.0,4532.089,4578.592,-40.464,30.657,30.446,8.913,0.0,0.0
625,7.0,11.0,0.0,1.0,2.0,0.0,4274.113,4584.34,77.056,30.564,30.325,8.881,0.0,0.0
628,7.0,11.0,0.0,4.0,5.0,0.0,4510.618,4902.923,-26.06,30.984,30.777,8.922,0.0,0.0
629,8.0,11.0,0.0,0.0,0.0,0.0,5042.917,4603.447,127.16,30.186,30.093,8.792,0.0,0.0
630,8.0,11.0,0.0,1.0,1.0,0.0,4898.314,4733.08,60.603,30.628,30.481,8.913,0.0,0.0
631,9.0,11.0,0.0,0.0,1.0,0.0,5294.778,4521.065,40.346,30.44,30.229,8.849,0.0,0.0
632,9.0,11.0,0.0,1.0,2.0,0.0,5438.938,4598.06,77.53,30.945,30.737,8.91,0.0,0.0
633,9.0,11.0,0.0,2.0,3.0,0.0,5243.965,4618.256,47.499,30.531,30.391,8.886,0.0,0.0
635,9.0,11.0,0.0,4.0,5.0,0.0,5697.732,4665.588,97.812,30.704,30.536,8.932,0.0,0.0
636,9.0,11.0,0.0,5.0,6.0,0.0,5271.922,4795.776,84.646,30.486,30.35,8.874,0.0,0.0
637,9.0,11.0,0.0,6.0,7.0,0.0,5592.847,4795.856,82.325,30.506,30.462,8.893,0.0,0.0
638,0.0,12.0,0.0,0.0,0.0,0.0,288.969,5125.222,21.46,30.337,30.251,8.838,0.0,0.0
639,0.0,12.0,0.0,1.0,1.0,0.0,100.027,5133.011,50.521,30.318,30.093,8.811,0.0,0.0
641,0.0,12.0,0.0,3.0,3.0,0.0,521.929,5285.416,62.57,31.687,31.506,9.042,0.0,0.0
642,1.0,12.0,0.0,0.0,2.0,0.0,759.823,4948.839,72.718,30.69,30.535,8.93,0.0,0.0
645,1.0,12.0,0.0,3.0,6.0,0.0,654.351,5200.254,32.237,30.957,30.806,8.922,0.0,0.0
646,1.0,12.0,0.0,4.0,7.0,0.0,841.387,5283.069,-44.513,31.028,30.979,8.957,0.0,0.0
647,1.0,12.0,0.0,5.0,8.0,0.0,1065.189,5300.458,16.689,31.411,31.304,8.973,0.0,0.0
648,1.0,12.0,0.0,6.0,9.0,0.0,890.957,5310.779,111.161,30.834,30.821,8.906,0.0,0.0
651,2.0,12.0,0.0,1.0,5.0,0.0,1207.463,4967.413,60.657,30.667,30.574,8.846,0.0,0.0
652,2.0,12.0,0.0,2.0,6.0,0.0,1676.907,4997.749,68.2,30.791,30.709,8.884,0.0,0.0
654,2.0,12.0,0.0,4.0,8.0,0.0,1330.914,5204.466,81.856,30.334,30.09,8.813,0.0,0.0
655,2.0,12.0,0.0,5.0,9.0,0.0,1471.52,5313.69,0.379,31.102,30.014,8.829,0.0,0.0
656,3.0,12.0,0.0,0.0,2.0,0.0,1991.126,5104.059,85.277,30.654,30.564,8.843,0.0,0.0
657,3.0,12.0,0.0,1.0,4.0,0.0,1985.543,5209.086,115.991,30.839,30.618,8.878,0.0,0.0
658,4.0,12.0,0.0,0.0,1.0,0.0,2348.164,5158.358,2.647,30.632,30.532,8.922,0.0,0.0
659,4.0,12.0,0.0,1.0,2.0,0.0,2807.051,5174.173,66.524,30.995,30.853,8.934,0.0,0.0
660,4.0,12.0,0.0,2.0,3.0,0.0,2570.849,5216.392,82.258,30.429,30.29,8.857,0.0,0.0
663,5.0,12.0,0.0,0.0,2.0,0.0,3438.53,4927.458,129.53,30.807,30.69,8.883,0.0,0.0
664,5.0,12.0,0.0,1.0,3.0,0.0,2942.566,4981.009,38.957,30.688,30.527,8.843,0.0,0.0
665,5.0,12.0,0.0,2.0,4.0,0.0,2901.701,4988.527,16.999,30.985,30.848,8.932,0.0,0.0
666,5.0,12.0,0.0,3.0,5.0,0.0,2965.28,5007.673,30.855,30.487,30.312,8.868,0.0,0.0
667,5.0,12.0,0.0,4.0,6.0,0.0,2917.01,5227.024,25.009,30.73,30.482,8.929,0.0,0.0
668,6.0,12.0,0.0,0.0,0.0,0.0,3582.292,4947.18,44.785,30.922,30.814,8.918,0.0,0.0
670,6.0,12.0,0.0,2.0,2.0,0.0,3887.653,4998.072,108.289,29.981,29.844,8.726,0.0,0.0
671,6.0,12.0,0.0,3.0,3.0,0.0,3702.62,5027.696,123.369,30.268,30.169,8.815,0.0,0.0
672,6.0,12.0,0.0,4.0,4.0,0.0,3727.374,5093.978,40.738,30.578,30.364,8.889,0.0,0.0
674,6.0,12.0,0.0,6.0,7.0,0.0,3724.252,5268.304,109.406,30.514,30.306,8.871,0.0,0.0
675,6.0,12.0,0.0,7.0,8.0,0.0,3960.09,5269.826,14.702,31.022,30.947,8.952,0.0,0.0
676,7.0,12.0,0.0,0.0,1.0,0.0,4391.242,4975.6,61.447,30.642,30.393,8.902,0.0,0.0
677,7.0,12.0,0.0,1.0,2.0,0.0,4460.093,5083.099,23.809,30.561,30.451,8.899,0.0,0.0
678,7.0,12.0,0.0,2.0,3.0,0.0,4269.076,5290.35,78.479,30.532,30.309,8.874,0.0,0.0
679,8.0,12.0,0.0,0.0,0.0,0.0,4735.664,5127.152,23.322,30.509,30.266,8.865,0.0,0.0
681,8.0,12.0,0.0,2.0,2.0,0.0,5169.79,5176.46,43.771,30.705,30.556,8.936,0.0,0.0
683,9.0,12.0,0.0,0.0,0.0,0.0,5623.058,4938.244,94.022,30.423,30.332,8.862,0.0,0.0
684,9.0,12.0,0.0,1.0,1.0,0.0,5341.749,4998.405,76.437,30.458,30.311,8.864,0.0,0.0
685,9.0,12.0,0.0,2.0,2.0,0.0,5313.616,5085.466,23.173,30.604,30.424,8.902,0.0,0.0
686,9.0,12.0,0.0,3.0,3.0,0.0,5280.331,5086.258,52.443,30.314,30.264,8.836,0.0,0.0
690,9.0,12.0,0.0,7.0,7.0,0.0,5639.146,5271.614,31.829,30.954,30.93,8.939,0.0,0.0
113,0.0,2.0,0.0,2.0,2.0,0.0,280.529,1142.444,2.902,25.255,25.038,7.989,0.0,0.0
692,0.0,6.0,0.0,0.0,0.0,0.0,564.411,2631.498,12.447,30.448,29.429,25.547,4.0,
693,0.0,6.0,0.0,0.0,0.0,0.0,560.231,2644.227,-27.816,30.718,30.061,25.846,4.0,
694,1.0,4.0,0.0,0.0,0.0,0.0,904.565,2004.226,-41.663,31.038,30.522,26.185,4.0,
695,1.0,4.0,0.0,0.0,0.0,0.0,892.42,2000.943,91.514,30.895,28.577,25.427,4.0,
696,2.0,2.0,0.0,0.0,0.0,0.0,1446.628,1017.417,13.128,31.146,30.216,26.039,4.0,
697,2.0,2.0,0.0,0.0,0.0,0.0,1435.863,1010.451,128.19,30.615,29.911,25.795,4.0,
699,3.0,10.0,0.0,0.0,0.0,0.0,1783.692,4112.203,3.038,30.834,30.35,26.0,4.0,
700,3.0,10.0,0.0,0.0,0.0,0.0,1765.237,4117.639,115.337,31.324,27.833,25.754,4.0,
701,3.0,10.0,0.0,0.0,0.0,0.0,1756.651,4114.945,113.707,30.69,29.556,23.82,4.0,
703,3.0,12.0,0.0,0.0,0.0,0.0,2178.159,5129.409,-8.344,31.364,30.799,24.491,4.0,
704,3.0,12.0,0.0,0.0,0.0,0.0,2178.871,5152.214,-0.475,31.339,30.027,26.136,4.0,
705,4.0,9.0,0.0,0.0,0.0,0.0,2375.736,3827.917,45.533,31.267,29.673,25.978,4.0,
706,4.0,9.0,0.0,0.0,0.0,0.0,2376.515,3860.27,98.906,32.411,30.724,26.617,4.0,
707,4.0,9.0,0.0,0.0,0.0,0.0,2327.773,3937.514,105.263,29.951,25.484,24.172,4.0,
708,6.0,11.0,0.0,0.0,0.0,0.0,3917.713,4853.61,53.681,30.615,30.403,25.971,4.0,
709,6.0,11.0,0.0,0.0,0.0,0.0,3910.447,4858.922,130.905,30.872,30.185,23.971,4.0,
711,7.0,4.0,0.0,0.0,0.0,0.0,4608.228,1990.297,16.934,30.882,30.075,25.97,4.0,
712,7.0,7.0,0.0,0.0,0.0,0.0,4115.335,3107.406,117.435,31.313,30.058,26.008,4.0,
713,7.0,7.0,0.0,0.0,0.0,0.0,4104.302,3122.403,105.019,30.826,30.255,25.934,4.0,
714,7.0,8.0,0.0,0.0,0.0,0.0,4098.342,3290.074,55.953,30.486,29.664,25.6,4.0,
715,7.0,9.0,0.0,0.0,0.0,0.0,4621.414,4061.238,124.938,30.901,30.496,24.181,4.0,
716,8.0,0.0,0.0,0.0,0.0,0.0,4845.667,109.833,17.343,30.485,30.149,23.849,4.0,
718,8.0,8.0,0.0,0.0,0.0,0.0,5176.473,3337.682,-12.888,31.066,30.164,26.067,4.0,
719,8.0,8.0,0.0,0.0,0.0,0.0,5170.445,3354.012,-30.953,31.222,30.634,26.275,4.0,
720,9.0,2.0,0.0,0.0,0.0,0.0,5690.439,1237.344,-35.999,31.548,30.937,24.587,4.0,
721,9.0,7.0,0.0,0.0,0.0,0.0,5694.845,3276.478,89.933,30.945,30.499,26.085,4.0,
</ResultDatas>,,,,,,,,,,,,,,
<ElementResult>,,,,,,,,,,,,,,
0,0.0,,,,,,,,,,,,,
1,0.0,,,,,,,,,,,,,
2,0.0,,,,,,,,,,,,,
3,0.0,,,,,,,,,,,,,
4,1.0,,,,,,,,,,,,,
5,593.0,,,,,,,,,,,,,
</ElementResult>,,,,,,,,,,,,,,
0,0.0,0.0,0.0,0.0,0.0,0.0,372.483,22.99,101.356,30.293,30.167,8.819,0.0,0.0
1,0.0,0.0,0.0,1.0,1.0,0.0,289.3,28.351,-29.438,30.714,30.648,8.864,0.0,0.0
3,0.0,0.0,0.0,3.0,3.0,0.0,80.469,92.563,46.307,30.656,30.392,8.904,0.0,0.0
4,0.0,0.0,0.0,4.0,5.0,0.0,131.991,154.399,66.826,30.32,30.277,8.839,0.0,0.0
5,0.0,0.0,0.0,5.0,7.0,0.0,184.137,297.72,133.885,30.468,30.368,8.874,0.0,0.0
7,0.0,0.0,0.0,7.0,9.0,0.0,50.039,337.594,-2.439,30.714,30.582,8.854,0.0,0.0
8,0.0,0.0,0.0,8.0,10.0,0.0,401.206,380.536,-40.716,31.235,30.991,8.904,0.0,0.0
10,1.0,0.0,0.0,0.0,1.0,0.0,1044.295,18.954,125.751,30.705,30.547,8.934,0.0,0.0
11,1.0,0.0,0.0,1.0,2.0,0.0,765.605,43.683,71.892,32.81,29.454,8.824,0.0,0.0
12,1.0,0.0,0.0,2.0,3.0,0.0,923.729,38.478,103.037,30.768,30.533,8.855,0.0,0.0
13,1.0,0.0,0.0,3.0,4.0,0.0,852.854,142.086,88.102,30.619,30.388,8.813,0.0,0.0
14,1.0,0.0,0.0,4.0,5.0,0.0,693.411,145.948,27.026,30.558,30.482,8.904,0.0,0.0
17,1.0,0.0,0.0,7.0,9.0,0.0,611.496,287.942,106.989,30.47,30.344,8.87,0.0,0.0
18,1.0,0.0,0.0,8.0,10.0,0.0,679.423,302.724,71.428,30.648,30.334,8.809,0.0,0.0
19,1.0,0.0,0.0,9.0,11.0,0.0,1158.595,318.612,13.651,31.063,30.974,8.961,0.0,0.0
20,1.0,0.0,0.0,10.0,12.0,0.0,1084.512,390.403,122.148,31.046,30.869,8.944,0.0,0.0
21,2.0,0.0,0.0,0.0,0.0,0.0,1711.299,173.394,131.708,30.604,30.481,8.91,0.0,0.0
22,2.0,0.0,0.0,1.0,1.0,0.0,1462.162,252.122,-28.736,30.606,30.467,8.908,0.0,0.0
23,2.0,0.0,0.0,2.0,2.0,0.0,1194.131,290.54,21.18,30.642,30.397,8.903,0.0,0.0
25,3.0,0.0,0.0,0.0,0.0,0.0,2046.138,31.289,50.671,30.228,30.139,8.805,0.0,0.0
26,3.0,0.0,0.0,1.0,1.0,0.0,2211.024,121.708,101.758,30.647,30.515,8.835,0.0,0.0
27,3.0,0.0,0.0,2.0,2.0,0.0,2184.466,236.745,1.784,30.751,30.675,8.873,0.0,0.0
28,3.0,0.0,0.0,3.0,4.0,0.0,2077.273,324.775,32.968,30.633,30.351,9.574,0.0,0.0
29,3.0,0.0,0.0,4.0,4.0,0.0,2049.325,323.783,55.282,30.669,30.548,9.507,0.0,0.0
30,3.0,0.0,0.0,5.0,5.0,0.0,1992.262,326.7,23.411,33.654,32.495,9.208,0.0,0.0
31,3.0,0.0,0.0,6.0,6.0,0.0,1783.248,339.712,31.487,30.581,30.404,8.895,0.0,0.0
32,3.0,0.0,0.0,7.0,7.0,0.0,2025.64,364.761,121.111,30.974,30.767,8.919,0.0,0.0
33,4.0,0.0,0.0,0.0,1.0,0.0,2362.264,62.314,34.939,30.414,30.251,8.849,0.0,0.0
34,4.0,0.0,0.0,1.0,2.0,0.0,2669.579,162.989,111.308,30.352,30.227,8.836,0.0,0.0
35,4.0,0.0,0.0,2.0,3.0,0.0,2762.885,172.227,80.469,30.88,30.772,8.906,0.0,0.0
36,4.0,0.0,0.0,3.0,4.0,0.0,2467.575,213.271,-19.328,30.206,30.132,8.801,0.0,0.0
37,4.0,0.0,0.0,4.0,5.0,0.0,2332.125,275.146,46.893,30.62,30.541,8.835,0.0,0.0
38,4.0,0.0,0.0,5.0,6.0,0.0,2453.761,328.541,-10.194,30.498,30.415,8.885,0.0,0.0
39,4.0,0.0,0.0,6.0,8.0,0.0,2614.229,416.348,113.548,30.655,30.628,8.853,0.0,0.0
40,5.0,0.0,0.0,0.0,0.0,0.0,3360.293,92.313,44.478,30.689,30.633,8.858,0.0,0.0
41,5.0,0.0,0.0,1.0,1.0,0.0,3261.769,159.896,134.302,30.712,30.482,8.926,0.0,0.0
42,5.0,0.0,0.0,2.0,2.0,0.0,3206.147,205.138,78.74,30.583,30.534,8.915,0.0,0.0
43,5.0,0.0,0.0,3.0,3.0,0.0,3424.771,323.352,36.52,30.872,30.755,8.902,0.0,0.0
44,5.0,0.0,0.0,4.0,4.0,0.0,3059.507,413.788,112.266,31.231,31.065,8.999,0.0,0.0
45,6.0,0.0,0.0,0.0,0.0,0.0,3540.653,219.122,38.933,30.474,30.423,8.883,0.0,0.0
46,6.0,0.0,0.0,1.0,1.0,0.0,3928.09,296.791,21.241,30.763,30.705,8.879,0.0,0.0
47,6.0,0.0,0.0,2.0,2.0,0.0,4007.531,297.423,28.192,30.995,30.766,8.837,0.0,0.0
48,7.0,0.0,0.0,0.0,2.0,0.0,4516.559,50.818,87.064,30.522,30.278,8.868,0.0,0.0
50,7.0,0.0,0.0,2.0,5.0,0.0,4552.76,131.829,133.383,30.716,30.506,8.93,0.0,0.0
52,7.0,0.0,0.0,4.0,8.0,0.0,4468.85,335.919,-41.801,30.869,30.732,8.898,0.0,0.0
53,7.0,0.0,0.0,5.0,9.0,0.0,4080.374,370.271,91.692,30.975,30.92,8.941,0.0,0.0
55,8.0,0.0,0.0,1.0,3.0,0.0,4729.274,244.354,-0.323,30.553,30.332,8.881,0.0,0.0
57,8.0,0.0,0.0,3.0,6.0,0.0,4736.638,383.983,18.372,30.495,30.439,8.888,0.0,0.0
58,9.0,0.0,0.0,0.0,0.0,0.0,5292.741,19.026,82.204,30.754,30.666,8.959,0.0,0.0
59,9.0,0.0,0.0,1.0,1.0,0.0,5506.396,334.752,93.263,30.514,30.418,8.888,0.0,0.0
60,9.0,0.0,0.0,2.0,2.0,0.0,5563.116,400.899,-6.545,30.632,30.561,8.84,0.0,0.0
61,9.0,0.0,0.0,3.0,3.0,0.0,5613.305,407.167,-8.722,30.833,30.768,8.898,0.0,0.0
62,0.0,1.0,0.0,0.0,2.0,0.0,27.602,543.571,23.761,30.431,30.22,8.847,0.0,0.0
64,0.0,1.0,0.0,2.0,6.0,0.0,284.491,718.27,35.369,30.189,30.151,8.801,0.0,0.0
65,0.0,1.0,0.0,3.0,7.0,0.0,526.27,728.406,-36.399,32.128,32.049,9.097,0.0,0.0
66,0.0,1.0,0.0,4.0,8.0,0.0,496.693,778.209,77.747,30.793,30.778,8.894,0.0,0.0
67,0.0,1.0,0.0,5.0,9.0,0.0,52.066,827.817,-0.389,32.908,26.97,8.543,0.0,0.0
68,1.0,1.0,0.0,0.0,0.0,0.0,918.843,542.923,122.193,30.299,30.279,8.836,0.0,0.0
70,1.0,1.0,0.0,2.0,2.0,0.0,884.428,620.58,66.271,30.112,29.891,8.839,0.0,0.0
71,1.0,1.0,0.0,3.0,3.0,0.0,1055.913,666.657,127.486,30.478,30.381,8.877,0.0,0.0
72,1.0,1.0,0.0,4.0,4.0,0.0,1159.333,748.377,53.766,31.305,31.086,8.927,0.0,0.0
73,1.0,1.0,0.0,5.0,6.0,0.0,1004.421,826.082,-1.627,31.161,29.497,8.762,0.0,0.0
74,2.0,1.0,0.0,0.0,0.0,0.0,1587.751,439.616,-41.424,30.791,30.699,8.882,0.0,0.0
76,2.0,1.0,0.0,2.0,2.0,0.0,1354.399,539.64,4.227,30.194,30.137,8.8,0.0,0.0
77,2.0,1.0,0.0,3.0,3.0,0.0,1241.595,607.012,-4.794,30.49,30.45,8.889,0.0,0.0
78,2.0,1.0,0.0,4.0,4.0,0.0,1319.959,673.75,120.481,30.198,30.122,8.799,0.0,0.0
79,2.0,1.0,0.0,5.0,5.0,0.0,1649.578,702.081,-35.977,31.209,31.107,9.002,0.0,0.0
81,2.0,1.0,0.0,7.0,8.0,0.0,1437.471,768.319,110.898,30.784,30.681,8.879,0.0,0.0
82,2.0,1.0,0.0,8.0,9.0,0.0,1176.621,781.268,-38.78,37.003,36.812,9.765,0.0,0.0
83,3.0,1.0,0.0,0.0,0.0,0.0,1994.394,825.649,-4.174,31.047,30.065,8.828,0.0,0.0
84,4.0,1.0,0.0,0.0,2.0,0.0,2662.112,427.501,128.68,30.551,30.401,8.89,0.0,0.0
85,5.0,1.0,0.0,0.0,1.0,0.0,3298.008,455.728,-41.328,30.877,30.405,8.853,0.0,0.0
86,5.0,1.0,0.0,1.0,2.0,0.0,2955.17,483.916,46.227,30.367,30.205,8.835,0.0,0.0
90,5.0,1.0,0.0,5.0,6.0,0.0,3311.869,708.034,51.741,30.521,30.379,8.883,0.0,0.0
93,6.0,1.0,0.0,0.0,0.0,0.0,3849.084,467.27,121.495,30.678,30.543,8.844,0.0,0.0
94,6.0,1.0,0.0,1.0,1.0,0.0,3734.77,530.398,73.898,30.194,30.146,8.801,0.0,0.0
98,6.0,1.0,0.0,5.0,5.0,0.0,3835.332,778.983,90.529,30.823,30.599,8.872,0.0,0.0
99,6.0,1.0,0.0,6.0,6.0,0.0,3803.586,798.481,28.064,31.144,30.957,8.971,0.0,0.0
100,7.0,1.0,0.0,0.0,0.0,0.0,4548.538,504.801,-17.761,30.901,30.858,8.921,0.0,0.0
101,7.0,1.0,0.0,1.0,1.0,0.0,4131.031,529.613,40.475,30.181,30.006,8.866,0.0,0.0
102,7.0,1.0,0.0,2.0,2.0,0.0,4367.417,583.559,120.664,30.12,29.955,8.763,0.0,0.0
103,7.0,1.0,0.0,3.0,3.0,0.0,4534.874,640.584,-3.456,30.344,30.305,8.846,0.0,0.0
104,7.0,1.0,0.0,4.0,5.0,0.0,4127.178,671.276,64.82,9.144,8.849,4.838,0.0,0.0
105,7.0,1.0,0.0,5.0,6.0,0.0,4401.722,693.225,-29.296,30.543,30.474,8.9,0.0,0.0
106,7.0,1.0,0.0,6.0,7.0,0.0,4132.855,701.027,53.371,30.693,30.551,8.933,0.0,0.0
107,7.0,1.0,0.0,7.0,8.0,0.0,4359.672,716.374,81.287,30.591,30.505,8.826,0.0,0.0
108,7.0,1.0,0.0,8.0,9.0,0.0,4236.897,746.397,13.429,30.488,30.431,8.886,0.0,0.0
109,7.0,1.0,0.0,9.0,10.0,0.0,4143.893,763.485,14.585,31.093,30.93,8.959,0.0,0.0
110,7.0,1.0,0.0,10.0,11.0,0.0,4203.613,763.64,104.084,30.669,30.583,8.934,0.0,0.0
111,7.0,1.0,0.0,11.0,12.0,0.0,4306.101,816.194,116.068,30.732,30.628,8.95,0.0,0.0
113,8.0,1.0,0.0,1.0,1.0,0.0,5110.578,511.463,105.652,30.869,30.805,8.909,0.0,0.0
115,8.0,1.0,0.0,3.0,3.0,0.0,4827.689,528.598,55.509,30.372,30.366,8.859,0.0,0.0
116,8.0,1.0,0.0,4.0,5.0,0.0,4631.462,661.11,28.973,30.768,30.59,8.863,0.0,0.0
118,8.0,1.0,0.0,6.0,7.0,0.0,4776.362,720.447,64.361,29.933,29.747,8.792,0.0,0.0
119,9.0,1.0,0.0,0.0,2.0,0.0,5757.926,425.762,-39.758,30.459,30.16,8.843,0.0,0.0
120,9.0,1.0,0.0,1.0,4.0,0.0,5279.279,652.219,50.405,30.604,30.485,8.911,0.0,0.0
121,9.0,1.0,0.0,2.0,5.0,0.0,5534.433,710.391,115.783,30.489,30.458,8.89,0.0,0.0
122,9.0,1.0,0.0,3.0,6.0,0.0,5509.744,767.23,64.058,30.954,30.836,8.926,0.0,0.0
123,9.0,1.0,0.0,4.0,7.0,0.0,5360.36,769.951,70.852,31.082,30.979,8.965,0.0,0.0
125,0.0,2.0,0.0,1.0,2.0,0.0,114.925,854.966,63.862,30.301,30.287,8.837,0.0,0.0
126,0.0,2.0,0.0,2.0,3.0,0.0,413.078,899.42,-44.596,30.554,30.361,8.885,0.0,0.0
127,0.0,2.0,0.0,3.0,5.0,0.0,250.056,988.235,62.022,30.553,30.218,8.864,0.0,0.0
128,0.0,2.0,0.0,4.0,6.0,0.0,217.215,1037.92,-29.092,30.447,30.354,8.869,0.0,0.0
129,0.0,2.0,0.0,5.0,7.0,0.0,74.489,1118.604,95.466,30.907,30.789,8.912,0.0,0.0
130,0.0,2.0,0.0,6.0,8.0,0.0,206.801,1120.893,-22.97,30.612,30.525,8.918,0.0,0.0
132,1.0,2.0,0.0,0.0,1.0,0.0,714.412,1022.757,-17.699,30.548,30.44,8.896,0.0,0.0
133,1.0,2.0,0.0,1.0,2.0,0.0,1094.862,1027.4,95.61,30.611,30.486,8.912,0.0,0.0
135,1.0,2.0,0.0,3.0,4.0,0.0,1151.095,1126.045,20.836,31.321,31.034,8.922,0.0,0.0
136,1.0,2.0,0.0,4.0,5.0,0.0,952.751,1151.77,8.364,30.935,30.749,8.91,0.0,0.0
138,1.0,2.0,0.0,6.0,7.0,0.0,775.655,1223.756,128.241,31.015,30.554,8.729,0.0,0.0
142,2.0,2.0,0.0,3.0,2.0,0.0,1217.329,969.465,44.625,30.293,30.063,8.804,0.0,0.0
143,2.0,2.0,0.0,4.0,3.0,0.0,1704.211,1005.103,14.762,30.704,30.507,8.842,0.0,0.0
144,2.0,2.0,0.0,5.0,4.0,0.0,1614.064,1025.637,130.317,30.474,30.322,8.868,0.0,0.0
147,3.0,2.0,0.0,1.0,2.0,0.0,2303.609,871.299,-38.684,31.19,30.994,8.983,0.0,0.0
148,3.0,2.0,0.0,2.0,3.0,0.0,1839.598,891.753,28.458,30.291,30.162,8.818,0.0,0.0
149,3.0,2.0,0.0,3.0,4.0,0.0,2055.108,917.989,96.892,30.252,30.186,8.816,0.0,0.0
150,3.0,2.0,0.0,4.0,6.0,0.0,2063.692,1018.485,44.647,30.559,30.51,8.908,0.0,0.0
151,3.0,2.0,0.0,5.0,7.0,0.0,2275.297,1063.258,-13.742,30.606,30.403,8.899,0.0,0.0
152,3.0,2.0,0.0,6.0,8.0,0.0,2160.711,1094.771,-18.386,30.582,30.574,8.92,0.0,0.0
155,3.0,2.0,0.0,9.0,11.0,0.0,2101.26,1235.196,-3.764,31.416,28.024,8.583,0.0,0.0
156,4.0,2.0,0.0,0.0,2.0,0.0,2558.969,942.813,53.746,29.92,29.86,8.806,0.0,0.0
158,4.0,2.0,0.0,2.0,4.0,0.0,2498.066,951.471,61.265,30.446,30.398,8.875,0.0,0.0
160,4.0,2.0,0.0,4.0,6.0,0.0,2464.088,976.725,-2.4,30.724,30.602,8.859,0.0,0.0
161,4.0,2.0,0.0,5.0,7.0,0.0,2595.635,1010.369,99.409,30.446,30.419,8.878,0.0,0.0
162,4.0,2.0,0.0,6.0,8.0,0.0,2654.632,1064.887,83.165,30.731,30.589,8.944,0.0,0.0
163,4.0,2.0,0.0,7.0,9.0,0.0,2571.121,1090.546,-33.451,30.219,30.144,8.805,0.0,0.0
164,4.0,2.0,0.0,8.0,10.0,0.0,2659.925,1098.101,98.238,30.669,30.511,8.924,0.0,0.0
166,4.0,2.0,0.0,10.0,13.0,0.0,2787.085,1208.193,82.554,31.332,31.122,9.021,0.0,0.0
169,5.0,2.0,0.0,1.0,1.0,0.0,3077.338,1015.602,48.352,30.116,29.868,8.836,0.0,0.0
170,5.0,2.0,0.0,2.0,3.0,0.0,3394.34,1079.351,37.13,30.806,30.79,8.898,0.0,0.0
171,6.0,2.0,0.0,0.0,0.0,0.0,3621.973,897.375,68.801,30.764,30.55,8.943,0.0,0.0
172,6.0,2.0,0.0,1.0,1.0,0.0,3808.237,992.725,-26.641,30.49,30.43,8.886,0.0,0.0
173,6.0,2.0,0.0,2.0,2.0,0.0,3907.495,998.978,93.151,30.469,30.34,8.87,0.0,0.0
174,6.0,2.0,0.0,3.0,3.0,0.0,3941.631,1075.045,-37.444,30.977,30.893,8.937,0.0,0.0
175,6.0,2.0,0.0,4.0,4.0,0.0,3589.755,1074.854,126.551,30.542,30.509,8.819,0.0,0.0
176,6.0,2.0,0.0,5.0,5.0,0.0,4018.798,1171.566,87.534,30.881,30.797,8.909,0.0,0.0
179,7.0,2.0,0.0,0.0,1.0,0.0,4597.479,839.921,123.782,31.028,30.882,8.943,0.0,0.0
180,7.0,2.0,0.0,1.0,3.0,0.0,4416.253,1059.383,130.29,30.516,30.337,8.876,0.0,0.0
181,7.0,2.0,0.0,2.0,4.0,0.0,4479.254,1063.049,-36.834,30.768,30.604,8.865,0.0,0.0
182,7.0,2.0,0.0,3.0,5.0,0.0,4358.454,1169.534,-8.208,30.886,30.828,8.915,0.0,0.0
183,7.0,2.0,0.0,4.0,6.0,0.0,4161.059,1209.571,38.369,30.846,30.459,9.966,0.0,0.0
184,7.0,2.0,0.0,5.0,6.0,0.0,4149.866,1188.617,32.668,30.762,30.618,9.984,0.0,0.0
185,7.0,2.0,0.0,6.0,7.0,0.0,4573.351,1193.549,133.861,31.05,30.807,8.851,0.0,0.0
186,7.0,2.0,0.0,7.0,8.0,0.0,4200.621,1235.394,-1.847,31.914,27.613,8.591,0.0,0.0
188,8.0,2.0,0.0,1.0,2.0,0.0,4908.986,897.543,71.281,30.614,30.488,8.912,0.0,0.0
190,8.0,2.0,0.0,3.0,6.0,0.0,5106.063,1010.871,131.395,31.146,30.978,8.889,0.0,0.0
193,9.0,2.0,0.0,1.0,1.0,0.0,5671.608,892.743,132.565,31.599,31.409,9.015,0.0,0.0
194,9.0,2.0,0.0,2.0,2.0,0.0,5348.193,1081.643,61.316,30.567,30.528,8.825,0.0,0.0
195,9.0,2.0,0.0,3.0,3.0,0.0,5244.24,1187.989,-26.891,31.072,31.013,8.969,0.0,0.0
197,0.0,3.0,0.0,0.0,1.0,0.0,344.97,1240.067,37.98,30.692,30.384,8.822,0.0,0.0
198,0.0,3.0,0.0,1.0,2.0,0.0,190.757,1247.607,92.193,30.967,30.853,8.93,0.0,0.0
199,0.0,3.0,0.0,2.0,3.0,0.0,575.966,1324.04,68.547,31.443,31.25,8.971,0.0,0.0
201,0.0,3.0,0.0,4.0,5.0,0.0,319.695,1399.402,-1.257,30.344,30.25,8.838,0.0,0.0
202,0.0,3.0,0.0,5.0,6.0,0.0,396.112,1403.347,70.37,30.899,30.742,8.904,0.0,0.0
203,0.0,3.0,0.0,6.0,7.0,0.0,71.819,1472.263,23.524,30.52,30.335,8.877,0.0,0.0
204,0.0,3.0,0.0,7.0,8.0,0.0,109.976,1478.825,-39.398,30.09,29.87,8.746,0.0,0.0
205,0.0,3.0,0.0,8.0,9.0,0.0,449.941,1506.242,106.791,30.771,30.485,8.849,0.0,0.0
206,0.0,3.0,0.0,9.0,10.0,0.0,326.607,1607.395,93.656,30.701,30.352,8.905,0.0,0.0
207,0.0,3.0,0.0,10.0,11.0,0.0,241.302,1634.977,131.19,30.723,30.665,8.868,0.0,0.0
208,1.0,3.0,0.0,0.0,2.0,0.0,1146.457,1427.857,-7.306,30.487,30.409,8.882,0.0,0.0
209,1.0,3.0,0.0,1.0,3.0,0.0,1061.922,1477.244,-22.452,30.683,30.597,8.939,0.0,0.0
210,1.0,3.0,0.0,2.0,5.0,0.0,793.144,1604.076,-43.472,30.609,30.57,8.838,0.0,0.0
211,2.0,3.0,0.0,0.0,1.0,0.0,1301.283,1311.414,65.141,30.547,30.415,8.892,0.0,0.0
212,2.0,3.0,0.0,1.0,2.0,0.0,1312.03,1403.167,45.113,30.267,30.194,8.819,0.0,0.0
213,2.0,3.0,0.0,2.0,4.0,0.0,1280.014,1477.809,53.734,30.495,30.444,8.889,0.0,0.0
214,3.0,3.0,0.0,0.0,3.0,0.0,2035.355,1329.598,18.348,30.289,30.109,8.81,0.0,0.0
215,3.0,3.0,0.0,1.0,4.0,0.0,1855.432,1367.554,1.663,30.652,30.549,8.927,0.0,0.0
217,3.0,3.0,0.0,3.0,6.0,0.0,1950.265,1408.879,-7.664,30.246,30.011,8.789,0.0,0.0
218,3.0,3.0,0.0,4.0,7.0,0.0,1831.691,1431.56,35.206,30.663,30.364,8.901,0.0,0.0
219,3.0,3.0,0.0,5.0,8.0,0.0,2313.778,1503.434,89.338,31.045,29.829,8.792,0.0,0.0
220,3.0,3.0,0.0,6.0,9.0,0.0,1999.19,1506.047,72.491,30.444,30.387,8.873,0.0,0.0
221,3.0,3.0,0.0,7.0,10.0,0.0,1802.797,1549.779,134.427,30.451,30.296,8.861,0.0,0.0
222,4.0,3.0,0.0,0.0,2.0,0.0,2502.943,1531.83,13.312,30.438,30.404,8.875,0.0,0.0
223,4.0,3.0,0.0,1.0,3.0,0.0,2620.948,1541.425,41.44,30.423,30.387,8.87,0.0,0.0
224,4.0,3.0,0.0,2.0,4.0,0.0,2420.103,1603.624,89.291,30.676,30.589,8.85,0.0,0.0
225,5.0,3.0,0.0,0.0,0.0,0.0,3070.279,1539.496,100.253,30.447,30.329,8.865,0.0,0.0
226,5.0,3.0,0.0,1.0,1.0,0.0,3139.005,1587.757,78.759,30.553,30.359,8.884,0.0,0.0
227,6.0,3.0,0.0,0.0,0.0,0.0,3910.522,1334.715,101.769,30.426,30.183,8.841,0.0,0.0
229,6.0,3.0,0.0,2.0,2.0,0.0,3950.361,1385.991,112.969,30.272,30.093,8.805,0.0,0.0
230,6.0,3.0,0.0,3.0,3.0,0.0,3986.586,1429.417,116.376,30.717,30.483,8.841,0.0,0.0
231,6.0,3.0,0.0,4.0,4.0,0.0,3618.997,1451.166,34.744,29.957,29.756,8.797,0.0,0.0
235,6.0,3.0,0.0,8.0,8.0,0.0,3886.28,1644.073,-3.911,31.9,26.724,8.457,0.0,0.0
237,7.0,3.0,0.0,0.0,1.0,0.0,4375.915,1287.156,100.803,31.033,30.811,8.933,0.0,0.0
238,7.0,3.0,0.0,1.0,2.0,0.0,4320.932,1299.388,85.901,30.358,30.27,8.843,0.0,0.0
239,7.0,3.0,0.0,2.0,3.0,0.0,4592.312,1317.5,105.189,31.252,31.13,9.011,0.0,0.0
240,7.0,3.0,0.0,3.0,4.0,0.0,4122.935,1331.938,68.517,30.586,30.343,8.887,0.0,0.0
241,7.0,3.0,0.0,4.0,5.0,0.0,4548.206,1376.656,75.615,30.837,30.814,8.906,0.0,0.0
242,7.0,3.0,0.0,5.0,6.0,0.0,4240.777,1415.721,122.775,30.806,30.761,8.894,0.0,0.0
243,7.0,3.0,0.0,6.0,7.0,0.0,4159.377,1441.666,101.85,30.294,30.173,8.82,0.0,0.0
244,7.0,3.0,0.0,7.0,8.0,0.0,4515.636,1458.435,81.706,30.631,30.464,8.911,0.0,0.0
246,7.0,3.0,0.0,9.0,10.0,0.0,4304.861,1521.804,106.767,30.463,30.309,8.864,0.0,0.0
247,7.0,3.0,0.0,10.0,11.0,0.0,4267.926,1605.588,96.464,31.026,30.844,8.937,0.0,0.0
249,8.0,3.0,0.0,1.0,1.0,0.0,5116.423,1361.888,-16.306,30.364,30.142,8.826,0.0,0.0
250,8.0,3.0,0.0,2.0,2.0,0.0,4763.259,1381.756,5.866,30.125,29.975,8.854,0.0,0.0
253,8.0,3.0,0.0,5.0,5.0,0.0,4976.532,1434.476,98.404,30.822,30.676,8.883,0.0,0.0
254,8.0,3.0,0.0,6.0,6.0,0.0,4844.074,1509.702,122.806,30.564,30.292,8.876,0.0,0.0
255,8.0,3.0,0.0,7.0,7.0,0.0,5089.047,1517.288,113.361,31.16,31.039,8.985,0.0,0.0
257,8.0,3.0,0.0,9.0,8.0,0.0,4851.222,1550.257,62.468,30.578,29.786,8.472,0.0,0.0
258,8.0,3.0,0.0,10.0,9.0,0.0,5007.989,1577.706,-8.787,30.972,30.681,8.906,0.0,0.0
259,8.0,3.0,0.0,11.0,10.0,0.0,5116.928,1578.543,99.156,30.886,30.832,8.915,0.0,0.0
260,8.0,3.0,0.0,12.0,11.0,0.0,4991.283,1609.216,127.459,30.798,30.672,8.88,0.0,0.0
262,9.0,3.0,0.0,1.0,1.0,0.0,5496.403,1424.382,82.707,30.342,30.251,8.838,0.0,0.0
263,9.0,3.0,0.0,2.0,2.0,0.0,5639.932,1431.713,100.424,30.35,30.275,8.843,0.0,0.0
265,9.0,3.0,0.0,4.0,5.0,0.0,5480.521,1596.1,76.198,30.727,30.622,8.862,0.0,0.0
267,0.0,4.0,0.0,1.0,4.0,0.0,521.343,1843.848,3.459,30.286,30.255,8.831,0.0,0.0
268,0.0,4.0,0.0,2.0,6.0,0.0,230.644,1988.009,-19.06,30.733,30.711,8.876,0.0,0.0
269,0.0,4.0,0.0,3.0,7.0,0.0,76.175,2045.83,5.1,31.01,30.912,8.945,0.0,0.0
270,1.0,4.0,0.0,0.0,0.0,0.0,931.627,1728.59,74.636,30.529,30.36,8.881,0.0,0.0
272,1.0,4.0,0.0,2.0,3.0,0.0,680.534,2023.514,5.631,31.074,29.986,8.907,0.0,0.0
273,1.0,4.0,0.0,3.0,4.0,0.0,1005.888,2043.454,112.423,30.987,30.908,8.941,0.0,0.0
274,2.0,4.0,0.0,0.0,0.0,0.0,1722.316,1651.231,129.612,31.067,30.882,8.949,0.0,0.0
276,3.0,4.0,0.0,0.0,1.0,0.0,1823.692,1759.627,9.098,30.553,30.297,8.876,0.0,0.0
277,3.0,4.0,0.0,1.0,2.0,0.0,1887.803,1766.241,67.082,30.753,30.659,8.871,0.0,0.0
278,3.0,4.0,0.0,2.0,3.0,0.0,1964.419,1791.265,68.838,30.237,30.016,8.789,0.0,0.0
280,3.0,4.0,0.0,4.0,5.0,0.0,2194.343,1987.318,79.415,30.691,30.572,8.85,0.0,0.0
281,4.0,4.0,0.0,0.0,0.0,0.0,2645.254,1712.404,-13.894,30.555,30.461,8.9,0.0,0.0
282,4.0,4.0,0.0,1.0,1.0,0.0,2476.503,1939.061,13.359,30.581,30.466,8.905,0.0,0.0
283,4.0,4.0,0.0,2.0,2.0,0.0,2630.509,1966.299,-9.639,30.719,30.299,8.901,0.0,0.0
284,4.0,4.0,0.0,3.0,3.0,0.0,2332.592,1996.364,-11.837,31.236,30.995,8.99,0.0,0.0
285,4.0,4.0,0.0,4.0,4.0,0.0,2524.235,2005.833,34.712,30.599,30.497,8.912,0.0,0.0
286,5.0,4.0,0.0,0.0,0.0,0.0,3261.11,1834.737,30.156,30.317,30.125,8.816,0.0,0.0
287,5.0,4.0,0.0,1.0,1.0,0.0,3150.336,1843.572,74.759,29.873,29.663,8.77,0.0,0.0
288,5.0,4.0,0.0,2.0,2.0,0.0,2990.137,1909.94,76.969,30.42,30.344,8.863,0.0,0.0
289,5.0,4.0,0.0,3.0,3.0,0.0,3150.232,1946.991,13.886,30.184,30.093,8.792,0.0,0.0
290,5.0,4.0,0.0,4.0,4.0,0.0,3367.994,1953.888,-19.32,30.967,30.803,8.923,0.0,0.0
291,5.0,4.0,0.0,5.0,5.0,0.0,3283.351,1970.754,-31.628,30.594,30.449,8.904,0.0,0.0
292,5.0,4.0,0.0,6.0,6.0,0.0,3383.284,2002.568,17.927,30.896,30.81,8.914,0.0,0.0
293,5.0,4.0,0.0,7.0,7.0,0.0,3468.406,2045.649,92.921,33.345,26.249,8.477,0.0,0.0
294,6.0,4.0,0.0,0.0,2.0,0.0,3920.992,1640.892,98.221,16.743,16.216,6.488,0.0,0.0
295,6.0,4.0,0.0,1.0,4.0,0.0,3776.605,1788.253,106.628,30.479,30.356,8.873,0.0,0.0
296,6.0,4.0,0.0,2.0,5.0,0.0,3687.039,1836.08,47.332,30.523,30.222,8.86,0.0,0.0
297,7.0,4.0,0.0,0.0,0.0,0.0,4047.74,1694.555,47.776,30.797,30.553,8.949,0.0,0.0
298,7.0,4.0,0.0,1.0,4.0,0.0,4113.027,2036.989,-10.993,31.214,31.09,8.915,0.0,0.0
300,8.0,4.0,0.0,1.0,1.0,0.0,4654.779,1739.213,47.999,30.426,30.126,8.832,0.0,0.0
301,8.0,4.0,0.0,2.0,2.0,0.0,4758.904,1783.26,91.822,30.504,30.351,8.876,0.0,0.0
302,8.0,4.0,0.0,3.0,3.0,0.0,5165.736,1803.225,12.2,31.229,31.09,9.002,0.0,0.0
303,8.0,4.0,0.0,4.0,4.0,0.0,5102.048,1825.65,117.743,30.875,30.67,8.891,0.0,0.0
304,8.0,4.0,0.0,5.0,5.0,0.0,4788.831,1853.071,49.735,30.728,30.46,8.925,0.0,0.0
305,8.0,4.0,0.0,6.0,6.0,0.0,4911.197,1890.801,75.741,30.579,30.371,8.89,0.0,0.0
306,8.0,4.0,0.0,7.0,7.0,0.0,4629.504,1918.145,77.046,30.354,30.251,8.84,0.0,0.0
307,8.0,4.0,0.0,8.0,8.0,0.0,4864.312,1919.178,85.056,30.525,30.187,8.855,0.0,0.0
308,8.0,4.0,0.0,9.0,9.0,0.0,4966.227,1922.778,42.478,30.584,30.382,8.893,0.0,0.0
310,8.0,4.0,0.0,11.0,11.0,0.0,5140.673,2040.994,-6.652,31.514,31.238,8.979,0.0,0.0
311,9.0,4.0,0.0,0.0,0.0,0.0,5220.791,1672.573,66.083,30.759,30.531,8.854,0.0,0.0
313,9.0,4.0,0.0,2.0,2.0,0.0,5624.703,1854.359,-27.573,30.668,30.643,8.943,0.0,0.0
314,9.0,4.0,0.0,3.0,4.0,0.0,5221.449,1990.067,-23.067,30.782,30.666,8.876,0.0,0.0
315,0.0,5.0,0.0,0.0,1.0,0.0,557.388,2108.041,-38.201,30.667,30.632,8.855,0.0,0.0
321,1.0,5.0,0.0,3.0,4.0,0.0,1053.031,2165.465,130.581,30.72,30.68,8.869,0.0,0.0
322,1.0,5.0,0.0,4.0,5.0,0.0,654.932,2166.281,48.317,30.425,30.296,8.857,0.0,0.0
323,1.0,5.0,0.0,5.0,6.0,0.0,823.562,2173.429,50.488,30.782,30.031,8.705,0.0,0.0
324,1.0,5.0,0.0,6.0,7.0,0.0,1065.359,2319.781,69.338,30.515,30.499,8.9,0.0,0.0
326,2.0,5.0,0.0,0.0,0.0,0.0,1285.767,2095.318,43.29,30.71,30.495,8.841,0.0,0.0
327,2.0,5.0,0.0,1.0,1.0,0.0,1494.962,2215.705,63.411,30.28,30.235,8.827,0.0,0.0
328,2.0,5.0,0.0,2.0,2.0,0.0,1248.438,2219.141,43.452,30.29,30.187,8.821,0.0,0.0
330,2.0,5.0,0.0,4.0,4.0,0.0,1390.612,2336.795,102.791,30.884,30.705,8.897,0.0,0.0
331,2.0,5.0,0.0,5.0,5.0,0.0,1737.159,2377.951,86.368,30.972,30.467,8.874,0.0,0.0
332,3.0,5.0,0.0,0.0,0.0,0.0,2287.387,2088.547,-27.397,30.92,30.752,8.909,0.0,0.0
333,3.0,5.0,0.0,1.0,1.0,0.0,1831.707,2157.113,93.623,30.449,29.751,8.78,0.0,0.0
334,3.0,5.0,0.0,2.0,2.0,0.0,1803.01,2272.26,79.707,30.843,30.715,8.892,0.0,0.0
335,3.0,5.0,0.0,3.0,4.0,0.0,1823.087,2366.412,39.566,30.295,30.187,8.822,0.0,0.0
336,3.0,5.0,0.0,4.0,5.0,0.0,2068.68,2373.915,44.238,30.231,30.091,8.799,0.0,0.0
337,3.0,5.0,0.0,5.0,7.0,0.0,1893.582,2429.368,130.029,30.629,30.433,8.907,0.0,0.0
338,4.0,5.0,0.0,0.0,0.0,0.0,2788.452,2175.704,-7.18,30.85,30.498,8.862,0.0,0.0
340,4.0,5.0,0.0,2.0,2.0,0.0,2747.77,2272.446,-30.936,30.752,30.585,8.86,0.0,0.0
341,4.0,5.0,0.0,3.0,3.0,0.0,2627.87,2306.764,-5.236,30.283,30.225,8.826,0.0,0.0
342,4.0,5.0,0.0,4.0,4.0,0.0,2331.665,2337.423,57.981,30.768,30.502,8.851,0.0,0.0
343,4.0,5.0,0.0,5.0,5.0,0.0,2582.704,2378.934,123.282,30.031,29.901,8.829,0.0,0.0
344,5.0,5.0,0.0,0.0,1.0,0.0,3143.36,2268.358,42.034,30.196,30.107,8.796,0.0,0.0
346,6.0,5.0,0.0,0.0,1.0,0.0,3515.641,2071.78,61.598,30.703,29.611,8.544,0.0,0.0
347,6.0,5.0,0.0,1.0,2.0,0.0,3865.08,2077.948,91.715,30.494,30.411,8.884,0.0,0.0
348,6.0,5.0,0.0,2.0,5.0,0.0,4034.748,2204.927,132.841,30.921,30.793,8.915,0.0,0.0
349,6.0,5.0,0.0,3.0,6.0,0.0,3875.484,2282.636,72.035,30.364,30.185,8.832,0.0,0.0
350,6.0,5.0,0.0,4.0,7.0,0.0,3769.926,2355.873,79.414,30.87,30.598,8.879,0.0,0.0
351,6.0,5.0,0.0,5.0,9.0,0.0,3599.692,2435.708,73.802,30.795,30.619,8.872,0.0,0.0
352,6.0,5.0,0.0,6.0,10.0,0.0,3729.162,2439.178,124.874,30.438,30.346,8.866,0.0,0.0
353,7.0,5.0,0.0,0.0,1.0,0.0,4587.827,2191.028,-28.055,31.173,30.915,8.884,0.0,0.0
354,7.0,5.0,0.0,1.0,3.0,0.0,4536.811,2258.585,81.169,30.882,30.502,8.867,0.0,0.0
355,7.0,5.0,0.0,2.0,4.0,0.0,4134.118,2320.595,-5.137,30.411,30.269,8.851,0.0,0.0
356,7.0,5.0,0.0,3.0,5.0,0.0,4094.804,2339.623,42.2,30.747,30.65,8.869,0.0,0.0
357,8.0,5.0,0.0,0.0,1.0,0.0,4952.088,2181.072,77.181,30.67,30.603,8.937,0.0,0.0
358,8.0,5.0,0.0,1.0,2.0,0.0,4676.281,2214.972,71.393,30.508,30.387,8.882,0.0,0.0
359,8.0,5.0,0.0,2.0,3.0,0.0,4644.58,2307.661,67.589,30.679,30.547,8.844,0.0,0.0
360,8.0,5.0,0.0,3.0,4.0,0.0,5129.849,2340.122,-38.66,30.547,30.43,8.894,0.0,0.0
361,8.0,5.0,0.0,4.0,5.0,0.0,4664.1,2365.684,-37.022,30.431,30.198,8.933,0.0,0.0
362,8.0,5.0,0.0,5.0,7.0,0.0,4811.152,2412.645,123.28,30.683,30.461,8.833,0.0,0.0
363,8.0,5.0,0.0,6.0,8.0,0.0,4782.673,2453.018,7.328,30.598,30.557,8.834,0.0,0.0
365,9.0,5.0,0.0,1.0,2.0,0.0,5265.243,2248.073,26.66,30.167,29.934,8.766,0.0,0.0
366,9.0,5.0,0.0,2.0,4.0,0.0,5522.322,2299.007,94.757,30.819,30.674,8.883,0.0,0.0
369,0.0,6.0,0.0,0.0,1.0,0.0,369.832,2528.383,91.511,31.14,30.798,9.718,0.0,0.0
370,0.0,6.0,0.0,1.0,1.0,0.0,365.219,2502.008,77.471,30.437,29.876,9.678,0.0,0.0
371,0.0,6.0,0.0,2.0,2.0,0.0,28.637,2585.747,51.984,30.46,30.313,8.864,0.0,0.0
372,0.0,6.0,0.0,3.0,3.0,0.0,215.64,2629.069,50.751,30.664,30.542,8.928,0.0,0.0
373,0.0,6.0,0.0,4.0,4.0,0.0,581.939,2718.876,-6.715,31.138,31.051,8.898,0.0,0.0
374,1.0,6.0,0.0,0.0,1.0,0.0,799.349,2466.347,37.868,30.517,30.438,8.891,0.0,0.0
375,1.0,6.0,0.0,1.0,2.0,0.0,1073.517,2636.392,111.865,31.058,30.908,8.951,0.0,0.0
376,1.0,6.0,0.0,2.0,3.0,0.0,1066.212,2705.721,103.392,30.809,30.62,8.873,0.0,0.0
377,1.0,6.0,0.0,3.0,5.0,0.0,818.735,2844.019,115.75,30.864,30.788,8.906,0.0,0.0
378,2.0,6.0,0.0,0.0,0.0,0.0,1368.15,2599.176,51.988,30.41,30.257,8.849,0.0,0.0
379,2.0,6.0,0.0,1.0,1.0,0.0,1533.05,2678.232,0.153,30.31,30.227,8.83,0.0,0.0
380,3.0,6.0,0.0,0.0,0.0,0.0,2136.129,2500.183,77.638,30.368,30.165,8.829,0.0,0.0
381,3.0,6.0,0.0,1.0,1.0,0.0,1781.749,2582.623,38.714,31.226,31.074,8.999,0.0,0.0
382,3.0,6.0,0.0,2.0,2.0,0.0,1960.309,2813.16,100.851,30.917,30.885,8.927,0.0,0.0
383,3.0,6.0,0.0,3.0,3.0,0.0,2253.011,2834.007,45.072,30.75,30.576,8.859,0.0,0.0
384,4.0,6.0,0.0,0.0,0.0,0.0,2781.913,2636.905,45.1,30.879,30.822,8.913,0.0,0.0
385,4.0,6.0,0.0,1.0,1.0,0.0,2700.39,2765.232,120.226,30.498,30.339,8.874,0.0,0.0
386,4.0,6.0,0.0,2.0,2.0,0.0,2439.674,2810.611,11.393,30.058,30.029,8.764,0.0,0.0
387,4.0,6.0,0.0,3.0,3.0,0.0,2430.357,2862.825,98.385,30.554,30.446,8.897,0.0,0.0
388,4.0,6.0,0.0,4.0,4.0,0.0,2855.366,2866.361,-3.768,31.824,29.502,8.776,0.0,0.0
389,5.0,6.0,0.0,0.0,0.0,0.0,3219.148,2538.448,64.114,30.366,30.207,8.835,0.0,0.0
391,6.0,6.0,0.0,0.0,1.0,0.0,3545.342,2465.933,75.779,30.538,30.369,8.884,0.0,0.0
392,6.0,6.0,0.0,1.0,2.0,0.0,3982.019,2514.207,99.037,31.167,30.932,8.97,0.0,0.0
393,6.0,6.0,0.0,2.0,3.0,0.0,3903.909,2619.364,124.997,34.217,29.753,8.985,0.0,0.0
395,7.0,6.0,0.0,0.0,0.0,0.0,4309.071,2489.071,99.37,30.332,30.182,8.827,0.0,0.0
397,7.0,6.0,0.0,2.0,1.0,0.0,4447.153,2497.265,107.303,30.651,30.52,8.922,0.0,0.0
398,7.0,6.0,0.0,3.0,2.0,0.0,4569.854,2500.834,119.785,31.017,30.879,8.941,0.0,0.0
399,7.0,6.0,0.0,4.0,3.0,0.0,4484.861,2544.716,106.015,30.406,30.117,8.828,0.0,0.0
400,7.0,6.0,0.0,5.0,4.0,0.0,4144.676,2553.121,89.425,30.534,30.381,8.799,0.0,0.0
401,7.0,6.0,0.0,6.0,5.0,0.0,4312.982,2563.087,56.042,30.43,30.412,8.875,0.0,0.0
403,8.0,6.0,0.0,0.0,1.0,0.0,4904.662,2477.939,-2.978,30.4,30.333,8.859,0.0,0.0
404,8.0,6.0,0.0,1.0,2.0,0.0,4826.359,2497.932,81.015,30.529,30.235,8.863,0.0,0.0
405,8.0,6.0,0.0,2.0,3.0,0.0,4684.336,2712.186,94.606,30.651,30.623,8.851,0.0,0.0
406,9.0,6.0,0.0,0.0,0.0,0.0,5657.222,2513.355,95.317,31.137,31.01,8.892,0.0,0.0
407,9.0,6.0,0.0,1.0,1.0,0.0,5398.63,2654.944,-35.352,30.655,30.076,8.688,0.0,0.0
409,9.0,6.0,0.0,3.0,3.0,0.0,5249.143,2776.206,5.848,30.789,30.717,8.885,0.0,0.0
410,9.0,6.0,0.0,4.0,4.0,0.0,5554.728,2779.676,102.831,30.613,30.393,8.898,0.0,0.0
412,0.0,7.0,0.0,0.0,0.0,0.0,78.256,2896.578,38.784,30.431,30.158,8.838,0.0,0.0
413,0.0,7.0,0.0,1.0,1.0,0.0,515.178,2937.228,99.395,30.535,30.491,8.901,0.0,0.0
414,0.0,7.0,0.0,2.0,2.0,0.0,203.622,2947.319,64.693,30.287,30.185,8.821,0.0,0.0
415,0.0,7.0,0.0,3.0,3.0,0.0,258.205,3014.02,35.218,30.421,30.316,8.859,0.0,0.0
416,0.0,7.0,0.0,4.0,4.0,0.0,40.192,3244.229,-43.539,30.931,30.642,8.895,0.0,0.0
418,1.0,7.0,0.0,1.0,4.0,0.0,796.046,3129.469,101.479,30.514,30.184,8.94,0.0,0.0
419,1.0,7.0,0.0,2.0,4.0,0.0,799.174,3099.022,37.382,30.174,29.987,9.046,0.0,0.0
420,2.0,7.0,0.0,0.0,2.0,0.0,1221.922,2948.54,47.894,30.616,30.387,8.898,0.0,0.0
421,2.0,7.0,0.0,1.0,3.0,0.0,1182.294,3082.76,66.579,30.729,30.57,8.855,0.0,0.0
423,2.0,7.0,0.0,3.0,5.0,0.0,1624.638,3217.828,16.624,30.783,30.562,8.861,0.0,0.0
425,2.0,7.0,0.0,5.0,7.0,0.0,1260.793,3275.506,-2.419,32.045,27.431,8.49,0.0,0.0
426,3.0,7.0,0.0,0.0,0.0,0.0,2102.184,3193.91,57.783,30.33,30.272,8.84,0.0,0.0
427,3.0,7.0,0.0,1.0,2.0,0.0,1825.247,3235.537,74.775,30.641,30.555,8.84,0.0,0.0
428,3.0,7.0,0.0,2.0,3.0,0.0,1958.735,3255.343,57.206,30.992,30.748,8.919,0.0,0.0
429,4.0,7.0,0.0,0.0,2.0,0.0,2667.927,3093.122,33.062,30.385,30.24,8.843,0.0,0.0
430,4.0,7.0,0.0,1.0,3.0,0.0,2806.007,3132.925,27.678,30.773,30.652,8.873,0.0,0.0
431,4.0,7.0,0.0,2.0,4.0,0.0,2592.136,3228.699,59.32,30.742,30.685,8.873,0.0,0.0
432,5.0,7.0,0.0,0.0,0.0,0.0,2961.614,2876.399,58.692,30.888,30.644,8.888,0.0,0.0
433,5.0,7.0,0.0,1.0,1.0,0.0,3105.407,2945.291,51.745,30.228,30.109,8.801,0.0,0.0
434,5.0,7.0,0.0,2.0,2.0,0.0,3006.035,2967.218,35.179,30.224,30.111,8.801,0.0,0.0
435,5.0,7.0,0.0,3.0,3.0,0.0,3136.311,2997.794,55.941,30.541,30.234,8.864,0.0,0.0
436,5.0,7.0,0.0,4.0,4.0,0.0,3071.636,3146.616,-4.171,30.172,30.076,8.788,0.0,0.0
437,5.0,7.0,0.0,5.0,5.0,0.0,3375.287,3176.9,-34.362,30.668,30.612,8.939,0.0,0.0
440,6.0,7.0,0.0,0.0,0.0,0.0,4033.193,2951.15,9.791,30.587,30.491,8.909,0.0,0.0
441,6.0,7.0,0.0,1.0,1.0,0.0,3537.161,3042.206,130.295,29.951,29.853,8.81,0.0,0.0
445,7.0,7.0,0.0,0.0,0.0,0.0,4339.918,2910.794,72.9,30.997,30.838,8.932,0.0,0.0
446,7.0,7.0,0.0,1.0,1.0,0.0,4341.09,2946.767,102.783,30.584,30.221,8.869,0.0,0.0
449,7.0,7.0,0.0,4.0,5.0,0.0,4462.754,3084.416,38.094,30.323,30.162,8.822,0.0,0.0
450,8.0,7.0,0.0,0.0,0.0,0.0,4721.027,2947.622,67.011,30.284,30.119,8.811,0.0,0.0
451,8.0,7.0,0.0,1.0,1.0,0.0,4992.014,2993.714,-35.195,30.531,30.276,8.87,0.0,0.0
453,9.0,7.0,0.0,0.0,0.0,0.0,5516.312,2928.345,79.237,31.172,29.579,8.542,0.0,0.0
454,9.0,7.0,0.0,1.0,1.0,0.0,5223.261,2972.595,60.181,30.996,30.953,8.949,0.0,0.0
455,9.0,7.0,0.0,2.0,2.0,0.0,5308.727,2973.842,118.979,29.72,29.611,8.74,0.0,0.0
456,9.0,7.0,0.0,3.0,3.0,0.0,5393.879,2997.542,84.742,30.508,30.297,8.869,0.0,0.0
458,9.0,7.0,0.0,5.0,5.0,0.0,5624.408,3124.908,96.797,30.146,30.01,8.862,0.0,0.0
460,9.0,7.0,0.0,7.0,7.0,0.0,5476.473,3195.355,92.843,30.381,30.146,8.829,0.0,0.0
461,9.0,7.0,0.0,8.0,8.0,0.0,5496.05,3233.432,68.779,30.733,30.587,8.858,0.0,0.0
462,9.0,7.0,0.0,9.0,9.0,0.0,5430.155,3253.908,-42.371,30.766,30.576,8.861,0.0,0.0
463,0.0,8.0,0.0,0.0,0.0,0.0,196.031,3287.597,63.334,30.473,30.143,8.842,0.0,0.0
464,0.0,8.0,0.0,1.0,2.0,0.0,52.379,3612.017,-22.424,30.646,30.539,8.838,0.0,0.0
465,0.0,8.0,0.0,2.0,3.0,0.0,158.963,3641.257,59.334,30.765,30.703,8.879,0.0,0.0
466,0.0,8.0,0.0,3.0,4.0,0.0,569.43,3676.95,26.937,31.595,31.419,9.016,0.0,0.0
467,1.0,8.0,0.0,0.0,0.0,0.0,854.323,3403.567,77.648,30.814,30.61,8.873,0.0,0.0
468,1.0,8.0,0.0,1.0,1.0,0.0,1065.004,3405.582,63.011,30.251,30.209,8.819,0.0,0.0
469,1.0,8.0,0.0,2.0,3.0,0.0,709.548,3433.079,66.025,30.491,30.355,8.875,0.0,0.0
470,1.0,8.0,0.0,3.0,4.0,0.0,1042.097,3437.028,-22.61,30.652,30.6,8.848,0.0,0.0
473,1.0,8.0,0.0,6.0,7.0,0.0,1037.23,3541.713,72.584,30.393,30.313,8.855,0.0,0.0
474,1.0,8.0,0.0,7.0,8.0,0.0,684.999,3550.846,100.79,30.403,30.298,8.768,0.0,0.0
477,1.0,8.0,0.0,10.0,11.0,0.0,785.919,3631.291,74.307,30.921,30.732,8.906,0.0,0.0
478,2.0,8.0,0.0,0.0,2.0,0.0,1407.016,3331.879,-8.635,30.508,30.497,8.898,0.0,0.0
479,2.0,8.0,0.0,1.0,3.0,0.0,1657.556,3341.688,116.726,30.703,30.468,8.837,0.0,0.0
480,2.0,8.0,0.0,2.0,4.0,0.0,1526.231,3384.981,3.604,30.295,30.235,8.829,0.0,0.0
484,2.0,8.0,0.0,6.0,6.0,0.0,1253.5,3494.954,33.258,30.582,30.515,8.912,0.0,0.0
485,2.0,8.0,0.0,7.0,7.0,0.0,1521.625,3503.698,74.477,30.445,30.344,8.867,0.0,0.0
486,2.0,8.0,0.0,8.0,8.0,0.0,1513.205,3547.328,94.044,30.39,30.284,8.85,0.0,0.0
487,2.0,8.0,0.0,9.0,9.0,0.0,1547.982,3615.814,112.307,31.299,31.126,8.932,0.0,0.0
488,3.0,8.0,0.0,0.0,1.0,0.0,2094.508,3294.867,89.816,30.378,30.089,8.82,0.0,0.0
489,3.0,8.0,0.0,1.0,2.0,0.0,2025.452,3340.793,54.885,30.471,30.095,8.835,0.0,0.0
490,3.0,8.0,0.0,2.0,3.0,0.0,2314.027,3545.468,92.554,31.596,29.725,8.771,0.0,0.0
491,4.0,8.0,0.0,0.0,0.0,0.0,2668.698,3287.121,93.881,30.645,30.568,8.843,0.0,0.0
492,4.0,8.0,0.0,1.0,1.0,0.0,2812.328,3300.409,-43.745,30.723,30.646,8.865,0.0,0.0
493,4.0,8.0,0.0,2.0,3.0,0.0,2345.803,3391.647,52.371,30.504,30.204,8.855,0.0,0.0
495,4.0,8.0,0.0,4.0,5.0,0.0,2410.74,3495.079,33.615,30.525,30.368,8.882,0.0,0.0
496,4.0,8.0,0.0,5.0,9.0,0.0,2646.013,3597.25,96.609,30.49,30.335,8.872,0.0,0.0
497,5.0,8.0,0.0,0.0,0.0,0.0,3466.14,3303.652,92.446,31.122,29.334,8.73,0.0,0.0
498,5.0,8.0,0.0,1.0,1.0,0.0,2911.506,3305.372,30.468,30.859,30.794,8.906,0.0,0.0
499,5.0,8.0,0.0,2.0,2.0,0.0,2927.537,3347.921,54.916,30.752,30.621,8.866,0.0,0.0
500,5.0,8.0,0.0,3.0,3.0,0.0,3124.731,3442.129,91.006,30.657,30.542,8.84,0.0,0.0
501,5.0,8.0,0.0,4.0,4.0,0.0,3213.388,3474.185,127.162,30.82,30.739,8.892,0.0,0.0
502,5.0,8.0,0.0,5.0,5.0,0.0,3343.306,3501.624,125.823,30.295,29.966,8.79,0.0,0.0
503,5.0,8.0,0.0,6.0,6.0,0.0,2902.125,3544.392,8.908,30.692,30.328,8.901,0.0,0.0
505,6.0,8.0,0.0,1.0,4.0,0.0,3691.775,3549.474,-2.406,30.549,30.478,8.902,0.0,0.0
506,6.0,8.0,0.0,2.0,5.0,0.0,3658.482,3567.815,-13.017,30.696,30.083,8.612,0.0,0.0
507,6.0,8.0,0.0,3.0,6.0,0.0,3975.586,3603.13,79.306,30.893,30.712,8.899,0.0,0.0
508,6.0,8.0,0.0,4.0,8.0,0.0,3748.611,3683.989,-4.157,31.646,26.703,8.413,0.0,0.0
512,7.0,8.0,0.0,3.0,3.0,0.0,4458.484,3384.784,48.936,30.282,29.931,8.782,0.0,0.0
514,7.0,8.0,0.0,5.0,5.0,0.0,4577.266,3473.45,43.003,30.907,30.716,8.902,0.0,0.0
515,7.0,8.0,0.0,6.0,6.0,0.0,4349.736,3516.18,102.215,30.67,30.517,8.925,0.0,0.0
516,7.0,8.0,0.0,7.0,7.0,0.0,4347.747,3610.294,75.019,30.47,30.234,9.995,0.0,0.0
519,8.0,8.0,0.0,1.0,1.0,0.0,4989.305,3351.643,134.661,30.682,30.588,8.937,0.0,0.0
520,8.0,8.0,0.0,2.0,2.0,0.0,5058.984,3432.568,105.866,30.573,30.481,8.905,0.0,0.0
522,8.0,8.0,0.0,4.0,4.0,0.0,4928.772,3504.695,116.838,30.664,30.625,8.94,0.0,0.0
524,9.0,8.0,0.0,0.0,1.0,0.0,5604.56,3283.948,95.2,30.978,30.769,8.919,0.0,0.0
525,9.0,8.0,0.0,1.0,2.0,0.0,5396.71,3293.018,93.42,30.194,29.996,8.779,0.0,0.0
526,9.0,8.0,0.0,2.0,5.0,0.0,5568.697,3353.622,-41.216,30.554,30.317,8.793,0.0,0.0
527,9.0,8.0,0.0,3.0,6.0,0.0,5349.458,3467.645,123.21,30.04,29.881,8.827,0.0,0.0
528,9.0,8.0,0.0,4.0,7.0,0.0,5682.94,3610.948,109.657,30.721,30.604,8.858,0.0,0.0
529,0.0,9.0,0.0,0.0,1.0,0.0,500.411,4017.016,29.183,31.444,31.235,8.968,0.0,0.0
530,0.0,9.0,0.0,1.0,3.0,0.0,425.634,4074.588,91.266,31.302,31.204,8.944,0.0,0.0
531,1.0,9.0,0.0,0.0,1.0,0.0,651.656,3771.953,48.191,30.317,30.163,8.822,0.0,0.0
532,1.0,9.0,0.0,1.0,2.0,0.0,1088.219,3999.021,33.215,30.633,30.564,8.84,0.0,0.0
533,1.0,9.0,0.0,2.0,3.0,0.0,598.507,4029.847,50.12,31.314,31.186,8.943,0.0,0.0
535,2.0,9.0,0.0,0.0,0.0,0.0,1532.019,3732.451,89.668,30.478,30.332,8.87,0.0,0.0
536,2.0,9.0,0.0,1.0,1.0,0.0,1466.717,3738.721,11.106,31.584,29.66,8.846,0.0,0.0
538,2.0,9.0,0.0,3.0,3.0,0.0,1198.893,3797.216,14.617,30.347,30.246,8.838,0.0,0.0
539,2.0,9.0,0.0,4.0,4.0,0.0,1257.825,3845.138,43.34,30.561,30.208,8.864,0.0,0.0
541,2.0,9.0,0.0,6.0,6.0,0.0,1360.679,4016.928,-32.981,30.557,30.445,8.898,0.0,0.0
542,2.0,9.0,0.0,7.0,7.0,0.0,1195.92,4030.506,81.458,31.055,30.951,8.957,0.0,0.0
543,2.0,9.0,0.0,8.0,8.0,0.0,1284.304,4057.341,104.525,30.699,30.655,8.949,0.0,0.0
544,2.0,9.0,0.0,9.0,9.0,0.0,1661.695,4059.395,75.393,30.941,30.879,8.93,0.0,0.0
546,3.0,9.0,0.0,1.0,1.0,0.0,1850.127,3764.742,44.823,30.255,30.193,8.817,0.0,0.0
547,3.0,9.0,0.0,2.0,2.0,0.0,1948.723,3795.885,22.044,30.598,30.331,8.887,0.0,0.0
548,3.0,9.0,0.0,3.0,3.0,0.0,2062.747,3849.671,38.735,30.568,30.489,8.906,0.0,0.0
549,3.0,9.0,0.0,4.0,4.0,0.0,1789.606,3858.685,96.486,30.671,30.614,8.853,0.0,0.0
550,3.0,9.0,0.0,5.0,6.0,0.0,2119.389,4062.303,33.262,30.867,30.787,8.906,0.0,0.0
551,4.0,9.0,0.0,0.0,0.0,0.0,2748.187,3758.107,-34.133,30.456,30.311,8.864,0.0,0.0
552,4.0,9.0,0.0,1.0,2.0,0.0,2428.301,3820.89,58.289,30.603,30.254,8.877,0.0,0.0
553,4.0,9.0,0.0,2.0,3.0,0.0,2368.651,3879.501,45.173,30.561,30.457,8.9,0.0,0.0
554,4.0,9.0,0.0,3.0,4.0,0.0,2690.558,3910.987,81.805,30.698,30.507,8.841,0.0,0.0
555,4.0,9.0,0.0,4.0,5.0,0.0,2710.715,3959.651,76.774,31.033,30.764,8.927,0.0,0.0
556,4.0,9.0,0.0,5.0,6.0,0.0,2821.436,4072.915,93.479,31.03,30.888,8.859,0.0,0.0
558,5.0,9.0,0.0,1.0,1.0,0.0,3238.255,3725.929,94.976,29.752,29.385,8.712,0.0,0.0
559,5.0,9.0,0.0,2.0,2.0,0.0,3068.546,3737.477,53.536,30.14,29.961,8.854,0.0,0.0
560,5.0,9.0,0.0,3.0,4.0,0.0,3191.378,3902.829,18.778,30.071,29.752,8.813,0.0,0.0
561,5.0,9.0,0.0,4.0,5.0,0.0,3059.051,4048.797,-24.324,30.637,30.575,8.929,0.0,0.0
563,6.0,9.0,0.0,0.0,2.0,0.0,3508.667,3729.882,49.214,36.124,35.584,9.643,0.0,0.0
564,6.0,9.0,0.0,1.0,3.0,0.0,3665.642,3742.274,62.243,30.811,30.495,8.856,0.0,0.0
565,6.0,9.0,0.0,2.0,5.0,0.0,3637.18,3774.247,58.461,30.025,29.892,8.827,0.0,0.0
566,6.0,9.0,0.0,3.0,6.0,0.0,3798.399,3803.854,79.822,30.36,30.28,8.845,0.0,0.0
567,6.0,9.0,0.0,4.0,7.0,0.0,3573.784,3834.834,31.238,30.581,30.378,8.892,0.0,0.0
568,6.0,9.0,0.0,5.0,8.0,0.0,3550.466,3913.025,35.587,30.258,30.118,8.807,0.0,0.0
569,6.0,9.0,0.0,6.0,10.0,0.0,3978.471,3959.096,98.906,30.857,30.75,8.899,0.0,0.0
570,7.0,9.0,0.0,0.0,1.0,0.0,4082.209,3737.329,26.716,30.884,30.528,8.871,0.0,0.0
571,7.0,9.0,0.0,1.0,2.0,0.0,4364.491,3760.6,106.02,30.333,30.224,8.833,0.0,0.0
572,7.0,9.0,0.0,2.0,3.0,0.0,4222.15,3774.453,56.672,30.457,30.242,8.854,0.0,0.0
573,7.0,9.0,0.0,3.0,4.0,0.0,4054.445,3938.235,-41.058,30.617,30.528,8.919,0.0,0.0
574,7.0,9.0,0.0,4.0,5.0,0.0,4282.318,3986.032,-33.458,30.563,30.271,8.874,0.0,0.0
575,7.0,9.0,0.0,5.0,6.0,0.0,4513.193,4048.839,-38.571,30.607,29.96,8.835,0.0,0.0
576,7.0,9.0,0.0,6.0,7.0,0.0,4187.857,4084.993,-12.708,29.733,24.663,9.005,0.0,0.0
578,8.0,9.0,0.0,1.0,1.0,0.0,4786.755,3842.891,77.136,30.389,30.237,8.843,0.0,0.0
580,8.0,9.0,0.0,3.0,3.0,0.0,5190.372,3877.855,-23.126,30.807,30.696,8.884,0.0,0.0
581,8.0,9.0,0.0,4.0,4.0,0.0,4857.715,3949.183,38.418,30.573,30.355,8.887,0.0,0.0
582,8.0,9.0,0.0,5.0,5.0,0.0,4823.353,4018.781,50.976,30.474,30.265,8.859,0.0,0.0
583,8.0,9.0,0.0,6.0,6.0,0.0,4763.47,4052.103,-7.337,30.785,30.599,8.867,0.0,0.0
584,8.0,9.0,0.0,7.0,7.0,0.0,4839.921,4057.407,69.735,30.993,30.867,8.936,0.0,0.0
585,8.0,9.0,0.0,8.0,8.0,0.0,4982.312,4059.546,-14.161,30.548,30.527,8.909,0.0,0.0
586,9.0,9.0,0.0,0.0,0.0,0.0,5317.056,3711.54,13.354,30.338,30.228,8.834,0.0,0.0
588,9.0,9.0,0.0,2.0,2.0,0.0,5677.428,3805.091,120.553,30.649,30.47,8.829,0.0,0.0
589,9.0,9.0,0.0,3.0,3.0,0.0,5440.606,3846.643,100.646,30.126,29.888,8.754,0.0,0.0
590,9.0,9.0,0.0,4.0,5.0,0.0,5389.941,3912.074,31.329,30.087,29.939,8.756,0.0,0.0
591,9.0,9.0,0.0,5.0,6.0,0.0,5334.387,3923.967,128.925,30.333,30.043,8.806,0.0,0.0
592,9.0,9.0,0.0,6.0,7.0,0.0,5546.928,3981.804,-21.619,30.488,30.422,8.885,0.0,0.0
593,0.0,10.0,0.0,0.0,1.0,0.0,440.407,4124.593,108.326,30.705,30.418,8.829,0.0,0.0
595,0.0,10.0,0.0,2.0,3.0,0.0,566.195,4375.357,-1.68,31.062,30.948,8.958,0.0,0.0
596,0.0,10.0,0.0,3.0,4.0,0.0,367.413,4377.637,30.993,30.597,30.058,8.847,0.0,0.0
597,1.0,10.0,0.0,0.0,0.0,0.0,619.419,4218.306,31.114,30.553,30.361,8.885,0.0,0.0
598,2.0,10.0,0.0,0.0,0.0,0.0,1388.774,4132.834,36.105,30.488,29.79,8.792,0.0,0.0
599,2.0,10.0,0.0,1.0,1.0,0.0,1221.862,4150.786,58.614,30.475,30.335,8.87,0.0,0.0
600,2.0,10.0,0.0,2.0,2.0,0.0,1684.505,4340.764,84.562,31.156,31.094,8.992,0.0,0.0
602,3.0,10.0,0.0,0.0,0.0,0.0,2013.898,4172.37,76.819,30.289,30.213,8.825,0.0,0.0
603,3.0,10.0,0.0,1.0,1.0,0.0,1941.395,4213.662,-1.778,30.353,29.995,9.07,0.0,0.0
604,3.0,10.0,0.0,2.0,1.0,0.0,1971.763,4213.267,-14.514,30.58,29.668,9.148,0.0,0.0
605,3.0,10.0,0.0,3.0,2.0,0.0,2265.383,4256.686,-33.414,30.683,30.67,8.863,0.0,0.0
606,3.0,10.0,0.0,4.0,3.0,0.0,1918.587,4278.888,46.169,30.956,30.852,8.928,0.0,0.0
608,3.0,10.0,0.0,6.0,5.0,0.0,2128.02,4291.766,126.087,30.92,30.812,8.917,0.0,0.0
611,4.0,10.0,0.0,2.0,3.0,0.0,2422.571,4287.111,-25.741,30.715,30.519,8.932,0.0,0.0
613,4.0,10.0,0.0,4.0,5.0,0.0,2891.474,4404.324,94.656,31.981,27.629,8.588,0.0,0.0
616,5.0,10.0,0.0,2.0,4.0,0.0,3016.892,4257.467,-6.891,30.457,30.359,8.871,0.0,0.0
618,5.0,10.0,0.0,4.0,6.0,0.0,3107.268,4294.651,91.481,30.398,30.166,8.834,0.0,0.0
619,5.0,10.0,0.0,5.0,8.0,0.0,3316.072,4477.383,14.457,30.888,30.807,8.912,0.0,0.0
620,5.0,10.0,0.0,6.0,9.0,0.0,3240.407,4480.187,-2.337,31.549,30.885,8.933,0.0,0.0
621,6.0,10.0,0.0,0.0,0.0,0.0,3947.209,4118.015,60.465,31.052,30.903,8.95,0.0,0.0
622,6.0,10.0,0.0,1.0,2.0,0.0,3517.08,4157.022,-7.072,36.107,34.269,9.545,0.0,0.0
623,6.0,10.0,0.0,2.0,3.0,0.0,3671.832,4279.672,28.96,19.193,18.896,7.014,0.0,0.0
624,6.0,10.0,0.0,3.0,4.0,0.0,3798.755,4288.995,92.221,12.002,11.666,5.379,0.0,0.0
625,6.0,10.0,0.0,4.0,5.0,0.0,3798.698,4363.939,95.134,30.67,30.573,8.933,0.0,0.0
626,6.0,10.0,0.0,5.0,6.0,0.0,3899.026,4468.307,66.095,30.856,30.765,8.901,0.0,0.0
627,7.0,10.0,0.0,0.0,0.0,0.0,4051.852,4142.847,61.983,30.959,30.625,8.896,0.0,0.0
628,7.0,10.0,0.0,1.0,1.0,0.0,4264.677,4180.751,64.337,30.862,30.759,8.901,0.0,0.0
629,7.0,10.0,0.0,2.0,2.0,0.0,4122.799,4275.025,34.747,30.489,30.185,8.765,0.0,0.0
630,7.0,10.0,0.0,3.0,3.0,0.0,4174.571,4320.774,3.676,30.483,30.236,8.857,0.0,0.0
632,7.0,10.0,0.0,5.0,5.0,0.0,4533.181,4370.067,-6.293,30.801,30.684,8.882,0.0,0.0
634,8.0,10.0,0.0,0.0,1.0,0.0,4831.119,4257.76,52.077,30.45,30.177,8.843,0.0,0.0
636,8.0,10.0,0.0,2.0,3.0,0.0,5116.797,4289.417,16.277,30.594,30.486,8.823,0.0,0.0
637,8.0,10.0,0.0,3.0,4.0,0.0,4674.847,4357.95,34.438,30.817,30.007,8.616,0.0,0.0
638,8.0,10.0,0.0,4.0,5.0,0.0,5191.51,4429.804,-36.735,31.454,31.137,8.956,0.0,0.0
639,8.0,10.0,0.0,5.0,6.0,0.0,4707.114,4440.114,48.728,30.666,30.501,8.922,0.0,0.0
641,9.0,10.0,0.0,0.0,1.0,0.0,5460.944,4129.149,-44.768,30.404,30.297,8.854,0.0,0.0
642,9.0,10.0,0.0,1.0,2.0,0.0,5675.878,4178.55,-12.528,30.431,30.221,8.847,0.0,0.0
643,9.0,10.0,0.0,2.0,3.0,0.0,5286.069,4333.088,98.879,30.07,30.008,8.763,0.0,0.0
644,9.0,10.0,0.0,3.0,4.0,0.0,5448.532,4339.346,105.708,30.358,30.236,8.838,0.0,0.0
646,9.0,10.0,0.0,5.0,5.0,0.0,5409.06,4378.464,75.154,30.723,30.411,9.005,0.0,0.0
647,9.0,10.0,0.0,6.0,6.0,0.0,5532.871,4428.136,12.847,30.435,30.288,8.857,0.0,0.0
648,9.0,10.0,0.0,7.0,8.0,0.0,5612.167,4431.895,107.454,30.235,30.032,8.791,0.0,0.0
649,9.0,10.0,0.0,8.0,9.0,0.0,5309.716,4484.89,26.93,30.532,30.449,8.809,0.0,0.0
651,0.0,11.0,0.0,1.0,1.0,0.0,198.849,4675.375,73.199,30.383,30.213,8.839,0.0,0.0
652,0.0,11.0,0.0,2.0,2.0,0.0,94.039,4805.589,87.529,30.454,30.376,8.873,0.0,0.0
653,1.0,11.0,0.0,0.0,0.0,0.0,967.928,4615.46,16.763,30.612,30.523,8.831,0.0,0.0
654,1.0,11.0,0.0,1.0,1.0,0.0,993.118,4678.738,13.064,30.781,30.675,8.878,0.0,0.0
655,1.0,11.0,0.0,2.0,2.0,0.0,867.609,4821.022,63.033,30.478,30.332,8.87,0.0,0.0
657,2.0,11.0,0.0,1.0,2.0,0.0,1555.402,4857.891,75.115,30.881,30.765,8.905,0.0,0.0
658,3.0,11.0,0.0,0.0,0.0,0.0,2248.895,4506.48,113.676,30.859,30.74,8.898,0.0,0.0
659,3.0,11.0,0.0,1.0,2.0,0.0,1914.027,4626.237,62.569,30.35,30.201,8.832,0.0,0.0
661,3.0,11.0,0.0,3.0,4.0,0.0,2059.919,4889.117,77.826,31.129,31.078,8.901,0.0,0.0
662,4.0,11.0,0.0,0.0,0.0,0.0,2506.896,4567.934,76.818,30.293,30.04,8.8,0.0,0.0
664,4.0,11.0,0.0,2.0,2.0,0.0,2325.062,4593.055,122.33,30.859,30.651,8.885,0.0,0.0
665,4.0,11.0,0.0,3.0,3.0,0.0,2859.479,4626.368,-44.999,30.546,30.509,8.906,0.0,0.0
666,4.0,11.0,0.0,4.0,4.0,0.0,2482.702,4695.226,123.507,30.428,30.316,8.86,0.0,0.0
667,4.0,11.0,0.0,5.0,6.0,0.0,2377.552,4810.395,5.593,30.877,30.751,8.902,0.0,0.0
668,4.0,11.0,0.0,6.0,7.0,0.0,2320.091,4846.52,-21.535,30.988,30.895,8.939,0.0,0.0
671,5.0,11.0,0.0,1.0,3.0,0.0,2972.425,4570.924,43.645,30.311,29.957,8.791,0.0,0.0
672,5.0,11.0,0.0,2.0,4.0,0.0,3135.834,4590.803,131.245,30.569,30.371,8.889,0.0,0.0
673,5.0,11.0,0.0,3.0,6.0,0.0,3368.619,4666.782,-43.063,30.655,30.574,8.845,0.0,0.0
674,5.0,11.0,0.0,4.0,9.0,0.0,3043.564,4853.478,-22.945,30.322,30.159,8.822,0.0,0.0
675,5.0,11.0,0.0,5.0,10.0,0.0,3083.665,4885.978,59.819,30.435,30.322,8.862,0.0,0.0
678,6.0,11.0,0.0,2.0,2.0,0.0,3582.075,4667.71,39.233,30.694,30.499,8.84,0.0,0.0
679,6.0,11.0,0.0,3.0,3.0,0.0,3858.321,4722.201,72.367,30.669,30.527,8.926,0.0,0.0
681,6.0,11.0,0.0,5.0,5.0,0.0,3676.572,4765.306,48.778,30.496,30.352,8.79,0.0,0.0
682,6.0,11.0,0.0,6.0,6.0,0.0,3919.605,4795.232,3.243,30.855,30.74,8.985,0.0,0.0
683,6.0,11.0,0.0,7.0,7.0,0.0,3655.809,4844.866,90.915,30.397,30.124,8.828,0.0,0.0
686,7.0,11.0,0.0,2.0,2.0,0.0,4150.049,4628.258,41.686,30.482,30.408,8.882,0.0,0.0
687,7.0,11.0,0.0,3.0,3.0,0.0,4466.334,4630.192,78.915,30.581,30.373,8.89,0.0,0.0
688,7.0,11.0,0.0,4.0,4.0,0.0,4463.821,4671.035,18.076,30.493,30.49,8.895,0.0,0.0
691,8.0,11.0,0.0,1.0,1.0,0.0,4981.329,4574.761,107.093,30.74,30.57,8.857,0.0,0.0
692,8.0,11.0,0.0,2.0,3.0,0.0,5102.336,4641.382,15.637,31.875,30.283,8.98,0.0,0.0
693,8.0,11.0,0.0,3.0,4.0,0.0,4721.229,4644.816,29.795,30.649,30.555,8.841,0.0,0.0
694,8.0,11.0,0.0,4.0,5.0,0.0,5161.129,4646.076,132.243,31.013,30.763,8.924,0.0,0.0
695,8.0,11.0,0.0,5.0,6.0,0.0,4865.854,4657.862,59.437,30.435,30.136,8.835,0.0,0.0
696,8.0,11.0,0.0,6.0,7.0,0.0,4890.333,4694.552,86.284,30.201,29.958,8.775,0.0,0.0
697,8.0,11.0,0.0,7.0,8.0,0.0,4911.623,4727.724,-4.772,30.328,30.221,8.832,0.0,0.0
700,8.0,11.0,0.0,10.0,10.0,0.0,5044.418,4815.733,57.14,30.875,30.831,8.914,0.0,0.0
701,9.0,11.0,0.0,0.0,1.0,0.0,5438.94,4517.541,30.659,30.523,30.194,8.856,0.0,0.0
702,9.0,11.0,0.0,1.0,4.0,0.0,5530.619,4546.89,118.95,30.619,30.123,8.86,0.0,0.0
704,9.0,11.0,0.0,3.0,7.0,0.0,5761.097,4755.997,125.904,30.917,30.696,8.9,0.0,0.0
709,0.0,12.0,0.0,0.0,0.0,0.0,124.164,4948.118,61.42,30.469,30.276,8.861,0.0,0.0
710,0.0,12.0,0.0,1.0,1.0,0.0,422.092,5055.005,80.964,30.856,30.662,8.886,0.0,0.0
711,0.0,12.0,0.0,2.0,2.0,0.0,429.663,5121.956,13.1,30.823,30.642,8.879,0.0,0.0
713,0.0,12.0,0.0,4.0,4.0,0.0,442.044,5266.033,86.51,30.935,30.698,8.903,0.0,0.0
714,0.0,12.0,0.0,5.0,5.0,0.0,140.44,5281.478,52.881,30.889,30.783,8.909,0.0,0.0
715,0.0,12.0,0.0,6.0,6.0,0.0,397.596,5287.505,65.002,30.922,30.681,8.898,0.0,0.0
716,1.0,12.0,0.0,0.0,0.0,0.0,751.638,4971.25,13.997,30.553,30.076,8.844,0.0,0.0
717,1.0,12.0,0.0,1.0,1.0,0.0,986.586,4990.446,-38.848,30.551,30.426,8.894,0.0,0.0
718,1.0,12.0,0.0,2.0,2.0,0.0,922.764,4998.356,115.142,30.566,30.477,8.904,0.0,0.0
719,1.0,12.0,0.0,3.0,3.0,0.0,989.072,5078.12,36.962,30.16,29.966,8.77,0.0,0.0
720,1.0,12.0,0.0,4.0,4.0,0.0,991.696,5151.609,113.07,30.294,30.16,8.818,0.0,0.0
721,1.0,12.0,0.0,5.0,5.0,0.0,743.374,5188.915,-8.814,30.452,30.444,8.882,0.0,0.0
722,1.0,12.0,0.0,6.0,6.0,0.0,1160.971,5295.393,80.026,31.604,31.078,8.968,0.0,0.0
723,2.0,12.0,0.0,0.0,0.0,0.0,1392.109,5134.516,78.581,29.926,29.8,8.798,0.0,0.0
724,2.0,12.0,0.0,1.0,1.0,0.0,1397.788,5178.448,61.753,30.466,30.327,8.867,0.0,0.0
725,2.0,12.0,0.0,2.0,2.0,0.0,1254.643,5247.503,108.155,30.895,30.756,8.906,0.0,0.0
726,2.0,12.0,0.0,3.0,3.0,0.0,1588.661,5270.737,32.404,30.996,30.926,8.945,0.0,0.0
727,2.0,12.0,0.0,4.0,4.0,0.0,1431.138,5274.455,122.59,30.6,30.492,8.825,0.0,0.0
728,3.0,12.0,0.0,0.0,1.0,0.0,1841.369,4918.934,70.55,30.426,30.175,8.84,0.0,0.0
730,3.0,12.0,0.0,2.0,4.0,0.0,1963.016,4988.425,55.803,30.16,29.923,8.764,0.0,0.0
731,3.0,12.0,0.0,3.0,5.0,0.0,1798.949,5181.586,-11.888,30.545,30.454,8.898,0.0,0.0
732,3.0,12.0,0.0,4.0,6.0,0.0,1951.716,5240.141,111.359,33.511,33.353,9.307,0.0,0.0
733,3.0,12.0,0.0,5.0,7.0,0.0,2137.674,5251.25,20.242,30.246,30.143,8.808,0.0,0.0
734,4.0,12.0,0.0,0.0,1.0,0.0,2335.041,4934.886,81.817,30.595,30.395,8.896,0.0,0.0
735,4.0,12.0,0.0,1.0,2.0,0.0,2450.418,5269.763,133.444,30.466,30.398,8.878,0.0,0.0
737,5.0,12.0,0.0,0.0,1.0,0.0,3210.245,4916.547,57.032,30.404,30.204,8.841,0.0,0.0
738,5.0,12.0,0.0,1.0,3.0,0.0,3215.339,4968.533,108.135,31.013,30.267,9.609,0.0,0.0
740,6.0,12.0,0.0,0.0,0.0,0.0,3483.987,4937.637,28.477,30.926,30.662,8.984,0.0,0.0
741,6.0,12.0,0.0,1.0,1.0,0.0,3817.657,5044.506,99.16,30.286,30.243,8.829,0.0,0.0
742,6.0,12.0,0.0,2.0,2.0,0.0,3599.961,5289.791,-33.532,30.599,30.483,8.91,0.0,0.0
747,8.0,12.0,0.0,1.0,1.0,0.0,4991.128,4961.365,72.875,30.323,30.18,8.825,0.0,0.0
748,8.0,12.0,0.0,2.0,2.0,0.0,4834.535,4971.772,72.669,30.16,29.864,8.842,0.0,0.0
749,8.0,12.0,0.0,3.0,3.0,0.0,5046.261,5060.871,24.639,30.72,30.664,8.867,0.0,0.0
752,8.0,12.0,0.0,6.0,7.0,0.0,4747.177,5187.038,83.783,30.627,30.417,8.904,0.0,0.0
753,8.0,12.0,0.0,7.0,8.0,0.0,4955.505,5223.154,-8.356,30.329,30.266,8.839,0.0,0.0
755,8.0,12.0,0.0,9.0,10.0,0.0,4887.192,5246.707,17.024,30.331,30.226,8.833,0.0,0.0
757,9.0,12.0,0.0,1.0,2.0,0.0,5423.861,4990.663,75.281,30.433,30.201,8.844,0.0,0.0
759,9.0,12.0,0.0,3.0,4.0,0.0,5253.735,5017.587,27.972,30.649,30.549,8.84,0.0,0.0
760,9.0,12.0,0.0,4.0,5.0,0.0,5674.107,5220.509,86.777,31.068,30.894,8.95,0.0,0.0
761,9.0,12.0,0.0,5.0,6.0,0.0,5453.972,5273.753,40.944,30.839,30.623,8.878,0.0,0.0
762,9.0,12.0,0.0,6.0,7.0,0.0,5666.121,5307.011,57.027,31.392,31.367,8.98,0.0,0.0
763,0.0,0.0,0.0,0.0,0.0,0.0,540.247,414.165,81.99,31.508,30.471,26.311,4.0,
764,1.0,4.0,0.0,0.0,0.0,0.0,804.158,1884.951,-31.551,30.931,29.6,25.767,4.0,
765,1.0,4.0,0.0,0.0,0.0,0.0,804.997,1876.492,11.409,30.41,27.964,25.191,4.0,
766,2.0,0.0,0.0,0.0,0.0,0.0,1280.771,314.024,20.44,30.766,30.278,25.944,4.0,
767,2.0,7.0,0.0,0.0,0.0,0.0,1498.36,3268.477,19.969,30.834,28.762,25.492,4.0,
768,2.0,7.0,0.0,0.0,0.0,0.0,1497.449,3277.91,3.758,30.475,28.268,25.543,4.0,
770,4.0,11.0,0.0,0.0,0.0,0.0,2869.997,4807.919,-35.999,30.598,29.446,25.581,4.0,
771,5.0,2.0,0.0,0.0,0.0,0.0,3386.575,1029.285,17.383,30.974,30.263,25.995,4.0,
772,5.0,5.0,0.0,0.0,0.0,0.0,3460.086,2418.743,86.569,30.948,30.431,26.162,4.0,
773,5.0,9.0,0.0,0.0,0.0,0.0,3374.783,4083.977,134.544,30.015,29.463,25.339,4.0,
774,5.0,9.0,0.0,0.0,0.0,0.0,3377.892,4089.718,-33.164,30.092,25.801,24.259,4.0,
775,5.0,9.0,0.0,0.0,0.0,0.0,2942.292,3694.724,-21.493,30.784,30.239,25.924,4.0,
776,5.0,11.0,0.0,0.0,0.0,0.0,2915.642,4515.638,14.906,31.056,30.584,26.246,4.0,
777,5.0,11.0,0.0,0.0,0.0,0.0,2918.377,4506.825,107.48,31.499,30.091,26.012,4.0,
778,6.0,4.0,0.0,0.0,0.0,0.0,3886.565,1646.215,95.995,31.274,30.118,26.145,4.0,
780,6.0,5.0,0.0,0.0,0.0,0.0,3617.239,2120.737,46.736,30.714,30.099,25.826,4.0,
781,6.0,5.0,0.0,0.0,0.0,0.0,3633.321,2134.155,50.751,31.149,30.21,26.036,4.0,
782,6.0,8.0,0.0,0.0,0.0,0.0,3993.866,3673.507,24.284,31.446,30.683,26.408,4.0,
784,7.0,0.0,0.0,0.0,0.0,0.0,4102.785,14.728,41.103,31.539,30.221,26.26,4.0,
785,7.0,3.0,0.0,0.0,0.0,0.0,4217.015,1495.74,129.256,31.107,29.914,25.854,4.0,
786,7.0,3.0,0.0,0.0,0.0,0.0,4220.505,1489.254,30.005,30.59,28.619,25.436,4.0,
787,7.0,11.0,0.0,0.0,0.0,0.0,4482.267,4776.847,47.688,30.287,29.006,25.336,4.0,
789,8.0,2.0,0.0,0.0,0.0,0.0,4624.484,996.606,62.278,30.224,30.004,25.63,4.0,
790,8.0,10.0,0.0,0.0,0.0,0.0,4807.806,4202.742,11.827,31.07,30.05,25.957,4.0,
792,9.0,4.0,0.0,0.0,0.0,0.0,5459.167,1919.877,86.132,30.331,29.315,25.461,4.0,
794,9.0,8.0,0.0,0.0,0.0,0.0,5719.317,3343.065,-32.065,31.664,30.601,26.463,4.0,
795,9.0,8.0,0.0,0.0,0.0,0.0,5709.452,3362.02,42.389,30.405,29.992,25.692,4.0,
797,9.0,9.0,0.0,0.0,0.0,0.0,5525.397,4058.537,9.783,30.446,30.128,22.326,4.0,
798,9.0,9.0,0.0,0.0,0.0,0.0,5523.248,4078.485,-25.285,30.962,30.667,26.229,4.0,
800,9.0,11.0,0.0,0.0,0.0,0.0,5275.152,4541.699,36.729,31.104,30.268,26.026,4.0,
801,9.0,11.0,0.0,0.0,0.0,0.0,5563.164,4534.013,109.276,30.899,30.132,25.984,4.0,
802,9.0,11.0,0.0,0.0,0.0,0.0,5575.689,4551.107,77.342,30.288,30.092,25.674,4.0,
</ResultDatas>,,,,,,,,,,,,,,
<ElementResult>,,,,,,,,,,,,,,
0,0.0,,,,,,,,,,,,,
1,0.0,,,,,,,,,,,,,
2,1.0,,,,,,,,,,,,,
3,1.0,,,,,,,,,,,,,
4,2.0,,,,,,,,,,,,,
5,618.0,,,,,,,,,,,,,
</ElementResult>,,,,,,,,,,,,,,
0,0.0,0.0,0.0,0.0,0.0,0.0,389.412,25.389,125.471,30.656,30.583,8.846,0.0,0.0
1,0.0,0.0,0.0,1.0,1.0,0.0,199.009,47.774,92.362,30.915,30.692,8.899,0.0,0.0
2,0.0,0.0,0.0,2.0,2.0,0.0,83.87,108.829,15.454,30.63,30.502,8.917,0.0,0.0
3,0.0,0.0,0.0,3.0,3.0,0.0,52.885,226.821,-17.929,31.39,31.313,8.972,0.0,0.0
4,0.0,0.0,0.0,4.0,4.0,0.0,570.4,278.85,-20.188,31.261,31.143,8.929,0.0,0.0
6,1.0,0.0,0.0,0.0,0.0,0.0,700.142,21.825,43.925,30.612,30.449,8.907,0.0,0.0
7,1.0,0.0,0.0,1.0,1.0,0.0,912.737,43.76,42.888,30.922,30.537,8.878,0.0,0.0
8,1.0,0.0,0.0,2.0,2.0,0.0,774.303,56.497,42.586,31.201,30.969,8.981,0.0,0.0
9,1.0,0.0,0.0,3.0,4.0,0.0,914.331,189.971,4.605,30.754,30.736,8.883,0.0,0.0
12,1.0,0.0,0.0,6.0,8.0,0.0,920.645,390.932,-26.115,30.53,30.301,8.873,0.0,0.0
13,2.0,0.0,0.0,0.0,0.0,0.0,1176.25,113.749,61.805,30.86,30.657,8.886,0.0,0.0
14,2.0,0.0,0.0,1.0,1.0,0.0,1440.942,150.693,80.693,30.37,30.239,8.841,0.0,0.0
15,2.0,0.0,0.0,2.0,2.0,0.0,1250.22,316.879,-41.149,31.105,30.903,8.957,0.0,0.0
16,2.0,0.0,0.0,3.0,3.0,0.0,1328.681,354.386,18.417,30.56,30.249,8.87,0.0,0.0
17,2.0,0.0,0.0,4.0,4.0,0.0,1729.117,410.056,10.759,31.726,31.421,8.951,0.0,0.0
18,3.0,0.0,0.0,0.0,1.0,0.0,1997.245,53.978,44.341,29.999,29.901,8.737,0.0,0.0
19,3.0,0.0,0.0,1.0,2.0,0.0,2299.485,107.196,128.963,30.764,30.675,8.875,0.0,0.0
21,3.0,0.0,0.0,3.0,5.0,0.0,2163.252,360.902,113.15,30.791,30.687,8.881,0.0,0.0
22,3.0,0.0,0.0,4.0,7.0,0.0,2292.981,379.799,14.654,31.304,31.114,8.931,0.0,0.0
23,4.0,0.0,0.0,0.0,0.0,0.0,2332.676,29.139,45.161,31.011,30.778,8.926,0.0,0.0
24,4.0,0.0,0.0,1.0,2.0,0.0,2858.218,118.839,0.087,31.047,30.898,8.948,0.0,0.0
25,4.0,0.0,0.0,2.0,3.0,0.0,2628.572,191.554,127.604,30.674,30.618,8.854,0.0,0.0
26,4.0,0.0,0.0,3.0,4.0,0.0,2881.048,256.618,98.916,31.487,30.95,8.934,0.0,0.0
28,4.0,0.0,0.0,5.0,7.0,0.0,2886.661,419.63,-4.418,32.692,27.832,8.579,0.0,0.0
29,5.0,0.0,0.0,0.0,3.0,0.0,3419.027,147.943,74.391,31.266,31.211,8.939,0.0,0.0
30,5.0,0.0,0.0,1.0,4.0,0.0,2932.132,186.049,35.522,31.041,30.775,8.929,0.0,0.0
32,5.0,0.0,0.0,3.0,7.0,0.0,3399.087,256.415,90.213,30.955,30.824,8.924,0.0,0.0
36,5.0,0.0,0.0,7.0,11.0,0.0,3120.693,388.467,131.793,31.251,30.805,8.88,0.0,0.0
37,6.0,0.0,0.0,0.0,1.0,0.0,4035.957,146.615,38.316,31.145,31.082,8.989,0.0,0.0
38,6.0,0.0,0.0,1.0,3.0,0.0,3944.201,319.385,52.885,30.923,30.867,8.926,0.0,0.0
39,6.0,0.0,0.0,2.0,4.0,0.0,3618.835,337.361,-11.476,30.693,30.575,8.937,0.0,0.0
40,6.0,0.0,0.0,3.0,5.0,0.0,3640.466,366.373,107.671,31.067,30.954,8.959,0.0,0.0
41,6.0,0.0,0.0,4.0,7.0,0.0,3565.795,399.818,110.496,8.656,8.273,4.713,0.0,0.0
42,7.0,0.0,0.0,0.0,0.0,0.0,4339.687,35.718,71.782,30.583,30.259,8.874,0.0,0.0
43,7.0,0.0,0.0,1.0,1.0,0.0,4367.76,57.895,71.202,30.201,30.06,8.877,0.0,0.0
45,7.0,0.0,0.0,3.0,4.0,0.0,4565.245,205.388,96.172,30.733,30.572,8.856,0.0,0.0
46,7.0,0.0,0.0,4.0,5.0,0.0,4315.901,229.697,19.042,30.168,30.139,8.884,0.0,0.0
47,7.0,0.0,0.0,5.0,6.0,0.0,4083.382,233.224,21.534,30.785,30.568,8.949,0.0,0.0
48,7.0,0.0,0.0,6.0,7.0,0.0,4430.778,255.265,19.91,30.309,30.306,8.841,0.0,0.0
51,7.0,0.0,0.0,9.0,10.0,0.0,4276.953,315.635,-0.083,30.784,30.702,8.882,0.0,0.0
54,8.0,0.0,0.0,2.0,2.0,0.0,4855.98,167.254,49.508,30.567,30.406,8.894,0.0,0.0
56,8.0,0.0,0.0,4.0,4.0,0.0,4842.91,322.419,92.033,30.681,30.563,8.933,0.0,0.0
57,8.0,0.0,0.0,5.0,6.0,0.0,4678.232,412.15,-25.472,30.796,30.654,8.793,0.0,0.0
58,9.0,0.0,0.0,0.0,0.0,0.0,5608.96,68.007,78.429,30.786,30.641,8.873,0.0,0.0
60,9.0,0.0,0.0,2.0,2.0,0.0,5242.777,317.679,15.102,30.68,30.457,8.918,0.0,0.0
61,9.0,0.0,0.0,3.0,3.0,0.0,5208.267,325.587,-10.522,30.797,30.576,8.953,0.0,0.0
62,0.0,1.0,0.0,0.0,0.0,0.0,154.537,455.554,42.062,30.357,30.262,8.842,0.0,0.0
63,0.0,1.0,0.0,1.0,1.0,0.0,241.399,588.45,-37.32,30.672,30.627,8.855,0.0,0.0
64,0.0,1.0,0.0,2.0,2.0,0.0,444.983,610.412,-25.209,31.515,30.851,9.009,0.0,0.0
65,0.0,1.0,0.0,3.0,3.0,0.0,572.841,646.612,94.436,12.326,11.59,5.437,0.0,0.0
66,0.0,1.0,0.0,4.0,4.0,0.0,525.434,659.858,66.882,11.323,10.838,5.295,0.0,0.0
67,0.0,1.0,0.0,5.0,5.0,0.0,211.336,780.329,22.279,31.413,31.263,8.968,0.0,0.0
68,0.0,1.0,0.0,6.0,6.0,0.0,75.242,783.291,-26.648,31.204,31.074,8.996,0.0,0.0
71,1.0,1.0,0.0,2.0,3.0,0.0,706.428,502.973,32.672,30.419,30.19,8.841,0.0,0.0
72,1.0,1.0,0.0,3.0,4.0,0.0,809.296,596.306,34.218,30.956,30.732,8.911,0.0,0.0
73,1.0,1.0,0.0,4.0,5.0,0.0,651.828,629.462,13.978,30.806,30.651,8.878,0.0,0.0
74,1.0,1.0,0.0,5.0,6.0,0.0,620.42,760.611,61.701,30.86,30.84,8.913,0.0,0.0
78,2.0,1.0,0.0,3.0,3.0,0.0,1514.382,542.352,95.731,30.297,29.988,8.88,0.0,0.0
80,2.0,1.0,0.0,5.0,5.0,0.0,1661.204,689.69,-27.827,30.427,30.201,8.843,0.0,0.0
81,2.0,1.0,0.0,6.0,6.0,0.0,1322.362,714.312,-34.675,30.235,29.925,8.775,0.0,0.0
82,2.0,1.0,0.0,7.0,7.0,0.0,1467.541,719.362,60.827,30.823,30.589,8.871,0.0,0.0
83,2.0,1.0,0.0,8.0,8.0,0.0,1465.269,756.573,115.617,31.117,31.047,8.98,0.0,0.0
85,2.0,1.0,0.0,10.0,10.0,0.0,1512.871,819.405,3.061,31.121,30.914,8.961,0.0,0.0
86,3.0,1.0,0.0,0.0,1.0,0.0,2262.282,461.227,-6.492,30.521,30.381,8.884,0.0,0.0
88,3.0,1.0,0.0,2.0,3.0,0.0,1994.698,678.006,-19.036,30.162,30.029,8.867,0.0,0.0
89,3.0,1.0,0.0,3.0,4.0,0.0,1785.967,826.493,-0.454,31.429,28.912,8.712,0.0,0.0
90,4.0,1.0,0.0,0.0,1.0,0.0,2450.184,484.862,0.13,34.839,31.421,9.073,0.0,0.0
91,4.0,1.0,0.0,1.0,2.0,0.0,2816.344,543.021,-17.919,30.513,30.43,8.889,0.0,0.0
92,4.0,1.0,0.0,2.0,3.0,0.0,2603.181,548.548,94.814,13.581,12.656,5.467,0.0,0.0
93,4.0,1.0,0.0,3.0,4.0,0.0,2567.903,577.771,123.108,14.351,13.642,5.421,0.0,0.0
94,4.0,1.0,0.0,4.0,5.0,0.0,2604.017,579.489,115.583,14.485,13.489,5.95,0.0,0.0
95,4.0,1.0,0.0,5.0,6.0,0.0,2735.466,782.627,-15.59,30.926,30.82,8.92,0.0,0.0
96,4.0,1.0,0.0,6.0,7.0,0.0,2557.699,794.946,54.648,30.332,30.286,8.842,0.0,0.0
97,4.0,1.0,0.0,7.0,8.0,0.0,2672.211,796.261,-28.468,30.782,30.692,8.88,0.0,0.0
99,5.0,1.0,0.0,0.0,1.0,0.0,3041.036,435.371,43.081,32.825,32.37,9.157,0.0,0.0
100,5.0,1.0,0.0,1.0,2.0,0.0,3293.935,682.924,65.144,30.804,30.753,8.892,0.0,0.0
101,5.0,1.0,0.0,2.0,3.0,0.0,3033.811,702.512,17.703,30.555,30.468,8.901,0.0,0.0
102,6.0,1.0,0.0,0.0,1.0,0.0,3705.451,558.564,74.657,30.333,30.22,8.832,0.0,0.0
103,6.0,1.0,0.0,1.0,2.0,0.0,3665.399,586.221,-2.704,30.342,30.167,8.826,0.0,0.0
104,6.0,1.0,0.0,2.0,4.0,0.0,3908.231,710.845,84.248,30.74,30.606,8.862,0.0,0.0
105,6.0,1.0,0.0,3.0,5.0,0.0,3602.207,730.166,73.882,30.55,30.366,8.885,0.0,0.0
106,6.0,1.0,0.0,4.0,6.0,0.0,3970.216,796.115,56.406,31.367,31.064,8.933,0.0,0.0
107,6.0,1.0,0.0,5.0,7.0,0.0,3912.388,828.5,-4.255,32.684,26.126,8.404,0.0,0.0
108,7.0,1.0,0.0,0.0,0.0,0.0,4492.684,493.164,84.359,30.519,30.448,8.893,0.0,0.0
109,7.0,1.0,0.0,1.0,1.0,0.0,4152.882,515.209,47.849,30.653,30.419,8.908,0.0,0.0
110,7.0,1.0,0.0,2.0,2.0,0.0,4470.277,595.101,114.988,30.373,30.046,8.813,0.0,0.0
112,7.0,1.0,0.0,4.0,4.0,0.0,4200.887,735.421,51.287,30.426,30.308,8.859,0.0,0.0
114,7.0,1.0,0.0,6.0,5.0,0.0,4084.895,746.339,98.583,31.093,30.791,9.398,0.0,0.0
115,7.0,1.0,0.0,7.0,6.0,0.0,4167.248,762.106,85.232,30.564,30.428,8.896,0.0,0.0
118,7.0,1.0,0.0,10.0,8.0,0.0,4485.338,815.398,126.9,31.035,31.025,8.965,0.0,0.0
121,8.0,1.0,0.0,2.0,3.0,0.0,5084.155,506.327,95.305,30.336,30.258,8.838,0.0,0.0
122,8.0,1.0,0.0,3.0,4.0,0.0,4885.293,557.439,-23.049,30.433,30.322,8.862,0.0,0.0
123,8.0,1.0,0.0,4.0,5.0,0.0,5170.265,803.954,-9.95,31.771,31.583,8.981,0.0,0.0
124,8.0,1.0,0.0,5.0,6.0,0.0,4812.849,825.318,-0.715,30.994,30.336,8.86,0.0,0.0
125,9.0,1.0,0.0,0.0,0.0,0.0,5716.515,455.584,106.965,31.033,30.81,8.933,0.0,0.0
126,9.0,1.0,0.0,1.0,2.0,0.0,5537.159,500.278,76.411,30.18,29.994,8.777,0.0,0.0
127,9.0,1.0,0.0,2.0,3.0,0.0,5770.813,544.263,91.545,32.156,28.655,8.686,0.0,0.0
128,9.0,1.0,0.0,3.0,4.0,0.0,5484.448,582.737,92.948,30.49,30.387,8.879,0.0,0.0
129,9.0,1.0,0.0,4.0,5.0,0.0,5376.972,600.88,67.362,9.011,8.265,4.652,0.0,0.0
131,0.0,2.0,0.0,0.0,0.0,0.0,450.316,841.012,103.089,30.981,30.718,8.913,0.0,0.0
132,0.0,2.0,0.0,1.0,1.0,0.0,463.792,919.506,91.342,30.746,30.641,8.868,0.0,0.0
133,0.0,2.0,0.0,2.0,2.0,0.0,574.757,931.025,120.432,31.085,31.037,8.974,0.0,0.0
134,0.0,2.0,0.0,3.0,3.0,0.0,36.062,938.134,33.948,30.819,30.732,8.891,0.0,0.0
135,0.0,2.0,0.0,4.0,4.0,0.0,297.825,968.512,25.173,30.726,30.642,8.865,0.0,0.0
137,0.0,2.0,0.0,6.0,5.0,0.0,129.12,971.29,-36.014,30.982,30.724,9.577,0.0,0.0
138,0.0,2.0,0.0,7.0,6.0,0.0,325.703,985.146,28.613,30.766,30.677,8.876,0.0,0.0
139,0.0,2.0,0.0,8.0,7.0,0.0,422.217,1211.902,-42.59,31.173,31.026,8.9,0.0,0.0
141,1.0,2.0,0.0,1.0,1.0,0.0,920.11,872.752,130.872,30.605,30.516,8.915,0.0,0.0
142,1.0,2.0,0.0,2.0,2.0,0.0,850.971,921.17,-33.091,30.504,30.288,8.867,0.0,0.0
143,1.0,2.0,0.0,3.0,4.0,0.0,645.942,951.622,20.97,30.824,30.754,8.895,0.0,0.0
144,1.0,2.0,0.0,4.0,5.0,0.0,663.123,1012.819,4.98,31.086,31.06,8.977,0.0,0.0
145,1.0,2.0,0.0,5.0,6.0,0.0,788.902,1128.969,81.495,30.545,30.37,8.885,0.0,0.0
147,2.0,2.0,0.0,1.0,2.0,0.0,1361.03,906.489,59.396,30.526,30.343,8.878,0.0,0.0
148,2.0,2.0,0.0,2.0,3.0,0.0,1525.864,962.617,36.057,30.963,30.835,8.927,0.0,0.0
149,2.0,2.0,0.0,3.0,4.0,0.0,1709.62,1160.157,-33.232,31.01,30.892,8.942,0.0,0.0
150,2.0,2.0,0.0,4.0,5.0,0.0,1173.805,1196.949,-21.931,31.341,31.084,8.932,0.0,0.0
152,3.0,2.0,0.0,0.0,1.0,0.0,1796.859,880.664,56.375,30.597,30.386,8.895,0.0,0.0
153,3.0,2.0,0.0,1.0,3.0,0.0,2011.83,962.831,54.202,30.716,30.509,8.844,0.0,0.0
154,3.0,2.0,0.0,2.0,4.0,0.0,2294.387,1044.152,134.05,31.077,30.997,8.967,0.0,0.0
155,3.0,2.0,0.0,3.0,5.0,0.0,2108.568,1095.796,-29.306,30.716,30.64,8.863,0.0,0.0
156,3.0,2.0,0.0,4.0,6.0,0.0,1977.741,1103.35,3.087,30.491,30.394,8.881,0.0,0.0
157,3.0,2.0,0.0,5.0,7.0,0.0,1988.964,1207.198,100.856,30.735,30.625,8.864,0.0,0.0
158,3.0,2.0,0.0,6.0,8.0,0.0,2261.175,1234.618,-2.959,32.205,29.167,8.782,0.0,0.0
159,4.0,2.0,0.0,0.0,2.0,0.0,2830.594,1003.684,38.738,30.953,30.814,8.922,0.0,0.0
160,4.0,2.0,0.0,1.0,3.0,0.0,2697.549,1009.867,18.337,30.594,30.426,8.814,0.0,0.0
161,4.0,2.0,0.0,2.0,4.0,0.0,2547.649,1017.747,116.049,30.933,30.567,8.884,0.0,0.0
162,4.0,2.0,0.0,3.0,6.0,0.0,2789.885,1128.726,27.528,31.548,31.266,8.988,0.0,0.0
164,4.0,2.0,0.0,5.0,8.0,0.0,2876.32,1136.992,1.67,31.749,31.525,9.054,0.0,0.0
165,4.0,2.0,0.0,6.0,9.0,0.0,2519.645,1155.327,68.79,30.646,30.584,8.931,0.0,0.0
166,4.0,2.0,0.0,7.0,10.0,0.0,2413.544,1168.638,-19.613,30.872,30.81,8.91,0.0,0.0
167,5.0,2.0,0.0,0.0,1.0,0.0,3048.911,847.099,45.391,30.554,30.381,8.888,0.0,0.0
168,5.0,2.0,0.0,1.0,3.0,0.0,3280.612,913.097,58.039,30.593,30.39,8.895,0.0,0.0
169,5.0,2.0,0.0,2.0,4.0,0.0,3330.653,999.524,113.514,30.831,30.633,8.879,0.0,0.0
170,5.0,2.0,0.0,3.0,5.0,0.0,2906.612,1000.44,9.381,30.686,30.555,8.933,0.0,0.0
173,5.0,2.0,0.0,6.0,9.0,0.0,3086.358,1068.398,105.266,30.385,30.273,8.848,0.0,0.0
174,5.0,2.0,0.0,7.0,11.0,0.0,3300.6,1164.694,14.504,30.68,30.533,8.842,0.0,0.0
175,5.0,2.0,0.0,8.0,12.0,0.0,3082.386,1188.898,26.75,30.772,30.613,8.954,0.0,0.0
176,5.0,2.0,0.0,9.0,13.0,0.0,3177.242,1200.185,-40.825,31.238,31.161,9.014,0.0,0.0
178,6.0,2.0,0.0,1.0,2.0,0.0,3484.307,863.684,57.256,30.511,30.316,8.872,0.0,0.0
179,6.0,2.0,0.0,2.0,3.0,0.0,3894.477,879.021,-5.399,30.553,30.329,8.881,0.0,0.0
180,6.0,2.0,0.0,3.0,4.0,0.0,3478.077,1016.291,50.67,30.97,30.777,8.92,0.0,0.0
181,6.0,2.0,0.0,4.0,5.0,0.0,3530.36,1100.913,47.919,30.725,30.563,8.94,0.0,0.0
182,6.0,2.0,0.0,5.0,6.0,0.0,3929.747,1155.72,114.754,32.126,30.895,8.856,0.0,0.0
184,7.0,2.0,0.0,0.0,1.0,0.0,4561.519,932.503,56.861,30.536,30.52,8.906,0.0,0.0
185,7.0,2.0,0.0,1.0,2.0,0.0,4523.162,1062.118,-44.39,31.325,30.819,9.747,0.0,0.0
186,7.0,2.0,0.0,2.0,3.0,0.0,4300.216,1078.56,79.933,30.256,30.109,8.805,0.0,0.0
189,8.0,2.0,0.0,0.0,2.0,0.0,4720.578,846.925,36.485,30.402,30.348,8.861,0.0,0.0
190,8.0,2.0,0.0,1.0,3.0,0.0,4701.239,1001.709,23.176,30.513,30.415,8.887,0.0,0.0
191,8.0,2.0,0.0,2.0,5.0,0.0,4659.403,1169.894,44.922,30.905,30.775,8.91,0.0,0.0
193,9.0,2.0,0.0,1.0,1.0,0.0,5674.6,939.49,3.779,30.553,30.518,8.908,0.0,0.0
194,9.0,2.0,0.0,2.0,2.0,0.0,5637.402,976.917,-33.18,30.583,30.449,8.902,0.0,0.0
195,9.0,2.0,0.0,3.0,3.0,0.0,5515.843,981.156,62.133,30.439,30.254,8.853,0.0,0.0
196,9.0,2.0,0.0,4.0,4.0,0.0,5697.471,1055.718,128.491,31.077,30.488,9.999,0.0,0.0
197,9.0,2.0,0.0,5.0,4.0,0.0,5714.995,1040.393,50.919,30.914,30.582,9.895,0.0,0.0
198,9.0,2.0,0.0,6.0,5.0,0.0,5362.799,1044.628,65.208,30.098,30.02,8.769,0.0,0.0
199,9.0,2.0,0.0,7.0,6.0,0.0,5645.513,1061.297,-0.451,30.503,30.251,8.862,0.0,0.0
200,0.0,3.0,0.0,0.0,0.0,0.0,375.286,1240.316,82.305,30.82,30.574,8.868,0.0,0.0
201,0.0,3.0,0.0,1.0,1.0,0.0,80.801,1287.831,48.971,30.456,30.142,8.839,0.0,0.0
202,0.0,3.0,0.0,2.0,2.0,0.0,351.272,1304.653,91.997,30.794,30.691,8.882,0.0,0.0
203,0.0,3.0,0.0,3.0,3.0,0.0,487.802,1387.141,126.916,30.809,30.722,8.888,0.0,0.0
204,0.0,3.0,0.0,4.0,4.0,0.0,545.227,1396.899,60.189,30.95,30.946,8.941,0.0,0.0
205,0.0,3.0,0.0,5.0,5.0,0.0,159.037,1415.768,53.286,30.331,30.123,8.818,0.0,0.0
206,0.0,3.0,0.0,6.0,6.0,0.0,278.444,1517.54,42.184,31.013,30.798,8.929,0.0,0.0
207,0.0,3.0,0.0,7.0,7.0,0.0,322.928,1556.97,-2.963,31.036,30.847,8.939,0.0,0.0
208,0.0,3.0,0.0,8.0,8.0,0.0,361.881,1640.109,64.483,31.148,31.113,8.994,0.0,0.0
209,1.0,3.0,0.0,0.0,1.0,0.0,669.37,1279.37,34.384,30.391,30.335,8.858,0.0,0.0
210,1.0,3.0,0.0,1.0,2.0,0.0,745.894,1324.263,16.208,30.798,30.652,8.877,0.0,0.0
211,1.0,3.0,0.0,2.0,3.0,0.0,1127.519,1427.453,2.754,31.026,30.799,8.931,0.0,0.0
212,1.0,3.0,0.0,3.0,4.0,0.0,649.14,1575.142,-6.434,30.852,30.681,8.889,0.0,0.0
213,1.0,3.0,0.0,4.0,5.0,0.0,963.1,1639.874,64.286,31.635,31.467,9.029,0.0,0.0
214,2.0,3.0,0.0,0.0,1.0,0.0,1220.114,1256.524,38.885,30.866,30.476,8.861,0.0,0.0
215,2.0,3.0,0.0,1.0,2.0,0.0,1464.694,1337.576,107.244,30.528,30.396,8.886,0.0,0.0
216,2.0,3.0,0.0,2.0,3.0,0.0,1462.705,1388.381,43.521,30.947,30.828,8.924,0.0,0.0
217,2.0,3.0,0.0,3.0,4.0,0.0,1383.955,1420.463,50.573,30.917,30.773,8.911,0.0,0.0
218,2.0,3.0,0.0,4.0,5.0,0.0,1493.884,1453.153,70.508,30.837,30.715,8.891,0.0,0.0
219,2.0,3.0,0.0,5.0,7.0,0.0,1677.168,1538.933,99.774,31.543,31.452,9.014,0.0,0.0
220,2.0,3.0,0.0,6.0,8.0,0.0,1407.075,1568.099,41.627,31.142,30.963,8.971,0.0,0.0
221,2.0,3.0,0.0,7.0,9.0,0.0,1671.738,1624.749,90.791,30.943,30.846,8.841,0.0,0.0
222,3.0,3.0,0.0,0.0,1.0,0.0,1978.496,1356.745,61.651,30.533,30.311,8.874,0.0,0.0
223,3.0,3.0,0.0,1.0,2.0,0.0,2081.479,1446.662,53.271,30.389,30.219,8.84,0.0,0.0
224,3.0,3.0,0.0,2.0,3.0,0.0,2144.965,1602.967,58.817,30.911,30.723,8.903,0.0,0.0
225,3.0,3.0,0.0,3.0,4.0,0.0,2239.255,1611.015,25.47,31.141,31.044,8.983,0.0,0.0
226,4.0,3.0,0.0,0.0,0.0,0.0,2486.162,1635.51,-11.941,30.831,30.648,8.881,0.0,0.0
228,5.0,3.0,0.0,0.0,1.0,0.0,3206.45,1335.618,66.46,30.851,30.706,8.892,0.0,0.0
229,5.0,3.0,0.0,1.0,2.0,0.0,2922.231,1358.858,47.808,30.854,30.579,8.874,0.0,0.0
230,5.0,3.0,0.0,2.0,3.0,0.0,2935.14,1443.851,34.109,30.558,30.416,8.808,0.0,0.0
232,5.0,3.0,0.0,4.0,5.0,0.0,3362.31,1542.327,-32.875,30.853,30.793,8.905,0.0,0.0
233,5.0,3.0,0.0,5.0,6.0,0.0,3325.264,1575.45,-38.918,30.853,30.596,8.963,0.0,0.0
234,6.0,3.0,0.0,0.0,0.0,0.0,3920.27,1334.345,102.487,30.5,30.381,8.88,0.0,0.0
237,6.0,3.0,0.0,3.0,3.0,0.0,3597.42,1574.658,18.829,30.415,30.193,8.841,0.0,0.0
240,7.0,3.0,0.0,2.0,1.0,0.0,4500.372,1348.647,72.21,30.503,30.449,8.891,0.0,0.0
241,7.0,3.0,0.0,3.0,2.0,0.0,4512.867,1420.987,-19.892,30.604,30.49,8.911,0.0,0.0
242,7.0,3.0,0.0,4.0,3.0,0.0,4261.286,1437.671,57.517,30.22,29.965,8.866,0.0,0.0
243,7.0,3.0,0.0,5.0,4.0,0.0,4547.238,1499.777,-15.171,30.832,30.83,8.907,0.0,0.0
246,8.0,3.0,0.0,1.0,1.0,0.0,4718.994,1460.718,69.747,30.227,30.145,8.893,0.0,0.0
247,8.0,3.0,0.0,2.0,2.0,0.0,5006.381,1540.461,44.224,30.721,30.636,8.863,0.0,0.0
248,8.0,3.0,0.0,3.0,3.0,0.0,4861.764,1603.887,82.869,30.516,30.486,8.898,0.0,0.0
249,8.0,3.0,0.0,4.0,4.0,0.0,5145.979,1624.802,45.548,31.601,31.319,9.003,0.0,0.0
251,9.0,3.0,0.0,1.0,1.0,0.0,5399.144,1262.391,-0.143,30.226,30.08,8.796,0.0,0.0
252,9.0,3.0,0.0,2.0,2.0,0.0,5564.532,1354.024,-15.262,30.459,30.426,8.881,0.0,0.0
253,9.0,3.0,0.0,3.0,3.0,0.0,5533.789,1399.848,59.094,30.209,30.002,8.783,0.0,0.0
254,9.0,3.0,0.0,4.0,5.0,0.0,5454.884,1537.946,96.375,30.713,30.677,8.868,0.0,0.0
257,0.0,4.0,0.0,0.0,1.0,0.0,239.91,1699.187,61.192,30.58,30.464,8.904,0.0,0.0
259,0.0,4.0,0.0,2.0,3.0,0.0,375.882,1802.196,13.82,31.083,30.993,8.967,0.0,0.0
260,0.0,4.0,0.0,3.0,4.0,0.0,557.777,1834.686,-12.53,31.131,30.948,8.968,0.0,0.0
261,0.0,4.0,0.0,4.0,5.0,0.0,101.596,1936.52,5.884,30.736,30.543,8.852,0.0,0.0
262,0.0,4.0,0.0,5.0,6.0,0.0,315.631,1961.319,28.507,31.079,30.684,8.921,0.0,0.0
264,0.0,4.0,0.0,7.0,8.0,0.0,265.318,2043.895,-28.196,31.03,31.001,8.961,0.0,0.0
265,1.0,4.0,0.0,0.0,1.0,0.0,707.236,1652.399,55.935,30.907,30.652,8.892,0.0,0.0
266,1.0,4.0,0.0,1.0,2.0,0.0,863.831,1707.627,51.507,30.147,30.052,8.781,0.0,0.0
267,1.0,4.0,0.0,2.0,3.0,0.0,1046.81,1735.362,-42.619,30.939,30.79,8.917,0.0,0.0
269,1.0,4.0,0.0,4.0,5.0,0.0,838.649,1834.004,62.526,30.452,30.367,8.871,0.0,0.0
270,1.0,4.0,0.0,5.0,6.0,0.0,970.006,1883.419,43.431,30.662,30.539,8.927,0.0,0.0
271,1.0,4.0,0.0,6.0,7.0,0.0,1046.513,2012.252,82.045,31.332,31.113,8.935,0.0,0.0
272,2.0,4.0,0.0,0.0,1.0,0.0,1430.699,1929.151,59.325,30.288,30.175,8.819,0.0,0.0
275,3.0,4.0,0.0,1.0,1.0,0.0,2012.451,1754.172,60.338,30.465,30.323,8.866,0.0,0.0
276,3.0,4.0,0.0,2.0,2.0,0.0,2057.474,1781.653,76.616,30.805,30.673,8.881,0.0,0.0
277,3.0,4.0,0.0,3.0,3.0,0.0,1869.721,1897.55,52.439,30.561,30.345,8.884,0.0,0.0
278,3.0,4.0,0.0,4.0,4.0,0.0,2262.294,1919.747,43.448,31.302,31.17,8.939,0.0,0.0
279,3.0,4.0,0.0,5.0,5.0,0.0,1885.369,2043.235,37.057,30.829,30.692,9.772,0.0,0.0
280,4.0,4.0,0.0,0.0,2.0,0.0,2495.522,1761.649,36.826,30.052,29.869,8.827,0.0,0.0
281,4.0,4.0,0.0,1.0,3.0,0.0,2614.715,1933.138,-22.063,30.783,30.664,8.963,0.0,0.0
282,5.0,4.0,0.0,0.0,2.0,0.0,3205.351,1687.254,35.767,30.731,30.637,8.865,0.0,0.0
283,5.0,4.0,0.0,1.0,3.0,0.0,3386.286,1803.079,-9.519,30.528,30.5,8.902,0.0,0.0
284,5.0,4.0,0.0,2.0,4.0,0.0,3423.308,1844.7,14.038,30.649,30.543,8.839,0.0,0.0
286,5.0,4.0,0.0,4.0,6.0,0.0,2939.459,1928.621,42.835,30.638,30.503,8.918,0.0,0.0
287,6.0,4.0,0.0,0.0,0.0,0.0,3550.904,1747.765,28.875,31.12,30.831,8.949,0.0,0.0
288,6.0,4.0,0.0,1.0,1.0,0.0,3996.995,1792.805,14.793,30.837,30.724,8.893,0.0,0.0
289,6.0,4.0,0.0,2.0,2.0,0.0,3811.85,1810.738,52.457,30.963,30.593,8.892,0.0,0.0
290,6.0,4.0,0.0,3.0,3.0,0.0,3616.876,1813.891,3.159,30.686,30.56,8.847,0.0,0.0
291,6.0,4.0,0.0,4.0,4.0,0.0,3551.956,1850.885,2.284,31.002,30.783,8.925,0.0,0.0
294,7.0,4.0,0.0,0.0,1.0,0.0,4292.582,1692.97,70.278,30.167,30.005,8.864,0.0,0.0
295,7.0,4.0,0.0,1.0,2.0,0.0,4075.975,1704.916,39.707,30.515,30.283,8.868,0.0,0.0
296,7.0,4.0,0.0,2.0,3.0,0.0,4183.827,1731.008,35.149,30.329,30.279,8.84,0.0,0.0
297,7.0,4.0,0.0,3.0,4.0,0.0,4301.478,1753.315,41.931,30.358,30.269,8.843,0.0,0.0
298,7.0,4.0,0.0,4.0,5.0,0.0,4069.44,1984.056,7.706,30.643,30.453,8.912,0.0,0.0
299,7.0,4.0,0.0,5.0,6.0,0.0,4249.037,1994.101,-35.848,31.09,31.014,8.971,0.0,0.0
300,7.0,4.0,0.0,6.0,7.0,0.0,4430.95,2051.3,-3.403,31.515,27.896,8.578,0.0,0.0
301,8.0,4.0,0.0,0.0,1.0,0.0,5179.61,1669.731,-29.305,31.081,30.929,8.958,0.0,0.0
303,8.0,4.0,0.0,2.0,3.0,0.0,4892.366,2016.83,-36.353,30.545,30.473,8.9,0.0,0.0
304,9.0,4.0,0.0,0.0,3.0,0.0,5553.387,1973.769,79.027,30.48,30.208,8.852,0.0,0.0
305,9.0,4.0,0.0,1.0,4.0,0.0,5556.834,2030.998,83.435,31.131,30.99,8.973,0.0,0.0
306,9.0,4.0,0.0,2.0,5.0,0.0,5659.321,2031.587,18.606,31.156,31.068,8.988,0.0,0.0
307,9.0,4.0,0.0,3.0,6.0,0.0,5204.075,2041.195,48.101,31.225,31.067,8.998,0.0,0.0
308,0.0,5.0,0.0,0.0,1.0,0.0,578.559,2064.688,121.407,31.102,30.878,8.953,0.0,0.0
309,0.0,5.0,0.0,1.0,2.0,0.0,320.049,2079.355,71.131,30.824,30.584,8.871,0.0,0.0
311,0.0,5.0,0.0,3.0,4.0,0.0,320.206,2197.047,62.76,30.476,30.343,8.871,0.0,0.0
316,1.0,5.0,0.0,3.0,3.0,0.0,676.971,2276.735,76.579,30.473,30.22,8.853,0.0,0.0
317,1.0,5.0,0.0,4.0,4.0,0.0,644.564,2323.134,7.527,30.912,30.856,8.923,0.0,0.0
318,1.0,5.0,0.0,5.0,5.0,0.0,903.303,2347.892,-38.735,30.337,30.263,8.839,0.0,0.0
321,1.0,5.0,0.0,8.0,8.0,0.0,945.897,2434.293,30.496,30.811,30.71,8.887,0.0,0.0
322,1.0,5.0,0.0,9.0,9.0,0.0,1028.65,2454.372,112.426,31.444,31.36,8.986,0.0,0.0
323,2.0,5.0,0.0,0.0,0.0,0.0,1708.722,2088.762,-27.827,31.034,30.741,8.924,0.0,0.0
324,2.0,5.0,0.0,1.0,1.0,0.0,1572.41,2130.86,121.55,30.919,30.846,8.922,0.0,0.0
326,2.0,5.0,0.0,3.0,6.0,0.0,1384.104,2243.199,40.439,30.923,30.789,8.914,0.0,0.0
329,3.0,5.0,0.0,0.0,1.0,0.0,1971.369,2138.481,68.241,30.652,30.533,8.838,0.0,0.0
330,3.0,5.0,0.0,1.0,3.0,0.0,1901.187,2283.234,-16.48,30.512,30.344,8.877,0.0,0.0
331,3.0,5.0,0.0,2.0,4.0,0.0,2048.722,2393.238,50.757,31.302,31.09,8.927,0.0,0.0
332,4.0,5.0,0.0,0.0,0.0,0.0,2838.669,2058.585,120.334,30.942,30.692,8.903,0.0,0.0
333,4.0,5.0,0.0,1.0,1.0,0.0,2352.616,2192.56,29.238,30.601,30.522,8.916,0.0,0.0
334,4.0,5.0,0.0,2.0,3.0,0.0,2637.888,2261.705,-13.353,30.369,30.22,8.838,0.0,0.0
335,5.0,5.0,0.0,0.0,0.0,0.0,3254.216,2078.444,86.489,30.422,30.329,8.861,0.0,0.0
336,5.0,5.0,0.0,1.0,1.0,0.0,3376.634,2106.039,-36.829,31.12,31.029,8.978,0.0,0.0
337,5.0,5.0,0.0,2.0,2.0,0.0,3028.65,2196.951,53.821,30.424,30.168,8.838,0.0,0.0
339,5.0,5.0,0.0,4.0,4.0,0.0,2954.453,2297.184,-39.685,30.247,30.109,8.804,0.0,0.0
340,5.0,5.0,0.0,5.0,5.0,0.0,3397.79,2321.995,22.792,30.704,30.593,8.854,0.0,0.0
342,5.0,5.0,0.0,7.0,7.0,0.0,3295.444,2428.346,24.953,30.911,30.836,8.92,0.0,0.0
344,6.0,5.0,0.0,1.0,1.0,0.0,3612.651,2138.045,75.179,30.797,30.624,8.873,0.0,0.0
345,6.0,5.0,0.0,2.0,2.0,0.0,3963.738,2160.427,18.407,30.585,30.549,8.917,0.0,0.0
346,6.0,5.0,0.0,3.0,4.0,0.0,3765.972,2171.117,45.514,29.93,29.657,8.778,0.0,0.0
347,6.0,5.0,0.0,4.0,5.0,0.0,3548.761,2176.98,42.94,30.692,30.504,8.926,0.0,0.0
348,6.0,5.0,0.0,5.0,6.0,0.0,3566.574,2286.471,-25.693,30.815,30.186,9.787,0.0,0.0
349,6.0,5.0,0.0,6.0,6.0,0.0,3588.617,2276.35,-22.829,30.228,30.08,9.806,0.0,0.0
350,7.0,5.0,0.0,0.0,1.0,0.0,4473.205,2151.404,55.263,31.023,30.969,8.955,0.0,0.0
351,7.0,5.0,0.0,1.0,2.0,0.0,4078.799,2180.083,12.383,30.353,29.833,8.779,0.0,0.0
352,7.0,5.0,0.0,2.0,4.0,0.0,4089.703,2381.858,5.068,30.753,30.673,8.873,0.0,0.0
353,8.0,5.0,0.0,0.0,1.0,0.0,5041.628,2115.686,127.808,30.527,30.488,8.9,0.0,0.0
354,8.0,5.0,0.0,1.0,2.0,0.0,5002.808,2135.365,128.218,30.645,30.12,8.617,0.0,0.0
355,8.0,5.0,0.0,2.0,3.0,0.0,4893.985,2166.142,68.336,30.173,30.019,8.78,0.0,0.0
356,8.0,5.0,0.0,3.0,4.0,0.0,4633.305,2310.244,47.711,30.191,29.982,8.777,0.0,0.0
357,9.0,5.0,0.0,0.0,3.0,0.0,5493.63,2264.638,64.626,30.353,30.22,8.835,0.0,0.0
359,9.0,5.0,0.0,2.0,5.0,0.0,5311.706,2408.943,125.063,30.4,30.375,8.865,0.0,0.0
360,0.0,6.0,0.0,0.0,0.0,0.0,529.231,2471.1,-38.437,30.472,30.338,8.87,0.0,0.0
361,0.0,6.0,0.0,1.0,1.0,0.0,76.458,2506.758,69.601,30.551,30.434,8.895,0.0,0.0
362,0.0,6.0,0.0,2.0,2.0,0.0,83.139,2736.076,23.307,30.453,30.308,8.863,0.0,0.0
363,0.0,6.0,0.0,3.0,3.0,0.0,295.999,2747.466,47.639,30.572,30.561,8.917,0.0,0.0
364,1.0,6.0,0.0,0.0,1.0,0.0,743.168,2498.397,63.634,30.624,29.87,9.825,0.0,0.0
365,1.0,6.0,0.0,1.0,1.0,0.0,742.021,2475.537,73.109,30.497,29.998,9.949,0.0,0.0
366,1.0,6.0,0.0,2.0,2.0,0.0,766.199,2612.664,13.773,30.122,30.008,8.858,0.0,0.0
367,1.0,6.0,0.0,3.0,3.0,0.0,1087.018,2613.052,53.587,30.319,30.229,8.832,0.0,0.0
368,1.0,6.0,0.0,4.0,4.0,0.0,984.54,2734.72,-15.61,30.286,30.212,8.824,0.0,0.0
369,1.0,6.0,0.0,5.0,5.0,0.0,704.406,2862.804,-0.577,31.094,31.019,8.973,0.0,0.0
370,1.0,6.0,0.0,6.0,6.0,0.0,663.827,2867.077,-2.369,31.356,28.042,8.57,0.0,0.0
371,2.0,6.0,0.0,0.0,0.0,0.0,1478.102,2464.291,88.401,30.59,30.371,8.892,0.0,0.0
372,2.0,6.0,0.0,1.0,1.0,0.0,1654.124,2515.07,-33.236,30.692,30.544,8.932,0.0,0.0
373,2.0,6.0,0.0,2.0,2.0,0.0,1554.931,2517.406,112.34,30.555,30.493,8.904,0.0,0.0
374,2.0,6.0,0.0,3.0,3.0,0.0,1723.15,2535.329,-19.16,31.15,30.906,8.879,0.0,0.0
375,2.0,6.0,0.0,4.0,4.0,0.0,1471.653,2536.19,80.947,30.707,30.654,8.864,0.0,0.0
376,2.0,6.0,0.0,5.0,5.0,0.0,1610.393,2600.935,132.517,30.936,30.798,8.918,0.0,0.0
377,2.0,6.0,0.0,6.0,6.0,0.0,1633.199,2643.601,27.025,30.735,30.479,8.842,0.0,0.0
378,2.0,6.0,0.0,7.0,7.0,0.0,1474.218,2701.747,1.909,30.377,30.243,8.842,0.0,0.0
382,3.0,6.0,0.0,1.0,2.0,0.0,1979.164,2688.828,47.487,30.538,30.379,8.885,0.0,0.0
383,3.0,6.0,0.0,2.0,3.0,0.0,2298.455,2689.876,-8.6,31.284,30.446,8.916,0.0,0.0
384,3.0,6.0,0.0,3.0,4.0,0.0,2008.773,2734.343,42.671,30.922,30.852,8.923,0.0,0.0
385,3.0,6.0,0.0,4.0,5.0,0.0,2038.188,2766.895,45.393,30.657,30.615,8.937,0.0,0.0
386,3.0,6.0,0.0,5.0,6.0,0.0,1971.182,2801.215,80.776,30.916,30.756,8.909,0.0,0.0
387,3.0,6.0,0.0,6.0,7.0,0.0,2278.326,2814.319,-29.388,31.523,31.287,9.752,0.0,0.0
388,3.0,6.0,0.0,7.0,8.0,0.0,2060.717,2816.368,-7.237,30.882,30.835,8.915,0.0,0.0
389,3.0,6.0,0.0,8.0,9.0,0.0,2220.721,2833.283,-20.045,30.892,30.747,9.793,0.0,0.0
390,3.0,6.0,0.0,9.0,10.0,0.0,2157.719,2855.081,14.494,31.37,31.223,8.956,0.0,0.0
391,4.0,6.0,0.0,0.0,0.0,0.0,2845.579,2501.603,-29.999,31.261,31.152,8.93,0.0,0.0
392,4.0,6.0,0.0,1.0,1.0,0.0,2810.474,2582.127,-44.928,30.862,30.768,8.903,0.0,0.0
393,4.0,6.0,0.0,2.0,3.0,0.0,2360.084,2754.876,-0.84,30.902,30.747,8.905,0.0,0.0
394,4.0,6.0,0.0,3.0,4.0,0.0,2670.825,2758.378,12.189,30.85,30.626,8.881,0.0,0.0
395,4.0,6.0,0.0,4.0,6.0,0.0,2408.944,2868.712,-1.566,33.274,25.194,8.407,0.0,0.0
396,5.0,6.0,0.0,0.0,0.0,0.0,3162.281,2546.605,55.421,30.808,30.382,8.839,0.0,0.0
397,5.0,6.0,0.0,1.0,1.0,0.0,3196.186,2574.842,58.357,30.433,30.318,8.861,0.0,0.0
398,5.0,6.0,0.0,2.0,2.0,0.0,2935.218,2697.546,65.118,30.557,30.4,8.891,0.0,0.0
399,5.0,6.0,0.0,3.0,3.0,0.0,2968.073,2741.191,6.863,30.865,30.78,8.905,0.0,0.0
400,6.0,6.0,0.0,0.0,0.0,0.0,3880.011,2632.562,29.305,30.678,30.526,8.841,0.0,0.0
401,6.0,6.0,0.0,1.0,1.0,0.0,3737.178,2705.803,31.315,30.861,30.706,8.894,0.0,0.0
402,6.0,6.0,0.0,2.0,2.0,0.0,3666.411,2779.509,-44.841,30.879,30.463,8.861,0.0,0.0
403,6.0,6.0,0.0,3.0,3.0,0.0,3763.459,2807.531,123.428,30.643,30.593,8.932,0.0,0.0
404,6.0,6.0,0.0,4.0,4.0,0.0,3863.481,2834.196,-27.681,30.974,30.867,8.933,0.0,0.0
406,7.0,6.0,0.0,0.0,0.0,0.0,4529.154,2487.946,128.522,30.919,30.785,8.913,0.0,0.0
407,7.0,6.0,0.0,1.0,1.0,0.0,4123.558,2749.082,-28.826,30.542,30.441,8.895,0.0,0.0
408,7.0,6.0,0.0,2.0,2.0,0.0,4615.547,2760.273,84.77,31.2,31.129,9.004,0.0,0.0
409,7.0,6.0,0.0,3.0,3.0,0.0,4241.031,2798.336,-41.256,30.352,30.163,8.827,0.0,0.0
410,8.0,6.0,0.0,0.0,0.0,0.0,5185.951,2560.408,-28.007,30.885,30.641,8.888,0.0,0.0
411,9.0,6.0,0.0,0.0,1.0,0.0,5319.567,2487.632,-24.252,30.801,30.729,8.888,0.0,0.0
412,9.0,6.0,0.0,1.0,3.0,0.0,5387.298,2505.184,37.676,30.265,30.083,8.802,0.0,0.0
413,9.0,6.0,0.0,2.0,5.0,0.0,5686.629,2654.032,-13.013,30.428,30.33,8.862,0.0,0.0
414,0.0,7.0,0.0,0.0,0.0,0.0,146.494,2912.131,41.191,30.447,30.185,8.844,0.0,0.0
415,0.0,7.0,0.0,1.0,1.0,0.0,294.022,2943.194,46.012,30.413,30.11,8.828,0.0,0.0
416,0.0,7.0,0.0,2.0,2.0,0.0,86.292,2969.143,44.871,30.654,30.358,8.899,0.0,0.0
417,0.0,7.0,0.0,3.0,4.0,0.0,515.262,3146.617,134.188,31.124,31.076,8.985,0.0,0.0
418,0.0,7.0,0.0,4.0,5.0,0.0,105.318,3254.285,-7.142,30.787,30.675,8.965,0.0,0.0
421,1.0,7.0,0.0,2.0,4.0,0.0,708.271,3069.138,32.177,30.364,30.217,8.836,0.0,0.0
422,1.0,7.0,0.0,3.0,5.0,0.0,872.103,3085.916,-11.999,30.635,30.52,8.834,0.0,0.0
423,1.0,7.0,0.0,4.0,6.0,0.0,748.459,3088.815,14.165,30.472,30.222,8.853,0.0,0.0
424,1.0,7.0,0.0,5.0,8.0,0.0,688.82,3187.35,-19.977,30.822,30.705,8.888,0.0,0.0
425,1.0,7.0,0.0,6.0,9.0,0.0,623.535,3239.664,51.74,31.295,30.83,8.974,0.0,0.0
426,2.0,7.0,0.0,0.0,0.0,0.0,1259.511,2878.285,19.929,31.138,30.969,8.972,0.0,0.0
427,2.0,7.0,0.0,1.0,1.0,0.0,1321.938,2943.462,-12.531,30.576,30.537,8.914,0.0,0.0
428,2.0,7.0,0.0,2.0,2.0,0.0,1399.805,2970.941,55.585,30.763,30.572,8.86,0.0,0.0
429,2.0,7.0,0.0,3.0,3.0,0.0,1636.229,3026.987,120.977,31.059,30.771,8.931,0.0,0.0
430,2.0,7.0,0.0,4.0,4.0,0.0,1310.487,3027.492,119.012,30.652,30.33,8.81,0.0,0.0
431,2.0,7.0,0.0,5.0,5.0,0.0,1632.656,3142.618,90.9,31.166,30.995,8.979,0.0,0.0
432,2.0,7.0,0.0,6.0,6.0,0.0,1485.842,3207.136,66.373,30.703,30.663,8.951,0.0,0.0
433,2.0,7.0,0.0,7.0,7.0,0.0,1402.846,3214.621,87.146,30.933,30.731,8.907,0.0,0.0
435,3.0,7.0,0.0,0.0,3.0,0.0,2238.941,3235.742,5.452,31.161,30.854,8.959,0.0,0.0
436,4.0,7.0,0.0,0.0,1.0,0.0,2375.297,2928.769,72.035,30.496,30.299,8.867,0.0,0.0
437,4.0,7.0,0.0,1.0,2.0,0.0,2608.618,2932.18,62.369,30.497,30.373,8.878,0.0,0.0
438,4.0,7.0,0.0,2.0,3.0,0.0,2521.979,3095.499,69.564,30.733,30.453,8.839,0.0,0.0
439,4.0,7.0,0.0,3.0,4.0,0.0,2782.892,3172.82,43.233,30.807,30.597,8.87,0.0,0.0
440,4.0,7.0,0.0,4.0,5.0,0.0,2333.416,3202.808,-6.67,31.223,31.075,8.999,0.0,0.0
441,4.0,7.0,0.0,5.0,6.0,0.0,2386.207,3214.299,51.725,30.973,30.612,8.896,0.0,0.0
442,5.0,7.0,0.0,0.0,0.0,0.0,3445.417,2940.573,-32.617,30.895,30.747,8.904,0.0,0.0
444,5.0,7.0,0.0,2.0,2.0,0.0,3443.807,3018.812,-16.232,30.579,30.345,8.887,0.0,0.0
445,5.0,7.0,0.0,3.0,3.0,0.0,3321.378,3061.702,-7.59,30.705,30.678,8.867,0.0,0.0
446,5.0,7.0,0.0,4.0,4.0,0.0,3323.46,3246.193,-5.868,31.305,31.138,8.935,0.0,0.0
447,5.0,7.0,0.0,5.0,5.0,0.0,3039.851,3251.902,5.988,30.908,30.767,8.909,0.0,0.0
449,6.0,7.0,0.0,1.0,3.0,0.0,3900.258,3005.722,113.132,30.508,30.455,8.892,0.0,0.0
450,6.0,7.0,0.0,2.0,4.0,0.0,3685.611,3011.461,68.015,30.292,30.147,8.816,0.0,0.0
452,6.0,7.0,0.0,4.0,6.0,0.0,3685.573,3105.621,-37.807,30.673,30.633,8.856,0.0,0.0
453,6.0,7.0,0.0,5.0,8.0,0.0,3724.158,3174.577,73.494,30.445,30.299,8.86,0.0,0.0
454,6.0,7.0,0.0,6.0,9.0,0.0,3694.222,3251.77,104.395,31.068,30.999,8.966,0.0,0.0
455,6.0,7.0,0.0,7.0,10.0,0.0,3742.856,3268.905,-19.452,30.855,30.781,8.904,0.0,0.0
456,6.0,7.0,0.0,8.0,11.0,0.0,3849.228,3274.152,-1.674,31.77,29.564,8.773,0.0,0.0
457,6.0,7.0,0.0,9.0,12.0,0.0,3966.583,3274.972,-3.874,31.215,28.503,8.625,0.0,0.0
459,7.0,7.0,0.0,1.0,1.0,0.0,4608.898,2978.586,-23.877,31.079,30.979,8.964,0.0,0.0
460,7.0,7.0,0.0,2.0,2.0,0.0,4280.997,3004.645,36.99,29.996,29.882,8.821,0.0,0.0
463,7.0,7.0,0.0,5.0,5.0,0.0,4185.364,3228.24,13.109,30.359,30.33,8.852,0.0,0.0
464,7.0,7.0,0.0,6.0,6.0,0.0,4466.858,3256.47,6.652,30.55,30.236,8.867,0.0,0.0
465,8.0,7.0,0.0,0.0,0.0,0.0,4884.075,2897.291,85.146,30.855,30.66,8.886,0.0,0.0
466,8.0,7.0,0.0,1.0,2.0,0.0,4889.202,3019.53,51.733,30.718,30.44,8.921,0.0,0.0
467,8.0,7.0,0.0,2.0,3.0,0.0,5021.373,3055.649,127.387,30.546,30.493,8.903,0.0,0.0
468,8.0,7.0,0.0,3.0,4.0,0.0,5154.521,3126.16,12.937,31.027,30.834,8.936,0.0,0.0
469,9.0,7.0,0.0,0.0,0.0,0.0,5469.611,2908.474,28.305,30.593,30.343,8.889,0.0,0.0
470,9.0,7.0,0.0,1.0,1.0,0.0,5709.513,2936.393,-37.634,30.735,30.576,8.857,0.0,0.0
471,9.0,7.0,0.0,2.0,2.0,0.0,5365.136,2947.201,47.844,30.374,30.054,8.814,0.0,0.0
473,9.0,7.0,0.0,4.0,4.0,0.0,5634.734,3014.822,4.197,30.285,30.135,8.813,0.0,0.0
474,9.0,7.0,0.0,5.0,5.0,0.0,5430.332,3113.393,92.096,30.229,30.123,8.803,0.0,0.0
475,9.0,7.0,0.0,6.0,6.0,0.0,5719.942,3116.034,70.55,30.803,30.738,8.89,0.0,0.0
476,9.0,7.0,0.0,7.0,7.0,0.0,5359.11,3129.121,66.823,30.266,30.031,8.795,0.0,0.0
477,9.0,7.0,0.0,8.0,8.0,0.0,5311.561,3244.41,83.885,30.94,30.807,8.919,0.0,0.0
479,0.0,8.0,0.0,1.0,3.0,0.0,426.33,3329.078,93.288,30.794,30.557,8.862,0.0,0.0
480,0.0,8.0,0.0,2.0,4.0,0.0,239.907,3372.736,99.253,30.319,30.127,8.817,0.0,0.0
481,0.0,8.0,0.0,3.0,5.0,0.0,527.349,3678.414,96.863,31.91,31.466,9.067,0.0,0.0
482,1.0,8.0,0.0,0.0,0.0,0.0,854.032,3416.246,61.189,30.187,29.986,8.777,0.0,0.0
483,1.0,8.0,0.0,1.0,1.0,0.0,898.184,3462.017,-4.48,30.595,30.066,8.678,0.0,0.0
484,1.0,8.0,0.0,2.0,2.0,0.0,1045.113,3484.488,8.983,30.548,30.454,8.898,0.0,0.0
485,1.0,8.0,0.0,3.0,4.0,0.0,799.212,3647.946,-0.579,30.713,30.578,8.854,0.0,0.0
486,2.0,8.0,0.0,0.0,1.0,0.0,1738.281,3287.027,92.197,31.718,29.29,8.802,0.0,0.0
487,2.0,8.0,0.0,1.0,2.0,0.0,1472.24,3394.944,59.076,30.392,30.125,8.827,0.0,0.0
489,2.0,8.0,0.0,3.0,4.0,0.0,1198.261,3490.649,-1.343,30.499,30.301,8.869,0.0,0.0
490,2.0,8.0,0.0,4.0,5.0,0.0,1391.865,3536.588,98.66,30.572,30.444,8.9,0.0,0.0
491,2.0,8.0,0.0,5.0,6.0,0.0,1188.569,3656.125,33.127,31.004,30.854,9.71,0.0,0.0
492,2.0,8.0,0.0,6.0,6.0,0.0,1167.964,3640.532,40.426,30.768,30.606,9.745,0.0,0.0
493,3.0,8.0,0.0,0.0,1.0,0.0,1980.897,3376.695,87.943,30.434,30.135,8.835,0.0,0.0
495,3.0,8.0,0.0,2.0,3.0,0.0,2193.835,3491.145,-33.742,30.791,30.691,8.881,0.0,0.0
496,3.0,8.0,0.0,3.0,5.0,0.0,2290.893,3538.826,-2.27,31.38,31.309,8.97,0.0,0.0
498,3.0,8.0,0.0,5.0,7.0,0.0,2187.68,3618.441,12.03,31.119,30.961,8.968,0.0,0.0
499,4.0,8.0,0.0,0.0,0.0,0.0,2799.05,3296.632,123.804,31.2,30.939,8.976,0.0,0.0
500,4.0,8.0,0.0,1.0,1.0,0.0,2524.418,3305.239,73.867,30.276,29.934,8.783,0.0,0.0
501,4.0,8.0,0.0,2.0,3.0,0.0,2707.365,3459.102,44.254,30.38,30.234,8.841,0.0,0.0
502,4.0,8.0,0.0,3.0,4.0,0.0,2551.544,3479.128,41.469,30.587,30.275,8.877,0.0,0.0
507,5.0,8.0,0.0,1.0,2.0,0.0,3270.964,3489.71,70.053,30.56,30.468,8.902,0.0,0.0
508,5.0,8.0,0.0,2.0,3.0,0.0,3126.965,3499.653,-18.726,30.626,30.578,8.841,0.0,0.0
509,5.0,8.0,0.0,3.0,4.0,0.0,3356.355,3536.206,24.649,31.144,31.082,8.989,0.0,0.0
510,6.0,8.0,0.0,0.0,4.0,0.0,3765.374,3364.941,59.008,30.493,30.395,8.881,0.0,0.0
511,6.0,8.0,0.0,1.0,5.0,0.0,3584.628,3399.04,-2.735,30.338,30.083,8.813,0.0,0.0
512,6.0,8.0,0.0,2.0,6.0,0.0,4041.597,3414.486,94.746,30.621,29.772,8.807,0.0,0.0
513,6.0,8.0,0.0,3.0,7.0,0.0,3841.297,3528.522,-14.425,31.12,30.879,8.956,0.0,0.0
514,6.0,8.0,0.0,4.0,8.0,0.0,3569.87,3562.814,28.581,31.392,31.137,8.947,0.0,0.0
516,6.0,8.0,0.0,6.0,10.0,0.0,3675.231,3593.341,-4.07,30.639,30.346,8.895,0.0,0.0
517,7.0,8.0,0.0,0.0,1.0,0.0,4612.591,3403.214,-6.976,31.033,30.796,8.931,0.0,0.0
518,7.0,8.0,0.0,1.0,3.0,0.0,4147.428,3631.18,122.885,30.671,30.61,8.939,0.0,0.0
519,8.0,8.0,0.0,0.0,0.0,0.0,5025.142,3306.558,31.322,30.511,30.324,8.874,0.0,0.0
520,8.0,8.0,0.0,1.0,1.0,0.0,5073.762,3362.286,113.962,30.729,30.629,8.863,0.0,0.0
521,8.0,8.0,0.0,2.0,4.0,0.0,4740.932,3487.001,57.029,30.688,30.569,8.935,0.0,0.0
522,8.0,8.0,0.0,3.0,5.0,0.0,4927.227,3519.952,72.303,30.375,30.191,9.299,0.0,0.0
523,8.0,8.0,0.0,4.0,6.0,0.0,5156.402,3523.478,-20.633,31.036,30.837,8.938,0.0,0.0
524,9.0,8.0,0.0,0.0,0.0,0.0,5644.955,3314.017,93.625,30.562,30.426,8.896,0.0,0.0
526,9.0,8.0,0.0,2.0,2.0,0.0,5431.699,3335.534,103.468,30.689,30.593,8.852,0.0,0.0
527,9.0,8.0,0.0,3.0,3.0,0.0,5529.353,3379.542,28.462,30.262,29.734,9.025,0.0,0.0
528,9.0,8.0,0.0,4.0,4.0,0.0,5620.94,3383.895,2.951,12.095,11.815,5.57,0.0,0.0
529,9.0,8.0,0.0,5.0,5.0,0.0,5205.299,3399.546,35.545,30.502,30.422,8.887,0.0,0.0
530,9.0,8.0,0.0,6.0,6.0,0.0,5651.477,3395.472,116.045,11.561,11.357,5.476,0.0,0.0
531,9.0,8.0,0.0,7.0,7.0,0.0,5731.591,3414.223,47.371,30.784,30.681,8.879,0.0,0.0
532,9.0,8.0,0.0,8.0,8.0,0.0,5436.748,3473.882,70.407,31.045,30.447,8.881,0.0,0.0
533,9.0,8.0,0.0,9.0,9.0,0.0,5349.181,3521.146,37.566,30.629,30.429,8.82,0.0,0.0
534,9.0,8.0,0.0,10.0,10.0,0.0,5517.397,3673.692,50.692,30.559,30.428,8.896,0.0,0.0
535,0.0,9.0,0.0,0.0,1.0,0.0,334.637,3773.314,47.957,30.117,30.027,8.773,0.0,0.0
536,0.0,9.0,0.0,1.0,2.0,0.0,298.482,3793.14,56.316,30.758,30.542,8.855,0.0,0.0
537,0.0,9.0,0.0,2.0,3.0,0.0,310.304,3891.433,103.168,28.379,27.873,8.546,0.0,0.0
538,0.0,9.0,0.0,3.0,4.0,0.0,491.947,3894.325,29.968,30.549,29.703,8.703,0.0,0.0
541,1.0,9.0,0.0,1.0,1.0,0.0,604.4,3965.692,88.265,10.328,9.771,4.798,0.0,0.0
542,1.0,9.0,0.0,2.0,2.0,0.0,666.862,4000.734,29.141,13.124,12.8,5.758,0.0,0.0
543,1.0,9.0,0.0,3.0,3.0,0.0,607.272,4049.712,29.957,13.261,12.978,5.827,0.0,0.0
544,2.0,9.0,0.0,0.0,1.0,0.0,1330.801,3902.624,35.601,30.541,30.368,8.884,0.0,0.0
545,2.0,9.0,0.0,1.0,3.0,0.0,1614.008,3976.9,52.273,30.49,30.425,8.885,0.0,0.0
546,2.0,9.0,0.0,2.0,4.0,0.0,1403.765,4052.361,79.155,30.65,30.468,8.914,0.0,0.0
547,2.0,9.0,0.0,3.0,5.0,0.0,1681.778,4086.674,70.343,31.283,31.042,8.918,0.0,0.0
549,3.0,9.0,0.0,0.0,0.0,0.0,1865.905,3687.66,52.457,30.528,30.369,8.883,0.0,0.0
550,3.0,9.0,0.0,1.0,1.0,0.0,1866.8,3917.66,55.475,30.361,30.12,8.822,0.0,0.0
552,3.0,9.0,0.0,3.0,3.0,0.0,2140.752,3941.955,126.208,30.216,30.21,8.814,0.0,0.0
553,3.0,9.0,0.0,4.0,4.0,0.0,2206.522,3948.145,40.131,30.398,30.218,8.842,0.0,0.0
554,3.0,9.0,0.0,5.0,5.0,0.0,1926.414,4006.613,-31.775,30.653,30.575,8.931,0.0,0.0
555,3.0,9.0,0.0,6.0,6.0,0.0,2115.451,4091.737,-3.46,31.437,27.099,8.534,0.0,0.0
556,4.0,9.0,0.0,0.0,0.0,0.0,2850.059,3694.849,121.796,30.873,30.585,8.878,0.0,0.0
557,4.0,9.0,0.0,1.0,1.0,0.0,2708.59,3780.04,92.66,30.75,30.63,8.867,0.0,0.0
558,4.0,9.0,0.0,2.0,2.0,0.0,2370.774,3802.017,26.383,30.58,30.286,8.878,0.0,0.0
559,4.0,9.0,0.0,3.0,3.0,0.0,2384.358,3885.341,69.854,30.406,30.38,8.866,0.0,0.0
560,4.0,9.0,0.0,4.0,4.0,0.0,2480.889,4017.214,67.724,30.144,29.989,8.771,0.0,0.0
561,5.0,9.0,0.0,0.0,0.0,0.0,3320.748,3913.592,40.297,30.654,30.573,8.931,0.0,0.0
562,5.0,9.0,0.0,1.0,1.0,0.0,3125.948,3980.482,77.481,30.393,30.255,8.846,0.0,0.0
563,6.0,9.0,0.0,0.0,0.0,0.0,3786.566,3806.325,18.518,30.776,30.615,8.868,0.0,0.0
564,6.0,9.0,0.0,1.0,1.0,0.0,3917.158,3931.004,123.518,30.76,30.626,8.867,0.0,0.0
565,6.0,9.0,0.0,2.0,2.0,0.0,3719.411,3974.956,-9.351,30.729,30.661,8.868,0.0,0.0
566,6.0,9.0,0.0,3.0,3.0,0.0,3778.77,4061.204,16.657,30.754,30.688,8.875,0.0,0.0
567,7.0,9.0,0.0,0.0,0.0,0.0,4303.099,3700.669,90.341,30.781,30.523,8.856,0.0,0.0
569,7.0,9.0,0.0,2.0,3.0,0.0,4396.122,3858.559,32.214,30.424,30.222,8.846,0.0,0.0
570,7.0,9.0,0.0,3.0,4.0,0.0,4247.077,3897.966,64.599,30.551,30.39,8.889,0.0,0.0
571,7.0,9.0,0.0,4.0,5.0,0.0,4446.927,3909.824,61.368,30.418,30.165,8.837,0.0,0.0
572,7.0,9.0,0.0,5.0,6.0,0.0,4326.043,3983.671,29.361,31.025,30.843,8.937,0.0,0.0
573,8.0,9.0,0.0,0.0,1.0,0.0,5101.13,3908.573,45.578,30.509,30.17,8.851,0.0,0.0
574,8.0,9.0,0.0,1.0,2.0,0.0,5124.766,3935.531,61.436,31.269,31.153,9.017,0.0,0.0
576,8.0,9.0,0.0,3.0,4.0,0.0,4657.489,4003.021,43.939,31.413,31.236,8.964,0.0,0.0
577,8.0,9.0,0.0,4.0,5.0,0.0,4681.898,4037.71,18.751,30.723,30.547,8.937,0.0,0.0
578,9.0,9.0,0.0,0.0,1.0,0.0,5436.696,3767.526,4.509,30.789,30.729,8.887,0.0,0.0
579,9.0,9.0,0.0,1.0,2.0,0.0,5218.936,3769.435,29.998,30.671,30.042,8.856,0.0,0.0
581,0.0,10.0,0.0,1.0,1.0,0.0,323.975,4306.854,58.684,30.375,30.145,8.827,0.0,0.0
582,0.0,10.0,0.0,2.0,2.0,0.0,385.333,4313.727,-4.017,30.602,30.295,8.883,0.0,0.0
584,0.0,10.0,0.0,4.0,5.0,0.0,427.294,4360.044,2.182,30.438,30.337,8.865,0.0,0.0
585,0.0,10.0,0.0,5.0,6.0,0.0,496.528,4360.126,14.14,30.554,30.412,8.893,0.0,0.0
586,0.0,10.0,0.0,6.0,7.0,0.0,466.365,4406.059,27.976,31.014,30.849,8.936,0.0,0.0
587,0.0,10.0,0.0,7.0,8.0,0.0,81.428,4442.355,-2.807,30.787,30.642,8.874,0.0,0.0
588,1.0,10.0,0.0,0.0,0.0,0.0,627.544,4100.634,45.043,30.065,29.885,8.744,0.0,0.0
589,2.0,10.0,0.0,0.0,3.0,0.0,1210.739,4154.801,43.05,30.739,30.223,8.892,0.0,0.0
590,2.0,10.0,0.0,1.0,4.0,0.0,1366.844,4158.656,116.826,30.493,29.968,8.731,0.0,0.0
592,2.0,10.0,0.0,3.0,6.0,0.0,1267.289,4287.176,54.241,30.742,30.569,8.857,0.0,0.0
593,2.0,10.0,0.0,4.0,7.0,0.0,1441.65,4314.459,45.284,30.189,29.588,8.719,0.0,0.0
594,2.0,10.0,0.0,5.0,8.0,0.0,1341.678,4435.174,24.225,30.387,30.183,8.835,0.0,0.0
595,3.0,10.0,0.0,0.0,1.0,0.0,1763.748,4109.162,24.058,30.943,30.756,8.913,0.0,0.0
596,3.0,10.0,0.0,1.0,3.0,0.0,1997.159,4205.702,4.238,11.357,9.457,5.127,0.0,0.0
597,3.0,10.0,0.0,2.0,4.0,0.0,1981.131,4207.839,-10.492,12.021,11.191,5.56,0.0,0.0
598,3.0,10.0,0.0,3.0,5.0,0.0,1999.039,4288.587,60.662,17.588,17.403,6.655,0.0,0.0
599,3.0,10.0,0.0,4.0,6.0,0.0,2168.705,4300.114,-1.698,30.623,30.605,8.931,0.0,0.0
600,3.0,10.0,0.0,5.0,8.0,0.0,2013.083,4477.367,77.718,30.443,30.185,8.843,0.0,0.0
601,4.0,10.0,0.0,0.0,0.0,0.0,2790.364,4096.693,108.887,30.68,30.552,8.931,0.0,0.0
602,4.0,10.0,0.0,1.0,1.0,0.0,2658.701,4129.12,80.688,30.392,30.231,8.842,0.0,0.0
603,4.0,10.0,0.0,2.0,2.0,0.0,2327.591,4185.367,31.131,30.727,30.434,8.921,0.0,0.0
604,4.0,10.0,0.0,3.0,3.0,0.0,2596.68,4254.354,64.63,30.256,30.161,8.813,0.0,0.0
605,4.0,10.0,0.0,4.0,4.0,0.0,2474.248,4388.675,4.939,30.381,30.272,8.847,0.0,0.0
606,4.0,10.0,0.0,5.0,5.0,0.0,2537.108,4404.527,128.637,30.543,30.37,8.885,0.0,0.0
607,5.0,10.0,0.0,0.0,0.0,0.0,3353.351,4162.797,89.795,31.026,30.569,9.772,0.0,0.0
610,5.0,10.0,0.0,3.0,2.0,0.0,3427.197,4231.599,20.354,30.771,30.7,8.88,0.0,0.0
611,5.0,10.0,0.0,4.0,3.0,0.0,3255.389,4272.726,46.469,30.28,30.064,8.801,0.0,0.0
612,5.0,10.0,0.0,5.0,4.0,0.0,3356.568,4391.597,9.89,30.838,30.766,8.899,0.0,0.0
613,6.0,10.0,0.0,0.0,0.0,0.0,3639.365,4236.831,39.912,30.266,30.18,8.817,0.0,0.0
614,6.0,10.0,0.0,1.0,1.0,0.0,3683.742,4246.469,-2.477,30.479,30.292,8.864,0.0,0.0
615,6.0,10.0,0.0,2.0,2.0,0.0,3643.99,4369.786,69.981,30.163,29.978,8.859,0.0,0.0
616,6.0,10.0,0.0,3.0,3.0,0.0,3786.044,4457.692,22.129,30.686,30.54,8.844,0.0,0.0
617,6.0,10.0,0.0,4.0,4.0,0.0,3949.778,4491.156,107.616,30.937,30.844,8.924,0.0,0.0
618,7.0,10.0,0.0,0.0,0.0,0.0,4416.86,4154.559,69.75,30.572,30.516,8.91,0.0,0.0
619,7.0,10.0,0.0,1.0,1.0,0.0,4384.057,4160.236,78.488,30.585,30.489,8.908,0.0,0.0
620,7.0,10.0,0.0,2.0,2.0,0.0,4561.07,4281.515,27.137,31.277,31.235,9.03,0.0,0.0
621,7.0,10.0,0.0,3.0,3.0,0.0,4267.916,4340.634,16.331,30.423,30.25,8.85,0.0,0.0
622,7.0,10.0,0.0,4.0,4.0,0.0,4168.337,4353.479,68.554,30.686,30.514,8.841,0.0,0.0
623,8.0,10.0,0.0,0.0,0.0,0.0,4946.097,4130.287,74.822,30.426,30.033,8.818,0.0,0.0
624,8.0,10.0,0.0,1.0,1.0,0.0,4958.262,4211.133,65.364,30.867,30.68,8.89,0.0,0.0
625,8.0,10.0,0.0,2.0,2.0,0.0,5187.745,4265.913,128.656,30.673,30.531,8.927,0.0,0.0
626,8.0,10.0,0.0,3.0,3.0,0.0,4689.782,4274.404,89.421,30.837,30.703,8.89,0.0,0.0
627,8.0,10.0,0.0,4.0,4.0,0.0,4643.937,4329.156,25.448,30.876,30.591,8.879,0.0,0.0
628,8.0,10.0,0.0,5.0,6.0,0.0,4964.076,4335.613,62.28,30.696,30.582,8.852,0.0,0.0
629,8.0,10.0,0.0,6.0,7.0,0.0,5174.064,4363.19,38.867,30.891,30.71,8.899,0.0,0.0
632,9.0,10.0,0.0,0.0,0.0,0.0,5672.122,4122.262,133.004,30.477,30.382,8.877,0.0,0.0
634,9.0,10.0,0.0,2.0,2.0,0.0,5570.578,4187.165,81.442,30.594,30.436,8.902,0.0,0.0
635,9.0,10.0,0.0,3.0,3.0,0.0,5431.236,4195.257,63.472,30.172,30.033,8.782,0.0,0.0
641,0.0,11.0,0.0,3.0,3.0,0.0,108.163,4767.215,70.82,30.8,30.465,8.85,0.0,0.0
642,0.0,11.0,0.0,4.0,4.0,0.0,439.897,4797.818,24.632,30.717,30.632,8.949,0.0,0.0
643,0.0,11.0,0.0,5.0,5.0,0.0,62.749,4889.885,-34.403,30.827,30.776,8.899,0.0,0.0
644,1.0,11.0,0.0,0.0,1.0,0.0,767.071,4600.469,51.681,30.171,30.111,8.793,0.0,0.0
645,1.0,11.0,0.0,1.0,2.0,0.0,1078.536,4665.408,-38.6,30.67,30.619,8.94,0.0,0.0
647,1.0,11.0,0.0,3.0,4.0,0.0,928.687,4763.972,61.393,30.672,30.376,8.904,0.0,0.0
648,2.0,11.0,0.0,0.0,0.0,0.0,1169.511,4535.503,15.898,30.387,29.967,8.803,0.0,0.0
650,2.0,11.0,0.0,2.0,2.0,0.0,1717.851,4620.858,21.365,30.598,30.379,8.808,0.0,0.0
653,2.0,11.0,0.0,5.0,6.0,0.0,1339.91,4738.905,52.154,30.374,30.144,8.827,0.0,0.0
654,2.0,11.0,0.0,6.0,7.0,0.0,1675.826,4765.583,26.421,30.914,30.744,8.907,0.0,0.0
655,2.0,11.0,0.0,7.0,8.0,0.0,1556.007,4851.337,-34.005,30.679,30.62,8.941,0.0,0.0
656,2.0,11.0,0.0,8.0,9.0,0.0,1223.851,4885.308,-14.033,30.915,30.816,8.917,0.0,0.0
657,2.0,11.0,0.0,9.0,10.0,0.0,1325.138,4897.836,-24.307,30.925,30.735,8.907,0.0,0.0
658,2.0,11.0,0.0,10.0,11.0,0.0,1571.441,4904.88,-10.343,31.122,30.712,8.933,0.0,0.0
660,3.0,11.0,0.0,1.0,3.0,0.0,2294.822,4791.473,-31.83,30.811,30.543,8.863,0.0,0.0
661,3.0,11.0,0.0,2.0,4.0,0.0,2148.809,4840.875,90.636,30.655,30.635,8.94,0.0,0.0
662,4.0,11.0,0.0,0.0,0.0,0.0,2643.977,4510.121,56.972,30.231,30.225,8.818,0.0,0.0
663,4.0,11.0,0.0,1.0,1.0,0.0,2639.411,4603.838,18.473,30.243,30.132,8.806,0.0,0.0
664,4.0,11.0,0.0,2.0,2.0,0.0,2507.398,4610.569,39.936,30.042,29.873,8.826,0.0,0.0
668,4.0,11.0,0.0,6.0,6.0,0.0,2684.97,4731.785,43.324,30.176,29.806,8.836,0.0,0.0
669,4.0,11.0,0.0,7.0,7.0,0.0,2448.116,4759.327,2.953,30.198,29.803,9.751,0.0,0.0
670,4.0,11.0,0.0,8.0,7.0,0.0,2425.496,4750.162,-9.719,30.387,30.015,9.822,0.0,0.0
671,4.0,11.0,0.0,9.0,8.0,0.0,2644.582,4758.1,107.846,30.473,30.399,8.879,0.0,0.0
672,4.0,11.0,0.0,10.0,10.0,0.0,2439.733,4883.007,43.304,31.062,30.928,8.955,0.0,0.0
673,5.0,11.0,0.0,0.0,1.0,0.0,3052.519,4524.814,76.495,30.187,29.206,9.691,0.0,0.0
674,5.0,11.0,0.0,1.0,2.0,0.0,2960.811,4564.237,58.95,30.262,29.866,8.771,0.0,0.0
675,5.0,11.0,0.0,2.0,3.0,0.0,3444.611,4619.287,-16.268,30.439,30.222,8.848,0.0,0.0
676,5.0,11.0,0.0,3.0,5.0,0.0,3102.301,4659.633,50.876,30.882,29.917,9.99,0.0,0.0
677,5.0,11.0,0.0,4.0,8.0,0.0,3176.242,4774.549,58.258,30.612,30.366,8.894,0.0,0.0
679,6.0,11.0,0.0,1.0,3.0,0.0,4025.528,4671.466,88.368,30.526,30.48,8.812,0.0,0.0
680,6.0,11.0,0.0,2.0,4.0,0.0,3876.479,4732.473,15.254,30.315,30.22,8.83,0.0,0.0
681,6.0,11.0,0.0,3.0,5.0,0.0,3697.798,4745.124,-42.096,30.042,29.993,8.757,0.0,0.0
682,6.0,11.0,0.0,4.0,6.0,0.0,3667.083,4788.264,-6.382,30.463,30.322,8.866,0.0,0.0
683,6.0,11.0,0.0,5.0,7.0,0.0,4004.864,4810.415,-11.915,31.285,30.93,8.902,0.0,0.0
684,7.0,11.0,0.0,0.0,0.0,0.0,4432.453,4503.904,92.642,30.433,30.131,8.834,0.0,0.0
685,7.0,11.0,0.0,1.0,1.0,0.0,4095.488,4568.016,35.136,30.142,29.967,8.768,0.0,0.0
686,7.0,11.0,0.0,2.0,3.0,0.0,4510.011,4679.347,43.283,30.786,30.667,8.877,0.0,0.0
687,7.0,11.0,0.0,3.0,4.0,0.0,4175.287,4760.268,47.044,30.733,30.554,8.939,0.0,0.0
688,7.0,11.0,0.0,4.0,5.0,0.0,4435.096,4780.026,28.482,30.663,30.505,8.922,0.0,0.0
689,7.0,11.0,0.0,5.0,6.0,0.0,4547.534,4867.862,113.268,30.987,30.664,8.905,0.0,0.0
690,8.0,11.0,0.0,0.0,0.0,0.0,4731.799,4568.453,31.532,30.472,30.188,8.848,0.0,0.0
691,8.0,11.0,0.0,1.0,1.0,0.0,4652.443,4604.766,84.036,30.992,30.889,8.939,0.0,0.0
692,8.0,11.0,0.0,2.0,2.0,0.0,4846.257,4612.32,26.164,30.208,30.076,8.881,0.0,0.0
693,8.0,11.0,0.0,3.0,3.0,0.0,4772.544,4675.325,46.363,30.255,29.961,8.784,0.0,0.0
695,8.0,11.0,0.0,5.0,6.0,0.0,5009.202,4848.927,8.066,30.995,30.567,8.893,0.0,0.0
696,9.0,11.0,0.0,0.0,0.0,0.0,5588.532,4558.034,-7.692,30.744,30.618,8.864,0.0,0.0
697,9.0,11.0,0.0,1.0,1.0,0.0,5410.678,4561.596,19.553,30.281,30.199,8.822,0.0,0.0
699,9.0,11.0,0.0,3.0,3.0,0.0,5266.827,4598.889,33.085,30.474,30.196,8.85,0.0,0.0
702,0.0,12.0,0.0,1.0,2.0,0.0,381.355,5032.101,15.272,30.517,30.47,8.896,0.0,0.0
703,0.0,12.0,0.0,2.0,3.0,0.0,338.291,5053.191,32.495,30.418,30.276,8.853,0.0,0.0
704,0.0,12.0,0.0,3.0,4.0,0.0,534.995,5059.229,-31.959,30.764,30.699,8.879,0.0,0.0
705,0.0,12.0,0.0,4.0,6.0,0.0,463.231,5102.868,17.613,30.786,30.608,8.869,0.0,0.0
706,0.0,12.0,0.0,5.0,7.0,0.0,76.013,5119.162,88.766,30.526,30.476,8.898,0.0,0.0
707,0.0,12.0,0.0,6.0,8.0,0.0,238.085,5163.354,38.704,31.054,30.856,8.943,0.0,0.0
708,0.0,12.0,0.0,7.0,9.0,0.0,74.324,5172.385,28.764,30.377,30.193,8.835,0.0,0.0
710,0.0,12.0,0.0,9.0,11.0,0.0,428.651,5288.746,65.814,30.968,30.764,8.917,0.0,0.0
713,1.0,12.0,0.0,2.0,2.0,0.0,995.202,5064.268,117.839,30.672,30.541,8.842,0.0,0.0
714,1.0,12.0,0.0,3.0,3.0,0.0,611.602,5078.166,13.044,30.589,30.346,8.888,0.0,0.0
715,1.0,12.0,0.0,4.0,4.0,0.0,1020.935,5198.088,111.962,30.987,30.747,9.581,0.0,0.0
716,1.0,12.0,0.0,5.0,4.0,0.0,1033.458,5174.25,0.126,31.112,30.951,9.749,0.0,0.0
717,1.0,12.0,0.0,6.0,5.0,0.0,774.017,5174.609,6.303,30.283,30.25,8.83,0.0,0.0
718,1.0,12.0,0.0,7.0,6.0,0.0,1098.903,5229.807,-23.39,30.727,30.697,8.873,0.0,0.0
720,2.0,12.0,0.0,0.0,3.0,0.0,1425.056,4984.54,51.921,30.378,30.15,8.829,0.0,0.0
721,2.0,12.0,0.0,1.0,5.0,0.0,1448.686,5166.74,46.28,30.625,30.373,8.811,0.0,0.0
722,2.0,12.0,0.0,2.0,6.0,0.0,1534.755,5214.002,86.724,30.826,30.605,8.874,0.0,0.0
723,3.0,12.0,0.0,0.0,1.0,0.0,1874.664,5081.859,49.663,30.728,30.573,8.855,0.0,0.0
724,3.0,12.0,0.0,1.0,2.0,0.0,1855.783,5239.414,-31.697,30.773,30.717,8.882,0.0,0.0
725,3.0,12.0,0.0,2.0,3.0,0.0,2007.055,5249.489,87.575,30.486,30.432,8.886,0.0,0.0
728,4.0,12.0,0.0,0.0,2.0,0.0,2394.198,4928.88,96.757,30.366,30.241,8.84,0.0,0.0
729,4.0,12.0,0.0,1.0,3.0,0.0,2725.286,4960.359,24.775,31.003,30.873,8.938,0.0,0.0
730,4.0,12.0,0.0,2.0,4.0,0.0,2809.491,4980.882,29.365,30.57,30.26,8.873,0.0,0.0
731,4.0,12.0,0.0,3.0,5.0,0.0,2502.902,5021.99,39.422,30.727,30.212,8.803,0.0,0.0
733,4.0,12.0,0.0,5.0,7.0,0.0,2569.827,5149.386,18.638,29.936,29.456,8.749,0.0,0.0
734,4.0,12.0,0.0,6.0,8.0,0.0,2472.187,5178.711,1.268,30.842,30.756,8.898,0.0,0.0
735,4.0,12.0,0.0,7.0,9.0,0.0,2698.019,5235.075,78.84,30.651,30.446,8.911,0.0,0.0
736,4.0,12.0,0.0,8.0,10.0,0.0,2575.635,5280.266,114.65,30.971,30.869,8.933,0.0,0.0
737,5.0,12.0,0.0,0.0,0.0,0.0,2901.756,4916.008,28.859,30.403,30.19,8.839,0.0,0.0
738,5.0,12.0,0.0,1.0,1.0,0.0,3291.845,4935.91,107.778,30.458,30.332,8.867,0.0,0.0
739,5.0,12.0,0.0,2.0,2.0,0.0,2994.333,4985.165,38.334,30.555,30.285,8.874,0.0,0.0
742,5.0,12.0,0.0,5.0,6.0,0.0,3336.03,5244.519,50.791,30.862,30.787,8.905,0.0,0.0
743,5.0,12.0,0.0,6.0,7.0,0.0,3385.663,5276.664,-11.132,31.117,31.017,8.976,0.0,0.0
744,6.0,12.0,0.0,0.0,0.0,0.0,3637.431,4944.945,90.559,30.656,30.552,8.928,0.0,0.0
745,6.0,12.0,0.0,1.0,1.0,0.0,3830.659,5224.361,76.298,30.958,30.734,8.911,0.0,0.0
746,6.0,12.0,0.0,2.0,2.0,0.0,3967.003,5315.154,-3.33,31.673,28.24,8.566,0.0,0.0
747,7.0,12.0,0.0,0.0,0.0,0.0,4554.728,4919.629,-25.592,30.669,30.574,8.933,0.0,0.0
748,7.0,12.0,0.0,1.0,1.0,0.0,4511.415,4960.119,112.073,30.716,30.603,8.944,0.0,0.0
749,7.0,12.0,0.0,2.0,2.0,0.0,4403.859,4970.264,-31.711,30.48,30.378,8.877,0.0,0.0
750,7.0,12.0,0.0,3.0,3.0,0.0,4123.503,5100.644,54.763,30.86,30.545,8.87,0.0,0.0
752,7.0,12.0,0.0,5.0,5.0,0.0,4410.964,5208.657,12.549,30.405,30.167,8.835,0.0,0.0
754,7.0,12.0,0.0,7.0,9.0,0.0,4126.468,5271.607,31.954,30.929,30.843,8.923,0.0,0.0
755,8.0,12.0,0.0,0.0,0.0,0.0,4733.73,5017.047,37.344,30.242,30.131,8.806,0.0,0.0
757,8.0,12.0,0.0,2.0,4.0,0.0,5006.561,5241.827,70.179,30.933,30.888,8.93,0.0,0.0
758,8.0,12.0,0.0,3.0,5.0,0.0,4812.236,5264.651,106.582,30.527,30.376,8.883,0.0,0.0
759,8.0,12.0,0.0,4.0,6.0,0.0,4695.627,5300.271,-34.175,31.19,31.088,8.911,0.0,0.0
760,8.0,12.0,0.0,5.0,7.0,0.0,4888.357,5306.884,29.627,30.83,30.739,8.894,0.0,0.0
762,9.0,12.0,0.0,1.0,1.0,0.0,5272.444,5293.824,-34.535,30.722,30.576,8.941,0.0,0.0
763,0.0,0.0,0.0,0.0,0.0,0.0,299.186,381.532,84.743,31.889,30.475,26.283,4.0,
764,0.0,0.0,0.0,0.0,0.0,0.0,299.493,388.88,75.899,33.959,30.409,27.112,4.0,
765,0.0,8.0,0.0,0.0,0.0,0.0,494.809,3299.514,49.362,30.765,29.946,25.891,4.0,
766,0.0,8.0,0.0,0.0,0.0,0.0,487.871,3307.724,30.104,30.458,29.84,25.708,4.0,
767,1.0,7.0,0.0,0.0,0.0,0.0,842.186,3109.704,5.148,31.172,29.584,23.783,4.0,
768,1.0,7.0,0.0,0.0,0.0,0.0,825.661,3100.843,127.205,30.972,30.382,26.138,4.0,
769,2.0,3.0,0.0,0.0,0.0,0.0,1480.253,1549.173,24.384,30.449,29.957,25.697,4.0,
770,2.0,3.0,0.0,0.0,0.0,0.0,1491.812,1571.795,-38.18,31.03,30.398,26.147,4.0,
771,2.0,3.0,0.0,0.0,0.0,0.0,1547.418,1534.131,83.561,31.491,29.594,25.997,4.0,
772,2.0,5.0,0.0,0.0,0.0,0.0,1595.454,2172.843,20.892,30.664,29.796,25.769,4.0,
773,2.0,5.0,0.0,0.0,0.0,0.0,1605.097,2164.436,49.941,30.807,29.725,25.907,4.0,
775,2.0,9.0,0.0,0.0,0.0,0.0,1565.304,3866.424,71.558,31.248,30.315,26.075,4.0,
776,3.0,0.0,0.0,0.0,0.0,0.0,1927.651,372.994,58.538,31.269,30.95,26.445,4.0,
777,3.0,1.0,0.0,0.0,0.0,0.0,2165.18,597.171,33.006,31.669,30.167,26.383,4.0,
778,3.0,1.0,0.0,0.0,0.0,0.0,2169.899,584.828,-19.737,31.091,29.145,25.651,4.0,
779,3.0,5.0,0.0,0.0,0.0,0.0,1889.754,2068.513,24.377,31.863,30.26,26.407,4.0,
780,3.0,6.0,0.0,0.0,0.0,0.0,2211.851,2858.611,117.438,31.978,31.337,26.878,4.0,
781,3.0,6.0,0.0,0.0,0.0,0.0,2306.571,2815.816,5.86,31.58,30.611,26.316,4.0,
782,3.0,10.0,0.0,0.0,0.0,0.0,2094.421,4460.594,103.959,31.668,28.826,25.922,4.0,
783,4.0,8.0,0.0,0.0,0.0,0.0,2801.98,3500.33,-8.427,30.981,30.206,26.065,4.0,
785,5.0,0.0,0.0,0.0,0.0,0.0,3010.065,43.354,45.986,28.204,27.867,23.883,4.0,
786,5.0,0.0,0.0,0.0,0.0,0.0,2999.7,53.083,61.88,30.831,29.88,25.878,4.0,
787,5.0,0.0,0.0,0.0,0.0,0.0,2976.186,12.569,25.987,30.603,30.064,25.799,4.0,
788,5.0,2.0,0.0,0.0,0.0,0.0,3140.994,1047.915,50.908,30.935,27.913,25.508,4.0,
789,5.0,2.0,0.0,0.0,0.0,0.0,3136.878,1051.561,33.388,30.319,28.958,25.346,4.0,
790,5.0,11.0,0.0,0.0,0.0,0.0,3079.144,4518.679,69.885,30.323,29.497,25.508,4.0,
792,6.0,1.0,0.0,0.0,0.0,0.0,3859.42,466.329,131.876,31.689,30.901,26.652,4.0,
793,6.0,11.0,0.0,0.0,0.0,0.0,3914.85,4544.133,84.722,30.055,27.192,24.533,4.0,
794,8.0,8.0,0.0,0.0,0.0,0.0,4930.262,3548.731,110.325,30.744,29.64,25.786,4.0,
795,8.0,8.0,0.0,0.0,0.0,0.0,4944.541,3558.414,48.605,31.951,30.307,26.357,4.0,
</ResultDatas>,,,,,,,,,,,,,,
<ElementResult>,,,,,,,,,,,,,,
0,0.0,,,,,,,,,,,,,
1,0.0,,,,,,,,,,,,,
2,4.0,,,,,,,,,,,,,
3,10.0,,,,,,,,,,,,,
4,1.0,,,,,,,,,,,,,
5,631.0,,,,,,,,,,,,,
</ElementResult>,,,,,,,,,,,,,,
0,0.0,0.0,0.0,0.0,0.0,0.0,411.427,21.492,92.437,30.727,30.625,8.862,0.0,0.0
1,0.0,0.0,0.0,1.0,1.0,0.0,108.155,67.792,56.855,30.772,30.632,8.87,0.0,0.0
2,0.0,0.0,0.0,2.0,2.0,0.0,373.275,126.651,104.171,30.783,30.612,8.955,0.0,0.0
3,0.0,0.0,0.0,3.0,3.0,0.0,365.053,361.134,101.83,30.574,30.421,8.897,0.0,0.0
5,1.0,0.0,0.0,0.0,0.0,0.0,679.216,17.117,59.627,30.538,30.347,8.881,0.0,0.0
6,1.0,0.0,0.0,1.0,2.0,0.0,734.31,63.905,65.635,30.527,30.328,8.876,0.0,0.0
9,1.0,0.0,0.0,4.0,5.0,0.0,1124.632,273.712,0.72,30.366,30.286,8.847,0.0,0.0
12,1.0,0.0,0.0,7.0,8.0,0.0,1081.565,352.408,-4.164,31.217,31.137,9.007,0.0,0.0
13,2.0,0.0,0.0,0.0,0.0,0.0,1692.537,18.794,-41.903,30.95,30.704,8.906,0.0,0.0
14,2.0,0.0,0.0,1.0,1.0,0.0,1599.613,164.588,26.244,30.561,30.195,9.88,0.0,0.0
15,2.0,0.0,0.0,2.0,2.0,0.0,1722.104,179.526,-1.048,32.806,32.316,9.147,0.0,0.0
16,2.0,0.0,0.0,3.0,3.0,0.0,1613.656,203.087,47.755,31.037,30.744,9.807,0.0,0.0
17,2.0,0.0,0.0,4.0,4.0,0.0,1359.792,357.684,119.408,30.514,30.443,8.891,0.0,0.0
18,2.0,0.0,0.0,5.0,5.0,0.0,1562.297,380.143,66.357,30.788,30.574,8.864,0.0,0.0
19,3.0,0.0,0.0,0.0,0.0,0.0,1935.469,48.225,72.64,29.972,29.87,8.729,0.0,0.0
20,3.0,0.0,0.0,1.0,1.0,0.0,1873.862,104.293,22.277,30.334,30.061,8.81,0.0,0.0
21,3.0,0.0,0.0,2.0,3.0,0.0,2222.909,192.271,66.456,31.217,31.086,8.915,0.0,0.0
22,3.0,0.0,0.0,3.0,4.0,0.0,2137.578,204.102,67.843,30.828,30.718,8.89,0.0,0.0
24,3.0,0.0,0.0,5.0,6.0,0.0,2152.711,388.614,-28.295,30.813,30.69,8.884,0.0,0.0
25,3.0,0.0,0.0,6.0,7.0,0.0,1785.273,395.896,-37.191,31.132,31.014,8.977,0.0,0.0
26,4.0,0.0,0.0,0.0,0.0,0.0,2608.557,40.61,56.931,30.431,30.314,8.86,0.0,0.0
27,4.0,0.0,0.0,1.0,1.0,0.0,2792.659,115.177,91.754,30.301,30.176,8.821,0.0,0.0
29,5.0,0.0,0.0,0.0,1.0,0.0,3401.154,173.094,-11.737,31.078,30.842,8.945,0.0,0.0
30,5.0,0.0,0.0,1.0,2.0,0.0,3464.066,196.336,-5.641,31.327,31.038,9.009,0.0,0.0
31,5.0,0.0,0.0,2.0,3.0,0.0,3457.084,304.145,-11.196,31.146,31.115,8.994,0.0,0.0
32,5.0,0.0,0.0,3.0,4.0,0.0,3200.875,303.594,123.114,30.492,30.104,8.754,0.0,0.0
33,6.0,0.0,0.0,0.0,2.0,0.0,3902.439,85.009,114.734,30.234,30.128,8.805,0.0,0.0
34,6.0,0.0,0.0,1.0,4.0,0.0,3641.859,198.119,36.412,30.185,30.085,8.791,0.0,0.0
35,6.0,0.0,0.0,2.0,7.0,0.0,3846.34,305.381,31.729,30.507,30.447,8.891,0.0,0.0
36,6.0,0.0,0.0,3.0,8.0,0.0,3535.731,378.657,125.001,30.84,30.646,8.882,0.0,0.0
37,6.0,0.0,0.0,4.0,9.0,0.0,3935.69,393.623,15.455,30.656,30.637,8.94,0.0,0.0
38,7.0,0.0,0.0,0.0,1.0,0.0,4087.933,68.987,29.28,30.79,30.406,8.926,0.0,0.0
39,7.0,0.0,0.0,1.0,2.0,0.0,4417.127,86.075,7.916,30.788,30.615,8.87,0.0,0.0
40,7.0,0.0,0.0,2.0,3.0,0.0,4498.479,103.103,92.939,30.584,30.459,8.904,0.0,0.0
41,7.0,0.0,0.0,3.0,4.0,0.0,4359.489,105.755,-5.86,30.236,29.618,8.818,0.0,0.0
42,7.0,0.0,0.0,4.0,5.0,0.0,4330.268,147.974,76.993,30.143,29.957,8.853,0.0,0.0
43,7.0,0.0,0.0,5.0,6.0,0.0,4232.647,172.006,9.742,30.365,30.202,8.835,0.0,0.0
44,7.0,0.0,0.0,6.0,7.0,0.0,4127.181,217.234,0.56,30.704,30.605,8.856,0.0,0.0
45,7.0,0.0,0.0,7.0,8.0,0.0,4063.438,240.193,31.523,30.666,30.541,8.842,0.0,0.0
46,7.0,0.0,0.0,8.0,9.0,0.0,4191.563,268.685,33.381,30.207,30.078,8.793,0.0,0.0
48,7.0,0.0,0.0,10.0,11.0,0.0,4384.58,375.576,35.788,30.891,30.717,8.899,0.0,0.0
49,8.0,0.0,0.0,0.0,1.0,0.0,5108.407,43.988,103.652,30.814,30.778,8.897,0.0,0.0
50,8.0,0.0,0.0,1.0,2.0,0.0,5153.146,61.552,-32.34,30.676,30.647,8.858,0.0,0.0
51,8.0,0.0,0.0,2.0,3.0,0.0,4854.024,78.48,53.201,30.124,29.948,8.849,0.0,0.0
52,8.0,0.0,0.0,3.0,4.0,0.0,4734.683,245.462,0.773,30.248,30.193,8.816,0.0,0.0
53,8.0,0.0,0.0,4.0,5.0,0.0,5096.143,295.932,74.638,30.591,30.473,8.821,0.0,0.0
54,8.0,0.0,0.0,5.0,6.0,0.0,5060.232,305.101,111.441,30.636,30.596,8.931,0.0,0.0
55,8.0,0.0,0.0,6.0,7.0,0.0,4716.713,347.141,93.075,30.896,30.536,8.96,0.0,0.0
56,9.0,0.0,0.0,0.0,0.0,0.0,5597.959,54.881,126.573,31.128,30.951,8.968,0.0,0.0
57,9.0,0.0,0.0,1.0,1.0,0.0,5754.868,91.878,27.662,30.345,30.239,8.837,0.0,0.0
59,9.0,0.0,0.0,3.0,4.0,0.0,5524.342,207.553,74.065,30.452,30.247,8.854,0.0,0.0
60,9.0,0.0,0.0,4.0,5.0,0.0,5721.074,237.094,-28.463,31.039,30.922,8.866,0.0,0.0
61,9.0,0.0,0.0,5.0,6.0,0.0,5608.701,247.245,20.573,31.012,30.882,8.941,0.0,0.0
62,9.0,0.0,0.0,6.0,7.0,0.0,5643.471,262.144,23.168,30.73,30.605,8.86,0.0,0.0
63,9.0,0.0,0.0,7.0,8.0,0.0,5520.36,337.107,101.593,30.524,30.488,8.813,0.0,0.0
64,9.0,0.0,0.0,8.0,9.0,0.0,5741.951,412.071,25.912,31.117,31.008,8.974,0.0,0.0
65,0.0,1.0,0.0,0.0,0.0,0.0,215.292,455.693,81.468,30.757,30.584,8.861,0.0,0.0
66,0.0,1.0,0.0,1.0,1.0,0.0,36.067,499.974,64.648,30.299,30.098,8.81,0.0,0.0
67,0.0,1.0,0.0,2.0,2.0,0.0,270.508,544.389,49.559,30.998,30.927,8.945,0.0,0.0
68,0.0,1.0,0.0,3.0,3.0,0.0,489.294,618.528,12.253,30.806,30.684,8.882,0.0,0.0
69,0.0,1.0,0.0,4.0,4.0,0.0,354.238,656.175,99.724,30.871,30.724,8.898,0.0,0.0
70,1.0,1.0,0.0,0.0,0.0,0.0,731.344,464.663,82.245,30.411,30.123,8.829,0.0,0.0
71,1.0,1.0,0.0,1.0,4.0,0.0,817.791,704.481,-18.227,30.467,30.232,8.854,0.0,0.0
72,3.0,1.0,0.0,0.0,0.0,0.0,2133.493,441.85,57.652,30.596,30.011,8.839,0.0,0.0
73,3.0,1.0,0.0,1.0,1.0,0.0,1894.65,522.227,56.748,30.179,30.113,8.794,0.0,0.0
74,3.0,1.0,0.0,2.0,2.0,0.0,1868.169,539.132,1.097,30.213,30.167,8.807,0.0,0.0
75,3.0,1.0,0.0,3.0,3.0,0.0,1813.549,602.1,19.324,30.412,30.054,8.82,0.0,0.0
76,3.0,1.0,0.0,4.0,4.0,0.0,2143.298,748.547,77.022,30.559,30.437,8.811,0.0,0.0
78,4.0,1.0,0.0,0.0,0.0,0.0,2854.39,431.35,31.497,30.845,30.702,8.89,0.0,0.0
79,4.0,1.0,0.0,1.0,1.0,0.0,2515.742,441.976,87.435,30.505,30.244,8.861,0.0,0.0
80,4.0,1.0,0.0,2.0,2.0,0.0,2469.614,476.692,63.363,30.539,30.476,8.814,0.0,0.0
81,4.0,1.0,0.0,3.0,3.0,0.0,2710.352,491.49,92.152,30.645,30.547,8.925,0.0,0.0
83,4.0,1.0,0.0,5.0,5.0,0.0,2603.714,615.254,-22.481,30.591,30.459,8.905,0.0,0.0
84,4.0,1.0,0.0,6.0,6.0,0.0,2517.556,754.948,97.0,30.96,30.787,8.92,0.0,0.0
85,4.0,1.0,0.0,7.0,7.0,0.0,2592.002,792.29,127.157,30.719,30.652,8.865,0.0,0.0
87,5.0,1.0,0.0,1.0,2.0,0.0,3135.224,519.993,71.123,30.604,30.396,8.897,0.0,0.0
88,5.0,1.0,0.0,2.0,5.0,0.0,3037.507,609.729,-22.69,30.752,30.335,8.91,0.0,0.0
89,5.0,1.0,0.0,3.0,6.0,0.0,3316.066,728.414,18.245,30.636,30.338,8.894,0.0,0.0
90,5.0,1.0,0.0,4.0,7.0,0.0,3456.316,735.69,-3.663,30.866,30.787,8.906,0.0,0.0
92,6.0,1.0,0.0,1.0,1.0,0.0,3473.489,486.772,102.002,30.652,30.418,8.907,0.0,0.0
94,6.0,1.0,0.0,3.0,4.0,0.0,3864.724,511.843,76.812,30.532,30.177,8.855,0.0,0.0
95,6.0,1.0,0.0,4.0,5.0,0.0,3471.79,557.018,86.797,30.711,30.545,9.841,0.0,0.0
97,6.0,1.0,0.0,6.0,7.0,0.0,3808.718,645.948,79.65,30.338,30.019,8.804,0.0,0.0
98,6.0,1.0,0.0,7.0,9.0,0.0,3770.638,826.094,-4.838,30.891,29.413,8.709,0.0,0.0
99,7.0,1.0,0.0,0.0,0.0,0.0,4546.702,502.113,91.311,30.827,30.724,8.891,0.0,0.0
100,7.0,1.0,0.0,1.0,1.0,0.0,4304.044,548.392,8.994,30.418,30.333,8.861,0.0,0.0
101,7.0,1.0,0.0,2.0,2.0,0.0,4093.571,598.39,54.315,30.598,30.474,8.908,0.0,0.0
103,7.0,1.0,0.0,4.0,4.0,0.0,4587.465,755.287,54.89,30.798,30.528,8.859,0.0,0.0
104,7.0,1.0,0.0,5.0,5.0,0.0,4320.9,777.986,53.806,30.597,30.49,8.91,0.0,0.0
105,7.0,1.0,0.0,6.0,6.0,0.0,4561.492,799.868,11.544,31.359,31.311,8.967,0.0,0.0
106,8.0,1.0,0.0,0.0,0.0,0.0,4800.981,617.831,45.821,30.247,30.15,8.81,0.0,0.0
107,8.0,1.0,0.0,1.0,2.0,0.0,4843.232,755.506,81.206,30.35,30.268,8.842,0.0,0.0
108,9.0,1.0,0.0,0.0,1.0,0.0,5625.408,498.044,105.404,30.781,30.619,8.956,0.0,0.0
109,9.0,1.0,0.0,1.0,2.0,0.0,5740.337,535.105,23.338,30.536,30.321,8.877,0.0,0.0
110,9.0,1.0,0.0,2.0,3.0,0.0,5551.465,570.687,10.368,30.344,30.196,8.831,0.0,0.0
111,9.0,1.0,0.0,3.0,4.0,0.0,5262.707,747.916,60.291,30.909,30.757,8.908,0.0,0.0
113,0.0,2.0,0.0,1.0,1.0,0.0,307.297,896.57,-26.97,30.255,30.222,8.821,0.0,0.0
114,0.0,2.0,0.0,2.0,2.0,0.0,173.569,938.981,42.937,30.399,30.157,8.833,0.0,0.0
115,0.0,2.0,0.0,3.0,3.0,0.0,479.914,949.196,-25.292,30.253,30.128,8.807,0.0,0.0
116,0.0,2.0,0.0,4.0,4.0,0.0,136.493,976.359,7.467,30.417,30.316,8.859,0.0,0.0
117,0.0,2.0,0.0,5.0,6.0,0.0,196.396,1055.36,105.649,30.312,30.156,9.957,0.0,0.0
118,0.0,2.0,0.0,6.0,6.0,0.0,213.829,1040.056,-30.005,30.717,30.284,9.912,0.0,0.0
119,0.0,2.0,0.0,7.0,7.0,0.0,144.64,1060.761,24.728,30.297,30.025,8.799,0.0,0.0
120,0.0,2.0,0.0,8.0,8.0,0.0,531.168,1204.647,58.052,31.179,31.01,8.983,0.0,0.0
121,0.0,2.0,0.0,9.0,9.0,0.0,313.338,1228.479,35.525,30.766,30.647,8.871,0.0,0.0
122,1.0,2.0,0.0,0.0,0.0,0.0,887.362,843.302,86.132,30.364,30.142,8.826,0.0,0.0
124,1.0,2.0,0.0,2.0,2.0,0.0,762.17,1023.188,39.345,30.737,30.471,8.928,0.0,0.0
126,1.0,2.0,0.0,4.0,4.0,0.0,986.705,1057.887,113.289,30.917,30.584,8.884,0.0,0.0
127,1.0,2.0,0.0,5.0,5.0,0.0,925.391,1062.696,69.363,30.797,30.668,8.879,0.0,0.0
128,1.0,2.0,0.0,6.0,6.0,0.0,848.655,1115.147,7.567,30.964,30.946,8.943,0.0,0.0
129,1.0,2.0,0.0,7.0,7.0,0.0,1044.557,1144.438,38.032,30.743,30.504,8.934,0.0,0.0
130,2.0,2.0,0.0,0.0,0.0,0.0,1342.575,871.302,40.27,30.16,29.971,8.771,0.0,0.0
131,2.0,2.0,0.0,1.0,1.0,0.0,1399.414,879.365,-34.09,30.491,30.024,8.656,0.0,0.0
132,2.0,2.0,0.0,2.0,3.0,0.0,1455.209,915.735,83.233,30.232,30.094,8.799,0.0,0.0
133,2.0,2.0,0.0,3.0,4.0,0.0,1272.577,1056.189,8.274,30.442,30.212,8.847,0.0,0.0
134,2.0,2.0,0.0,4.0,5.0,0.0,1423.59,1068.936,18.835,30.439,30.306,8.86,0.0,0.0
135,2.0,2.0,0.0,5.0,6.0,0.0,1332.01,1132.437,-7.916,30.581,30.297,8.88,0.0,0.0
136,2.0,2.0,0.0,6.0,8.0,0.0,1687.479,1234.735,-3.505,31.834,28.961,8.697,0.0,0.0
137,3.0,2.0,0.0,0.0,2.0,0.0,2174.68,844.914,105.159,30.956,30.742,8.912,0.0,0.0
138,3.0,2.0,0.0,1.0,3.0,0.0,1824.448,904.421,35.88,30.746,30.475,8.93,0.0,0.0
139,3.0,2.0,0.0,2.0,4.0,0.0,1762.372,906.809,58.291,30.307,30.145,8.818,0.0,0.0
140,3.0,2.0,0.0,3.0,6.0,0.0,1889.606,1145.106,-15.078,30.433,30.384,8.871,0.0,0.0
141,4.0,2.0,0.0,0.0,0.0,0.0,2436.164,1013.816,21.669,30.13,30.009,8.772,0.0,0.0
142,4.0,2.0,0.0,1.0,1.0,0.0,2330.267,1066.243,118.708,30.729,30.67,8.869,0.0,0.0
143,4.0,2.0,0.0,2.0,3.0,0.0,2794.981,1127.0,110.785,30.541,30.54,8.909,0.0,0.0
144,4.0,2.0,0.0,3.0,4.0,0.0,2414.595,1130.751,114.027,30.61,30.293,8.884,0.0,0.0
145,4.0,2.0,0.0,4.0,5.0,0.0,2677.162,1176.175,96.105,30.99,30.592,8.896,0.0,0.0
146,5.0,2.0,0.0,0.0,0.0,0.0,3165.254,861.794,81.321,30.675,30.467,8.918,0.0,0.0
148,5.0,2.0,0.0,2.0,2.0,0.0,3198.609,1012.226,84.79,30.464,30.102,8.834,0.0,0.0
149,5.0,2.0,0.0,3.0,3.0,0.0,2959.822,1126.541,73.581,30.479,30.335,8.87,0.0,0.0
150,5.0,2.0,0.0,4.0,4.0,0.0,3350.989,1168.99,77.92,31.205,31.123,9.003,0.0,0.0
152,5.0,2.0,0.0,6.0,6.0,0.0,3234.489,1218.285,-16.76,30.942,30.773,8.915,0.0,0.0
153,6.0,2.0,0.0,0.0,1.0,0.0,3638.978,869.624,78.746,30.384,30.231,8.841,0.0,0.0
154,6.0,2.0,0.0,1.0,3.0,0.0,3634.01,1182.764,129.702,30.891,30.779,8.908,0.0,0.0
155,7.0,2.0,0.0,0.0,0.0,0.0,4061.642,950.787,39.0,30.487,30.378,8.878,0.0,0.0
156,7.0,2.0,0.0,1.0,1.0,0.0,4071.231,1041.524,-3.995,30.309,30.226,8.83,0.0,0.0
157,7.0,2.0,0.0,2.0,2.0,0.0,4090.473,1080.255,22.293,30.715,30.191,8.884,0.0,0.0
158,7.0,2.0,0.0,3.0,3.0,0.0,4104.279,1111.9,15.612,30.448,30.218,8.849,0.0,0.0
160,8.0,2.0,0.0,1.0,1.0,0.0,5128.403,1008.226,70.458,30.564,30.492,8.82,0.0,0.0
161,8.0,2.0,0.0,2.0,2.0,0.0,4831.542,1012.294,118.356,30.189,30.134,8.799,0.0,0.0
162,8.0,2.0,0.0,3.0,3.0,0.0,4969.583,1055.496,47.877,30.251,30.064,8.798,0.0,0.0
163,8.0,2.0,0.0,4.0,4.0,0.0,4783.366,1161.702,-39.908,30.639,30.554,8.84,0.0,0.0
164,9.0,2.0,0.0,0.0,0.0,0.0,5253.379,888.913,59.185,30.067,29.871,8.829,0.0,0.0
168,9.0,2.0,0.0,4.0,4.0,0.0,5431.149,1141.151,12.267,30.373,30.06,8.815,0.0,0.0
169,9.0,2.0,0.0,5.0,5.0,0.0,5648.198,1159.182,-12.245,30.839,30.756,8.898,0.0,0.0
171,0.0,3.0,0.0,1.0,2.0,0.0,63.439,1353.484,12.185,30.623,30.444,8.908,0.0,0.0
172,0.0,3.0,0.0,2.0,3.0,0.0,32.652,1399.312,26.072,30.31,30.199,8.826,0.0,0.0
173,0.0,3.0,0.0,3.0,4.0,0.0,287.739,1515.727,83.595,30.603,30.405,8.898,0.0,0.0
174,1.0,3.0,0.0,0.0,0.0,0.0,681.695,1261.807,40.523,30.391,30.239,8.844,0.0,0.0
175,1.0,3.0,0.0,1.0,1.0,0.0,746.727,1294.069,24.182,30.491,30.477,8.893,0.0,0.0
176,1.0,3.0,0.0,2.0,2.0,0.0,1142.276,1481.964,101.159,31.194,31.091,8.912,0.0,0.0
177,1.0,3.0,0.0,3.0,3.0,0.0,969.437,1584.338,84.389,30.605,30.523,8.916,0.0,0.0
179,2.0,3.0,0.0,1.0,3.0,0.0,1223.638,1262.762,54.158,30.768,30.422,8.839,0.0,0.0
181,2.0,3.0,0.0,3.0,5.0,0.0,1557.189,1285.794,132.645,30.7,30.49,8.839,0.0,0.0
182,2.0,3.0,0.0,4.0,6.0,0.0,1251.588,1407.282,37.378,30.531,30.33,8.877,0.0,0.0
183,2.0,3.0,0.0,5.0,7.0,0.0,1412.181,1452.883,-9.099,30.426,30.332,8.863,0.0,0.0
184,2.0,3.0,0.0,6.0,8.0,0.0,1490.93,1461.411,16.021,30.352,30.269,8.842,0.0,0.0
185,2.0,3.0,0.0,7.0,10.0,0.0,1232.447,1495.874,49.149,30.54,30.131,8.85,0.0,0.0
186,2.0,3.0,0.0,8.0,11.0,0.0,1383.798,1506.734,117.58,30.863,30.364,8.844,0.0,0.0
187,2.0,3.0,0.0,9.0,12.0,0.0,1465.66,1644.201,-4.048,32.434,26.503,8.416,0.0,0.0
188,3.0,3.0,0.0,0.0,0.0,0.0,1783.977,1353.323,122.326,30.478,30.376,8.876,0.0,0.0
191,3.0,3.0,0.0,3.0,3.0,0.0,1791.054,1419.508,13.327,30.678,30.522,8.927,0.0,0.0
194,4.0,3.0,0.0,0.0,0.0,0.0,2357.002,1250.157,34.561,30.809,30.523,8.946,0.0,0.0
196,4.0,3.0,0.0,2.0,3.0,0.0,2404.785,1480.038,48.103,30.463,30.318,8.866,0.0,0.0
197,4.0,3.0,0.0,3.0,4.0,0.0,2550.168,1480.835,-27.194,30.535,30.436,8.893,0.0,0.0
198,4.0,3.0,0.0,4.0,5.0,0.0,2380.868,1568.278,-13.831,30.323,30.198,8.828,0.0,0.0
199,4.0,3.0,0.0,5.0,6.0,0.0,2838.161,1592.887,25.4,31.309,31.159,8.938,0.0,0.0
200,4.0,3.0,0.0,6.0,7.0,0.0,2660.028,1621.406,22.794,31.076,30.933,8.958,0.0,0.0
201,5.0,3.0,0.0,0.0,3.0,0.0,3291.075,1424.617,-10.915,30.398,30.284,8.851,0.0,0.0
202,5.0,3.0,0.0,1.0,4.0,0.0,3408.655,1469.503,1.035,30.731,30.593,8.945,0.0,0.0
203,5.0,3.0,0.0,2.0,5.0,0.0,3110.43,1496.272,19.593,30.368,30.349,8.856,0.0,0.0
204,5.0,3.0,0.0,3.0,6.0,0.0,3138.146,1513.101,47.587,30.577,30.481,8.906,0.0,0.0
205,6.0,3.0,0.0,0.0,0.0,0.0,3845.465,1394.32,99.027,30.71,30.59,8.855,0.0,0.0
206,6.0,3.0,0.0,1.0,1.0,0.0,4011.606,1627.221,125.734,31.269,31.056,8.918,0.0,0.0
207,6.0,3.0,0.0,2.0,2.0,0.0,3516.051,1643.058,-0.927,32.074,28.144,8.693,0.0,0.0
209,7.0,3.0,0.0,1.0,2.0,0.0,4535.598,1391.273,-5.035,30.553,30.461,8.814,0.0,0.0
211,7.0,3.0,0.0,3.0,4.0,0.0,4563.424,1632.452,-11.15,31.528,31.47,9.014,0.0,0.0
212,8.0,3.0,0.0,0.0,0.0,0.0,5047.764,1372.907,26.01,30.561,30.489,8.905,0.0,0.0
213,8.0,3.0,0.0,1.0,1.0,0.0,5134.461,1450.403,75.495,30.765,30.588,8.863,0.0,0.0
215,8.0,3.0,0.0,3.0,4.0,0.0,5171.486,1553.33,31.57,31.189,30.815,8.957,0.0,0.0
216,9.0,3.0,0.0,0.0,0.0,0.0,5720.652,1310.488,-43.853,30.818,30.675,8.883,0.0,0.0
217,9.0,3.0,0.0,1.0,1.0,0.0,5382.223,1374.035,65.694,30.303,30.13,8.815,0.0,0.0
219,9.0,3.0,0.0,3.0,4.0,0.0,5713.39,1510.466,61.405,30.555,30.516,8.908,0.0,0.0
221,0.0,4.0,0.0,0.0,1.0,0.0,467.501,1793.878,25.761,30.514,30.375,8.881,0.0,0.0
222,0.0,4.0,0.0,1.0,2.0,0.0,280.726,1843.544,107.388,30.515,30.471,8.896,0.0,0.0
223,0.0,4.0,0.0,2.0,3.0,0.0,52.471,1973.154,49.137,30.515,30.412,8.887,0.0,0.0
224,0.0,4.0,0.0,3.0,4.0,0.0,374.067,2011.818,112.453,30.876,30.694,8.894,0.0,0.0
225,0.0,4.0,0.0,4.0,5.0,0.0,55.827,2030.418,2.864,31.173,31.128,9.0,0.0,0.0
226,0.0,4.0,0.0,5.0,6.0,0.0,158.371,2030.878,-40.647,30.838,30.756,8.897,0.0,0.0
227,1.0,4.0,0.0,0.0,0.0,0.0,1140.936,1682.145,-27.367,30.532,30.36,8.882,0.0,0.0
228,1.0,4.0,0.0,1.0,1.0,0.0,607.315,1757.993,47.877,30.897,30.62,8.887,0.0,0.0
229,1.0,4.0,0.0,2.0,2.0,0.0,956.932,1761.788,23.361,30.802,30.743,8.89,0.0,0.0
230,1.0,4.0,0.0,3.0,3.0,0.0,808.189,1797.01,51.342,30.139,29.968,8.854,0.0,0.0
231,1.0,4.0,0.0,4.0,4.0,0.0,798.987,1875.626,1.623,30.539,30.467,8.899,0.0,0.0
232,1.0,4.0,0.0,5.0,5.0,0.0,1042.913,2009.319,69.155,31.255,31.127,8.926,0.0,0.0
233,2.0,4.0,0.0,0.0,3.0,0.0,1628.469,1724.771,83.391,30.928,30.637,8.893,0.0,0.0
234,2.0,4.0,0.0,1.0,4.0,0.0,1352.154,1896.273,26.033,30.603,30.338,8.889,0.0,0.0
236,2.0,4.0,0.0,3.0,6.0,0.0,1401.037,2029.971,36.053,30.656,30.609,8.936,0.0,0.0
237,2.0,4.0,0.0,4.0,7.0,0.0,1189.194,2052.96,-0.234,33.13,24.616,8.377,0.0,0.0
238,3.0,4.0,0.0,0.0,1.0,0.0,2248.49,1710.464,97.833,30.869,30.638,9.245,0.0,0.0
239,3.0,4.0,0.0,1.0,1.0,0.0,2249.948,1680.293,92.155,31.08,30.742,9.291,0.0,0.0
240,3.0,4.0,0.0,2.0,2.0,0.0,1748.377,1683.273,48.583,31.068,30.773,8.933,0.0,0.0
241,3.0,4.0,0.0,3.0,3.0,0.0,2055.917,1744.199,84.439,30.522,30.5,8.901,0.0,0.0
242,3.0,4.0,0.0,4.0,4.0,0.0,2153.432,1840.846,51.468,30.821,30.317,9.932,0.0,0.0
243,3.0,4.0,0.0,5.0,4.0,0.0,2141.376,1820.29,85.166,30.765,30.684,9.995,0.0,0.0
245,3.0,4.0,0.0,7.0,8.0,0.0,1881.6,1947.72,129.408,30.034,29.92,8.832,0.0,0.0
246,3.0,4.0,0.0,8.0,9.0,0.0,2228.073,1950.942,111.209,30.814,30.25,9.37,0.0,0.0
247,3.0,4.0,0.0,9.0,10.0,0.0,2000.308,2049.21,1.098,31.14,30.487,8.903,0.0,0.0
248,4.0,4.0,0.0,0.0,1.0,0.0,2827.828,1771.254,79.513,30.673,30.527,8.84,0.0,0.0
250,4.0,4.0,0.0,2.0,3.0,0.0,2686.537,1996.065,119.708,30.493,30.452,8.89,0.0,0.0
252,5.0,4.0,0.0,1.0,1.0,0.0,3127.422,1736.371,-36.43,30.399,30.369,8.864,0.0,0.0
253,5.0,4.0,0.0,2.0,2.0,0.0,3374.95,1746.717,123.377,31.425,31.286,8.973,0.0,0.0
255,5.0,4.0,0.0,4.0,4.0,0.0,3167.224,1800.322,-15.462,30.253,30.004,8.789,0.0,0.0
258,6.0,4.0,0.0,0.0,2.0,0.0,3701.933,1692.879,-1.187,30.851,30.828,8.91,0.0,0.0
259,6.0,4.0,0.0,1.0,3.0,0.0,3573.148,1696.361,74.603,30.276,30.002,8.792,0.0,0.0
260,6.0,4.0,0.0,2.0,4.0,0.0,3544.127,1737.955,65.19,30.481,30.288,8.864,0.0,0.0
261,6.0,4.0,0.0,3.0,5.0,0.0,3576.689,1764.925,55.209,30.528,30.221,8.861,0.0,0.0
262,6.0,4.0,0.0,4.0,6.0,0.0,3829.642,1912.352,77.731,30.593,30.478,8.908,0.0,0.0
263,6.0,4.0,0.0,5.0,7.0,0.0,3984.828,1948.905,35.56,30.624,30.573,8.926,0.0,0.0
264,6.0,4.0,0.0,6.0,8.0,0.0,3854.987,2013.723,38.332,30.724,30.626,8.949,0.0,0.0
265,7.0,4.0,0.0,0.0,1.0,0.0,4105.762,1668.205,62.64,30.715,30.453,8.922,0.0,0.0
266,7.0,4.0,0.0,1.0,2.0,0.0,4434.383,1720.08,-16.957,30.951,30.847,8.927,0.0,0.0
267,7.0,4.0,0.0,2.0,3.0,0.0,4477.519,2026.183,6.06,30.683,30.522,8.928,0.0,0.0
268,7.0,4.0,0.0,3.0,4.0,0.0,4404.036,2044.19,28.255,31.044,30.979,8.959,0.0,0.0
269,8.0,4.0,0.0,0.0,0.0,0.0,5120.338,1649.474,101.985,30.967,30.706,8.909,0.0,0.0
270,8.0,4.0,0.0,1.0,1.0,0.0,4952.223,1743.362,-15.093,30.259,30.079,8.801,0.0,0.0
272,8.0,4.0,0.0,3.0,3.0,0.0,5113.736,1850.628,-4.453,31.054,30.815,8.937,0.0,0.0
274,8.0,4.0,0.0,5.0,5.0,0.0,4982.253,1938.498,122.735,30.87,30.73,9.074,0.0,0.0
275,8.0,4.0,0.0,6.0,6.0,0.0,5159.191,1948.36,10.829,31.322,31.107,8.933,0.0,0.0
276,8.0,4.0,0.0,7.0,7.0,0.0,4894.491,1978.116,2.185,30.562,30.219,8.78,0.0,0.0
277,8.0,4.0,0.0,8.0,8.0,0.0,5007.732,2051.307,-2.768,31.621,28.006,8.523,0.0,0.0
278,9.0,4.0,0.0,0.0,0.0,0.0,5720.92,1896.49,5.243,31.508,31.327,8.991,0.0,0.0
279,9.0,4.0,0.0,1.0,1.0,0.0,5574.379,1900.646,-35.862,30.972,30.929,8.942,0.0,0.0
280,9.0,4.0,0.0,2.0,2.0,0.0,5654.705,1915.797,-6.441,30.782,30.69,8.88,0.0,0.0
281,9.0,4.0,0.0,3.0,3.0,0.0,5640.136,1950.971,36.431,30.72,30.604,8.945,0.0,0.0
282,9.0,4.0,0.0,4.0,4.0,0.0,5543.479,1972.287,54.483,30.59,30.439,8.902,0.0,0.0
283,9.0,4.0,0.0,5.0,5.0,0.0,5258.98,1981.73,126.761,31.073,30.737,8.929,0.0,0.0
285,0.0,5.0,0.0,1.0,3.0,0.0,375.737,2130.269,23.578,30.575,30.446,8.901,0.0,0.0
286,0.0,5.0,0.0,2.0,5.0,0.0,390.44,2276.83,109.001,30.944,30.836,8.924,0.0,0.0
292,1.0,5.0,0.0,0.0,0.0,0.0,749.565,2131.141,48.269,30.501,30.351,8.876,0.0,0.0
293,1.0,5.0,0.0,1.0,1.0,0.0,774.278,2203.744,63.121,30.916,30.729,8.905,0.0,0.0
296,1.0,5.0,0.0,4.0,4.0,0.0,1061.206,2386.245,51.64,30.697,30.556,8.934,0.0,0.0
297,2.0,5.0,0.0,0.0,2.0,0.0,1508.324,2247.811,47.204,30.148,30.035,8.779,0.0,0.0
298,2.0,5.0,0.0,1.0,3.0,0.0,1292.817,2263.746,67.812,30.599,30.314,8.885,0.0,0.0
299,2.0,5.0,0.0,2.0,4.0,0.0,1541.884,2288.731,131.593,30.304,30.23,8.83,0.0,0.0
300,2.0,5.0,0.0,3.0,5.0,0.0,1430.437,2335.071,-15.784,30.605,30.469,8.909,0.0,0.0
301,2.0,5.0,0.0,4.0,6.0,0.0,1300.421,2335.455,60.28,30.391,30.315,8.855,0.0,0.0
303,3.0,5.0,0.0,1.0,2.0,0.0,2150.372,2112.995,127.194,30.793,30.526,8.944,0.0,0.0
304,3.0,5.0,0.0,2.0,3.0,0.0,2243.242,2149.926,-41.548,30.597,30.541,8.832,0.0,0.0
306,3.0,5.0,0.0,4.0,5.0,0.0,1750.586,2368.83,46.296,30.775,30.153,8.887,0.0,0.0
307,3.0,5.0,0.0,5.0,6.0,0.0,2240.812,2370.565,100.584,30.707,30.591,8.855,0.0,0.0
308,3.0,5.0,0.0,6.0,7.0,0.0,1780.725,2408.134,-24.181,30.84,30.708,8.891,0.0,0.0
309,4.0,5.0,0.0,0.0,0.0,0.0,2446.141,2111.151,84.699,30.479,30.068,8.92,0.0,0.0
310,4.0,5.0,0.0,1.0,1.0,0.0,2592.948,2149.589,73.933,30.328,30.132,8.819,0.0,0.0
311,4.0,5.0,0.0,2.0,2.0,0.0,2646.204,2197.618,56.698,30.435,30.02,8.266,0.0,0.0
312,4.0,5.0,0.0,3.0,3.0,0.0,2635.004,2248.771,68.082,30.535,30.259,8.867,0.0,0.0
313,4.0,5.0,0.0,4.0,4.0,0.0,2688.546,2291.001,131.718,30.421,30.268,8.852,0.0,0.0
314,4.0,5.0,0.0,5.0,5.0,0.0,2432.246,2323.806,-10.735,30.873,30.824,8.912,0.0,0.0
315,4.0,5.0,0.0,6.0,7.0,0.0,2828.012,2367.734,-31.303,31.359,31.042,8.929,0.0,0.0
316,4.0,5.0,0.0,7.0,8.0,0.0,2556.496,2371.639,-28.043,30.394,30.225,8.842,0.0,0.0
317,4.0,5.0,0.0,8.0,9.0,0.0,2857.215,2396.535,62.795,30.439,30.369,8.87,0.0,0.0
318,4.0,5.0,0.0,9.0,10.0,0.0,2497.146,2403.382,108.012,30.747,30.699,8.876,0.0,0.0
319,5.0,5.0,0.0,0.0,0.0,0.0,3344.341,2068.872,134.096,30.015,29.875,8.823,0.0,0.0
321,5.0,5.0,0.0,2.0,2.0,0.0,3436.062,2166.317,-18.96,30.955,30.792,8.92,0.0,0.0
322,5.0,5.0,0.0,3.0,3.0,0.0,3362.147,2259.636,13.222,30.88,30.588,8.879,0.0,0.0
323,5.0,5.0,0.0,4.0,4.0,0.0,3044.81,2350.233,76.863,30.617,30.497,8.914,0.0,0.0
324,5.0,5.0,0.0,5.0,5.0,0.0,3418.322,2354.879,53.343,30.847,30.642,8.882,0.0,0.0
325,6.0,5.0,0.0,0.0,0.0,0.0,4012.289,2234.692,129.723,30.745,30.74,8.882,0.0,0.0
326,6.0,5.0,0.0,1.0,1.0,0.0,3731.398,2337.933,62.077,30.632,30.51,8.832,0.0,0.0
327,7.0,5.0,0.0,0.0,1.0,0.0,4314.992,2142.251,58.463,30.605,30.346,8.89,0.0,0.0
328,7.0,5.0,0.0,1.0,2.0,0.0,4578.426,2272.07,17.233,30.848,30.714,8.893,0.0,0.0
329,7.0,5.0,0.0,2.0,3.0,0.0,4056.936,2459.534,-0.46,32.311,27.417,8.527,0.0,0.0
330,8.0,5.0,0.0,0.0,1.0,0.0,5099.993,2101.101,98.895,31.173,30.838,8.957,0.0,0.0
331,8.0,5.0,0.0,1.0,2.0,0.0,4645.953,2105.275,35.477,30.472,30.24,8.856,0.0,0.0
332,8.0,5.0,0.0,2.0,4.0,0.0,4691.699,2191.614,51.722,30.472,30.154,8.843,0.0,0.0
333,8.0,5.0,0.0,3.0,5.0,0.0,4726.054,2229.393,22.773,30.371,30.18,8.832,0.0,0.0
338,8.0,5.0,0.0,8.0,8.0,0.0,4818.171,2410.226,47.537,30.715,30.418,9.594,0.0,0.0
339,8.0,5.0,0.0,9.0,8.0,0.0,4798.908,2391.467,62.368,30.513,30.271,9.651,0.0,0.0
341,9.0,5.0,0.0,1.0,1.0,0.0,5249.011,2109.67,46.717,30.592,30.322,8.885,0.0,0.0
342,9.0,5.0,0.0,2.0,2.0,0.0,5462.474,2196.614,101.741,30.101,29.902,8.839,0.0,0.0
343,9.0,5.0,0.0,3.0,3.0,0.0,5516.464,2214.78,83.089,30.27,30.172,8.816,0.0,0.0
345,9.0,5.0,0.0,5.0,5.0,0.0,5215.66,2429.885,24.796,30.815,30.758,8.894,0.0,0.0
346,0.0,6.0,0.0,0.0,1.0,0.0,291.957,2493.674,103.8,30.601,30.123,8.69,0.0,0.0
348,0.0,6.0,0.0,2.0,2.0,0.0,517.403,2616.951,-18.728,30.991,30.712,8.913,0.0,0.0
349,0.0,6.0,0.0,3.0,3.0,0.0,186.004,2653.405,62.402,30.156,29.964,8.856,0.0,0.0
350,0.0,6.0,0.0,4.0,4.0,0.0,357.534,2796.829,63.344,30.728,30.624,8.863,0.0,0.0
351,1.0,6.0,0.0,0.0,0.0,0.0,1016.828,2473.811,100.85,30.499,30.283,8.866,0.0,0.0
352,1.0,6.0,0.0,1.0,1.0,0.0,1013.068,2506.764,85.45,30.534,30.394,8.801,0.0,0.0
353,1.0,6.0,0.0,2.0,3.0,0.0,971.425,2725.574,11.314,30.381,29.891,8.792,0.0,0.0
354,1.0,6.0,0.0,3.0,4.0,0.0,702.986,2751.704,74.698,30.673,30.381,8.905,0.0,0.0
355,1.0,6.0,0.0,4.0,5.0,0.0,747.47,2813.935,73.808,30.288,30.224,8.826,0.0,0.0
356,1.0,6.0,0.0,5.0,6.0,0.0,1163.224,2834.154,92.155,32.168,28.171,8.619,0.0,0.0
357,2.0,6.0,0.0,0.0,0.0,0.0,1732.324,2495.77,78.431,31.006,30.556,9.251,0.0,0.0
358,2.0,6.0,0.0,1.0,0.0,0.0,1720.887,2468.643,120.386,30.896,30.312,9.403,0.0,0.0
359,2.0,6.0,0.0,2.0,1.0,0.0,1460.279,2544.266,57.268,30.797,30.636,8.874,0.0,0.0
360,2.0,6.0,0.0,3.0,2.0,0.0,1177.726,2632.468,40.953,30.799,30.724,8.887,0.0,0.0
361,2.0,6.0,0.0,4.0,3.0,0.0,1368.006,2779.111,-0.962,30.436,30.252,9.421,0.0,0.0
362,2.0,6.0,0.0,5.0,6.0,0.0,1360.987,2861.093,40.357,30.747,30.59,8.947,0.0,0.0
363,3.0,6.0,0.0,0.0,1.0,0.0,2187.177,2490.094,108.844,31.273,31.138,8.93,0.0,0.0
366,4.0,6.0,0.0,0.0,0.0,0.0,2704.053,2496.644,61.681,30.261,29.962,8.784,0.0,0.0
367,4.0,6.0,0.0,1.0,1.0,0.0,2569.193,2747.309,-7.551,30.391,30.154,9.398,0.0,0.0
370,4.0,6.0,0.0,4.0,3.0,0.0,2346.694,2785.193,1.617,31.056,30.934,8.955,0.0,0.0
373,4.0,6.0,0.0,7.0,6.0,0.0,2526.85,2820.809,9.03,30.432,30.261,9.868,0.0,0.0
374,4.0,6.0,0.0,8.0,6.0,0.0,2502.756,2820.184,-2.229,30.756,30.427,9.824,0.0,0.0
375,5.0,6.0,0.0,0.0,0.0,0.0,3117.222,2521.261,77.129,30.261,30.013,8.792,0.0,0.0
376,5.0,6.0,0.0,1.0,1.0,0.0,3171.539,2614.487,97.126,31.121,30.195,9.827,0.0,0.0
377,5.0,6.0,0.0,2.0,1.0,0.0,3174.728,2589.307,85.705,31.247,29.265,9.566,0.0,0.0
378,5.0,6.0,0.0,3.0,2.0,0.0,3269.092,2644.527,89.063,31.024,30.646,8.825,0.0,0.0
381,5.0,6.0,0.0,6.0,4.0,0.0,3278.287,2742.9,41.327,30.727,30.252,8.894,0.0,0.0
382,5.0,6.0,0.0,7.0,5.0,0.0,3072.662,2747.952,51.141,30.569,30.332,8.883,0.0,0.0
383,5.0,6.0,0.0,8.0,6.0,0.0,2998.585,2764.929,13.763,30.791,30.226,8.814,0.0,0.0
384,5.0,6.0,0.0,9.0,7.0,0.0,3311.815,2865.964,-5.494,30.908,29.712,8.756,0.0,0.0
385,6.0,6.0,0.0,0.0,1.0,0.0,3994.67,2567.57,38.768,30.691,30.587,8.938,0.0,0.0
386,6.0,6.0,0.0,1.0,2.0,0.0,3862.092,2610.102,70.17,30.62,30.521,8.918,0.0,0.0
388,7.0,6.0,0.0,0.0,1.0,0.0,4167.564,2638.867,69.771,30.279,30.125,8.898,0.0,0.0
390,7.0,6.0,0.0,2.0,3.0,0.0,4584.702,2823.392,32.143,31.375,31.178,8.95,0.0,0.0
391,8.0,6.0,0.0,0.0,0.0,0.0,4940.789,2465.305,41.326,30.313,30.217,8.829,0.0,0.0
392,8.0,6.0,0.0,1.0,1.0,0.0,4834.604,2564.591,-21.942,30.634,30.622,8.935,0.0,0.0
393,8.0,6.0,0.0,2.0,2.0,0.0,4661.198,2642.589,133.383,30.83,30.693,8.887,0.0,0.0
394,8.0,6.0,0.0,3.0,3.0,0.0,5169.557,2758.291,-21.956,31.06,30.917,8.868,0.0,0.0
395,8.0,6.0,0.0,4.0,4.0,0.0,4944.504,2811.619,52.589,30.156,30.069,8.785,0.0,0.0
396,9.0,6.0,0.0,0.0,0.0,0.0,5231.395,2523.246,48.103,30.582,30.372,8.891,0.0,0.0
397,9.0,6.0,0.0,1.0,2.0,0.0,5698.374,2695.143,-30.571,31.199,30.935,8.976,0.0,0.0
398,9.0,6.0,0.0,2.0,3.0,0.0,5415.738,2776.658,29.026,30.242,29.985,8.785,0.0,0.0
399,9.0,6.0,0.0,3.0,4.0,0.0,5734.687,2825.822,88.218,31.61,31.427,9.019,0.0,0.0
400,9.0,6.0,0.0,4.0,5.0,0.0,5643.643,2826.943,65.015,31.334,31.11,9.02,0.0,0.0
401,9.0,6.0,0.0,5.0,6.0,0.0,5485.745,2852.201,86.458,31.19,31.051,8.991,0.0,0.0
402,0.0,7.0,0.0,0.0,0.0,0.0,481.254,2895.917,92.547,30.652,30.428,8.823,0.0,0.0
403,0.0,7.0,0.0,1.0,1.0,0.0,208.635,2935.874,62.204,30.445,30.356,8.868,0.0,0.0
404,0.0,7.0,0.0,2.0,2.0,0.0,517.537,2958.648,101.301,30.867,30.709,8.895,0.0,0.0
405,0.0,7.0,0.0,3.0,3.0,0.0,134.093,3014.104,13.109,30.209,29.859,8.762,0.0,0.0
406,0.0,7.0,0.0,4.0,4.0,0.0,219.181,3115.329,62.688,30.363,30.209,8.835,0.0,0.0
407,0.0,7.0,0.0,5.0,5.0,0.0,348.359,3205.684,57.008,30.43,30.348,8.865,0.0,0.0
408,1.0,7.0,0.0,0.0,0.0,0.0,1043.926,2915.231,108.644,32.746,32.553,9.172,0.0,0.0
409,1.0,7.0,0.0,1.0,1.0,0.0,827.726,3142.909,50.206,30.508,30.4,8.884,0.0,0.0
410,1.0,7.0,0.0,2.0,2.0,0.0,1140.338,3179.254,18.152,31.11,31.037,8.977,0.0,0.0
411,2.0,7.0,0.0,0.0,1.0,0.0,1248.388,2988.827,36.187,30.152,30.118,8.791,0.0,0.0
413,2.0,7.0,0.0,2.0,3.0,0.0,1729.053,3142.156,77.523,30.942,30.791,8.917,0.0,0.0
414,2.0,7.0,0.0,3.0,4.0,0.0,1308.799,3154.853,94.189,30.239,30.201,8.816,0.0,0.0
416,3.0,7.0,0.0,0.0,0.0,0.0,2208.255,2900.271,94.071,30.443,30.256,8.854,0.0,0.0
419,3.0,7.0,0.0,3.0,4.0,0.0,2060.152,3093.464,-18.223,30.151,30.091,8.787,0.0,0.0
420,4.0,7.0,0.0,0.0,0.0,0.0,2483.468,3060.832,116.026,30.24,30.147,8.808,0.0,0.0
422,4.0,7.0,0.0,2.0,2.0,0.0,2343.626,3150.518,70.651,30.141,30.043,8.779,0.0,0.0
423,4.0,7.0,0.0,3.0,3.0,0.0,2680.025,3168.717,57.432,30.795,30.659,8.877,0.0,0.0
424,4.0,7.0,0.0,4.0,4.0,0.0,2889.096,3175.642,79.34,31.141,30.524,8.823,0.0,0.0
425,4.0,7.0,0.0,5.0,5.0,0.0,2854.208,3188.027,6.573,31.104,30.952,8.964,0.0,0.0
426,5.0,7.0,0.0,0.0,1.0,0.0,2945.311,2924.05,44.915,30.839,30.577,8.872,0.0,0.0
427,6.0,7.0,0.0,0.0,0.0,0.0,3639.907,2894.177,48.776,30.986,30.829,8.929,0.0,0.0
428,6.0,7.0,0.0,1.0,1.0,0.0,3536.786,2924.772,27.03,30.084,29.96,8.846,0.0,0.0
429,6.0,7.0,0.0,2.0,2.0,0.0,3671.831,3047.966,10.787,30.475,30.312,8.867,0.0,0.0
430,6.0,7.0,0.0,3.0,3.0,0.0,3642.394,3200.754,-0.463,30.588,30.5,8.911,0.0,0.0
431,7.0,7.0,0.0,0.0,0.0,0.0,4375.028,3034.246,36.538,30.205,30.018,8.784,0.0,0.0
432,7.0,7.0,0.0,1.0,2.0,0.0,4089.399,3259.754,19.733,31.078,30.933,8.873,0.0,0.0
433,8.0,7.0,0.0,0.0,0.0,0.0,4760.251,2876.0,74.809,30.276,30.175,8.818,0.0,0.0
434,8.0,7.0,0.0,1.0,1.0,0.0,5127.567,3136.484,46.392,30.59,30.557,8.919,0.0,0.0
435,9.0,7.0,0.0,0.0,1.0,0.0,5238.995,2893.585,54.374,30.786,30.266,8.905,0.0,0.0
436,9.0,7.0,0.0,1.0,2.0,0.0,5770.695,2907.797,91.622,30.955,28.505,8.663,0.0,0.0
437,9.0,7.0,0.0,2.0,3.0,0.0,5602.712,2941.826,96.847,30.918,30.716,8.903,0.0,0.0
438,9.0,7.0,0.0,3.0,4.0,0.0,5400.847,2993.587,33.448,30.385,30.267,8.847,0.0,0.0
439,9.0,7.0,0.0,4.0,5.0,0.0,5746.783,3001.63,125.619,30.925,30.765,8.911,0.0,0.0
440,9.0,7.0,0.0,5.0,6.0,0.0,5536.021,3049.785,47.93,30.547,30.429,8.894,0.0,0.0
443,9.0,7.0,0.0,8.0,9.0,0.0,5542.986,3239.541,32.04,30.821,30.695,8.886,0.0,0.0
444,0.0,8.0,0.0,0.0,0.0,0.0,144.238,3313.227,68.064,30.442,30.224,8.849,0.0,0.0
446,0.0,8.0,0.0,2.0,2.0,0.0,357.26,3376.128,53.968,30.659,30.438,8.912,0.0,0.0
447,0.0,8.0,0.0,3.0,3.0,0.0,300.61,3377.724,72.328,30.263,30.202,8.82,0.0,0.0
448,0.0,8.0,0.0,4.0,4.0,0.0,28.598,3378.541,28.621,30.475,29.697,8.777,0.0,0.0
449,0.0,8.0,0.0,5.0,5.0,0.0,120.181,3382.948,11.712,11.772,11.194,5.49,0.0,0.0
450,0.0,8.0,0.0,6.0,6.0,0.0,150.789,3394.642,17.68,10.987,10.76,5.34,0.0,0.0
451,0.0,8.0,0.0,7.0,7.0,0.0,230.87,3413.468,38.077,30.495,30.248,8.86,0.0,0.0
452,0.0,8.0,0.0,8.0,8.0,0.0,506.736,3521.283,33.15,30.882,30.828,8.914,0.0,0.0
453,0.0,8.0,0.0,9.0,9.0,0.0,16.586,3673.07,59.947,30.801,30.671,8.88,0.0,0.0
454,1.0,8.0,0.0,0.0,0.0,0.0,1045.558,3570.974,41.359,30.469,30.358,8.872,0.0,0.0
456,2.0,8.0,0.0,1.0,2.0,0.0,1444.921,3414.093,51.465,30.54,30.096,8.844,0.0,0.0
458,2.0,8.0,0.0,3.0,4.0,0.0,1484.296,3471.826,11.799,30.498,30.321,8.871,0.0,0.0
459,2.0,8.0,0.0,4.0,5.0,0.0,1242.106,3501.916,-23.782,30.466,30.368,8.873,0.0,0.0
460,2.0,8.0,0.0,5.0,6.0,0.0,1321.856,3583.477,91.513,30.342,30.2,8.831,0.0,0.0
461,2.0,8.0,0.0,6.0,7.0,0.0,1479.18,3612.22,98.301,30.745,30.661,8.87,0.0,0.0
462,2.0,8.0,0.0,7.0,8.0,0.0,1323.69,3633.561,67.487,30.7,30.501,8.927,0.0,0.0
463,2.0,8.0,0.0,8.0,9.0,0.0,1431.334,3651.528,45.334,30.919,30.72,8.904,0.0,0.0
464,2.0,8.0,0.0,9.0,10.0,0.0,1456.814,3678.815,76.805,31.169,31.021,8.983,0.0,0.0
465,3.0,8.0,0.0,0.0,0.0,0.0,2094.032,3301.728,105.513,30.632,30.452,8.91,0.0,0.0
466,3.0,8.0,0.0,1.0,1.0,0.0,1905.103,3318.322,86.401,30.198,30.0,8.868,0.0,0.0
467,3.0,8.0,0.0,2.0,3.0,0.0,2060.804,3527.715,86.585,30.857,30.574,8.874,0.0,0.0
468,3.0,8.0,0.0,3.0,4.0,0.0,1853.793,3608.132,108.25,30.757,30.696,8.877,0.0,0.0
469,3.0,8.0,0.0,4.0,5.0,0.0,2163.015,3654.011,13.845,30.743,30.655,8.869,0.0,0.0
471,4.0,8.0,0.0,0.0,0.0,0.0,2358.562,3306.712,61.613,30.592,30.413,8.898,0.0,0.0
472,4.0,8.0,0.0,1.0,1.0,0.0,2628.969,3315.526,105.249,30.506,30.286,8.867,0.0,0.0
473,4.0,8.0,0.0,2.0,2.0,0.0,2876.309,3438.781,32.886,30.256,30.191,8.817,0.0,0.0
474,4.0,8.0,0.0,3.0,3.0,0.0,2537.373,3461.125,-3.702,30.375,30.195,8.835,0.0,0.0
475,4.0,8.0,0.0,4.0,4.0,0.0,2814.173,3563.969,55.761,30.961,30.89,8.935,0.0,0.0
477,5.0,8.0,0.0,0.0,0.0,0.0,2956.876,3284.894,46.73,30.383,29.979,8.805,0.0,0.0
478,5.0,8.0,0.0,1.0,1.0,0.0,3275.877,3332.238,95.065,30.318,30.165,8.822,0.0,0.0
479,5.0,8.0,0.0,2.0,2.0,0.0,3171.198,3354.707,87.792,30.355,30.242,8.839,0.0,0.0
480,5.0,8.0,0.0,3.0,3.0,0.0,3039.152,3433.94,91.816,30.397,30.273,8.849,0.0,0.0
482,5.0,8.0,0.0,5.0,6.0,0.0,3457.433,3554.841,27.545,31.303,30.896,8.985,0.0,0.0
484,5.0,8.0,0.0,7.0,8.0,0.0,2927.348,3592.996,-3.752,31.375,31.276,9.05,0.0,0.0
492,6.0,8.0,0.0,1.0,1.0,0.0,3529.239,3387.792,38.231,30.361,30.253,8.841,0.0,0.0
493,6.0,8.0,0.0,2.0,4.0,0.0,3525.746,3560.167,0.502,30.809,30.592,8.869,0.0,0.0
494,6.0,8.0,0.0,3.0,5.0,0.0,3710.197,3563.354,57.498,30.941,30.575,8.886,0.0,0.0
495,6.0,8.0,0.0,4.0,6.0,0.0,3705.668,3619.709,106.423,30.33,30.052,8.807,0.0,0.0
496,6.0,8.0,0.0,5.0,7.0,0.0,3887.181,3661.037,9.301,31.014,30.689,8.913,0.0,0.0
497,7.0,8.0,0.0,0.0,1.0,0.0,4460.949,3381.148,74.966,30.85,30.503,9.425,0.0,0.0
498,7.0,8.0,0.0,1.0,1.0,0.0,4478.743,3359.657,90.074,30.289,30.242,9.399,0.0,0.0
499,7.0,8.0,0.0,2.0,2.0,0.0,4429.208,3373.457,65.94,30.217,29.849,8.761,0.0,0.0
500,7.0,8.0,0.0,3.0,3.0,0.0,4219.102,3454.386,67.692,30.419,30.258,8.85,0.0,0.0
501,7.0,8.0,0.0,4.0,4.0,0.0,4321.216,3546.3,35.737,30.31,30.206,8.827,0.0,0.0
502,7.0,8.0,0.0,5.0,5.0,0.0,4242.05,3630.615,-39.868,30.705,30.665,8.865,0.0,0.0
503,7.0,8.0,0.0,6.0,6.0,0.0,4491.778,3684.156,-4.441,31.729,26.65,8.426,0.0,0.0
504,8.0,8.0,0.0,0.0,0.0,0.0,5190.997,3285.323,129.348,31.204,31.14,8.921,0.0,0.0
505,8.0,8.0,0.0,1.0,1.0,0.0,5151.446,3309.201,117.404,30.475,30.394,8.879,0.0,0.0
506,8.0,8.0,0.0,2.0,2.0,0.0,5094.049,3429.357,46.12,30.862,30.692,8.892,0.0,0.0
507,8.0,8.0,0.0,3.0,4.0,0.0,4896.271,3522.091,41.613,30.125,29.928,8.847,0.0,0.0
508,8.0,8.0,0.0,4.0,5.0,0.0,4854.463,3563.616,113.934,30.522,30.464,8.81,0.0,0.0
509,8.0,8.0,0.0,5.0,6.0,0.0,5024.976,3628.468,52.412,30.918,30.731,8.905,0.0,0.0
511,9.0,8.0,0.0,1.0,2.0,0.0,5604.102,3360.559,77.952,30.182,30.01,8.78,0.0,0.0
512,9.0,8.0,0.0,2.0,3.0,0.0,5535.865,3427.959,34.76,30.325,30.207,8.829,0.0,0.0
513,9.0,8.0,0.0,3.0,4.0,0.0,5343.006,3453.424,69.185,30.433,30.374,8.869,0.0,0.0
514,9.0,8.0,0.0,4.0,5.0,0.0,5463.218,3481.061,-7.283,30.197,30.133,8.8,0.0,0.0
515,9.0,8.0,0.0,5.0,6.0,0.0,5428.804,3505.529,30.464,30.171,29.82,8.751,0.0,0.0
516,9.0,8.0,0.0,6.0,7.0,0.0,5483.091,3524.376,-4.661,30.542,30.294,8.788,0.0,0.0
517,9.0,8.0,0.0,7.0,8.0,0.0,5581.201,3527.393,-29.052,30.548,30.493,8.904,0.0,0.0
521,0.0,9.0,0.0,0.0,1.0,0.0,350.385,4037.672,-32.321,30.893,30.793,8.911,0.0,0.0
522,1.0,9.0,0.0,0.0,0.0,0.0,723.816,3713.129,26.07,30.65,29.983,9.405,0.0,0.0
523,1.0,9.0,0.0,1.0,0.0,0.0,695.598,3706.477,38.106,30.845,30.588,9.432,0.0,0.0
524,1.0,9.0,0.0,2.0,1.0,0.0,747.011,3809.069,-13.486,30.571,30.382,8.891,0.0,0.0
530,3.0,9.0,0.0,0.0,1.0,0.0,2010.28,3786.749,43.04,30.776,30.621,8.869,0.0,0.0
531,3.0,9.0,0.0,1.0,2.0,0.0,2221.667,3950.286,53.332,30.91,30.7,8.9,0.0,0.0
532,4.0,9.0,0.0,0.0,1.0,0.0,2364.763,3721.475,36.679,30.483,30.107,8.838,0.0,0.0
534,4.0,9.0,0.0,2.0,3.0,0.0,2436.54,3782.054,36.673,30.386,30.159,8.831,0.0,0.0
535,4.0,9.0,0.0,3.0,4.0,0.0,2557.707,3890.064,125.903,30.343,30.247,8.838,0.0,0.0
536,4.0,9.0,0.0,4.0,5.0,0.0,2442.086,3907.337,-44.648,30.617,30.474,8.911,0.0,0.0
537,4.0,9.0,0.0,5.0,6.0,0.0,2634.511,3944.939,46.462,30.535,30.483,8.9,0.0,0.0
538,5.0,9.0,0.0,0.0,1.0,0.0,2994.984,3716.322,15.07,30.131,29.952,8.764,0.0,0.0
539,5.0,9.0,0.0,1.0,2.0,0.0,3467.208,3742.051,90.36,31.957,27.931,8.556,0.0,0.0
540,5.0,9.0,0.0,2.0,5.0,0.0,3096.33,3799.407,64.229,30.289,30.065,8.803,0.0,0.0
541,5.0,9.0,0.0,3.0,6.0,0.0,3278.028,3810.795,2.154,30.961,30.786,8.92,0.0,0.0
542,5.0,9.0,0.0,4.0,7.0,0.0,3224.399,3811.142,54.62,30.467,30.271,8.859,0.0,0.0
543,5.0,9.0,0.0,5.0,8.0,0.0,3090.92,3898.897,33.727,30.585,30.381,8.893,0.0,0.0
544,5.0,9.0,0.0,6.0,9.0,0.0,3308.936,3910.051,92.034,30.427,30.367,8.867,0.0,0.0
545,5.0,9.0,0.0,7.0,10.0,0.0,2994.994,4015.771,4.311,30.742,30.388,8.83,0.0,0.0
547,5.0,9.0,0.0,9.0,12.0,0.0,2919.754,4058.847,7.108,30.638,30.397,8.817,0.0,0.0
548,6.0,9.0,0.0,0.0,2.0,0.0,3898.119,3797.551,-12.676,36.337,36.322,9.691,0.0,0.0
549,6.0,9.0,0.0,1.0,3.0,0.0,3621.207,3796.255,31.298,29.864,29.666,8.77,0.0,0.0
550,6.0,9.0,0.0,2.0,4.0,0.0,3920.687,3839.582,115.851,30.839,30.762,8.898,0.0,0.0
552,6.0,9.0,0.0,4.0,6.0,0.0,4018.666,3938.088,-18.117,30.751,30.622,9.746,0.0,0.0
553,6.0,9.0,0.0,5.0,6.0,0.0,3991.658,3938.524,7.205,31.353,31.247,9.828,0.0,0.0
554,6.0,9.0,0.0,6.0,7.0,0.0,3760.446,3959.117,47.726,30.471,30.18,8.847,0.0,0.0
557,7.0,9.0,0.0,0.0,1.0,0.0,4474.68,3729.613,124.323,30.684,30.501,8.924,0.0,0.0
558,7.0,9.0,0.0,1.0,2.0,0.0,4250.718,3822.264,119.43,29.978,29.902,8.821,0.0,0.0
565,8.0,9.0,0.0,2.0,2.0,0.0,4761.815,3854.65,65.874,29.803,29.657,8.759,0.0,0.0
566,8.0,9.0,0.0,3.0,3.0,0.0,4842.604,3946.86,33.024,30.21,30.025,8.786,0.0,0.0
567,8.0,9.0,0.0,4.0,4.0,0.0,4939.275,3962.253,114.434,30.418,30.318,8.859,0.0,0.0
568,8.0,9.0,0.0,5.0,5.0,0.0,5034.167,4076.038,67.584,31.077,30.885,8.951,0.0,0.0
569,9.0,9.0,0.0,0.0,0.0,0.0,5441.857,3739.487,47.84,30.531,30.098,8.843,0.0,0.0
570,9.0,9.0,0.0,1.0,1.0,0.0,5454.385,3777.138,75.335,30.721,30.269,8.81,0.0,0.0
571,9.0,9.0,0.0,2.0,2.0,0.0,5532.514,3786.035,134.468,30.601,30.444,8.904,0.0,0.0
572,9.0,9.0,0.0,3.0,3.0,0.0,5729.477,3793.528,63.237,30.61,30.409,8.814,0.0,0.0
573,9.0,9.0,0.0,4.0,4.0,0.0,5496.304,3915.389,29.738,30.013,29.903,8.827,0.0,0.0
574,0.0,10.0,0.0,0.0,0.0,0.0,305.962,4101.86,75.914,30.899,30.664,8.893,0.0,0.0
575,0.0,10.0,0.0,1.0,1.0,0.0,171.674,4121.628,48.834,30.191,30.12,8.797,0.0,0.0
578,0.0,10.0,0.0,4.0,4.0,0.0,70.203,4186.327,46.496,30.627,30.35,8.894,0.0,0.0
579,0.0,10.0,0.0,5.0,5.0,0.0,435.574,4186.568,86.859,30.562,30.496,8.906,0.0,0.0
581,0.0,10.0,0.0,7.0,7.0,0.0,369.303,4218.979,37.667,31.334,30.718,8.88,0.0,0.0
583,1.0,10.0,0.0,0.0,0.0,0.0,1088.998,4161.447,117.125,30.648,30.594,8.933,0.0,0.0
584,1.0,10.0,0.0,1.0,1.0,0.0,1117.565,4194.849,8.472,31.365,31.157,8.946,0.0,0.0
585,1.0,10.0,0.0,2.0,2.0,0.0,850.389,4223.208,63.431,31.04,30.864,8.942,0.0,0.0
586,1.0,10.0,0.0,3.0,4.0,0.0,741.424,4278.827,42.539,30.653,30.524,8.923,0.0,0.0
587,1.0,10.0,0.0,4.0,5.0,0.0,955.9,4340.485,40.148,30.682,30.493,8.923,0.0,0.0
588,1.0,10.0,0.0,5.0,6.0,0.0,685.196,4362.882,-1.342,30.203,29.962,9.78,0.0,0.0
589,1.0,10.0,0.0,6.0,6.0,0.0,710.611,4361.913,12.097,31.447,30.806,9.873,0.0,0.0
591,2.0,10.0,0.0,0.0,0.0,0.0,1534.14,4144.715,99.757,30.216,30.081,8.795,0.0,0.0
592,2.0,10.0,0.0,1.0,1.0,0.0,1339.064,4178.248,41.221,30.141,29.961,8.767,0.0,0.0
593,2.0,10.0,0.0,2.0,2.0,0.0,1218.127,4214.19,18.446,30.618,30.477,8.912,0.0,0.0
594,2.0,10.0,0.0,3.0,3.0,0.0,1173.8,4236.842,-22.163,31.077,30.752,8.847,0.0,0.0
595,2.0,10.0,0.0,4.0,4.0,0.0,1546.32,4318.103,-1.587,30.403,30.329,8.859,0.0,0.0
596,2.0,10.0,0.0,5.0,5.0,0.0,1511.598,4382.944,87.921,30.648,30.442,8.825,0.0,0.0
600,2.0,10.0,0.0,9.0,9.0,0.0,1194.493,4493.366,-26.571,31.2,30.885,8.969,0.0,0.0
601,3.0,10.0,0.0,0.0,0.0,0.0,2147.275,4167.417,-8.32,30.57,30.511,8.823,0.0,0.0
602,3.0,10.0,0.0,1.0,1.0,0.0,2188.815,4170.817,82.205,30.893,30.662,8.892,0.0,0.0
603,3.0,10.0,0.0,2.0,2.0,0.0,2090.576,4358.312,59.233,30.407,30.282,8.852,0.0,0.0
604,3.0,10.0,0.0,3.0,3.0,0.0,2138.783,4416.684,65.586,30.482,30.236,8.856,0.0,0.0
605,4.0,10.0,0.0,0.0,0.0,0.0,2876.827,4358.689,14.708,30.541,30.42,8.892,0.0,0.0
606,4.0,10.0,0.0,1.0,1.0,0.0,2558.224,4419.698,28.846,30.27,30.247,8.827,0.0,0.0
607,4.0,10.0,0.0,2.0,2.0,0.0,2806.968,4443.232,-12.565,30.873,30.737,8.9,0.0,0.0
608,4.0,10.0,0.0,3.0,3.0,0.0,2475.562,4457.268,-37.0,30.9,30.825,8.916,0.0,0.0
609,4.0,10.0,0.0,4.0,4.0,0.0,2422.905,4470.317,12.574,30.961,30.579,8.89,0.0,0.0
610,5.0,10.0,0.0,0.0,1.0,0.0,2976.59,4394.624,32.394,30.823,30.697,8.887,0.0,0.0
611,6.0,10.0,0.0,0.0,0.0,0.0,3533.82,4211.324,21.544,30.537,30.159,8.853,0.0,0.0
612,6.0,10.0,0.0,1.0,1.0,0.0,3550.636,4309.534,-2.207,31.15,30.998,8.978,0.0,0.0
614,6.0,10.0,0.0,3.0,4.0,0.0,3938.158,4369.824,29.634,30.597,30.396,8.897,0.0,0.0
616,6.0,10.0,0.0,5.0,6.0,0.0,4009.06,4456.339,-3.623,30.958,30.808,8.922,0.0,0.0
618,7.0,10.0,0.0,1.0,0.0,0.0,4488.529,4106.957,18.593,30.703,30.166,8.794,0.0,0.0
621,7.0,10.0,0.0,4.0,3.0,0.0,4345.475,4290.534,35.796,30.279,29.992,8.791,0.0,0.0
622,7.0,10.0,0.0,5.0,4.0,0.0,4185.889,4292.259,-21.795,30.374,30.133,8.826,0.0,0.0
623,7.0,10.0,0.0,6.0,5.0,0.0,4506.197,4292.641,-24.825,30.985,30.762,8.92,0.0,0.0
624,7.0,10.0,0.0,7.0,6.0,0.0,4120.982,4414.406,104.649,30.538,30.43,8.893,0.0,0.0
626,8.0,10.0,0.0,1.0,2.0,0.0,4884.093,4146.057,39.772,30.875,30.342,8.929,0.0,0.0
627,8.0,10.0,0.0,2.0,3.0,0.0,5188.032,4202.859,122.132,30.51,30.436,8.89,0.0,0.0
628,8.0,10.0,0.0,3.0,4.0,0.0,4888.851,4223.063,105.72,30.359,30.16,8.827,0.0,0.0
630,8.0,10.0,0.0,5.0,6.0,0.0,4904.929,4476.32,-21.982,30.827,30.715,8.89,0.0,0.0
631,8.0,10.0,0.0,6.0,7.0,0.0,4860.122,4485.214,0.405,31.04,30.927,8.951,0.0,0.0
634,9.0,10.0,0.0,2.0,4.0,0.0,5585.411,4265.365,55.776,30.242,30.167,8.811,0.0,0.0
636,9.0,10.0,0.0,4.0,6.0,0.0,5333.376,4364.243,45.166,30.199,29.981,8.778,0.0,0.0
637,9.0,10.0,0.0,5.0,7.0,0.0,5412.185,4448.356,-43.44,30.769,30.704,8.88,0.0,0.0
638,0.0,11.0,0.0,0.0,0.0,0.0,88.216,4557.364,35.887,30.695,30.525,8.844,0.0,0.0
641,0.0,11.0,0.0,3.0,5.0,0.0,499.743,4775.437,-44.407,30.707,30.542,8.934,0.0,0.0
642,1.0,11.0,0.0,0.0,0.0,0.0,606.221,4573.333,48.107,31.2,30.928,8.89,0.0,0.0
643,1.0,11.0,0.0,1.0,1.0,0.0,711.252,4763.729,-41.884,30.629,30.534,8.835,0.0,0.0
648,2.0,11.0,0.0,0.0,2.0,0.0,1481.462,4509.622,115.819,30.739,30.532,8.937,0.0,0.0
649,2.0,11.0,0.0,1.0,3.0,0.0,1191.003,4566.261,29.991,30.707,30.457,8.922,0.0,0.0
650,2.0,11.0,0.0,2.0,4.0,0.0,1611.762,4808.109,42.86,30.423,30.156,8.836,0.0,0.0
651,3.0,11.0,0.0,0.0,0.0,0.0,1977.834,4517.632,48.875,30.214,29.987,8.781,0.0,0.0
652,3.0,11.0,0.0,1.0,1.0,0.0,2178.104,4546.525,97.513,30.621,30.572,8.926,0.0,0.0
653,3.0,11.0,0.0,2.0,2.0,0.0,2058.557,4773.594,-18.492,30.157,29.94,8.766,0.0,0.0
654,3.0,11.0,0.0,3.0,3.0,0.0,1980.483,4816.866,-13.866,30.523,30.421,8.89,0.0,0.0
656,3.0,11.0,0.0,5.0,6.0,0.0,1946.672,4865.898,42.099,30.632,30.445,8.909,0.0,0.0
657,3.0,11.0,0.0,6.0,7.0,0.0,2154.838,4883.653,102.537,31.28,31.162,9.02,0.0,0.0
658,4.0,11.0,0.0,0.0,0.0,0.0,2510.368,4566.237,-17.323,30.634,30.416,8.905,0.0,0.0
659,4.0,11.0,0.0,1.0,1.0,0.0,2839.991,4578.209,123.495,30.424,30.089,8.826,0.0,0.0
660,4.0,11.0,0.0,2.0,2.0,0.0,2459.874,4598.199,53.078,30.448,30.15,8.839,0.0,0.0
661,4.0,11.0,0.0,3.0,3.0,0.0,2793.45,4684.176,-3.774,30.775,30.758,8.889,0.0,0.0
662,4.0,11.0,0.0,4.0,4.0,0.0,2596.687,4692.965,-43.544,30.447,30.19,8.845,0.0,0.0
664,4.0,11.0,0.0,6.0,6.0,0.0,2789.651,4752.137,37.784,31.262,30.993,8.908,0.0,0.0
665,4.0,11.0,0.0,7.0,7.0,0.0,2476.377,4778.814,75.27,30.281,30.18,8.819,0.0,0.0
666,4.0,11.0,0.0,8.0,8.0,0.0,2891.001,4828.706,92.44,32.127,28.409,8.65,0.0,0.0
667,4.0,11.0,0.0,9.0,9.0,0.0,2784.2,4840.824,58.929,30.938,30.684,8.901,0.0,0.0
668,5.0,11.0,0.0,0.0,0.0,0.0,2940.962,4545.131,14.413,30.823,30.618,8.875,0.0,0.0
669,5.0,11.0,0.0,1.0,1.0,0.0,2998.827,4719.269,61.205,30.812,30.275,8.91,0.0,0.0
670,5.0,11.0,0.0,2.0,2.0,0.0,3287.831,4783.577,77.056,30.806,30.613,8.872,0.0,0.0
671,5.0,11.0,0.0,3.0,3.0,0.0,3213.394,4805.31,72.012,30.685,30.597,8.939,0.0,0.0
672,5.0,11.0,0.0,4.0,5.0,0.0,3149.722,4839.081,106.765,30.478,30.36,8.874,0.0,0.0
673,5.0,11.0,0.0,5.0,6.0,0.0,3339.245,4854.039,68.548,30.863,30.768,8.903,0.0,0.0
674,5.0,11.0,0.0,6.0,7.0,0.0,3008.635,4886.504,6.998,30.881,30.705,8.896,0.0,0.0
675,6.0,11.0,0.0,0.0,0.0,0.0,3632.632,4689.16,24.976,30.389,30.288,8.85,0.0,0.0
676,6.0,11.0,0.0,1.0,1.0,0.0,3908.394,4711.961,57.579,30.586,30.52,8.913,0.0,0.0
677,6.0,11.0,0.0,2.0,2.0,0.0,3856.442,4816.187,78.053,30.529,30.49,8.9,0.0,0.0
678,6.0,11.0,0.0,3.0,3.0,0.0,3571.786,4840.46,100.907,30.502,30.42,8.886,0.0,0.0
679,6.0,11.0,0.0,4.0,4.0,0.0,3644.435,4885.358,13.889,30.944,30.792,8.918,0.0,0.0
681,7.0,11.0,0.0,1.0,1.0,0.0,4437.683,4732.968,65.94,30.472,29.976,9.276,0.0,0.0
682,7.0,11.0,0.0,2.0,1.0,0.0,4430.329,4705.066,69.72,30.764,30.685,9.436,0.0,0.0
683,7.0,11.0,0.0,3.0,2.0,0.0,4268.941,4807.473,48.304,30.426,30.281,8.855,0.0,0.0
684,7.0,11.0,0.0,4.0,3.0,0.0,4545.805,4846.754,6.643,30.955,30.817,8.923,0.0,0.0
685,7.0,11.0,0.0,5.0,5.0,0.0,4147.139,4878.859,11.5,30.796,30.391,8.925,0.0,0.0
686,8.0,11.0,0.0,0.0,3.0,0.0,5078.574,4738.317,-29.756,30.84,30.432,8.851,0.0,0.0
688,8.0,11.0,0.0,2.0,5.0,0.0,4631.811,4867.174,33.854,31.246,31.023,8.91,0.0,0.0
689,9.0,11.0,0.0,0.0,0.0,0.0,5590.075,4769.078,56.798,30.39,30.282,8.85,0.0,0.0
692,1.0,12.0,0.0,0.0,2.0,0.0,942.143,4989.49,-14.265,30.626,30.504,8.917,0.0,0.0
693,1.0,12.0,0.0,1.0,3.0,0.0,861.684,5014.466,69.725,29.718,29.523,8.727,0.0,0.0
694,1.0,12.0,0.0,2.0,4.0,0.0,1068.87,5036.232,5.054,30.912,30.669,8.896,0.0,0.0
695,1.0,12.0,0.0,3.0,5.0,0.0,625.613,5098.301,32.072,30.89,30.699,8.897,0.0,0.0
696,1.0,12.0,0.0,4.0,7.0,0.0,610.713,5223.148,41.495,30.646,30.431,8.823,0.0,0.0
697,1.0,12.0,0.0,5.0,8.0,0.0,992.051,5306.048,-26.251,31.112,31.043,8.979,0.0,0.0
698,2.0,12.0,0.0,0.0,0.0,0.0,1286.158,4917.151,86.279,30.744,30.524,8.85,0.0,0.0
699,2.0,12.0,0.0,1.0,1.0,0.0,1494.089,4918.283,30.931,30.551,30.415,8.893,0.0,0.0
700,2.0,12.0,0.0,2.0,2.0,0.0,1575.934,4948.394,61.601,30.576,30.395,8.893,0.0,0.0
701,2.0,12.0,0.0,3.0,3.0,0.0,1614.255,4954.31,59.717,30.501,30.398,8.883,0.0,0.0
705,2.0,12.0,0.0,7.0,7.0,0.0,1237.754,5171.725,45.579,30.863,30.727,8.897,0.0,0.0
706,2.0,12.0,0.0,8.0,8.0,0.0,1328.199,5313.765,0.812,31.294,29.909,8.841,0.0,0.0
707,3.0,12.0,0.0,0.0,1.0,0.0,1971.618,5186.515,24.907,31.017,30.745,8.922,0.0,0.0
708,3.0,12.0,0.0,1.0,2.0,0.0,1867.026,5201.936,21.888,30.643,30.307,8.804,0.0,0.0
709,4.0,12.0,0.0,0.0,0.0,0.0,2344.875,5017.762,13.798,30.27,29.984,8.789,0.0,0.0
710,4.0,12.0,0.0,1.0,1.0,0.0,2394.905,5028.714,5.249,30.165,29.801,8.747,0.0,0.0
711,4.0,12.0,0.0,2.0,2.0,0.0,2493.513,5070.831,47.019,30.324,30.005,8.799,0.0,0.0
712,4.0,12.0,0.0,3.0,3.0,0.0,2555.537,5119.055,52.754,30.324,29.974,8.795,0.0,0.0
713,4.0,12.0,0.0,4.0,4.0,0.0,2717.992,5266.582,95.469,24.326,24.265,7.905,0.0,0.0
714,5.0,12.0,0.0,0.0,2.0,0.0,2943.087,4935.464,33.725,30.214,30.099,8.797,0.0,0.0
715,5.0,12.0,0.0,1.0,3.0,0.0,2959.766,4990.375,24.733,30.657,30.569,8.844,0.0,0.0
716,5.0,12.0,0.0,2.0,4.0,0.0,3099.769,4998.554,-4.088,30.52,30.41,8.888,0.0,0.0
717,5.0,12.0,0.0,3.0,5.0,0.0,2950.197,5093.639,21.572,30.68,30.416,8.825,0.0,0.0
718,5.0,12.0,0.0,4.0,6.0,0.0,3343.364,5223.249,34.989,31.009,30.664,8.909,0.0,0.0
719,5.0,12.0,0.0,5.0,7.0,0.0,3433.946,5285.631,11.0,31.629,31.317,9.007,0.0,0.0
720,6.0,12.0,0.0,0.0,1.0,0.0,3591.608,4955.687,64.805,30.228,30.031,8.79,0.0,0.0
721,6.0,12.0,0.0,1.0,2.0,0.0,3519.302,4976.018,20.855,30.374,30.118,8.824,0.0,0.0
722,6.0,12.0,0.0,2.0,3.0,0.0,3869.068,5057.506,72.977,30.924,30.701,8.902,0.0,0.0
723,6.0,12.0,0.0,3.0,4.0,0.0,3598.926,5084.204,28.463,30.78,30.587,8.865,0.0,0.0
724,6.0,12.0,0.0,4.0,5.0,0.0,3861.098,5176.038,-16.797,30.783,30.459,8.847,0.0,0.0
725,7.0,12.0,0.0,0.0,0.0,0.0,4217.059,4955.729,65.529,29.91,29.846,8.803,0.0,0.0
726,8.0,12.0,0.0,0.0,0.0,0.0,5111.807,4927.403,61.237,30.464,30.447,8.885,0.0,0.0
727,8.0,12.0,0.0,1.0,1.0,0.0,4766.603,5009.228,1.157,30.707,30.581,8.853,0.0,0.0
728,8.0,12.0,0.0,2.0,2.0,0.0,4691.189,5033.307,44.803,30.697,30.478,8.837,0.0,0.0
729,8.0,12.0,0.0,3.0,3.0,0.0,4831.648,5053.29,55.687,30.497,30.142,8.845,0.0,0.0
730,8.0,12.0,0.0,4.0,4.0,0.0,4792.19,5106.023,5.324,30.829,30.548,8.866,0.0,0.0
731,8.0,12.0,0.0,5.0,5.0,0.0,4711.349,5110.245,25.096,30.777,30.697,8.88,0.0,0.0
733,8.0,12.0,0.0,7.0,7.0,0.0,5051.114,5312.704,5.843,31.17,30.954,8.974,0.0,0.0
734,9.0,12.0,0.0,0.0,0.0,0.0,5460.177,4948.659,-20.173,30.48,30.408,8.881,0.0,0.0
735,9.0,12.0,0.0,1.0,1.0,0.0,5658.513,5003.707,48.73,30.462,30.228,8.852,0.0,0.0
737,9.0,12.0,0.0,3.0,3.0,0.0,5603.988,5071.691,18.908,30.629,30.578,8.928,0.0,0.0
738,9.0,12.0,0.0,4.0,4.0,0.0,5381.108,5098.119,77.779,30.38,30.328,8.855,0.0,0.0
740,9.0,12.0,0.0,6.0,6.0,0.0,5641.493,5239.045,123.203,30.576,30.557,8.917,0.0,0.0
743,0.0,12.0,0.0,0.0,0.0,0.0,441.276,5317.424,126.304,31.151,29.731,23.97,4.0,
744,1.0,0.0,0.0,0.0,0.0,0.0,727.014,29.803,99.61,30.609,29.615,25.632,4.0,
745,1.0,0.0,0.0,0.0,0.0,0.0,744.625,19.917,49.706,31.451,30.92,26.583,4.0,
747,1.0,1.0,0.0,0.0,0.0,0.0,1050.411,590.556,84.057,31.245,29.349,25.679,4.0,
748,1.0,1.0,0.0,0.0,0.0,0.0,1048.282,613.156,117.725,31.239,30.856,26.401,4.0,
749,2.0,0.0,0.0,0.0,0.0,0.0,1635.133,218.157,50.859,31.175,30.058,24.085,4.0,
750,2.0,3.0,0.0,0.0,0.0,0.0,1459.115,1249.439,10.767,31.171,30.116,25.959,4.0,
751,2.0,3.0,0.0,0.0,0.0,0.0,1446.129,1252.682,44.408,31.582,30.574,26.46,4.0,
752,2.0,6.0,0.0,0.0,0.0,0.0,1333.538,2804.5,92.984,30.962,30.343,26.063,4.0,
753,2.0,6.0,0.0,0.0,0.0,0.0,1339.263,2783.26,5.972,30.859,29.4,25.673,4.0,
755,2.0,6.0,0.0,0.0,0.0,0.0,1206.483,2812.649,2.625,31.661,30.772,26.551,4.0,
756,2.0,6.0,0.0,0.0,0.0,0.0,1206.268,2790.133,58.996,30.846,29.853,25.756,4.0,
757,2.0,7.0,0.0,0.0,0.0,0.0,1400.897,3126.782,38.814,31.173,31.01,26.424,4.0,
758,2.0,8.0,0.0,0.0,0.0,0.0,1384.296,3297.686,26.667,30.821,30.532,26.104,4.0,
759,3.0,3.0,0.0,0.0,0.0,0.0,1911.107,1378.07,80.244,30.233,29.949,25.579,4.0,
760,3.0,3.0,0.0,0.0,0.0,0.0,1916.471,1365.788,19.937,31.03,29.353,25.903,4.0,
762,3.0,7.0,0.0,0.0,0.0,0.0,1899.394,3146.263,28.063,30.813,29.818,25.745,4.0,
763,4.0,5.0,0.0,0.0,0.0,0.0,2591.996,2334.616,100.451,29.884,28.89,24.95,4.0,
764,4.0,5.0,0.0,0.0,0.0,0.0,2587.994,2325.599,0.67,30.267,28.818,23.386,4.0,
765,4.0,11.0,0.0,0.0,0.0,0.0,2482.77,4701.314,60.525,31.024,28.024,25.463,4.0,
766,4.0,11.0,0.0,0.0,0.0,0.0,2471.181,4707.383,58.901,30.983,29.818,24.082,4.0,
767,5.0,2.0,0.0,0.0,0.0,0.0,3458.773,1200.844,43.208,31.31,28.703,25.867,4.0,
768,5.0,2.0,0.0,0.0,0.0,0.0,3453.858,1206.975,52.307,30.051,29.762,25.473,4.0,
769,5.0,8.0,0.0,0.0,0.0,0.0,3312.322,3628.093,47.179,30.637,30.202,25.852,4.0,
770,5.0,8.0,0.0,0.0,0.0,0.0,3301.766,3626.6,103.819,30.553,29.337,22.141,4.0,
772,5.0,12.0,0.0,0.0,0.0,0.0,3251.695,4919.306,100.708,30.829,29.952,25.91,4.0,
773,5.0,12.0,0.0,0.0,0.0,0.0,3232.248,4926.267,13.914,31.18,30.438,24.251,4.0,
775,6.0,0.0,0.0,0.0,0.0,0.0,3597.467,81.588,22.883,29.812,29.639,21.901,4.0,
776,6.0,6.0,0.0,0.0,0.0,0.0,3868.973,2829.731,104.928,31.253,31.022,26.472,4.0,
777,6.0,6.0,0.0,0.0,0.0,0.0,3868.277,2824.68,-8.378,30.417,27.881,24.961,4.0,
778,7.0,3.0,0.0,0.0,0.0,0.0,4577.137,1286.969,13.94,30.779,29.852,25.851,4.0,
780,7.0,7.0,0.0,0.0,0.0,0.0,4502.779,3215.781,7.236,33.469,29.746,26.654,4.0,
781,9.0,12.0,0.0,0.0,0.0,0.0,5504.369,5221.047,-31.81,29.694,29.25,25.105,4.0,
782,9.0,12.0,0.0,0.0,0.0,0.0,5512.078,5226.477,50.498,30.551,29.653,23.658,4.0,
</ResultDatas>,,,,,,,,,,,,,,
<ElementResult>,,,,,,,,,,,,,,
0,0.0,,,,,,,,,,,,,
1,0.0,,,,,,,,,,,,,
2,0.0,,,,,,,,,,,,,
3,2.0,,,,,,,,,,,,,
4,0.0,,,,,,,,,,,,,
5,621.0,,,,,,,,,,,,,
</ElementResult>,,,,,,,,,,,,,,
