No,ImageNoX,ImageNoY,ImageNoZ,ElpsLabel,ObjLabel,Average,GravX,GravY,Angle,MjrAx,MnrAx,X2,Status,DepthAve
0,0.0,0.0,0.0,0.0,2.0,0.0,326.802,46.682,61.361,32.022,31.936,9.066,0.0,0.0
1,0.0,0.0,0.0,1.0,3.0,0.0,484.328,139.761,28.455,32.685,32.468,9.151,0.0,0.0
2,0.0,0.0,0.0,2.0,4.0,0.0,446.016,154.337,126.856,32.382,32.305,9.17,0.0,0.0
3,0.0,0.0,0.0,3.0,5.0,0.0,166.607,208.516,65.208,32.135,31.86,9.071,0.0,0.0
4,0.0,0.0,0.0,4.0,6.0,0.0,407.49,262.594,93.669,32.77,32.678,9.193,0.0,0.0
5,0.0,0.0,0.0,5.0,7.0,0.0,461.332,402.297,73.355,33.072,32.9,9.183,0.0,0.0
7,1.0,0.0,0.0,1.0,1.0,0.0,838.225,111.734,73.998,32.066,31.758,9.047,0.0,0.0
8,1.0,0.0,0.0,2.0,2.0,0.0,793.745,137.675,3.003,32.328,32.198,9.147,0.0,0.0
9,1.0,0.0,0.0,3.0,3.0,0.0,1085.148,283.403,4.924,32.631,32.547,9.155,0.0,0.0
10,1.0,0.0,0.0,4.0,4.0,0.0,845.472,323.924,92.455,32.418,32.193,9.158,0.0,0.0
11,1.0,0.0,0.0,5.0,5.0,0.0,1009.572,330.727,-17.834,32.316,32.122,9.134,0.0,0.0
12,1.0,0.0,0.0,6.0,7.0,0.0,659.098,397.396,-28.317,32.357,32.181,9.149,0.0,0.0
13,2.0,0.0,0.0,0.0,0.0,0.0,1394.504,224.635,44.95,32.539,32.191,9.176,0.0,0.0
14,2.0,0.0,0.0,1.0,1.0,0.0,1634.62,243.068,86.147,32.64,32.565,9.159,0.0,0.0
15,2.0,0.0,0.0,2.0,2.0,0.0,1648.723,277.26,83.684,32.443,32.32,9.18,0.0,0.0
16,2.0,0.0,0.0,3.0,3.0,0.0,1170.191,363.685,-5.853,32.368,32.202,9.153,0.0,0.0
17,2.0,0.0,0.0,4.0,4.0,0.0,1718.427,380.615,97.063,30.158,29.731,8.736,0.0,0.0
18,3.0,0.0,0.0,0.0,1.0,0.0,2016.255,285.561,64.227,32.245,32.069,9.116,0.0,0.0
20,4.0,0.0,0.0,1.0,1.0,0.0,2397.132,76.965,30.769,32.498,31.947,9.052,0.0,0.0
21,4.0,0.0,0.0,2.0,2.0,0.0,2691.463,188.54,93.167,32.284,32.238,9.146,0.0,0.0
22,4.0,0.0,0.0,3.0,3.0,0.0,2621.083,246.266,24.478,32.229,32.196,9.133,0.0,0.0
23,4.0,0.0,0.0,4.0,4.0,0.0,2509.436,250.34,62.955,31.823,31.79,9.102,0.0,0.0
25,5.0,0.0,0.0,0.0,0.0,0.0,3310.676,232.786,-6.687,32.147,32.03,9.097,0.0,0.0
26,5.0,0.0,0.0,1.0,1.0,0.0,3468.462,258.856,92.956,34.68,25.951,8.524,0.0,0.0
27,5.0,0.0,0.0,2.0,2.0,0.0,2912.883,273.85,3.298,32.738,32.582,9.175,0.0,0.0
28,5.0,0.0,0.0,3.0,3.0,0.0,2949.621,418.674,-1.045,34.306,29.275,8.836,0.0,0.0
29,6.0,0.0,0.0,0.0,1.0,0.0,3673.652,109.194,64.659,31.824,31.481,9.057,0.0,0.0
30,6.0,0.0,0.0,1.0,2.0,0.0,3877.382,243.431,1.2,32.34,32.235,9.154,0.0,0.0
31,6.0,0.0,0.0,2.0,4.0,0.0,3745.693,309.009,44.13,32.995,32.895,9.255,0.0,0.0
32,6.0,0.0,0.0,3.0,5.0,0.0,3511.396,324.708,15.541,32.171,31.884,9.08,0.0,0.0
33,7.0,0.0,0.0,0.0,1.0,0.0,4163.216,94.951,39.738,32.642,32.432,9.14,0.0,0.0
34,7.0,0.0,0.0,1.0,2.0,0.0,4513.861,112.947,112.676,32.088,31.834,9.061,0.0,0.0
35,7.0,0.0,0.0,2.0,3.0,0.0,4149.308,241.041,94.042,32.442,32.377,9.105,0.0,0.0
36,7.0,0.0,0.0,3.0,4.0,0.0,4618.477,356.006,92.557,33.706,29.687,8.887,0.0,0.0
37,7.0,0.0,0.0,4.0,5.0,0.0,4324.948,367.659,5.119,32.136,32.111,9.107,0.0,0.0
38,7.0,0.0,0.0,5.0,6.0,0.0,4434.276,376.424,-10.809,32.705,32.552,9.166,0.0,0.0
39,8.0,0.0,0.0,0.0,2.0,0.0,4898.408,318.099,47.94,32.404,32.319,9.175,0.0,0.0
42,9.0,0.0,0.0,1.0,2.0,0.0,5767.478,62.913,-28.309,33.092,32.775,9.252,0.0,0.0
43,9.0,0.0,0.0,2.0,3.0,0.0,5555.879,141.348,91.219,32.292,32.236,9.147,0.0,0.0
44,9.0,0.0,0.0,3.0,4.0,0.0,5461.894,167.046,8.592,32.082,32.049,9.091,0.0,0.0
45,9.0,0.0,0.0,4.0,5.0,0.0,5598.312,202.444,61.106,32.1,31.957,9.08,0.0,0.0
46,9.0,0.0,0.0,5.0,6.0,0.0,5218.824,307.768,5.097,32.269,32.087,9.123,0.0,0.0
47,9.0,0.0,0.0,6.0,7.0,0.0,5264.286,313.359,10.024,32.783,32.615,9.186,0.0,0.0
48,9.0,0.0,0.0,7.0,8.0,0.0,5649.191,350.84,89.585,32.927,32.882,9.243,0.0,0.0
49,9.0,0.0,0.0,8.0,9.0,0.0,5518.958,385.887,115.465,32.614,32.464,9.141,0.0,0.0
50,0.0,1.0,0.0,0.0,1.0,0.0,63.455,501.642,56.688,32.406,32.233,9.163,0.0,0.0
51,0.0,1.0,0.0,1.0,2.0,0.0,124.617,518.076,34.561,32.076,31.996,9.082,0.0,0.0
52,0.0,1.0,0.0,2.0,3.0,0.0,57.994,784.387,-5.516,32.419,32.284,9.172,0.0,0.0
54,0.0,1.0,0.0,4.0,5.0,0.0,353.704,805.378,54.501,32.46,32.387,9.108,0.0,0.0
55,1.0,1.0,0.0,0.0,1.0,0.0,968.912,466.119,85.635,32.485,31.701,8.932,0.0,0.0
57,1.0,1.0,0.0,2.0,3.0,0.0,639.69,660.178,36.799,33.053,32.9,9.181,0.0,0.0
58,1.0,1.0,0.0,3.0,4.0,0.0,942.627,685.967,17.805,32.375,32.11,9.141,0.0,0.0
59,1.0,1.0,0.0,4.0,5.0,0.0,648.1,714.459,-14.498,32.34,32.242,9.155,0.0,0.0
60,1.0,1.0,0.0,5.0,6.0,0.0,825.561,755.381,41.976,32.402,32.31,9.089,0.0,0.0
61,2.0,1.0,0.0,0.0,0.0,0.0,1420.803,495.762,59.697,32.648,32.309,9.124,0.0,0.0
62,2.0,1.0,0.0,1.0,1.0,0.0,1697.447,501.165,-26.829,32.545,32.287,9.107,0.0,0.0
63,2.0,1.0,0.0,2.0,2.0,0.0,1573.952,760.255,43.737,32.719,32.311,9.134,0.0,0.0
64,2.0,1.0,0.0,3.0,3.0,0.0,1183.085,811.29,-6.384,32.674,32.38,9.138,0.0,0.0
66,3.0,1.0,0.0,1.0,1.0,0.0,2067.25,620.892,59.401,31.916,31.766,9.027,0.0,0.0
67,3.0,1.0,0.0,2.0,2.0,0.0,1822.248,649.103,56.629,32.364,32.286,9.164,0.0,0.0
68,4.0,1.0,0.0,0.0,0.0,0.0,2356.679,510.225,38.466,32.278,31.989,9.11,0.0,0.0
71,4.0,1.0,0.0,3.0,2.0,0.0,2474.188,669.175,-2.539,32.16,32.028,9.099,0.0,0.0
72,4.0,1.0,0.0,4.0,3.0,0.0,2533.502,734.939,52.869,32.143,31.914,9.08,0.0,0.0
73,4.0,1.0,0.0,5.0,4.0,0.0,2576.734,741.519,39.159,32.095,32.061,9.094,0.0,0.0
74,5.0,1.0,0.0,0.0,1.0,0.0,3266.151,489.308,63.756,32.489,32.34,9.106,0.0,0.0
75,5.0,1.0,0.0,1.0,2.0,0.0,3329.925,628.029,71.67,32.249,32.059,9.116,0.0,0.0
76,5.0,1.0,0.0,2.0,3.0,0.0,3390.39,640.135,37.277,31.872,31.764,9.021,0.0,0.0
77,5.0,1.0,0.0,3.0,4.0,0.0,3071.004,651.314,90.954,32.589,32.404,9.213,0.0,0.0
78,5.0,1.0,0.0,4.0,5.0,0.0,3464.309,717.577,86.549,32.795,32.167,9.124,0.0,0.0
79,6.0,1.0,0.0,0.0,0.0,0.0,3685.819,483.855,73.471,32.199,32.055,9.108,0.0,0.0
80,7.0,1.0,0.0,0.0,0.0,0.0,4440.233,544.609,72.216,32.513,32.299,9.187,0.0,0.0
81,7.0,1.0,0.0,1.0,1.0,0.0,4437.804,710.157,44.469,32.289,32.075,9.124,0.0,0.0
82,8.0,1.0,0.0,0.0,1.0,0.0,4892.418,577.815,62.309,32.297,32.227,9.146,0.0,0.0
83,8.0,1.0,0.0,1.0,2.0,0.0,4765.998,682.767,52.238,32.064,31.958,9.075,0.0,0.0
84,8.0,1.0,0.0,2.0,3.0,0.0,5173.317,777.739,-37.44,32.71,32.659,9.182,0.0,0.0
85,9.0,1.0,0.0,0.0,0.0,0.0,5508.555,589.772,78.423,31.867,31.787,9.108,0.0,0.0
86,9.0,1.0,0.0,1.0,1.0,0.0,5315.792,643.029,41.044,32.666,32.276,9.122,0.0,0.0
87,9.0,1.0,0.0,2.0,2.0,0.0,5760.483,768.672,45.453,32.57,32.164,9.176,0.0,0.0
88,0.0,2.0,0.0,0.0,1.0,0.0,92.81,944.883,19.04,32.949,32.789,9.234,0.0,0.0
89,0.0,2.0,0.0,1.0,2.0,0.0,519.588,987.233,93.602,33.081,33.001,9.199,0.0,0.0
90,0.0,2.0,0.0,2.0,4.0,0.0,329.87,1148.41,-37.307,25.555,25.342,8.085,0.0,0.0
91,0.0,2.0,0.0,3.0,5.0,0.0,377.169,1182.678,-28.273,32.108,31.867,9.069,0.0,0.0
93,0.0,2.0,0.0,5.0,7.0,0.0,385.874,1217.091,49.507,32.553,32.274,9.105,0.0,0.0
94,0.0,2.0,0.0,6.0,8.0,0.0,276.132,1222.819,-19.153,32.629,32.32,9.123,0.0,0.0
95,1.0,2.0,0.0,0.0,2.0,0.0,873.507,1018.707,60.865,32.42,32.337,9.179,0.0,0.0
96,1.0,2.0,0.0,1.0,3.0,0.0,593.559,1099.753,22.258,32.53,32.36,9.114,0.0,0.0
97,2.0,2.0,0.0,0.0,1.0,0.0,1656.282,836.591,112.407,32.317,32.133,9.136,0.0,0.0
98,2.0,2.0,0.0,1.0,2.0,0.0,1251.608,927.421,-8.836,32.861,32.723,9.212,0.0,0.0
99,2.0,2.0,0.0,2.0,3.0,0.0,1655.729,977.508,59.828,32.611,32.49,9.144,0.0,0.0
100,2.0,2.0,0.0,3.0,4.0,0.0,1423.114,1046.808,41.329,32.027,31.866,9.918,0.0,0.0
101,2.0,2.0,0.0,4.0,4.0,0.0,1400.728,1031.387,37.501,32.325,31.984,9.978,0.0,0.0
102,2.0,2.0,0.0,5.0,5.0,0.0,1401.478,1116.877,8.27,31.918,31.558,9.083,0.0,0.0
103,2.0,2.0,0.0,6.0,6.0,0.0,1443.534,1122.968,85.62,32.6,32.468,9.139,0.0,0.0
104,2.0,2.0,0.0,7.0,7.0,0.0,1183.921,1139.756,-1.818,33.147,32.46,9.132,0.0,0.0
105,2.0,2.0,0.0,8.0,8.0,0.0,1698.363,1208.291,66.43,33.243,33.106,9.236,0.0,0.0
106,3.0,2.0,0.0,0.0,0.0,0.0,1841.202,988.044,31.341,32.627,32.439,9.139,0.0,0.0
108,3.0,2.0,0.0,2.0,2.0,0.0,2256.413,1167.729,104.889,32.351,32.226,9.154,0.0,0.0
109,4.0,2.0,0.0,0.0,0.0,0.0,2442.849,909.49,55.936,32.202,31.977,9.098,0.0,0.0
110,5.0,2.0,0.0,0.0,0.0,0.0,3362.272,979.73,93.59,32.566,31.965,8.981,0.0,0.0
111,5.0,2.0,0.0,1.0,1.0,0.0,3284.915,1059.292,33.575,31.784,31.433,9.045,0.0,0.0
112,5.0,2.0,0.0,2.0,2.0,0.0,2919.73,1109.714,29.46,32.443,32.319,9.18,0.0,0.0
113,5.0,2.0,0.0,3.0,3.0,0.0,2972.703,1141.365,0.969,32.624,32.491,9.146,0.0,0.0
114,5.0,2.0,0.0,4.0,4.0,0.0,3460.908,1235.099,-3.684,34.203,29.071,8.806,0.0,0.0
115,6.0,2.0,0.0,0.0,0.0,0.0,3632.149,845.753,75.072,32.698,32.475,9.154,0.0,0.0
116,6.0,2.0,0.0,1.0,1.0,0.0,3833.068,864.52,115.339,32.45,32.331,9.099,0.0,0.0
117,6.0,2.0,0.0,2.0,2.0,0.0,3812.95,938.953,70.276,32.056,31.955,9.074,0.0,0.0
118,6.0,2.0,0.0,3.0,3.0,0.0,4036.571,1022.448,-2.973,32.533,32.322,9.194,0.0,0.0
119,6.0,2.0,0.0,4.0,5.0,0.0,3948.128,1235.378,-4.768,33.932,28.542,8.686,0.0,0.0
120,7.0,2.0,0.0,0.0,0.0,0.0,4312.331,846.982,87.974,32.292,32.063,9.122,0.0,0.0
121,7.0,2.0,0.0,1.0,1.0,0.0,4337.087,997.949,57.317,32.304,32.109,9.131,0.0,0.0
122,7.0,2.0,0.0,2.0,3.0,0.0,4470.246,1101.886,74.354,32.603,32.487,9.142,0.0,0.0
123,8.0,2.0,0.0,0.0,0.0,0.0,4924.421,1064.683,74.92,32.806,32.727,9.204,0.0,0.0
124,8.0,2.0,0.0,1.0,1.0,0.0,5033.743,1117.069,54.864,32.691,32.593,9.17,0.0,0.0
125,9.0,2.0,0.0,0.0,0.0,0.0,5513.215,873.839,61.293,32.237,32.113,9.122,0.0,0.0
126,9.0,2.0,0.0,1.0,1.0,0.0,5584.858,890.175,98.995,32.485,32.365,9.109,0.0,0.0
127,9.0,2.0,0.0,2.0,2.0,0.0,5309.028,1022.463,37.608,32.386,32.176,9.152,0.0,0.0
128,9.0,2.0,0.0,3.0,3.0,0.0,5726.081,1046.423,130.342,32.465,32.43,9.115,0.0,0.0
129,9.0,2.0,0.0,4.0,4.0,0.0,5682.058,1079.562,46.126,32.523,32.415,9.121,0.0,0.0
130,9.0,2.0,0.0,5.0,5.0,0.0,5541.9,1161.63,92.307,32.222,32.094,9.117,0.0,0.0
131,9.0,2.0,0.0,6.0,6.0,0.0,5663.783,1174.094,12.276,33.4,33.254,9.278,0.0,0.0
132,0.0,3.0,0.0,0.0,2.0,0.0,231.592,1254.252,48.245,32.556,32.403,9.124,0.0,0.0
133,0.0,3.0,0.0,1.0,3.0,0.0,501.62,1256.503,-20.612,32.598,32.462,9.138,0.0,0.0
134,0.0,3.0,0.0,2.0,4.0,0.0,109.97,1321.32,34.879,32.706,32.288,9.129,0.0,0.0
135,0.0,3.0,0.0,3.0,5.0,0.0,166.625,1411.486,-1.28,32.425,32.047,9.139,0.0,0.0
136,0.0,3.0,0.0,4.0,7.0,0.0,390.327,1636.414,-28.813,33.022,33.004,9.191,0.0,0.0
137,0.0,3.0,0.0,5.0,8.0,0.0,504.543,1639.495,-3.459,38.155,35.553,9.594,0.0,0.0
138,1.0,3.0,0.0,0.0,0.0,0.0,1010.795,1299.126,91.072,32.708,32.629,9.177,0.0,0.0
139,1.0,3.0,0.0,1.0,1.0,0.0,921.967,1402.271,15.939,32.393,32.176,9.069,0.0,0.0
140,1.0,3.0,0.0,2.0,2.0,0.0,1159.907,1438.306,102.753,32.609,32.592,9.158,0.0,0.0
142,1.0,3.0,0.0,4.0,4.0,0.0,632.959,1510.919,34.739,32.795,32.554,9.179,0.0,0.0
143,1.0,3.0,0.0,5.0,5.0,0.0,669.475,1614.64,39.573,32.409,32.324,9.092,0.0,0.0
144,2.0,3.0,0.0,0.0,0.0,0.0,1374.162,1275.911,35.71,32.412,32.134,9.15,0.0,0.0
145,2.0,3.0,0.0,1.0,1.0,0.0,1463.799,1295.659,83.874,32.641,32.469,9.145,0.0,0.0
146,2.0,3.0,0.0,2.0,2.0,0.0,1620.84,1354.984,87.244,32.927,32.819,9.234,0.0,0.0
147,2.0,3.0,0.0,3.0,3.0,0.0,1200.948,1437.545,25.642,32.519,32.381,9.116,0.0,0.0
148,2.0,3.0,0.0,4.0,5.0,0.0,1634.404,1523.085,-30.158,32.773,32.737,9.201,0.0,0.0
149,2.0,3.0,0.0,5.0,6.0,0.0,1441.894,1635.794,77.629,32.664,32.612,9.168,0.0,0.0
150,3.0,3.0,0.0,0.0,0.0,0.0,1856.531,1268.837,58.373,32.648,32.478,9.147,0.0,0.0
152,3.0,3.0,0.0,2.0,3.0,0.0,2000.801,1476.92,11.982,32.291,32.195,9.141,0.0,0.0
153,4.0,3.0,0.0,0.0,0.0,0.0,2440.839,1318.216,61.438,32.172,32.02,9.099,0.0,0.0
154,4.0,3.0,0.0,1.0,1.0,0.0,2413.477,1359.91,28.002,32.438,32.312,9.179,0.0,0.0
155,4.0,3.0,0.0,2.0,2.0,0.0,2819.601,1384.909,111.564,32.71,32.543,9.165,0.0,0.0
156,4.0,3.0,0.0,3.0,4.0,0.0,2688.045,1482.224,79.542,32.307,32.128,9.134,0.0,0.0
157,4.0,3.0,0.0,4.0,5.0,0.0,2779.711,1544.708,62.109,32.434,32.286,9.174,0.0,0.0
158,4.0,3.0,0.0,5.0,6.0,0.0,2792.639,1589.491,61.985,32.634,32.415,9.136,0.0,0.0
159,5.0,3.0,0.0,0.0,1.0,0.0,3367.166,1242.951,43.61,32.622,32.53,9.151,0.0,0.0
160,5.0,3.0,0.0,1.0,2.0,0.0,3204.607,1398.337,32.86,32.096,32.038,9.008,0.0,0.0
161,5.0,3.0,0.0,2.0,3.0,0.0,3257.227,1517.134,71.02,32.647,32.522,9.153,0.0,0.0
162,5.0,3.0,0.0,3.0,4.0,0.0,3036.353,1615.187,87.705,32.371,32.264,9.162,0.0,0.0
163,6.0,3.0,0.0,0.0,2.0,0.0,3618.056,1309.134,55.105,32.893,32.708,9.214,0.0,0.0
164,6.0,3.0,0.0,1.0,3.0,0.0,3775.207,1375.732,76.675,32.559,32.375,9.12,0.0,0.0
165,6.0,3.0,0.0,2.0,4.0,0.0,3853.677,1512.4,83.353,32.822,32.596,9.188,0.0,0.0
166,6.0,3.0,0.0,3.0,5.0,0.0,3726.999,1578.262,31.73,32.299,32.268,9.153,0.0,0.0
167,6.0,3.0,0.0,4.0,6.0,0.0,3753.281,1635.759,100.97,32.883,32.758,9.22,0.0,0.0
168,7.0,3.0,0.0,0.0,0.0,0.0,4553.941,1291.026,104.702,32.467,32.322,9.184,0.0,0.0
169,7.0,3.0,0.0,1.0,1.0,0.0,4400.035,1302.714,-19.935,32.318,32.173,9.142,0.0,0.0
170,7.0,3.0,0.0,2.0,2.0,0.0,4482.566,1307.012,128.75,32.946,32.809,9.236,0.0,0.0
171,7.0,3.0,0.0,3.0,3.0,0.0,4189.597,1372.781,63.934,32.475,32.214,9.086,0.0,0.0
172,7.0,3.0,0.0,4.0,4.0,0.0,4404.819,1427.702,100.956,32.098,31.995,9.085,0.0,0.0
173,7.0,3.0,0.0,5.0,5.0,0.0,4471.387,1532.242,103.865,32.964,32.842,9.243,0.0,0.0
174,8.0,3.0,0.0,0.0,0.0,0.0,4679.113,1341.132,35.682,32.69,32.67,9.18,0.0,0.0
175,8.0,3.0,0.0,1.0,1.0,0.0,5156.54,1361.608,-15.764,32.759,32.658,9.188,0.0,0.0
176,8.0,3.0,0.0,2.0,2.0,0.0,4846.882,1434.414,-39.53,32.487,32.435,9.203,0.0,0.0
177,8.0,3.0,0.0,3.0,3.0,0.0,4627.146,1565.195,-24.536,32.458,32.412,9.112,0.0,0.0
179,8.0,3.0,0.0,5.0,5.0,0.0,5192.16,1576.025,80.319,32.836,32.466,9.172,0.0,0.0
180,9.0,3.0,0.0,0.0,0.0,0.0,5272.761,1263.988,35.138,32.79,32.503,9.171,0.0,0.0
181,9.0,3.0,0.0,1.0,1.0,0.0,5650.073,1291.92,-11.203,32.044,31.972,9.075,0.0,0.0
182,9.0,3.0,0.0,2.0,2.0,0.0,5400.4,1298.849,56.483,32.655,32.414,9.139,0.0,0.0
183,9.0,3.0,0.0,3.0,3.0,0.0,5349.195,1430.763,23.957,32.275,32.084,9.123,0.0,0.0
184,9.0,3.0,0.0,4.0,5.0,0.0,5436.84,1481.355,72.581,32.297,32.12,9.131,0.0,0.0
185,9.0,3.0,0.0,5.0,6.0,0.0,5525.756,1524.403,23.662,32.152,32.01,9.095,0.0,0.0
186,9.0,3.0,0.0,6.0,7.0,0.0,5554.249,1545.866,25.066,32.41,32.365,9.182,0.0,0.0
187,9.0,3.0,0.0,7.0,9.0,0.0,5237.418,1612.077,-5.765,32.377,32.307,9.169,0.0,0.0
188,0.0,4.0,0.0,0.0,2.0,0.0,370.348,1735.382,33.607,33.043,32.304,9.71,0.0,0.0
189,0.0,4.0,0.0,1.0,2.0,0.0,346.096,1718.732,40.05,32.234,31.992,9.859,0.0,0.0
190,0.0,4.0,0.0,2.0,3.0,0.0,241.691,1729.074,15.126,32.874,32.168,9.136,0.0,0.0
191,0.0,4.0,0.0,3.0,4.0,0.0,174.359,1756.484,32.656,32.44,32.174,9.076,0.0,0.0
192,0.0,4.0,0.0,4.0,5.0,0.0,416.501,1779.106,-28.274,32.46,32.351,9.103,0.0,0.0
193,0.0,4.0,0.0,5.0,6.0,0.0,376.439,1858.636,55.686,32.475,32.18,9.165,0.0,0.0
194,1.0,4.0,0.0,0.0,0.0,0.0,1152.579,1692.518,-23.931,32.688,32.634,9.175,0.0,0.0
195,1.0,4.0,0.0,1.0,1.0,0.0,702.395,1758.352,60.067,32.201,32.136,9.12,0.0,0.0
197,1.0,4.0,0.0,3.0,4.0,0.0,1037.523,1891.854,19.628,32.917,32.88,9.242,0.0,0.0
198,1.0,4.0,0.0,4.0,5.0,0.0,938.968,1922.206,-15.256,32.015,31.936,9.065,0.0,0.0
199,2.0,4.0,0.0,0.0,3.0,0.0,1181.236,1763.059,33.183,32.942,32.46,9.186,0.0,0.0
203,3.0,4.0,0.0,0.0,0.0,0.0,2311.46,1701.143,-16.436,32.981,32.844,9.163,0.0,0.0
204,3.0,4.0,0.0,1.0,1.0,0.0,1843.181,1701.433,57.738,32.565,32.294,9.11,0.0,0.0
205,3.0,4.0,0.0,2.0,2.0,0.0,1795.666,1737.704,38.318,32.646,32.405,9.137,0.0,0.0
206,3.0,4.0,0.0,3.0,3.0,0.0,2069.789,1770.593,32.671,32.31,32.078,9.127,0.0,0.0
207,3.0,4.0,0.0,4.0,4.0,0.0,2116.877,1840.109,52.006,32.538,32.389,9.119,0.0,0.0
208,3.0,4.0,0.0,5.0,5.0,0.0,2197.041,1906.684,93.626,32.628,32.598,9.162,0.0,0.0
209,3.0,4.0,0.0,6.0,6.0,0.0,2026.917,1906.754,103.333,32.176,31.994,9.096,0.0,0.0
210,3.0,4.0,0.0,7.0,7.0,0.0,1833.592,1964.387,8.482,32.376,32.244,9.076,0.0,0.0
211,3.0,4.0,0.0,8.0,8.0,0.0,1998.19,1967.636,52.6,32.47,32.246,9.173,0.0,0.0
215,4.0,4.0,0.0,1.0,2.0,0.0,2803.457,1745.741,64.804,32.983,32.82,9.242,0.0,0.0
216,4.0,4.0,0.0,2.0,3.0,0.0,2766.469,1779.928,79.593,32.595,32.577,9.154,0.0,0.0
217,4.0,4.0,0.0,3.0,4.0,0.0,2845.686,1849.598,33.318,32.465,32.359,9.105,0.0,0.0
218,4.0,4.0,0.0,4.0,5.0,0.0,2393.924,1872.747,38.808,32.53,32.316,9.192,0.0,0.0
219,4.0,4.0,0.0,5.0,6.0,0.0,2579.434,1959.997,57.817,32.475,32.285,9.096,0.0,0.0
220,5.0,4.0,0.0,0.0,1.0,0.0,3148.338,1719.509,59.489,32.245,32.074,9.117,0.0,0.0
221,5.0,4.0,0.0,1.0,2.0,0.0,3224.243,1784.208,85.343,32.388,32.282,9.167,0.0,0.0
222,5.0,4.0,0.0,2.0,3.0,0.0,3439.488,1789.954,90.759,32.447,32.339,9.1,0.0,0.0
223,5.0,4.0,0.0,3.0,4.0,0.0,3130.74,1927.048,60.905,32.358,32.275,9.162,0.0,0.0
224,5.0,4.0,0.0,4.0,5.0,0.0,3406.106,1985.06,64.703,32.547,32.419,9.125,0.0,0.0
225,6.0,4.0,0.0,0.0,1.0,0.0,3641.716,1708.436,62.931,32.343,32.234,9.154,0.0,0.0
226,6.0,4.0,0.0,1.0,2.0,0.0,3898.485,1733.233,81.315,32.422,32.315,9.177,0.0,0.0
227,6.0,4.0,0.0,2.0,3.0,0.0,3965.586,1977.824,58.962,32.716,32.613,9.176,0.0,0.0
228,7.0,4.0,0.0,0.0,0.0,0.0,4338.805,1723.203,85.115,32.193,32.018,9.102,0.0,0.0
230,7.0,4.0,0.0,2.0,2.0,0.0,4497.872,1756.959,110.844,32.465,32.342,9.186,0.0,0.0
231,7.0,4.0,0.0,3.0,3.0,0.0,4171.039,1848.162,37.042,32.673,32.525,9.157,0.0,0.0
232,7.0,4.0,0.0,4.0,4.0,0.0,4570.94,1872.416,23.094,32.207,32.125,9.119,0.0,0.0
233,7.0,4.0,0.0,5.0,5.0,0.0,4531.401,1879.907,116.712,32.201,32.067,9.11,0.0,0.0
234,7.0,4.0,0.0,6.0,6.0,0.0,4109.187,1943.192,97.039,31.961,31.91,9.054,0.0,0.0
235,7.0,4.0,0.0,7.0,7.0,0.0,4555.023,2029.904,118.285,32.59,32.365,9.124,0.0,0.0
236,8.0,4.0,0.0,0.0,0.0,0.0,4986.681,1755.795,99.156,32.227,32.178,9.129,0.0,0.0
237,8.0,4.0,0.0,1.0,1.0,0.0,4846.277,1862.429,60.665,32.778,32.724,9.2,0.0,0.0
238,8.0,4.0,0.0,2.0,2.0,0.0,4779.636,1972.657,94.0,32.65,32.595,9.164,0.0,0.0
239,8.0,4.0,0.0,3.0,3.0,0.0,4756.877,2026.865,95.309,32.363,32.329,9.17,0.0,0.0
240,9.0,4.0,0.0,0.0,0.0,0.0,5239.331,1650.267,37.827,33.043,32.738,9.239,0.0,0.0
241,9.0,4.0,0.0,1.0,2.0,0.0,5711.318,1688.335,115.697,32.456,32.345,9.186,0.0,0.0
242,9.0,4.0,0.0,2.0,3.0,0.0,5447.937,1878.602,56.454,32.089,32.025,9.088,0.0,0.0
243,9.0,4.0,0.0,3.0,4.0,0.0,5219.165,2037.203,14.831,33.235,32.89,9.204,0.0,0.0
244,9.0,4.0,0.0,4.0,5.0,0.0,5690.387,2046.772,-25.303,32.575,32.454,9.134,0.0,0.0
245,0.0,5.0,0.0,0.0,0.0,0.0,248.646,2187.554,45.238,31.983,31.588,9.011,0.0,0.0
246,0.0,5.0,0.0,1.0,1.0,0.0,473.997,2283.346,86.712,32.686,32.583,9.167,0.0,0.0
247,0.0,5.0,0.0,2.0,3.0,0.0,149.581,2352.959,-14.543,32.493,32.431,9.119,0.0,0.0
248,1.0,5.0,0.0,0.0,0.0,0.0,976.695,2102.463,52.971,32.294,31.883,9.097,0.0,0.0
249,1.0,5.0,0.0,1.0,1.0,0.0,1081.482,2206.834,45.489,32.586,31.068,9.392,0.0,0.0
250,1.0,5.0,0.0,2.0,2.0,0.0,794.207,2229.848,63.607,32.257,32.014,9.11,0.0,0.0
251,1.0,5.0,0.0,3.0,3.0,0.0,763.748,2438.683,120.004,32.435,32.265,9.171,0.0,0.0
252,2.0,5.0,0.0,0.0,0.0,0.0,1476.312,2062.828,81.054,32.425,32.165,9.155,0.0,0.0
253,2.0,5.0,0.0,1.0,1.0,0.0,1288.728,2125.69,39.331,32.751,32.392,9.15,0.0,0.0
254,2.0,5.0,0.0,2.0,2.0,0.0,1476.501,2171.598,97.589,32.414,32.168,9.154,0.0,0.0
255,2.0,5.0,0.0,3.0,3.0,0.0,1536.298,2209.755,44.974,32.685,32.407,9.142,0.0,0.0
256,2.0,5.0,0.0,4.0,4.0,0.0,1528.434,2307.946,120.308,32.602,32.484,9.402,0.0,0.0
257,2.0,5.0,0.0,5.0,4.0,0.0,1561.564,2307.256,8.454,32.611,32.077,9.254,0.0,0.0
258,3.0,5.0,0.0,0.0,0.0,0.0,2070.312,2189.275,16.255,32.407,32.193,9.158,0.0,0.0
259,3.0,5.0,0.0,1.0,1.0,0.0,2211.772,2362.376,-10.368,32.38,32.26,9.163,0.0,0.0
261,4.0,5.0,0.0,0.0,0.0,0.0,2596.149,2349.941,55.057,32.499,32.339,9.107,0.0,0.0
263,5.0,5.0,0.0,1.0,1.0,0.0,2916.367,2238.439,21.803,32.332,32.183,9.145,0.0,0.0
267,6.0,5.0,0.0,1.0,1.0,0.0,3939.654,2351.509,44.312,32.366,32.233,9.157,0.0,0.0
268,6.0,5.0,0.0,2.0,2.0,0.0,3679.939,2367.504,14.025,32.58,32.556,9.149,0.0,0.0
269,6.0,5.0,0.0,3.0,3.0,0.0,3613.777,2381.126,41.172,32.298,32.239,9.148,0.0,0.0
270,6.0,5.0,0.0,4.0,4.0,0.0,3916.811,2388.608,91.374,32.556,32.444,9.214,0.0,0.0
271,7.0,5.0,0.0,0.0,1.0,0.0,4333.627,2269.868,92.497,31.79,31.672,9.08,0.0,0.0
272,7.0,5.0,0.0,1.0,2.0,0.0,4552.581,2302.28,62.917,32.469,32.346,9.188,0.0,0.0
273,7.0,5.0,0.0,2.0,3.0,0.0,4377.658,2308.186,10.35,32.047,31.925,9.068,0.0,0.0
274,7.0,5.0,0.0,3.0,4.0,0.0,4326.404,2357.013,11.577,33.015,32.83,9.249,0.0,0.0
275,8.0,5.0,0.0,0.0,0.0,0.0,5137.812,2278.726,38.084,32.583,32.357,9.121,0.0,0.0
276,9.0,5.0,0.0,0.0,2.0,0.0,5431.473,2084.248,76.057,32.42,31.745,9.011,0.0,0.0
277,9.0,5.0,0.0,1.0,3.0,0.0,5531.519,2098.703,66.22,32.631,32.521,9.151,0.0,0.0
278,9.0,5.0,0.0,2.0,4.0,0.0,5258.01,2319.76,25.139,32.937,32.742,9.225,0.0,0.0
279,9.0,5.0,0.0,3.0,5.0,0.0,5323.935,2390.138,20.412,33.325,33.179,9.257,0.0,0.0
280,9.0,5.0,0.0,4.0,6.0,0.0,5209.853,2418.186,57.885,32.537,32.463,9.13,0.0,0.0
281,0.0,6.0,0.0,0.0,0.0,0.0,160.378,2477.256,50.672,32.617,32.321,9.121,0.0,0.0
282,0.0,6.0,0.0,1.0,1.0,0.0,377.198,2612.074,60.697,32.565,32.441,9.131,0.0,0.0
284,0.0,6.0,0.0,3.0,3.0,0.0,533.851,2857.15,30.153,32.981,32.843,9.246,0.0,0.0
285,0.0,6.0,0.0,4.0,4.0,0.0,367.785,2868.633,-4.117,34.062,25.894,8.471,0.0,0.0
286,1.0,6.0,0.0,0.0,1.0,0.0,665.852,2469.256,43.052,32.37,32.119,9.141,0.0,0.0
287,1.0,6.0,0.0,1.0,2.0,0.0,875.393,2507.163,77.237,32.514,32.395,9.117,0.0,0.0
288,1.0,6.0,0.0,2.0,3.0,0.0,760.203,2600.809,55.235,32.125,31.896,9.075,0.0,0.0
289,1.0,6.0,0.0,3.0,4.0,0.0,978.649,2702.751,67.355,32.734,32.567,9.172,0.0,0.0
290,1.0,6.0,0.0,4.0,5.0,0.0,1075.905,2856.501,46.607,33.218,33.088,9.23,0.0,0.0
291,2.0,6.0,0.0,0.0,0.0,0.0,1297.508,2513.638,53.549,32.609,32.518,9.148,0.0,0.0
292,2.0,6.0,0.0,1.0,1.0,0.0,1539.222,2646.208,82.228,32.59,32.491,9.141,0.0,0.0
293,2.0,6.0,0.0,2.0,2.0,0.0,1696.812,2713.152,-15.146,32.668,32.483,9.151,0.0,0.0
294,2.0,6.0,0.0,3.0,3.0,0.0,1546.136,2737.173,56.78,32.105,31.959,9.166,0.0,0.0
295,2.0,6.0,0.0,4.0,4.0,0.0,1609.203,2809.596,56.756,32.492,32.296,9.184,0.0,0.0
296,3.0,6.0,0.0,0.0,1.0,0.0,2080.66,2530.058,92.252,32.685,32.54,9.161,0.0,0.0
297,3.0,6.0,0.0,1.0,2.0,0.0,2099.462,2587.47,38.998,32.204,31.879,9.084,0.0,0.0
298,3.0,6.0,0.0,2.0,3.0,0.0,2234.789,2786.42,95.32,32.357,32.283,9.163,0.0,0.0
299,3.0,6.0,0.0,3.0,4.0,0.0,2068.566,2815.819,120.813,31.885,31.724,9.101,0.0,0.0
300,4.0,6.0,0.0,0.0,0.0,0.0,2628.435,2464.849,68.977,32.789,32.579,9.181,0.0,0.0
301,4.0,6.0,0.0,1.0,1.0,0.0,2592.002,2521.358,57.642,32.8,32.434,9.163,0.0,0.0
302,4.0,6.0,0.0,2.0,2.0,0.0,2348.849,2551.354,52.822,33.42,33.287,9.285,0.0,0.0
303,4.0,6.0,0.0,3.0,3.0,0.0,2738.035,2803.837,-43.689,32.379,32.326,9.172,0.0,0.0
304,4.0,6.0,0.0,4.0,4.0,0.0,2529.749,2807.527,98.332,32.369,32.259,9.161,0.0,0.0
305,4.0,6.0,0.0,5.0,5.0,0.0,2324.486,2856.739,-8.357,32.837,32.709,9.207,0.0,0.0
306,4.0,6.0,0.0,6.0,6.0,0.0,2767.05,2867.044,-5.171,34.714,29.187,8.807,0.0,0.0
307,5.0,6.0,0.0,0.0,0.0,0.0,3446.641,2627.72,85.294,32.637,32.569,9.159,0.0,0.0
308,5.0,6.0,0.0,1.0,1.0,0.0,3045.85,2679.935,62.312,32.688,32.523,9.159,0.0,0.0
309,5.0,6.0,0.0,2.0,2.0,0.0,3167.306,2723.108,118.902,32.389,32.376,9.181,0.0,0.0
311,6.0,6.0,0.0,0.0,0.0,0.0,3689.449,2492.56,5.65,32.146,32.0,9.093,0.0,0.0
313,6.0,6.0,0.0,2.0,4.0,0.0,3618.33,2787.091,-15.381,32.291,32.126,9.131,0.0,0.0
314,6.0,6.0,0.0,3.0,5.0,0.0,3917.178,2796.481,19.639,32.431,32.378,9.187,0.0,0.0
315,6.0,6.0,0.0,4.0,6.0,0.0,3791.637,2802.56,49.208,32.296,32.248,9.149,0.0,0.0
316,6.0,6.0,0.0,5.0,7.0,0.0,3712.734,2815.088,-43.302,32.416,32.277,9.087,0.0,0.0
317,6.0,6.0,0.0,6.0,8.0,0.0,3514.245,2841.739,-12.392,32.805,32.69,9.199,0.0,0.0
318,7.0,6.0,0.0,0.0,0.0,0.0,4325.85,2552.577,80.395,32.424,32.098,9.146,0.0,0.0
319,7.0,6.0,0.0,1.0,1.0,0.0,4352.591,2702.762,-7.443,32.464,32.455,9.118,0.0,0.0
320,7.0,6.0,0.0,2.0,2.0,0.0,4066.517,2732.875,-8.541,33.016,32.75,9.498,0.0,0.0
321,7.0,6.0,0.0,3.0,2.0,0.0,4094.848,2717.152,-23.045,32.373,32.05,9.303,0.0,0.0
322,8.0,6.0,0.0,0.0,0.0,0.0,4890.143,2787.528,-40.456,32.665,32.635,9.172,0.0,0.0
323,8.0,6.0,0.0,1.0,1.0,0.0,4975.859,2845.5,77.94,32.375,32.223,9.157,0.0,0.0
324,9.0,6.0,0.0,0.0,1.0,0.0,5483.977,2627.456,27.672,32.363,32.23,9.156,0.0,0.0
325,9.0,6.0,0.0,1.0,2.0,0.0,5668.783,2665.897,59.881,32.911,32.856,9.155,0.0,0.0
327,1.0,7.0,0.0,0.0,2.0,0.0,599.201,2936.33,20.447,33.003,32.743,9.235,0.0,0.0
328,1.0,7.0,0.0,1.0,3.0,0.0,1027.745,2965.007,-40.097,32.414,32.275,9.086,0.0,0.0
329,1.0,7.0,0.0,2.0,5.0,0.0,687.107,3061.846,40.547,32.335,32.131,9.138,0.0,0.0
330,1.0,7.0,0.0,3.0,6.0,0.0,808.457,3134.838,-3.97,32.344,32.254,9.157,0.0,0.0
331,1.0,7.0,0.0,4.0,7.0,0.0,1152.758,3154.449,20.215,33.21,33.096,9.23,0.0,0.0
332,1.0,7.0,0.0,5.0,8.0,0.0,614.427,3213.52,45.693,32.799,32.719,9.202,0.0,0.0
333,1.0,7.0,0.0,6.0,9.0,0.0,1015.517,3213.287,-39.459,32.081,31.837,9.146,0.0,0.0
334,1.0,7.0,0.0,7.0,10.0,0.0,980.705,3238.865,-20.416,32.306,32.278,9.155,0.0,0.0
335,2.0,7.0,0.0,0.0,0.0,0.0,1492.3,2937.167,40.565,32.317,32.125,9.135,0.0,0.0
336,2.0,7.0,0.0,1.0,1.0,0.0,1205.874,2963.333,44.425,32.216,32.136,9.122,0.0,0.0
337,3.0,7.0,0.0,0.0,1.0,0.0,1862.738,2920.373,47.813,32.946,32.654,9.214,0.0,0.0
338,3.0,7.0,0.0,1.0,3.0,0.0,2308.829,3252.527,38.75,32.647,32.508,9.152,0.0,0.0
339,3.0,7.0,0.0,2.0,4.0,0.0,2166.676,3261.663,33.094,32.917,32.706,9.217,0.0,0.0
340,4.0,7.0,0.0,0.0,2.0,0.0,2396.688,2926.274,34.448,32.31,32.074,9.127,0.0,0.0
341,4.0,7.0,0.0,1.0,3.0,0.0,2524.337,3046.765,68.776,32.396,32.314,9.089,0.0,0.0
342,4.0,7.0,0.0,2.0,4.0,0.0,2605.765,3076.552,49.608,32.172,31.901,9.083,0.0,0.0
343,4.0,7.0,0.0,3.0,5.0,0.0,2337.249,3081.927,-18.812,33.088,32.681,9.238,0.0,0.0
344,4.0,7.0,0.0,4.0,6.0,0.0,2477.1,3155.141,-6.36,32.077,32.027,9.087,0.0,0.0
345,4.0,7.0,0.0,5.0,7.0,0.0,2718.04,3165.0,-8.593,32.917,32.511,9.191,0.0,0.0
346,4.0,7.0,0.0,6.0,9.0,0.0,2401.18,3269.386,-11.823,32.41,32.205,9.16,0.0,0.0
347,4.0,7.0,0.0,7.0,10.0,0.0,2757.881,3273.916,-8.567,34.915,30.938,8.999,0.0,0.0
348,5.0,7.0,0.0,0.0,0.0,0.0,3245.993,2908.69,87.107,32.185,32.127,9.116,0.0,0.0
349,5.0,7.0,0.0,1.0,1.0,0.0,3140.613,2998.94,64.248,32.776,32.489,9.167,0.0,0.0
350,5.0,7.0,0.0,2.0,2.0,0.0,3042.72,3045.693,63.41,33.003,32.749,9.235,0.0,0.0
351,5.0,7.0,0.0,3.0,3.0,0.0,3217.933,3073.398,21.261,32.609,32.348,9.124,0.0,0.0
352,5.0,7.0,0.0,4.0,4.0,0.0,2944.093,3121.457,12.446,32.394,32.351,9.094,0.0,0.0
353,6.0,7.0,0.0,0.0,0.0,0.0,3786.613,2969.061,86.4,31.938,31.771,9.115,0.0,0.0
355,6.0,7.0,0.0,2.0,2.0,0.0,3851.435,2993.541,45.737,32.083,31.818,8.976,0.0,0.0
356,6.0,7.0,0.0,3.0,3.0,0.0,3606.511,3023.916,36.847,32.812,32.617,9.19,0.0,0.0
357,6.0,7.0,0.0,4.0,4.0,0.0,3525.637,3141.234,7.89,33.177,33.007,9.213,0.0,0.0
358,6.0,7.0,0.0,5.0,6.0,0.0,3932.774,3218.692,83.383,32.588,32.458,9.136,0.0,0.0
359,6.0,7.0,0.0,6.0,7.0,0.0,3584.95,3221.351,42.345,32.23,32.064,9.114,0.0,0.0
360,7.0,7.0,0.0,0.0,0.0,0.0,4577.27,2953.862,106.756,32.422,32.215,9.162,0.0,0.0
361,7.0,7.0,0.0,1.0,2.0,0.0,4582.693,3011.444,-27.16,32.617,32.536,9.151,0.0,0.0
362,7.0,7.0,0.0,2.0,3.0,0.0,4099.532,3104.921,97.617,32.12,32.077,9.1,0.0,0.0
363,7.0,7.0,0.0,3.0,4.0,0.0,4494.11,3148.476,46.456,32.387,31.817,9.101,0.0,0.0
364,7.0,7.0,0.0,4.0,6.0,0.0,4303.139,3205.037,105.999,32.615,32.336,9.206,0.0,0.0
365,7.0,7.0,0.0,5.0,7.0,0.0,4420.026,3241.295,46.477,32.284,32.11,9.128,0.0,0.0
366,7.0,7.0,0.0,6.0,8.0,0.0,4562.184,3273.919,-4.786,33.36,30.567,8.98,0.0,0.0
367,8.0,7.0,0.0,0.0,1.0,0.0,4639.026,2954.858,40.927,33.18,32.948,9.205,0.0,0.0
368,8.0,7.0,0.0,1.0,2.0,0.0,4876.705,2958.628,38.484,32.533,32.308,9.191,0.0,0.0
369,8.0,7.0,0.0,2.0,3.0,0.0,4763.598,3029.648,10.664,31.769,31.687,9.08,0.0,0.0
370,8.0,7.0,0.0,3.0,4.0,0.0,5020.766,3052.203,80.464,32.233,32.023,9.108,0.0,0.0
371,8.0,7.0,0.0,4.0,5.0,0.0,4951.735,3119.576,132.602,32.139,32.083,9.104,0.0,0.0
372,8.0,7.0,0.0,5.0,6.0,0.0,4721.846,3231.891,0.475,32.167,31.927,9.086,0.0,0.0
373,8.0,7.0,0.0,6.0,7.0,0.0,4815.855,3234.117,111.112,32.979,32.895,9.17,0.0,0.0
374,9.0,7.0,0.0,0.0,0.0,0.0,5306.959,2906.393,59.831,32.855,32.476,9.176,0.0,0.0
375,9.0,7.0,0.0,1.0,1.0,0.0,5529.255,2939.898,-9.115,32.344,32.193,9.149,0.0,0.0
376,9.0,7.0,0.0,2.0,2.0,0.0,5654.543,2974.084,28.38,32.552,32.519,9.14,0.0,0.0
377,9.0,7.0,0.0,3.0,3.0,0.0,5708.956,3058.326,16.871,32.403,32.303,9.172,0.0,0.0
378,9.0,7.0,0.0,4.0,4.0,0.0,5410.111,3114.154,55.931,32.528,32.46,9.128,0.0,0.0
380,0.0,8.0,0.0,1.0,1.0,0.0,275.12,3393.419,47.692,32.033,31.916,9.065,0.0,0.0
381,0.0,8.0,0.0,2.0,2.0,0.0,234.512,3446.742,37.479,32.248,32.069,9.117,0.0,0.0
383,0.0,8.0,0.0,4.0,4.0,0.0,465.967,3572.698,-16.553,31.929,31.856,9.042,0.0,0.0
384,0.0,8.0,0.0,5.0,5.0,0.0,411.262,3632.336,31.152,32.422,32.294,9.09,0.0,0.0
385,1.0,8.0,0.0,0.0,0.0,0.0,624.325,3437.48,24.127,32.813,32.656,9.113,0.0,0.0
386,1.0,8.0,0.0,1.0,1.0,0.0,641.764,3520.616,24.439,32.312,32.053,9.124,0.0,0.0
387,1.0,8.0,0.0,2.0,2.0,0.0,1045.47,3540.305,-9.617,32.427,32.354,9.183,0.0,0.0
389,2.0,8.0,0.0,0.0,0.0,0.0,1480.892,3317.139,74.361,32.17,31.807,9.069,0.0,0.0
390,2.0,8.0,0.0,1.0,1.0,0.0,1349.976,3442.798,39.673,32.794,32.613,9.187,0.0,0.0
392,2.0,8.0,0.0,3.0,3.0,0.0,1262.16,3598.607,49.873,32.636,32.518,9.151,0.0,0.0
394,3.0,8.0,0.0,0.0,2.0,0.0,1950.251,3376.371,45.861,32.347,32.145,9.058,0.0,0.0
396,3.0,8.0,0.0,2.0,4.0,0.0,2123.796,3519.455,71.825,32.558,32.435,9.129,0.0,0.0
397,3.0,8.0,0.0,3.0,5.0,0.0,2207.885,3552.571,-25.134,32.071,32.045,9.089,0.0,0.0
398,4.0,8.0,0.0,0.0,3.0,0.0,2687.64,3347.962,64.941,32.559,32.382,9.121,0.0,0.0
399,4.0,8.0,0.0,1.0,5.0,0.0,2346.485,3637.942,14.58,32.775,32.696,9.196,0.0,0.0
400,5.0,8.0,0.0,0.0,0.0,0.0,2998.186,3317.439,71.604,32.297,32.208,9.144,0.0,0.0
401,5.0,8.0,0.0,1.0,1.0,0.0,3375.585,3370.929,99.007,32.549,32.386,9.121,0.0,0.0
402,5.0,8.0,0.0,2.0,2.0,0.0,2913.55,3593.337,5.927,32.821,32.636,9.194,0.0,0.0
403,5.0,8.0,0.0,3.0,3.0,0.0,3233.334,3669.548,-26.349,32.891,32.815,9.229,0.0,0.0
405,6.0,8.0,0.0,0.0,0.0,0.0,3735.016,3298.873,79.644,32.72,32.442,9.152,0.0,0.0
406,6.0,8.0,0.0,1.0,1.0,0.0,4038.94,3346.149,-12.705,38.0,34.651,9.318,0.0,0.0
408,6.0,8.0,0.0,3.0,3.0,0.0,3611.775,3394.619,33.35,32.451,32.114,9.152,0.0,0.0
409,6.0,8.0,0.0,4.0,4.0,0.0,3968.098,3467.514,105.996,32.475,32.406,9.197,0.0,0.0
410,6.0,8.0,0.0,5.0,5.0,0.0,3682.6,3475.301,57.773,32.48,32.387,9.195,0.0,0.0
411,7.0,8.0,0.0,0.0,3.0,0.0,4189.486,3418.795,30.152,32.905,32.524,9.19,0.0,0.0
412,7.0,8.0,0.0,1.0,3.0,0.0,4163.613,3397.589,41.203,32.519,32.112,9.161,0.0,0.0
413,7.0,8.0,0.0,2.0,4.0,0.0,4255.096,3421.128,49.173,32.451,32.227,9.168,0.0,0.0
414,7.0,8.0,0.0,3.0,5.0,0.0,4411.903,3487.474,78.605,32.373,31.859,9.19,0.0,0.0
415,7.0,8.0,0.0,4.0,6.0,0.0,4443.714,3547.641,36.185,32.711,32.577,9.17,0.0,0.0
417,7.0,8.0,0.0,6.0,8.0,0.0,4568.273,3653.283,63.504,32.837,32.705,9.206,0.0,0.0
418,8.0,8.0,0.0,0.0,1.0,0.0,4896.691,3405.229,77.278,32.302,32.249,9.15,0.0,0.0
419,8.0,8.0,0.0,1.0,3.0,0.0,5101.372,3468.28,19.932,32.76,32.72,9.197,0.0,0.0
420,8.0,8.0,0.0,2.0,4.0,0.0,5026.89,3492.133,-9.722,32.48,32.462,9.122,0.0,0.0
421,8.0,8.0,0.0,3.0,5.0,0.0,4963.269,3638.511,61.086,32.499,32.381,9.113,0.0,0.0
422,9.0,8.0,0.0,0.0,0.0,0.0,5487.541,3296.193,56.674,32.523,32.217,9.177,0.0,0.0
423,9.0,8.0,0.0,1.0,1.0,0.0,5644.024,3339.14,36.038,32.284,32.222,9.144,0.0,0.0
424,9.0,8.0,0.0,2.0,2.0,0.0,5208.298,3426.719,21.383,33.248,32.944,9.214,0.0,0.0
425,9.0,8.0,0.0,3.0,3.0,0.0,5437.282,3506.639,-25.83,32.598,32.588,9.156,0.0,0.0
426,9.0,8.0,0.0,4.0,5.0,0.0,5477.498,3662.409,-33.626,32.741,32.717,9.194,0.0,0.0
427,9.0,8.0,0.0,5.0,6.0,0.0,5600.642,3669.873,-34.569,32.956,32.831,9.24,0.0,0.0
428,0.0,9.0,0.0,0.0,0.0,0.0,78.507,3715.505,41.604,32.14,31.879,9.075,0.0,0.0
429,0.0,9.0,0.0,1.0,1.0,0.0,254.846,3796.751,75.104,32.191,31.991,9.098,0.0,0.0
430,0.0,9.0,0.0,2.0,2.0,0.0,510.835,3822.818,89.117,32.562,32.402,9.125,0.0,0.0
432,0.0,9.0,0.0,4.0,4.0,0.0,380.001,4026.248,-10.103,32.484,32.203,9.086,0.0,0.0
433,0.0,9.0,0.0,5.0,5.0,0.0,36.705,4045.338,-5.673,32.586,32.377,9.124,0.0,0.0
434,0.0,9.0,0.0,6.0,6.0,0.0,80.234,4047.383,3.511,32.58,32.249,9.19,0.0,0.0
435,0.0,9.0,0.0,7.0,8.0,0.0,521.018,4086.416,36.929,32.688,32.364,9.137,0.0,0.0
438,1.0,9.0,0.0,1.0,2.0,0.0,752.425,3794.546,3.041,31.81,31.621,9.076,0.0,0.0
439,1.0,9.0,0.0,2.0,3.0,0.0,1006.82,3859.457,20.291,32.392,32.202,9.157,0.0,0.0
440,1.0,9.0,0.0,3.0,4.0,0.0,911.987,3876.753,47.887,32.345,32.126,9.139,0.0,0.0
441,1.0,9.0,0.0,4.0,5.0,0.0,1035.637,4063.386,-11.191,32.445,32.348,9.185,0.0,0.0
443,2.0,9.0,0.0,1.0,2.0,0.0,1552.222,3801.03,90.5,32.276,32.086,9.123,0.0,0.0
444,2.0,9.0,0.0,2.0,3.0,0.0,1657.577,3891.066,48.126,32.786,32.657,9.192,0.0,0.0
445,2.0,9.0,0.0,3.0,4.0,0.0,1211.956,4013.311,40.954,32.163,31.686,9.051,0.0,0.0
446,2.0,9.0,0.0,4.0,5.0,0.0,1365.635,4087.551,133.591,32.453,32.303,9.179,0.0,0.0
447,3.0,9.0,0.0,0.0,0.0,0.0,2281.332,3790.758,32.65,32.249,32.094,9.121,0.0,0.0
448,3.0,9.0,0.0,1.0,1.0,0.0,2258.619,3826.69,16.116,31.726,31.653,9.069,0.0,0.0
449,3.0,9.0,0.0,2.0,3.0,0.0,1861.342,3895.209,43.964,32.077,31.97,9.079,0.0,0.0
450,3.0,9.0,0.0,3.0,4.0,0.0,2267.722,3961.523,66.76,32.424,32.277,9.171,0.0,0.0
451,3.0,9.0,0.0,4.0,5.0,0.0,1829.8,3971.449,62.518,32.21,32.076,9.113,0.0,0.0
452,4.0,9.0,0.0,0.0,1.0,0.0,2743.293,3808.197,105.939,31.979,31.815,9.128,0.0,0.0
453,4.0,9.0,0.0,1.0,2.0,0.0,2358.229,3839.109,27.012,32.447,32.111,9.151,0.0,0.0
454,4.0,9.0,0.0,2.0,4.0,0.0,2724.399,3964.419,55.953,32.514,32.423,9.205,0.0,0.0
455,4.0,9.0,0.0,3.0,5.0,0.0,2639.194,3985.239,86.782,32.586,32.46,9.136,0.0,0.0
456,4.0,9.0,0.0,4.0,6.0,0.0,2597.546,4007.855,89.325,32.407,32.201,9.158,0.0,0.0
457,4.0,9.0,0.0,5.0,7.0,0.0,2608.651,4061.12,84.553,32.816,32.781,9.214,0.0,0.0
458,4.0,9.0,0.0,6.0,8.0,0.0,2652.745,4091.996,-3.611,34.905,27.219,8.622,0.0,0.0
459,5.0,9.0,0.0,0.0,1.0,0.0,3082.251,3850.327,29.849,32.101,32.022,9.09,0.0,0.0
460,5.0,9.0,0.0,1.0,2.0,0.0,3235.33,3897.654,71.274,32.434,32.214,9.164,0.0,0.0
461,5.0,9.0,0.0,2.0,3.0,0.0,3207.239,3973.68,103.156,32.014,31.848,9.053,0.0,0.0
462,5.0,9.0,0.0,3.0,4.0,0.0,2954.713,4003.104,-0.936,33.142,29.413,8.858,0.0,0.0
463,6.0,9.0,0.0,0.0,0.0,0.0,3819.348,3811.27,-9.88,32.541,32.485,9.133,0.0,0.0
464,6.0,9.0,0.0,1.0,1.0,0.0,3921.995,3899.224,48.839,32.855,32.509,9.18,0.0,0.0
465,6.0,9.0,0.0,2.0,2.0,0.0,3889.658,3940.548,62.95,32.758,32.733,9.199,0.0,0.0
466,7.0,9.0,0.0,0.0,1.0,0.0,4418.79,3915.995,22.51,32.827,32.784,9.216,0.0,0.0
467,7.0,9.0,0.0,1.0,2.0,0.0,4172.21,3920.106,-0.538,32.595,32.287,9.113,0.0,0.0
468,8.0,9.0,0.0,0.0,1.0,0.0,4625.629,3844.732,10.654,32.769,32.523,9.171,0.0,0.0
469,8.0,9.0,0.0,1.0,2.0,0.0,4745.962,3897.653,41.546,32.383,32.231,9.159,0.0,0.0
470,9.0,9.0,0.0,0.0,2.0,0.0,5202.789,3843.509,28.597,32.789,32.486,9.169,0.0,0.0
471,0.0,10.0,0.0,0.0,2.0,0.0,321.979,4170.613,69.633,32.729,32.495,9.161,0.0,0.0
472,0.0,10.0,0.0,1.0,4.0,0.0,358.1,4264.993,69.802,32.883,32.719,9.214,0.0,0.0
473,0.0,10.0,0.0,2.0,5.0,0.0,202.035,4341.557,27.465,33.033,32.77,9.243,0.0,0.0
474,0.0,10.0,0.0,3.0,7.0,0.0,41.292,4405.508,13.264,32.714,32.456,9.154,0.0,0.0
475,1.0,10.0,0.0,0.0,0.0,0.0,672.557,4160.065,-0.28,32.54,31.938,8.816,0.0,0.0
476,1.0,10.0,0.0,1.0,1.0,0.0,1059.463,4179.758,-18.565,32.207,32.023,9.105,0.0,0.0
478,1.0,10.0,0.0,3.0,4.0,0.0,594.918,4401.913,39.992,32.788,32.415,9.076,0.0,0.0
479,1.0,10.0,0.0,4.0,5.0,0.0,856.319,4428.207,94.725,33.242,33.07,9.23,0.0,0.0
480,1.0,10.0,0.0,5.0,6.0,0.0,1123.875,4450.372,84.715,32.855,32.796,9.221,0.0,0.0
482,2.0,10.0,0.0,1.0,3.0,0.0,1377.683,4400.246,62.854,32.495,31.987,8.974,0.0,0.0
483,2.0,10.0,0.0,2.0,4.0,0.0,1673.989,4463.858,46.63,32.529,32.367,9.115,0.0,0.0
484,3.0,10.0,0.0,0.0,1.0,0.0,2236.569,4200.558,128.423,32.392,32.136,9.147,0.0,0.0
485,3.0,10.0,0.0,1.0,2.0,0.0,2311.522,4204.193,-3.635,32.763,32.546,9.173,0.0,0.0
486,3.0,10.0,0.0,2.0,3.0,0.0,1867.392,4212.101,15.315,32.345,32.065,9.131,0.0,0.0
488,3.0,10.0,0.0,4.0,6.0,0.0,1910.582,4406.412,33.579,32.276,31.959,9.106,0.0,0.0
489,3.0,10.0,0.0,5.0,7.0,0.0,2080.671,4454.22,71.878,32.581,32.496,9.141,0.0,0.0
490,3.0,10.0,0.0,6.0,9.0,0.0,1758.161,4490.773,-14.085,33.195,32.911,9.202,0.0,0.0
491,3.0,10.0,0.0,7.0,10.0,0.0,2092.872,4500.107,-4.259,34.558,26.95,8.617,0.0,0.0
492,3.0,10.0,0.0,8.0,11.0,0.0,1973.018,4500.522,-3.826,34.667,25.92,8.551,0.0,0.0
493,4.0,10.0,0.0,0.0,1.0,0.0,2450.01,4172.375,49.394,32.311,32.128,9.134,0.0,0.0
494,4.0,10.0,0.0,1.0,3.0,0.0,2800.341,4288.181,20.104,32.572,32.483,9.137,0.0,0.0
495,4.0,10.0,0.0,2.0,4.0,0.0,2324.901,4326.175,59.734,33.0,32.882,9.254,0.0,0.0
496,4.0,10.0,0.0,3.0,5.0,0.0,2492.531,4437.741,68.698,32.621,32.449,9.14,0.0,0.0
499,5.0,10.0,0.0,2.0,2.0,0.0,3328.626,4180.926,76.33,32.743,32.615,9.18,0.0,0.0
500,5.0,10.0,0.0,3.0,3.0,0.0,2965.451,4197.992,53.513,32.602,32.409,9.131,0.0,0.0
501,5.0,10.0,0.0,4.0,4.0,0.0,3430.3,4263.255,0.799,32.635,32.539,9.154,0.0,0.0
503,5.0,10.0,0.0,6.0,6.0,0.0,3121.396,4390.133,130.765,33.191,32.442,9.657,0.0,0.0
504,5.0,10.0,0.0,7.0,6.0,0.0,3141.863,4367.196,35.566,32.791,32.336,9.698,0.0,0.0
505,5.0,10.0,0.0,8.0,7.0,0.0,3341.895,4382.331,20.414,32.515,32.396,9.201,0.0,0.0
506,5.0,10.0,0.0,9.0,8.0,0.0,3081.153,4392.495,2.28,32.632,32.515,9.15,0.0,0.0
507,6.0,10.0,0.0,0.0,0.0,0.0,3846.048,4163.108,80.479,33.391,33.105,9.256,0.0,0.0
510,6.0,10.0,0.0,3.0,2.0,0.0,3668.286,4304.488,51.203,32.753,32.635,9.184,0.0,0.0
511,6.0,10.0,0.0,4.0,3.0,0.0,3646.739,4352.814,104.82,32.666,32.596,9.166,0.0,0.0
512,6.0,10.0,0.0,5.0,4.0,0.0,3637.671,4424.254,114.71,32.887,32.705,9.213,0.0,0.0
513,7.0,10.0,0.0,0.0,0.0,0.0,4407.061,4103.717,86.206,32.038,31.724,9.038,0.0,0.0
514,7.0,10.0,0.0,1.0,1.0,0.0,4568.19,4119.963,111.541,32.411,32.329,9.177,0.0,0.0
515,7.0,10.0,0.0,2.0,2.0,0.0,4446.219,4147.951,133.688,32.955,31.8,9.096,0.0,0.0
516,7.0,10.0,0.0,3.0,3.0,0.0,4309.503,4263.622,-43.093,32.178,32.17,9.121,0.0,0.0
517,8.0,10.0,0.0,0.0,0.0,0.0,4735.5,4141.744,33.098,32.772,32.614,9.184,0.0,0.0
518,8.0,10.0,0.0,1.0,1.0,0.0,4769.267,4165.147,7.075,32.651,32.353,9.13,0.0,0.0
519,8.0,10.0,0.0,2.0,2.0,0.0,5052.094,4189.448,65.086,31.96,31.901,9.052,0.0,0.0
520,8.0,10.0,0.0,3.0,3.0,0.0,5060.427,4289.513,83.511,32.659,32.337,9.129,0.0,0.0
521,8.0,10.0,0.0,4.0,4.0,0.0,4787.421,4291.322,61.613,32.037,31.872,9.059,0.0,0.0
522,8.0,10.0,0.0,5.0,5.0,0.0,4980.174,4417.482,94.955,32.561,32.457,9.132,0.0,0.0
523,9.0,10.0,0.0,0.0,0.0,0.0,5265.333,4200.192,93.637,32.314,32.264,9.071,0.0,0.0
524,9.0,10.0,0.0,1.0,1.0,0.0,5323.577,4230.593,37.356,32.103,31.802,9.059,0.0,0.0
525,0.0,11.0,0.0,0.0,0.0,0.0,36.414,4599.489,6.752,32.779,32.352,9.148,0.0,0.0
526,0.0,11.0,0.0,1.0,1.0,0.0,382.802,4630.251,25.84,32.257,32.152,9.13,0.0,0.0
527,0.0,11.0,0.0,2.0,2.0,0.0,178.667,4756.746,50.518,32.29,32.216,9.144,0.0,0.0
528,0.0,11.0,0.0,3.0,3.0,0.0,561.041,4894.165,-21.24,33.034,32.898,9.261,0.0,0.0
529,1.0,11.0,0.0,0.0,0.0,0.0,742.852,4578.018,52.553,32.072,31.926,9.072,0.0,0.0
530,1.0,11.0,0.0,1.0,1.0,0.0,991.496,4668.629,-18.205,32.321,32.185,9.144,0.0,0.0
531,1.0,11.0,0.0,2.0,2.0,0.0,1103.003,4733.7,23.563,31.854,31.702,9.094,0.0,0.0
533,1.0,11.0,0.0,4.0,4.0,0.0,916.847,4842.065,106.245,32.366,32.247,9.159,0.0,0.0
534,1.0,11.0,0.0,5.0,5.0,0.0,627.282,4908.754,0.025,35.418,25.228,8.445,0.0,0.0
535,1.0,11.0,0.0,6.0,6.0,0.0,1093.308,4909.063,-4.887,33.796,25.311,8.355,0.0,0.0
536,2.0,11.0,0.0,0.0,2.0,0.0,1670.655,4661.708,-24.823,39.539,36.04,9.844,0.0,0.0
537,2.0,11.0,0.0,1.0,4.0,0.0,1588.202,4897.029,52.014,33.03,32.838,9.252,0.0,0.0
538,2.0,11.0,0.0,2.0,5.0,0.0,1644.68,4899.448,11.133,32.648,32.438,9.142,0.0,0.0
539,2.0,11.0,0.0,3.0,6.0,0.0,1489.602,4909.028,-4.42,34.433,25.022,8.383,0.0,0.0
540,3.0,11.0,0.0,0.0,3.0,0.0,2097.85,4541.271,50.846,32.772,32.113,9.112,0.0,0.0
541,3.0,11.0,0.0,1.0,4.0,0.0,2006.404,4580.699,8.877,32.345,32.293,9.163,0.0,0.0
542,3.0,11.0,0.0,2.0,5.0,0.0,2191.545,4690.316,10.92,32.877,32.832,9.229,0.0,0.0
543,3.0,11.0,0.0,3.0,6.0,0.0,2181.384,4796.685,62.453,32.451,32.288,9.177,0.0,0.0
544,4.0,11.0,0.0,0.0,0.0,0.0,2488.038,4563.421,86.666,32.899,32.75,9.221,0.0,0.0
546,4.0,11.0,0.0,2.0,3.0,0.0,2535.731,4754.808,119.383,32.874,32.679,9.207,0.0,0.0
547,4.0,11.0,0.0,3.0,4.0,0.0,2746.362,4909.022,-4.543,34.985,25.297,8.425,0.0,0.0
548,5.0,11.0,0.0,0.0,0.0,0.0,3331.186,4535.952,102.241,33.052,32.893,9.262,0.0,0.0
549,5.0,11.0,0.0,1.0,1.0,0.0,3434.008,4620.387,-42.917,32.432,32.267,9.171,0.0,0.0
550,5.0,11.0,0.0,2.0,2.0,0.0,2910.013,4621.763,19.56,32.699,32.39,9.142,0.0,0.0
551,5.0,11.0,0.0,3.0,3.0,0.0,3133.974,4647.223,73.051,32.479,32.273,9.178,0.0,0.0
552,5.0,11.0,0.0,4.0,4.0,0.0,3112.122,4773.057,66.845,32.421,32.305,9.091,0.0,0.0
553,5.0,11.0,0.0,5.0,5.0,0.0,3068.83,4825.275,11.549,32.769,32.636,9.187,0.0,0.0
554,5.0,11.0,0.0,6.0,6.0,0.0,3228.257,4869.051,49.358,32.748,32.66,9.187,0.0,0.0
555,6.0,11.0,0.0,0.0,1.0,0.0,4013.651,4537.589,52.056,32.12,32.026,9.093,0.0,0.0
556,6.0,11.0,0.0,1.0,2.0,0.0,3590.423,4622.05,51.42,32.491,32.271,9.18,0.0,0.0
557,6.0,11.0,0.0,2.0,3.0,0.0,3522.384,4775.157,50.064,33.126,32.783,9.093,0.0,0.0
559,6.0,11.0,0.0,4.0,5.0,0.0,3641.691,4897.493,-7.265,32.629,31.035,8.855,0.0,0.0
560,7.0,11.0,0.0,0.0,0.0,0.0,4204.913,4515.753,59.839,32.418,32.206,9.161,0.0,0.0
561,7.0,11.0,0.0,1.0,1.0,0.0,4469.525,4613.109,83.151,32.353,32.233,9.155,0.0,0.0
562,7.0,11.0,0.0,2.0,2.0,0.0,4214.055,4619.618,64.578,32.683,32.469,9.151,0.0,0.0
563,8.0,11.0,0.0,0.0,0.0,0.0,4976.268,4649.681,83.989,32.463,32.366,9.19,0.0,0.0
564,8.0,11.0,0.0,1.0,1.0,0.0,5177.733,4663.397,-5.86,32.443,32.392,9.191,0.0,0.0
565,8.0,11.0,0.0,2.0,2.0,0.0,4827.694,4772.794,1.106,32.719,32.691,9.187,0.0,0.0
567,9.0,11.0,0.0,0.0,0.0,0.0,5318.694,4535.327,77.62,32.69,32.435,9.147,0.0,0.0
568,9.0,11.0,0.0,1.0,1.0,0.0,5232.688,4561.559,31.139,32.205,31.967,9.097,0.0,0.0
569,9.0,11.0,0.0,2.0,2.0,0.0,5377.533,4652.065,72.747,32.483,32.243,9.175,0.0,0.0
570,9.0,11.0,0.0,3.0,4.0,0.0,5631.721,4728.551,68.321,32.058,31.951,9.074,0.0,0.0
571,9.0,11.0,0.0,4.0,5.0,0.0,5517.23,4851.432,132.489,32.961,32.749,9.23,0.0,0.0
572,9.0,11.0,0.0,5.0,6.0,0.0,5205.108,4859.982,6.448,33.098,32.924,9.19,0.0,0.0
573,0.0,12.0,0.0,0.0,1.0,0.0,211.988,5141.725,6.187,32.239,32.044,9.113,0.0,0.0
574,0.0,12.0,0.0,1.0,2.0,0.0,41.268,5144.388,19.517,32.269,32.107,9.126,0.0,0.0
575,0.0,12.0,0.0,2.0,4.0,0.0,457.415,5291.797,28.364,33.126,32.835,9.265,0.0,0.0
576,1.0,12.0,0.0,0.0,2.0,0.0,698.119,4961.341,35.555,32.797,32.556,9.179,0.0,0.0
577,1.0,12.0,0.0,1.0,3.0,0.0,1129.148,4986.007,99.496,32.581,32.264,9.108,0.0,0.0
578,1.0,12.0,0.0,2.0,4.0,0.0,597.395,5210.259,11.302,32.378,32.1,9.14,0.0,0.0
579,1.0,12.0,0.0,3.0,5.0,0.0,785.333,5251.959,101.853,19.073,17.664,6.76,0.0,0.0
580,1.0,12.0,0.0,4.0,6.0,0.0,783.197,5277.815,133.318,19.247,16.513,6.674,0.0,0.0
581,1.0,12.0,0.0,5.0,7.0,0.0,1001.018,5301.649,46.808,32.576,32.366,9.122,0.0,0.0
582,1.0,12.0,0.0,6.0,8.0,0.0,769.305,5305.084,97.592,32.835,32.743,9.211,0.0,0.0
584,2.0,12.0,0.0,0.0,3.0,0.0,1615.031,5004.43,57.102,32.366,32.114,9.14,0.0,0.0
585,2.0,12.0,0.0,1.0,4.0,0.0,1256.787,5229.798,130.343,32.88,32.811,9.227,0.0,0.0
586,3.0,12.0,0.0,0.0,0.0,0.0,1777.606,4929.286,40.82,32.415,31.803,9.019,0.0,0.0
587,3.0,12.0,0.0,1.0,1.0,0.0,1992.152,4945.245,71.717,32.28,32.046,9.118,0.0,0.0
588,3.0,12.0,0.0,2.0,2.0,0.0,1920.555,5124.225,36.969,32.46,32.382,9.192,0.0,0.0
589,3.0,12.0,0.0,3.0,3.0,0.0,2126.952,5145.504,-35.308,32.698,32.634,9.176,0.0,0.0
590,3.0,12.0,0.0,4.0,4.0,0.0,2110.164,5180.857,98.235,32.392,32.206,9.157,0.0,0.0
591,3.0,12.0,0.0,5.0,5.0,0.0,2278.009,5181.147,17.541,32.758,32.602,9.18,0.0,0.0
592,3.0,12.0,0.0,6.0,6.0,0.0,1903.97,5244.036,13.871,32.492,32.203,9.171,0.0,0.0
593,4.0,12.0,0.0,0.0,1.0,0.0,2892.127,5039.129,89.701,34.974,26.579,8.587,0.0,0.0
594,4.0,12.0,0.0,1.0,1.0,0.0,2867.706,5019.202,-4.464,32.502,32.339,9.278,0.0,0.0
595,4.0,12.0,0.0,2.0,2.0,0.0,2833.164,5022.019,-14.926,32.671,32.481,9.151,0.0,0.0
597,4.0,12.0,0.0,4.0,4.0,0.0,2733.95,5202.489,45.079,32.173,32.04,9.102,0.0,0.0
598,4.0,12.0,0.0,5.0,5.0,0.0,2514.652,5238.714,18.555,32.672,32.509,9.155,0.0,0.0
599,4.0,12.0,0.0,6.0,6.0,0.0,2852.233,5252.041,67.939,33.583,32.144,9.486,0.0,0.0
601,5.0,12.0,0.0,0.0,0.0,0.0,2992.422,4919.723,61.675,32.197,32.072,9.11,0.0,0.0
602,5.0,12.0,0.0,1.0,1.0,0.0,3376.066,4972.769,131.029,32.404,32.198,9.158,0.0,0.0
603,6.0,12.0,0.0,0.0,2.0,0.0,3513.446,4988.616,28.907,32.986,32.519,9.201,0.0,0.0
605,6.0,12.0,0.0,2.0,4.0,0.0,3819.285,5035.049,103.301,32.071,32.001,9.082,0.0,0.0
606,6.0,12.0,0.0,3.0,5.0,0.0,3624.856,5050.632,52.963,33.063,32.791,9.249,0.0,0.0
608,6.0,12.0,0.0,5.0,7.0,0.0,3654.516,5123.25,33.963,32.491,32.386,9.112,0.0,0.0
609,6.0,12.0,0.0,6.0,8.0,0.0,3645.551,5297.597,58.854,32.989,32.601,9.131,0.0,0.0
610,6.0,12.0,0.0,7.0,9.0,0.0,3884.695,5306.203,13.51,32.898,32.726,9.218,0.0,0.0
611,7.0,12.0,0.0,0.0,0.0,0.0,4445.292,4943.907,79.077,32.795,32.642,9.191,0.0,0.0
612,7.0,12.0,0.0,1.0,1.0,0.0,4318.668,5014.028,69.713,32.911,32.792,9.229,0.0,0.0
613,7.0,12.0,0.0,2.0,2.0,0.0,4387.604,5119.782,86.767,32.278,32.15,9.133,0.0,0.0
614,8.0,12.0,0.0,0.0,1.0,0.0,4665.452,5183.823,-35.951,32.651,32.604,9.166,0.0,0.0
615,8.0,12.0,0.0,1.0,2.0,0.0,5110.788,5219.7,47.524,32.564,32.411,9.126,0.0,0.0
616,9.0,12.0,0.0,0.0,0.0,0.0,5558.435,4992.494,75.017,32.167,32.027,9.1,0.0,0.0
617,9.0,12.0,0.0,1.0,1.0,0.0,5266.988,5057.562,27.512,32.563,32.308,9.111,0.0,0.0
618,9.0,12.0,0.0,2.0,2.0,0.0,5250.603,5133.396,36.903,32.778,32.628,9.187,0.0,0.0
619,9.0,12.0,0.0,3.0,3.0,0.0,5214.664,5144.645,42.928,32.721,32.628,9.179,0.0,0.0
621,0.0,6.0,0.0,0.0,0.0,0.0,513.541,2644.912,105.85,35.272,32.618,28.563,4.0,
622,0.0,6.0,0.0,0.0,0.0,0.0,513.995,2638.702,22.028,32.571,32.254,27.598,4.0,
623,0.0,9.0,0.0,0.0,0.0,0.0,231.096,4019.98,-41.648,33.472,32.863,28.152,4.0,
624,0.0,9.0,0.0,0.0,0.0,0.0,233.78,4012.684,39.976,33.488,33.285,26.308,4.0,
626,1.0,4.0,0.0,0.0,0.0,0.0,869.735,2018.351,24.947,33.016,32.396,27.783,4.0,
627,1.0,4.0,0.0,0.0,0.0,0.0,851.478,2016.451,100.199,33.598,32.44,28.177,4.0,
628,1.0,9.0,0.0,0.0,0.0,0.0,791.046,3791.678,125.283,33.051,32.588,25.821,4.0,
630,2.0,10.0,0.0,0.0,0.0,0.0,1699.728,4120.644,-30.642,32.678,31.661,27.412,4.0,
631,2.0,10.0,0.0,0.0,0.0,0.0,1713.013,4126.804,-23.419,41.077,34.513,32.615,4.0,
632,2.0,10.0,0.0,0.0,0.0,0.0,1711.207,4139.161,25.143,33.319,31.045,27.5,4.0,
634,2.0,11.0,0.0,0.0,0.0,0.0,1298.252,4726.275,65.687,33.249,32.842,28.121,4.0,
635,2.0,11.0,0.0,0.0,0.0,0.0,1276.488,4735.91,123.923,33.596,32.795,26.113,4.0,
636,3.0,1.0,0.0,0.0,0.0,0.0,2023.727,476.574,105.469,33.458,31.748,25.812,4.0,
637,3.0,1.0,0.0,0.0,0.0,0.0,2032.102,477.092,82.116,33.011,30.176,25.111,4.0,
638,4.0,0.0,0.0,0.0,0.0,0.0,2421.872,23.794,41.889,32.693,31.9,27.518,4.0,
639,4.0,0.0,0.0,0.0,0.0,0.0,2425.226,19.492,41.95,32.921,27.46,25.948,4.0,
640,4.0,9.0,0.0,0.0,0.0,0.0,2319.997,3861.371,21.756,32.745,32.487,27.747,4.0,
641,4.0,9.0,0.0,0.0,0.0,0.0,2319.904,3883.659,17.829,32.81,32.351,27.745,4.0,
643,6.0,11.0,0.0,0.0,0.0,0.0,3731.927,4517.326,38.433,32.522,31.981,25.394,4.0,
644,6.0,11.0,0.0,0.0,0.0,0.0,3706.823,4509.03,112.797,32.917,32.439,24.069,4.0,
645,6.0,11.0,0.0,0.0,0.0,0.0,3856.67,4890.804,71.867,32.469,31.592,25.308,4.0,
646,6.0,11.0,0.0,0.0,0.0,0.0,3845.134,4890.494,97.515,33.205,31.684,25.658,4.0,
648,7.0,7.0,0.0,0.0,0.0,0.0,4060.77,3154.892,24.88,34.017,32.945,28.494,4.0,
649,7.0,7.0,0.0,0.0,0.0,0.0,4048.244,3177.777,-30.233,33.485,32.792,24.394,4.0,
651,8.0,0.0,0.0,0.0,0.0,0.0,4821.19,154.368,73.766,33.085,32.364,27.789,4.0,
652,8.0,0.0,0.0,0.0,0.0,0.0,4811.629,135.674,-25.831,33.013,32.639,27.955,4.0,
653,8.0,0.0,0.0,0.0,0.0,0.0,4729.621,413.559,9.775,33.561,31.998,28.079,4.0,
654,8.0,0.0,0.0,0.0,0.0,0.0,4728.43,403.261,91.295,33.643,32.695,26.02,4.0,
656,8.0,8.0,0.0,0.0,0.0,0.0,5125.017,3387.354,96.909,32.982,32.341,25.697,4.0,
657,8.0,8.0,0.0,0.0,0.0,0.0,5120.215,3412.065,26.264,33.523,33.234,24.601,4.0,
659,9.0,0.0,0.0,0.0,0.0,0.0,5228.451,35.025,-34.906,32.82,32.087,27.655,4.0,
660,9.0,0.0,0.0,0.0,0.0,0.0,5241.888,51.395,-3.629,33.187,32.974,26.051,4.0,
</ResultDatas>,,,,,,,,,,,,,,
<ElementResult>,,,,,,,,,,,,,,
0,0.0,,,,,,,,,,,,,
1,0.0,,,,,,,,,,,,,
2,0.0,,,,,,,,,,,,,
3,0.0,,,,,,,,,,,,,
4,2.0,,,,,,,,,,,,,
5,587.0,,,,,,,,,,,,,
</ElementResult>,,,,,,,,,,,,,,
1,0.0,0.0,0.0,1.0,2.0,0.0,343.946,39.911,124.662,32.872,32.822,9.227,0.0,0.0
2,0.0,0.0,0.0,2.0,3.0,0.0,55.43,101.155,20.326,33.432,33.321,9.292,0.0,0.0
3,0.0,0.0,0.0,3.0,4.0,0.0,97.976,162.37,40.768,33.039,32.867,9.257,0.0,0.0
4,0.0,0.0,0.0,4.0,5.0,0.0,576.022,305.03,-13.369,34.553,34.186,9.403,0.0,0.0
5,0.0,0.0,0.0,5.0,6.0,0.0,148.85,310.786,-17.831,33.763,33.654,9.302,0.0,0.0
6,0.0,0.0,0.0,6.0,7.0,0.0,18.459,345.92,-31.316,33.823,33.697,9.316,0.0,0.0
7,0.0,0.0,0.0,7.0,8.0,0.0,373.503,376.904,19.023,33.437,33.41,9.305,0.0,0.0
10,1.0,0.0,0.0,1.0,1.0,0.0,986.602,39.636,-24.64,33.76,33.497,9.279,0.0,0.0
11,1.0,0.0,0.0,2.0,2.0,0.0,901.839,45.861,78.995,33.107,33.064,9.294,0.0,0.0
12,1.0,0.0,0.0,3.0,3.0,0.0,723.412,50.085,54.337,33.016,32.937,9.264,0.0,0.0
13,1.0,0.0,0.0,4.0,4.0,0.0,828.043,157.819,28.258,33.123,33.037,9.209,0.0,0.0
14,1.0,0.0,0.0,5.0,5.0,0.0,677.68,164.568,2.847,33.035,32.928,9.265,0.0,0.0
16,1.0,0.0,0.0,7.0,8.0,0.0,654.11,316.078,-24.858,33.222,33.145,9.238,0.0,0.0
17,1.0,0.0,0.0,8.0,9.0,0.0,1133.904,335.399,7.015,34.013,33.836,9.362,0.0,0.0
18,1.0,0.0,0.0,9.0,10.0,0.0,1058.555,407.155,0.649,34.249,34.009,9.337,0.0,0.0
19,2.0,0.0,0.0,0.0,0.0,0.0,1669.451,202.147,-18.885,33.824,33.663,9.311,0.0,0.0
20,2.0,0.0,0.0,1.0,1.0,0.0,1437.931,262.245,93.565,33.242,33.2,9.249,0.0,0.0
21,2.0,0.0,0.0,2.0,3.0,0.0,1263.272,344.934,34.426,33.639,33.575,9.274,0.0,0.0
22,3.0,0.0,0.0,0.0,0.0,0.0,2011.249,60.478,47.486,33.519,33.394,9.314,0.0,0.0
23,3.0,0.0,0.0,1.0,2.0,0.0,2180.191,146.989,-42.967,33.05,32.898,9.263,0.0,0.0
24,3.0,0.0,0.0,2.0,3.0,0.0,2151.998,267.362,63.486,33.689,33.64,9.372,0.0,0.0
25,3.0,0.0,0.0,3.0,4.0,0.0,2302.383,295.611,4.136,33.67,33.66,9.29,0.0,0.0
26,3.0,0.0,0.0,4.0,5.0,0.0,2012.915,349.949,3.266,33.737,33.333,9.777,0.0,0.0
27,3.0,0.0,0.0,5.0,5.0,0.0,2045.333,348.593,-2.464,33.705,33.411,9.883,0.0,0.0
28,3.0,0.0,0.0,6.0,6.0,0.0,1750.173,354.306,79.919,34.067,33.959,9.304,0.0,0.0
29,3.0,0.0,0.0,7.0,7.0,0.0,1988.426,388.351,-26.782,33.827,33.749,9.324,0.0,0.0
30,4.0,0.0,0.0,0.0,0.0,0.0,2347.227,39.948,92.143,33.826,33.733,9.321,0.0,0.0
31,4.0,0.0,0.0,1.0,1.0,0.0,2341.479,87.272,58.052,33.624,33.349,9.24,0.0,0.0
32,4.0,0.0,0.0,2.0,2.0,0.0,2648.1,196.565,74.247,33.16,33.07,9.219,0.0,0.0
33,4.0,0.0,0.0,3.0,3.0,0.0,2739.229,204.731,59.623,33.408,33.356,9.293,0.0,0.0
34,4.0,0.0,0.0,4.0,4.0,0.0,2437.142,246.317,15.874,33.134,33.028,9.293,0.0,0.0
35,4.0,0.0,0.0,5.0,6.0,0.0,2425.579,360.688,-33.662,33.296,33.184,9.254,0.0,0.0
36,5.0,0.0,0.0,0.0,1.0,0.0,3334.519,138.847,-27.597,33.839,33.731,9.323,0.0,0.0
37,5.0,0.0,0.0,1.0,2.0,0.0,3223.64,202.994,-33.702,33.175,33.056,9.219,0.0,0.0
38,5.0,0.0,0.0,2.0,3.0,0.0,3170.472,241.152,91.449,33.602,33.464,9.335,0.0,0.0
39,5.0,0.0,0.0,3.0,4.0,0.0,3382.208,363.049,-18.249,33.792,33.666,9.307,0.0,0.0
40,6.0,0.0,0.0,0.0,1.0,0.0,3538.935,22.063,-17.587,33.195,33.108,9.229,0.0,0.0
41,6.0,0.0,0.0,1.0,2.0,0.0,3506.739,257.126,18.323,33.92,33.782,9.341,0.0,0.0
42,6.0,0.0,0.0,2.0,3.0,0.0,3912.077,339.241,28.102,33.875,33.653,9.317,0.0,0.0
43,6.0,0.0,0.0,3.0,4.0,0.0,3978.964,344.927,-32.492,34.176,33.878,9.39,0.0,0.0
44,7.0,0.0,0.0,0.0,0.0,0.0,4119.751,42.392,43.253,33.518,33.461,9.323,0.0,0.0
45,7.0,0.0,0.0,1.0,1.0,0.0,4070.259,66.208,2.398,33.189,33.076,9.143,0.0,0.0
46,7.0,0.0,0.0,2.0,2.0,0.0,4489.153,93.137,71.16,32.859,32.748,9.215,0.0,0.0
47,7.0,0.0,0.0,3.0,3.0,0.0,4526.359,179.437,7.196,34.169,33.973,9.402,0.0,0.0
48,7.0,0.0,0.0,4.0,5.0,0.0,4437.052,384.956,75.881,34.266,34.22,9.367,0.0,0.0
49,7.0,0.0,0.0,5.0,6.0,0.0,4055.794,409.64,-9.54,34.705,34.291,9.688,0.0,0.0
50,8.0,0.0,0.0,0.0,0.0,0.0,5119.183,45.967,116.666,33.438,33.3,9.29,0.0,0.0
51,8.0,0.0,0.0,1.0,2.0,0.0,4702.952,286.748,112.894,33.067,32.986,9.195,0.0,0.0
52,9.0,0.0,0.0,0.0,0.0,0.0,5717.386,38.592,-25.033,33.979,33.843,9.358,0.0,0.0
53,9.0,0.0,0.0,1.0,1.0,0.0,5272.286,68.43,37.463,33.371,33.092,9.252,0.0,0.0
54,9.0,0.0,0.0,2.0,2.0,0.0,5479.745,374.701,132.941,33.454,33.287,9.29,0.0,0.0
55,0.0,1.0,0.0,0.0,0.0,0.0,521.172,425.761,134.709,33.364,33.306,9.28,0.0,0.0
56,0.0,1.0,0.0,1.0,2.0,0.0,259.896,728.569,52.645,33.042,32.7,9.151,0.0,0.0
57,0.0,1.0,0.0,2.0,3.0,0.0,487.378,740.907,23.653,36.061,36.021,9.614,0.0,0.0
58,0.0,1.0,0.0,3.0,4.0,0.0,467.883,795.336,104.068,33.677,33.566,9.278,0.0,0.0
59,1.0,1.0,0.0,0.0,1.0,0.0,894.235,542.944,109.012,33.564,33.485,9.333,0.0,0.0
60,1.0,1.0,0.0,1.0,2.0,0.0,863.529,632.607,-12.533,33.096,33.068,9.21,0.0,0.0
61,1.0,1.0,0.0,2.0,3.0,0.0,1032.182,684.145,39.299,34.017,33.956,9.378,0.0,0.0
62,1.0,1.0,0.0,3.0,5.0,0.0,1123.866,758.833,9.142,33.785,33.615,9.219,0.0,0.0
63,2.0,1.0,0.0,0.0,0.0,0.0,1556.232,466.619,-11.028,33.313,33.168,9.254,0.0,0.0
64,2.0,1.0,0.0,1.0,1.0,0.0,1323.321,556.274,46.045,33.151,33.008,9.209,0.0,0.0
65,2.0,1.0,0.0,2.0,2.0,0.0,1209.414,617.438,85.674,33.546,33.34,9.229,0.0,0.0
66,2.0,1.0,0.0,3.0,3.0,0.0,1282.381,689.856,122.321,33.051,32.973,9.274,0.0,0.0
67,2.0,1.0,0.0,4.0,4.0,0.0,1619.494,717.93,58.612,33.695,33.652,9.292,0.0,0.0
68,2.0,1.0,0.0,5.0,5.0,0.0,1393.482,795.241,22.231,33.501,33.465,9.322,0.0,0.0
69,3.0,1.0,0.0,0.0,1.0,0.0,1970.006,795.983,94.362,36.245,21.234,9.204,0.0,0.0
70,4.0,1.0,0.0,0.0,0.0,0.0,2580.504,444.996,76.297,33.42,33.355,9.295,0.0,0.0
71,4.0,1.0,0.0,1.0,1.0,0.0,2633.867,461.042,-42.188,33.597,33.479,9.255,0.0,0.0
72,4.0,1.0,0.0,2.0,2.0,0.0,2556.862,517.856,96.541,36.441,22.823,8.449,0.0,0.0
73,4.0,1.0,0.0,3.0,4.0,0.0,2332.164,695.564,29.91,15.853,12.957,6.318,0.0,0.0
74,4.0,1.0,0.0,4.0,5.0,0.0,2373.965,797.258,-38.988,21.495,20.57,7.303,0.0,0.0
75,5.0,1.0,0.0,0.0,0.0,0.0,3022.403,459.989,79.07,33.199,33.094,9.228,0.0,0.0
76,5.0,1.0,0.0,1.0,1.0,0.0,3266.85,488.498,13.719,33.317,33.199,9.259,0.0,0.0
77,5.0,1.0,0.0,2.0,2.0,0.0,2913.795,516.63,26.752,33.856,33.669,9.317,0.0,0.0
78,5.0,1.0,0.0,3.0,3.0,0.0,3072.141,551.248,-3.697,16.295,15.953,6.722,0.0,0.0
79,5.0,1.0,0.0,4.0,3.0,0.0,3064.263,537.544,44.801,17.165,16.403,6.85,0.0,0.0
80,5.0,1.0,0.0,5.0,4.0,0.0,3284.706,748.17,16.153,33.672,33.509,9.269,0.0,0.0
81,6.0,1.0,0.0,0.0,1.0,0.0,3824.044,499.311,121.421,33.503,33.106,9.191,0.0,0.0
83,6.0,1.0,0.0,2.0,3.0,0.0,3700.836,565.291,-42.139,32.786,32.699,9.198,0.0,0.0
85,6.0,1.0,0.0,4.0,5.0,0.0,3804.901,824.776,-0.123,34.283,32.537,9.138,0.0,0.0
86,7.0,1.0,0.0,0.0,1.0,0.0,4527.128,543.884,89.347,33.751,33.611,9.294,0.0,0.0
87,7.0,1.0,0.0,1.0,2.0,0.0,4109.745,581.885,53.403,33.734,33.542,9.282,0.0,0.0
88,7.0,1.0,0.0,2.0,3.0,0.0,4332.738,632.784,53.634,33.132,33.077,9.216,0.0,0.0
90,7.0,1.0,0.0,4.0,5.0,0.0,4499.467,691.233,-19.731,33.355,33.285,9.194,0.0,0.0
91,7.0,1.0,0.0,5.0,6.0,0.0,4596.209,708.707,-21.628,34.568,34.26,9.334,0.0,0.0
94,7.0,1.0,0.0,8.0,8.0,0.0,4373.876,741.134,-19.079,33.766,33.653,9.302,0.0,0.0
95,7.0,1.0,0.0,9.0,9.0,0.0,4324.297,763.677,7.026,33.592,33.321,9.315,0.0,0.0
96,7.0,1.0,0.0,10.0,10.0,0.0,4200.913,775.784,15.087,34.494,34.295,9.329,0.0,0.0
99,8.0,1.0,0.0,0.0,0.0,0.0,4703.497,432.128,61.18,33.407,33.017,9.246,0.0,0.0
100,8.0,1.0,0.0,1.0,1.0,0.0,5078.879,557.701,44.61,33.39,33.268,9.279,0.0,0.0
101,8.0,1.0,0.0,2.0,2.0,0.0,4796.04,570.713,19.525,33.329,33.168,9.256,0.0,0.0
102,8.0,1.0,0.0,3.0,4.0,0.0,4737.907,771.082,-30.629,33.747,33.292,9.25,0.0,0.0
103,9.0,1.0,0.0,0.0,0.0,0.0,5526.597,454.967,102.313,33.373,33.152,9.26,0.0,0.0
104,9.0,1.0,0.0,1.0,1.0,0.0,5576.153,469.203,-42.454,33.698,33.656,9.293,0.0,0.0
105,9.0,1.0,0.0,2.0,2.0,0.0,5727.41,476.811,130.213,33.501,33.369,9.308,0.0,0.0
106,9.0,1.0,0.0,3.0,4.0,0.0,5757.879,578.002,78.047,34.471,33.587,9.309,0.0,0.0
107,9.0,1.0,0.0,4.0,5.0,0.0,5248.254,714.412,43.184,33.752,33.71,9.308,0.0,0.0
108,9.0,1.0,0.0,5.0,6.0,0.0,5501.238,768.293,63.279,34.038,33.929,9.377,0.0,0.0
109,9.0,1.0,0.0,6.0,7.0,0.0,5317.687,814.975,30.031,33.454,33.375,9.303,0.0,0.0
110,9.0,1.0,0.0,7.0,8.0,0.0,5471.333,816.381,-6.843,33.943,33.893,9.36,0.0,0.0
111,0.0,2.0,0.0,0.0,1.0,0.0,84.673,850.033,45.975,33.521,33.39,9.314,0.0,0.0
112,0.0,2.0,0.0,1.0,2.0,0.0,383.889,906.472,116.425,33.215,32.939,9.208,0.0,0.0
113,0.0,2.0,0.0,2.0,3.0,0.0,225.908,1006.449,-39.811,33.148,33.108,9.223,0.0,0.0
114,0.0,2.0,0.0,3.0,4.0,0.0,182.014,1039.562,50.949,33.343,33.168,9.258,0.0,0.0
115,0.0,2.0,0.0,4.0,5.0,0.0,41.798,1121.613,-39.328,33.355,33.233,9.269,0.0,0.0
116,0.0,2.0,0.0,5.0,6.0,0.0,163.72,1134.046,4.347,34.206,34.039,9.416,0.0,0.0
117,1.0,2.0,0.0,0.0,0.0,0.0,940.135,834.355,-3.311,33.301,33.126,9.246,0.0,0.0
118,1.0,2.0,0.0,1.0,2.0,0.0,672.284,1042.019,67.425,33.781,33.603,9.297,0.0,0.0
119,1.0,2.0,0.0,2.0,3.0,0.0,1058.72,1047.658,100.789,33.534,33.382,9.314,0.0,0.0
120,1.0,2.0,0.0,3.0,4.0,0.0,1112.58,1139.624,121.435,34.214,33.627,9.983,0.0,0.0
121,1.0,2.0,0.0,4.0,5.0,0.0,906.174,1171.604,32.938,33.407,33.259,9.28,0.0,0.0
122,1.0,2.0,0.0,5.0,6.0,0.0,737.284,1232.311,-2.706,33.806,32.614,9.163,0.0,0.0
123,2.0,2.0,0.0,0.0,0.0,0.0,1186.712,1000.292,73.809,33.608,33.563,9.268,0.0,0.0
124,2.0,2.0,0.0,1.0,1.0,0.0,1673.727,1014.413,13.812,33.668,33.518,9.27,0.0,0.0
125,2.0,2.0,0.0,2.0,2.0,0.0,1571.719,1052.943,126.495,33.159,32.989,9.208,0.0,0.0
126,3.0,2.0,0.0,0.0,0.0,0.0,1959.022,859.108,122.022,33.639,33.258,9.23,0.0,0.0
127,3.0,2.0,0.0,1.0,2.0,0.0,2264.676,890.934,95.763,34.834,33.626,9.363,0.0,0.0
128,3.0,2.0,0.0,2.0,3.0,0.0,1797.0,914.214,11.046,33.49,33.4,9.311,0.0,0.0
129,3.0,2.0,0.0,3.0,5.0,0.0,2033.62,1043.632,110.428,33.542,33.488,9.248,0.0,0.0
130,3.0,2.0,0.0,4.0,6.0,0.0,2233.956,1086.67,-31.315,33.614,33.485,9.34,0.0,0.0
131,3.0,2.0,0.0,5.0,7.0,0.0,2121.129,1116.438,-12.082,33.267,33.141,9.244,0.0,0.0
132,3.0,2.0,0.0,6.0,8.0,0.0,2218.118,1117.794,129.073,14.313,13.979,6.015,0.0,0.0
133,4.0,2.0,0.0,0.0,0.0,0.0,2477.316,856.555,1.385,17.087,14.992,6.317,0.0,0.0
134,4.0,2.0,0.0,1.0,1.0,0.0,2398.568,886.98,29.28,13.714,12.503,5.824,0.0,0.0
135,4.0,2.0,0.0,2.0,2.0,0.0,2478.028,918.397,90.215,38.381,34.734,9.744,0.0,0.0
136,4.0,2.0,0.0,3.0,3.0,0.0,2529.446,974.711,79.481,33.025,33.017,9.276,0.0,0.0
137,4.0,2.0,0.0,4.0,5.0,0.0,2696.028,1009.146,26.268,44.711,23.682,9.04,0.0,0.0
138,4.0,2.0,0.0,5.0,6.0,0.0,2556.421,1040.078,52.91,33.301,33.074,9.239,0.0,0.0
139,4.0,2.0,0.0,6.0,7.0,0.0,2617.74,1092.723,40.773,33.554,33.523,9.337,0.0,0.0
140,4.0,2.0,0.0,7.0,9.0,0.0,2536.495,1129.832,110.435,33.604,33.517,9.261,0.0,0.0
141,4.0,2.0,0.0,8.0,10.0,0.0,2626.481,1131.697,54.832,33.927,33.819,9.347,0.0,0.0
142,4.0,2.0,0.0,9.0,11.0,0.0,2396.496,1184.615,11.052,15.665,9.654,8.298,0.0,0.0
143,4.0,2.0,0.0,10.0,11.0,0.0,2397.921,1163.925,14.233,37.03,18.841,9.853,0.0,0.0
144,5.0,2.0,0.0,0.0,0.0,0.0,3313.684,991.08,85.357,26.243,18.819,7.569,0.0,0.0
145,5.0,2.0,0.0,1.0,1.0,0.0,3042.864,1041.801,51.383,33.637,33.495,9.345,0.0,0.0
146,5.0,2.0,0.0,2.0,2.0,0.0,3351.228,1062.788,7.291,33.894,33.84,9.345,0.0,0.0
147,5.0,2.0,0.0,3.0,3.0,0.0,3362.519,1124.385,42.552,33.407,33.332,9.29,0.0,0.0
148,6.0,2.0,0.0,0.0,1.0,0.0,3823.484,856.949,35.025,33.946,33.595,9.319,0.0,0.0
149,6.0,2.0,0.0,1.0,3.0,0.0,3600.091,941.027,61.724,33.066,32.903,9.266,0.0,0.0
150,6.0,2.0,0.0,2.0,4.0,0.0,3767.206,1029.183,91.301,33.397,33.23,9.274,0.0,0.0
151,6.0,2.0,0.0,3.0,5.0,0.0,3861.434,1049.423,3.082,32.962,32.889,9.166,0.0,0.0
152,6.0,2.0,0.0,4.0,6.0,0.0,3554.358,1106.075,53.102,33.525,33.404,9.234,0.0,0.0
153,6.0,2.0,0.0,5.0,6.0,0.0,3566.876,1091.733,-7.596,5.772,4.23,3.634,0.0,0.0
154,6.0,2.0,0.0,6.0,7.0,0.0,3899.498,1120.859,79.471,33.871,33.769,9.332,0.0,0.0
155,6.0,2.0,0.0,7.0,8.0,0.0,3976.042,1200.856,106.873,34.866,34.28,9.224,0.0,0.0
156,7.0,2.0,0.0,0.0,2.0,0.0,4267.52,864.646,96.152,33.569,33.162,9.288,0.0,0.0
157,7.0,2.0,0.0,1.0,3.0,0.0,4573.614,886.827,-7.981,33.7,33.512,9.356,0.0,0.0
158,7.0,2.0,0.0,2.0,4.0,0.0,4602.862,1032.691,106.363,33.649,33.589,9.277,0.0,0.0
159,7.0,2.0,0.0,3.0,5.0,0.0,4121.109,1064.902,122.985,9.432,6.047,5.128,0.0,0.0
160,7.0,2.0,0.0,4.0,6.0,0.0,4465.018,1089.865,128.48,33.518,33.342,9.307,0.0,0.0
161,7.0,2.0,0.0,5.0,7.0,0.0,4376.479,1107.047,131.054,33.309,33.104,9.245,0.0,0.0
162,7.0,2.0,0.0,6.0,8.0,0.0,4443.302,1179.136,73.856,40.636,27.077,9.088,0.0,0.0
163,7.0,2.0,0.0,7.0,9.0,0.0,4317.841,1202.568,115.333,33.652,33.554,9.355,0.0,0.0
164,8.0,2.0,0.0,0.0,0.0,0.0,4866.684,957.752,85.631,33.291,33.205,9.256,0.0,0.0
165,8.0,2.0,0.0,1.0,2.0,0.0,5061.556,1063.568,4.424,33.337,33.31,9.277,0.0,0.0
166,9.0,2.0,0.0,0.0,2.0,0.0,5759.746,867.44,-14.78,33.595,33.37,9.239,0.0,0.0
167,9.0,2.0,0.0,1.0,4.0,0.0,5624.27,975.101,96.026,34.165,34.097,9.337,0.0,0.0
168,9.0,2.0,0.0,2.0,5.0,0.0,5318.616,1141.873,72.502,33.422,33.35,9.294,0.0,0.0
169,0.0,3.0,0.0,0.0,0.0,0.0,302.262,1250.34,-13.196,33.112,33.059,9.211,0.0,0.0
170,0.0,3.0,0.0,1.0,1.0,0.0,149.84,1252.007,48.028,33.063,32.916,9.184,0.0,0.0
171,0.0,3.0,0.0,2.0,2.0,0.0,537.864,1332.828,-26.948,33.713,33.612,9.289,0.0,0.0
172,0.0,3.0,0.0,3.0,3.0,0.0,282.58,1406.813,46.629,33.083,32.955,9.192,0.0,0.0
173,0.0,3.0,0.0,4.0,4.0,0.0,361.156,1413.036,91.509,33.837,33.671,9.314,0.0,0.0
174,0.0,3.0,0.0,5.0,5.0,0.0,25.645,1484.494,7.966,33.374,33.141,9.259,0.0,0.0
175,0.0,3.0,0.0,6.0,6.0,0.0,54.203,1505.924,-21.347,33.543,33.432,9.323,0.0,0.0
176,0.0,3.0,0.0,7.0,7.0,0.0,415.445,1515.336,-23.493,33.933,33.866,9.354,0.0,0.0
177,0.0,3.0,0.0,8.0,8.0,0.0,285.301,1623.161,109.392,34.32,34.208,9.373,0.0,0.0
178,0.0,3.0,0.0,9.0,9.0,0.0,211.058,1644.838,-2.851,36.388,25.221,8.59,0.0,0.0
179,1.0,3.0,0.0,0.0,1.0,0.0,735.628,1328.384,29.503,27.668,25.545,8.175,0.0,0.0
180,1.0,3.0,0.0,1.0,2.0,0.0,1115.183,1448.705,-9.557,33.89,33.731,9.33,0.0,0.0
181,1.0,3.0,0.0,2.0,3.0,0.0,1017.943,1497.076,-15.731,33.381,33.227,9.272,0.0,0.0
182,1.0,3.0,0.0,3.0,4.0,0.0,757.015,1617.467,-37.053,33.53,33.429,9.321,0.0,0.0
183,1.0,3.0,0.0,4.0,5.0,0.0,705.54,1621.046,128.777,24.137,18.42,7.716,0.0,0.0
184,2.0,3.0,0.0,0.0,0.0,0.0,1271.604,1321.96,-16.936,33.439,33.375,9.3,0.0,0.0
185,2.0,3.0,0.0,1.0,1.0,0.0,1270.186,1422.294,42.052,33.62,33.509,9.344,0.0,0.0
186,2.0,3.0,0.0,2.0,2.0,0.0,1233.988,1497.029,88.681,33.59,33.543,9.262,0.0,0.0
187,3.0,3.0,0.0,0.0,0.0,0.0,2067.704,1259.244,103.029,33.743,33.416,9.348,0.0,0.0
188,3.0,3.0,0.0,1.0,1.0,0.0,1993.439,1337.678,63.213,33.398,33.262,9.279,0.0,0.0
189,3.0,3.0,0.0,2.0,2.0,0.0,1823.348,1393.087,10.291,32.72,32.299,9.133,0.0,0.0
190,3.0,3.0,0.0,3.0,3.0,0.0,1927.994,1434.979,-43.055,33.636,33.565,9.272,0.0,0.0
191,3.0,3.0,0.0,4.0,4.0,0.0,1794.147,1445.72,-30.664,34.6,33.036,9.102,0.0,0.0
192,3.0,3.0,0.0,5.0,5.0,0.0,2272.289,1536.282,10.861,34.089,33.83,9.371,0.0,0.0
193,3.0,3.0,0.0,6.0,6.0,0.0,1954.75,1539.367,111.865,33.66,33.558,9.274,0.0,0.0
194,3.0,3.0,0.0,7.0,7.0,0.0,1765.771,1563.431,-23.652,34.161,33.909,9.392,0.0,0.0
195,4.0,3.0,0.0,0.0,0.0,0.0,2749.432,1246.66,106.005,33.378,33.296,9.281,0.0,0.0
196,4.0,3.0,0.0,1.0,1.0,0.0,2582.55,1573.133,20.468,33.148,33.069,9.301,0.0,0.0
197,4.0,3.0,0.0,2.0,2.0,0.0,2464.269,1578.309,-39.06,33.503,33.348,9.306,0.0,0.0
198,4.0,3.0,0.0,3.0,3.0,0.0,2381.058,1633.91,132.322,33.863,33.626,9.312,0.0,0.0
199,5.0,3.0,0.0,0.0,1.0,0.0,3280.609,1308.267,67.244,42.008,34.18,9.842,0.0,0.0
200,5.0,3.0,0.0,1.0,2.0,0.0,3034.052,1559.437,133.097,33.29,33.22,9.258,0.0,0.0
201,5.0,3.0,0.0,2.0,3.0,0.0,3101.007,1622.316,33.184,33.357,33.213,9.267,0.0,0.0
202,6.0,3.0,0.0,0.0,0.0,0.0,3664.894,1284.435,101.755,18.673,17.328,6.62,0.0,0.0
203,6.0,3.0,0.0,1.0,1.0,0.0,3862.583,1381.63,41.542,33.645,33.514,9.348,0.0,0.0
204,6.0,3.0,0.0,2.0,3.0,0.0,3912.304,1430.563,103.298,33.106,32.895,9.187,0.0,0.0
205,6.0,3.0,0.0,3.0,4.0,0.0,3940.962,1466.203,7.958,33.297,33.244,9.262,0.0,0.0
206,6.0,3.0,0.0,4.0,5.0,0.0,3573.279,1490.141,18.312,33.101,32.86,9.265,0.0,0.0
207,7.0,3.0,0.0,0.0,1.0,0.0,4543.034,1247.64,-29.54,33.483,33.322,9.217,0.0,0.0
208,7.0,3.0,0.0,1.0,2.0,0.0,4164.523,1280.371,72.658,33.694,33.491,9.27,0.0,0.0
209,7.0,3.0,0.0,2.0,3.0,0.0,4338.755,1320.028,15.633,33.427,33.34,9.294,0.0,0.0
210,7.0,3.0,0.0,3.0,4.0,0.0,4282.965,1351.679,83.807,33.346,33.218,9.266,0.0,0.0
211,7.0,3.0,0.0,4.0,5.0,0.0,4561.553,1373.996,-26.045,34.24,34.034,9.339,0.0,0.0
212,7.0,3.0,0.0,5.0,6.0,0.0,4101.084,1376.352,68.258,33.409,33.33,9.208,0.0,0.0
213,7.0,3.0,0.0,6.0,7.0,0.0,4274.934,1374.519,-42.893,11.934,11.15,5.518,0.0,0.0
214,7.0,3.0,0.0,7.0,8.0,0.0,4504.265,1422.813,-31.147,33.864,33.655,9.316,0.0,0.0
215,7.0,3.0,0.0,8.0,9.0,0.0,4104.887,1489.939,-15.825,33.73,33.634,9.294,0.0,0.0
216,7.0,3.0,0.0,9.0,10.0,0.0,4473.489,1498.96,62.886,33.709,33.682,9.298,0.0,0.0
217,7.0,3.0,0.0,10.0,11.0,0.0,4175.142,1537.629,109.465,44.379,34.203,9.968,0.0,0.0
218,7.0,3.0,0.0,11.0,12.0,0.0,4262.15,1560.97,129.722,33.436,33.404,9.304,0.0,0.0
219,7.0,3.0,0.0,12.0,13.0,0.0,4222.31,1645.164,-2.854,36.532,24.5,8.483,0.0,0.0
220,8.0,3.0,0.0,0.0,0.0,0.0,5197.04,1243.37,89.917,37.035,24.621,8.471,0.0,0.0
221,8.0,3.0,0.0,1.0,2.0,0.0,4647.025,1328.972,85.78,25.896,22.622,7.889,0.0,0.0
222,8.0,3.0,0.0,2.0,3.0,0.0,5070.2,1411.435,-25.184,33.492,33.234,9.289,0.0,0.0
223,8.0,3.0,0.0,3.0,4.0,0.0,4718.063,1430.877,12.193,33.0,32.89,9.255,0.0,0.0
224,8.0,3.0,0.0,4.0,5.0,0.0,4666.497,1485.476,88.412,39.626,34.408,9.709,0.0,0.0
225,8.0,3.0,0.0,5.0,6.0,0.0,4931.596,1486.194,90.77,33.626,33.506,9.262,0.0,0.0
226,8.0,3.0,0.0,6.0,8.0,0.0,5058.965,1564.954,25.618,33.583,33.493,9.337,0.0,0.0
227,8.0,3.0,0.0,7.0,9.0,0.0,4961.912,1609.556,104.228,33.305,33.255,9.265,0.0,0.0
228,8.0,3.0,0.0,8.0,10.0,0.0,5071.993,1630.024,111.774,34.637,34.475,9.294,0.0,0.0
229,9.0,3.0,0.0,0.0,1.0,0.0,5201.949,1281.778,8.851,14.396,11.803,5.826,0.0,0.0
230,9.0,3.0,0.0,1.0,2.0,0.0,5467.371,1482.641,-39.145,32.812,32.734,9.207,0.0,0.0
231,9.0,3.0,0.0,2.0,3.0,0.0,5605.401,1483.146,23.756,33.336,33.123,9.251,0.0,0.0
232,0.0,4.0,0.0,0.0,2.0,0.0,471.694,1850.57,-14.382,33.1,33.057,9.209,0.0,0.0
233,0.0,4.0,0.0,1.0,3.0,0.0,432.312,1944.246,70.132,12.436,11.794,5.639,0.0,0.0
234,0.0,4.0,0.0,2.0,4.0,0.0,190.373,2006.603,134.187,33.29,33.192,9.254,0.0,0.0
235,1.0,4.0,0.0,0.0,0.0,0.0,893.448,1746.671,49.864,33.106,32.893,9.187,0.0,0.0
236,2.0,4.0,0.0,0.0,0.0,0.0,1675.49,1672.931,91.593,33.584,33.403,9.324,0.0,0.0
237,2.0,4.0,0.0,1.0,1.0,0.0,1441.988,1747.071,69.788,34.466,34.162,9.386,0.0,0.0
238,2.0,4.0,0.0,2.0,2.0,0.0,1618.152,1766.327,124.116,15.331,7.767,4.996,0.0,0.0
239,2.0,4.0,0.0,3.0,3.0,0.0,1582.091,1893.94,-35.889,9.277,9.17,4.804,0.0,0.0
240,3.0,4.0,0.0,0.0,0.0,0.0,1787.29,1772.498,67.518,33.474,33.231,9.285,0.0,0.0
241,3.0,4.0,0.0,1.0,1.0,0.0,1839.122,1793.411,9.067,34.057,33.92,9.379,0.0,0.0
242,3.0,4.0,0.0,2.0,2.0,0.0,1922.295,1811.349,29.736,33.366,33.195,9.265,0.0,0.0
243,3.0,4.0,0.0,3.0,3.0,0.0,2100.897,1869.216,-17.245,19.972,19.539,7.059,0.0,0.0
244,3.0,4.0,0.0,4.0,4.0,0.0,2312.147,1901.742,108.24,38.157,33.022,9.402,0.0,0.0
245,3.0,4.0,0.0,5.0,5.0,0.0,2308.364,1975.025,0.35,11.923,11.309,5.412,0.0,0.0
246,3.0,4.0,0.0,6.0,6.0,0.0,2152.529,2011.308,-17.948,33.753,33.534,9.284,0.0,0.0
247,4.0,4.0,0.0,0.0,1.0,0.0,2612.653,1751.734,37.686,33.244,33.071,9.231,0.0,0.0
248,4.0,4.0,0.0,1.0,2.0,0.0,2849.999,1878.419,95.948,43.103,31.796,9.711,0.0,0.0
249,4.0,4.0,0.0,2.0,4.0,0.0,2420.857,1966.86,-26.82,33.391,33.317,9.286,0.0,0.0
250,4.0,4.0,0.0,3.0,5.0,0.0,2733.021,1992.008,-36.685,36.882,36.803,9.748,0.0,0.0
251,4.0,4.0,0.0,4.0,6.0,0.0,2584.4,1997.683,16.28,33.48,33.255,9.29,0.0,0.0
252,4.0,4.0,0.0,5.0,7.0,0.0,2485.351,2027.489,22.699,35.674,33.218,9.345,0.0,0.0
253,4.0,4.0,0.0,6.0,9.0,0.0,2329.434,2042.654,0.946,14.832,14.313,6.071,0.0,0.0
254,5.0,4.0,0.0,0.0,1.0,0.0,3228.754,1863.424,60.922,33.167,33.041,9.216,0.0,0.0
255,5.0,4.0,0.0,1.0,2.0,0.0,3289.92,1863.283,49.774,29.5,28.834,8.595,0.0,0.0
256,5.0,4.0,0.0,2.0,3.0,0.0,3107.218,1871.912,-8.421,33.08,32.929,9.272,0.0,0.0
257,5.0,4.0,0.0,3.0,4.0,0.0,2940.736,1945.218,-41.564,33.779,33.649,9.303,0.0,0.0
258,5.0,4.0,0.0,4.0,5.0,0.0,3113.044,1981.845,125.803,33.324,33.128,9.25,0.0,0.0
259,5.0,4.0,0.0,5.0,6.0,0.0,3328.172,1987.061,28.084,34.116,33.95,9.391,0.0,0.0
260,5.0,4.0,0.0,6.0,7.0,0.0,3238.43,2008.196,26.352,33.511,33.393,9.313,0.0,0.0
261,5.0,4.0,0.0,7.0,8.0,0.0,3333.427,2038.729,58.958,34.657,34.328,9.355,0.0,0.0
262,5.0,4.0,0.0,8.0,9.0,0.0,3165.427,2054.872,120.362,6.05,5.205,4.072,0.0,0.0
263,5.0,4.0,0.0,9.0,9.0,0.0,3180.576,2051.562,-1.016,33.557,22.798,9.256,0.0,0.0
264,6.0,4.0,0.0,0.0,0.0,0.0,3859.416,1687.489,-23.623,33.35,33.201,9.264,0.0,0.0
265,6.0,4.0,0.0,1.0,1.0,0.0,3876.692,1715.851,78.651,19.995,19.492,7.159,0.0,0.0
266,6.0,4.0,0.0,2.0,2.0,0.0,4011.29,1748.263,-13.256,34.056,33.858,9.371,0.0,0.0
267,6.0,4.0,0.0,3.0,3.0,0.0,3730.006,1828.492,-34.062,33.029,33.016,9.193,0.0,0.0
268,6.0,4.0,0.0,4.0,4.0,0.0,3654.533,1879.809,65.263,33.477,33.307,9.296,0.0,0.0
269,7.0,4.0,0.0,0.0,0.0,0.0,4222.302,1649.148,55.764,33.301,33.2,9.257,0.0,0.0
270,7.0,4.0,0.0,1.0,1.0,0.0,4612.352,1777.606,4.669,33.636,33.475,9.342,0.0,0.0
271,7.0,4.0,0.0,2.0,2.0,0.0,4268.71,1808.988,113.482,33.621,33.395,9.246,0.0,0.0
272,7.0,4.0,0.0,3.0,3.0,0.0,4592.554,1970.19,-11.701,34.191,34.04,9.333,0.0,0.0
273,8.0,4.0,0.0,0.0,1.0,0.0,4957.311,1665.657,-16.58,33.275,33.222,9.256,0.0,0.0
274,8.0,4.0,0.0,1.0,2.0,0.0,5173.528,1721.212,-19.391,34.117,33.888,9.383,0.0,0.0
275,8.0,4.0,0.0,2.0,4.0,0.0,4721.839,1829.552,-8.265,33.561,33.473,9.331,0.0,0.0
276,8.0,4.0,0.0,3.0,5.0,0.0,5114.897,1844.493,-12.107,33.766,33.488,9.362,0.0,0.0
277,8.0,4.0,0.0,4.0,6.0,0.0,5063.797,1866.646,-6.726,33.85,33.778,9.331,0.0,0.0
278,8.0,4.0,0.0,5.0,7.0,0.0,4737.208,1887.929,85.243,33.738,33.646,9.297,0.0,0.0
279,8.0,4.0,0.0,6.0,8.0,0.0,4862.268,1943.013,30.78,33.089,33.023,9.203,0.0,0.0
280,8.0,4.0,0.0,7.0,9.0,0.0,4816.425,1960.002,-23.989,33.462,33.357,9.301,0.0,0.0
281,8.0,4.0,0.0,8.0,10.0,0.0,4932.346,1968.883,32.848,33.614,33.328,9.236,0.0,0.0
282,9.0,4.0,0.0,0.0,0.0,0.0,5441.78,1661.892,75.632,33.913,33.644,9.321,0.0,0.0
283,9.0,4.0,0.0,1.0,2.0,0.0,5585.448,1923.775,0.873,34.186,34.058,9.416,0.0,0.0
284,9.0,4.0,0.0,2.0,3.0,0.0,5419.482,1978.247,105.66,33.136,33.085,9.218,0.0,0.0
285,0.0,5.0,0.0,0.0,0.0,0.0,31.225,2058.54,64.662,33.94,33.719,9.335,0.0,0.0
286,0.0,5.0,0.0,1.0,1.0,0.0,514.54,2121.047,117.036,33.335,33.235,9.266,0.0,0.0
287,0.0,5.0,0.0,2.0,2.0,0.0,281.411,2366.945,111.039,10.556,10.489,5.167,0.0,0.0
288,0.0,5.0,0.0,3.0,3.0,0.0,52.167,2418.899,-14.141,10.342,9.731,5.073,0.0,0.0
289,1.0,5.0,0.0,0.0,0.0,0.0,974.205,2057.85,-25.006,33.079,32.914,9.186,0.0,0.0
290,1.0,5.0,0.0,1.0,1.0,0.0,1043.909,2117.317,-20.071,20.581,18.953,6.97,0.0,0.0
291,1.0,5.0,0.0,2.0,2.0,0.0,626.99,2167.625,-26.912,18.337,12.24,6.418,0.0,0.0
292,1.0,5.0,0.0,3.0,3.0,0.0,1009.263,2177.833,102.529,33.517,33.31,9.302,0.0,0.0
293,1.0,5.0,0.0,4.0,4.0,0.0,772.356,2189.771,15.375,33.39,33.28,9.28,0.0,0.0
294,1.0,5.0,0.0,5.0,5.0,0.0,675.47,2231.124,-20.613,18.186,13.806,5.554,0.0,0.0
295,1.0,5.0,0.0,6.0,6.0,0.0,1014.94,2328.877,-16.022,33.216,33.042,9.223,0.0,0.0
296,2.0,5.0,0.0,0.0,0.0,0.0,1232.73,2108.363,19.793,33.753,33.585,9.373,0.0,0.0
297,2.0,5.0,0.0,1.0,1.0,0.0,1445.097,2230.77,35.881,32.879,32.816,9.227,0.0,0.0
298,2.0,5.0,0.0,2.0,2.0,0.0,1199.143,2240.563,11.928,33.361,33.319,9.282,0.0,0.0
299,2.0,5.0,0.0,3.0,3.0,0.0,1303.507,2262.522,125.017,36.265,25.843,8.844,0.0,0.0
300,2.0,5.0,0.0,4.0,5.0,0.0,1477.35,2325.335,-35.441,14.473,12.623,4.696,0.0,0.0
301,2.0,5.0,0.0,5.0,6.0,0.0,1351.018,2364.909,67.207,33.613,33.559,9.268,0.0,0.0
302,3.0,5.0,0.0,0.0,1.0,0.0,2247.042,2109.705,-0.794,33.842,33.479,9.288,0.0,0.0
303,3.0,5.0,0.0,1.0,2.0,0.0,1788.224,2189.649,39.699,33.269,33.017,9.227,0.0,0.0
304,3.0,5.0,0.0,2.0,3.0,0.0,1753.487,2298.627,3.614,33.645,33.489,9.263,0.0,0.0
305,3.0,5.0,0.0,3.0,4.0,0.0,2284.926,2366.454,-14.567,33.995,33.892,9.367,0.0,0.0
306,3.0,5.0,0.0,4.0,5.0,0.0,2022.611,2380.118,20.417,34.047,33.57,9.097,0.0,0.0
307,3.0,5.0,0.0,5.0,6.0,0.0,1780.139,2389.574,-38.721,34.347,34.31,9.391,0.0,0.0
308,3.0,5.0,0.0,6.0,7.0,0.0,1849.744,2440.1,37.602,34.142,34.045,9.408,0.0,0.0
309,4.0,5.0,0.0,0.0,2.0,0.0,2741.136,2206.233,86.546,33.84,33.621,9.308,0.0,0.0
310,4.0,5.0,0.0,1.0,3.0,0.0,2704.423,2300.246,-17.257,33.517,33.471,9.242,0.0,0.0
311,4.0,5.0,0.0,2.0,4.0,0.0,2581.629,2344.654,-21.231,33.333,33.203,9.262,0.0,0.0
312,4.0,5.0,0.0,3.0,5.0,0.0,2539.694,2406.233,37.337,33.672,33.539,9.273,0.0,0.0
313,5.0,5.0,0.0,0.0,2.0,0.0,3180.136,2058.481,133.127,7.572,7.091,4.802,0.0,0.0
314,5.0,5.0,0.0,1.0,2.0,0.0,3182.949,2058.944,56.326,4.255,3.604,2.703,0.0,0.0
315,5.0,5.0,0.0,2.0,3.0,0.0,3416.448,2081.494,59.325,33.873,33.79,9.336,0.0,0.0
316,5.0,5.0,0.0,3.0,4.0,0.0,3468.802,2110.045,90.921,36.753,25.157,8.568,0.0,0.0
317,5.0,5.0,0.0,4.0,5.0,0.0,3198.442,2108.227,102.047,26.871,26.073,8.221,0.0,0.0
318,5.0,5.0,0.0,5.0,6.0,0.0,3096.084,2297.412,98.685,33.192,33.111,9.229,0.0,0.0
319,5.0,5.0,0.0,6.0,7.0,0.0,3174.373,2357.881,34.569,25.569,25.11,8.051,0.0,0.0
320,5.0,5.0,0.0,7.0,8.0,0.0,3419.575,2444.364,4.588,34.741,34.464,9.632,0.0,0.0
321,6.0,5.0,0.0,0.0,2.0,0.0,3822.208,2124.517,54.975,33.303,33.094,9.243,0.0,0.0
322,6.0,5.0,0.0,1.0,4.0,0.0,3986.329,2245.971,10.0,33.405,33.317,9.288,0.0,0.0
323,6.0,5.0,0.0,2.0,5.0,0.0,3825.138,2318.386,1.92,33.558,33.445,9.327,0.0,0.0
324,6.0,5.0,0.0,3.0,6.0,0.0,4037.161,2376.051,19.204,34.312,34.173,9.449,0.0,0.0
325,6.0,5.0,0.0,4.0,7.0,0.0,3717.467,2401.822,-42.295,33.861,33.816,9.257,0.0,0.0
326,6.0,5.0,0.0,5.0,8.0,0.0,3972.107,2415.285,8.05,36.814,31.183,9.303,0.0,0.0
327,7.0,5.0,0.0,0.0,0.0,0.0,4070.327,2064.961,41.717,34.108,33.882,9.381,0.0,0.0
328,7.0,5.0,0.0,1.0,1.0,0.0,4345.871,2193.566,55.057,19.778,17.069,6.892,0.0,0.0
329,7.0,5.0,0.0,2.0,2.0,0.0,4533.007,2234.45,9.963,33.939,33.801,9.346,0.0,0.0
330,7.0,5.0,0.0,3.0,4.0,0.0,4502.877,2321.503,41.616,33.71,33.582,9.367,0.0,0.0
331,7.0,5.0,0.0,4.0,5.0,0.0,4589.556,2354.965,29.244,33.993,33.937,9.291,0.0,0.0
332,7.0,5.0,0.0,5.0,6.0,0.0,4099.922,2368.219,-28.71,33.908,33.844,9.348,0.0,0.0
333,8.0,5.0,0.0,0.0,1.0,0.0,5095.986,2083.776,18.19,33.434,33.41,9.305,0.0,0.0
334,8.0,5.0,0.0,1.0,2.0,0.0,4903.78,2221.088,56.303,33.466,33.19,9.278,0.0,0.0
335,8.0,5.0,0.0,2.0,3.0,0.0,4637.486,2251.939,-20.185,33.65,33.581,9.359,0.0,0.0
336,8.0,5.0,0.0,3.0,4.0,0.0,5083.106,2383.248,20.45,33.499,33.379,9.309,0.0,0.0
337,8.0,5.0,0.0,4.0,5.0,0.0,4632.628,2411.027,-1.923,33.96,33.469,9.304,0.0,0.0
338,9.0,5.0,0.0,0.0,1.0,0.0,5743.234,2255.455,20.371,33.949,33.694,9.333,0.0,0.0
339,9.0,5.0,0.0,1.0,2.0,0.0,5227.159,2295.773,96.008,33.506,33.394,9.312,0.0,0.0
340,9.0,5.0,0.0,2.0,3.0,0.0,5475.711,2349.544,54.478,33.513,33.416,9.316,0.0,0.0
341,0.0,6.0,0.0,0.0,1.0,0.0,166.954,2554.702,112.684,33.173,29.223,8.636,0.0,0.0
342,0.0,6.0,0.0,1.0,2.0,0.0,168.946,2626.04,29.751,33.667,33.565,9.276,0.0,0.0
343,0.0,6.0,0.0,2.0,3.0,0.0,540.105,2737.876,128.65,34.254,34.124,9.353,0.0,0.0
344,1.0,6.0,0.0,0.0,0.0,0.0,751.523,2469.646,38.773,33.415,33.114,9.261,0.0,0.0
345,1.0,6.0,0.0,1.0,1.0,0.0,776.312,2519.595,115.679,23.649,21.035,7.55,0.0,0.0
346,1.0,6.0,0.0,2.0,2.0,0.0,1039.019,2645.773,3.447,33.827,33.784,9.328,0.0,0.0
347,1.0,6.0,0.0,3.0,3.0,0.0,1009.938,2725.524,-25.522,33.374,33.195,9.267,0.0,0.0
348,1.0,6.0,0.0,4.0,4.0,0.0,762.107,2861.603,81.41,33.597,33.4,9.244,0.0,0.0
349,2.0,6.0,0.0,0.0,0.0,0.0,1737.562,2601.31,92.051,34.954,31.365,9.061,0.0,0.0
350,2.0,6.0,0.0,1.0,1.0,0.0,1329.673,2609.224,59.457,33.25,33.173,9.246,0.0,0.0
351,2.0,6.0,0.0,2.0,2.0,0.0,1396.282,2669.892,-10.765,36.271,23.357,8.578,0.0,0.0
352,2.0,6.0,0.0,3.0,3.0,0.0,1479.758,2686.926,-40.188,33.494,33.385,9.309,0.0,0.0
353,3.0,6.0,0.0,0.0,1.0,0.0,2081.991,2519.643,11.477,33.354,33.305,9.279,0.0,0.0
354,3.0,6.0,0.0,1.0,3.0,0.0,1918.454,2819.64,129.711,34.427,34.371,9.41,0.0,0.0
355,3.0,6.0,0.0,2.0,4.0,0.0,2208.229,2852.683,43.469,34.005,33.896,9.287,0.0,0.0
356,4.0,6.0,0.0,0.0,0.0,0.0,2609.315,2509.289,90.692,39.301,34.156,9.708,0.0,0.0
357,4.0,6.0,0.0,1.0,1.0,0.0,2844.586,2506.984,116.119,16.385,15.971,6.486,0.0,0.0
358,4.0,6.0,0.0,2.0,2.0,0.0,2859.862,2579.778,-6.37,35.619,34.573,9.521,0.0,0.0
359,4.0,6.0,0.0,3.0,3.0,0.0,2729.203,2657.764,15.058,33.537,33.469,9.327,0.0,0.0
360,4.0,6.0,0.0,4.0,5.0,0.0,2838.12,2697.442,127.26,9.58,9.079,4.856,0.0,0.0
361,4.0,6.0,0.0,5.0,8.0,0.0,2879.358,2718.366,-25.194,24.165,16.436,7.153,0.0,0.0
362,4.0,6.0,0.0,6.0,9.0,0.0,2562.484,2741.981,105.15,25.352,24.216,7.32,0.0,0.0
363,4.0,6.0,0.0,7.0,10.0,0.0,2878.957,2788.398,82.263,21.783,19.851,7.322,0.0,0.0
364,4.0,6.0,0.0,8.0,11.0,0.0,2651.027,2796.874,30.688,33.323,33.293,9.273,0.0,0.0
365,4.0,6.0,0.0,9.0,12.0,0.0,2384.463,2833.793,6.308,33.767,33.227,9.243,0.0,0.0
366,5.0,6.0,0.0,0.0,1.0,0.0,3171.364,2578.429,58.98,33.005,32.811,9.244,0.0,0.0
367,6.0,6.0,0.0,0.0,0.0,0.0,3542.504,2471.998,49.784,33.628,33.426,9.252,0.0,0.0
368,6.0,6.0,0.0,1.0,1.0,0.0,3685.983,2481.75,-15.161,32.887,32.815,9.229,0.0,0.0
369,6.0,6.0,0.0,2.0,2.0,0.0,3501.97,2493.419,75.522,33.717,33.688,9.3,0.0,0.0
370,6.0,6.0,0.0,3.0,3.0,0.0,3942.188,2569.948,84.696,33.407,33.335,9.29,0.0,0.0
371,6.0,6.0,0.0,4.0,5.0,0.0,3860.065,2661.923,50.759,33.613,33.581,9.271,0.0,0.0
372,6.0,6.0,0.0,5.0,6.0,0.0,3948.377,2686.175,18.833,17.195,16.242,6.582,0.0,0.0
373,6.0,6.0,0.0,6.0,7.0,0.0,3544.802,2703.282,100.804,24.697,24.117,7.845,0.0,0.0
374,6.0,6.0,0.0,7.0,8.0,0.0,3648.4,2852.324,128.987,38.64,26.096,9.029,0.0,0.0
375,7.0,6.0,0.0,0.0,0.0,0.0,4403.698,2535.261,-38.314,33.529,33.434,9.321,0.0,0.0
376,7.0,6.0,0.0,1.0,1.0,0.0,4253.072,2539.336,68.292,32.935,32.835,9.238,0.0,0.0
377,7.0,6.0,0.0,2.0,2.0,0.0,4551.902,2574.887,66.941,35.224,35.181,9.548,0.0,0.0
378,7.0,6.0,0.0,3.0,3.0,0.0,4105.073,2593.254,41.47,33.475,33.294,9.294,0.0,0.0
379,7.0,6.0,0.0,4.0,4.0,0.0,4432.85,2598.21,93.841,33.181,33.131,9.231,0.0,0.0
380,7.0,6.0,0.0,5.0,5.0,0.0,4263.695,2607.794,80.862,33.056,32.936,9.186,0.0,0.0
381,7.0,6.0,0.0,6.0,7.0,0.0,4139.193,2827.327,18.764,14.334,12.654,5.861,0.0,0.0
382,8.0,6.0,0.0,0.0,0.0,0.0,4765.316,2465.734,84.156,33.881,33.555,9.386,0.0,0.0
383,8.0,6.0,0.0,1.0,1.0,0.0,4728.403,2505.51,19.818,33.787,33.675,9.391,0.0,0.0
384,8.0,6.0,0.0,2.0,2.0,0.0,4859.651,2534.01,59.641,33.171,33.007,9.212,0.0,0.0
385,8.0,6.0,0.0,3.0,3.0,0.0,4760.775,2549.652,82.053,33.571,33.44,9.328,0.0,0.0
386,8.0,6.0,0.0,4.0,4.0,0.0,4724.586,2707.392,95.501,34.153,33.904,9.39,0.0,0.0
387,8.0,6.0,0.0,5.0,5.0,0.0,4643.835,2758.674,-29.394,33.517,33.403,9.315,0.0,0.0
388,8.0,6.0,0.0,6.0,6.0,0.0,5192.878,2824.923,90.435,36.276,32.821,9.209,0.0,0.0
389,8.0,6.0,0.0,7.0,7.0,0.0,4970.097,2836.078,11.689,40.519,34.433,9.841,0.0,0.0
390,9.0,6.0,0.0,0.0,1.0,0.0,5608.709,2567.982,-44.456,33.617,33.483,9.34,0.0,0.0
391,9.0,6.0,0.0,1.0,2.0,0.0,5342.859,2702.893,68.376,33.523,33.488,9.328,0.0,0.0
392,9.0,6.0,0.0,2.0,4.0,0.0,5504.547,2838.144,120.24,34.145,34.063,9.411,0.0,0.0
393,0.0,7.0,0.0,0.0,0.0,0.0,29.195,2899.764,0.911,33.676,33.354,9.248,0.0,0.0
394,0.0,7.0,0.0,1.0,1.0,0.0,154.668,2934.235,22.139,33.527,33.323,9.305,0.0,0.0
395,0.0,7.0,0.0,2.0,2.0,0.0,461.296,2942.674,-44.693,33.271,33.179,9.25,0.0,0.0
396,0.0,7.0,0.0,3.0,3.0,0.0,209.039,3018.521,39.656,33.172,33.138,9.23,0.0,0.0
397,1.0,7.0,0.0,0.0,1.0,0.0,1162.398,2961.174,91.831,34.967,29.943,8.929,0.0,0.0
398,1.0,7.0,0.0,1.0,2.0,0.0,1127.215,3094.924,6.7,33.708,33.477,9.352,0.0,0.0
399,2.0,7.0,0.0,0.0,1.0,0.0,1172.533,3126.981,41.212,27.347,26.638,8.89,0.0,0.0
400,2.0,7.0,0.0,1.0,2.0,0.0,1565.344,3247.422,45.504,33.884,33.729,9.329,0.0,0.0
401,3.0,7.0,0.0,0.0,1.0,0.0,2036.095,3207.921,24.235,33.409,33.327,9.29,0.0,0.0
402,3.0,7.0,0.0,1.0,2.0,0.0,1779.934,3243.848,29.834,33.828,33.698,9.317,0.0,0.0
403,4.0,7.0,0.0,0.0,0.0,0.0,2382.77,2903.012,-31.698,33.871,33.138,9.245,0.0,0.0
404,4.0,7.0,0.0,1.0,1.0,0.0,2803.602,2910.267,121.532,33.594,33.405,9.244,0.0,0.0
405,4.0,7.0,0.0,2.0,3.0,0.0,2614.235,3121.59,27.268,32.943,32.852,9.159,0.0,0.0
406,4.0,7.0,0.0,3.0,4.0,0.0,2743.526,3161.992,21.864,33.295,33.148,9.249,0.0,0.0
407,4.0,7.0,0.0,4.0,5.0,0.0,2533.489,3265.664,127.93,34.028,33.868,9.368,0.0,0.0
408,5.0,7.0,0.0,0.0,0.0,0.0,2909.802,2910.872,24.313,34.013,33.998,9.384,0.0,0.0
409,5.0,7.0,0.0,1.0,1.0,0.0,2943.427,2990.376,27.813,33.381,33.116,9.256,0.0,0.0
410,5.0,7.0,0.0,2.0,2.0,0.0,3052.44,2994.771,91.238,32.818,32.742,9.208,0.0,0.0
411,5.0,7.0,0.0,3.0,3.0,0.0,3083.596,3027.033,-6.883,33.186,33.069,9.223,0.0,0.0
412,5.0,7.0,0.0,4.0,5.0,0.0,3020.243,3187.351,13.309,33.378,33.295,9.281,0.0,0.0
413,5.0,7.0,0.0,5.0,6.0,0.0,3319.67,3201.08,37.14,33.374,33.222,9.27,0.0,0.0
414,5.0,7.0,0.0,6.0,7.0,0.0,3127.78,3223.466,102.694,39.981,36.943,9.937,0.0,0.0
415,5.0,7.0,0.0,7.0,8.0,0.0,3446.162,3240.306,24.526,23.014,22.595,7.608,0.0,0.0
416,5.0,7.0,0.0,8.0,9.0,0.0,3085.553,3257.97,74.53,18.01,17.976,6.844,0.0,0.0
417,6.0,7.0,0.0,0.0,1.0,0.0,3984.938,2982.748,91.095,33.271,33.223,9.256,0.0,0.0
418,6.0,7.0,0.0,1.0,3.0,0.0,3574.048,3012.862,132.101,44.048,31.643,9.89,0.0,0.0
419,6.0,7.0,0.0,2.0,4.0,0.0,3475.112,3093.832,21.213,33.563,33.367,9.317,0.0,0.0
420,7.0,7.0,0.0,0.0,0.0,0.0,4279.862,2956.152,50.927,34.011,33.815,9.358,0.0,0.0
421,7.0,7.0,0.0,1.0,1.0,0.0,4413.594,2964.561,-39.722,35.676,26.553,8.548,0.0,0.0
422,7.0,7.0,0.0,2.0,2.0,0.0,4288.003,2996.416,112.376,32.926,32.843,9.238,0.0,0.0
423,7.0,7.0,0.0,3.0,3.0,0.0,4068.812,3004.295,19.183,42.862,27.068,9.498,0.0,0.0
424,7.0,7.0,0.0,4.0,4.0,0.0,4170.936,3033.088,31.088,36.626,28.211,9.132,0.0,0.0
425,7.0,7.0,0.0,5.0,5.0,0.0,4416.689,3142.917,78.432,33.71,33.557,9.281,0.0,0.0
426,8.0,7.0,0.0,0.0,0.0,0.0,4652.285,3008.572,66.345,33.559,32.851,9.243,0.0,0.0
427,8.0,7.0,0.0,1.0,1.0,0.0,5170.561,3027.222,-31.931,33.79,33.559,9.292,0.0,0.0
428,8.0,7.0,0.0,2.0,2.0,0.0,4942.898,3035.023,4.386,33.484,33.29,9.295,0.0,0.0
429,8.0,7.0,0.0,3.0,3.0,0.0,4720.42,3054.421,86.252,15.03,12.273,6.468,0.0,0.0
430,9.0,7.0,0.0,0.0,0.0,0.0,5474.224,2976.67,43.182,33.42,33.225,9.277,0.0,0.0
431,9.0,7.0,0.0,1.0,1.0,0.0,5256.909,3029.858,5.237,33.276,32.996,9.225,0.0,0.0
432,9.0,7.0,0.0,2.0,3.0,0.0,5334.968,3038.659,17.416,33.925,33.558,9.311,0.0,0.0
433,9.0,7.0,0.0,3.0,4.0,0.0,5771.661,3154.323,93.052,36.277,27.865,8.733,0.0,0.0
434,9.0,7.0,0.0,4.0,5.0,0.0,5563.197,3184.313,101.736,33.404,33.276,9.282,0.0,0.0
435,0.0,8.0,0.0,0.0,0.0,0.0,144.26,3299.182,32.294,33.246,33.057,9.229,0.0,0.0
436,0.0,8.0,0.0,1.0,1.0,0.0,101.054,3629.995,-36.437,33.896,33.71,9.328,0.0,0.0
437,0.0,8.0,0.0,2.0,2.0,0.0,516.668,3682.356,-4.151,35.165,30.431,8.894,0.0,0.0
438,1.0,8.0,0.0,0.0,0.0,0.0,812.887,3414.911,35.52,32.892,32.621,9.202,0.0,0.0
439,1.0,8.0,0.0,1.0,1.0,0.0,1010.543,3422.358,-14.093,32.938,32.871,9.243,0.0,0.0
440,1.0,8.0,0.0,2.0,3.0,0.0,984.163,3449.458,128.952,33.721,33.59,9.287,0.0,0.0
441,1.0,8.0,0.0,3.0,4.0,0.0,853.255,3469.836,134.969,44.233,30.172,9.887,0.0,0.0
442,1.0,8.0,0.0,4.0,5.0,0.0,627.511,3560.715,17.77,33.303,32.969,9.225,0.0,0.0
443,1.0,8.0,0.0,5.0,6.0,0.0,967.547,3561.26,128.015,33.796,33.647,9.305,0.0,0.0
444,1.0,8.0,0.0,6.0,7.0,0.0,1045.046,3568.936,117.573,22.42,22.296,7.657,0.0,0.0
445,1.0,8.0,0.0,7.0,8.0,0.0,724.675,3631.015,61.297,33.618,33.532,9.347,0.0,0.0
446,2.0,8.0,0.0,0.0,0.0,0.0,1203.455,3289.575,34.447,33.645,33.445,9.339,0.0,0.0
447,2.0,8.0,0.0,1.0,2.0,0.0,1620.185,3289.783,15.056,38.834,27.98,9.746,0.0,0.0
448,2.0,8.0,0.0,2.0,3.0,0.0,1347.956,3335.511,-2.258,33.227,33.203,9.247,0.0,0.0
449,2.0,8.0,0.0,3.0,4.0,0.0,1420.742,3351.853,32.399,17.325,17.306,6.586,0.0,0.0
450,2.0,8.0,0.0,4.0,5.0,0.0,1598.008,3371.534,133.828,33.97,33.729,9.423,0.0,0.0
451,2.0,8.0,0.0,5.0,6.0,0.0,1479.709,3396.813,15.212,33.388,33.286,9.281,0.0,0.0
452,2.0,8.0,0.0,6.0,7.0,0.0,1191.315,3502.241,11.301,33.516,33.287,9.299,0.0,0.0
453,2.0,8.0,0.0,7.0,8.0,0.0,1460.996,3559.082,77.009,33.168,33.144,9.672,0.0,0.0
454,2.0,8.0,0.0,8.0,8.0,0.0,1460.76,3526.61,84.913,33.924,33.458,9.727,0.0,0.0
455,2.0,8.0,0.0,9.0,9.0,0.0,1492.984,3635.484,-30.879,34.509,34.39,9.424,0.0,0.0
456,3.0,8.0,0.0,0.0,0.0,0.0,1901.066,3292.994,94.092,33.731,33.525,9.28,0.0,0.0
457,3.0,8.0,0.0,1.0,1.0,0.0,2037.329,3333.907,-5.669,33.054,32.943,9.27,0.0,0.0
458,3.0,8.0,0.0,2.0,2.0,0.0,1969.672,3365.814,-0.348,33.458,33.343,9.299,0.0,0.0
459,3.0,8.0,0.0,3.0,3.0,0.0,2284.621,3420.17,120.799,33.836,33.697,9.318,0.0,0.0
460,3.0,8.0,0.0,4.0,4.0,0.0,2254.612,3577.384,95.74,33.528,33.332,9.307,0.0,0.0
461,3.0,8.0,0.0,5.0,5.0,0.0,1913.143,3634.188,17.901,19.375,18.444,6.964,0.0,0.0
462,4.0,8.0,0.0,0.0,1.0,0.0,2615.003,3323.895,117.432,33.523,33.44,9.239,0.0,0.0
463,4.0,8.0,0.0,1.0,2.0,0.0,2758.389,3333.73,-16.132,33.755,33.682,9.304,0.0,0.0
464,4.0,8.0,0.0,2.0,3.0,0.0,2850.788,3347.91,116.708,34.058,33.988,9.389,0.0,0.0
465,4.0,8.0,0.0,3.0,4.0,0.0,2865.036,3382.226,-40.193,34.238,34.171,9.357,0.0,0.0
466,4.0,8.0,0.0,4.0,5.0,0.0,2355.302,3527.474,-3.865,34.224,34.057,9.339,0.0,0.0
467,4.0,8.0,0.0,5.0,6.0,0.0,2853.544,3571.045,2.338,33.454,33.25,9.285,0.0,0.0
468,4.0,8.0,0.0,6.0,7.0,0.0,2590.703,3613.424,85.022,33.426,33.372,9.216,0.0,0.0
469,5.0,8.0,0.0,0.0,1.0,0.0,3420.39,3343.711,-37.851,33.737,33.43,9.267,0.0,0.0
470,5.0,8.0,0.0,1.0,2.0,0.0,3071.758,3469.059,60.915,33.623,33.444,9.335,0.0,0.0
471,5.0,8.0,0.0,2.0,3.0,0.0,3154.223,3507.845,-22.479,33.724,33.649,9.296,0.0,0.0
472,5.0,8.0,0.0,3.0,4.0,0.0,3060.259,3526.386,95.816,33.621,31.023,8.79,0.0,0.0
473,5.0,8.0,0.0,4.0,5.0,0.0,3286.66,3543.039,-5.941,33.396,33.303,9.285,0.0,0.0
474,6.0,8.0,0.0,0.0,0.0,0.0,3865.826,3346.31,124.651,14.085,13.337,5.957,0.0,0.0
475,6.0,8.0,0.0,1.0,1.0,0.0,4006.37,3480.564,68.653,38.792,38.097,9.934,0.0,0.0
476,6.0,8.0,0.0,2.0,2.0,0.0,3608.278,3603.678,0.191,33.583,33.258,9.652,0.0,0.0
477,6.0,8.0,0.0,3.0,2.0,0.0,3638.0,3590.469,-23.797,34.257,33.855,9.74,0.0,0.0
478,6.0,8.0,0.0,4.0,3.0,0.0,3920.318,3634.178,79.558,33.907,33.778,9.339,0.0,0.0
479,7.0,8.0,0.0,0.0,0.0,0.0,4404.503,3428.496,127.564,33.482,33.425,9.313,0.0,0.0
480,7.0,8.0,0.0,1.0,1.0,0.0,4269.016,3494.251,96.697,33.928,28.662,8.85,0.0,0.0
481,7.0,8.0,0.0,2.0,2.0,0.0,4520.217,3534.033,96.245,33.681,33.627,9.287,0.0,0.0
482,7.0,8.0,0.0,3.0,3.0,0.0,4297.038,3571.229,91.827,33.723,33.579,9.286,0.0,0.0
483,7.0,8.0,0.0,4.0,4.0,0.0,4285.613,3650.047,51.642,33.846,33.681,9.317,0.0,0.0
484,8.0,8.0,0.0,0.0,1.0,0.0,4923.931,3388.295,13.673,33.165,33.074,9.22,0.0,0.0
485,8.0,8.0,0.0,1.0,3.0,0.0,5010.774,3475.601,129.325,33.484,33.4,9.31,0.0,0.0
486,8.0,8.0,0.0,2.0,4.0,0.0,4882.193,3547.124,-21.3,33.599,33.548,9.347,0.0,0.0
487,8.0,8.0,0.0,3.0,5.0,0.0,4625.406,3681.969,126.348,28.245,28.126,8.475,0.0,0.0
488,9.0,8.0,0.0,0.0,1.0,0.0,5371.154,3305.183,54.311,33.284,33.256,9.262,0.0,0.0
489,9.0,8.0,0.0,1.0,2.0,0.0,5558.4,3342.712,83.454,33.647,33.501,9.347,0.0,0.0
490,9.0,8.0,0.0,2.0,3.0,0.0,5348.226,3355.891,36.96,33.248,33.115,9.238,0.0,0.0
491,9.0,8.0,0.0,3.0,4.0,0.0,5657.578,3386.719,131.585,33.338,33.247,9.268,0.0,0.0
492,9.0,8.0,0.0,4.0,5.0,0.0,5218.307,3402.013,2.375,41.241,33.14,9.753,0.0,0.0
493,9.0,8.0,0.0,5.0,6.0,0.0,5510.568,3407.062,61.048,33.735,33.609,9.291,0.0,0.0
494,9.0,8.0,0.0,6.0,7.0,0.0,5653.0,3423.404,110.682,33.894,33.583,9.31,0.0,0.0
495,9.0,8.0,0.0,7.0,8.0,0.0,5766.626,3468.97,-15.157,34.156,33.998,9.403,0.0,0.0
496,9.0,8.0,0.0,8.0,9.0,0.0,5383.705,3468.536,-20.937,27.795,25.447,8.353,0.0,0.0
497,9.0,8.0,0.0,9.0,10.0,0.0,5294.099,3523.161,79.224,32.838,32.811,9.221,0.0,0.0
498,9.0,8.0,0.0,10.0,11.0,0.0,5738.605,3601.322,-23.403,15.736,15.068,6.296,0.0,0.0
499,9.0,8.0,0.0,11.0,13.0,0.0,5631.119,3673.824,39.461,33.979,33.84,9.276,0.0,0.0
500,0.0,9.0,0.0,0.0,1.0,0.0,587.388,3782.568,91.186,35.684,28.115,8.756,0.0,0.0
501,0.0,9.0,0.0,1.0,2.0,0.0,228.226,3984.408,33.482,27.381,25.561,7.672,0.0,0.0
502,0.0,9.0,0.0,2.0,3.0,0.0,439.236,4028.035,8.24,34.268,34.172,9.361,0.0,0.0
503,0.0,9.0,0.0,3.0,4.0,0.0,536.939,4040.99,13.957,34.164,33.926,9.313,0.0,0.0
504,0.0,9.0,0.0,4.0,5.0,0.0,379.942,4085.274,109.093,34.342,34.243,9.381,0.0,0.0
505,1.0,9.0,0.0,0.0,0.0,0.0,688.055,3748.067,27.99,38.471,31.469,9.426,0.0,0.0
506,1.0,9.0,0.0,1.0,2.0,0.0,1137.658,3814.573,-11.041,33.452,33.336,9.297,0.0,0.0
507,1.0,9.0,0.0,2.0,3.0,0.0,844.084,3905.983,76.518,34.376,34.169,9.376,0.0,0.0
508,1.0,9.0,0.0,3.0,4.0,0.0,1024.491,4018.797,69.498,34.142,34.111,9.675,0.0,0.0
509,1.0,9.0,0.0,4.0,4.0,0.0,1045.44,4004.266,129.107,20.485,14.783,6.93,0.0,0.0
510,1.0,9.0,0.0,5.0,5.0,0.0,640.593,4031.099,12.413,23.913,20.181,7.278,0.0,0.0
511,1.0,9.0,0.0,6.0,6.0,0.0,1129.183,4046.569,133.761,34.326,34.2,9.373,0.0,0.0
512,2.0,9.0,0.0,0.0,0.0,0.0,1466.514,3749.88,119.976,33.18,32.979,9.209,0.0,0.0
513,2.0,9.0,0.0,1.0,1.0,0.0,1711.67,3830.014,-23.269,21.614,20.808,7.364,0.0,0.0
514,2.0,9.0,0.0,2.0,2.0,0.0,1731.44,3862.506,-32.3,34.36,34.167,9.455,0.0,0.0
515,2.0,9.0,0.0,3.0,3.0,0.0,1194.664,3871.949,1.496,33.446,33.176,9.274,0.0,0.0
516,2.0,9.0,0.0,4.0,4.0,0.0,1297.379,4035.019,112.27,33.466,33.291,9.292,0.0,0.0
517,2.0,9.0,0.0,5.0,5.0,0.0,1234.385,4065.777,-22.168,34.02,33.937,9.295,0.0,0.0
518,2.0,9.0,0.0,6.0,6.0,0.0,1602.642,4080.41,-10.607,34.026,33.771,9.273,0.0,0.0
519,3.0,9.0,0.0,0.0,1.0,0.0,1820.003,3765.822,-0.595,35.425,35.297,9.51,0.0,0.0
520,3.0,9.0,0.0,1.0,2.0,0.0,1794.102,3790.165,21.726,33.128,32.861,9.186,0.0,0.0
521,3.0,9.0,0.0,2.0,3.0,0.0,1892.775,3827.561,68.982,33.345,33.199,9.263,0.0,0.0
522,3.0,9.0,0.0,3.0,5.0,0.0,1995.195,3876.403,-9.018,33.312,33.156,9.252,0.0,0.0
523,3.0,9.0,0.0,4.0,6.0,0.0,2306.293,3903.947,10.217,34.222,33.988,9.329,0.0,0.0
524,3.0,9.0,0.0,5.0,7.0,0.0,2053.718,4089.237,-0.566,33.76,31.637,9.021,0.0,0.0
525,4.0,9.0,0.0,0.0,0.0,0.0,2885.111,3716.092,-26.668,33.666,33.173,9.222,0.0,0.0
526,4.0,9.0,0.0,1.0,1.0,0.0,2693.061,3794.713,125.786,33.514,33.412,9.316,0.0,0.0
527,4.0,9.0,0.0,2.0,2.0,0.0,2405.102,3798.699,80.628,35.587,35.247,9.526,0.0,0.0
528,4.0,9.0,0.0,3.0,3.0,0.0,2369.162,3846.05,26.282,33.811,33.675,9.311,0.0,0.0
529,4.0,9.0,0.0,4.0,5.0,0.0,2625.715,3940.629,86.129,33.493,33.41,9.313,0.0,0.0
530,4.0,9.0,0.0,5.0,7.0,0.0,2648.012,3986.393,9.952,33.503,33.362,9.308,0.0,0.0
531,5.0,9.0,0.0,0.0,1.0,0.0,3183.22,3766.771,70.716,33.088,32.891,9.267,0.0,0.0
532,5.0,9.0,0.0,1.0,2.0,0.0,3016.454,3779.116,62.618,33.269,33.179,9.25,0.0,0.0
533,5.0,9.0,0.0,2.0,3.0,0.0,3131.159,3924.352,97.308,33.081,32.939,9.19,0.0,0.0
534,5.0,9.0,0.0,3.0,4.0,0.0,2995.769,4082.881,105.267,33.954,33.852,9.355,0.0,0.0
535,6.0,9.0,0.0,0.0,0.0,0.0,3931.156,3715.861,117.447,33.87,33.812,9.338,0.0,0.0
536,6.0,9.0,0.0,1.0,2.0,0.0,4021.751,3778.585,78.37,33.447,33.303,9.291,0.0,0.0
537,6.0,9.0,0.0,2.0,3.0,0.0,3621.2,3780.28,57.979,33.925,33.654,9.324,0.0,0.0
538,6.0,9.0,0.0,3.0,4.0,0.0,3576.762,3812.522,67.638,33.485,33.424,9.313,0.0,0.0
539,6.0,9.0,0.0,4.0,5.0,0.0,3760.092,3837.07,33.696,33.76,33.446,9.355,0.0,0.0
540,6.0,9.0,0.0,5.0,6.0,0.0,3521.46,3871.181,2.194,33.752,33.682,9.304,0.0,0.0
541,6.0,9.0,0.0,6.0,7.0,0.0,3496.563,3941.633,8.262,33.328,33.231,9.265,0.0,0.0
542,6.0,9.0,0.0,7.0,8.0,0.0,3987.99,3976.858,-19.332,34.283,34.117,9.438,0.0,0.0
543,6.0,9.0,0.0,8.0,9.0,0.0,3933.408,3993.931,49.514,33.969,33.647,9.329,0.0,0.0
544,7.0,9.0,0.0,0.0,2.0,0.0,4306.486,3796.569,-37.537,33.32,33.208,9.261,0.0,0.0
545,7.0,9.0,0.0,1.0,3.0,0.0,4165.946,3816.685,37.655,33.274,33.12,9.242,0.0,0.0
546,7.0,9.0,0.0,2.0,4.0,0.0,4461.912,4003.034,55.493,34.63,31.93,9.187,0.0,0.0
547,7.0,9.0,0.0,3.0,5.0,0.0,4236.705,4027.76,115.441,33.216,33.141,9.237,0.0,0.0
548,7.0,9.0,0.0,4.0,6.0,0.0,4360.545,4043.419,-1.722,32.546,25.829,8.671,0.0,0.0
549,7.0,9.0,0.0,5.0,7.0,0.0,4450.804,4091.233,-4.788,35.048,28.83,8.8,0.0,0.0
550,8.0,9.0,0.0,0.0,1.0,0.0,4730.151,3898.26,47.062,33.231,33.096,9.233,0.0,0.0
551,8.0,9.0,0.0,1.0,2.0,0.0,5121.237,3931.762,-11.686,34.018,33.865,9.366,0.0,0.0
552,8.0,9.0,0.0,2.0,3.0,0.0,4800.247,4005.491,-12.644,33.668,33.235,9.313,0.0,0.0
553,8.0,9.0,0.0,3.0,4.0,0.0,5084.263,4046.897,5.022,24.439,24.195,7.912,0.0,0.0
554,8.0,9.0,0.0,4.0,5.0,0.0,4758.738,4062.269,-30.235,33.862,33.687,9.32,0.0,0.0
555,8.0,9.0,0.0,5.0,6.0,0.0,4715.289,4091.218,-1.28,35.827,28.491,8.843,0.0,0.0
556,9.0,9.0,0.0,0.0,1.0,0.0,5260.575,3735.115,113.794,33.248,33.157,9.244,0.0,0.0
557,9.0,9.0,0.0,1.0,2.0,0.0,5619.499,3847.686,-30.152,33.505,33.465,9.322,0.0,0.0
558,9.0,9.0,0.0,2.0,3.0,0.0,5390.407,3906.468,47.603,33.144,33.083,9.219,0.0,0.0
559,9.0,9.0,0.0,3.0,4.0,0.0,5273.955,3953.674,-13.837,33.679,33.552,9.276,0.0,0.0
560,9.0,9.0,0.0,4.0,5.0,0.0,5328.916,3959.884,0.167,33.548,33.302,9.306,0.0,0.0
561,9.0,9.0,0.0,5.0,6.0,0.0,5479.998,4022.114,52.82,33.657,33.563,9.357,0.0,0.0
562,0.0,10.0,0.0,0.0,1.0,0.0,377.986,4143.199,106.455,33.43,33.249,9.281,0.0,0.0
563,0.0,10.0,0.0,1.0,2.0,0.0,553.304,4230.564,52.274,33.743,33.739,9.311,0.0,0.0
564,0.0,10.0,0.0,2.0,3.0,0.0,247.929,4298.604,118.956,8.976,8.243,4.629,0.0,0.0
565,0.0,10.0,0.0,3.0,4.0,0.0,511.713,4367.067,-15.49,33.963,33.813,9.351,0.0,0.0
566,0.0,10.0,0.0,4.0,5.0,0.0,313.966,4389.676,66.562,33.763,33.594,9.294,0.0,0.0
567,0.0,10.0,0.0,5.0,6.0,0.0,350.507,4494.072,33.165,24.852,24.208,7.886,0.0,0.0
568,1.0,10.0,0.0,0.0,0.0,0.0,1161.785,4175.963,91.91,34.657,30.879,9.027,0.0,0.0
569,1.0,10.0,0.0,1.0,1.0,0.0,897.933,4433.688,41.091,41.94,33.634,9.859,0.0,0.0
570,2.0,10.0,0.0,0.0,1.0,0.0,1328.909,4147.703,68.345,33.42,33.321,9.29,0.0,0.0
571,2.0,10.0,0.0,1.0,3.0,0.0,1375.187,4260.007,104.274,34.034,20.451,8.187,0.0,0.0
572,2.0,10.0,0.0,2.0,4.0,0.0,1620.024,4361.422,109.506,33.812,33.746,9.321,0.0,0.0
573,3.0,10.0,0.0,0.0,1.0,0.0,1938.938,4198.679,51.07,33.255,33.176,9.247,0.0,0.0
574,3.0,10.0,0.0,1.0,2.0,0.0,1915.78,4227.349,-14.076,33.404,33.071,9.693,0.0,0.0
575,3.0,10.0,0.0,2.0,2.0,0.0,1883.931,4224.48,-0.459,33.164,32.831,9.718,0.0,0.0
576,3.0,10.0,0.0,3.0,3.0,0.0,2194.677,4277.834,3.371,33.874,33.711,9.325,0.0,0.0
577,3.0,10.0,0.0,4.0,4.0,0.0,1845.937,4301.375,13.191,33.473,33.438,9.314,0.0,0.0
578,3.0,10.0,0.0,5.0,5.0,0.0,2071.773,4324.213,56.417,33.669,33.602,9.282,0.0,0.0
579,3.0,10.0,0.0,6.0,6.0,0.0,1975.401,4466.188,83.623,32.903,32.32,9.161,0.0,0.0
580,4.0,10.0,0.0,0.0,0.0,0.0,2751.264,4102.399,-36.72,33.589,33.538,9.262,0.0,0.0
581,4.0,10.0,0.0,1.0,1.0,0.0,2685.82,4103.684,109.516,13.327,6.753,3.622,0.0,0.0
582,4.0,10.0,0.0,2.0,2.0,0.0,2349.164,4304.338,0.498,33.618,33.528,9.347,0.0,0.0
583,4.0,10.0,0.0,3.0,3.0,0.0,2755.585,4400.115,70.179,18.902,18.172,6.829,0.0,0.0
584,4.0,10.0,0.0,4.0,4.0,0.0,2814.862,4430.147,41.817,34.185,34.149,9.347,0.0,0.0
585,4.0,10.0,0.0,5.0,5.0,0.0,2777.498,4461.356,22.392,23.966,23.552,7.826,0.0,0.0
586,5.0,10.0,0.0,0.0,1.0,0.0,3305.194,4113.462,84.326,41.326,34.428,9.772,0.0,0.0
587,5.0,10.0,0.0,1.0,2.0,0.0,3000.649,4229.385,47.421,32.585,30.214,8.987,0.0,0.0
588,5.0,10.0,0.0,2.0,3.0,0.0,2946.992,4284.623,98.126,33.512,33.368,9.309,0.0,0.0
589,5.0,10.0,0.0,3.0,4.0,0.0,3029.611,4323.805,33.169,33.271,33.154,9.246,0.0,0.0
590,6.0,10.0,0.0,0.0,0.0,0.0,3893.902,4163.531,85.537,33.485,33.343,9.302,0.0,0.0
591,6.0,10.0,0.0,1.0,1.0,0.0,3994.569,4185.385,1.865,33.673,33.488,9.266,0.0,0.0
592,6.0,10.0,0.0,2.0,3.0,0.0,3610.303,4311.919,-3.052,20.467,20.401,7.301,0.0,0.0
593,6.0,10.0,0.0,3.0,4.0,0.0,3791.388,4327.13,-23.524,13.415,13.097,5.888,0.0,0.0
594,6.0,10.0,0.0,4.0,5.0,0.0,3730.141,4406.579,52.004,33.766,33.699,9.308,0.0,0.0
595,6.0,10.0,0.0,5.0,6.0,0.0,3830.914,4498.132,-4.669,33.906,30.457,8.874,0.0,0.0
596,7.0,10.0,0.0,0.0,1.0,0.0,4203.848,4225.636,59.947,33.952,33.861,9.356,0.0,0.0
597,7.0,10.0,0.0,1.0,2.0,0.0,4069.183,4310.845,46.329,33.49,33.465,9.32,0.0,0.0
598,7.0,10.0,0.0,2.0,3.0,0.0,4114.609,4372.783,-31.639,33.441,33.305,9.291,0.0,0.0
599,7.0,10.0,0.0,3.0,4.0,0.0,4474.332,4393.687,117.1,33.851,33.716,9.322,0.0,0.0
600,7.0,10.0,0.0,4.0,5.0,0.0,4606.36,4400.766,14.032,34.038,33.807,9.361,0.0,0.0
601,7.0,10.0,0.0,5.0,6.0,0.0,4601.319,4427.749,-16.902,13.745,12.633,5.866,0.0,0.0
602,8.0,10.0,0.0,0.0,1.0,0.0,4923.284,4103.146,92.418,33.469,33.431,9.312,0.0,0.0
603,8.0,10.0,0.0,1.0,2.0,0.0,4778.595,4104.809,50.536,33.365,33.166,9.261,0.0,0.0
604,8.0,10.0,0.0,2.0,3.0,0.0,5089.603,4159.461,99.003,36.56,35.056,9.471,0.0,0.0
605,8.0,10.0,0.0,3.0,4.0,0.0,4738.725,4268.447,69.144,33.615,33.515,9.344,0.0,0.0
606,8.0,10.0,0.0,4.0,6.0,0.0,4789.159,4306.489,23.831,33.292,33.099,9.242,0.0,0.0
607,8.0,10.0,0.0,5.0,7.0,0.0,5050.251,4333.714,-5.595,33.401,33.356,9.292,0.0,0.0
608,8.0,10.0,0.0,6.0,10.0,0.0,4787.574,4432.526,59.249,22.035,21.177,7.214,0.0,0.0
609,8.0,10.0,0.0,7.0,12.0,0.0,4639.581,4478.538,-28.162,34.215,34.055,9.338,0.0,0.0
610,9.0,10.0,0.0,0.0,0.0,0.0,5262.563,4106.809,51.721,37.466,36.454,9.779,0.0,0.0
611,9.0,10.0,0.0,1.0,2.0,0.0,5750.81,4116.237,7.586,33.89,33.786,9.338,0.0,0.0
612,9.0,10.0,0.0,2.0,3.0,0.0,5390.281,4174.66,-39.311,33.669,33.358,9.248,0.0,0.0
613,9.0,10.0,0.0,3.0,4.0,0.0,5606.04,4235.788,-37.696,33.102,32.93,9.192,0.0,0.0
614,9.0,10.0,0.0,4.0,5.0,0.0,5196.469,4286.659,-22.655,21.802,20.122,7.811,0.0,0.0
615,9.0,10.0,0.0,5.0,6.0,0.0,5379.566,4375.124,40.902,33.391,33.292,9.282,0.0,0.0
616,9.0,10.0,0.0,6.0,7.0,0.0,5214.936,4387.968,-15.089,33.66,33.483,9.264,0.0,0.0
617,9.0,10.0,0.0,7.0,8.0,0.0,5338.924,4436.968,-42.03,34.244,34.079,9.345,0.0,0.0
618,9.0,10.0,0.0,8.0,9.0,0.0,5543.453,4482.653,34.889,33.971,33.854,9.358,0.0,0.0
619,9.0,10.0,0.0,9.0,10.0,0.0,5471.826,4488.737,105.748,34.248,33.656,9.289,0.0,0.0
620,0.0,11.0,0.0,0.0,1.0,0.0,342.435,4575.972,61.394,17.012,11.909,6.31,0.0,0.0
621,0.0,11.0,0.0,1.0,2.0,0.0,132.132,4688.699,94.801,32.887,32.835,9.231,0.0,0.0
622,0.0,11.0,0.0,2.0,3.0,0.0,17.465,4811.669,-25.521,34.046,33.841,9.367,0.0,0.0
623,1.0,11.0,0.0,0.0,0.0,0.0,1032.913,4566.409,101.01,34.866,34.672,9.43,0.0,0.0
624,1.0,11.0,0.0,1.0,2.0,0.0,907.166,4621.042,8.721,33.467,33.399,9.308,0.0,0.0
625,1.0,11.0,0.0,2.0,3.0,0.0,926.935,4690.088,38.235,33.193,33.139,9.233,0.0,0.0
626,1.0,11.0,0.0,3.0,4.0,0.0,798.803,4837.761,120.399,33.069,32.855,9.259,0.0,0.0
627,2.0,11.0,0.0,0.0,0.0,0.0,1482.724,4644.049,117.911,4.581,3.087,3.417,0.0,0.0
628,2.0,11.0,0.0,1.0,0.0,0.0,1493.73,4649.592,28.56,41.06,29.822,9.622,0.0,0.0
629,2.0,11.0,0.0,2.0,1.0,0.0,1500.506,4880.576,81.221,33.698,33.498,9.271,0.0,0.0
630,3.0,11.0,0.0,0.0,0.0,0.0,2190.502,4523.599,-14.224,33.57,33.4,9.322,0.0,0.0
631,3.0,11.0,0.0,1.0,1.0,0.0,2259.807,4618.857,-40.23,33.855,33.705,9.321,0.0,0.0
632,3.0,11.0,0.0,2.0,2.0,0.0,1845.012,4648.406,44.215,33.415,33.352,9.294,0.0,0.0
633,3.0,11.0,0.0,3.0,3.0,0.0,2307.409,4823.746,7.057,34.244,34.198,9.361,0.0,0.0
634,3.0,11.0,0.0,4.0,4.0,0.0,2250.041,4866.994,-0.931,34.301,34.085,9.274,0.0,0.0
635,3.0,11.0,0.0,5.0,5.0,0.0,1989.622,4902.799,-40.139,34.409,34.17,9.301,0.0,0.0
636,4.0,11.0,0.0,0.0,1.0,0.0,2433.619,4597.27,47.066,33.442,33.341,9.296,0.0,0.0
637,4.0,11.0,0.0,1.0,3.0,0.0,2804.947,4656.691,134.604,33.861,33.647,9.314,0.0,0.0
638,4.0,11.0,0.0,2.0,4.0,0.0,2406.938,4730.452,90.856,33.429,33.373,9.299,0.0,0.0
639,4.0,11.0,0.0,3.0,6.0,0.0,2803.355,4851.33,28.978,34.053,33.846,9.368,0.0,0.0
640,5.0,11.0,0.0,0.0,0.0,0.0,3252.659,4513.268,58.076,33.385,33.334,9.287,0.0,0.0
641,5.0,11.0,0.0,1.0,1.0,0.0,3174.984,4517.112,131.131,33.829,33.663,9.312,0.0,0.0
642,5.0,11.0,0.0,2.0,2.0,0.0,3090.251,4563.046,24.896,16.442,16.316,7.122,0.0,0.0
643,5.0,11.0,0.0,3.0,3.0,0.0,2911.199,4609.228,70.173,33.252,33.155,9.244,0.0,0.0
644,5.0,11.0,0.0,4.0,4.0,0.0,3066.628,4622.587,21.004,33.126,32.874,9.271,0.0,0.0
645,5.0,11.0,0.0,5.0,5.0,0.0,3310.053,4705.559,119.267,33.461,33.415,9.309,0.0,0.0
646,5.0,11.0,0.0,6.0,6.0,0.0,3321.817,4791.237,74.806,32.527,32.108,9.078,0.0,0.0
647,5.0,11.0,0.0,7.0,7.0,0.0,2961.106,4877.667,121.396,33.624,33.57,9.271,0.0,0.0
648,6.0,11.0,0.0,0.0,1.0,0.0,3835.654,4567.14,57.221,23.366,23.136,7.659,0.0,0.0
649,6.0,11.0,0.0,1.0,2.0,0.0,3886.625,4650.725,50.127,17.731,17.424,6.686,0.0,0.0
650,6.0,11.0,0.0,2.0,3.0,0.0,3510.39,4712.06,68.365,33.849,33.797,9.333,0.0,0.0
651,6.0,11.0,0.0,3.0,4.0,0.0,3814.266,4737.925,118.419,18.887,15.408,6.797,0.0,0.0
652,6.0,11.0,0.0,4.0,5.0,0.0,3796.669,4759.531,116.277,34.252,33.606,9.282,0.0,0.0
653,6.0,11.0,0.0,5.0,6.0,0.0,3611.288,4803.76,59.198,33.319,33.225,9.263,0.0,0.0
654,6.0,11.0,0.0,6.0,7.0,0.0,3850.048,4836.458,103.913,33.505,33.269,9.294,0.0,0.0
655,6.0,11.0,0.0,7.0,8.0,0.0,3583.768,4891.766,115.317,33.53,33.389,9.233,0.0,0.0
656,7.0,11.0,0.0,0.0,0.0,0.0,4389.611,4639.47,86.276,14.503,13.685,5.993,0.0,0.0
657,7.0,11.0,0.0,1.0,1.0,0.0,4082.464,4662.701,30.069,33.484,33.4,9.31,0.0,0.0
658,7.0,11.0,0.0,2.0,2.0,0.0,4392.051,4670.372,-25.155,33.688,33.635,9.289,0.0,0.0
659,7.0,11.0,0.0,3.0,3.0,0.0,4407.875,4708.988,49.634,33.209,33.139,9.235,0.0,0.0
660,7.0,11.0,0.0,4.0,4.0,0.0,4427.068,4814.795,91.811,33.548,33.472,9.329,0.0,0.0
661,7.0,11.0,0.0,5.0,5.0,0.0,4502.945,4899.043,-11.847,3.931,2.624,2.839,0.0,0.0
662,7.0,11.0,0.0,6.0,5.0,0.0,4508.859,4895.72,-23.147,16.022,13.197,5.389,0.0,0.0
663,8.0,11.0,0.0,0.0,2.0,0.0,5196.368,4589.993,90.876,36.388,26.079,8.609,0.0,0.0
664,8.0,11.0,0.0,1.0,3.0,0.0,4913.665,4618.086,-1.182,33.345,33.099,9.249,0.0,0.0
665,8.0,11.0,0.0,2.0,4.0,0.0,4665.56,4631.502,39.592,22.458,21.826,7.584,0.0,0.0
666,8.0,11.0,0.0,3.0,5.0,0.0,4652.494,4687.236,12.99,33.399,33.112,9.259,0.0,0.0
667,8.0,11.0,0.0,4.0,6.0,0.0,5072.955,4699.165,53.743,33.524,33.426,9.319,0.0,0.0
668,8.0,11.0,0.0,5.0,7.0,0.0,4803.809,4711.36,38.81,33.479,33.286,9.293,0.0,0.0
669,8.0,11.0,0.0,6.0,9.0,0.0,4734.568,4855.09,-39.17,38.167,32.23,9.468,0.0,0.0
670,8.0,11.0,0.0,7.0,10.0,0.0,4975.497,4867.274,77.122,33.763,33.584,9.292,0.0,0.0
671,9.0,11.0,0.0,0.0,2.0,0.0,5253.85,4547.102,50.499,33.299,33.008,9.23,0.0,0.0
672,9.0,11.0,0.0,1.0,3.0,0.0,5387.044,4572.971,57.656,33.576,33.422,9.326,0.0,0.0
673,9.0,11.0,0.0,2.0,6.0,0.0,5679.742,4818.758,-33.259,33.804,33.653,9.307,0.0,0.0
674,0.0,12.0,0.0,0.0,0.0,0.0,58.795,4952.496,32.379,33.34,33.132,9.253,0.0,0.0
675,0.0,12.0,0.0,1.0,1.0,0.0,352.918,5067.845,47.209,33.509,33.298,9.299,0.0,0.0
676,0.0,12.0,0.0,2.0,2.0,0.0,476.244,5109.731,-30.777,34.725,34.007,9.401,0.0,0.0
677,0.0,12.0,0.0,3.0,3.0,0.0,366.12,5119.284,56.431,33.012,32.836,9.166,0.0,0.0
678,0.0,12.0,0.0,4.0,4.0,0.0,212.945,5127.017,-29.128,37.642,31.413,9.103,0.0,0.0
679,0.0,12.0,0.0,5.0,5.0,0.0,376.93,5272.647,119.97,34.011,33.881,9.367,0.0,0.0
680,0.0,12.0,0.0,6.0,7.0,0.0,77.561,5293.742,126.747,33.898,33.647,9.319,0.0,0.0
681,0.0,12.0,0.0,7.0,8.0,0.0,330.663,5297.48,-8.665,33.324,33.189,9.259,0.0,0.0
682,0.0,12.0,0.0,8.0,9.0,0.0,565.126,5313.528,-18.536,38.754,33.798,9.235,0.0,0.0
683,1.0,12.0,0.0,0.0,0.0,0.0,684.955,4978.724,7.056,33.728,33.497,9.275,0.0,0.0
684,1.0,12.0,0.0,1.0,1.0,0.0,911.584,5006.619,50.568,33.363,33.312,9.281,0.0,0.0
685,1.0,12.0,0.0,2.0,2.0,0.0,857.766,5010.917,49.991,33.293,33.152,9.249,0.0,0.0
686,1.0,12.0,0.0,3.0,3.0,0.0,928.642,5072.597,119.157,33.708,33.613,9.288,0.0,0.0
687,1.0,12.0,0.0,4.0,4.0,0.0,927.946,5155.649,125.747,32.908,32.764,9.224,0.0,0.0
688,1.0,12.0,0.0,5.0,5.0,0.0,657.304,5155.343,66.224,24.39,24.041,7.878,0.0,0.0
689,1.0,12.0,0.0,6.0,6.0,0.0,671.492,5205.228,99.5,33.831,33.658,9.311,0.0,0.0
690,1.0,12.0,0.0,7.0,7.0,0.0,949.803,5212.947,13.397,12.868,12.714,5.816,0.0,0.0
691,2.0,12.0,0.0,0.0,1.0,0.0,1704.633,4947.471,54.175,15.681,14.968,6.263,0.0,0.0
692,2.0,12.0,0.0,1.0,2.0,0.0,1329.108,5153.222,52.152,33.198,33.129,9.233,0.0,0.0
693,2.0,12.0,0.0,2.0,3.0,0.0,1598.873,5171.948,28.088,5.665,3.036,3.337,0.0,0.0
694,2.0,12.0,0.0,3.0,3.0,0.0,1597.408,5161.841,50.744,21.516,18.92,7.431,0.0,0.0
695,2.0,12.0,0.0,4.0,4.0,0.0,1330.844,5194.915,44.135,33.648,33.545,9.353,0.0,0.0
696,2.0,12.0,0.0,5.0,5.0,0.0,1730.653,5210.633,-36.071,34.637,34.581,9.387,0.0,0.0
697,2.0,12.0,0.0,6.0,6.0,0.0,1188.327,5253.771,-30.239,33.604,33.402,9.245,0.0,0.0
698,2.0,12.0,0.0,7.0,7.0,0.0,1359.91,5288.453,87.383,33.47,33.236,9.285,0.0,0.0
699,2.0,12.0,0.0,8.0,8.0,0.0,1546.881,5283.423,-0.939,17.822,17.625,6.742,0.0,0.0
700,2.0,12.0,0.0,9.0,9.0,0.0,1526.044,5301.855,1.03,33.721,33.601,9.289,0.0,0.0
701,3.0,12.0,0.0,0.0,1.0,0.0,1765.045,4935.043,49.919,33.576,33.495,9.336,0.0,0.0
702,3.0,12.0,0.0,1.0,2.0,0.0,2268.076,4979.248,-40.233,33.958,33.858,9.357,0.0,0.0
703,3.0,12.0,0.0,2.0,3.0,0.0,1883.005,4996.717,50.331,33.097,32.936,9.192,0.0,0.0
704,3.0,12.0,0.0,3.0,5.0,0.0,2099.759,5059.179,-13.656,34.597,27.538,8.975,0.0,0.0
705,3.0,12.0,0.0,4.0,7.0,0.0,2050.707,5280.97,112.997,33.669,33.551,9.275,0.0,0.0
706,4.0,12.0,0.0,0.0,0.0,0.0,2366.731,5304.298,132.307,33.753,33.553,9.286,0.0,0.0
707,5.0,12.0,0.0,0.0,0.0,0.0,3007.724,4925.377,59.981,33.747,33.557,9.286,0.0,0.0
708,5.0,12.0,0.0,1.0,1.0,0.0,3142.459,4953.595,115.146,33.071,32.999,9.197,0.0,0.0
709,5.0,12.0,0.0,2.0,2.0,0.0,3419.522,4982.639,9.294,34.005,33.848,9.362,0.0,0.0
710,5.0,12.0,0.0,3.0,3.0,0.0,3141.773,5007.181,43.484,33.785,33.568,9.293,0.0,0.0
711,5.0,12.0,0.0,4.0,4.0,0.0,3248.202,5059.354,15.545,5.432,3.58,4.02,0.0,0.0
712,6.0,12.0,0.0,0.0,1.0,0.0,3753.443,5072.196,-30.061,33.17,32.999,9.211,0.0,0.0
713,6.0,12.0,0.0,1.0,2.0,0.0,4035.499,5163.824,82.571,16.646,10.625,5.751,0.0,0.0
714,7.0,12.0,0.0,0.0,0.0,0.0,4282.189,4993.806,118.76,14.107,8.04,9.923,0.0,0.0
715,8.0,12.0,0.0,0.0,0.0,0.0,4981.947,5001.361,22.468,22.306,20.455,7.734,0.0,0.0
716,8.0,12.0,0.0,1.0,1.0,0.0,4914.118,5016.082,48.995,33.473,33.277,9.292,0.0,0.0
717,8.0,12.0,0.0,2.0,2.0,0.0,4765.175,5023.225,52.568,33.199,33.129,9.233,0.0,0.0
718,8.0,12.0,0.0,3.0,3.0,0.0,5186.124,5056.359,-9.519,33.868,33.765,9.332,0.0,0.0
719,8.0,12.0,0.0,4.0,4.0,0.0,4964.12,5109.349,75.98,33.376,33.22,9.27,0.0,0.0
720,8.0,12.0,0.0,5.0,5.0,0.0,4666.583,5235.105,41.393,33.697,33.569,9.281,0.0,0.0
721,8.0,12.0,0.0,6.0,6.0,0.0,4889.608,5277.186,104.884,33.254,33.138,9.325,0.0,0.0
722,8.0,12.0,0.0,7.0,7.0,0.0,4814.857,5286.903,134.676,33.82,33.577,9.299,0.0,0.0
723,9.0,12.0,0.0,0.0,0.0,0.0,5586.099,4941.696,-16.241,38.693,30.034,9.352,0.0,0.0
724,9.0,12.0,0.0,1.0,1.0,0.0,5386.946,4988.076,115.885,12.705,7.903,4.45,0.0,0.0
725,9.0,12.0,0.0,2.0,2.0,0.0,5334.046,5040.563,31.334,33.442,33.394,9.304,0.0,0.0
726,9.0,12.0,0.0,3.0,4.0,0.0,5739.482,5153.728,88.769,33.958,33.629,9.325,0.0,0.0
727,9.0,12.0,0.0,4.0,6.0,0.0,5586.419,5270.285,-20.754,33.919,33.743,9.336,0.0,0.0
728,0.0,0.0,0.0,0.0,0.0,0.0,266.886,23.315,-21.857,33.213,32.974,24.379,4.0,
730,0.0,0.0,0.0,0.0,0.0,0.0,520.615,425.083,-0.568,32.46,32.252,27.552,4.0,
732,1.0,0.0,0.0,0.0,0.0,0.0,636.854,24.54,113.036,32.875,31.432,25.376,4.0,
733,1.0,0.0,0.0,0.0,0.0,0.0,1167.325,299.405,-4.053,33.308,32.418,25.812,4.0,
734,7.0,1.0,0.0,0.0,0.0,0.0,4101.506,809.494,82.681,32.538,32.372,23.905,4.0,
735,7.0,1.0,0.0,0.0,0.0,0.0,4171.988,819.429,17.572,32.923,32.46,22.703,4.0,
736,7.0,1.0,0.0,0.0,0.0,0.0,4106.834,735.609,-0.617,32.987,32.112,22.642,4.0,
</ResultDatas>,,,,,,,,,,,,,,
<ElementResult>,,,,,,,,,,,,,,
0,1.0,,,,,,,,,,,,,
1,5.0,,,,,,,,,,,,,
2,12.0,,,,,,,,,,,,,
3,25.0,,,,,,,,,,,,,
4,24.0,,,,,,,,,,,,,
5,657.0,,,,,,,,,,,,,
</ElementResult>,,,,,,,,,,,,,,
0,0.0,0.0,0.0,0.0,0.0,0.0,396.655,18.359,112.869,33.214,33.075,9.227,0.0,0.0
1,0.0,0.0,0.0,1.0,1.0,0.0,202.995,52.95,5.808,33.202,33.144,9.235,0.0,0.0
2,0.0,0.0,0.0,2.0,2.0,0.0,74.895,99.616,27.46,33.268,33.115,9.24,0.0,0.0
4,0.0,0.0,0.0,4.0,4.0,0.0,77.515,233.557,8.125,34.924,34.765,9.372,0.0,0.0
6,0.0,0.0,0.0,6.0,6.0,0.0,570.014,269.506,11.568,33.61,33.531,9.263,0.0,0.0
7,1.0,0.0,0.0,0.0,0.0,0.0,702.736,20.237,43.348,32.918,32.772,9.227,0.0,0.0
8,1.0,0.0,0.0,1.0,1.0,0.0,919.381,44.491,63.717,33.389,33.238,9.274,0.0,0.0
9,1.0,0.0,0.0,2.0,2.0,0.0,776.752,54.084,-43.199,33.319,33.233,9.264,0.0,0.0
11,1.0,0.0,0.0,4.0,5.0,0.0,922.924,184.257,-38.815,33.459,33.39,9.305,0.0,0.0
12,1.0,0.0,0.0,5.0,7.0,0.0,918.741,383.694,7.189,33.2,32.989,9.213,0.0,0.0
13,2.0,0.0,0.0,0.0,1.0,0.0,1181.752,112.722,30.249,33.679,33.216,9.312,0.0,0.0
14,2.0,0.0,0.0,1.0,2.0,0.0,1442.147,164.883,-44.622,33.041,32.923,9.265,0.0,0.0
16,2.0,0.0,0.0,3.0,4.0,0.0,1253.549,307.152,-3.953,33.322,33.2,9.26,0.0,0.0
17,2.0,0.0,0.0,4.0,5.0,0.0,1327.578,345.909,-22.257,33.254,33.173,9.247,0.0,0.0
19,3.0,0.0,0.0,0.0,2.0,0.0,1992.077,64.394,96.101,32.711,32.672,9.183,0.0,0.0
20,3.0,0.0,0.0,1.0,3.0,0.0,2300.471,126.345,129.185,33.849,33.699,9.32,0.0,0.0
21,3.0,0.0,0.0,2.0,6.0,0.0,2293.34,378.089,9.973,34.685,34.266,9.351,0.0,0.0
22,3.0,0.0,0.0,3.0,7.0,0.0,2167.455,379.39,29.775,33.441,33.31,9.292,0.0,0.0
23,3.0,0.0,0.0,4.0,8.0,0.0,1940.433,386.588,40.864,33.632,33.56,9.271,0.0,0.0
24,4.0,0.0,0.0,0.0,0.0,0.0,2327.489,48.094,42.72,33.95,33.835,9.353,0.0,0.0
25,4.0,0.0,0.0,1.0,2.0,0.0,2869.149,127.024,-7.889,33.591,33.444,9.249,0.0,0.0
26,4.0,0.0,0.0,2.0,3.0,0.0,2620.78,210.938,-14.442,33.058,32.957,9.189,0.0,0.0
27,4.0,0.0,0.0,3.0,4.0,0.0,2875.52,263.329,-17.771,34.079,33.553,9.333,0.0,0.0
30,5.0,0.0,0.0,0.0,1.0,0.0,2977.367,23.247,-23.486,33.736,33.619,9.293,0.0,0.0
31,5.0,0.0,0.0,1.0,2.0,0.0,3039.952,38.621,127.131,30.67,30.625,8.854,0.0,0.0
32,5.0,0.0,0.0,2.0,3.0,0.0,3001.219,68.959,116.84,33.431,33.34,9.294,0.0,0.0
34,5.0,0.0,0.0,4.0,6.0,0.0,3416.323,170.936,1.243,33.771,33.469,9.278,0.0,0.0
35,5.0,0.0,0.0,5.0,7.0,0.0,2922.779,198.866,6.214,33.659,33.525,9.352,0.0,0.0
36,5.0,0.0,0.0,6.0,9.0,0.0,3404.629,282.296,86.137,33.881,33.666,9.32,0.0,0.0
37,5.0,0.0,0.0,7.0,10.0,0.0,3119.851,393.665,-43.302,33.456,33.404,9.307,0.0,0.0
38,6.0,0.0,0.0,0.0,0.0,0.0,3734.088,40.18,48.907,33.719,33.379,9.258,0.0,0.0
41,6.0,0.0,0.0,3.0,3.0,0.0,3942.487,328.857,39.746,33.667,33.337,9.245,0.0,0.0
42,6.0,0.0,0.0,4.0,4.0,0.0,3632.791,388.003,85.185,33.701,33.511,9.44,0.0,0.0
43,6.0,0.0,0.0,5.0,4.0,0.0,3619.294,356.88,47.149,33.709,33.547,9.446,0.0,0.0
48,7.0,0.0,0.0,2.0,4.0,0.0,4564.817,241.083,5.75,33.644,33.561,9.355,0.0,0.0
49,7.0,0.0,0.0,3.0,5.0,0.0,4087.683,242.804,101.668,33.195,33.118,9.231,0.0,0.0
50,7.0,0.0,0.0,4.0,6.0,0.0,4310.185,259.034,-38.156,33.277,33.191,9.252,0.0,0.0
51,7.0,0.0,0.0,5.0,7.0,0.0,4422.172,288.688,-44.467,33.007,32.89,9.173,0.0,0.0
52,7.0,0.0,0.0,6.0,8.0,0.0,4275.283,341.989,45.915,33.465,33.402,9.226,0.0,0.0
53,8.0,0.0,0.0,0.0,0.0,0.0,4715.347,36.159,48.72,33.507,33.262,9.294,0.0,0.0
55,8.0,0.0,0.0,2.0,2.0,0.0,4851.851,199.402,7.333,32.977,32.854,9.247,0.0,0.0
57,8.0,0.0,0.0,4.0,5.0,0.0,4837.125,368.733,99.28,33.221,33.044,9.224,0.0,0.0
59,9.0,0.0,0.0,1.0,1.0,0.0,5616.996,99.681,-33.865,33.68,33.629,9.287,0.0,0.0
61,9.0,0.0,0.0,3.0,3.0,0.0,5246.427,345.358,10.485,33.32,33.039,9.237,0.0,0.0
62,9.0,0.0,0.0,4.0,4.0,0.0,5210.373,352.933,125.118,34.379,34.24,9.386,0.0,0.0
63,0.0,1.0,0.0,0.0,0.0,0.0,163.1,433.634,40.493,33.222,32.938,9.293,0.0,0.0
65,0.0,1.0,0.0,2.0,2.0,0.0,236.165,587.344,61.041,33.506,33.483,9.325,0.0,0.0
66,0.0,1.0,0.0,3.0,3.0,0.0,436.397,607.808,-6.865,33.39,33.312,9.285,0.0,0.0
70,0.0,1.0,0.0,7.0,9.0,0.0,202.647,764.818,61.204,33.891,33.779,9.336,0.0,0.0
71,0.0,1.0,0.0,8.0,10.0,0.0,76.959,771.706,13.511,33.574,33.55,9.261,0.0,0.0
73,1.0,1.0,0.0,0.0,0.0,0.0,700.952,480.478,45.555,32.609,32.472,9.141,0.0,0.0
75,1.0,1.0,0.0,2.0,2.0,0.0,805.635,596.79,96.947,33.263,33.118,9.24,0.0,0.0
76,1.0,1.0,0.0,3.0,3.0,0.0,655.731,634.703,22.386,34.196,33.956,9.403,0.0,0.0
78,1.0,1.0,0.0,5.0,5.0,0.0,609.24,761.102,-14.104,34.059,33.81,9.364,0.0,0.0
80,2.0,1.0,0.0,1.0,2.0,0.0,1509.498,534.154,-42.658,33.121,33.035,9.209,0.0,0.0
81,2.0,1.0,0.0,2.0,3.0,0.0,1651.266,697.33,-19.376,33.077,32.94,9.189,0.0,0.0
82,2.0,1.0,0.0,3.0,4.0,0.0,1337.86,705.51,23.151,33.106,32.987,9.2,0.0,0.0
83,2.0,1.0,0.0,4.0,5.0,0.0,1469.852,711.955,83.419,33.049,32.928,9.184,0.0,0.0
84,2.0,1.0,0.0,5.0,6.0,0.0,1457.27,761.433,27.945,33.437,33.311,9.291,0.0,0.0
85,2.0,1.0,0.0,6.0,7.0,0.0,1518.09,821.505,45.107,33.778,33.738,9.315,0.0,0.0
86,3.0,1.0,0.0,0.0,1.0,0.0,2260.37,476.43,-41.293,33.642,33.367,9.328,0.0,0.0
88,3.0,1.0,0.0,2.0,4.0,0.0,1982.407,685.257,104.185,32.746,32.691,9.191,0.0,0.0
90,4.0,1.0,0.0,0.0,0.0,0.0,2884.362,433.902,-32.89,33.836,33.598,9.304,0.0,0.0
91,4.0,1.0,0.0,1.0,1.0,0.0,2814.195,553.549,-16.545,33.533,33.318,9.306,0.0,0.0
92,4.0,1.0,0.0,2.0,2.0,0.0,2549.569,603.994,133.468,14.773,14.218,6.166,0.0,0.0
93,4.0,1.0,0.0,3.0,3.0,0.0,2498.447,645.777,118.658,16.312,15.24,6.443,0.0,0.0
94,4.0,1.0,0.0,4.0,4.0,0.0,2555.31,660.54,113.49,14.554,13.882,6.046,0.0,0.0
95,4.0,1.0,0.0,5.0,5.0,0.0,2552.325,797.729,29.05,33.682,33.519,9.272,0.0,0.0
96,4.0,1.0,0.0,6.0,7.0,0.0,2667.979,801.712,54.552,33.507,33.384,9.311,0.0,0.0
99,5.0,1.0,0.0,2.0,3.0,0.0,3293.145,695.733,7.708,33.563,33.468,9.331,0.0,0.0
100,5.0,1.0,0.0,3.0,4.0,0.0,3037.18,718.871,11.546,33.024,32.985,9.272,0.0,0.0
101,6.0,1.0,0.0,0.0,1.0,0.0,3853.995,494.445,133.442,33.785,33.673,9.307,0.0,0.0
102,6.0,1.0,0.0,1.0,2.0,0.0,3695.702,590.274,106.919,32.77,32.701,9.196,0.0,0.0
103,6.0,1.0,0.0,2.0,3.0,0.0,3667.197,612.132,77.99,33.318,32.989,9.229,0.0,0.0
104,6.0,1.0,0.0,3.0,4.0,0.0,3889.561,744.679,63.128,33.544,33.518,9.253,0.0,0.0
106,6.0,1.0,0.0,5.0,6.0,0.0,3977.065,826.193,-4.306,35.454,30.711,9.049,0.0,0.0
107,7.0,1.0,0.0,0.0,0.0,0.0,4476.97,519.383,-27.472,33.348,33.151,9.257,0.0,0.0
108,7.0,1.0,0.0,1.0,1.0,0.0,4146.192,548.481,76.639,33.568,33.266,9.303,0.0,0.0
110,7.0,1.0,0.0,3.0,2.0,0.0,4460.733,629.924,76.052,33.01,32.583,9.752,0.0,0.0
114,7.0,1.0,0.0,7.0,6.0,0.0,4082.255,759.513,-1.306,33.548,33.404,9.32,0.0,0.0
115,7.0,1.0,0.0,8.0,7.0,0.0,4209.633,766.693,82.298,33.101,33.057,9.209,0.0,0.0
116,7.0,1.0,0.0,9.0,8.0,0.0,4174.349,776.318,-19.583,33.758,33.519,9.282,0.0,0.0
117,8.0,1.0,0.0,0.0,0.0,0.0,4669.319,436.5,20.163,33.721,33.401,9.261,0.0,0.0
118,8.0,1.0,0.0,1.0,1.0,0.0,5078.043,540.87,100.803,34.269,33.481,9.869,0.0,0.0
119,8.0,1.0,0.0,2.0,2.0,0.0,4891.494,589.47,122.376,33.28,33.243,9.26,0.0,0.0
120,8.0,1.0,0.0,3.0,4.0,0.0,5191.012,727.967,65.442,17.748,16.912,6.593,0.0,0.0
121,9.0,1.0,0.0,0.0,0.0,0.0,5714.304,493.626,-37.212,34.151,33.975,9.4,0.0,0.0
122,9.0,1.0,0.0,1.0,1.0,0.0,5534.358,541.165,60.224,33.173,33.098,9.308,0.0,0.0
123,9.0,1.0,0.0,2.0,2.0,0.0,5762.156,583.839,-16.287,33.841,33.67,9.315,0.0,0.0
124,9.0,1.0,0.0,3.0,3.0,0.0,5490.688,616.396,109.729,33.634,32.497,9.285,0.0,0.0
126,0.0,2.0,0.0,0.0,1.0,0.0,467.381,915.867,129.19,33.306,33.172,9.254,0.0,0.0
127,0.0,2.0,0.0,1.0,2.0,0.0,30.956,929.189,34.921,33.73,33.416,9.347,0.0,0.0
128,0.0,2.0,0.0,2.0,3.0,0.0,584.843,941.383,88.592,34.709,32.436,9.178,0.0,0.0
129,0.0,2.0,0.0,3.0,4.0,0.0,113.814,959.003,18.575,32.983,32.754,9.233,0.0,0.0
130,0.0,2.0,0.0,4.0,5.0,0.0,323.729,981.575,15.185,33.198,32.938,9.838,0.0,0.0
131,0.0,2.0,0.0,5.0,5.0,0.0,300.106,963.308,30.374,33.19,32.699,9.898,0.0,0.0
132,0.0,2.0,0.0,6.0,6.0,0.0,412.529,1202.924,114.897,33.885,33.796,9.338,0.0,0.0
134,1.0,2.0,0.0,0.0,0.0,0.0,918.14,868.315,134.524,33.404,33.323,9.288,0.0,0.0
136,1.0,2.0,0.0,2.0,2.0,0.0,840.126,916.478,41.612,32.988,32.961,9.18,0.0,0.0
137,1.0,2.0,0.0,3.0,3.0,0.0,626.834,941.977,52.754,6.226,4.87,4.76,0.0,0.0
138,1.0,2.0,0.0,4.0,3.0,0.0,643.402,938.061,-21.106,33.545,32.515,9.363,0.0,0.0
140,1.0,2.0,0.0,6.0,6.0,0.0,633.464,1024.427,129.842,35.092,34.73,9.469,0.0,0.0
141,1.0,2.0,0.0,7.0,7.0,0.0,776.655,1126.922,-20.423,33.114,33.034,9.291,0.0,0.0
142,1.0,2.0,0.0,8.0,8.0,0.0,1158.452,1192.834,-0.61,33.774,33.571,9.292,0.0,0.0
144,2.0,2.0,0.0,1.0,2.0,0.0,1353.379,936.649,49.021,32.728,32.492,9.161,0.0,0.0
145,2.0,2.0,0.0,2.0,3.0,0.0,1516.829,973.351,-30.5,33.497,33.275,9.295,0.0,0.0
146,2.0,2.0,0.0,3.0,4.0,0.0,1699.392,1170.905,12.476,33.984,33.9,9.366,0.0,0.0
147,3.0,2.0,0.0,0.0,0.0,0.0,1784.351,841.625,63.5,34.027,33.875,9.369,0.0,0.0
148,3.0,2.0,0.0,1.0,1.0,0.0,1790.615,879.706,80.074,33.073,32.954,9.191,0.0,0.0
149,3.0,2.0,0.0,2.0,2.0,0.0,2008.723,980.064,51.705,32.78,32.679,9.194,0.0,0.0
151,3.0,2.0,0.0,4.0,4.0,0.0,2284.324,1042.975,8.056,34.104,34.016,9.317,0.0,0.0
152,3.0,2.0,0.0,5.0,5.0,0.0,1960.449,1099.378,-44.45,32.98,32.852,9.247,0.0,0.0
153,3.0,2.0,0.0,6.0,6.0,0.0,2091.143,1106.261,-2.898,33.53,33.184,9.287,0.0,0.0
154,3.0,2.0,0.0,7.0,7.0,0.0,1983.109,1215.602,97.498,33.86,33.737,9.326,0.0,0.0
155,4.0,2.0,0.0,0.0,1.0,0.0,2825.609,1020.201,-7.61,33.802,33.63,9.304,0.0,0.0
156,4.0,2.0,0.0,1.0,2.0,0.0,2693.189,1026.366,54.554,33.054,33.025,9.198,0.0,0.0
157,4.0,2.0,0.0,2.0,3.0,0.0,2542.32,1041.178,49.089,33.264,32.924,9.213,0.0,0.0
158,4.0,2.0,0.0,3.0,4.0,0.0,2780.875,1139.658,-8.259,33.988,33.602,9.326,0.0,0.0
159,4.0,2.0,0.0,4.0,5.0,0.0,2869.577,1143.495,4.788,33.875,33.837,9.342,0.0,0.0
160,4.0,2.0,0.0,5.0,6.0,0.0,2501.189,1166.662,32.077,33.516,33.326,9.304,0.0,0.0
161,5.0,2.0,0.0,0.0,0.0,0.0,3047.887,854.455,71.338,32.881,32.697,9.211,0.0,0.0
162,5.0,2.0,0.0,1.0,2.0,0.0,3278.983,931.562,108.776,32.925,32.821,9.152,0.0,0.0
164,5.0,2.0,0.0,3.0,5.0,0.0,2907.226,1007.99,9.591,32.977,32.621,9.214,0.0,0.0
165,5.0,2.0,0.0,4.0,6.0,0.0,3327.415,1022.642,-24.675,33.766,33.657,9.302,0.0,0.0
166,5.0,2.0,0.0,5.0,7.0,0.0,3465.931,1033.958,93.199,34.761,30.704,9.016,0.0,0.0
167,5.0,2.0,0.0,6.0,9.0,0.0,3082.463,1085.519,40.141,32.948,32.814,9.237,0.0,0.0
169,5.0,2.0,0.0,8.0,12.0,0.0,3085.404,1183.126,98.446,33.459,33.37,9.302,0.0,0.0
170,5.0,2.0,0.0,9.0,13.0,0.0,3284.978,1186.808,98.241,33.47,33.285,9.292,0.0,0.0
171,5.0,2.0,0.0,10.0,14.0,0.0,3162.867,1214.28,38.144,34.042,33.804,9.361,0.0,0.0
172,6.0,2.0,0.0,0.0,1.0,0.0,3898.675,851.901,54.874,33.826,33.685,9.314,0.0,0.0
173,6.0,2.0,0.0,1.0,2.0,0.0,3491.013,882.616,28.951,33.628,33.482,9.342,0.0,0.0
174,6.0,2.0,0.0,2.0,3.0,0.0,3901.384,911.595,104.629,33.698,33.602,9.286,0.0,0.0
178,6.0,2.0,0.0,6.0,7.0,0.0,3527.851,1118.511,15.674,33.092,33.049,9.207,0.0,0.0
179,6.0,2.0,0.0,7.0,9.0,0.0,3933.663,1166.897,23.779,33.949,33.744,9.34,0.0,0.0
181,7.0,2.0,0.0,0.0,0.0,0.0,4485.521,838.693,4.672,33.686,33.488,9.268,0.0,0.0
184,7.0,2.0,0.0,3.0,2.0,0.0,4559.385,963.84,-27.933,34.05,33.89,9.374,0.0,0.0
185,7.0,2.0,0.0,4.0,3.0,0.0,4517.099,1084.311,1.905,33.866,33.731,9.327,0.0,0.0
186,7.0,2.0,0.0,5.0,4.0,0.0,4284.333,1093.533,59.216,33.407,33.353,9.293,0.0,0.0
187,8.0,2.0,0.0,0.0,0.0,0.0,5159.596,843.648,-42.282,33.279,33.141,9.245,0.0,0.0
188,8.0,2.0,0.0,1.0,1.0,0.0,4819.305,862.489,34.137,33.754,33.575,9.29,0.0,0.0
189,8.0,2.0,0.0,2.0,2.0,0.0,4717.632,863.017,78.741,33.218,33.04,9.223,0.0,0.0
191,8.0,2.0,0.0,4.0,4.0,0.0,4694.069,1028.859,36.034,33.191,32.958,9.208,0.0,0.0
193,8.0,2.0,0.0,6.0,6.0,0.0,4642.436,1201.575,-22.114,33.907,33.786,9.34,0.0,0.0
195,9.0,2.0,0.0,1.0,2.0,0.0,5666.988,976.448,90.159,33.518,33.437,9.32,0.0,0.0
196,9.0,2.0,0.0,2.0,3.0,0.0,5516.146,1008.534,21.35,33.437,33.337,9.295,0.0,0.0
197,9.0,2.0,0.0,3.0,4.0,0.0,5641.284,1025.393,67.988,33.617,33.442,9.252,0.0,0.0
198,9.0,2.0,0.0,4.0,5.0,0.0,5369.075,1064.832,-8.11,33.212,33.055,9.224,0.0,0.0
199,9.0,2.0,0.0,5.0,6.0,0.0,5682.397,1099.609,117.497,33.985,33.837,9.988,0.0,0.0
201,0.0,3.0,0.0,0.0,1.0,0.0,362.195,1246.622,-25.16,33.516,33.268,9.297,0.0,0.0
202,0.0,3.0,0.0,1.0,2.0,0.0,83.706,1280.719,49.939,32.937,32.795,9.232,0.0,0.0
204,0.0,3.0,0.0,3.0,4.0,0.0,338.039,1306.37,92.287,33.386,33.093,9.254,0.0,0.0
205,0.0,3.0,0.0,4.0,5.0,0.0,464.597,1376.699,0.541,33.269,33.22,9.255,0.0,0.0
206,0.0,3.0,0.0,5.0,6.0,0.0,535.23,1380.784,21.947,33.436,33.377,9.3,0.0,0.0
207,0.0,3.0,0.0,6.0,7.0,0.0,151.498,1409.043,1.127,32.748,32.553,9.172,0.0,0.0
209,0.0,3.0,0.0,8.0,9.0,0.0,275.925,1499.807,47.739,33.558,33.359,9.315,0.0,0.0
210,0.0,3.0,0.0,9.0,10.0,0.0,311.279,1548.881,63.672,33.054,32.842,9.173,0.0,0.0
211,0.0,3.0,0.0,10.0,11.0,0.0,357.362,1625.676,83.547,33.492,33.48,9.24,0.0,0.0
212,1.0,3.0,0.0,0.0,0.0,0.0,669.717,1263.682,39.944,33.087,33.001,9.199,0.0,0.0
213,1.0,3.0,0.0,1.0,1.0,0.0,729.396,1327.342,59.663,32.91,32.79,9.228,0.0,0.0
214,1.0,3.0,0.0,2.0,2.0,0.0,1128.035,1426.195,-21.343,33.248,33.092,9.234,0.0,0.0
215,1.0,3.0,0.0,3.0,3.0,0.0,647.965,1566.945,-8.455,33.247,32.989,9.22,0.0,0.0
216,1.0,3.0,0.0,4.0,5.0,0.0,953.672,1634.386,25.29,33.957,33.918,9.365,0.0,0.0
217,2.0,3.0,0.0,0.0,0.0,0.0,1222.693,1276.757,38.575,33.315,33.188,9.257,0.0,0.0
218,2.0,3.0,0.0,1.0,1.0,0.0,1458.596,1335.182,77.245,33.403,33.337,9.29,0.0,0.0
219,2.0,3.0,0.0,2.0,2.0,0.0,1460.134,1389.258,51.936,32.905,32.659,9.209,0.0,0.0
220,2.0,3.0,0.0,3.0,3.0,0.0,1379.529,1423.72,34.538,33.829,33.776,9.327,0.0,0.0
221,2.0,3.0,0.0,4.0,4.0,0.0,1478.256,1442.037,123.337,33.148,32.975,9.288,0.0,0.0
222,2.0,3.0,0.0,5.0,5.0,0.0,1665.794,1538.56,-7.068,33.951,33.73,9.338,0.0,0.0
223,2.0,3.0,0.0,6.0,6.0,0.0,1523.73,1538.507,-20.858,33.074,32.795,9.252,0.0,0.0
224,2.0,3.0,0.0,7.0,8.0,0.0,1390.88,1572.602,-5.57,33.953,33.845,9.354,0.0,0.0
225,2.0,3.0,0.0,8.0,9.0,0.0,1652.415,1626.749,119.921,33.978,33.645,9.33,0.0,0.0
226,3.0,3.0,0.0,0.0,1.0,0.0,2236.361,1247.012,-26.422,33.399,33.15,9.264,0.0,0.0
227,3.0,3.0,0.0,1.0,2.0,0.0,1972.49,1360.872,54.158,33.285,33.212,9.256,0.0,0.0
228,3.0,3.0,0.0,2.0,3.0,0.0,2070.857,1460.051,69.384,33.502,33.217,9.287,0.0,0.0
230,3.0,3.0,0.0,4.0,5.0,0.0,2141.41,1609.879,9.805,33.571,33.415,9.242,0.0,0.0
231,3.0,3.0,0.0,5.0,6.0,0.0,2229.044,1631.601,-0.987,34.133,33.979,9.316,0.0,0.0
233,4.0,3.0,0.0,1.0,3.0,0.0,2466.95,1635.988,-13.224,33.205,33.121,9.232,0.0,0.0
234,5.0,3.0,0.0,0.0,1.0,0.0,3203.679,1354.556,35.996,33.489,33.297,9.296,0.0,0.0
236,5.0,3.0,0.0,2.0,3.0,0.0,2904.122,1374.732,15.715,33.45,33.134,9.268,0.0,0.0
237,5.0,3.0,0.0,3.0,4.0,0.0,2930.342,1455.98,29.029,33.406,33.109,9.259,0.0,0.0
238,5.0,3.0,0.0,4.0,5.0,0.0,3364.495,1582.45,126.182,34.168,34.066,9.414,0.0,0.0
239,5.0,3.0,0.0,5.0,6.0,0.0,3308.171,1594.109,76.755,33.645,33.343,9.325,0.0,0.0
242,6.0,3.0,0.0,0.0,1.0,0.0,3913.498,1350.038,-43.342,33.258,33.095,9.236,0.0,0.0
243,6.0,3.0,0.0,1.0,2.0,0.0,3595.75,1588.506,118.823,33.353,33.302,9.278,0.0,0.0
245,7.0,3.0,0.0,1.0,1.0,0.0,4489.289,1378.697,61.943,33.107,32.794,9.173,0.0,0.0
246,7.0,3.0,0.0,2.0,2.0,0.0,4501.304,1449.652,11.335,33.174,33.128,9.229,0.0,0.0
247,7.0,3.0,0.0,3.0,3.0,0.0,4259.78,1469.83,-9.651,33.416,33.248,9.28,0.0,0.0
249,7.0,3.0,0.0,5.0,5.0,0.0,4535.741,1533.095,10.056,33.668,33.551,9.357,0.0,0.0
251,8.0,3.0,0.0,1.0,1.0,0.0,4721.356,1501.983,27.133,33.139,32.93,9.197,0.0,0.0
252,8.0,3.0,0.0,2.0,3.0,0.0,5013.396,1570.497,-36.121,33.505,33.411,9.315,0.0,0.0
254,8.0,3.0,0.0,4.0,5.0,0.0,4852.33,1641.861,-1.879,34.105,30.784,9.03,0.0,0.0
256,9.0,3.0,0.0,1.0,1.0,0.0,5382.562,1291.246,88.601,33.051,32.56,9.215,0.0,0.0
257,9.0,3.0,0.0,2.0,2.0,0.0,5550.849,1377.973,111.691,32.91,32.822,9.233,0.0,0.0
260,9.0,3.0,0.0,5.0,4.0,0.0,5524.663,1429.369,129.097,32.864,32.724,9.212,0.0,0.0
264,9.0,3.0,0.0,9.0,8.0,0.0,5441.875,1571.313,22.011,33.616,33.368,9.324,0.0,0.0
265,0.0,4.0,0.0,0.0,1.0,0.0,231.727,1700.044,52.125,33.107,33.09,9.215,0.0,0.0
266,0.0,4.0,0.0,1.0,2.0,0.0,370.167,1787.795,-12.286,33.049,32.932,9.184,0.0,0.0
267,0.0,4.0,0.0,2.0,3.0,0.0,537.246,1832.708,18.262,33.45,33.366,9.301,0.0,0.0
268,0.0,4.0,0.0,3.0,4.0,0.0,83.224,1915.916,29.395,33.312,33.085,9.242,0.0,0.0
269,0.0,4.0,0.0,4.0,5.0,0.0,291.575,1945.92,-3.886,33.817,33.62,9.304,0.0,0.0
270,0.0,4.0,0.0,5.0,6.0,0.0,257.73,2019.218,118.055,33.681,33.61,9.284,0.0,0.0
272,0.0,4.0,0.0,7.0,8.0,0.0,569.033,2050.018,-3.669,35.769,31.214,9.003,0.0,0.0
273,1.0,4.0,0.0,0.0,1.0,0.0,705.702,1657.94,26.491,33.044,32.788,9.247,0.0,0.0
274,1.0,4.0,0.0,1.0,2.0,0.0,840.783,1690.299,-18.784,33.224,33.015,9.22,0.0,0.0
275,1.0,4.0,0.0,2.0,3.0,0.0,1026.98,1739.758,-21.067,33.456,33.3,9.292,0.0,0.0
276,1.0,4.0,0.0,3.0,4.0,0.0,819.979,1819.678,124.61,33.11,33.077,9.213,0.0,0.0
277,1.0,4.0,0.0,4.0,5.0,0.0,960.359,1870.486,0.371,33.364,33.306,9.281,0.0,0.0
280,1.0,4.0,0.0,7.0,9.0,0.0,1028.72,2012.658,-32.444,33.607,33.362,9.322,0.0,0.0
281,2.0,4.0,0.0,0.0,1.0,0.0,1423.699,1918.978,18.395,33.376,33.239,9.273,0.0,0.0
282,3.0,4.0,0.0,0.0,1.0,0.0,1999.905,1762.693,34.895,33.295,33.158,9.25,0.0,0.0
283,3.0,4.0,0.0,1.0,2.0,0.0,2043.924,1782.88,-7.545,32.822,32.564,9.184,0.0,0.0
285,3.0,4.0,0.0,3.0,4.0,0.0,1850.371,1903.885,80.543,33.323,33.254,9.267,0.0,0.0
286,3.0,4.0,0.0,4.0,5.0,0.0,2247.556,1933.059,-12.45,33.549,33.453,9.327,0.0,0.0
288,4.0,4.0,0.0,0.0,1.0,0.0,2483.236,1761.765,55.684,33.089,32.929,9.273,0.0,0.0
289,4.0,4.0,0.0,1.0,2.0,0.0,2609.515,1948.757,-14.642,32.771,32.629,9.186,0.0,0.0
290,5.0,4.0,0.0,0.0,0.0,0.0,3151.496,1648.514,48.898,32.214,30.387,8.957,0.0,0.0
291,5.0,4.0,0.0,1.0,2.0,0.0,3363.454,1828.285,-19.845,33.675,33.511,9.27,0.0,0.0
292,5.0,4.0,0.0,2.0,3.0,0.0,3431.563,1848.326,25.007,33.762,33.635,9.299,0.0,0.0
293,5.0,4.0,0.0,3.0,4.0,0.0,2924.954,1951.325,-0.025,33.537,33.382,9.315,0.0,0.0
296,6.0,4.0,0.0,0.0,0.0,0.0,3535.07,1765.539,3.712,33.373,33.173,9.263,0.0,0.0
297,6.0,4.0,0.0,1.0,1.0,0.0,3986.221,1804.367,34.584,33.613,33.469,9.256,0.0,0.0
298,6.0,4.0,0.0,2.0,2.0,0.0,3605.597,1826.909,22.472,33.729,33.151,9.228,0.0,0.0
299,6.0,4.0,0.0,3.0,3.0,0.0,3793.002,1832.095,82.902,33.001,32.951,9.263,0.0,0.0
300,6.0,4.0,0.0,4.0,4.0,0.0,3536.003,1876.626,-29.376,33.769,33.315,9.256,0.0,0.0
303,7.0,4.0,0.0,0.0,0.0,0.0,4275.341,1713.836,64.312,33.209,32.905,9.203,0.0,0.0
304,7.0,4.0,0.0,1.0,1.0,0.0,4072.343,1723.052,38.438,33.085,32.849,9.261,0.0,0.0
305,7.0,4.0,0.0,2.0,2.0,0.0,4159.178,1766.067,-14.554,33.519,33.408,9.316,0.0,0.0
306,7.0,4.0,0.0,3.0,3.0,0.0,4284.289,1776.446,-15.228,33.172,33.018,9.214,0.0,0.0
307,7.0,4.0,0.0,4.0,4.0,0.0,4052.438,2003.249,-36.098,33.393,33.037,9.247,0.0,0.0
308,7.0,4.0,0.0,5.0,5.0,0.0,4239.269,2006.972,98.629,33.561,33.404,9.239,0.0,0.0
309,8.0,4.0,0.0,0.0,1.0,0.0,5135.056,1662.727,-37.423,33.396,33.32,9.287,0.0,0.0
312,8.0,4.0,0.0,3.0,3.0,0.0,5167.204,1693.87,20.738,33.739,33.499,9.618,0.0,0.0
318,9.0,4.0,0.0,0.0,1.0,0.0,5769.026,1887.731,93.312,34.361,31.949,9.141,0.0,0.0
319,9.0,4.0,0.0,1.0,2.0,0.0,5547.215,2013.647,-4.674,33.241,33.216,9.251,0.0,0.0
320,9.0,4.0,0.0,2.0,3.0,0.0,5640.233,2050.422,-4.962,34.398,30.148,8.899,0.0,0.0
321,0.0,5.0,0.0,0.0,1.0,0.0,304.365,2069.866,95.824,33.397,33.133,9.26,0.0,0.0
322,0.0,5.0,0.0,1.0,2.0,0.0,303.964,2184.77,3.474,33.374,33.265,9.276,0.0,0.0
328,1.0,5.0,0.0,3.0,4.0,0.0,662.153,2271.263,39.991,32.723,32.679,9.186,0.0,0.0
329,1.0,5.0,0.0,4.0,5.0,0.0,627.722,2311.481,19.272,33.699,33.52,9.274,0.0,0.0
330,1.0,5.0,0.0,5.0,6.0,0.0,872.339,2357.301,7.188,33.545,33.451,9.326,0.0,0.0
332,1.0,5.0,0.0,7.0,8.0,0.0,933.636,2439.727,69.879,33.448,33.372,9.219,0.0,0.0
334,2.0,5.0,0.0,0.0,0.0,0.0,1695.596,2086.994,-35.557,33.744,33.531,9.282,0.0,0.0
335,2.0,5.0,0.0,1.0,1.0,0.0,1552.368,2112.122,54.372,33.242,32.974,9.217,0.0,0.0
337,2.0,5.0,0.0,3.0,3.0,0.0,1369.796,2251.554,32.447,33.349,33.123,9.6,0.0,0.0
339,3.0,5.0,0.0,0.0,1.0,0.0,1947.109,2153.129,30.701,33.39,32.97,9.237,0.0,0.0
340,3.0,5.0,0.0,1.0,3.0,0.0,1886.327,2286.786,-1.383,33.45,33.352,9.299,0.0,0.0
341,3.0,5.0,0.0,2.0,4.0,0.0,2030.274,2386.676,115.625,33.549,33.489,9.332,0.0,0.0
342,4.0,5.0,0.0,0.0,0.0,0.0,2823.362,2084.493,127.635,33.183,32.972,9.209,0.0,0.0
344,4.0,5.0,0.0,2.0,2.0,0.0,2330.231,2203.645,-23.506,33.47,33.278,9.21,0.0,0.0
346,4.0,5.0,0.0,4.0,4.0,0.0,2625.661,2268.519,-8.34,33.498,33.075,9.267,0.0,0.0
348,5.0,5.0,0.0,0.0,1.0,0.0,3245.232,2095.726,-6.731,33.513,33.312,9.302,0.0,0.0
349,5.0,5.0,0.0,1.0,2.0,0.0,3360.705,2132.759,48.76,33.961,33.828,9.353,0.0,0.0
350,5.0,5.0,0.0,2.0,3.0,0.0,3018.634,2200.15,31.537,33.29,33.214,9.257,0.0,0.0
351,5.0,5.0,0.0,3.0,4.0,0.0,2936.677,2310.849,10.244,33.371,33.237,9.272,0.0,0.0
352,5.0,5.0,0.0,4.0,5.0,0.0,3381.671,2329.393,59.113,32.86,32.778,9.219,0.0,0.0
353,5.0,5.0,0.0,5.0,6.0,0.0,3293.954,2437.832,26.595,33.706,33.553,9.28,0.0,0.0
354,6.0,5.0,0.0,0.0,0.0,0.0,3598.569,2168.323,52.244,34.275,33.972,9.334,0.0,0.0
355,6.0,5.0,0.0,1.0,1.0,0.0,3940.154,2186.443,72.134,33.079,33.016,9.283,0.0,0.0
356,6.0,5.0,0.0,2.0,2.0,0.0,3746.821,2194.188,114.476,32.985,32.882,9.252,0.0,0.0
357,6.0,5.0,0.0,3.0,3.0,0.0,3536.535,2196.925,45.128,33.445,33.108,9.264,0.0,0.0
359,7.0,5.0,0.0,0.0,0.0,0.0,4417.049,2089.509,106.498,33.379,33.161,9.262,0.0,0.0
360,7.0,5.0,0.0,1.0,1.0,0.0,4458.055,2168.651,-18.407,33.419,33.228,9.195,0.0,0.0
361,7.0,5.0,0.0,2.0,2.0,0.0,4071.845,2196.507,32.319,33.348,33.262,9.272,0.0,0.0
362,7.0,5.0,0.0,3.0,4.0,0.0,4614.824,2335.632,33.437,34.517,34.376,9.343,0.0,0.0
363,7.0,5.0,0.0,4.0,5.0,0.0,4075.683,2401.97,-6.268,33.577,33.368,9.319,0.0,0.0
366,8.0,5.0,0.0,2.0,3.0,0.0,4995.423,2169.672,-43.499,33.709,33.062,9.825,0.0,0.0
368,8.0,5.0,0.0,4.0,4.0,0.0,4881.113,2188.687,91.925,32.755,32.61,9.181,0.0,0.0
372,9.0,5.0,0.0,0.0,2.0,0.0,5529.125,2066.08,134.099,33.964,33.826,9.353,0.0,0.0
376,9.0,5.0,0.0,4.0,6.0,0.0,5486.575,2309.868,30.872,33.12,32.946,9.196,0.0,0.0
377,9.0,5.0,0.0,5.0,7.0,0.0,5293.627,2448.472,-28.473,33.639,33.449,9.256,0.0,0.0
378,0.0,6.0,0.0,0.0,0.0,0.0,504.082,2465.267,119.969,33.801,33.592,9.298,0.0,0.0
379,0.0,6.0,0.0,1.0,1.0,0.0,56.143,2503.657,20.214,33.525,33.14,9.28,0.0,0.0
380,0.0,6.0,0.0,2.0,2.0,0.0,280.286,2723.795,105.784,33.526,33.422,9.237,0.0,0.0
381,0.0,6.0,0.0,3.0,3.0,0.0,64.766,2727.634,-14.51,33.265,33.041,9.23,0.0,0.0
383,1.0,6.0,0.0,1.0,4.0,0.0,749.166,2604.467,81.705,33.441,33.367,9.3,0.0,0.0
384,1.0,6.0,0.0,2.0,5.0,0.0,1073.433,2611.787,73.513,33.401,33.248,9.277,0.0,0.0
385,1.0,6.0,0.0,3.0,6.0,0.0,983.641,2731.954,64.866,33.232,33.118,9.236,0.0,0.0
386,1.0,6.0,0.0,4.0,7.0,0.0,669.966,2870.328,37.183,3.624,2.976,2.591,0.0,0.0
387,1.0,6.0,0.0,5.0,7.0,0.0,649.685,2862.88,3.509,34.076,33.577,9.415,0.0,0.0
388,1.0,6.0,0.0,6.0,7.0,0.0,684.677,2858.758,-12.182,34.269,33.716,9.721,0.0,0.0
389,2.0,6.0,0.0,0.0,1.0,0.0,1658.038,2515.437,-44.876,33.477,33.407,9.31,0.0,0.0
390,2.0,6.0,0.0,1.0,2.0,0.0,1545.81,2516.295,90.258,33.225,32.982,9.216,0.0,0.0
391,2.0,6.0,0.0,2.0,3.0,0.0,1458.086,2525.535,43.17,33.485,33.38,9.226,0.0,0.0
392,2.0,6.0,0.0,3.0,4.0,0.0,1711.182,2529.261,0.824,33.73,33.64,9.295,0.0,0.0
393,2.0,6.0,0.0,4.0,6.0,0.0,1464.211,2712.457,-42.569,33.245,32.894,9.206,0.0,0.0
394,3.0,6.0,0.0,0.0,0.0,0.0,1964.445,2687.763,2.251,33.072,32.989,9.196,0.0,0.0
395,3.0,6.0,0.0,1.0,1.0,0.0,2272.289,2707.257,-28.05,33.84,33.758,9.327,0.0,0.0
396,3.0,6.0,0.0,2.0,2.0,0.0,2010.637,2775.033,76.751,33.155,33.086,9.478,0.0,0.0
397,3.0,6.0,0.0,3.0,2.0,0.0,1994.109,2746.003,71.496,33.629,33.333,9.404,0.0,0.0
398,3.0,6.0,0.0,4.0,3.0,0.0,1959.02,2797.321,69.576,33.578,33.431,9.327,0.0,0.0
399,3.0,6.0,0.0,5.0,4.0,0.0,2046.337,2812.727,27.226,33.734,33.605,9.291,0.0,0.0
400,3.0,6.0,0.0,6.0,5.0,0.0,2250.234,2828.019,-2.699,34.045,33.924,9.297,0.0,0.0
401,3.0,6.0,0.0,7.0,8.0,0.0,2140.093,2866.716,-4.305,34.785,29.67,8.889,0.0,0.0
402,4.0,6.0,0.0,0.0,0.0,0.0,2821.611,2509.619,94.112,33.562,33.463,9.33,0.0,0.0
403,4.0,6.0,0.0,1.0,1.0,0.0,2791.643,2597.287,93.654,33.05,32.872,9.259,0.0,0.0
404,4.0,6.0,0.0,2.0,3.0,0.0,2343.327,2754.911,129.338,33.435,33.167,9.271,0.0,0.0
405,4.0,6.0,0.0,3.0,4.0,0.0,2665.646,2772.984,36.919,32.833,32.328,9.152,0.0,0.0
406,4.0,6.0,0.0,4.0,5.0,0.0,2388.6,2869.118,-3.904,37.6,24.101,9.655,0.0,0.0
407,5.0,6.0,0.0,0.0,1.0,0.0,3136.914,2556.666,94.388,33.348,33.306,9.278,0.0,0.0
408,5.0,6.0,0.0,1.0,2.0,0.0,3167.643,2586.276,7.522,33.292,33.233,9.26,0.0,0.0
410,5.0,6.0,0.0,3.0,4.0,0.0,2908.385,2706.344,-6.495,33.404,33.156,9.265,0.0,0.0
411,5.0,6.0,0.0,4.0,5.0,0.0,2944.121,2751.557,-10.551,33.972,33.679,9.334,0.0,0.0
413,6.0,6.0,0.0,0.0,1.0,0.0,3859.545,2648.674,53.173,33.996,33.912,9.369,0.0,0.0
414,6.0,6.0,0.0,1.0,2.0,0.0,3710.891,2710.193,40.146,33.638,33.577,9.274,0.0,0.0
415,6.0,6.0,0.0,2.0,3.0,0.0,3645.913,2797.849,73.459,33.13,32.929,9.195,0.0,0.0
416,6.0,6.0,0.0,3.0,4.0,0.0,3746.355,2826.055,39.784,33.403,33.271,9.281,0.0,0.0
417,6.0,6.0,0.0,4.0,5.0,0.0,3837.571,2855.994,-5.954,34.202,34.029,9.332,0.0,0.0
418,7.0,6.0,0.0,0.0,0.0,0.0,4511.824,2511.027,-16.491,33.424,33.314,9.29,0.0,0.0
419,7.0,6.0,0.0,1.0,1.0,0.0,4106.262,2769.051,1.297,33.98,33.4,9.296,0.0,0.0
420,7.0,6.0,0.0,2.0,2.0,0.0,4586.77,2783.67,32.794,33.713,33.598,9.287,0.0,0.0
421,7.0,6.0,0.0,3.0,3.0,0.0,4214.999,2813.285,74.485,33.47,33.33,9.298,0.0,0.0
422,8.0,6.0,0.0,0.0,0.0,0.0,5163.364,2587.227,-25.595,33.805,33.637,9.388,0.0,0.0
424,9.0,6.0,0.0,0.0,1.0,0.0,5294.232,2509.844,47.761,32.965,32.768,9.233,0.0,0.0
425,9.0,6.0,0.0,1.0,2.0,0.0,5354.594,2539.975,-34.053,32.675,32.23,9.285,0.0,0.0
428,9.0,6.0,0.0,4.0,5.0,0.0,5668.832,2699.591,88.19,34.144,34.116,9.418,0.0,0.0
431,0.0,7.0,0.0,0.0,0.0,0.0,127.703,2897.732,25.878,33.346,33.145,9.255,0.0,0.0
432,0.0,7.0,0.0,1.0,1.0,0.0,273.882,2922.626,-25.853,33.03,32.99,9.19,0.0,0.0
433,0.0,7.0,0.0,2.0,2.0,0.0,58.21,2960.106,13.022,33.604,33.405,9.245,0.0,0.0
434,0.0,7.0,0.0,3.0,3.0,0.0,485.684,3137.654,-11.39,33.505,33.341,9.305,0.0,0.0
435,0.0,7.0,0.0,4.0,4.0,0.0,580.472,3232.793,-15.354,34.54,34.263,9.411,0.0,0.0
436,0.0,7.0,0.0,5.0,5.0,0.0,74.283,3250.292,96.462,33.491,33.394,9.31,0.0,0.0
437,0.0,7.0,0.0,6.0,6.0,0.0,478.199,3273.703,-10.7,34.438,31.331,8.997,0.0,0.0
439,1.0,7.0,0.0,1.0,3.0,0.0,682.819,3058.677,-8.379,33.612,33.469,9.338,0.0,0.0
440,1.0,7.0,0.0,2.0,4.0,0.0,841.466,3075.821,93.256,33.147,33.1,9.221,0.0,0.0
441,1.0,7.0,0.0,3.0,5.0,0.0,725.781,3081.307,0.576,33.139,32.915,9.278,0.0,0.0
442,1.0,7.0,0.0,4.0,6.0,0.0,796.602,3088.371,23.373,33.377,32.718,9.2,0.0,0.0
443,1.0,7.0,0.0,5.0,7.0,0.0,817.09,3121.899,-8.726,33.114,33.048,9.21,0.0,0.0
444,1.0,7.0,0.0,6.0,8.0,0.0,652.873,3179.878,0.167,33.22,33.012,9.219,0.0,0.0
445,2.0,7.0,0.0,0.0,0.0,0.0,1241.725,2884.213,114.54,33.922,33.389,9.208,0.0,0.0
446,2.0,7.0,0.0,1.0,1.0,0.0,1291.991,2944.239,-42.946,33.363,33.15,9.258,0.0,0.0
447,2.0,7.0,0.0,2.0,2.0,0.0,1382.223,2971.442,132.026,33.389,33.305,9.284,0.0,0.0
448,2.0,7.0,0.0,3.0,3.0,0.0,1290.745,3018.535,-10.494,33.282,33.141,9.246,0.0,0.0
449,2.0,7.0,0.0,4.0,4.0,0.0,1619.466,3036.489,-4.667,33.356,33.264,9.273,0.0,0.0
450,2.0,7.0,0.0,5.0,5.0,0.0,1603.368,3152.198,109.522,33.251,32.984,9.22,0.0,0.0
451,2.0,7.0,0.0,6.0,6.0,0.0,1468.683,3209.383,-1.939,33.527,33.217,9.209,0.0,0.0
452,2.0,7.0,0.0,7.0,7.0,0.0,1381.734,3216.058,-22.007,33.643,33.453,9.34,0.0,0.0
457,3.0,7.0,0.0,4.0,5.0,0.0,2214.154,3241.074,48.377,33.77,33.739,9.314,0.0,0.0
458,4.0,7.0,0.0,0.0,1.0,0.0,2345.307,2940.477,49.845,33.571,33.399,9.493,0.0,0.0
459,4.0,7.0,0.0,1.0,2.0,0.0,2601.021,2946.038,-25.095,33.318,33.222,9.262,0.0,0.0
460,4.0,7.0,0.0,2.0,3.0,0.0,2505.072,3099.521,10.271,33.165,32.717,9.171,0.0,0.0
461,4.0,7.0,0.0,3.0,4.0,0.0,2753.878,3182.943,-17.782,33.412,33.179,9.27,0.0,0.0
462,4.0,7.0,0.0,4.0,6.0,0.0,2350.712,3226.964,-12.489,34.046,33.714,9.349,0.0,0.0
464,5.0,7.0,0.0,0.0,0.0,0.0,3416.479,2948.413,74.194,33.282,33.154,9.248,0.0,0.0
467,5.0,7.0,0.0,3.0,3.0,0.0,3417.298,3035.175,10.811,33.89,33.742,9.331,0.0,0.0
469,5.0,7.0,0.0,5.0,5.0,0.0,3294.063,3081.337,11.07,33.819,33.557,9.296,0.0,0.0
470,5.0,7.0,0.0,6.0,7.0,0.0,3015.59,3252.409,-33.357,33.692,33.527,9.357,0.0,0.0
471,5.0,7.0,0.0,7.0,8.0,0.0,3293.167,3258.478,-41.393,33.891,33.75,9.333,0.0,0.0
473,6.0,7.0,0.0,1.0,3.0,0.0,3663.252,3020.265,25.574,33.562,33.502,9.253,0.0,0.0
474,6.0,7.0,0.0,2.0,4.0,0.0,3869.539,3027.161,-23.305,32.989,32.815,9.243,0.0,0.0
476,6.0,7.0,0.0,4.0,6.0,0.0,3656.921,3132.948,28.524,33.535,33.511,9.25,0.0,0.0
477,6.0,7.0,0.0,5.0,7.0,0.0,3698.812,3180.915,20.909,33.176,33.119,9.228,0.0,0.0
479,6.0,7.0,0.0,7.0,9.0,0.0,3678.544,3274.565,-1.902,34.477,29.552,8.818,0.0,0.0
481,7.0,7.0,0.0,1.0,3.0,0.0,4586.55,3003.851,-32.625,33.872,33.774,9.333,0.0,0.0
482,7.0,7.0,0.0,2.0,5.0,0.0,4261.858,3027.715,-40.003,32.831,32.76,9.213,0.0,0.0
484,7.0,7.0,0.0,4.0,7.0,0.0,4163.004,3250.991,65.346,33.507,33.397,9.313,0.0,0.0
485,8.0,7.0,0.0,0.0,0.0,0.0,4861.15,2925.427,12.672,33.4,33.312,9.286,0.0,0.0
486,8.0,7.0,0.0,1.0,1.0,0.0,4861.854,3054.802,111.325,33.422,33.252,9.281,0.0,0.0
487,8.0,7.0,0.0,2.0,2.0,0.0,4999.761,3073.773,-28.056,33.236,33.14,9.158,0.0,0.0
489,8.0,7.0,0.0,4.0,4.0,0.0,5131.364,3149.603,23.474,34.006,33.69,9.34,0.0,0.0
491,9.0,7.0,0.0,1.0,2.0,0.0,5349.962,2973.766,95.07,33.166,33.085,9.222,0.0,0.0
492,9.0,7.0,0.0,2.0,3.0,0.0,5701.679,2976.812,-39.912,33.743,33.673,9.302,0.0,0.0
494,9.0,7.0,0.0,4.0,5.0,0.0,5616.053,3052.137,37.707,33.685,33.593,9.283,0.0,0.0
495,9.0,7.0,0.0,5.0,6.0,0.0,5395.707,3143.508,68.83,32.872,32.797,9.224,0.0,0.0
496,9.0,7.0,0.0,6.0,7.0,0.0,5342.647,3156.55,38.216,33.512,33.376,9.311,0.0,0.0
497,9.0,7.0,0.0,7.0,8.0,0.0,5686.328,3157.348,-29.307,33.809,33.766,9.323,0.0,0.0
500,0.0,8.0,0.0,2.0,4.0,0.0,405.441,3320.777,17.563,33.372,33.191,9.266,0.0,0.0
501,0.0,8.0,0.0,3.0,5.0,0.0,207.768,3343.184,64.033,33.266,33.081,9.236,0.0,0.0
502,0.0,8.0,0.0,4.0,6.0,0.0,487.238,3661.096,35.533,34.142,34.085,9.332,0.0,0.0
503,1.0,8.0,0.0,0.0,0.0,0.0,822.721,3412.755,-15.608,32.891,32.642,9.205,0.0,0.0
504,1.0,8.0,0.0,1.0,1.0,0.0,872.906,3452.532,91.689,33.357,33.295,9.278,0.0,0.0
505,1.0,8.0,0.0,2.0,2.0,0.0,1008.837,3477.008,-35.117,33.111,32.903,9.272,0.0,0.0
506,1.0,8.0,0.0,3.0,4.0,0.0,780.102,3632.148,-41.458,33.737,33.626,9.295,0.0,0.0
507,2.0,8.0,0.0,0.0,0.0,0.0,1712.018,3301.21,-33.599,33.954,33.79,9.347,0.0,0.0
508,2.0,8.0,0.0,1.0,2.0,0.0,1440.696,3394.943,76.167,32.854,32.818,9.224,0.0,0.0
510,2.0,8.0,0.0,3.0,4.0,0.0,1173.936,3479.579,31.232,33.039,32.699,9.15,0.0,0.0
511,2.0,8.0,0.0,4.0,5.0,0.0,1356.074,3536.291,88.41,33.478,33.418,9.312,0.0,0.0
515,3.0,8.0,0.0,2.0,2.0,0.0,1959.107,3384.493,23.175,33.49,33.309,9.298,0.0,0.0
516,3.0,8.0,0.0,3.0,3.0,0.0,2172.621,3498.564,14.744,33.614,33.534,9.347,0.0,0.0
517,3.0,8.0,0.0,4.0,4.0,0.0,2262.249,3545.903,131.758,34.276,34.076,9.431,0.0,0.0
518,3.0,8.0,0.0,5.0,5.0,0.0,2161.728,3633.381,94.371,33.675,33.547,9.275,0.0,0.0
519,4.0,8.0,0.0,0.0,0.0,0.0,2763.911,3313.7,113.951,33.709,33.613,9.289,0.0,0.0
520,4.0,8.0,0.0,1.0,1.0,0.0,2491.594,3326.329,66.248,33.367,32.985,9.236,0.0,0.0
521,4.0,8.0,0.0,2.0,2.0,0.0,2665.601,3457.002,50.559,33.887,33.824,9.342,0.0,0.0
522,4.0,8.0,0.0,3.0,3.0,0.0,2523.346,3486.891,-18.896,33.023,32.897,9.259,0.0,0.0
523,4.0,8.0,0.0,4.0,4.0,0.0,2766.272,3510.66,122.442,33.237,33.189,9.246,0.0,0.0
525,5.0,8.0,0.0,1.0,3.0,0.0,3249.905,3503.156,-35.556,33.57,33.366,9.317,0.0,0.0
526,5.0,8.0,0.0,2.0,4.0,0.0,3109.778,3512.554,1.898,33.679,33.363,9.333,0.0,0.0
527,5.0,8.0,0.0,3.0,5.0,0.0,3320.212,3554.907,-21.241,33.409,33.336,9.291,0.0,0.0
528,6.0,8.0,0.0,0.0,1.0,0.0,3825.405,3291.058,-10.59,33.484,33.449,9.317,0.0,0.0
529,6.0,8.0,0.0,1.0,2.0,0.0,3713.712,3296.273,43.713,33.401,33.142,9.263,0.0,0.0
530,6.0,8.0,0.0,2.0,3.0,0.0,3951.02,3305.853,70.476,33.327,33.255,9.268,0.0,0.0
531,6.0,8.0,0.0,3.0,5.0,0.0,3744.213,3393.89,-4.408,33.207,33.128,9.234,0.0,0.0
532,6.0,8.0,0.0,4.0,6.0,0.0,3552.779,3411.84,23.611,33.476,33.229,9.285,0.0,0.0
533,6.0,8.0,0.0,5.0,7.0,0.0,4011.283,3433.351,-2.642,33.69,33.608,9.285,0.0,0.0
534,6.0,8.0,0.0,6.0,8.0,0.0,3810.725,3549.894,68.594,32.979,32.624,9.214,0.0,0.0
535,6.0,8.0,0.0,7.0,9.0,0.0,3539.225,3592.925,23.898,35.816,35.697,9.617,0.0,0.0
536,6.0,8.0,0.0,8.0,10.0,0.0,3646.915,3609.088,11.847,33.472,33.237,9.286,0.0,0.0
537,7.0,8.0,0.0,0.0,1.0,0.0,4440.337,3281.125,-5.59,33.384,33.129,9.259,0.0,0.0
538,7.0,8.0,0.0,1.0,2.0,0.0,4581.873,3412.724,127.296,33.571,33.501,9.336,0.0,0.0
540,7.0,8.0,0.0,3.0,3.0,0.0,4117.726,3640.99,-24.52,33.446,33.207,9.536,0.0,0.0
541,8.0,8.0,0.0,0.0,0.0,0.0,5002.366,3335.243,80.065,33.435,33.253,9.283,0.0,0.0
542,8.0,8.0,0.0,1.0,1.0,0.0,5049.625,3394.146,122.082,34.183,34.085,9.338,0.0,0.0
543,8.0,8.0,0.0,2.0,2.0,0.0,5166.425,3431.876,4.985,34.164,34.036,9.41,0.0,0.0
545,8.0,8.0,0.0,4.0,4.0,0.0,4715.643,3532.941,12.604,33.396,33.319,9.287,0.0,0.0
546,8.0,8.0,0.0,5.0,5.0,0.0,4902.133,3548.477,69.78,33.131,33.074,9.216,0.0,0.0
547,8.0,8.0,0.0,6.0,6.0,0.0,5138.892,3563.563,52.2,33.655,33.439,9.339,0.0,0.0
549,9.0,8.0,0.0,0.0,0.0,0.0,5299.483,3287.267,64.237,33.745,33.51,9.279,0.0,0.0
550,9.0,8.0,0.0,1.0,1.0,0.0,5620.435,3365.088,15.349,33.465,33.303,9.294,0.0,0.0
551,9.0,8.0,0.0,2.0,2.0,0.0,5389.175,3370.442,43.586,33.43,33.28,9.286,0.0,0.0
553,9.0,8.0,0.0,4.0,4.0,0.0,5623.539,3404.869,53.447,12.766,12.435,5.728,0.0,0.0
554,9.0,8.0,0.0,5.0,5.0,0.0,5771.123,3415.86,92.17,35.924,28.655,8.799,0.0,0.0
555,9.0,8.0,0.0,6.0,6.0,0.0,5502.61,3419.233,20.745,33.28,33.187,9.252,0.0,0.0
556,9.0,8.0,0.0,7.0,7.0,0.0,5668.556,3418.413,-43.369,13.014,12.807,5.869,0.0,0.0
558,9.0,8.0,0.0,9.0,9.0,0.0,5405.001,3515.219,32.425,33.625,33.429,9.334,0.0,0.0
559,9.0,8.0,0.0,10.0,10.0,0.0,5321.337,3555.587,39.959,33.025,32.802,9.163,0.0,0.0
561,0.0,9.0,0.0,1.0,2.0,0.0,307.771,3764.857,61.373,33.359,32.667,9.028,0.0,0.0
562,0.0,9.0,0.0,2.0,3.0,0.0,264.459,3792.413,72.332,33.803,33.618,9.302,0.0,0.0
563,0.0,9.0,0.0,3.0,4.0,0.0,456.285,3885.488,27.173,33.627,33.48,9.341,0.0,0.0
564,0.0,9.0,0.0,4.0,5.0,0.0,272.327,3918.661,-44.237,30.405,30.395,8.868,0.0,0.0
565,0.0,9.0,0.0,5.0,6.0,0.0,520.368,3941.487,6.072,12.136,12.013,5.625,0.0,0.0
569,1.0,9.0,0.0,0.0,1.0,0.0,684.055,4031.671,29.66,14.858,14.269,6.069,0.0,0.0
570,1.0,9.0,0.0,1.0,2.0,0.0,597.271,4083.24,-13.197,33.793,33.504,9.285,0.0,0.0
571,2.0,9.0,0.0,0.0,1.0,0.0,1529.469,3866.143,83.007,33.301,32.955,9.223,0.0,0.0
572,2.0,9.0,0.0,1.0,2.0,0.0,1298.648,3909.894,6.159,33.26,33.03,9.227,0.0,0.0
575,2.0,9.0,0.0,4.0,5.0,0.0,1580.504,3976.302,62.471,33.657,33.535,9.271,0.0,0.0
576,2.0,9.0,0.0,5.0,6.0,0.0,1376.71,4061.738,66.205,33.517,33.374,9.229,0.0,0.0
577,2.0,9.0,0.0,6.0,7.0,0.0,1657.827,4089.189,-2.047,34.584,31.881,9.172,0.0,0.0
578,3.0,9.0,0.0,0.0,0.0,0.0,1832.705,3691.941,-43.315,33.693,33.553,9.278,0.0,0.0
581,3.0,9.0,0.0,3.0,4.0,0.0,1847.165,3910.612,-2.626,33.34,33.267,9.272,0.0,0.0
582,3.0,9.0,0.0,4.0,5.0,0.0,2173.016,3941.968,22.331,33.196,32.97,9.21,0.0,0.0
583,3.0,9.0,0.0,5.0,6.0,0.0,2122.544,3948.638,18.379,33.885,33.798,9.339,0.0,0.0
584,3.0,9.0,0.0,6.0,7.0,0.0,1897.282,4007.685,-33.687,33.886,33.714,9.327,0.0,0.0
586,4.0,9.0,0.0,0.0,0.0,0.0,2824.616,3704.438,-35.8,33.395,33.238,9.275,0.0,0.0
587,4.0,9.0,0.0,1.0,1.0,0.0,2690.462,3790.57,52.139,33.347,32.971,9.231,0.0,0.0
588,4.0,9.0,0.0,2.0,2.0,0.0,2338.777,3806.718,20.374,33.288,33.014,9.229,0.0,0.0
589,4.0,9.0,0.0,3.0,3.0,0.0,2354.004,3894.789,46.102,33.356,33.326,9.282,0.0,0.0
590,4.0,9.0,0.0,4.0,4.0,0.0,2449.901,4020.288,57.677,33.52,33.285,9.299,0.0,0.0
593,5.0,9.0,0.0,2.0,2.0,0.0,3300.538,3927.501,31.161,33.57,33.461,9.248,0.0,0.0
594,5.0,9.0,0.0,3.0,3.0,0.0,3088.914,3993.481,84.786,33.516,33.256,9.213,0.0,0.0
595,6.0,9.0,0.0,0.0,0.0,0.0,3754.49,3815.716,33.828,33.597,33.496,9.339,0.0,0.0
596,6.0,9.0,0.0,1.0,1.0,0.0,3888.336,3949.741,49.156,33.754,33.698,9.307,0.0,0.0
597,6.0,9.0,0.0,2.0,2.0,0.0,3691.793,3993.939,86.868,33.213,32.805,9.189,0.0,0.0
598,6.0,9.0,0.0,3.0,3.0,0.0,3744.463,4085.868,99.471,33.76,33.491,9.279,0.0,0.0
599,7.0,9.0,0.0,0.0,0.0,0.0,4276.23,3713.09,79.873,33.559,33.241,9.298,0.0,0.0
600,7.0,9.0,0.0,1.0,1.0,0.0,4369.773,3873.678,39.555,33.554,33.409,9.321,0.0,0.0
602,7.0,9.0,0.0,3.0,3.0,0.0,4414.817,3924.892,24.77,33.263,33.084,9.235,0.0,0.0
603,7.0,9.0,0.0,4.0,4.0,0.0,4218.975,3932.968,52.469,33.153,33.132,9.227,0.0,0.0
604,7.0,9.0,0.0,5.0,5.0,0.0,4296.515,4009.752,65.374,34.101,33.785,9.285,0.0,0.0
607,8.0,9.0,0.0,1.0,1.0,0.0,5078.659,3931.64,-12.168,33.468,33.407,9.309,0.0,0.0
608,8.0,9.0,0.0,2.0,2.0,0.0,5086.325,3976.843,89.728,33.86,33.762,9.33,0.0,0.0
609,8.0,9.0,0.0,3.0,4.0,0.0,4646.577,4070.862,-35.047,33.902,33.86,9.349,0.0,0.0
611,9.0,9.0,0.0,0.0,0.0,0.0,5498.944,3708.223,-41.168,33.383,33.291,9.281,0.0,0.0
612,9.0,9.0,0.0,1.0,1.0,0.0,5412.467,3767.239,55.474,34.176,33.957,9.4,0.0,0.0
615,0.0,10.0,0.0,1.0,3.0,0.0,299.461,4286.625,-16.998,33.039,33.013,9.278,0.0,0.0
616,0.0,10.0,0.0,2.0,4.0,0.0,354.598,4307.669,6.246,33.155,32.884,9.276,0.0,0.0
618,0.0,10.0,0.0,4.0,6.0,0.0,387.324,4344.551,52.185,33.79,33.606,9.299,0.0,0.0
619,0.0,10.0,0.0,5.0,7.0,0.0,456.912,4364.73,-43.868,33.59,33.401,9.243,0.0,0.0
620,0.0,10.0,0.0,6.0,8.0,0.0,439.82,4400.87,-30.649,34.219,33.284,9.235,0.0,0.0
621,0.0,10.0,0.0,7.0,9.0,0.0,58.486,4418.339,124.868,33.469,33.351,9.301,0.0,0.0
626,2.0,10.0,0.0,0.0,1.0,0.0,1736.371,4121.173,90.518,34.486,32.981,9.226,0.0,0.0
627,2.0,10.0,0.0,1.0,2.0,0.0,1196.818,4149.999,26.922,33.279,32.765,9.193,0.0,0.0
628,2.0,10.0,0.0,2.0,3.0,0.0,1328.298,4157.169,34.068,33.155,33.042,9.214,0.0,0.0
629,2.0,10.0,0.0,3.0,4.0,0.0,1234.81,4280.078,117.173,33.71,33.673,9.297,0.0,0.0
630,2.0,10.0,0.0,4.0,5.0,0.0,1395.342,4324.119,130.38,33.383,33.222,9.271,0.0,0.0
631,2.0,10.0,0.0,5.0,6.0,0.0,1298.93,4423.493,5.155,32.687,32.527,9.16,0.0,0.0
633,3.0,10.0,0.0,1.0,0.0,0.0,2077.336,4098.753,30.166,34.459,32.767,9.355,0.0,0.0
636,3.0,10.0,0.0,4.0,4.0,0.0,2289.767,4179.477,-37.779,33.624,33.418,9.332,0.0,0.0
638,3.0,10.0,0.0,6.0,6.0,0.0,2140.347,4302.342,37.542,33.165,33.04,9.216,0.0,0.0
639,3.0,10.0,0.0,7.0,7.0,0.0,2066.503,4458.209,55.64,33.859,33.761,9.33,0.0,0.0
640,3.0,10.0,0.0,8.0,8.0,0.0,1978.025,4494.087,96.195,33.498,33.41,9.231,0.0,0.0
641,4.0,10.0,0.0,0.0,0.0,0.0,2776.848,4126.141,115.512,34.005,33.709,9.343,0.0,0.0
642,4.0,10.0,0.0,1.0,1.0,0.0,2634.726,4132.667,23.662,33.438,33.143,9.268,0.0,0.0
644,4.0,10.0,0.0,3.0,3.0,0.0,2561.159,4259.906,6.54,33.784,33.69,9.31,0.0,0.0
645,4.0,10.0,0.0,4.0,4.0,0.0,2438.051,4401.518,22.86,33.066,32.967,9.192,0.0,0.0
646,4.0,10.0,0.0,5.0,5.0,0.0,2528.725,4438.856,50.052,29.996,29.612,8.781,0.0,0.0
647,5.0,10.0,0.0,0.0,0.0,0.0,3325.561,4190.533,30.753,33.073,32.864,9.261,0.0,0.0
648,5.0,10.0,0.0,1.0,1.0,0.0,3387.762,4235.716,-9.224,33.67,33.267,9.318,0.0,0.0
650,5.0,10.0,0.0,3.0,3.0,0.0,3222.706,4290.474,79.189,33.265,33.121,9.241,0.0,0.0
651,5.0,10.0,0.0,4.0,4.0,0.0,3323.321,4405.964,4.012,33.809,33.738,9.32,0.0,0.0
653,6.0,10.0,0.0,0.0,1.0,0.0,3610.195,4246.725,26.441,33.266,33.167,9.247,0.0,0.0
654,6.0,10.0,0.0,1.0,2.0,0.0,3652.044,4265.272,15.742,33.2,33.155,9.236,0.0,0.0
656,6.0,10.0,0.0,3.0,4.0,0.0,3607.863,4380.269,4.802,33.511,32.936,9.167,0.0,0.0
658,6.0,10.0,0.0,5.0,6.0,0.0,3745.624,4476.415,13.716,34.229,34.05,9.421,0.0,0.0
659,7.0,10.0,0.0,0.0,0.0,0.0,4340.538,4172.36,15.725,33.533,33.426,9.321,0.0,0.0
660,7.0,10.0,0.0,1.0,1.0,0.0,4385.723,4182.096,23.222,33.345,32.812,9.21,0.0,0.0
661,7.0,10.0,0.0,2.0,2.0,0.0,4523.202,4311.224,79.11,33.831,33.71,9.319,0.0,0.0
662,7.0,10.0,0.0,3.0,3.0,0.0,4617.99,4351.825,93.326,34.555,30.633,8.978,0.0,0.0
663,7.0,10.0,0.0,4.0,4.0,0.0,4239.597,4353.303,-6.248,33.556,33.442,9.326,0.0,0.0
664,7.0,10.0,0.0,5.0,5.0,0.0,4121.541,4371.226,39.134,33.943,33.747,9.339,0.0,0.0
665,8.0,10.0,0.0,0.0,3.0,0.0,4904.827,4160.616,112.9,33.42,33.357,9.295,0.0,0.0
666,8.0,10.0,0.0,1.0,4.0,0.0,4920.94,4236.702,49.408,33.353,33.264,9.273,0.0,0.0
667,8.0,10.0,0.0,2.0,5.0,0.0,5153.795,4300.622,-26.551,33.845,33.467,9.288,0.0,0.0
668,8.0,10.0,0.0,3.0,6.0,0.0,4656.599,4311.182,-8.157,33.719,33.64,9.376,0.0,0.0
669,8.0,10.0,0.0,4.0,8.0,0.0,4925.634,4379.769,101.094,33.647,33.586,9.359,0.0,0.0
670,8.0,10.0,0.0,5.0,9.0,0.0,5139.906,4396.174,101.247,33.971,33.859,9.358,0.0,0.0
671,9.0,10.0,0.0,0.0,1.0,0.0,5641.358,4151.774,55.577,33.394,33.363,9.292,0.0,0.0
672,9.0,10.0,0.0,1.0,2.0,0.0,5540.434,4212.067,60.153,32.922,32.738,9.139,0.0,0.0
673,9.0,10.0,0.0,2.0,3.0,0.0,5402.777,4233.826,84.795,33.269,33.208,9.254,0.0,0.0
675,0.0,11.0,0.0,1.0,5.0,0.0,82.369,4770.681,50.575,33.402,33.383,9.296,0.0,0.0
676,0.0,11.0,0.0,2.0,6.0,0.0,408.788,4784.764,106.097,33.809,33.586,9.299,0.0,0.0
677,0.0,11.0,0.0,3.0,7.0,0.0,25.198,4885.482,19.301,34.368,34.307,9.393,0.0,0.0
678,1.0,11.0,0.0,0.0,0.0,0.0,1131.784,4539.721,67.083,33.589,33.375,9.239,0.0,0.0
679,1.0,11.0,0.0,1.0,1.0,0.0,717.696,4604.905,4.761,32.848,32.776,9.218,0.0,0.0
680,1.0,11.0,0.0,2.0,2.0,0.0,1035.996,4663.448,-40.801,33.368,33.193,9.265,0.0,0.0
681,1.0,11.0,0.0,3.0,4.0,0.0,902.781,4762.069,-11.593,33.37,33.268,9.276,0.0,0.0
682,2.0,11.0,0.0,0.0,0.0,0.0,1673.028,4622.737,-25.922,33.379,33.16,9.262,0.0,0.0
683,2.0,11.0,0.0,1.0,2.0,0.0,1290.552,4734.295,17.989,33.331,33.09,9.246,0.0,0.0
684,2.0,11.0,0.0,2.0,3.0,0.0,1644.213,4767.249,-2.156,33.26,33.026,9.227,0.0,0.0
685,2.0,11.0,0.0,3.0,4.0,0.0,1517.191,4843.747,67.266,33.032,32.953,9.185,0.0,0.0
686,2.0,11.0,0.0,4.0,5.0,0.0,1181.078,4893.675,-41.056,33.576,33.248,9.22,0.0,0.0
687,2.0,11.0,0.0,5.0,6.0,0.0,1289.899,4898.734,128.206,34.543,34.38,9.427,0.0,0.0
688,2.0,11.0,0.0,6.0,7.0,0.0,1536.202,4901.674,17.756,34.026,33.818,9.361,0.0,0.0
690,3.0,11.0,0.0,1.0,3.0,0.0,2247.164,4802.138,66.025,34.149,34.064,9.33,0.0,0.0
691,3.0,11.0,0.0,2.0,4.0,0.0,2104.662,4848.736,9.859,33.592,33.516,9.259,0.0,0.0
692,4.0,11.0,0.0,0.0,0.0,0.0,2608.335,4514.301,90.097,33.488,33.423,9.314,0.0,0.0
693,4.0,11.0,0.0,1.0,1.0,0.0,2589.705,4609.045,2.218,33.309,33.198,9.258,0.0,0.0
694,4.0,11.0,0.0,2.0,2.0,0.0,2462.908,4621.62,8.741,33.311,33.117,9.247,0.0,0.0
695,4.0,11.0,0.0,3.0,3.0,0.0,2644.556,4748.204,-17.765,33.715,33.231,9.32,0.0,0.0
696,4.0,11.0,0.0,4.0,5.0,0.0,2609.983,4770.932,47.608,33.607,33.41,9.246,0.0,0.0
697,4.0,11.0,0.0,5.0,6.0,0.0,2402.966,4885.914,115.529,33.714,33.629,9.291,0.0,0.0
699,5.0,11.0,0.0,1.0,1.0,0.0,3273.744,4515.069,94.614,33.446,33.36,9.299,0.0,0.0
700,5.0,11.0,0.0,2.0,2.0,0.0,3041.023,4525.988,8.288,33.155,32.951,9.202,0.0,0.0
701,5.0,11.0,0.0,3.0,3.0,0.0,3011.209,4544.316,25.282,33.737,33.169,9.314,0.0,0.0
702,5.0,11.0,0.0,4.0,4.0,0.0,2935.786,4568.163,10.263,33.416,33.21,9.274,0.0,0.0
703,5.0,11.0,0.0,5.0,5.0,0.0,3415.795,4639.494,9.26,32.955,32.796,9.236,0.0,0.0
704,5.0,11.0,0.0,6.0,6.0,0.0,3076.74,4668.163,22.193,33.451,33.227,9.282,0.0,0.0
705,5.0,11.0,0.0,7.0,7.0,0.0,3142.911,4786.628,86.713,33.654,33.451,9.341,0.0,0.0
706,6.0,11.0,0.0,0.0,1.0,0.0,3914.177,4506.756,-4.673,33.505,33.275,9.296,0.0,0.0
708,6.0,11.0,0.0,2.0,4.0,0.0,3988.998,4683.498,40.322,33.122,33.036,9.209,0.0,0.0
709,6.0,11.0,0.0,3.0,5.0,0.0,3850.017,4742.366,29.918,33.537,33.49,9.33,0.0,0.0
710,6.0,11.0,0.0,4.0,6.0,0.0,3664.307,4761.032,20.749,33.048,32.928,9.267,0.0,0.0
711,6.0,11.0,0.0,5.0,7.0,0.0,3623.843,4803.225,-18.379,33.698,32.086,9.425,0.0,0.0
712,6.0,11.0,0.0,6.0,9.0,0.0,3957.341,4837.688,20.324,33.728,33.526,9.279,0.0,0.0
713,7.0,11.0,0.0,0.0,0.0,0.0,4402.743,4530.762,97.899,33.132,33.056,9.213,0.0,0.0
716,7.0,11.0,0.0,3.0,4.0,0.0,4617.438,4628.351,93.955,34.326,31.383,9.058,0.0,0.0
717,7.0,11.0,0.0,4.0,5.0,0.0,4467.59,4700.657,14.553,33.777,33.694,9.309,0.0,0.0
718,7.0,11.0,0.0,5.0,6.0,0.0,4145.966,4782.475,31.967,33.405,33.281,9.283,0.0,0.0
719,7.0,11.0,0.0,6.0,7.0,0.0,4395.041,4798.611,23.82,33.379,33.27,9.277,0.0,0.0
722,7.0,11.0,0.0,9.0,10.0,0.0,4525.602,4901.707,81.594,33.929,33.903,9.278,0.0,0.0
723,8.0,11.0,0.0,0.0,0.0,0.0,4692.125,4599.455,54.183,33.778,33.658,9.304,0.0,0.0
724,8.0,11.0,0.0,1.0,1.0,0.0,4806.815,4623.742,13.852,33.142,33.03,9.211,0.0,0.0
725,8.0,11.0,0.0,2.0,3.0,0.0,4745.153,4698.522,16.015,33.545,33.465,9.328,0.0,0.0
727,8.0,11.0,0.0,4.0,5.0,0.0,4966.852,4898.018,-11.848,33.912,33.811,9.344,0.0,0.0
729,9.0,11.0,0.0,0.0,0.0,0.0,5525.684,4591.661,49.295,34.026,33.328,9.293,0.0,0.0
730,9.0,11.0,0.0,1.0,1.0,0.0,5371.382,4601.191,12.336,33.446,33.324,9.294,0.0,0.0
731,9.0,11.0,0.0,2.0,2.0,0.0,5243.627,4619.751,-13.156,33.692,33.548,9.36,0.0,0.0
732,9.0,11.0,0.0,3.0,3.0,0.0,5243.237,4905.556,-27.294,34.861,30.272,8.992,0.0,0.0
733,0.0,12.0,0.0,0.0,1.0,0.0,326.887,5026.967,130.635,33.176,33.174,9.236,0.0,0.0
734,0.0,12.0,0.0,1.0,2.0,0.0,289.074,5052.93,-41.201,32.92,32.774,9.227,0.0,0.0
735,0.0,12.0,0.0,2.0,3.0,0.0,502.276,5062.918,91.071,33.282,33.075,9.237,0.0,0.0
736,0.0,12.0,0.0,3.0,4.0,0.0,572.346,5070.097,6.444,33.609,33.42,9.331,0.0,0.0
737,0.0,12.0,0.0,4.0,5.0,0.0,429.393,5092.293,122.963,33.416,33.019,9.248,0.0,0.0
738,0.0,12.0,0.0,5.0,6.0,0.0,36.878,5119.195,128.969,34.433,33.362,9.274,0.0,0.0
739,0.0,12.0,0.0,6.0,7.0,0.0,207.944,5154.72,29.492,33.646,33.253,9.23,0.0,0.0
740,0.0,12.0,0.0,7.0,8.0,0.0,46.838,5159.504,69.928,33.524,33.39,9.314,0.0,0.0
741,0.0,12.0,0.0,8.0,9.0,0.0,372.229,5275.435,-35.006,33.769,33.711,9.31,0.0,0.0
742,1.0,12.0,0.0,0.0,1.0,0.0,960.977,5060.06,27.04,33.114,32.854,9.266,0.0,0.0
744,1.0,12.0,0.0,2.0,4.0,0.0,727.246,5154.236,77.755,32.971,32.795,9.155,0.0,0.0
745,1.0,12.0,0.0,3.0,6.0,0.0,1052.333,5226.157,-0.112,33.597,33.508,9.341,0.0,0.0
746,2.0,12.0,0.0,0.0,3.0,0.0,1376.699,4982.55,25.673,33.524,33.514,9.332,0.0,0.0
747,2.0,12.0,0.0,1.0,4.0,0.0,1405.374,5165.322,55.753,33.312,33.11,9.246,0.0,0.0
748,2.0,12.0,0.0,2.0,5.0,0.0,1494.13,5224.854,100.012,33.625,33.523,9.265,0.0,0.0
749,3.0,12.0,0.0,0.0,0.0,0.0,1828.901,5080.387,0.66,33.83,33.773,9.327,0.0,0.0
750,3.0,12.0,0.0,1.0,1.0,0.0,1972.492,5248.041,-34.232,33.227,33.196,9.246,0.0,0.0
751,3.0,12.0,0.0,2.0,2.0,0.0,1806.423,5251.341,-26.301,33.477,33.288,9.294,0.0,0.0
752,4.0,12.0,0.0,0.0,1.0,0.0,2868.592,4928.869,-36.107,33.783,33.6,9.297,0.0,0.0
753,4.0,12.0,0.0,1.0,2.0,0.0,2347.572,4939.47,71.928,33.37,33.143,9.259,0.0,0.0
754,4.0,12.0,0.0,2.0,3.0,0.0,2697.624,4974.4,124.03,33.243,33.109,9.236,0.0,0.0
755,4.0,12.0,0.0,3.0,4.0,0.0,2776.076,4990.535,-22.286,33.268,33.17,9.248,0.0,0.0
756,4.0,12.0,0.0,4.0,5.0,0.0,2458.49,5032.699,58.217,33.521,33.354,9.309,0.0,0.0
758,4.0,12.0,0.0,6.0,7.0,0.0,2526.131,5144.814,39.987,33.194,33.133,9.233,0.0,0.0
759,4.0,12.0,0.0,7.0,8.0,0.0,2428.678,5181.792,125.062,34.26,34.179,9.361,0.0,0.0
760,4.0,12.0,0.0,8.0,9.0,0.0,2661.669,5252.952,70.55,33.669,33.6,9.364,0.0,0.0
761,4.0,12.0,0.0,9.0,10.0,0.0,2536.281,5298.414,46.74,33.571,33.485,9.252,0.0,0.0
762,5.0,12.0,0.0,0.0,2.0,0.0,2953.42,4998.428,-3.321,34.066,33.811,9.366,0.0,0.0
765,5.0,12.0,0.0,3.0,5.0,0.0,3297.151,5265.674,-43.809,33.836,33.719,9.321,0.0,0.0
766,5.0,12.0,0.0,4.0,6.0,0.0,3352.227,5296.826,20.164,34.098,33.938,9.306,0.0,0.0
767,6.0,12.0,0.0,0.0,1.0,0.0,3593.41,4969.217,54.496,33.696,33.567,9.363,0.0,0.0
768,6.0,12.0,0.0,1.0,2.0,0.0,3796.814,5242.379,12.055,33.527,33.473,9.326,0.0,0.0
769,7.0,12.0,0.0,0.0,1.0,0.0,4514.109,4947.581,-20.701,33.259,32.975,9.22,0.0,0.0
770,7.0,12.0,0.0,1.0,2.0,0.0,4465.114,4984.046,35.072,33.817,33.754,9.242,0.0,0.0
771,7.0,12.0,0.0,2.0,3.0,0.0,4349.215,4999.982,7.096,33.389,33.244,9.275,0.0,0.0
772,7.0,12.0,0.0,3.0,4.0,0.0,4081.976,5109.961,26.08,33.4,33.239,9.276,0.0,0.0
773,7.0,12.0,0.0,4.0,5.0,0.0,4373.27,5229.951,76.206,33.526,33.431,9.32,0.0,0.0
774,7.0,12.0,0.0,5.0,6.0,0.0,4087.682,5297.374,43.883,34.194,34.067,9.418,0.0,0.0
776,8.0,12.0,0.0,1.0,3.0,0.0,4695.497,5042.374,54.784,33.118,32.95,9.197,0.0,0.0
777,8.0,12.0,0.0,2.0,4.0,0.0,4955.603,5271.076,-13.052,34.187,34.032,9.412,0.0,0.0
778,8.0,12.0,0.0,3.0,5.0,0.0,4763.603,5282.217,-6.137,33.508,33.353,9.392,0.0,0.0
782,0.0,0.0,0.0,0.0,0.0,0.0,302.721,391.379,-20.403,32.93,32.125,27.742,4.0,
783,0.0,0.0,0.0,0.0,0.0,0.0,295.94,379.738,125.931,33.153,32.492,27.958,4.0,
69,0.0,1.0,0.0,6.0,7.0,0.0,554.475,668.691,102.297,12.018,11.92,5.575,0.0,0.0
784,0.0,1.0,0.0,0.0,0.0,0.0,447.867,831.665,96.017,35.377,33.215,28.847,4.0,
785,0.0,8.0,0.0,0.0,0.0,0.0,466.775,3307.794,13.887,34.069,33.031,28.452,4.0,
786,1.0,5.0,0.0,0.0,0.0,0.0,1015.211,2461.971,76.871,34.216,32.962,26.352,4.0,
787,1.0,6.0,0.0,0.0,0.0,0.0,719.847,2471.178,100.515,33.081,32.543,27.911,4.0,
788,1.0,6.0,0.0,0.0,0.0,0.0,737.303,2490.221,-7.265,33.407,33.13,28.298,4.0,
790,1.0,8.0,0.0,0.0,0.0,0.0,1159.251,3663.123,-41.15,33.846,33.309,26.43,4.0,
791,1.0,8.0,0.0,0.0,0.0,0.0,1136.023,3643.982,89.106,33.892,33.044,28.436,4.0,
793,1.0,12.0,0.0,0.0,0.0,0.0,993.64,5168.631,7.882,33.675,32.707,28.251,4.0,
794,1.0,12.0,0.0,0.0,0.0,0.0,977.871,5185.324,117.538,34.016,32.889,28.374,4.0,
795,2.0,3.0,0.0,0.0,0.0,0.0,1475.957,1568.078,54.857,33.534,33.016,28.298,4.0,
796,2.0,3.0,0.0,0.0,0.0,0.0,1473.835,1540.304,97.86,34.167,32.255,27.897,4.0,
797,2.0,5.0,0.0,0.0,0.0,0.0,1588.336,2162.264,-2.424,33.727,32.519,28.068,4.0,
798,2.0,5.0,0.0,0.0,0.0,0.0,1602.023,2159.099,107.699,33.857,33.158,28.514,4.0,
799,2.0,5.0,0.0,0.0,0.0,0.0,1460.994,2463.763,95.711,33.979,33.442,28.601,4.0,
801,2.0,6.0,0.0,0.0,0.0,0.0,1603.575,2634.539,66.858,33.276,32.373,27.859,4.0,
802,2.0,6.0,0.0,0.0,0.0,0.0,1591.284,2619.442,31.743,33.479,32.913,28.178,4.0,
804,3.0,0.0,0.0,0.0,0.0,0.0,1742.597,414.551,18.521,33.575,32.73,28.176,4.0,
806,3.0,1.0,0.0,0.0,0.0,0.0,2178.751,591.734,49.58,33.132,31.429,27.643,4.0,
807,3.0,1.0,0.0,0.0,0.0,0.0,2172.789,597.769,63.884,33.753,33.011,28.435,4.0,
809,3.0,5.0,0.0,0.0,0.0,0.0,1874.686,2057.459,87.046,34.083,32.794,26.241,4.0,
810,3.0,5.0,0.0,0.0,0.0,0.0,1878.619,2075.906,97.532,33.556,32.714,28.156,4.0,
811,3.0,6.0,0.0,0.0,0.0,0.0,2182.338,2854.878,106.067,34.43,33.484,28.857,4.0,
812,3.0,6.0,0.0,0.0,0.0,0.0,2193.389,2830.336,27.415,33.136,33.032,28.144,4.0,
813,4.0,1.0,0.0,0.0,0.0,0.0,2728.101,799.749,129.437,35.409,32.703,28.76,4.0,
814,4.0,2.0,0.0,0.0,0.0,0.0,2399.006,1172.106,-39.396,34.095,31.533,28.095,4.0,
816,4.0,11.0,0.0,0.0,0.0,0.0,2409.147,4759.093,7.453,33.843,33.464,28.625,4.0,
817,4.0,11.0,0.0,0.0,0.0,0.0,2381.526,4762.923,-28.808,33.751,32.42,28.152,4.0,
818,5.0,2.0,0.0,0.0,0.0,0.0,3125.814,1060.444,93.736,33.159,31.841,27.795,4.0,
819,5.0,2.0,0.0,0.0,0.0,0.0,3142.015,1063.222,24.588,34.048,32.659,28.236,4.0,
820,5.0,12.0,0.0,0.0,0.0,0.0,3248.974,4959.429,26.738,33.491,33.12,28.341,4.0,
821,6.0,0.0,0.0,0.0,0.0,0.0,4045.151,177.089,12.954,33.387,32.484,25.876,4.0,
823,6.0,5.0,0.0,0.0,0.0,0.0,3553.843,2307.662,128.944,33.429,33.154,28.305,4.0,
824,6.0,5.0,0.0,0.0,0.0,0.0,3570.998,2290.65,66.817,33.172,32.016,25.692,4.0,
826,7.0,0.0,0.0,0.0,0.0,0.0,4354.948,82.161,90.437,33.503,33.079,28.339,4.0,
827,7.0,0.0,0.0,0.0,0.0,0.0,4343.235,75.046,13.384,33.091,32.5,27.816,4.0,
828,7.0,9.0,0.0,0.0,0.0,0.0,4623.747,4032.981,22.229,34.518,33.207,28.748,4.0,
830,7.0,11.0,0.0,0.0,0.0,0.0,4058.711,4588.6,107.549,33.474,33.057,26.185,4.0,
831,8.0,5.0,0.0,0.0,0.0,0.0,5018.059,2149.868,90.032,34.255,32.477,28.278,4.0,
832,8.0,5.0,0.0,0.0,0.0,0.0,4873.425,2056.942,29.203,33.613,32.78,28.278,4.0,
833,8.0,8.0,0.0,0.0,0.0,0.0,4891.022,3581.962,97.562,33.406,32.681,28.231,4.0,
834,8.0,8.0,0.0,0.0,0.0,0.0,4912.487,3591.198,-16.455,33.463,32.41,27.988,4.0,
835,8.0,9.0,0.0,0.0,0.0,0.0,5200.125,3802.992,-3.354,34.709,32.981,28.591,4.0,
490,9.0,7.0,0.0,0.0,1.0,0.0,5463.89,2950.196,-35.819,33.479,33.406,9.31,0.0,0.0
</ResultDatas>,,,,,,,,,,,,,,
<ElementResult>,,,,,,,,,,,,,,
0,1.0,,,,,,,,,,,,,
1,1.0,,,,,,,,,,,,,
2,0.0,,,,,,,,,,,,,
3,7.0,,,,,,,,,,,,,
4,2.0,,,,,,,,,,,,,
5,623.0,,,,,,,,,,,,,
</ElementResult>,,,,,,,,,,,,,,
0,0.0,0.0,0.0,0.0,0.0,0.0,435.076,25.082,118.215,33.787,33.576,9.294,0.0,0.0
2,0.0,0.0,0.0,2.0,2.0,0.0,132.657,59.277,41.875,33.771,33.513,9.283,0.0,0.0
3,0.0,0.0,0.0,3.0,3.0,0.0,383.651,136.683,130.476,33.811,33.673,9.311,0.0,0.0
4,0.0,0.0,0.0,4.0,4.0,0.0,382.022,365.417,5.948,33.329,33.288,9.273,0.0,0.0
5,1.0,0.0,0.0,0.0,3.0,0.0,691.243,42.544,90.631,33.892,33.572,9.308,0.0,0.0
6,1.0,0.0,0.0,1.0,4.0,0.0,1140.261,278.441,110.216,33.841,33.765,9.328,0.0,0.0
7,1.0,0.0,0.0,2.0,5.0,0.0,1095.222,354.272,19.692,34.227,34.041,9.419,0.0,0.0
8,2.0,0.0,0.0,0.0,0.0,0.0,1703.196,29.486,130.868,33.909,33.768,9.337,0.0,0.0
9,2.0,0.0,0.0,1.0,1.0,0.0,1617.274,161.219,78.247,33.406,33.366,9.295,0.0,0.0
12,2.0,0.0,0.0,4.0,6.0,0.0,1367.457,369.414,19.527,33.52,33.304,9.302,0.0,0.0
13,2.0,0.0,0.0,5.0,7.0,0.0,1569.37,396.331,63.353,34.09,33.942,9.386,0.0,0.0
14,3.0,0.0,0.0,0.0,0.0,0.0,1949.304,50.238,58.392,33.246,33.13,9.239,0.0,0.0
15,3.0,0.0,0.0,1.0,1.0,0.0,1897.762,107.321,34.849,33.404,33.309,9.286,0.0,0.0
16,3.0,0.0,0.0,2.0,2.0,0.0,2229.195,202.806,-41.79,33.813,33.736,9.32,0.0,0.0
17,3.0,0.0,0.0,3.0,3.0,0.0,2171.284,212.166,29.276,34.016,33.976,9.381,0.0,0.0
18,3.0,0.0,0.0,4.0,4.0,0.0,2162.257,396.948,102.916,33.742,33.407,9.265,0.0,0.0
19,3.0,0.0,0.0,5.0,5.0,0.0,1794.902,405.808,95.491,33.736,33.544,9.283,0.0,0.0
21,4.0,0.0,0.0,0.0,0.0,0.0,2617.087,48.802,87.629,32.982,32.858,9.165,0.0,0.0
22,4.0,0.0,0.0,1.0,1.0,0.0,2807.154,137.116,52.09,33.195,33.165,9.237,0.0,0.0
23,5.0,0.0,0.0,0.0,0.0,0.0,3409.645,203.868,2.702,33.561,33.405,9.322,0.0,0.0
24,5.0,0.0,0.0,1.0,3.0,0.0,3210.793,324.337,93.186,33.583,33.46,9.25,0.0,0.0
27,6.0,0.0,0.0,2.0,2.0,0.0,3907.242,118.128,126.374,33.073,32.694,9.238,0.0,0.0
28,6.0,0.0,0.0,3.0,3.0,0.0,3603.842,121.52,43.082,33.954,33.833,9.353,0.0,0.0
29,6.0,0.0,0.0,4.0,4.0,0.0,3491.929,217.363,14.24,33.928,33.737,9.336,0.0,0.0
30,6.0,0.0,0.0,5.0,5.0,0.0,3666.279,227.151,44.438,33.478,33.32,9.298,0.0,0.0
31,6.0,0.0,0.0,6.0,6.0,0.0,3865.685,321.411,76.965,33.932,33.872,9.355,0.0,0.0
32,6.0,0.0,0.0,7.0,7.0,0.0,3485.032,322.45,-38.895,33.603,33.54,9.264,0.0,0.0
33,6.0,0.0,0.0,8.0,8.0,0.0,3556.794,400.762,98.713,33.633,33.55,9.269,0.0,0.0
34,7.0,0.0,0.0,0.0,1.0,0.0,4103.059,102.906,36.141,33.682,33.502,9.269,0.0,0.0
36,7.0,0.0,0.0,2.0,3.0,0.0,4528.838,129.477,-13.244,33.792,33.578,9.295,0.0,0.0
37,7.0,0.0,0.0,3.0,4.0,0.0,4435.738,133.608,129.397,33.631,33.478,9.341,0.0,0.0
38,7.0,0.0,0.0,4.0,5.0,0.0,4340.877,186.586,128.692,33.517,33.346,9.307,0.0,0.0
39,7.0,0.0,0.0,5.0,6.0,0.0,4246.538,192.306,-9.545,33.537,33.353,9.311,0.0,0.0
40,7.0,0.0,0.0,6.0,7.0,0.0,4146.977,254.548,102.138,33.182,33.089,9.225,0.0,0.0
41,7.0,0.0,0.0,7.0,8.0,0.0,4089.015,268.246,22.633,33.386,33.231,9.273,0.0,0.0
42,7.0,0.0,0.0,8.0,9.0,0.0,4208.702,293.52,36.852,33.403,33.015,9.245,0.0,0.0
44,8.0,0.0,0.0,0.0,0.0,0.0,4645.325,30.418,33.087,33.906,33.713,9.33,0.0,0.0
45,8.0,0.0,0.0,1.0,1.0,0.0,5130.469,77.786,-36.193,33.973,33.791,9.349,0.0,0.0
46,8.0,0.0,0.0,2.0,2.0,0.0,5169.297,95.462,-26.067,33.726,33.561,9.284,0.0,0.0
47,8.0,0.0,0.0,3.0,3.0,0.0,4883.351,114.285,124.317,33.229,33.181,9.244,0.0,0.0
49,8.0,0.0,0.0,5.0,5.0,0.0,4749.854,286.775,-0.859,33.204,33.047,9.222,0.0,0.0
50,8.0,0.0,0.0,6.0,6.0,0.0,5081.526,339.365,5.01,34.117,33.717,9.278,0.0,0.0
51,8.0,0.0,0.0,7.0,6.0,0.0,5116.195,336.241,-11.812,34.088,33.874,9.296,0.0,0.0
52,8.0,0.0,0.0,8.0,7.0,0.0,4735.823,389.667,-44.222,33.812,33.732,9.319,0.0,0.0
53,9.0,0.0,0.0,0.0,0.0,0.0,5609.039,110.4,78.221,33.367,33.309,9.281,0.0,0.0
54,9.0,0.0,0.0,1.0,1.0,0.0,5772.281,137.947,91.593,35.589,26.282,8.606,0.0,0.0
56,9.0,0.0,0.0,3.0,4.0,0.0,5539.487,255.196,120.323,33.59,33.427,9.247,0.0,0.0
57,9.0,0.0,0.0,4.0,5.0,0.0,5711.751,287.145,-21.255,34.385,34.143,9.373,0.0,0.0
58,9.0,0.0,0.0,5.0,6.0,0.0,5659.542,296.539,23.257,34.192,33.969,9.75,0.0,0.0
59,9.0,0.0,0.0,6.0,6.0,0.0,5626.2,292.697,-6.777,34.196,33.92,9.744,0.0,0.0
60,9.0,0.0,0.0,7.0,7.0,0.0,5532.688,380.022,119.644,33.838,33.686,9.316,0.0,0.0
61,0.0,1.0,0.0,0.0,0.0,0.0,229.888,453.749,82.945,33.865,33.63,9.312,0.0,0.0
62,0.0,1.0,0.0,1.0,1.0,0.0,50.053,501.002,47.332,33.311,33.197,9.258,0.0,0.0
63,0.0,1.0,0.0,2.0,2.0,0.0,277.708,543.983,19.178,33.257,33.148,9.243,0.0,0.0
64,0.0,1.0,0.0,3.0,4.0,0.0,509.512,625.369,-6.507,33.198,33.096,9.228,0.0,0.0
65,0.0,1.0,0.0,4.0,5.0,0.0,367.727,656.05,105.386,33.299,33.015,9.231,0.0,0.0
69,1.0,1.0,0.0,0.0,0.0,0.0,732.967,478.629,76.043,33.156,33.082,9.304,0.0,0.0
70,1.0,1.0,0.0,1.0,2.0,0.0,828.342,698.227,49.154,33.526,33.498,9.33,0.0,0.0
72,3.0,1.0,0.0,0.0,3.0,0.0,2152.372,448.612,94.138,33.273,33.153,9.246,0.0,0.0
73,3.0,1.0,0.0,1.0,4.0,0.0,1876.84,557.924,-19.807,33.457,32.914,9.159,0.0,0.0
74,3.0,1.0,0.0,2.0,4.0,0.0,1908.438,544.877,-3.71,33.323,33.21,9.261,0.0,0.0
76,3.0,1.0,0.0,4.0,6.0,0.0,1821.452,607.007,6.866,33.303,33.259,9.265,0.0,0.0
78,3.0,1.0,0.0,6.0,8.0,0.0,2158.206,762.562,2.639,33.21,33.133,9.235,0.0,0.0
79,4.0,1.0,0.0,0.0,0.0,0.0,2871.919,440.618,-33.656,33.532,33.22,9.292,0.0,0.0
80,4.0,1.0,0.0,1.0,1.0,0.0,2523.729,464.04,60.295,33.894,33.783,9.337,0.0,0.0
82,4.0,1.0,0.0,3.0,3.0,0.0,2492.295,497.926,61.561,34.059,33.965,9.385,0.0,0.0
83,4.0,1.0,0.0,4.0,4.0,0.0,2720.237,508.829,121.476,33.741,33.73,9.309,0.0,0.0
84,4.0,1.0,0.0,5.0,5.0,0.0,2611.698,632.804,94.167,33.259,33.087,9.235,0.0,0.0
85,4.0,1.0,0.0,6.0,6.0,0.0,2532.5,775.877,65.493,33.935,33.788,9.344,0.0,0.0
86,4.0,1.0,0.0,7.0,7.0,0.0,2610.656,806.839,66.124,33.62,33.501,9.343,0.0,0.0
89,5.0,1.0,0.0,2.0,6.0,0.0,3055.349,631.645,129.208,33.179,33.049,9.219,0.0,0.0
90,5.0,1.0,0.0,3.0,7.0,0.0,3334.345,760.192,27.925,34.216,34.026,9.416,0.0,0.0
93,6.0,1.0,0.0,0.0,1.0,0.0,3969.818,432.289,48.262,34.117,33.971,9.394,0.0,0.0
94,6.0,1.0,0.0,1.0,2.0,0.0,3474.963,509.145,32.174,33.52,33.426,9.319,0.0,0.0
96,6.0,1.0,0.0,3.0,5.0,0.0,3878.822,547.273,7.412,32.831,32.56,9.185,0.0,0.0
97,6.0,1.0,0.0,4.0,6.0,0.0,3484.561,585.764,73.539,33.339,33.272,9.272,0.0,0.0
98,6.0,1.0,0.0,5.0,7.0,0.0,3822.188,683.331,67.184,33.212,33.081,9.228,0.0,0.0
101,7.0,1.0,0.0,2.0,3.0,0.0,4567.672,538.482,66.303,33.624,33.579,9.272,0.0,0.0
102,7.0,1.0,0.0,3.0,4.0,0.0,4318.926,571.623,55.705,33.363,33.237,9.271,0.0,0.0
103,7.0,1.0,0.0,4.0,5.0,0.0,4101.06,628.21,31.648,33.535,33.384,9.315,0.0,0.0
105,7.0,1.0,0.0,6.0,7.0,0.0,4331.613,806.409,0.786,33.756,33.688,9.305,0.0,0.0
106,7.0,1.0,0.0,7.0,8.0,0.0,4599.631,807.396,21.069,34.409,34.269,9.314,0.0,0.0
107,8.0,1.0,0.0,0.0,0.0,0.0,4809.814,644.683,33.377,33.354,33.252,9.271,0.0,0.0
108,8.0,1.0,0.0,1.0,1.0,0.0,4858.447,784.629,53.815,33.629,33.57,9.271,0.0,0.0
109,9.0,1.0,0.0,0.0,0.0,0.0,5747.956,470.981,-42.604,33.43,33.213,9.277,0.0,0.0
110,9.0,1.0,0.0,1.0,1.0,0.0,5637.305,543.914,121.152,33.858,33.713,9.323,0.0,0.0
111,9.0,1.0,0.0,2.0,2.0,0.0,5757.604,568.559,3.872,33.738,33.618,9.376,0.0,0.0
112,9.0,1.0,0.0,3.0,3.0,0.0,5577.843,620.396,-14.173,33.089,32.971,9.196,0.0,0.0
115,9.0,1.0,0.0,6.0,6.0,0.0,5272.591,773.051,31.189,33.722,33.542,9.281,0.0,0.0
117,0.0,2.0,0.0,0.0,0.0,0.0,321.201,883.409,-40.048,33.977,33.952,9.372,0.0,0.0
118,0.0,2.0,0.0,1.0,1.0,0.0,182.861,936.39,84.821,33.287,33.198,9.255,0.0,0.0
119,0.0,2.0,0.0,2.0,3.0,0.0,31.91,968.328,18.472,33.741,33.43,9.35,0.0,0.0
120,0.0,2.0,0.0,3.0,4.0,0.0,157.207,985.34,53.196,33.343,33.157,9.257,0.0,0.0
121,0.0,2.0,0.0,4.0,5.0,0.0,198.331,1059.488,103.466,33.63,33.374,9.866,0.0,0.0
122,0.0,2.0,0.0,5.0,5.0,0.0,213.841,1032.782,129.887,33.835,33.658,9.94,0.0,0.0
124,0.0,2.0,0.0,7.0,7.0,0.0,157.036,1063.543,76.367,33.479,33.389,9.226,0.0,0.0
126,0.0,2.0,0.0,9.0,10.0,0.0,543.48,1205.98,-23.823,34.161,34.089,9.335,0.0,0.0
127,1.0,2.0,0.0,0.0,0.0,0.0,898.31,851.372,130.466,33.521,33.294,9.301,0.0,0.0
129,1.0,2.0,0.0,2.0,2.0,0.0,759.151,1014.816,109.998,33.511,33.183,9.283,0.0,0.0
130,1.0,2.0,0.0,3.0,4.0,0.0,996.461,1061.307,33.695,33.733,33.496,9.358,0.0,0.0
131,1.0,2.0,0.0,4.0,5.0,0.0,930.62,1063.316,1.266,33.916,33.8,9.343,0.0,0.0
133,1.0,2.0,0.0,6.0,7.0,0.0,858.887,1119.682,111.349,33.805,33.708,9.315,0.0,0.0
134,1.0,2.0,0.0,7.0,8.0,0.0,1058.81,1152.603,16.951,33.087,32.829,9.259,0.0,0.0
136,2.0,2.0,0.0,0.0,0.0,0.0,1356.885,874.052,40.581,33.425,33.278,9.285,0.0,0.0
137,2.0,2.0,0.0,1.0,1.0,0.0,1412.804,877.544,-23.196,33.994,33.933,9.372,0.0,0.0
138,2.0,2.0,0.0,2.0,2.0,0.0,1461.646,911.652,53.405,32.83,32.799,9.218,0.0,0.0
139,2.0,2.0,0.0,3.0,3.0,0.0,1293.935,1059.174,31.783,33.687,33.526,9.356,0.0,0.0
140,2.0,2.0,0.0,4.0,4.0,0.0,1432.833,1086.783,56.912,33.518,33.447,9.322,0.0,0.0
141,2.0,2.0,0.0,5.0,5.0,0.0,1329.018,1125.593,103.581,33.763,33.745,9.314,0.0,0.0
142,3.0,2.0,0.0,0.0,0.0,0.0,2186.54,860.561,111.579,33.586,33.462,9.251,0.0,0.0
143,3.0,2.0,0.0,1.0,1.0,0.0,1841.766,906.376,24.42,33.613,33.495,9.342,0.0,0.0
144,3.0,2.0,0.0,2.0,2.0,0.0,1783.321,912.849,6.915,33.214,33.113,9.233,0.0,0.0
146,3.0,2.0,0.0,4.0,5.0,0.0,1902.718,1158.331,23.555,34.008,33.807,9.357,0.0,0.0
147,4.0,2.0,0.0,0.0,1.0,0.0,2443.634,1029.165,59.383,33.031,32.942,9.266,0.0,0.0
148,4.0,2.0,0.0,1.0,2.0,0.0,2340.378,1083.242,133.925,33.735,33.689,9.303,0.0,0.0
150,4.0,2.0,0.0,3.0,4.0,0.0,2806.789,1146.321,-38.373,33.865,33.693,9.321,0.0,0.0
151,4.0,2.0,0.0,4.0,5.0,0.0,2439.626,1158.392,14.767,33.798,33.719,9.315,0.0,0.0
153,4.0,2.0,0.0,6.0,7.0,0.0,2693.813,1199.43,70.163,33.533,33.458,9.325,0.0,0.0
154,5.0,2.0,0.0,0.0,1.0,0.0,3176.681,888.751,-14.523,33.197,33.15,9.235,0.0,0.0
155,5.0,2.0,0.0,1.0,2.0,0.0,3209.788,1049.654,82.593,34.077,34.065,9.402,0.0,0.0
156,5.0,2.0,0.0,2.0,3.0,0.0,2980.691,1146.509,-18.085,33.461,33.333,9.298,0.0,0.0
157,5.0,2.0,0.0,3.0,4.0,0.0,3369.183,1191.118,-7.333,34.519,34.474,9.437,0.0,0.0
158,5.0,2.0,0.0,4.0,6.0,0.0,3241.639,1235.106,-4.249,35.273,28.987,8.854,0.0,0.0
159,6.0,2.0,0.0,0.0,0.0,0.0,3783.201,859.345,44.627,33.614,33.474,9.338,0.0,0.0
161,6.0,2.0,0.0,2.0,2.0,0.0,3651.919,893.797,53.178,33.481,33.399,9.31,0.0,0.0
163,6.0,2.0,0.0,4.0,4.0,0.0,3635.162,1201.001,65.579,33.127,33.017,9.207,0.0,0.0
164,7.0,2.0,0.0,0.0,2.0,0.0,4582.131,842.823,31.095,33.76,33.637,9.299,0.0,0.0
166,7.0,2.0,0.0,2.0,4.0,0.0,4074.617,982.574,26.28,33.263,33.11,9.239,0.0,0.0
167,7.0,2.0,0.0,3.0,5.0,0.0,4084.184,1075.06,27.283,33.314,33.185,9.257,0.0,0.0
170,8.0,2.0,0.0,2.0,1.0,0.0,5133.83,1044.01,14.915,33.724,33.497,9.275,0.0,0.0
171,8.0,2.0,0.0,3.0,2.0,0.0,4842.338,1056.438,81.738,33.2,32.652,9.167,0.0,0.0
172,8.0,2.0,0.0,4.0,3.0,0.0,4982.441,1092.216,111.622,33.473,32.62,9.199,0.0,0.0
173,8.0,2.0,0.0,5.0,4.0,0.0,4770.115,1209.46,32.947,34.114,33.619,9.183,0.0,0.0
175,9.0,2.0,0.0,1.0,1.0,0.0,5266.338,941.023,120.374,33.0,32.941,9.262,0.0,0.0
179,9.0,2.0,0.0,5.0,5.0,0.0,5433.792,1185.633,-39.82,33.609,33.383,9.325,0.0,0.0
180,9.0,2.0,0.0,6.0,6.0,0.0,5655.569,1205.75,12.945,33.707,33.627,9.29,0.0,0.0
183,0.0,3.0,0.0,2.0,3.0,0.0,66.721,1337.885,80.867,32.997,32.864,9.25,0.0,0.0
186,0.0,3.0,0.0,5.0,5.0,0.0,40.51,1389.313,2.713,32.998,32.86,9.251,0.0,0.0
187,0.0,3.0,0.0,6.0,7.0,0.0,290.849,1509.874,27.501,33.33,33.17,9.257,0.0,0.0
189,1.0,3.0,0.0,0.0,0.0,0.0,697.443,1264.556,40.543,33.285,32.059,9.011,0.0,0.0
190,1.0,3.0,0.0,1.0,1.0,0.0,738.468,1309.834,114.735,33.037,32.972,9.188,0.0,0.0
191,1.0,3.0,0.0,2.0,2.0,0.0,1143.655,1488.132,1.177,33.772,33.609,9.297,0.0,0.0
192,1.0,3.0,0.0,3.0,3.0,0.0,974.25,1586.411,44.207,33.29,33.221,9.258,0.0,0.0
193,2.0,3.0,0.0,0.0,0.0,0.0,1700.384,1241.598,-37.941,33.767,33.512,9.282,0.0,0.0
194,2.0,3.0,0.0,1.0,1.0,0.0,1231.26,1252.908,29.127,33.983,33.828,9.356,0.0,0.0
196,2.0,3.0,0.0,3.0,3.0,0.0,1572.646,1288.86,100.68,33.16,33.014,9.211,0.0,0.0
197,2.0,3.0,0.0,4.0,4.0,0.0,1265.229,1418.531,16.871,33.534,33.334,9.308,0.0,0.0
198,2.0,3.0,0.0,5.0,5.0,0.0,1419.448,1461.88,-17.582,33.178,33.072,9.222,0.0,0.0
199,2.0,3.0,0.0,6.0,6.0,0.0,1494.577,1474.009,-44.308,33.769,33.588,9.293,0.0,0.0
200,2.0,3.0,0.0,7.0,8.0,0.0,1239.354,1510.482,105.848,34.148,33.909,9.39,0.0,0.0
201,2.0,3.0,0.0,8.0,9.0,0.0,1388.8,1518.775,24.898,33.117,33.045,9.21,0.0,0.0
204,3.0,3.0,0.0,2.0,2.0,0.0,1793.005,1367.543,15.015,33.395,33.196,9.269,0.0,0.0
206,3.0,3.0,0.0,4.0,5.0,0.0,1796.313,1429.892,-23.271,33.065,32.974,9.276,0.0,0.0
207,4.0,3.0,0.0,0.0,0.0,0.0,2368.056,1271.463,70.812,33.402,33.28,9.282,0.0,0.0
209,4.0,3.0,0.0,2.0,4.0,0.0,2567.34,1500.506,43.493,33.637,33.413,9.333,0.0,0.0
210,4.0,3.0,0.0,3.0,5.0,0.0,2410.97,1504.205,-43.902,33.491,33.369,9.307,0.0,0.0
211,4.0,3.0,0.0,4.0,6.0,0.0,2374.008,1584.391,7.122,34.055,33.954,9.383,0.0,0.0
212,4.0,3.0,0.0,5.0,7.0,0.0,2850.351,1616.651,5.282,34.314,34.03,9.429,0.0,0.0
217,5.0,3.0,0.0,2.0,4.0,0.0,3294.269,1446.241,35.237,33.521,33.351,9.309,0.0,0.0
218,5.0,3.0,0.0,3.0,5.0,0.0,3411.367,1493.006,-4.557,33.56,33.481,9.332,0.0,0.0
220,5.0,3.0,0.0,5.0,7.0,0.0,3122.173,1521.137,41.52,33.207,33.156,9.238,0.0,0.0
223,6.0,3.0,0.0,1.0,2.0,0.0,3844.585,1425.903,63.281,33.346,33.296,9.276,0.0,0.0
227,7.0,3.0,0.0,0.0,0.0,0.0,4596.348,1318.737,-4.825,33.64,33.562,9.272,0.0,0.0
228,7.0,3.0,0.0,1.0,1.0,0.0,4546.944,1426.827,-12.355,33.745,33.665,9.301,0.0,0.0
231,8.0,3.0,0.0,0.0,1.0,0.0,5052.544,1415.086,31.7,33.676,33.601,9.365,0.0,0.0
232,8.0,3.0,0.0,1.0,3.0,0.0,5137.297,1489.316,-33.614,34.271,34.105,9.353,0.0,0.0
235,8.0,3.0,0.0,4.0,6.0,0.0,5173.178,1588.182,45.256,34.187,34.111,9.342,0.0,0.0
236,9.0,3.0,0.0,0.0,0.0,0.0,5724.863,1368.457,19.172,33.463,33.402,9.308,0.0,0.0
237,9.0,3.0,0.0,1.0,1.0,0.0,5395.602,1410.703,75.181,33.331,33.233,9.266,0.0,0.0
238,9.0,3.0,0.0,2.0,2.0,0.0,5606.83,1534.068,104.812,12.459,12.33,5.634,0.0,0.0
239,9.0,3.0,0.0,3.0,3.0,0.0,5726.412,1549.413,22.597,34.488,34.346,9.415,0.0,0.0
240,0.0,4.0,0.0,0.0,1.0,0.0,469.504,1787.489,-26.017,33.081,33.008,9.199,0.0,0.0
241,0.0,4.0,0.0,1.0,2.0,0.0,285.355,1847.717,124.361,33.227,33.087,9.231,0.0,0.0
242,0.0,4.0,0.0,2.0,3.0,0.0,63.146,1973.675,-13.775,33.271,33.158,9.247,0.0,0.0
243,0.0,4.0,0.0,3.0,4.0,0.0,368.253,2009.019,-3.295,33.997,33.891,9.367,0.0,0.0
244,0.0,4.0,0.0,4.0,5.0,0.0,156.173,2011.644,98.412,33.149,33.076,9.218,0.0,0.0
245,0.0,4.0,0.0,5.0,6.0,0.0,44.718,2025.507,-30.685,34.426,34.188,9.385,0.0,0.0
246,1.0,4.0,0.0,0.0,0.0,0.0,1137.035,1686.404,128.604,33.054,32.988,9.193,0.0,0.0
247,1.0,4.0,0.0,1.0,1.0,0.0,604.918,1746.612,82.827,33.471,33.41,9.228,0.0,0.0
248,1.0,4.0,0.0,2.0,2.0,0.0,949.768,1766.308,-5.674,33.31,33.178,9.255,0.0,0.0
249,1.0,4.0,0.0,3.0,3.0,0.0,809.19,1802.377,42.974,32.935,32.833,9.238,0.0,0.0
250,1.0,4.0,0.0,4.0,4.0,0.0,791.877,1877.097,9.556,33.202,33.195,9.242,0.0,0.0
253,2.0,4.0,0.0,0.0,0.0,0.0,1469.937,1651.27,83.712,33.876,33.664,9.318,0.0,0.0
254,2.0,4.0,0.0,1.0,2.0,0.0,1628.675,1745.898,-34.626,34.503,34.364,9.419,0.0,0.0
256,2.0,4.0,0.0,3.0,4.0,0.0,1362.876,1891.522,32.468,33.354,33.266,9.273,0.0,0.0
258,2.0,4.0,0.0,5.0,6.0,0.0,1400.973,2033.825,24.327,33.395,33.237,9.275,0.0,0.0
260,3.0,4.0,0.0,0.0,0.0,0.0,2044.731,1656.998,-17.353,33.26,33.134,9.242,0.0,0.0
261,3.0,4.0,0.0,1.0,1.0,0.0,1752.398,1699.67,41.781,34.034,33.787,9.357,0.0,0.0
262,3.0,4.0,0.0,2.0,3.0,0.0,2063.344,1760.087,-18.299,33.419,33.268,9.283,0.0,0.0
263,3.0,4.0,0.0,3.0,5.0,0.0,1887.655,1955.47,104.726,32.748,32.557,9.172,0.0,0.0
264,3.0,4.0,0.0,4.0,6.0,0.0,2227.749,1964.894,32.771,33.935,33.782,9.343,0.0,0.0
266,4.0,4.0,0.0,1.0,2.0,0.0,2821.111,1788.73,-31.163,33.995,33.852,9.361,0.0,0.0
268,4.0,4.0,0.0,3.0,4.0,0.0,2679.241,2015.966,57.136,34.286,34.199,9.367,0.0,0.0
269,5.0,4.0,0.0,0.0,1.0,0.0,3125.328,1744.473,79.906,32.935,32.79,9.231,0.0,0.0
270,5.0,4.0,0.0,1.0,2.0,0.0,3390.536,1782.25,27.911,34.056,33.984,9.388,0.0,0.0
271,5.0,4.0,0.0,2.0,3.0,0.0,3172.779,1827.311,39.236,33.355,33.283,9.276,0.0,0.0
272,6.0,4.0,0.0,0.0,1.0,0.0,3520.574,1676.008,46.956,33.916,33.851,9.35,0.0,0.0
273,6.0,4.0,0.0,1.0,2.0,0.0,3581.114,1714.882,42.335,33.319,33.178,9.256,0.0,0.0
274,6.0,4.0,0.0,2.0,3.0,0.0,3711.546,1720.688,103.421,33.527,33.433,9.321,0.0,0.0
275,6.0,4.0,0.0,3.0,4.0,0.0,3543.101,1783.296,122.969,33.685,33.665,9.292,0.0,0.0
276,6.0,4.0,0.0,4.0,5.0,0.0,3582.757,1787.484,-6.686,33.588,33.452,9.332,0.0,0.0
277,6.0,4.0,0.0,5.0,6.0,0.0,3838.652,1939.739,-35.298,33.506,33.467,9.323,0.0,0.0
278,6.0,4.0,0.0,6.0,7.0,0.0,3988.195,1974.191,26.117,33.858,33.789,9.333,0.0,0.0
279,6.0,4.0,0.0,7.0,8.0,0.0,3860.179,2039.048,88.647,34.05,33.98,9.386,0.0,0.0
281,7.0,4.0,0.0,1.0,1.0,0.0,4570.629,1669.112,-42.367,33.736,33.598,9.29,0.0,0.0
282,7.0,4.0,0.0,2.0,2.0,0.0,4114.161,1696.721,69.075,33.292,33.181,9.253,0.0,0.0
283,7.0,4.0,0.0,3.0,3.0,0.0,4443.056,1746.439,-22.784,33.564,33.47,9.331,0.0,0.0
285,8.0,4.0,0.0,0.0,0.0,0.0,5120.985,1691.862,-40.399,33.572,33.455,9.248,0.0,0.0
286,8.0,4.0,0.0,1.0,1.0,0.0,4963.087,1783.639,86.243,33.189,33.127,9.231,0.0,0.0
287,8.0,4.0,0.0,2.0,2.0,0.0,5109.355,1888.245,-21.474,33.555,33.47,9.33,0.0,0.0
288,8.0,4.0,0.0,3.0,3.0,0.0,5159.202,1979.288,-0.99,34.298,34.208,9.37,0.0,0.0
289,8.0,4.0,0.0,4.0,4.0,0.0,4978.569,1986.677,2.758,33.783,33.59,9.296,0.0,0.0
290,8.0,4.0,0.0,5.0,5.0,0.0,4895.281,2010.075,119.831,33.345,33.305,9.278,0.0,0.0
291,9.0,4.0,0.0,0.0,0.0,0.0,5587.135,1943.042,116.833,33.699,33.585,9.283,0.0,0.0
292,9.0,4.0,0.0,1.0,1.0,0.0,5724.41,1944.889,31.923,34.338,34.242,9.38,0.0,0.0
293,9.0,4.0,0.0,2.0,2.0,0.0,5655.484,1965.36,43.897,34.075,33.965,9.306,0.0,0.0
294,9.0,4.0,0.0,3.0,3.0,0.0,5308.756,1970.029,99.789,33.397,33.258,9.196,0.0,0.0
295,9.0,4.0,0.0,4.0,4.0,0.0,5635.142,2000.91,70.495,34.203,34.095,9.341,0.0,0.0
296,9.0,4.0,0.0,5.0,5.0,0.0,5544.635,2006.321,29.157,34.147,34.104,9.335,0.0,0.0
297,9.0,4.0,0.0,6.0,6.0,0.0,5266.105,2024.658,99.18,33.846,33.787,9.331,0.0,0.0
298,0.0,5.0,0.0,0.0,0.0,0.0,371.55,2135.106,122.14,33.572,33.466,9.249,0.0,0.0
300,0.0,5.0,0.0,2.0,2.0,0.0,391.152,2268.026,95.408,33.755,33.65,9.3,0.0,0.0
303,1.0,5.0,0.0,1.0,2.0,0.0,746.983,2126.607,76.861,33.139,33.052,9.214,0.0,0.0
304,1.0,5.0,0.0,2.0,3.0,0.0,778.907,2214.852,67.212,33.928,33.813,9.346,0.0,0.0
305,1.0,5.0,0.0,3.0,5.0,0.0,1061.307,2386.55,19.693,34.347,34.196,9.375,0.0,0.0
307,2.0,5.0,0.0,1.0,3.0,0.0,1517.511,2254.185,38.778,33.381,33.156,9.262,0.0,0.0
308,2.0,5.0,0.0,2.0,4.0,0.0,1302.028,2266.241,35.022,32.843,32.664,9.201,0.0,0.0
309,2.0,5.0,0.0,3.0,5.0,0.0,1536.94,2294.076,57.064,33.458,33.367,9.302,0.0,0.0
310,2.0,5.0,0.0,4.0,6.0,0.0,1426.089,2329.633,4.167,33.996,33.854,9.362,0.0,0.0
311,2.0,5.0,0.0,5.0,7.0,0.0,1305.083,2340.304,-13.868,33.466,33.436,9.313,0.0,0.0
313,3.0,5.0,0.0,0.0,0.0,0.0,1992.111,2060.786,-37.65,33.347,33.237,9.269,0.0,0.0
314,3.0,5.0,0.0,1.0,1.0,0.0,2146.785,2124.444,28.016,33.637,33.559,9.271,0.0,0.0
315,3.0,5.0,0.0,2.0,2.0,0.0,2246.244,2163.348,53.993,33.607,33.548,9.266,0.0,0.0
316,3.0,5.0,0.0,3.0,3.0,0.0,2243.89,2377.116,89.983,34.072,33.883,9.376,0.0,0.0
317,3.0,5.0,0.0,4.0,5.0,0.0,1762.853,2416.389,122.445,34.102,33.948,9.389,0.0,0.0
319,4.0,5.0,0.0,0.0,0.0,0.0,2446.304,2120.425,54.445,33.62,33.402,9.329,0.0,0.0
320,4.0,5.0,0.0,1.0,1.0,0.0,2589.963,2159.591,94.456,32.859,32.685,9.206,0.0,0.0
321,4.0,5.0,0.0,2.0,2.0,0.0,2647.403,2223.451,71.279,33.312,33.223,9.262,0.0,0.0
322,4.0,5.0,0.0,3.0,3.0,0.0,2654.987,2273.678,73.101,33.663,33.576,9.277,0.0,0.0
323,4.0,5.0,0.0,4.0,4.0,0.0,2689.197,2318.589,85.828,33.467,33.293,9.293,0.0,0.0
324,4.0,5.0,0.0,5.0,6.0,0.0,2431.505,2340.03,109.453,33.671,33.575,9.278,0.0,0.0
325,4.0,5.0,0.0,6.0,7.0,0.0,2562.789,2377.996,132.302,33.963,33.707,9.337,0.0,0.0
326,4.0,5.0,0.0,7.0,8.0,0.0,2834.742,2385.311,26.415,34.136,33.91,9.389,0.0,0.0
327,4.0,5.0,0.0,8.0,9.0,0.0,2497.874,2414.81,19.813,34.078,34.014,9.313,0.0,0.0
328,4.0,5.0,0.0,9.0,10.0,0.0,2859.03,2417.043,26.718,34.112,33.702,9.197,0.0,0.0
330,5.0,5.0,0.0,0.0,1.0,0.0,3360.229,2097.22,74.463,33.59,33.2,9.216,0.0,0.0
332,5.0,5.0,0.0,2.0,3.0,0.0,3428.635,2181.079,-23.473,33.802,33.694,9.312,0.0,0.0
333,5.0,5.0,0.0,3.0,4.0,0.0,3370.096,2283.018,50.455,33.984,33.936,9.371,0.0,0.0
334,5.0,5.0,0.0,4.0,5.0,0.0,3426.409,2368.898,12.985,34.161,34.123,9.34,0.0,0.0
335,5.0,5.0,0.0,5.0,6.0,0.0,3045.043,2373.825,134.141,33.254,33.205,9.251,0.0,0.0
336,6.0,5.0,0.0,0.0,1.0,0.0,4008.59,2261.57,10.724,34.153,33.864,9.385,0.0,0.0
337,6.0,5.0,0.0,1.0,2.0,0.0,3735.321,2363.387,-35.476,33.897,33.843,9.346,0.0,0.0
338,7.0,5.0,0.0,0.0,0.0,0.0,4479.327,2066.765,94.823,33.24,33.035,9.225,0.0,0.0
339,7.0,5.0,0.0,1.0,1.0,0.0,4408.756,2071.311,33.509,33.609,33.457,9.253,0.0,0.0
340,7.0,5.0,0.0,2.0,2.0,0.0,4307.086,2178.139,-4.866,33.667,33.636,9.286,0.0,0.0
341,7.0,5.0,0.0,3.0,3.0,0.0,4578.974,2302.323,59.486,34.068,33.914,9.298,0.0,0.0
343,8.0,5.0,0.0,0.0,0.0,0.0,5019.168,2086.572,10.714,33.373,33.305,9.282,0.0,0.0
344,8.0,5.0,0.0,1.0,1.0,0.0,4650.45,2137.7,-4.137,33.632,33.489,9.343,0.0,0.0
345,8.0,5.0,0.0,2.0,3.0,0.0,5109.19,2139.468,45.98,33.591,33.582,9.268,0.0,0.0
346,8.0,5.0,0.0,3.0,4.0,0.0,4691.733,2237.813,111.484,33.887,33.736,9.249,0.0,0.0
347,8.0,5.0,0.0,4.0,5.0,0.0,4716.365,2276.398,110.947,33.838,33.771,9.328,0.0,0.0
351,9.0,5.0,0.0,0.0,1.0,0.0,5453.797,2245.218,-25.244,32.767,32.727,9.199,0.0,0.0
352,9.0,5.0,0.0,1.0,2.0,0.0,5523.076,2251.14,90.819,33.132,32.925,9.195,0.0,0.0
354,0.0,6.0,0.0,0.0,0.0,0.0,296.198,2504.75,46.031,33.524,33.443,9.322,0.0,0.0
355,0.0,6.0,0.0,1.0,1.0,0.0,514.68,2621.175,126.143,33.292,33.276,9.266,0.0,0.0
356,0.0,6.0,0.0,2.0,2.0,0.0,184.903,2659.612,-43.29,33.88,33.809,9.339,0.0,0.0
357,0.0,6.0,0.0,3.0,3.0,0.0,356.736,2798.828,59.394,33.801,33.665,9.308,0.0,0.0
359,1.0,6.0,0.0,1.0,1.0,0.0,1012.588,2510.472,98.731,33.307,33.038,9.581,0.0,0.0
360,1.0,6.0,0.0,2.0,1.0,0.0,1020.987,2478.766,118.681,33.696,33.343,9.68,0.0,0.0
362,1.0,6.0,0.0,4.0,4.0,0.0,963.035,2734.515,42.196,33.388,33.28,9.28,0.0,0.0
363,1.0,6.0,0.0,5.0,5.0,0.0,690.412,2755.48,93.161,33.741,33.726,9.309,0.0,0.0
364,1.0,6.0,0.0,6.0,6.0,0.0,750.726,2825.449,66.184,33.583,33.501,9.338,0.0,0.0
367,2.0,6.0,0.0,1.0,2.0,0.0,1462.905,2560.143,65.776,33.813,33.597,9.301,0.0,0.0
368,2.0,6.0,0.0,2.0,4.0,0.0,1185.102,2645.42,30.194,33.648,33.477,9.344,0.0,0.0
369,2.0,6.0,0.0,3.0,5.0,0.0,1315.65,2812.662,-44.001,34.025,33.902,9.811,0.0,0.0
370,2.0,6.0,0.0,4.0,5.0,0.0,1336.563,2788.796,128.125,33.268,32.873,9.642,0.0,0.0
372,3.0,6.0,0.0,0.0,0.0,0.0,2260.246,2471.652,20.766,32.49,31.124,9.018,0.0,0.0
373,3.0,6.0,0.0,1.0,2.0,0.0,2184.832,2519.977,123.073,33.605,33.446,9.333,0.0,0.0
374,4.0,6.0,0.0,0.0,1.0,0.0,2698.104,2511.083,-44.323,33.028,32.983,9.189,0.0,0.0
376,4.0,6.0,0.0,2.0,3.0,0.0,2371.166,2568.581,59.389,34.12,33.617,9.265,0.0,0.0
378,4.0,6.0,0.0,4.0,6.0,0.0,2554.506,2758.69,102.688,33.506,33.431,9.317,0.0,0.0
379,4.0,6.0,0.0,5.0,7.0,0.0,2336.274,2806.625,-8.706,33.971,33.73,9.341,0.0,0.0
380,5.0,6.0,0.0,0.0,1.0,0.0,3118.638,2544.744,60.224,33.351,33.245,9.27,0.0,0.0
382,5.0,6.0,0.0,2.0,4.0,0.0,3272.917,2669.581,-43.817,33.293,33.077,9.239,0.0,0.0
384,5.0,6.0,0.0,4.0,7.0,0.0,3271.14,2757.426,52.81,33.597,33.354,9.319,0.0,0.0
385,5.0,6.0,0.0,5.0,8.0,0.0,3069.358,2766.399,-24.126,33.413,33.236,9.278,0.0,0.0
386,5.0,6.0,0.0,6.0,9.0,0.0,2992.21,2786.545,31.021,34.058,33.92,9.379,0.0,0.0
387,6.0,6.0,0.0,0.0,1.0,0.0,3989.107,2584.843,-44.671,33.321,33.305,9.274,0.0,0.0
388,6.0,6.0,0.0,1.0,2.0,0.0,3858.058,2651.714,-28.741,33.297,33.119,9.245,0.0,0.0
393,7.0,6.0,0.0,0.0,0.0,0.0,4059.675,2495.624,57.632,33.503,33.312,9.3,0.0,0.0
394,7.0,6.0,0.0,1.0,1.0,0.0,4167.781,2669.975,72.865,33.08,32.997,9.198,0.0,0.0
396,7.0,6.0,0.0,3.0,3.0,0.0,4577.294,2861.995,41.341,34.923,34.319,9.237,0.0,0.0
398,8.0,6.0,0.0,1.0,3.0,0.0,4926.863,2506.789,119.125,33.217,33.087,9.229,0.0,0.0
399,8.0,6.0,0.0,2.0,4.0,0.0,4825.594,2594.213,79.865,33.258,33.239,9.256,0.0,0.0
400,8.0,6.0,0.0,3.0,5.0,0.0,4657.668,2677.509,31.095,34.098,33.914,9.384,0.0,0.0
401,8.0,6.0,0.0,4.0,6.0,0.0,5161.673,2800.638,76.998,34.346,34.17,9.371,0.0,0.0
402,8.0,6.0,0.0,5.0,7.0,0.0,4949.148,2866.083,-2.92,34.262,30.528,8.933,0.0,0.0
403,9.0,6.0,0.0,0.0,0.0,0.0,5218.079,2476.174,124.732,33.889,33.823,9.343,0.0,0.0
404,9.0,6.0,0.0,1.0,1.0,0.0,5222.208,2560.11,46.566,33.246,33.037,9.226,0.0,0.0
405,9.0,6.0,0.0,2.0,3.0,0.0,5679.118,2746.185,24.957,33.737,33.656,9.298,0.0,0.0
406,9.0,6.0,0.0,3.0,5.0,0.0,5409.693,2817.814,11.633,33.189,33.107,9.228,0.0,0.0
410,0.0,7.0,0.0,0.0,0.0,0.0,481.637,2906.897,17.347,33.49,33.287,9.296,0.0,0.0
411,0.0,7.0,0.0,1.0,1.0,0.0,217.436,2936.83,61.177,33.414,33.251,9.279,0.0,0.0
412,0.0,7.0,0.0,2.0,2.0,0.0,506.183,2958.227,118.779,33.739,33.442,9.351,0.0,0.0
414,0.0,7.0,0.0,4.0,4.0,0.0,132.007,3012.044,89.743,33.453,33.38,9.303,0.0,0.0
417,0.0,7.0,0.0,7.0,7.0,0.0,202.212,3117.22,101.903,33.305,33.263,9.266,0.0,0.0
418,0.0,7.0,0.0,8.0,8.0,0.0,342.939,3214.554,81.947,33.338,33.115,9.25,0.0,0.0
421,1.0,7.0,0.0,2.0,2.0,0.0,827.379,3157.835,117.709,33.412,33.294,9.286,0.0,0.0
422,1.0,7.0,0.0,3.0,3.0,0.0,1128.027,3181.44,-38.979,33.619,33.454,9.337,0.0,0.0
423,2.0,7.0,0.0,0.0,1.0,0.0,1350.47,2883.936,66.552,33.318,33.126,9.249,0.0,0.0
424,2.0,7.0,0.0,1.0,2.0,0.0,1240.08,2999.417,29.865,33.637,33.484,9.261,0.0,0.0
425,2.0,7.0,0.0,2.0,3.0,0.0,1711.073,3062.093,62.481,11.955,11.874,5.55,0.0,0.0
426,2.0,7.0,0.0,3.0,4.0,0.0,1398.424,3127.306,-31.454,33.297,33.193,9.255,0.0,0.0
427,2.0,7.0,0.0,4.0,5.0,0.0,1301.177,3156.761,15.576,33.382,33.254,9.276,0.0,0.0
428,2.0,7.0,0.0,5.0,6.0,0.0,1716.915,3158.03,-19.297,33.805,33.715,9.316,0.0,0.0
430,3.0,7.0,0.0,1.0,1.0,0.0,2211.323,2911.629,113.418,33.663,33.55,9.274,0.0,0.0
432,3.0,7.0,0.0,3.0,3.0,0.0,2046.658,3103.511,-43.304,33.45,33.318,9.294,0.0,0.0
435,3.0,7.0,0.0,6.0,6.0,0.0,1899.73,3155.972,18.716,33.755,33.644,9.299,0.0,0.0
437,4.0,7.0,0.0,0.0,0.0,0.0,2474.994,3066.182,35.594,33.87,33.778,9.333,0.0,0.0
438,4.0,7.0,0.0,1.0,1.0,0.0,2454.454,3148.592,12.776,15.649,14.132,6.207,0.0,0.0
439,4.0,7.0,0.0,2.0,2.0,0.0,2337.67,3173.058,34.336,33.623,33.468,9.339,0.0,0.0
440,4.0,7.0,0.0,3.0,3.0,0.0,2673.923,3188.599,95.816,33.49,33.389,9.309,0.0,0.0
441,5.0,7.0,0.0,0.0,0.0,0.0,3300.372,2901.248,134.095,34.466,34.11,9.38,0.0,0.0
442,5.0,7.0,0.0,1.0,1.0,0.0,2937.217,2946.389,42.487,33.569,33.377,9.319,0.0,0.0
447,6.0,7.0,0.0,0.0,1.0,0.0,3901.538,2887.495,24.633,35.779,35.6,9.599,0.0,0.0
448,6.0,7.0,0.0,1.0,2.0,0.0,3642.858,2898.856,114.301,34.505,34.431,9.429,0.0,0.0
449,6.0,7.0,0.0,2.0,3.0,0.0,3521.027,2936.106,15.368,30.306,30.122,8.814,0.0,0.0
450,6.0,7.0,0.0,3.0,4.0,0.0,3665.447,3074.97,-27.983,33.142,33.098,9.221,0.0,0.0
451,6.0,7.0,0.0,4.0,6.0,0.0,3639.16,3232.894,108.179,33.635,33.583,9.357,0.0,0.0
452,7.0,7.0,0.0,0.0,1.0,0.0,4380.781,3063.606,14.289,33.522,33.393,9.315,0.0,0.0
455,7.0,7.0,0.0,3.0,5.0,0.0,4498.87,3254.663,86.903,33.849,33.699,9.32,0.0,0.0
456,8.0,7.0,0.0,0.0,1.0,0.0,4757.177,2904.51,21.414,33.443,33.218,9.279,0.0,0.0
457,8.0,7.0,0.0,1.0,2.0,0.0,5127.153,3169.49,7.331,33.83,33.695,9.317,0.0,0.0
459,9.0,7.0,0.0,0.0,4.0,0.0,5467.661,2895.894,31.482,33.32,33.307,9.274,0.0,0.0
461,9.0,7.0,0.0,2.0,6.0,0.0,5227.698,2931.243,39.816,33.833,33.653,9.311,0.0,0.0
462,9.0,7.0,0.0,3.0,7.0,0.0,5768.661,2942.75,90.857,34.397,32.58,9.158,0.0,0.0
464,9.0,7.0,0.0,5.0,9.0,0.0,5599.472,2984.845,122.71,33.666,33.481,9.347,0.0,0.0
466,9.0,7.0,0.0,7.0,11.0,0.0,5733.586,3026.272,24.939,33.712,33.552,9.363,0.0,0.0
467,9.0,7.0,0.0,8.0,12.0,0.0,5400.126,3029.242,76.596,33.014,32.735,9.235,0.0,0.0
468,9.0,7.0,0.0,9.0,13.0,0.0,5524.106,3088.0,-2.606,32.904,32.844,9.235,0.0,0.0
469,9.0,7.0,0.0,10.0,14.0,0.0,5523.758,3275.416,-3.816,35.638,28.45,8.828,0.0,0.0
470,0.0,8.0,0.0,0.0,0.0,0.0,136.396,3325.055,29.992,33.281,33.066,9.235,0.0,0.0
471,0.0,8.0,0.0,1.0,1.0,0.0,350.182,3370.773,35.467,33.338,33.201,9.262,0.0,0.0
472,0.0,8.0,0.0,2.0,2.0,0.0,139.582,3364.839,33.193,12.307,11.971,5.656,0.0,0.0
473,0.0,8.0,0.0,3.0,3.0,0.0,288.777,3376.016,-12.345,33.637,33.566,9.355,0.0,0.0
474,0.0,8.0,0.0,4.0,4.0,0.0,18.454,3379.023,18.775,33.534,33.322,9.307,0.0,0.0
475,0.0,8.0,0.0,5.0,5.0,0.0,184.503,3378.42,52.019,12.279,12.161,5.692,0.0,0.0
476,0.0,8.0,0.0,6.0,6.0,0.0,218.567,3404.184,113.798,33.667,33.071,9.822,0.0,0.0
478,0.0,8.0,0.0,8.0,7.0,0.0,493.006,3525.451,30.449,33.944,33.668,9.248,0.0,0.0
481,1.0,8.0,0.0,2.0,2.0,0.0,1026.215,3569.839,71.581,33.801,33.725,9.317,0.0,0.0
483,2.0,8.0,0.0,1.0,1.0,0.0,1370.053,3310.671,94.236,33.144,32.931,9.28,0.0,0.0
484,2.0,8.0,0.0,2.0,2.0,0.0,1430.546,3424.915,84.444,33.567,33.418,9.242,0.0,0.0
485,2.0,8.0,0.0,3.0,3.0,0.0,1475.715,3483.994,117.31,33.286,33.12,9.243,0.0,0.0
486,2.0,8.0,0.0,4.0,4.0,0.0,1225.727,3517.796,2.457,33.622,33.525,9.264,0.0,0.0
487,2.0,8.0,0.0,5.0,5.0,0.0,1310.988,3581.159,-29.729,33.705,33.586,9.367,0.0,0.0
488,2.0,8.0,0.0,6.0,6.0,0.0,1469.362,3624.008,77.498,33.433,33.342,9.295,0.0,0.0
490,2.0,8.0,0.0,8.0,7.0,0.0,1306.243,3647.596,-36.188,33.445,33.286,9.733,0.0,0.0
491,2.0,8.0,0.0,9.0,8.0,0.0,1420.302,3663.038,89.6,34.295,34.235,9.373,0.0,0.0
492,3.0,8.0,0.0,0.0,1.0,0.0,2089.986,3312.385,86.953,33.388,33.276,9.279,0.0,0.0
493,3.0,8.0,0.0,1.0,2.0,0.0,1897.992,3334.342,98.011,33.469,33.252,9.287,0.0,0.0
495,3.0,8.0,0.0,3.0,4.0,0.0,2062.628,3556.096,-29.371,33.736,33.616,9.293,0.0,0.0
496,3.0,8.0,0.0,4.0,5.0,0.0,1844.303,3615.327,-4.35,33.186,33.147,9.233,0.0,0.0
497,3.0,8.0,0.0,5.0,6.0,0.0,2148.155,3651.448,68.782,34.058,33.925,9.38,0.0,0.0
498,4.0,8.0,0.0,0.0,0.0,0.0,2343.5,3324.244,67.49,33.99,33.872,9.363,0.0,0.0
499,4.0,8.0,0.0,1.0,1.0,0.0,2620.252,3333.982,107.284,33.264,33.23,9.256,0.0,0.0
500,4.0,8.0,0.0,2.0,2.0,0.0,2877.259,3459.033,-11.737,33.918,33.737,9.335,0.0,0.0
501,4.0,8.0,0.0,3.0,3.0,0.0,2518.144,3488.778,-20.687,33.32,33.244,9.266,0.0,0.0
502,4.0,8.0,0.0,4.0,4.0,0.0,2797.824,3590.54,127.495,33.963,33.801,9.35,0.0,0.0
503,5.0,8.0,0.0,0.0,0.0,0.0,2949.411,3307.239,55.812,33.929,33.76,9.339,0.0,0.0
504,5.0,8.0,0.0,1.0,1.0,0.0,3284.236,3354.085,74.639,33.382,33.347,9.288,0.0,0.0
505,5.0,8.0,0.0,2.0,2.0,0.0,3152.429,3361.424,93.312,33.229,33.136,9.238,0.0,0.0
507,5.0,8.0,0.0,4.0,5.0,0.0,3028.37,3469.617,15.034,33.357,33.29,9.277,0.0,0.0
508,5.0,8.0,0.0,5.0,6.0,0.0,3456.423,3571.577,38.414,34.052,33.835,9.367,0.0,0.0
509,5.0,8.0,0.0,6.0,7.0,0.0,2920.827,3616.023,127.993,33.849,33.803,9.334,0.0,0.0
510,6.0,8.0,0.0,0.0,0.0,0.0,3517.686,3417.376,43.934,33.208,33.075,9.226,0.0,0.0
511,6.0,8.0,0.0,1.0,2.0,0.0,3498.954,3583.889,116.293,33.38,33.332,9.204,0.0,0.0
512,6.0,8.0,0.0,2.0,3.0,0.0,3705.417,3584.522,129.699,33.806,33.551,9.293,0.0,0.0
513,7.0,8.0,0.0,0.0,1.0,0.0,4080.188,3283.45,50.071,33.803,33.596,9.299,0.0,0.0
514,7.0,8.0,0.0,1.0,2.0,0.0,4476.899,3389.181,107.299,33.692,33.563,9.362,0.0,0.0
515,7.0,8.0,0.0,2.0,3.0,0.0,4423.935,3406.542,10.852,33.31,33.171,9.254,0.0,0.0
516,7.0,8.0,0.0,3.0,4.0,0.0,4460.157,3423.479,59.802,33.885,33.762,9.333,0.0,0.0
517,7.0,8.0,0.0,4.0,5.0,0.0,4208.886,3490.658,10.926,33.522,33.425,9.319,0.0,0.0
518,7.0,8.0,0.0,5.0,6.0,0.0,4307.063,3567.643,99.528,33.599,33.522,9.343,0.0,0.0
519,7.0,8.0,0.0,6.0,7.0,0.0,4223.773,3665.658,16.485,33.37,33.263,9.275,0.0,0.0
520,8.0,8.0,0.0,0.0,1.0,0.0,5182.956,3322.824,-38.967,34.263,33.994,9.418,0.0,0.0
521,8.0,8.0,0.0,1.0,2.0,0.0,5153.875,3346.611,-41.167,33.586,33.502,9.339,0.0,0.0
522,8.0,8.0,0.0,2.0,3.0,0.0,5092.317,3462.903,-10.05,33.824,33.659,9.311,0.0,0.0
523,8.0,8.0,0.0,3.0,4.0,0.0,4895.952,3573.339,78.768,33.815,33.581,9.299,0.0,0.0
525,8.0,8.0,0.0,5.0,7.0,0.0,4837.743,3597.874,17.604,33.268,33.105,9.239,0.0,0.0
526,8.0,8.0,0.0,6.0,8.0,0.0,5030.215,3670.627,43.743,34.629,34.424,9.445,0.0,0.0
527,9.0,8.0,0.0,0.0,2.0,0.0,5590.978,3400.143,-30.442,33.343,33.238,9.268,0.0,0.0
528,9.0,8.0,0.0,1.0,3.0,0.0,5523.067,3467.43,71.453,33.532,33.343,9.309,0.0,0.0
529,9.0,8.0,0.0,2.0,4.0,0.0,5328.978,3493.633,-34.596,33.601,33.571,9.268,0.0,0.0
530,9.0,8.0,0.0,3.0,5.0,0.0,5452.953,3516.348,45.038,32.965,32.913,9.253,0.0,0.0
531,9.0,8.0,0.0,4.0,6.0,0.0,5406.187,3540.557,122.419,33.535,33.513,9.333,0.0,0.0
532,9.0,8.0,0.0,5.0,7.0,0.0,5572.445,3564.596,-34.101,33.147,33.073,9.218,0.0,0.0
533,9.0,8.0,0.0,6.0,8.0,0.0,5477.5,3566.34,-32.792,33.552,33.481,9.331,0.0,0.0
535,0.0,9.0,0.0,1.0,2.0,0.0,332.045,4035.895,114.98,33.782,33.665,9.306,0.0,0.0
536,0.0,9.0,0.0,2.0,3.0,0.0,297.161,4088.452,-2.384,34.38,32.751,9.263,0.0,0.0
538,1.0,9.0,0.0,1.0,2.0,0.0,722.389,3808.772,113.156,33.185,33.129,9.231,0.0,0.0
540,2.0,9.0,0.0,0.0,1.0,0.0,1437.99,3696.544,86.13,33.779,33.576,9.293,0.0,0.0
543,3.0,9.0,0.0,0.0,1.0,0.0,1996.597,3790.563,-16.204,33.831,33.743,9.323,0.0,0.0
544,3.0,9.0,0.0,1.0,2.0,0.0,2209.093,3954.24,121.085,33.487,33.43,9.233,0.0,0.0
546,4.0,9.0,0.0,1.0,1.0,0.0,2340.555,3736.237,29.285,33.264,33.064,9.233,0.0,0.0
548,4.0,9.0,0.0,3.0,3.0,0.0,2431.751,3788.771,88.896,33.086,32.89,9.267,0.0,0.0
549,4.0,9.0,0.0,4.0,4.0,0.0,2551.623,3901.553,38.54,33.679,33.507,9.27,0.0,0.0
550,4.0,9.0,0.0,5.0,5.0,0.0,2426.759,3925.125,30.96,33.46,33.269,9.207,0.0,0.0
551,4.0,9.0,0.0,6.0,6.0,0.0,2618.238,3950.429,64.855,33.207,33.016,9.218,0.0,0.0
552,5.0,9.0,0.0,0.0,1.0,0.0,2976.324,3738.772,49.629,33.081,32.869,9.18,0.0,0.0
554,5.0,9.0,0.0,2.0,5.0,0.0,3079.609,3827.663,68.035,33.212,33.152,9.238,0.0,0.0
555,5.0,9.0,0.0,3.0,6.0,0.0,3258.62,3841.385,-35.996,33.324,33.237,9.265,0.0,0.0
556,5.0,9.0,0.0,4.0,7.0,0.0,3222.432,3842.311,74.072,33.581,33.487,9.336,0.0,0.0
557,5.0,9.0,0.0,5.0,8.0,0.0,3078.721,3919.703,24.706,33.438,33.352,9.297,0.0,0.0
558,5.0,9.0,0.0,6.0,9.0,0.0,3298.75,3941.291,50.662,33.602,33.458,9.335,0.0,0.0
559,5.0,9.0,0.0,7.0,10.0,0.0,2976.999,4033.162,-36.052,33.703,33.661,9.294,0.0,0.0
560,5.0,9.0,0.0,8.0,11.0,0.0,2897.672,4084.35,133.339,33.942,33.728,9.256,0.0,0.0
561,6.0,9.0,0.0,0.0,1.0,0.0,3883.13,3700.466,110.36,33.874,33.772,9.333,0.0,0.0
562,6.0,9.0,0.0,1.0,3.0,0.0,3619.582,3817.67,-1.599,33.519,33.483,9.327,0.0,0.0
563,6.0,9.0,0.0,2.0,4.0,0.0,3907.353,3867.084,-5.368,33.622,33.574,9.271,0.0,0.0
564,6.0,9.0,0.0,3.0,5.0,0.0,4012.364,3959.129,8.65,33.532,33.241,9.295,0.0,0.0
565,6.0,9.0,0.0,4.0,6.0,0.0,3977.485,3965.401,53.404,34.063,33.947,9.383,0.0,0.0
566,6.0,9.0,0.0,5.0,7.0,0.0,3749.922,3983.187,-44.109,33.008,32.846,9.167,0.0,0.0
569,7.0,9.0,0.0,1.0,2.0,0.0,4481.631,3719.075,108.781,33.808,33.406,9.355,0.0,0.0
571,7.0,9.0,0.0,3.0,4.0,0.0,4467.857,3751.249,-43.544,33.666,33.411,9.337,0.0,0.0
573,7.0,9.0,0.0,5.0,6.0,0.0,4238.188,3858.025,-11.546,33.057,33.023,9.198,0.0,0.0
575,8.0,9.0,0.0,0.0,2.0,0.0,4748.532,3901.959,100.964,32.802,32.731,9.205,0.0,0.0
576,8.0,9.0,0.0,1.0,3.0,0.0,4822.903,3976.018,119.931,33.606,33.469,9.254,0.0,0.0
577,8.0,9.0,0.0,2.0,4.0,0.0,4924.122,4003.692,-34.94,33.14,33.087,9.219,0.0,0.0
578,9.0,9.0,0.0,0.0,0.0,0.0,5438.543,3778.345,78.579,33.287,32.92,9.216,0.0,0.0
579,9.0,9.0,0.0,1.0,1.0,0.0,5434.082,3816.908,95.917,33.657,33.555,9.356,0.0,0.0
580,9.0,9.0,0.0,2.0,2.0,0.0,5521.022,3832.307,-38.666,33.247,33.164,9.244,0.0,0.0
581,9.0,9.0,0.0,3.0,3.0,0.0,5713.728,3841.659,72.507,33.768,33.671,9.305,0.0,0.0
582,9.0,9.0,0.0,4.0,5.0,0.0,5478.526,3966.885,91.597,33.324,33.037,9.237,0.0,0.0
583,0.0,10.0,0.0,0.0,1.0,0.0,157.247,4111.717,33.349,33.36,33.183,9.263,0.0,0.0
584,0.0,10.0,0.0,1.0,2.0,0.0,56.323,4171.844,35.552,32.997,32.75,9.152,0.0,0.0
585,0.0,10.0,0.0,2.0,3.0,0.0,424.205,4177.291,116.793,33.671,33.62,9.284,0.0,0.0
586,0.0,10.0,0.0,3.0,4.0,0.0,345.383,4212.381,59.702,33.498,33.375,9.309,0.0,0.0
587,1.0,10.0,0.0,0.0,0.0,0.0,1064.154,4161.094,120.812,33.839,33.757,9.326,0.0,0.0
588,1.0,10.0,0.0,1.0,1.0,0.0,1087.587,4200.652,-13.184,34.234,34.088,9.427,0.0,0.0
589,1.0,10.0,0.0,2.0,2.0,0.0,831.613,4230.208,96.378,33.412,33.182,9.27,0.0,0.0
591,1.0,10.0,0.0,4.0,4.0,0.0,719.961,4287.614,106.862,33.653,33.624,9.282,0.0,0.0
592,1.0,10.0,0.0,5.0,5.0,0.0,938.872,4332.305,-3.726,33.435,33.341,9.295,0.0,0.0
593,1.0,10.0,0.0,6.0,6.0,0.0,705.108,4355.351,-8.811,33.644,33.569,9.274,0.0,0.0
594,1.0,10.0,0.0,7.0,7.0,0.0,661.97,4368.165,14.108,33.472,33.442,9.314,0.0,0.0
596,2.0,10.0,0.0,1.0,2.0,0.0,1522.039,4160.504,90.769,32.669,32.597,9.167,0.0,0.0
597,2.0,10.0,0.0,2.0,3.0,0.0,1328.306,4189.453,35.823,33.13,33.043,9.211,0.0,0.0
598,2.0,10.0,0.0,3.0,4.0,0.0,1201.425,4214.922,15.336,33.876,33.845,9.344,0.0,0.0
599,2.0,10.0,0.0,4.0,6.0,0.0,1535.354,4322.413,32.547,33.489,33.364,9.306,0.0,0.0
600,2.0,10.0,0.0,5.0,7.0,0.0,1487.762,4378.726,106.253,33.352,33.258,9.272,0.0,0.0
601,2.0,10.0,0.0,6.0,8.0,0.0,1173.715,4491.815,-19.051,34.319,34.151,9.365,0.0,0.0
602,3.0,10.0,0.0,0.0,1.0,0.0,2129.944,4161.345,-44.639,33.587,33.563,9.347,0.0,0.0
603,3.0,10.0,0.0,1.0,2.0,0.0,2169.499,4196.941,99.509,33.629,33.457,9.256,0.0,0.0
604,3.0,10.0,0.0,2.0,3.0,0.0,2075.024,4382.425,100.784,33.479,33.414,9.311,0.0,0.0
605,3.0,10.0,0.0,3.0,4.0,0.0,2115.804,4435.627,130.301,33.471,33.37,9.304,0.0,0.0
607,4.0,10.0,0.0,1.0,2.0,0.0,2858.258,4368.03,34.229,33.625,33.598,9.275,0.0,0.0
608,4.0,10.0,0.0,2.0,3.0,0.0,2538.623,4436.301,54.801,33.032,32.952,9.185,0.0,0.0
609,4.0,10.0,0.0,3.0,4.0,0.0,2780.813,4463.795,-4.774,33.896,33.825,9.344,0.0,0.0
610,4.0,10.0,0.0,4.0,5.0,0.0,2454.821,4467.107,116.134,33.716,33.577,9.367,0.0,0.0
611,4.0,10.0,0.0,5.0,6.0,0.0,2395.091,4484.703,-41.903,33.804,33.651,9.307,0.0,0.0
612,5.0,10.0,0.0,0.0,1.0,0.0,2951.013,4416.926,-13.761,33.414,33.338,9.292,0.0,0.0
613,6.0,10.0,0.0,0.0,0.0,0.0,3521.462,4217.932,43.265,33.383,33.306,9.283,0.0,0.0
614,6.0,10.0,0.0,1.0,1.0,0.0,3531.544,4332.048,-20.335,35.817,35.769,9.627,0.0,0.0
616,6.0,10.0,0.0,3.0,3.0,0.0,3922.994,4394.971,67.311,33.78,33.616,9.299,0.0,0.0
617,6.0,10.0,0.0,4.0,4.0,0.0,3996.499,4486.433,25.176,34.756,34.386,9.377,0.0,0.0
618,7.0,10.0,0.0,0.0,0.0,0.0,4476.496,4132.167,-35.561,33.833,33.443,9.713,0.0,0.0
620,7.0,10.0,0.0,2.0,1.0,0.0,4333.98,4312.218,30.198,32.642,32.612,9.165,0.0,0.0
621,7.0,10.0,0.0,3.0,2.0,0.0,4482.328,4319.206,-21.927,33.629,33.137,9.212,0.0,0.0
622,7.0,10.0,0.0,4.0,3.0,0.0,4161.47,4319.485,35.716,33.134,33.061,9.214,0.0,0.0
624,7.0,10.0,0.0,6.0,5.0,0.0,4087.452,4459.719,-32.633,33.656,33.443,9.258,0.0,0.0
625,8.0,10.0,0.0,0.0,0.0,0.0,5007.41,4120.102,-2.63,33.809,33.69,9.313,0.0,0.0
627,8.0,10.0,0.0,2.0,2.0,0.0,4870.099,4176.248,-6.068,33.514,33.498,9.328,0.0,0.0
628,8.0,10.0,0.0,3.0,3.0,0.0,5180.873,4233.978,-27.187,33.293,33.018,9.231,0.0,0.0
629,8.0,10.0,0.0,4.0,4.0,0.0,4870.755,4263.01,78.902,33.036,32.991,9.191,0.0,0.0
631,9.0,10.0,0.0,1.0,2.0,0.0,5569.729,4299.622,60.282,33.644,33.454,9.258,0.0,0.0
633,9.0,10.0,0.0,3.0,4.0,0.0,5313.134,4409.077,94.101,33.494,33.422,9.315,0.0,0.0
634,9.0,10.0,0.0,4.0,5.0,0.0,5412.561,4486.454,132.72,33.859,33.747,9.328,0.0,0.0
635,0.0,11.0,0.0,0.0,0.0,0.0,570.738,4551.864,32.879,34.911,34.769,9.449,0.0,0.0
636,0.0,11.0,0.0,1.0,1.0,0.0,41.405,4551.52,45.175,34.178,33.314,9.312,0.0,0.0
637,0.0,11.0,0.0,2.0,2.0,0.0,470.631,4764.166,10.638,34.091,33.655,9.348,0.0,0.0
638,1.0,11.0,0.0,0.0,2.0,0.0,1160.698,4567.942,91.111,34.167,32.386,9.178,0.0,0.0
639,1.0,11.0,0.0,1.0,3.0,0.0,685.519,4771.894,60.97,33.23,33.179,9.244,0.0,0.0
640,2.0,11.0,0.0,0.0,1.0,0.0,1460.33,4517.079,116.585,33.43,33.335,9.294,0.0,0.0
642,2.0,11.0,0.0,2.0,5.0,0.0,1581.917,4809.787,2.831,32.888,32.844,9.233,0.0,0.0
643,2.0,11.0,0.0,3.0,6.0,0.0,1255.657,4906.28,-1.975,34.438,29.873,8.949,0.0,0.0
645,3.0,11.0,0.0,1.0,1.0,0.0,1953.951,4524.602,87.957,32.963,32.743,9.228,0.0,0.0
646,3.0,11.0,0.0,2.0,2.0,0.0,2163.842,4556.411,112.357,33.957,33.827,9.352,0.0,0.0
647,3.0,11.0,0.0,3.0,3.0,0.0,2029.745,4769.466,-39.704,33.187,33.041,9.219,0.0,0.0
648,3.0,11.0,0.0,4.0,4.0,0.0,1961.501,4822.191,124.647,33.295,33.237,9.261,0.0,0.0
649,3.0,11.0,0.0,5.0,5.0,0.0,1926.078,4861.511,51.656,33.327,32.922,9.139,0.0,0.0
650,3.0,11.0,0.0,6.0,6.0,0.0,2126.095,4897.243,-5.676,34.262,34.132,9.355,0.0,0.0
651,4.0,11.0,0.0,0.0,1.0,0.0,2488.418,4577.323,70.369,33.344,33.196,9.262,0.0,0.0
652,4.0,11.0,0.0,1.0,2.0,0.0,2816.061,4600.522,129.895,33.459,33.294,9.292,0.0,0.0
653,4.0,11.0,0.0,2.0,3.0,0.0,2447.581,4633.415,62.696,33.334,32.907,9.221,0.0,0.0
654,4.0,11.0,0.0,3.0,4.0,0.0,2781.15,4694.425,118.483,33.272,33.151,9.246,0.0,0.0
656,4.0,11.0,0.0,5.0,6.0,0.0,2576.941,4719.964,89.592,33.266,33.057,9.232,0.0,0.0
657,4.0,11.0,0.0,6.0,8.0,0.0,2770.984,4761.146,115.948,34.049,33.953,9.382,0.0,0.0
658,4.0,11.0,0.0,7.0,9.0,0.0,2457.171,4788.743,63.502,33.201,33.108,9.23,0.0,0.0
659,4.0,11.0,0.0,8.0,10.0,0.0,2868.547,4850.833,69.25,34.788,34.678,9.342,0.0,0.0
660,4.0,11.0,0.0,9.0,11.0,0.0,2764.88,4868.274,-23.788,34.332,34.199,9.373,0.0,0.0
661,5.0,11.0,0.0,0.0,0.0,0.0,2925.454,4563.117,38.027,34.103,33.945,9.389,0.0,0.0
662,5.0,11.0,0.0,1.0,1.0,0.0,2969.157,4737.11,118.468,33.566,33.485,9.251,0.0,0.0
663,5.0,11.0,0.0,2.0,2.0,0.0,3257.163,4799.522,116.244,33.669,33.588,9.28,0.0,0.0
664,5.0,11.0,0.0,3.0,3.0,0.0,3202.22,4830.396,104.68,33.812,33.796,9.328,0.0,0.0
665,5.0,11.0,0.0,4.0,5.0,0.0,3127.217,4864.588,-30.81,33.716,33.614,9.29,0.0,0.0
666,5.0,11.0,0.0,5.0,6.0,0.0,3309.379,4884.433,22.865,33.995,33.932,9.372,0.0,0.0
667,6.0,11.0,0.0,0.0,1.0,0.0,3608.322,4706.665,24.428,33.29,33.238,9.261,0.0,0.0
668,6.0,11.0,0.0,1.0,2.0,0.0,3895.214,4750.191,85.458,33.737,33.659,9.381,0.0,0.0
672,6.0,11.0,0.0,5.0,6.0,0.0,3552.414,4857.781,95.593,33.582,33.522,9.341,0.0,0.0
673,6.0,11.0,0.0,6.0,7.0,0.0,3623.2,4904.901,-2.988,34.399,32.186,9.185,0.0,0.0
675,7.0,11.0,0.0,1.0,2.0,0.0,4252.209,4824.762,96.135,33.866,33.747,9.329,0.0,0.0
676,7.0,11.0,0.0,2.0,3.0,0.0,4536.226,4881.264,21.727,34.157,33.813,9.378,0.0,0.0
677,7.0,11.0,0.0,3.0,4.0,0.0,4128.264,4900.325,68.514,34.159,33.857,9.303,0.0,0.0
678,8.0,11.0,0.0,0.0,0.0,0.0,4836.984,4515.059,66.653,33.229,33.108,9.234,0.0,0.0
679,8.0,11.0,0.0,1.0,1.0,0.0,4891.211,4518.424,59.925,33.367,33.103,9.252,0.0,0.0
681,8.0,11.0,0.0,3.0,3.0,0.0,5060.578,4781.705,79.664,33.654,33.463,9.342,0.0,0.0
685,9.0,11.0,0.0,2.0,3.0,0.0,5569.242,4819.507,100.502,33.293,33.162,9.25,0.0,0.0
688,0.0,12.0,0.0,1.0,2.0,0.0,582.741,5223.333,88.494,34.337,34.258,9.382,0.0,0.0
691,0.0,12.0,0.0,4.0,5.0,0.0,420.825,5311.402,-8.568,33.716,33.573,9.284,0.0,0.0
693,1.0,12.0,0.0,0.0,0.0,0.0,931.321,4985.568,72.781,33.312,33.225,9.262,0.0,0.0
694,1.0,12.0,0.0,1.0,1.0,0.0,836.274,5019.78,62.535,33.199,33.154,9.236,0.0,0.0
695,1.0,12.0,0.0,2.0,2.0,0.0,1044.554,5033.59,46.79,34.17,33.952,9.318,0.0,0.0
696,1.0,12.0,0.0,3.0,3.0,0.0,605.075,5082.377,86.676,33.309,33.245,9.264,0.0,0.0
702,2.0,12.0,0.0,1.0,2.0,0.0,1589.155,4956.64,123.64,33.63,33.513,9.346,0.0,0.0
703,2.0,12.0,0.0,2.0,3.0,0.0,1543.369,4957.97,60.351,33.01,32.907,9.258,0.0,0.0
704,2.0,12.0,0.0,3.0,4.0,0.0,1215.793,5178.429,35.804,33.508,33.294,9.299,0.0,0.0
705,2.0,12.0,0.0,4.0,5.0,0.0,1294.932,5316.062,-1.502,35.744,26.828,8.579,0.0,0.0
706,3.0,12.0,0.0,0.0,2.0,0.0,1943.935,5192.031,8.173,33.61,33.437,9.333,0.0,0.0
707,3.0,12.0,0.0,1.0,3.0,0.0,1840.958,5218.625,-38.928,33.416,33.292,9.286,0.0,0.0
708,4.0,12.0,0.0,0.0,0.0,0.0,2328.089,5016.743,22.86,33.137,32.89,9.274,0.0,0.0
709,4.0,12.0,0.0,1.0,1.0,0.0,2381.075,5050.656,47.02,34.369,34.279,9.389,0.0,0.0
710,4.0,12.0,0.0,2.0,2.0,0.0,2468.768,5104.705,49.037,33.3,33.272,9.267,0.0,0.0
711,4.0,12.0,0.0,3.0,3.0,0.0,2533.149,5132.853,38.044,33.746,33.62,9.295,0.0,0.0
713,5.0,12.0,0.0,0.0,1.0,0.0,2988.504,4915.441,41.454,33.848,33.646,9.312,0.0,0.0
714,5.0,12.0,0.0,1.0,2.0,0.0,3200.425,4947.664,-41.926,34.081,33.837,9.808,0.0,0.0
715,5.0,12.0,0.0,2.0,2.0,0.0,3229.718,4934.267,125.607,33.369,33.104,9.694,0.0,0.0
716,5.0,12.0,0.0,3.0,3.0,0.0,2917.127,4958.613,-33.5,33.663,33.644,9.369,0.0,0.0
717,5.0,12.0,0.0,4.0,4.0,0.0,2932.663,5004.883,-11.879,34.26,33.08,9.14,0.0,0.0
718,5.0,12.0,0.0,5.0,5.0,0.0,3070.858,5011.48,35.337,33.984,33.776,9.349,0.0,0.0
719,5.0,12.0,0.0,6.0,6.0,0.0,2932.398,5098.703,71.638,33.517,33.425,9.318,0.0,0.0
720,5.0,12.0,0.0,7.0,8.0,0.0,3318.466,5247.752,73.383,33.996,33.857,9.362,0.0,0.0
721,5.0,12.0,0.0,8.0,9.0,0.0,3411.297,5306.575,132.876,34.907,34.777,9.45,0.0,0.0
722,6.0,12.0,0.0,0.0,1.0,0.0,3654.789,4936.119,99.119,16.1,13.858,5.899,0.0,0.0
723,6.0,12.0,0.0,1.0,2.0,0.0,3571.386,4956.388,-26.476,33.496,33.473,9.322,0.0,0.0
724,6.0,12.0,0.0,2.0,3.0,0.0,3510.626,5014.261,46.349,33.816,33.545,9.376,0.0,0.0
725,6.0,12.0,0.0,3.0,4.0,0.0,3843.944,5083.603,-42.365,33.276,33.207,9.254,0.0,0.0
726,6.0,12.0,0.0,4.0,5.0,0.0,3581.524,5103.809,47.344,33.88,33.642,9.316,0.0,0.0
727,6.0,12.0,0.0,5.0,6.0,0.0,3838.988,5189.974,3.026,33.753,33.714,9.391,0.0,0.0
728,7.0,12.0,0.0,0.0,2.0,0.0,4198.907,4995.859,51.632,33.683,33.338,9.329,0.0,0.0
729,8.0,12.0,0.0,0.0,1.0,0.0,5085.386,4964.586,76.155,33.559,33.418,9.323,0.0,0.0
730,8.0,12.0,0.0,1.0,2.0,0.0,4750.937,5028.547,36.902,33.677,33.521,9.354,0.0,0.0
731,8.0,12.0,0.0,2.0,3.0,0.0,4671.66,5062.946,25.284,33.515,33.284,9.299,0.0,0.0
732,8.0,12.0,0.0,3.0,4.0,0.0,4806.458,5089.229,89.196,33.565,33.484,9.333,0.0,0.0
733,8.0,12.0,0.0,4.0,5.0,0.0,4695.777,5147.153,-4.851,33.466,33.346,9.3,0.0,0.0
734,8.0,12.0,0.0,5.0,6.0,0.0,4778.267,5148.072,25.591,33.533,33.472,9.327,0.0,0.0
736,9.0,12.0,0.0,1.0,1.0,0.0,5430.252,4989.5,77.316,33.502,33.379,9.31,0.0,0.0
737,9.0,12.0,0.0,2.0,2.0,0.0,5625.961,5043.692,128.32,33.231,33.15,9.24,0.0,0.0
739,9.0,12.0,0.0,4.0,4.0,0.0,5578.004,5127.105,112.509,33.334,33.232,9.266,0.0,0.0
740,9.0,12.0,0.0,5.0,5.0,0.0,5360.825,5142.514,-19.881,33.509,33.296,9.299,0.0,0.0
741,9.0,12.0,0.0,6.0,8.0,0.0,5622.066,5278.148,-2.866,34.008,33.96,9.378,0.0,0.0
743,0.0,1.0,0.0,0.0,0.0,0.0,6.517,575.849,33.811,33.828,32.14,26.048,4.0,
746,0.0,2.0,0.0,0.0,0.0,0.0,483.091,949.622,19.157,33.38,32.386,27.948,4.0,
747,0.0,2.0,0.0,0.0,0.0,0.0,326.261,1217.928,54.453,34.011,33.567,28.738,4.0,
749,0.0,8.0,0.0,0.0,0.0,0.0,14.65,3667.502,40.001,34.249,33.566,28.853,4.0,
751,1.0,0.0,0.0,0.0,0.0,0.0,756.129,37.764,106.658,34.156,33.443,28.731,4.0,
752,1.0,0.0,0.0,0.0,0.0,0.0,755.33,66.985,24.434,33.749,33.038,28.375,4.0,
754,1.0,1.0,0.0,0.0,0.0,0.0,1076.895,607.295,133.342,33.887,33.459,24.78,4.0,
755,1.0,1.0,0.0,0.0,0.0,0.0,1053.18,618.699,-24.934,35.06,33.283,29.049,4.0,
757,1.0,4.0,0.0,0.0,0.0,0.0,1042.503,2017.735,117.759,34.362,33.447,28.851,4.0,
759,1.0,9.0,0.0,0.0,0.0,0.0,709.62,3709.643,99.162,34.094,32.922,28.545,4.0,
760,1.0,9.0,0.0,0.0,0.0,0.0,688.186,3713.375,-14.128,34.537,33.996,29.101,4.0,
761,1.0,10.0,0.0,0.0,0.0,0.0,1164.496,4236.404,-5.382,34.052,33.12,28.503,4.0,
701,2.0,12.0,0.0,0.0,1.0,0.0,1476.408,4927.899,34.711,33.222,33.121,9.235,0.0,0.0
763,2.0,0.0,0.0,0.0,0.0,0.0,1637.164,224.434,-26.742,34.128,32.939,28.561,4.0,
764,2.0,0.0,0.0,0.0,0.0,0.0,1619.087,210.623,15.085,33.45,32.748,28.115,4.0,
765,2.0,3.0,0.0,0.0,0.0,0.0,1467.598,1268.43,55.367,33.966,31.794,27.979,4.0,
766,2.0,3.0,0.0,0.0,0.0,0.0,1461.557,1267.156,-33.304,33.105,32.591,27.939,4.0,
768,2.0,5.0,0.0,0.0,0.0,0.0,1181.968,2057.026,39.825,33.566,32.95,28.304,4.0,
772,2.0,6.0,0.0,0.0,0.0,0.0,1168.349,2847.67,83.974,33.366,32.939,28.179,4.0,
773,2.0,6.0,0.0,0.0,0.0,0.0,1198.274,2823.561,11.408,33.566,33.289,28.457,4.0,
774,2.0,6.0,0.0,0.0,0.0,0.0,1203.537,2806.119,19.333,33.956,32.947,28.547,4.0,
775,2.0,6.0,0.0,0.0,0.0,0.0,1725.445,2508.431,120.682,33.35,32.639,28.116,4.0,
776,2.0,6.0,0.0,0.0,0.0,0.0,1710.84,2491.46,79.498,33.253,32.954,28.141,4.0,
778,3.0,3.0,0.0,0.0,0.0,0.0,1915.154,1383.276,80.933,33.736,31.848,28.05,4.0,
779,3.0,3.0,0.0,0.0,0.0,0.0,1905.352,1388.832,79.562,33.339,32.27,27.98,4.0,
782,3.0,4.0,0.0,0.0,0.0,0.0,2256.397,1723.738,60.171,33.239,32.548,27.968,4.0,
783,3.0,4.0,0.0,0.0,0.0,0.0,2255.304,1699.183,43.944,33.266,33.107,28.225,4.0,
784,3.0,4.0,0.0,0.0,0.0,0.0,2148.975,1847.427,-26.488,33.799,33.393,28.625,4.0,
785,3.0,4.0,0.0,0.0,0.0,0.0,2144.157,1835.643,47.007,34.542,32.155,28.096,4.0,
786,3.0,5.0,0.0,0.0,0.0,0.0,1745.267,2381.287,35.277,33.905,33.459,28.644,4.0,
787,4.0,3.0,0.0,0.0,0.0,0.0,2682.897,1645.69,-28.56,34.338,34.015,29.086,4.0,
789,4.0,5.0,0.0,0.0,0.0,0.0,2605.194,2346.312,90.295,33.317,32.436,27.998,4.0,
790,4.0,5.0,0.0,0.0,0.0,0.0,2589.104,2337.022,16.848,34.082,32.782,28.298,4.0,
792,4.0,6.0,0.0,0.0,0.0,0.0,2517.786,2834.801,-36.088,33.963,33.856,28.836,4.0,
793,4.0,6.0,0.0,0.0,0.0,0.0,2492.838,2834.381,12.327,34.013,32.635,28.261,4.0,
795,4.0,7.0,0.0,0.0,0.0,0.0,2874.849,3204.657,87.015,33.538,32.665,28.211,4.0,
796,4.0,7.0,0.0,0.0,0.0,0.0,2852.284,3207.015,-34.197,33.885,32.773,28.304,4.0,
798,4.0,11.0,0.0,0.0,0.0,0.0,2464.277,4727.804,85.419,33.365,32.712,28.109,4.0,
799,4.0,11.0,0.0,0.0,0.0,0.0,2457.289,4723.098,22.748,34.342,33.502,28.74,4.0,
800,5.0,1.0,0.0,0.0,0.0,0.0,3155.062,554.231,26.262,34.606,32.91,28.688,4.0,
803,5.0,6.0,0.0,0.0,0.0,0.0,3168.704,2627.56,22.643,32.589,31.284,27.316,4.0,
805,5.0,8.0,0.0,0.0,0.0,0.0,3310.151,3649.542,128.316,33.217,32.889,28.094,4.0,
806,5.0,8.0,0.0,0.0,0.0,0.0,3292.892,3658.593,101.763,34.226,33.511,26.679,4.0,
807,5.0,9.0,0.0,0.0,0.0,0.0,3464.669,3757.498,87.039,33.934,32.977,28.423,4.0,
808,6.0,1.0,0.0,0.0,0.0,0.0,3469.604,772.708,-36.867,33.807,33.239,28.491,4.0,
810,6.0,4.0,0.0,0.0,0.0,0.0,4011.059,1648.713,54.637,34.91,33.628,29.105,4.0,
392,6.0,6.0,0.0,5.0,5.0,0.0,3862.201,2841.67,95.651,34.188,33.915,9.652,0.0,0.0
812,6.0,8.0,0.0,0.0,0.0,0.0,3692.522,3666.285,123.203,33.524,32.795,28.242,4.0,
813,6.0,11.0,0.0,0.0,0.0,0.0,3841.64,4849.242,67.247,33.746,33.12,28.438,4.0,
815,7.0,1.0,0.0,0.0,0.0,0.0,4404.99,424.907,89.934,34.02,32.929,28.456,4.0,
817,7.0,2.0,0.0,0.0,0.0,0.0,4115.119,1137.6,0.509,33.25,32.775,28.082,4.0,
818,7.0,2.0,0.0,0.0,0.0,0.0,4093.212,1111.541,99.634,33.239,32.935,28.137,4.0,
821,7.0,11.0,0.0,0.0,0.0,0.0,4603.888,4902.298,78.876,34.022,32.498,28.322,4.0,
822,7.0,11.0,0.0,0.0,0.0,0.0,4421.024,4753.702,-29.764,32.579,31.926,27.46,4.0,
823,7.0,11.0,0.0,0.0,0.0,0.0,4405.785,4745.495,123.928,33.544,32.099,28.057,4.0,
825,8.0,5.0,0.0,0.0,0.0,0.0,4815.651,2451.116,60.429,33.702,32.788,28.189,4.0,
826,8.0,5.0,0.0,0.0,0.0,0.0,4802.176,2432.15,-31.169,34.355,32.52,28.543,4.0,
828,9.0,5.0,0.0,0.0,0.0,0.0,5245.908,2153.074,-0.769,34.352,33.061,28.555,4.0,
830,9.0,6.0,0.0,0.0,0.0,0.0,5726.748,2857.349,91.508,33.739,33.193,28.478,4.0,
832,9.0,7.0,0.0,0.0,0.0,0.0,5640.924,2871.89,-23.697,34.245,33.499,28.791,4.0,
834,9.0,12.0,0.0,0.0,0.0,0.0,5485.034,5268.152,57.531,33.698,32.726,28.179,4.0,
835,9.0,12.0,0.0,0.0,0.0,0.0,5478.575,5258.821,22.557,33.33,32.386,27.911,4.0,
</ResultDatas>,,,,,,,,,,,,,,
<ElementResult>,,,,,,,,,,,,,,
0,0.0,,,,,,,,,,,,,
1,0.0,,,,,,,,,,,,,
2,0.0,,,,,,,,,,,,,
3,6.0,,,,,,,,,,,,,
4,0.0,,,,,,,,,,,,,
5,615.0,,,,,,,,,,,,,
</ElementResult>,,,,,,,,,,,,,,
