No,ImageNoX,ImageNoY,ImageNoZ,ElpsLabel,ObjLabel,Average,GravX,GravY,Angle,MjrAx,MnrAx,X2,Status,DepthAve
0,0.0,0.0,1.0,0.0,2.0,0.0,322.096,57.666,83.423,35.679,35.563,9.581,0.0,0.0
1,0.0,0.0,1.0,1.0,3.0,0.0,484.521,143.665,37.332,36.564,36.493,9.744,0.0,0.0
2,0.0,0.0,1.0,2.0,4.0,0.0,435.38,158.288,89.796,36.144,35.938,9.614,0.0,0.0
3,0.0,0.0,1.0,3.0,5.0,0.0,159.325,219.967,71.037,36.939,36.862,9.763,0.0,0.0
4,0.0,0.0,1.0,4.0,6.0,0.0,407.585,267.92,-7.995,35.996,35.945,9.675,0.0,0.0
5,0.0,0.0,1.0,5.0,7.0,0.0,452.781,404.215,54.238,37.272,37.066,9.756,0.0,0.0
8,1.0,0.0,1.0,2.0,2.0,0.0,792.76,141.064,107.039,36.104,36.01,9.618,0.0,0.0
9,1.0,0.0,1.0,3.0,3.0,0.0,1094.163,294.762,35.849,36.201,36.007,9.631,0.0,0.0
10,1.0,0.0,1.0,4.0,4.0,0.0,849.228,330.648,12.499,36.084,36.048,9.7,0.0,0.0
11,1.0,0.0,1.0,5.0,5.0,0.0,1007.857,337.881,59.823,36.414,36.384,9.631,0.0,0.0
12,1.0,0.0,1.0,6.0,7.0,0.0,664.976,406.242,23.192,36.8,36.747,9.73,0.0,0.0
13,2.0,0.0,1.0,0.0,0.0,0.0,1392.296,231.284,89.638,36.897,36.72,9.739,0.0,0.0
14,2.0,0.0,1.0,1.0,1.0,0.0,1638.791,234.891,103.358,37.121,37.017,9.808,0.0,0.0
15,2.0,0.0,1.0,2.0,2.0,0.0,1645.24,277.288,63.517,36.579,36.477,9.665,0.0,0.0
16,2.0,0.0,1.0,3.0,3.0,0.0,1736.614,340.343,95.982,33.05,31.965,9.13,0.0,0.0
17,2.0,0.0,1.0,4.0,4.0,0.0,1172.359,373.033,132.151,37.018,36.902,9.701,0.0,0.0
18,3.0,0.0,1.0,0.0,0.0,0.0,2006.591,299.39,114.779,36.354,36.242,9.682,0.0,0.0
19,4.0,0.0,1.0,0.0,2.0,0.0,2404.545,96.664,48.116,36.494,36.27,9.705,0.0,0.0
20,4.0,0.0,1.0,1.0,3.0,0.0,2691.084,194.848,43.887,36.077,36.038,9.618,0.0,0.0
22,4.0,0.0,1.0,3.0,5.0,0.0,2512.217,255.01,78.792,36.342,36.249,9.681,0.0,0.0
23,4.0,0.0,1.0,4.0,6.0,0.0,2615.696,255.524,71.56,36.258,36.05,9.644,0.0,0.0
24,5.0,0.0,1.0,0.0,0.0,0.0,3306.576,239.436,-19.454,35.31,35.298,9.495,0.0,0.0
25,5.0,0.0,1.0,1.0,1.0,0.0,3463.784,268.788,93.593,37.166,34.791,9.511,0.0,0.0
26,5.0,0.0,1.0,2.0,2.0,0.0,2919.569,281.431,21.346,36.818,36.645,9.719,0.0,0.0
27,6.0,0.0,1.0,0.0,0.0,0.0,3674.561,117.329,29.999,35.809,35.631,9.607,0.0,0.0
28,6.0,0.0,1.0,1.0,1.0,0.0,3879.385,249.795,77.143,36.328,36.271,9.683,0.0,0.0
32,6.0,0.0,1.0,5.0,5.0,0.0,3518.74,336.171,53.473,36.369,36.266,9.687,0.0,0.0
33,7.0,0.0,1.0,0.0,1.0,0.0,4161.636,92.398,63.894,36.727,36.698,9.713,0.0,0.0
34,7.0,0.0,1.0,1.0,2.0,0.0,4510.028,119.722,67.311,36.126,36.103,9.633,0.0,0.0
35,7.0,0.0,1.0,2.0,3.0,0.0,4325.775,365.833,37.196,36.712,36.647,9.705,0.0,0.0
36,7.0,0.0,1.0,3.0,4.0,0.0,4615.493,366.507,90.593,37.469,35.218,9.536,0.0,0.0
37,7.0,0.0,1.0,4.0,5.0,0.0,4428.197,379.835,21.148,37.427,36.538,9.862,0.0,0.0
38,8.0,0.0,1.0,0.0,1.0,0.0,4905.009,316.261,123.51,37.192,37.067,9.746,0.0,0.0
39,9.0,0.0,1.0,0.0,1.0,0.0,5768.229,59.028,91.106,39.056,34.378,9.543,0.0,0.0
40,9.0,0.0,1.0,1.0,2.0,0.0,5554.291,146.168,99.313,36.324,36.232,9.677,0.0,0.0
41,9.0,0.0,1.0,2.0,3.0,0.0,5454.216,179.859,43.059,36.854,36.605,9.718,0.0,0.0
42,9.0,0.0,1.0,3.0,4.0,0.0,5592.458,207.625,53.605,36.014,35.885,9.589,0.0,0.0
43,9.0,0.0,1.0,4.0,5.0,0.0,5263.478,313.675,14.824,37.91,37.64,9.837,0.0,0.0
44,9.0,0.0,1.0,5.0,6.0,0.0,5213.047,322.63,25.877,37.111,37.072,9.736,0.0,0.0
45,9.0,0.0,1.0,6.0,7.0,0.0,5642.933,356.806,56.667,37.838,37.691,9.912,0.0,0.0
46,9.0,0.0,1.0,7.0,8.0,0.0,5515.211,392.415,85.326,37.267,37.146,9.766,0.0,0.0
47,0.0,1.0,1.0,0.0,1.0,0.0,54.465,502.534,35.682,36.716,36.617,9.701,0.0,0.0
48,0.0,1.0,1.0,1.0,2.0,0.0,119.336,532.068,44.811,35.547,35.477,9.551,0.0,0.0
49,0.0,1.0,1.0,2.0,3.0,0.0,54.227,785.861,48.248,36.647,36.49,9.676,0.0,0.0
50,0.0,1.0,1.0,3.0,4.0,0.0,349.57,804.203,43.619,36.102,36.054,9.624,0.0,0.0
51,1.0,1.0,1.0,0.0,1.0,0.0,961.709,477.685,115.591,36.713,36.558,9.693,0.0,0.0
52,1.0,1.0,1.0,1.0,2.0,0.0,634.52,670.633,59.371,38.066,37.88,9.813,0.0,0.0
53,1.0,1.0,1.0,2.0,3.0,0.0,947.214,689.993,-22.491,36.121,35.985,9.617,0.0,0.0
54,1.0,1.0,1.0,3.0,4.0,0.0,653.067,710.121,17.367,36.443,36.291,9.622,0.0,0.0
55,1.0,1.0,1.0,4.0,5.0,0.0,822.949,768.964,75.41,36.163,35.93,9.615,0.0,0.0
57,2.0,1.0,1.0,1.0,1.0,0.0,1427.982,505.312,-43.698,36.338,36.329,9.613,0.0,0.0
58,2.0,1.0,1.0,2.0,2.0,0.0,1681.653,515.833,122.059,36.596,36.412,9.658,0.0,0.0
59,2.0,1.0,1.0,3.0,3.0,0.0,1576.391,768.372,65.918,36.668,36.518,9.682,0.0,0.0
60,2.0,1.0,1.0,4.0,4.0,0.0,1178.274,822.381,5.094,36.246,35.955,9.63,0.0,0.0
61,3.0,1.0,1.0,0.0,1.0,0.0,2071.147,626.981,-37.681,35.391,35.314,9.508,0.0,0.0
62,3.0,1.0,1.0,1.0,2.0,0.0,1822.715,639.803,-4.363,36.667,36.567,9.688,0.0,0.0
63,4.0,1.0,1.0,0.0,0.0,0.0,2348.349,513.369,73.297,36.477,36.371,9.56,0.0,0.0
64,4.0,1.0,1.0,1.0,1.0,0.0,2470.372,680.182,49.056,36.504,36.322,9.634,0.0,0.0
65,4.0,1.0,1.0,2.0,2.0,0.0,2522.767,736.673,64.095,37.007,36.825,9.767,0.0,0.0
66,4.0,1.0,1.0,3.0,3.0,0.0,2566.092,747.066,52.234,36.69,36.504,9.683,0.0,0.0
67,5.0,1.0,1.0,0.0,0.0,0.0,2947.714,432.917,45.505,37.47,37.287,9.811,0.0,0.0
68,5.0,1.0,1.0,1.0,1.0,0.0,3268.174,494.451,119.205,37.041,36.977,9.714,0.0,0.0
69,5.0,1.0,1.0,2.0,2.0,0.0,3323.54,623.88,3.762,36.575,36.553,9.674,0.0,0.0
70,5.0,1.0,1.0,3.0,3.0,0.0,3379.852,658.941,86.322,36.437,36.295,9.7,0.0,0.0
71,5.0,1.0,1.0,4.0,4.0,0.0,3063.391,661.896,62.916,37.276,37.175,9.771,0.0,0.0
72,5.0,1.0,1.0,5.0,5.0,0.0,3463.916,737.677,91.618,37.412,34.536,9.512,0.0,0.0
73,6.0,1.0,1.0,0.0,0.0,0.0,3685.371,496.488,36.09,36.217,36.038,9.637,0.0,0.0
74,7.0,1.0,1.0,0.0,0.0,0.0,4430.18,550.617,120.657,36.718,36.678,9.71,0.0,0.0
75,7.0,1.0,1.0,1.0,1.0,0.0,4431.77,711.983,-26.719,36.352,36.324,9.693,0.0,0.0
78,8.0,1.0,1.0,2.0,3.0,0.0,4767.201,690.984,38.684,36.83,36.62,9.717,0.0,0.0
79,8.0,1.0,1.0,3.0,4.0,0.0,5174.914,793.059,50.369,37.522,37.23,9.81,0.0,0.0
80,9.0,1.0,1.0,0.0,1.0,0.0,5512.098,594.112,65.598,36.051,35.904,9.676,0.0,0.0
81,9.0,1.0,1.0,1.0,2.0,0.0,5318.699,643.965,-39.94,36.891,36.837,9.754,0.0,0.0
82,9.0,1.0,1.0,2.0,3.0,0.0,5764.379,780.392,44.755,37.221,37.031,9.745,0.0,0.0
83,0.0,2.0,1.0,0.0,1.0,0.0,99.062,949.185,43.957,36.317,35.995,9.644,0.0,0.0
84,0.0,2.0,1.0,1.0,2.0,0.0,521.5,994.803,43.057,37.274,37.127,9.764,0.0,0.0
85,0.0,2.0,1.0,2.0,4.0,0.0,381.597,1181.173,96.749,36.558,36.239,9.954,0.0,0.0
88,1.0,2.0,1.0,0.0,1.0,0.0,871.829,1025.31,108.363,36.654,36.632,9.695,0.0,0.0
89,1.0,2.0,1.0,1.0,2.0,0.0,595.387,1100.997,-1.594,36.537,36.426,9.652,0.0,0.0
90,2.0,2.0,1.0,0.0,1.0,0.0,1660.596,848.626,-5.122,37.003,36.941,9.782,0.0,0.0
91,2.0,2.0,1.0,1.0,2.0,0.0,1250.815,938.877,33.011,36.749,36.489,9.689,0.0,0.0
92,2.0,2.0,1.0,2.0,3.0,0.0,1656.079,982.415,-39.205,36.838,36.731,9.732,0.0,0.0
93,2.0,2.0,1.0,3.0,4.0,0.0,1425.685,1061.206,53.701,36.065,35.76,9.908,0.0,0.0
94,2.0,2.0,1.0,4.0,5.0,0.0,1395.266,1130.149,99.258,36.742,36.633,9.707,0.0,0.0
95,2.0,2.0,1.0,5.0,6.0,0.0,1437.632,1134.492,58.802,36.492,36.198,9.694,0.0,0.0
96,2.0,2.0,1.0,6.0,7.0,0.0,1177.154,1142.327,20.507,37.089,36.998,9.723,0.0,0.0
97,2.0,2.0,1.0,7.0,8.0,0.0,1694.008,1217.272,49.22,37.703,37.533,9.874,0.0,0.0
98,3.0,2.0,1.0,0.0,0.0,0.0,1831.962,996.745,58.892,37.387,37.267,9.797,0.0,0.0
99,3.0,2.0,1.0,1.0,1.0,0.0,2264.083,1171.81,-18.056,36.929,36.695,9.74,0.0,0.0
100,4.0,2.0,1.0,0.0,0.0,0.0,2445.346,912.194,32.265,36.57,36.544,9.672,0.0,0.0
101,5.0,2.0,1.0,0.0,0.0,0.0,3364.701,999.909,90.51,36.79,36.622,9.712,0.0,0.0
102,5.0,2.0,1.0,1.0,1.0,0.0,3282.404,1055.53,48.87,35.472,35.246,9.51,0.0,0.0
103,5.0,2.0,1.0,2.0,2.0,0.0,2916.589,1114.351,69.257,36.501,36.479,9.655,0.0,0.0
104,5.0,2.0,1.0,3.0,3.0,0.0,2971.37,1139.613,33.451,37.215,37.173,9.763,0.0,0.0
107,6.0,2.0,1.0,0.0,0.0,0.0,3630.923,844.922,-43.131,36.624,36.535,9.678,0.0,0.0
108,6.0,2.0,1.0,1.0,1.0,0.0,3826.993,865.797,58.001,37.375,37.164,9.782,0.0,0.0
110,6.0,2.0,1.0,3.0,3.0,0.0,3807.748,946.157,73.705,36.474,36.259,9.622,0.0,0.0
111,6.0,2.0,1.0,4.0,4.0,0.0,4032.227,1020.926,-21.968,37.011,36.832,9.769,0.0,0.0
112,7.0,2.0,1.0,0.0,0.0,0.0,4308.849,842.011,-10.052,36.97,36.817,9.761,0.0,0.0
113,7.0,2.0,1.0,1.0,1.0,0.0,4327.966,1009.297,57.448,36.399,36.385,9.707,0.0,0.0
114,7.0,2.0,1.0,2.0,3.0,0.0,4470.382,1112.806,70.493,36.884,36.787,9.746,0.0,0.0
115,8.0,2.0,1.0,0.0,0.0,0.0,4922.387,1067.927,103.553,36.882,36.744,9.74,0.0,0.0
116,8.0,2.0,1.0,1.0,1.0,0.0,5022.812,1129.301,5.516,37.185,37.099,9.749,0.0,0.0
117,9.0,2.0,1.0,0.0,0.0,0.0,5505.528,877.568,31.187,37.08,36.908,9.71,0.0,0.0
118,9.0,2.0,1.0,1.0,1.0,0.0,5586.976,884.666,46.787,37.147,37.069,9.74,0.0,0.0
120,9.0,2.0,1.0,3.0,3.0,0.0,5309.305,1033.002,125.359,35.93,35.854,9.653,0.0,0.0
121,9.0,2.0,1.0,4.0,4.0,0.0,5729.291,1057.766,36.281,37.115,37.014,9.728,0.0,0.0
122,9.0,2.0,1.0,5.0,5.0,0.0,5677.706,1084.95,1.898,36.598,36.539,9.754,0.0,0.0
123,9.0,2.0,1.0,6.0,6.0,0.0,5543.843,1166.56,38.929,37.1,36.97,9.799,0.0,0.0
124,9.0,2.0,1.0,7.0,7.0,0.0,5652.757,1185.794,77.548,38.253,38.146,9.948,0.0,0.0
127,0.0,3.0,1.0,1.0,3.0,0.0,118.312,1328.923,63.879,36.751,36.59,9.702,0.0,0.0
128,0.0,3.0,1.0,2.0,4.0,0.0,165.748,1424.08,76.769,36.379,36.137,9.671,0.0,0.0
129,0.0,3.0,1.0,3.0,6.0,0.0,394.935,1640.367,-2.785,37.849,34.23,9.455,0.0,0.0
130,1.0,3.0,1.0,0.0,0.0,0.0,1018.84,1295.927,122.847,36.414,36.204,9.685,0.0,0.0
131,1.0,3.0,1.0,1.0,1.0,0.0,917.615,1416.309,94.012,35.661,35.519,9.572,0.0,0.0
132,1.0,3.0,1.0,2.0,2.0,0.0,1157.597,1441.805,-1.229,36.886,36.825,9.751,0.0,0.0
133,1.0,3.0,1.0,3.0,3.0,0.0,621.259,1518.997,-40.414,36.579,36.345,9.726,0.0,0.0
134,1.0,3.0,1.0,4.0,4.0,0.0,669.577,1623.155,14.494,36.373,36.28,9.69,0.0,0.0
135,2.0,3.0,1.0,0.0,1.0,0.0,1370.735,1282.098,76.819,36.103,36.024,9.62,0.0,0.0
136,2.0,3.0,1.0,1.0,2.0,0.0,1462.428,1298.251,91.887,36.625,36.492,9.673,0.0,0.0
137,2.0,3.0,1.0,2.0,3.0,0.0,1611.363,1372.482,82.953,37.039,36.906,9.782,0.0,0.0
138,2.0,3.0,1.0,3.0,5.0,0.0,1199.718,1444.021,21.814,36.905,36.667,9.733,0.0,0.0
139,2.0,3.0,1.0,4.0,6.0,0.0,1632.391,1524.364,60.966,37.277,37.218,9.776,0.0,0.0
140,2.0,3.0,1.0,5.0,7.0,0.0,1439.179,1639.405,-1.862,36.891,35.124,9.525,0.0,0.0
141,3.0,3.0,1.0,0.0,0.0,0.0,1859.962,1272.731,81.832,36.589,36.426,9.659,0.0,0.0
142,3.0,3.0,1.0,1.0,1.0,0.0,1993.043,1484.182,59.622,36.775,36.539,9.699,0.0,0.0
146,4.0,3.0,1.0,2.0,2.0,0.0,2823.576,1393.851,79.859,37.551,37.438,9.841,0.0,0.0
147,4.0,3.0,1.0,3.0,3.0,0.0,2684.338,1490.884,47.153,35.783,35.666,9.529,0.0,0.0
148,4.0,3.0,1.0,4.0,4.0,0.0,2776.93,1545.363,16.006,36.808,36.74,9.73,0.0,0.0
149,4.0,3.0,1.0,5.0,5.0,0.0,2795.733,1599.528,68.468,37.337,37.131,9.773,0.0,0.0
152,5.0,3.0,1.0,1.0,2.0,0.0,3209.889,1408.291,12.554,36.388,36.045,9.661,0.0,0.0
153,5.0,3.0,1.0,2.0,3.0,0.0,3258.907,1518.091,-32.32,36.536,36.419,9.651,0.0,0.0
154,5.0,3.0,1.0,3.0,4.0,0.0,3028.621,1621.778,95.511,36.666,36.465,9.675,0.0,0.0
155,6.0,3.0,1.0,0.0,1.0,0.0,3952.272,1244.593,131.776,37.719,37.632,9.811,0.0,0.0
156,6.0,3.0,1.0,1.0,2.0,0.0,3615.018,1312.569,62.341,37.611,37.5,9.78,0.0,0.0
157,6.0,3.0,1.0,2.0,3.0,0.0,3772.553,1380.274,26.792,36.997,36.927,9.78,0.0,0.0
158,6.0,3.0,1.0,3.0,4.0,0.0,3856.488,1518.044,116.641,36.335,36.272,9.684,0.0,0.0
159,6.0,3.0,1.0,4.0,5.0,0.0,3720.198,1584.002,71.469,36.99,36.873,9.771,0.0,0.0
161,7.0,3.0,1.0,0.0,0.0,0.0,4549.166,1288.965,102.879,37.254,37.132,9.762,0.0,0.0
162,7.0,3.0,1.0,1.0,1.0,0.0,4489.277,1309.734,-10.738,37.718,37.625,9.888,0.0,0.0
163,7.0,3.0,1.0,2.0,2.0,0.0,4398.777,1313.32,83.248,36.714,36.575,9.695,0.0,0.0
164,7.0,3.0,1.0,3.0,3.0,0.0,4184.611,1374.878,-28.841,37.144,37.082,9.741,0.0,0.0
165,7.0,3.0,1.0,4.0,4.0,0.0,4398.445,1431.375,11.11,35.911,35.747,9.557,0.0,0.0
166,7.0,3.0,1.0,5.0,5.0,0.0,4468.796,1546.203,37.762,37.372,37.234,9.791,0.0,0.0
168,8.0,3.0,1.0,0.0,0.0,0.0,4678.012,1354.443,53.961,36.489,36.218,9.619,0.0,0.0
169,8.0,3.0,1.0,1.0,2.0,0.0,4853.806,1446.032,58.524,36.954,36.67,9.74,0.0,0.0
170,8.0,3.0,1.0,2.0,4.0,0.0,5188.455,1577.518,37.127,37.912,37.622,9.835,0.0,0.0
172,9.0,3.0,1.0,1.0,2.0,0.0,5274.434,1280.364,60.85,36.706,36.472,9.681,0.0,0.0
173,9.0,3.0,1.0,2.0,3.0,0.0,5648.256,1297.133,109.744,36.454,36.286,9.701,0.0,0.0
174,9.0,3.0,1.0,3.0,4.0,0.0,5398.718,1307.415,77.962,37.237,37.079,9.753,0.0,0.0
175,9.0,3.0,1.0,4.0,5.0,0.0,5353.963,1440.558,128.452,37.044,36.964,9.713,0.0,0.0
177,9.0,3.0,1.0,6.0,7.0,0.0,5437.13,1489.723,49.282,36.691,36.546,9.689,0.0,0.0
178,9.0,3.0,1.0,7.0,8.0,0.0,5519.869,1535.922,-14.562,36.27,36.089,9.651,0.0,0.0
179,9.0,3.0,1.0,8.0,9.0,0.0,5541.124,1567.67,68.337,37.134,36.843,9.709,0.0,0.0
180,9.0,3.0,1.0,9.0,11.0,0.0,5235.571,1617.86,-9.712,37.163,37.098,9.746,0.0,0.0
181,0.0,4.0,1.0,0.0,2.0,0.0,235.644,1724.611,41.484,36.801,36.574,9.707,0.0,0.0
182,0.0,4.0,1.0,1.0,4.0,0.0,165.581,1762.517,57.014,35.868,35.788,9.557,0.0,0.0
183,0.0,4.0,1.0,2.0,5.0,0.0,407.039,1775.594,73.184,36.749,36.59,9.625,0.0,0.0
184,0.0,4.0,1.0,3.0,6.0,0.0,366.995,1860.816,-26.449,35.894,35.816,9.564,0.0,0.0
186,1.0,4.0,1.0,0.0,1.0,0.0,1145.248,1709.022,114.45,36.946,36.79,9.755,0.0,0.0
187,1.0,4.0,1.0,1.0,2.0,0.0,698.162,1764.773,56.057,35.746,35.636,9.599,0.0,0.0
188,1.0,4.0,1.0,2.0,4.0,0.0,1029.283,1895.932,26.024,37.286,37.164,9.771,0.0,0.0
189,1.0,4.0,1.0,3.0,5.0,0.0,937.955,1936.348,-32.962,36.475,36.369,9.715,0.0,0.0
190,2.0,4.0,1.0,0.0,2.0,0.0,1188.258,1766.542,49.669,36.601,36.438,9.662,0.0,0.0
191,3.0,4.0,1.0,0.0,0.0,0.0,2310.167,1703.342,95.664,38.142,37.141,9.801,0.0,0.0
192,3.0,4.0,1.0,1.0,1.0,0.0,1844.509,1717.686,76.787,36.919,36.66,9.733,0.0,0.0
193,3.0,4.0,1.0,2.0,2.0,0.0,1797.053,1744.08,20.17,36.844,36.591,9.715,0.0,0.0
194,3.0,4.0,1.0,3.0,3.0,0.0,2051.021,1782.594,120.647,36.577,36.344,9.647,0.0,0.0
195,3.0,4.0,1.0,4.0,4.0,0.0,2114.602,1849.063,80.016,36.528,36.369,9.644,0.0,0.0
196,3.0,4.0,1.0,5.0,5.0,0.0,2205.985,1915.81,64.755,36.718,36.639,9.705,0.0,0.0
197,3.0,4.0,1.0,6.0,6.0,0.0,2027.152,1921.724,50.699,36.187,36.028,9.631,0.0,0.0
198,3.0,4.0,1.0,7.0,7.0,0.0,1839.584,1968.592,7.221,36.356,36.066,9.659,0.0,0.0
199,3.0,4.0,1.0,8.0,8.0,0.0,1997.974,1988.034,83.747,37.364,37.204,9.786,0.0,0.0
200,4.0,4.0,1.0,0.0,1.0,0.0,2804.638,1749.375,130.357,37.75,37.666,9.897,0.0,0.0
201,4.0,4.0,1.0,1.0,2.0,0.0,2762.797,1790.106,68.949,37.514,37.359,9.826,0.0,0.0
202,4.0,4.0,1.0,2.0,3.0,0.0,2847.797,1847.894,0.388,37.196,37.069,9.825,0.0,0.0
203,4.0,4.0,1.0,3.0,4.0,0.0,2389.555,1882.0,-16.32,36.869,36.825,9.749,0.0,0.0
204,4.0,4.0,1.0,4.0,5.0,0.0,2577.516,1968.184,45.644,36.918,36.775,9.749,0.0,0.0
205,5.0,4.0,1.0,0.0,1.0,0.0,3151.932,1725.71,34.965,36.13,35.995,9.619,0.0,0.0
206,5.0,4.0,1.0,1.0,2.0,0.0,3222.7,1782.994,119.116,36.52,36.358,9.72,0.0,0.0
207,5.0,4.0,1.0,2.0,3.0,0.0,3448.579,1799.761,32.369,37.334,37.178,9.857,0.0,0.0
208,5.0,4.0,1.0,3.0,4.0,0.0,3137.12,1939.677,31.219,36.622,36.548,9.759,0.0,0.0
209,5.0,4.0,1.0,4.0,5.0,0.0,3400.483,1991.572,50.101,36.939,36.809,9.756,0.0,0.0
210,6.0,4.0,1.0,0.0,1.0,0.0,3633.119,1714.585,63.926,37.019,36.882,9.776,0.0,0.0
211,6.0,4.0,1.0,1.0,2.0,0.0,3890.714,1735.944,6.711,37.187,37.176,9.759,0.0,0.0
212,6.0,4.0,1.0,2.0,4.0,0.0,3968.418,1985.193,45.757,37.552,37.436,9.841,0.0,0.0
213,7.0,4.0,1.0,0.0,0.0,0.0,4337.722,1725.848,75.666,37.037,36.918,9.706,0.0,0.0
214,7.0,4.0,1.0,1.0,1.0,0.0,4501.732,1763.956,51.663,36.742,36.673,9.712,0.0,0.0
215,7.0,4.0,1.0,2.0,2.0,0.0,4151.337,1847.773,18.06,37.07,36.901,9.786,0.0,0.0
216,7.0,4.0,1.0,3.0,3.0,0.0,4570.525,1881.804,63.418,36.58,36.439,9.66,0.0,0.0
217,7.0,4.0,1.0,4.0,4.0,0.0,4520.352,1895.942,102.857,36.86,36.646,9.724,0.0,0.0
218,7.0,4.0,1.0,5.0,5.0,0.0,4105.931,1946.541,59.054,36.191,36.123,9.645,0.0,0.0
219,7.0,4.0,1.0,6.0,6.0,0.0,4548.872,2031.122,52.034,37.452,37.227,9.801,0.0,0.0
220,8.0,4.0,1.0,0.0,0.0,0.0,4978.644,1764.165,-44.048,36.972,36.829,9.763,0.0,0.0
221,8.0,4.0,1.0,1.0,1.0,0.0,4837.489,1869.951,-32.028,37.984,37.966,9.889,0.0,0.0
222,8.0,4.0,1.0,2.0,2.0,0.0,4777.59,1979.915,63.616,37.174,37.046,9.74,0.0,0.0
223,8.0,4.0,1.0,3.0,3.0,0.0,4747.515,2029.014,-40.573,36.878,36.774,9.743,0.0,0.0
224,9.0,4.0,1.0,0.0,1.0,0.0,5228.093,1659.605,78.345,37.859,37.591,9.824,0.0,0.0
225,9.0,4.0,1.0,1.0,3.0,0.0,5718.489,1695.742,-18.505,36.316,36.053,9.652,0.0,0.0
226,9.0,4.0,1.0,2.0,4.0,0.0,5434.447,1887.627,77.907,36.893,36.812,9.75,0.0,0.0
227,9.0,4.0,1.0,3.0,5.0,0.0,5222.54,2043.813,4.735,38.043,37.929,9.892,0.0,0.0
229,0.0,5.0,1.0,1.0,1.0,0.0,249.729,2193.084,81.68,35.24,35.097,9.459,0.0,0.0
230,0.0,5.0,1.0,2.0,2.0,0.0,467.873,2299.866,67.155,37.139,37.096,9.742,0.0,0.0
231,0.0,5.0,1.0,3.0,4.0,0.0,142.678,2358.49,79.693,36.607,36.357,9.652,0.0,0.0
232,1.0,5.0,1.0,0.0,1.0,0.0,958.486,2095.85,11.2,35.654,35.558,9.577,0.0,0.0
233,1.0,5.0,1.0,1.0,2.0,0.0,1087.915,2217.937,57.787,36.484,36.418,9.723,0.0,0.0
234,1.0,5.0,1.0,2.0,3.0,0.0,791.088,2235.168,90.409,36.935,36.854,9.761,0.0,0.0
235,1.0,5.0,1.0,3.0,4.0,0.0,768.089,2446.081,107.171,36.922,36.427,9.703,0.0,0.0
236,2.0,5.0,1.0,0.0,0.0,0.0,1474.729,2071.596,95.045,36.408,36.165,9.601,0.0,0.0
238,2.0,5.0,1.0,2.0,2.0,0.0,1288.274,2133.359,63.384,36.705,36.492,9.762,0.0,0.0
239,2.0,5.0,1.0,3.0,3.0,0.0,1461.678,2201.543,120.335,35.933,35.72,9.636,0.0,0.0
240,2.0,5.0,1.0,4.0,4.0,0.0,1517.341,2212.673,52.651,36.659,36.497,9.678,0.0,0.0
241,2.0,5.0,1.0,5.0,5.0,0.0,1521.243,2310.388,37.058,36.476,36.402,9.641,0.0,0.0
242,2.0,5.0,1.0,6.0,6.0,0.0,1565.591,2314.656,18.491,36.494,36.368,9.718,0.0,0.0
243,3.0,5.0,1.0,0.0,0.0,0.0,2066.082,2192.248,88.786,37.031,36.894,9.702,0.0,0.0
244,3.0,5.0,1.0,1.0,1.0,0.0,2206.741,2371.582,62.406,36.973,36.794,9.759,0.0,0.0
245,4.0,5.0,1.0,0.0,1.0,0.0,2598.795,2363.298,50.569,36.759,36.509,9.693,0.0,0.0
246,5.0,5.0,1.0,0.0,0.0,0.0,2906.836,2249.911,33.085,36.66,36.601,9.692,0.0,0.0
247,6.0,5.0,1.0,0.0,0.0,0.0,3936.541,2355.874,59.896,36.609,36.487,9.67,0.0,0.0
248,6.0,5.0,1.0,1.0,1.0,0.0,3676.574,2377.407,70.891,36.351,36.186,9.674,0.0,0.0
249,6.0,5.0,1.0,2.0,2.0,0.0,3616.702,2389.307,39.344,36.46,36.405,9.639,0.0,0.0
250,6.0,5.0,1.0,3.0,3.0,0.0,3912.902,2396.109,-10.566,37.114,37.08,9.737,0.0,0.0
251,7.0,5.0,1.0,0.0,1.0,0.0,4329.669,2278.159,73.1,36.108,35.929,9.608,0.0,0.0
252,7.0,5.0,1.0,1.0,2.0,0.0,4561.538,2303.468,107.176,37.115,37.04,9.81,0.0,0.0
253,7.0,5.0,1.0,2.0,3.0,0.0,4376.895,2308.356,84.321,36.806,36.614,9.713,0.0,0.0
254,7.0,5.0,1.0,3.0,4.0,0.0,4327.611,2372.055,52.665,38.019,37.852,9.879,0.0,0.0
256,8.0,5.0,1.0,0.0,2.0,0.0,5136.314,2277.698,51.265,37.299,37.221,9.78,0.0,0.0
257,9.0,5.0,1.0,0.0,1.0,0.0,5690.536,2061.427,65.449,36.631,36.463,9.67,0.0,0.0
258,9.0,5.0,1.0,1.0,2.0,0.0,5428.491,2096.363,89.058,37.223,37.079,9.751,0.0,0.0
259,9.0,5.0,1.0,2.0,3.0,0.0,5524.084,2109.856,69.158,36.742,36.373,9.596,0.0,0.0
260,9.0,5.0,1.0,3.0,4.0,0.0,5250.604,2327.596,45.016,37.288,37.211,9.777,0.0,0.0
261,9.0,5.0,1.0,4.0,5.0,0.0,5324.072,2391.871,1.145,38.011,37.83,9.875,0.0,0.0
262,9.0,5.0,1.0,5.0,6.0,0.0,5209.029,2428.857,35.654,37.266,37.219,9.775,0.0,0.0
263,0.0,6.0,1.0,0.0,0.0,0.0,153.48,2489.443,73.806,36.39,36.115,9.67,0.0,0.0
264,0.0,6.0,1.0,1.0,1.0,0.0,373.963,2609.842,-35.441,36.2,36.116,9.645,0.0,0.0
265,0.0,6.0,1.0,2.0,3.0,0.0,533.649,2864.035,-3.184,38.249,34.817,9.509,0.0,0.0
267,1.0,6.0,1.0,0.0,1.0,0.0,661.853,2479.715,46.872,35.95,35.83,9.573,0.0,0.0
268,1.0,6.0,1.0,1.0,2.0,0.0,875.602,2520.698,68.36,35.839,35.67,9.616,0.0,0.0
269,1.0,6.0,1.0,2.0,3.0,0.0,755.516,2602.593,24.514,36.088,35.972,9.611,0.0,0.0
270,1.0,6.0,1.0,3.0,4.0,0.0,983.638,2711.232,116.002,36.944,36.738,9.747,0.0,0.0
271,1.0,6.0,1.0,4.0,5.0,0.0,1065.108,2861.474,5.177,37.769,37.42,9.868,0.0,0.0
272,2.0,6.0,1.0,0.0,0.0,0.0,1294.679,2524.594,65.022,36.395,36.224,9.607,0.0,0.0
273,2.0,6.0,1.0,1.0,1.0,0.0,1549.39,2646.581,129.289,35.379,35.339,9.51,0.0,0.0
274,2.0,6.0,1.0,2.0,2.0,0.0,1694.274,2715.057,-35.799,36.873,36.844,9.752,0.0,0.0
275,2.0,6.0,1.0,3.0,3.0,0.0,1547.314,2743.916,37.131,36.172,36.14,9.644,0.0,0.0
276,2.0,6.0,1.0,4.0,4.0,0.0,1602.058,2823.35,50.567,36.897,36.766,9.745,0.0,0.0
277,3.0,6.0,1.0,0.0,0.0,0.0,2088.03,2533.681,0.499,37.049,36.993,9.795,0.0,0.0
278,3.0,6.0,1.0,1.0,2.0,0.0,2104.508,2597.103,91.328,36.442,36.398,9.715,0.0,0.0
279,3.0,6.0,1.0,2.0,3.0,0.0,2224.127,2795.147,56.635,36.718,36.518,9.689,0.0,0.0
280,3.0,6.0,1.0,3.0,4.0,0.0,2068.185,2822.022,60.912,36.388,36.292,9.693,0.0,0.0
281,4.0,6.0,1.0,0.0,0.0,0.0,2630.412,2471.506,88.992,37.24,37.014,9.745,0.0,0.0
282,4.0,6.0,1.0,1.0,1.0,0.0,2588.634,2526.721,35.459,36.987,36.796,9.761,0.0,0.0
283,4.0,6.0,1.0,2.0,2.0,0.0,2341.444,2561.925,26.231,38.013,37.894,9.884,0.0,0.0
284,4.0,6.0,1.0,3.0,4.0,0.0,2526.896,2815.257,113.124,37.369,37.196,9.786,0.0,0.0
285,4.0,6.0,1.0,4.0,5.0,0.0,2731.329,2819.465,50.786,36.829,36.734,9.732,0.0,0.0
286,4.0,6.0,1.0,5.0,6.0,0.0,2325.166,2862.374,0.597,37.781,36.662,9.77,0.0,0.0
288,5.0,6.0,1.0,0.0,0.0,0.0,3448.643,2635.898,2.627,37.826,37.788,9.846,0.0,0.0
289,5.0,6.0,1.0,1.0,1.0,0.0,3039.694,2693.827,72.762,37.529,37.411,9.758,0.0,0.0
290,5.0,6.0,1.0,2.0,2.0,0.0,3169.826,2735.808,68.423,36.71,36.544,9.691,0.0,0.0
291,6.0,6.0,1.0,0.0,0.0,0.0,3697.537,2497.317,57.653,36.884,36.735,9.739,0.0,0.0
292,6.0,6.0,1.0,1.0,3.0,0.0,3617.83,2796.651,75.764,36.651,36.507,9.678,0.0,0.0
293,6.0,6.0,1.0,2.0,4.0,0.0,3917.087,2801.105,47.632,36.66,36.464,9.674,0.0,0.0
294,6.0,6.0,1.0,3.0,5.0,0.0,3799.502,2811.11,20.323,36.893,36.367,9.616,0.0,0.0
295,6.0,6.0,1.0,4.0,6.0,0.0,3714.354,2835.973,89.473,36.977,36.946,9.779,0.0,0.0
296,6.0,6.0,1.0,5.0,7.0,0.0,3504.534,2842.609,27.273,37.837,37.524,9.812,0.0,0.0
297,7.0,6.0,1.0,0.0,1.0,0.0,4333.557,2559.658,-44.411,36.839,36.792,9.741,0.0,0.0
298,7.0,6.0,1.0,1.0,2.0,0.0,4349.07,2709.763,45.155,36.531,36.401,9.648,0.0,0.0
299,8.0,6.0,1.0,0.0,0.0,0.0,4890.627,2796.274,59.955,37.811,37.664,9.827,0.0,0.0
300,8.0,6.0,1.0,1.0,1.0,0.0,4987.332,2853.509,25.258,37.012,36.769,9.761,0.0,0.0
301,9.0,6.0,1.0,0.0,0.0,0.0,5486.339,2631.834,35.176,36.986,36.788,9.76,0.0,0.0
302,9.0,6.0,1.0,1.0,1.0,0.0,5672.907,2668.097,-31.592,37.474,37.442,9.832,0.0,0.0
304,1.0,7.0,1.0,0.0,2.0,0.0,1025.114,2966.787,53.763,36.398,36.292,9.616,0.0,0.0
305,1.0,7.0,1.0,1.0,3.0,0.0,680.501,3069.631,76.553,36.083,36.058,9.622,0.0,0.0
306,1.0,7.0,1.0,2.0,4.0,0.0,800.747,3133.036,-18.45,36.327,36.15,9.667,0.0,0.0
307,1.0,7.0,1.0,3.0,5.0,0.0,1136.331,3159.054,35.882,37.603,37.374,9.84,0.0,0.0
308,1.0,7.0,1.0,4.0,6.0,0.0,1013.539,3225.34,57.751,36.196,35.879,9.613,0.0,0.0
309,1.0,7.0,1.0,5.0,7.0,0.0,612.437,3227.671,37.407,37.295,37.258,9.784,0.0,0.0
310,1.0,7.0,1.0,6.0,8.0,0.0,976.724,3244.336,94.792,36.45,36.282,9.622,0.0,0.0
311,2.0,7.0,1.0,0.0,0.0,0.0,1488.984,2939.449,126.033,36.071,35.977,9.609,0.0,0.0
312,2.0,7.0,1.0,1.0,1.0,0.0,1206.887,2974.965,46.62,35.74,35.492,9.579,0.0,0.0
314,3.0,7.0,1.0,1.0,2.0,0.0,1854.903,2929.81,59.227,37.015,36.587,9.896,0.0,0.0
317,3.0,7.0,1.0,4.0,6.0,0.0,2182.086,3269.267,53.446,37.571,37.417,9.841,0.0,0.0
318,4.0,7.0,1.0,0.0,2.0,0.0,2388.71,2921.73,60.269,36.847,36.525,9.706,0.0,0.0
319,4.0,7.0,1.0,1.0,4.0,0.0,2515.783,3060.129,107.336,37.305,37.275,9.788,0.0,0.0
320,4.0,7.0,1.0,2.0,5.0,0.0,2604.19,3084.09,89.399,35.837,35.706,9.621,0.0,0.0
321,4.0,7.0,1.0,3.0,6.0,0.0,2333.38,3092.614,49.927,38.155,38.023,9.919,0.0,0.0
322,4.0,7.0,1.0,4.0,7.0,0.0,2471.762,3165.461,47.139,36.052,35.951,9.603,0.0,0.0
323,4.0,7.0,1.0,5.0,8.0,0.0,2714.13,3176.245,48.779,36.814,36.586,9.71,0.0,0.0
324,5.0,7.0,1.0,0.0,0.0,0.0,3241.064,2920.011,124.926,36.281,36.255,9.674,0.0,0.0
325,5.0,7.0,1.0,1.0,1.0,0.0,3144.728,3011.959,75.179,36.727,36.535,9.692,0.0,0.0
326,5.0,7.0,1.0,2.0,2.0,0.0,3047.335,3060.202,81.578,37.521,37.273,9.816,0.0,0.0
327,5.0,7.0,1.0,3.0,3.0,0.0,3218.869,3075.622,124.827,37.028,36.926,9.784,0.0,0.0
328,5.0,7.0,1.0,4.0,4.0,0.0,2945.691,3134.518,44.101,36.974,36.779,9.757,0.0,0.0
329,6.0,7.0,1.0,0.0,1.0,0.0,3782.745,2973.707,107.537,36.77,36.632,9.71,0.0,0.0
330,6.0,7.0,1.0,1.0,2.0,0.0,3853.036,2981.388,-22.744,36.371,36.27,9.688,0.0,0.0
331,6.0,7.0,1.0,2.0,3.0,0.0,3608.546,3031.618,99.991,37.48,37.362,9.822,0.0,0.0
332,6.0,7.0,1.0,3.0,4.0,0.0,3516.193,3149.021,126.93,38.37,38.328,9.91,0.0,0.0
333,6.0,7.0,1.0,4.0,6.0,0.0,3934.193,3220.533,77.61,36.87,36.7,9.733,0.0,0.0
334,6.0,7.0,1.0,5.0,7.0,0.0,3580.291,3226.294,73.028,37.171,36.937,9.726,0.0,0.0
335,7.0,7.0,1.0,0.0,0.0,0.0,4573.463,2963.032,71.76,36.56,36.493,9.664,0.0,0.0
336,7.0,7.0,1.0,1.0,2.0,0.0,4580.628,3015.96,108.358,36.716,36.618,9.701,0.0,0.0
337,7.0,7.0,1.0,2.0,3.0,0.0,4095.521,3113.953,100.448,36.513,36.475,9.656,0.0,0.0
338,7.0,7.0,1.0,3.0,4.0,0.0,4495.794,3157.66,133.869,37.031,36.991,9.714,0.0,0.0
339,7.0,7.0,1.0,4.0,6.0,0.0,4305.496,3209.313,13.844,36.976,36.818,9.763,0.0,0.0
340,7.0,7.0,1.0,5.0,7.0,0.0,4424.722,3245.906,34.464,36.606,36.462,9.666,0.0,0.0
341,8.0,7.0,1.0,0.0,1.0,0.0,4636.244,2962.984,46.908,37.827,37.614,9.823,0.0,0.0
342,8.0,7.0,1.0,1.0,2.0,0.0,4876.713,2962.436,60.601,36.976,36.815,9.762,0.0,0.0
343,8.0,7.0,1.0,2.0,3.0,0.0,4761.411,3041.223,93.539,36.137,36.108,9.636,0.0,0.0
344,8.0,7.0,1.0,3.0,4.0,0.0,5013.322,3059.998,-6.754,36.197,36.126,9.646,0.0,0.0
345,8.0,7.0,1.0,4.0,5.0,0.0,4951.26,3129.109,-25.738,36.333,36.278,9.684,0.0,0.0
346,8.0,7.0,1.0,5.0,6.0,0.0,4813.398,3238.965,81.677,37.835,37.818,9.851,0.0,0.0
347,8.0,7.0,1.0,6.0,7.0,0.0,4723.57,3240.851,41.564,36.201,36.057,9.637,0.0,0.0
348,9.0,7.0,1.0,0.0,0.0,0.0,5303.666,2917.57,63.625,37.383,37.105,9.776,0.0,0.0
349,9.0,7.0,1.0,1.0,1.0,0.0,5522.089,2942.421,91.557,37.007,36.893,9.776,0.0,0.0
350,9.0,7.0,1.0,2.0,2.0,0.0,5651.572,2965.411,-29.161,37.167,36.941,9.804,0.0,0.0
351,9.0,7.0,1.0,3.0,3.0,0.0,5709.317,3059.246,89.04,36.938,36.851,9.762,0.0,0.0
352,9.0,7.0,1.0,4.0,4.0,0.0,5403.112,3119.05,39.792,36.988,36.818,9.764,0.0,0.0
353,0.0,8.0,1.0,0.0,0.0,0.0,265.214,3400.691,98.899,36.491,36.386,9.641,0.0,0.0
354,0.0,8.0,1.0,1.0,1.0,0.0,223.112,3451.916,105.333,36.892,36.792,9.748,0.0,0.0
355,0.0,8.0,1.0,2.0,2.0,0.0,454.838,3592.393,93.936,36.383,36.167,9.676,0.0,0.0
356,0.0,8.0,1.0,3.0,3.0,0.0,426.945,3640.859,26.219,37.488,37.364,9.823,0.0,0.0
357,1.0,8.0,1.0,0.0,0.0,0.0,622.298,3445.682,72.206,36.685,36.532,9.686,0.0,0.0
358,1.0,8.0,1.0,1.0,1.0,0.0,642.435,3521.137,-40.915,36.873,36.791,9.668,0.0,0.0
359,1.0,8.0,1.0,2.0,2.0,0.0,1045.289,3549.091,39.177,36.689,36.642,9.701,0.0,0.0
360,2.0,8.0,1.0,0.0,0.0,0.0,1482.623,3333.562,111.549,36.094,35.939,9.607,0.0,0.0
361,2.0,8.0,1.0,1.0,1.0,0.0,1348.079,3454.809,43.742,36.892,36.839,9.754,0.0,0.0
362,2.0,8.0,1.0,2.0,2.0,0.0,1259.409,3605.792,8.379,36.586,36.549,9.675,0.0,0.0
363,3.0,8.0,1.0,0.0,2.0,0.0,1964.179,3377.81,-29.303,36.31,36.266,9.68,0.0,0.0
364,3.0,8.0,1.0,1.0,3.0,0.0,2111.966,3529.094,-39.678,36.473,36.418,9.722,0.0,0.0
365,3.0,8.0,1.0,2.0,4.0,0.0,2204.533,3565.837,39.683,36.256,36.028,9.641,0.0,0.0
366,4.0,8.0,1.0,0.0,1.0,0.0,2387.504,3288.24,75.195,36.415,35.969,9.654,0.0,0.0
367,4.0,8.0,1.0,1.0,4.0,0.0,2349.482,3654.157,92.078,37.049,37.014,9.798,0.0,0.0
368,5.0,8.0,1.0,0.0,0.0,0.0,2990.677,3337.018,77.843,37.012,36.791,9.763,0.0,0.0
369,5.0,8.0,1.0,1.0,1.0,0.0,3365.442,3381.855,-35.094,36.94,36.75,9.749,0.0,0.0
370,5.0,8.0,1.0,2.0,2.0,0.0,2908.885,3599.321,65.075,37.87,37.312,9.715,0.0,0.0
371,5.0,8.0,1.0,3.0,3.0,0.0,3225.37,3672.874,63.788,37.343,37.127,9.773,0.0,0.0
372,6.0,8.0,1.0,0.0,0.0,0.0,3741.528,3306.557,34.986,36.777,36.686,9.719,0.0,0.0
373,6.0,8.0,1.0,1.0,2.0,0.0,3601.224,3393.445,116.153,36.834,36.751,9.735,0.0,0.0
374,6.0,8.0,1.0,2.0,3.0,0.0,3969.26,3469.894,72.981,36.969,36.914,9.696,0.0,0.0
375,6.0,8.0,1.0,3.0,4.0,0.0,3676.727,3484.277,42.652,37.27,37.058,9.755,0.0,0.0
376,7.0,8.0,1.0,0.0,0.0,0.0,4558.773,3288.644,128.447,36.873,36.708,9.734,0.0,0.0
377,7.0,8.0,1.0,1.0,2.0,0.0,4149.331,3411.716,-43.11,36.645,36.626,9.693,0.0,0.0
378,7.0,8.0,1.0,2.0,3.0,0.0,4249.742,3423.448,77.234,36.804,36.697,9.723,0.0,0.0
379,7.0,8.0,1.0,3.0,4.0,0.0,4183.892,3428.732,36.281,37.098,36.82,9.701,0.0,0.0
380,7.0,8.0,1.0,4.0,5.0,0.0,4411.808,3492.782,91.626,35.562,35.465,9.552,0.0,0.0
381,7.0,8.0,1.0,5.0,6.0,0.0,4426.63,3560.892,-7.302,37.205,37.114,9.832,0.0,0.0
382,7.0,8.0,1.0,6.0,7.0,0.0,4555.02,3667.235,75.515,36.752,36.591,9.703,0.0,0.0
383,7.0,8.0,1.0,7.0,8.0,0.0,4615.601,3666.856,12.719,24.197,23.759,8.587,0.0,0.0
384,8.0,8.0,1.0,0.0,1.0,0.0,4898.32,3409.084,8.045,36.981,36.963,9.704,0.0,0.0
386,8.0,8.0,1.0,2.0,3.0,0.0,5110.555,3477.521,63.674,37.941,37.776,9.859,0.0,0.0
387,8.0,8.0,1.0,3.0,4.0,0.0,5030.264,3505.783,96.237,35.973,35.843,9.657,0.0,0.0
388,8.0,8.0,1.0,4.0,5.0,0.0,4957.204,3644.586,32.761,37.298,37.125,9.767,0.0,0.0
389,9.0,8.0,1.0,0.0,0.0,0.0,5486.98,3307.914,75.505,37.023,36.843,9.694,0.0,0.0
390,9.0,8.0,1.0,1.0,1.0,0.0,5642.826,3352.718,58.363,36.879,36.791,9.746,0.0,0.0
391,9.0,8.0,1.0,2.0,3.0,0.0,5426.651,3512.454,65.554,37.453,37.387,9.822,0.0,0.0
392,9.0,8.0,1.0,3.0,4.0,0.0,5602.203,3658.582,30.27,37.804,37.672,9.828,0.0,0.0
393,9.0,8.0,1.0,4.0,5.0,0.0,5462.717,3674.651,109.112,37.574,37.451,9.846,0.0,0.0
394,0.0,9.0,1.0,0.0,0.0,0.0,75.949,3721.961,79.4,36.707,36.553,9.692,0.0,0.0
395,0.0,9.0,1.0,1.0,1.0,0.0,254.553,3804.157,75.363,36.069,35.977,9.609,0.0,0.0
396,0.0,9.0,1.0,2.0,2.0,0.0,515.723,3840.352,67.898,37.016,36.825,9.768,0.0,0.0
397,0.0,9.0,1.0,3.0,4.0,0.0,374.287,4035.705,64.354,36.618,36.515,9.675,0.0,0.0
398,0.0,9.0,1.0,4.0,5.0,0.0,76.44,4052.36,22.579,37.52,37.248,9.735,0.0,0.0
399,0.0,9.0,1.0,5.0,6.0,0.0,33.678,4057.849,58.816,36.958,36.857,9.687,0.0,0.0
401,1.0,9.0,1.0,0.0,0.0,0.0,793.565,3794.9,21.265,37.351,37.012,9.759,0.0,0.0
402,1.0,9.0,1.0,1.0,1.0,0.0,744.603,3803.747,58.118,36.548,36.324,9.64,0.0,0.0
403,1.0,9.0,1.0,2.0,2.0,0.0,998.705,3863.581,-14.198,36.488,36.295,9.707,0.0,0.0
404,1.0,9.0,1.0,3.0,3.0,0.0,900.673,3884.273,134.919,35.822,35.679,9.615,0.0,0.0
405,1.0,9.0,1.0,4.0,4.0,0.0,1035.167,4065.348,6.227,37.746,37.627,9.814,0.0,0.0
406,2.0,9.0,1.0,0.0,0.0,0.0,1551.496,3809.238,79.427,37.224,37.167,9.763,0.0,0.0
407,2.0,9.0,1.0,1.0,1.0,0.0,1658.386,3896.733,109.734,37.275,37.197,9.773,0.0,0.0
408,2.0,9.0,1.0,2.0,2.0,0.0,1212.436,4017.582,38.4,36.488,36.31,9.709,0.0,0.0
409,3.0,9.0,1.0,0.0,2.0,0.0,1860.852,3900.918,35.156,36.485,36.334,9.712,0.0,0.0
410,3.0,9.0,1.0,1.0,3.0,0.0,2260.911,3965.631,54.45,36.918,36.79,9.751,0.0,0.0
411,3.0,9.0,1.0,2.0,4.0,0.0,1829.781,3980.889,111.057,36.554,36.406,9.652,0.0,0.0
412,4.0,9.0,1.0,0.0,0.0,0.0,2737.343,3819.192,81.074,36.515,36.391,9.645,0.0,0.0
413,4.0,9.0,1.0,1.0,1.0,0.0,2365.641,3851.641,31.401,37.21,37.035,9.744,0.0,0.0
414,4.0,9.0,1.0,2.0,3.0,0.0,2719.105,3966.449,-31.592,36.685,36.666,9.704,0.0,0.0
415,4.0,9.0,1.0,3.0,4.0,0.0,2640.098,3981.823,-40.832,36.742,36.647,9.709,0.0,0.0
416,5.0,9.0,1.0,0.0,1.0,0.0,3084.442,3852.73,115.128,36.634,36.463,9.67,0.0,0.0
417,5.0,9.0,1.0,1.0,2.0,0.0,3228.163,3914.461,33.372,36.037,35.846,9.587,0.0,0.0
418,5.0,9.0,1.0,2.0,3.0,0.0,3205.996,3986.018,35.909,36.824,36.629,9.717,0.0,0.0
419,5.0,9.0,1.0,3.0,4.0,0.0,2957.509,4008.35,80.242,36.817,36.802,9.739,0.0,0.0
420,6.0,9.0,1.0,0.0,0.0,0.0,3814.549,3827.691,88.32,37.035,36.866,9.776,0.0,0.0
421,6.0,9.0,1.0,1.0,1.0,0.0,3923.584,3899.533,83.241,36.866,36.76,9.74,0.0,0.0
422,6.0,9.0,1.0,2.0,2.0,0.0,3887.562,3957.537,56.325,36.965,36.954,9.779,0.0,0.0
424,7.0,9.0,1.0,1.0,2.0,0.0,4412.366,3925.66,8.271,36.11,36.019,9.62,0.0,0.0
425,7.0,9.0,1.0,2.0,3.0,0.0,4165.522,3934.092,105.654,36.918,36.85,9.759,0.0,0.0
426,8.0,9.0,1.0,0.0,2.0,0.0,4741.669,3906.374,89.996,36.84,36.701,9.729,0.0,0.0
427,9.0,9.0,1.0,0.0,2.0,0.0,5205.727,3848.89,13.926,36.906,36.661,9.733,0.0,0.0
428,0.0,10.0,1.0,0.0,0.0,0.0,522.74,4099.282,110.062,37.172,36.856,9.793,0.0,0.0
429,0.0,10.0,1.0,1.0,1.0,0.0,326.386,4180.797,90.387,37.329,37.16,9.776,0.0,0.0
430,0.0,10.0,1.0,2.0,2.0,0.0,364.391,4269.221,2.612,36.694,36.482,9.681,0.0,0.0
431,0.0,10.0,1.0,3.0,3.0,0.0,208.782,4353.116,46.488,37.292,37.222,9.779,0.0,0.0
432,0.0,10.0,1.0,4.0,5.0,0.0,43.889,4415.582,49.675,37.3,37.126,9.768,0.0,0.0
433,1.0,10.0,1.0,0.0,1.0,0.0,678.841,4170.652,107.17,37.821,37.5,9.807,0.0,0.0
434,1.0,10.0,1.0,1.0,2.0,0.0,1060.413,4184.768,9.46,36.408,36.329,9.622,0.0,0.0
435,1.0,10.0,1.0,2.0,3.0,0.0,597.354,4406.88,-11.192,37.199,37.051,9.744,0.0,0.0
436,1.0,10.0,1.0,3.0,4.0,0.0,869.309,4444.716,56.667,37.56,37.454,9.845,0.0,0.0
437,1.0,10.0,1.0,4.0,5.0,0.0,1116.954,4456.113,49.504,37.212,37.07,9.748,0.0,0.0
438,2.0,10.0,1.0,0.0,0.0,0.0,1360.483,4102.141,93.344,36.072,35.818,9.588,0.0,0.0
439,2.0,10.0,1.0,1.0,2.0,0.0,1377.706,4414.296,82.226,36.599,36.485,9.668,0.0,0.0
440,2.0,10.0,1.0,2.0,3.0,0.0,1667.824,4472.381,51.837,37.535,37.411,9.836,0.0,0.0
441,3.0,10.0,1.0,0.0,1.0,0.0,2231.782,4207.639,-40.192,36.56,36.529,9.669,0.0,0.0
442,3.0,10.0,1.0,1.0,2.0,0.0,2310.237,4217.97,91.768,36.794,36.282,9.667,0.0,0.0
443,3.0,10.0,1.0,2.0,3.0,0.0,1860.253,4219.804,69.747,36.644,36.521,9.679,0.0,0.0
445,3.0,10.0,1.0,4.0,5.0,0.0,1921.597,4417.82,113.154,36.669,36.584,9.691,0.0,0.0
446,3.0,10.0,1.0,5.0,6.0,0.0,2068.422,4461.541,76.184,37.389,37.046,9.768,0.0,0.0
450,4.0,10.0,1.0,0.0,0.0,0.0,2647.183,4105.45,105.755,38.329,38.043,9.868,0.0,0.0
451,4.0,10.0,1.0,1.0,1.0,0.0,2449.534,4174.853,66.694,36.559,36.451,9.737,0.0,0.0
452,4.0,10.0,1.0,2.0,3.0,0.0,2794.886,4291.033,34.794,37.491,37.422,9.831,0.0,0.0
453,4.0,10.0,1.0,3.0,5.0,0.0,2495.402,4450.957,73.161,37.111,36.913,9.792,0.0,0.0
456,5.0,10.0,1.0,2.0,1.0,0.0,3321.808,4189.685,68.358,36.998,36.774,9.759,0.0,0.0
457,5.0,10.0,1.0,3.0,2.0,0.0,2967.538,4215.488,72.182,37.305,37.117,9.767,0.0,0.0
458,5.0,10.0,1.0,4.0,3.0,0.0,3424.501,4275.745,60.227,37.286,37.117,9.764,0.0,0.0
459,5.0,10.0,1.0,5.0,5.0,0.0,3322.05,4393.2,-9.537,36.994,36.909,9.777,0.0,0.0
460,5.0,10.0,1.0,6.0,6.0,0.0,3085.425,4399.208,-23.685,37.436,37.324,9.735,0.0,0.0
461,6.0,10.0,1.0,0.0,0.0,0.0,3839.945,4169.525,-30.614,37.581,37.528,9.857,0.0,0.0
462,6.0,10.0,1.0,1.0,1.0,0.0,3667.235,4311.876,95.114,37.108,37.091,9.738,0.0,0.0
463,6.0,10.0,1.0,2.0,2.0,0.0,3634.506,4365.941,73.646,37.775,37.644,9.898,0.0,0.0
464,6.0,10.0,1.0,3.0,3.0,0.0,3644.379,4421.095,-31.133,37.5,37.361,9.747,0.0,0.0
465,7.0,10.0,1.0,0.0,0.0,0.0,4416.952,4113.154,-29.208,37.453,37.217,9.8,0.0,0.0
466,7.0,10.0,1.0,1.0,1.0,0.0,4570.951,4134.972,89.634,36.772,36.616,9.709,0.0,0.0
467,7.0,10.0,1.0,2.0,2.0,0.0,4303.207,4267.511,50.809,36.589,36.516,9.671,0.0,0.0
468,8.0,10.0,1.0,0.0,1.0,0.0,5055.163,4204.215,89.962,36.62,36.468,9.748,0.0,0.0
469,8.0,10.0,1.0,1.0,2.0,0.0,4783.448,4295.509,50.561,36.5,36.464,9.653,0.0,0.0
470,8.0,10.0,1.0,2.0,3.0,0.0,5056.703,4298.591,120.072,36.577,36.398,9.654,0.0,0.0
471,8.0,10.0,1.0,3.0,4.0,0.0,4975.101,4429.908,67.03,36.892,36.689,9.734,0.0,0.0
473,9.0,10.0,1.0,1.0,1.0,0.0,5255.158,4213.634,66.234,35.909,35.837,9.569,0.0,0.0
474,9.0,10.0,1.0,2.0,2.0,0.0,5306.799,4230.38,26.246,36.417,36.106,9.517,0.0,0.0
475,0.0,11.0,1.0,0.0,0.0,0.0,31.084,4618.634,90.95,36.668,36.463,9.675,0.0,0.0
476,0.0,11.0,1.0,1.0,1.0,0.0,385.457,4635.985,28.39,35.983,35.946,9.593,0.0,0.0
477,0.0,11.0,1.0,2.0,2.0,0.0,171.852,4761.831,13.083,36.888,36.579,9.642,0.0,0.0
478,0.0,11.0,1.0,3.0,3.0,0.0,560.223,4903.584,0.742,37.797,35.416,9.531,0.0,0.0
479,1.0,11.0,1.0,0.0,0.0,0.0,739.939,4589.778,50.664,36.564,36.318,9.642,0.0,0.0
480,1.0,11.0,1.0,1.0,1.0,0.0,990.126,4671.113,38.471,36.688,36.537,9.687,0.0,0.0
481,1.0,11.0,1.0,2.0,2.0,0.0,1094.75,4743.482,43.122,36.375,36.233,9.684,0.0,0.0
482,1.0,11.0,1.0,3.0,3.0,0.0,919.721,4861.15,-29.429,36.587,36.406,9.58,0.0,0.0
484,2.0,11.0,1.0,1.0,3.0,0.0,1586.506,4885.848,64.45,37.845,37.782,9.847,0.0,0.0
485,3.0,11.0,1.0,0.0,3.0,0.0,2103.052,4555.162,49.305,36.818,36.753,9.733,0.0,0.0
486,3.0,11.0,1.0,1.0,4.0,0.0,2009.414,4587.249,83.361,36.123,35.958,9.614,0.0,0.0
487,3.0,11.0,1.0,2.0,5.0,0.0,2191.214,4694.801,-36.385,36.922,36.855,9.76,0.0,0.0
488,3.0,11.0,1.0,3.0,6.0,0.0,2187.509,4809.549,27.326,36.442,36.255,9.696,0.0,0.0
489,4.0,11.0,1.0,0.0,0.0,0.0,2480.884,4566.328,70.435,37.322,37.279,9.79,0.0,0.0
490,4.0,11.0,1.0,1.0,2.0,0.0,2517.846,4766.648,95.709,37.249,37.114,9.683,0.0,0.0
491,5.0,11.0,1.0,0.0,0.0,0.0,3323.92,4547.077,81.41,37.561,37.441,9.843,0.0,0.0
492,5.0,11.0,1.0,1.0,1.0,0.0,2902.832,4621.591,28.364,37.657,37.253,9.831,0.0,0.0
493,5.0,11.0,1.0,2.0,2.0,0.0,3435.536,4624.248,28.289,36.863,36.814,9.747,0.0,0.0
494,5.0,11.0,1.0,3.0,3.0,0.0,3131.552,4659.937,71.694,36.822,36.727,9.73,0.0,0.0
495,5.0,11.0,1.0,4.0,4.0,0.0,3099.696,4768.283,130.422,37.205,37.165,9.76,0.0,0.0
496,5.0,11.0,1.0,5.0,5.0,0.0,3074.034,4837.139,79.77,36.99,36.863,9.77,0.0,0.0
497,5.0,11.0,1.0,6.0,6.0,0.0,3228.403,4873.244,86.38,37.199,37.19,9.841,0.0,0.0
498,6.0,11.0,1.0,0.0,1.0,0.0,4011.662,4547.745,24.392,37.231,37.181,9.766,0.0,0.0
499,6.0,11.0,1.0,1.0,2.0,0.0,3585.615,4631.338,42.317,37.098,36.98,9.722,0.0,0.0
500,6.0,11.0,1.0,2.0,3.0,0.0,3523.882,4780.169,37.106,37.452,37.341,9.816,0.0,0.0
501,6.0,11.0,1.0,3.0,5.0,0.0,3641.239,4902.866,-0.963,37.15,35.84,9.656,0.0,0.0
502,7.0,11.0,1.0,0.0,0.0,0.0,4195.018,4523.385,62.364,36.69,36.615,9.698,0.0,0.0
503,7.0,11.0,1.0,1.0,1.0,0.0,4470.687,4614.319,28.749,37.199,37.12,9.753,0.0,0.0
504,7.0,11.0,1.0,2.0,2.0,0.0,4217.418,4622.472,38.832,37.198,37.021,9.74,0.0,0.0
506,8.0,11.0,1.0,0.0,0.0,0.0,4973.352,4658.719,91.771,37.134,36.273,9.711,0.0,0.0
507,8.0,11.0,1.0,1.0,1.0,0.0,5176.073,4668.462,3.378,36.717,36.665,9.708,0.0,0.0
508,8.0,11.0,1.0,2.0,2.0,0.0,4823.013,4777.453,-44.0,37.607,37.424,9.77,0.0,0.0
509,9.0,11.0,1.0,0.0,0.0,0.0,5318.15,4537.122,57.3,37.5,37.341,9.822,0.0,0.0
510,9.0,11.0,1.0,1.0,1.0,0.0,5231.874,4566.84,50.531,37.081,36.915,9.711,0.0,0.0
511,9.0,11.0,1.0,2.0,2.0,0.0,5381.197,4661.552,43.124,36.692,36.584,9.694,0.0,0.0
512,9.0,11.0,1.0,3.0,4.0,0.0,5632.961,4741.725,-5.61,35.82,35.76,9.626,0.0,0.0
513,9.0,11.0,1.0,4.0,5.0,0.0,5508.947,4861.634,-31.423,37.133,37.049,9.735,0.0,0.0
514,9.0,11.0,1.0,5.0,6.0,0.0,5204.708,4876.304,-20.422,37.471,37.39,9.825,0.0,0.0
515,0.0,12.0,1.0,0.0,1.0,0.0,44.493,5156.724,100.631,36.301,36.137,9.661,0.0,0.0
516,0.0,12.0,1.0,1.0,2.0,0.0,200.609,5157.489,-27.199,36.144,36.04,9.627,0.0,0.0
517,0.0,12.0,1.0,2.0,4.0,0.0,460.474,5294.727,83.201,37.139,37.029,9.734,0.0,0.0
518,1.0,12.0,1.0,0.0,0.0,0.0,615.859,4919.341,40.648,37.782,37.433,9.794,0.0,0.0
519,1.0,12.0,1.0,1.0,1.0,0.0,1088.316,4928.747,95.764,36.291,36.054,9.649,0.0,0.0
520,1.0,12.0,1.0,2.0,2.0,0.0,705.563,4964.847,52.675,37.645,37.446,9.777,0.0,0.0
521,1.0,12.0,1.0,3.0,3.0,0.0,1118.793,4999.833,116.814,35.904,35.774,9.56,0.0,0.0
523,1.0,12.0,1.0,5.0,5.0,0.0,603.145,5218.243,14.803,36.351,36.134,9.668,0.0,0.0
525,1.0,12.0,1.0,7.0,7.0,0.0,1006.415,5297.802,50.733,37.317,37.133,9.694,0.0,0.0
526,2.0,12.0,1.0,0.0,2.0,0.0,1488.255,4925.019,117.684,37.021,36.862,9.774,0.0,0.0
527,2.0,12.0,1.0,1.0,3.0,0.0,1617.604,5004.387,-11.052,36.53,36.436,9.653,0.0,0.0
528,2.0,12.0,1.0,2.0,4.0,0.0,1252.092,5242.205,40.377,37.287,37.248,9.782,0.0,0.0
529,3.0,12.0,1.0,0.0,0.0,0.0,1777.177,4939.119,53.686,36.586,36.479,9.666,0.0,0.0
530,3.0,12.0,1.0,1.0,1.0,0.0,1988.73,4962.231,78.172,36.731,36.497,9.687,0.0,0.0
531,3.0,12.0,1.0,2.0,2.0,0.0,1922.577,5132.316,63.877,36.649,36.531,9.681,0.0,0.0
532,3.0,12.0,1.0,3.0,3.0,0.0,2141.054,5143.436,121.278,37.168,37.021,9.736,0.0,0.0
533,3.0,12.0,1.0,4.0,4.0,0.0,2279.188,5183.961,31.663,37.552,37.413,9.838,0.0,0.0
534,3.0,12.0,1.0,5.0,5.0,0.0,2111.587,5191.756,55.194,36.081,36.006,9.614,0.0,0.0
535,3.0,12.0,1.0,6.0,6.0,0.0,1894.09,5260.724,99.07,37.074,36.967,9.717,0.0,0.0
536,4.0,12.0,1.0,0.0,0.0,0.0,2743.21,4916.495,107.768,37.529,37.452,9.763,0.0,0.0
537,4.0,12.0,1.0,1.0,2.0,0.0,2729.136,5205.099,57.558,37.177,37.13,9.752,0.0,0.0
538,4.0,12.0,1.0,2.0,3.0,0.0,2522.002,5240.512,-2.924,37.56,37.416,9.999,0.0,0.0
539,5.0,12.0,1.0,0.0,0.0,0.0,2999.583,4928.11,62.788,36.76,36.553,9.699,0.0,0.0
540,5.0,12.0,1.0,1.0,1.0,0.0,3372.877,4987.429,71.933,36.524,36.295,9.633,0.0,0.0
541,6.0,12.0,1.0,0.0,2.0,0.0,3511.143,5002.522,91.277,37.543,37.455,9.842,0.0,0.0
542,6.0,12.0,1.0,1.0,3.0,0.0,3816.977,5039.652,56.463,36.056,36.002,9.61,0.0,0.0
543,6.0,12.0,1.0,2.0,4.0,0.0,3615.481,5048.837,-39.336,37.494,37.389,9.828,0.0,0.0
544,6.0,12.0,1.0,3.0,5.0,0.0,3640.375,5124.563,66.809,37.119,36.972,9.724,0.0,0.0
545,6.0,12.0,1.0,4.0,6.0,0.0,3642.533,5298.345,-4.567,36.977,36.919,9.776,0.0,0.0
546,6.0,12.0,1.0,5.0,7.0,0.0,3877.968,5311.952,-4.209,37.759,34.761,9.515,0.0,0.0
547,7.0,12.0,1.0,0.0,0.0,0.0,4445.968,4949.087,93.091,37.511,37.281,9.815,0.0,0.0
548,7.0,12.0,1.0,1.0,1.0,0.0,4315.089,5014.56,123.131,37.399,37.211,9.87,0.0,0.0
549,7.0,12.0,1.0,2.0,2.0,0.0,4384.368,5123.936,53.18,35.987,35.935,9.592,0.0,0.0
551,8.0,12.0,1.0,0.0,1.0,0.0,4670.266,5200.048,121.828,36.865,36.837,9.75,0.0,0.0
552,8.0,12.0,1.0,1.0,2.0,0.0,5119.677,5220.27,-15.681,36.995,36.862,9.771,0.0,0.0
554,9.0,12.0,1.0,0.0,0.0,0.0,5559.193,5000.872,96.606,37.197,37.102,9.751,0.0,0.0
555,9.0,12.0,1.0,1.0,1.0,0.0,5264.091,5072.229,-38.603,36.828,36.758,9.735,0.0,0.0
556,0.0,0.0,1.0,0.0,0.0,0.0,288.547,8.053,95.606,37.045,36.208,28.731,4.0,
557,0.0,0.0,1.0,0.0,0.0,0.0,546.069,12.267,65.089,37.665,36.891,29.322,4.0,
558,1.0,0.0,1.0,0.0,0.0,0.0,838.503,120.649,81.24,35.966,34.41,22.08,4.0,
559,4.0,0.0,1.0,0.0,0.0,0.0,2433.76,26.97,80.363,36.014,34.4,27.799,4.0,
560,4.0,0.0,1.0,0.0,0.0,0.0,2420.083,29.193,70.985,36.73,35.496,26.701,4.0,
561,6.0,0.0,1.0,0.0,0.0,0.0,3465.721,268.172,-43.449,37.168,36.12,28.846,4.0,
562,7.0,0.0,1.0,0.0,0.0,0.0,4220.924,4.141,100.549,37.768,37.119,29.418,4.0,
563,8.0,0.0,1.0,0.0,0.0,0.0,4823.181,156.434,77.473,37.525,36.479,31.389,4.0,
564,8.0,0.0,1.0,0.0,0.0,0.0,4819.711,134.271,131.547,36.992,36.082,28.766,4.0,
567,8.0,0.0,1.0,0.0,0.0,0.0,4723.007,417.821,127.52,35.784,33.384,29.402,4.0,
568,8.0,0.0,1.0,0.0,0.0,0.0,4738.007,421.144,57.891,35.985,34.503,27.63,4.0,
569,8.0,0.0,1.0,0.0,0.0,0.0,4616.586,366.133,90.68,36.592,35.383,28.492,4.0,
571,9.0,0.0,1.0,0.0,0.0,0.0,5232.85,43.634,50.124,37.524,35.201,26.986,4.0,
572,9.0,0.0,1.0,0.0,0.0,0.0,5226.429,48.559,96.282,36.948,36.43,28.883,4.0,
573,3.0,1.0,1.0,0.0,0.0,0.0,2027.504,492.814,110.911,35.524,33.281,27.395,4.0,
574,3.0,1.0,1.0,0.0,0.0,0.0,2019.871,491.541,42.29,36.581,36.311,28.689,4.0,
575,0.0,2.0,1.0,0.0,0.0,0.0,379.076,1219.872,133.13,36.475,34.763,27.998,4.0,
576,0.0,2.0,1.0,0.0,0.0,0.0,261.712,1226.2,55.611,35.891,34.713,27.791,4.0,
578,2.0,2.0,1.0,0.0,0.0,0.0,1397.002,1038.887,-21.156,36.647,35.687,26.653,4.0,
579,2.0,2.0,1.0,0.0,0.0,0.0,1178.322,821.765,82.393,37.037,35.336,28.372,4.0,
580,8.0,1.0,1.0,0.0,0.0,0.0,4908.64,575.418,-14.225,37.504,36.38,29.055,4.0,
581,8.0,1.0,1.0,0.0,0.0,0.0,4739.372,423.459,116.726,35.302,30.98,28.545,4.0,
582,8.0,1.0,1.0,0.0,0.0,0.0,4723.058,420.072,66.889,35.929,33.825,27.339,4.0,
583,5.0,2.0,1.0,0.0,0.0,0.0,3461.634,1236.451,-38.4,37.353,35.182,26.898,4.0,
584,6.0,3.0,1.0,0.0,0.0,0.0,3749.603,1648.855,99.85,37.158,36.271,25.409,4.0,
585,0.0,3.0,1.0,0.0,0.0,0.0,232.344,1248.128,83.332,37.658,35.574,28.743,4.0,
586,0.0,3.0,1.0,0.0,0.0,0.0,261.7,1226.586,83.478,37.563,36.012,28.925,4.0,
588,0.0,3.0,1.0,0.0,0.0,0.0,500.03,1262.686,-25.028,37.235,36.949,24.439,4.0,
590,4.0,3.0,1.0,0.0,0.0,0.0,2448.075,1325.549,-5.63,36.538,36.509,25.363,4.0,
591,4.0,3.0,1.0,0.0,0.0,0.0,2406.012,1374.156,41.485,36.749,36.4,28.806,4.0,
593,5.0,3.0,1.0,0.0,0.0,0.0,3371.633,1253.001,-7.699,37.27,37.105,27.394,4.0,
595,5.0,3.0,1.0,0.0,0.0,0.0,3462.115,1237.575,111.467,37.945,37.746,27.876,4.0,
596,7.0,3.0,1.0,0.0,0.0,0.0,4621.13,1572.382,2.631,37.052,36.524,27.075,4.0,
597,8.0,3.0,1.0,0.0,0.0,0.0,5144.559,1362.557,-3.873,41.583,41.116,35.168,4.0,
598,9.0,3.0,1.0,0.0,0.0,0.0,5778.076,1455.265,2.811,36.641,36.306,28.686,4.0,
599,0.0,4.0,1.0,0.0,0.0,0.0,376.325,1751.186,-9.082,36.877,35.137,28.342,4.0,
600,0.0,4.0,1.0,0.0,0.0,0.0,345.873,1736.06,98.375,35.808,35.14,26.134,4.0,
601,0.0,4.0,1.0,0.0,0.0,0.0,395.018,1642.378,-4.024,35.767,35.628,26.31,4.0,
602,1.0,4.0,1.0,0.0,0.0,0.0,872.719,2024.697,-10.037,36.945,35.341,28.311,4.0,
603,1.0,4.0,1.0,0.0,0.0,0.0,846.286,2016.209,0.962,36.282,36.023,26.611,4.0,
604,2.0,4.0,1.0,0.0,0.0,0.0,1439.385,1641.749,-1.751,35.102,32.974,26.934,4.0,
605,0.0,6.0,1.0,0.0,0.0,0.0,359.471,2869.874,64.563,37.153,36.046,26.881,4.0,
606,0.0,7.0,1.0,0.0,0.0,0.0,593.028,2949.544,-7.955,37.169,36.446,28.925,4.0,
608,1.0,7.0,1.0,0.0,0.0,0.0,1065.312,2862.543,-15.265,37.626,35.513,29.086,4.0,
609,3.0,7.0,1.0,0.0,0.0,0.0,2315.252,3253.457,62.795,36.958,36.369,25.479,4.0,
610,7.0,7.0,1.0,0.0,0.0,0.0,4057.197,3162.065,-2.198,37.34,36.686,27.257,4.0,
611,7.0,7.0,1.0,0.0,0.0,0.0,4047.696,3197.362,133.112,37.258,36.575,27.196,4.0,
612,4.0,8.0,1.0,0.0,0.0,0.0,2686.782,3361.062,106.676,37.071,36.163,31.116,4.0,
614,6.0,8.0,1.0,0.0,0.0,0.0,4035.819,3350.738,-23.357,36.861,35.109,26.681,4.0,
615,8.0,8.0,1.0,0.0,0.0,0.0,5122.137,3426.024,37.557,37.105,36.972,27.284,4.0,
616,8.0,8.0,1.0,0.0,0.0,0.0,5124.937,3392.768,131.552,37.023,36.719,27.147,4.0,
617,8.0,8.0,1.0,0.0,0.0,0.0,5192.88,3444.282,102.43,37.22,36.584,27.215,4.0,
620,0.0,9.0,1.0,0.0,0.0,0.0,224.928,4018.891,8.916,37.271,36.282,27.035,4.0,
621,0.0,9.0,1.0,0.0,0.0,0.0,522.598,4098.548,31.412,37.174,36.766,29.135,4.0,
622,3.0,9.0,1.0,0.0,0.0,0.0,2262.98,3825.847,-40.855,37.709,36.828,29.336,4.0,
623,3.0,9.0,1.0,0.0,0.0,0.0,2285.711,3799.401,99.614,37.057,36.834,25.65,4.0,
624,4.0,9.0,1.0,0.0,0.0,0.0,2608.233,4031.362,92.22,36.9,36.132,26.894,4.0,
625,4.0,9.0,1.0,0.0,0.0,0.0,2594.867,4062.007,128.186,37.811,37.259,29.562,4.0,
626,4.0,9.0,1.0,0.0,0.0,0.0,2324.857,3886.829,-3.604,37.293,34.283,28.437,4.0,
627,4.0,9.0,1.0,0.0,0.0,0.0,2321.016,3873.016,-0.434,37.129,35.993,31.152,4.0,
628,7.0,9.0,1.0,0.0,0.0,0.0,4620.166,3857.179,83.237,37.746,37.403,29.615,4.0,
630,2.0,10.0,1.0,0.0,0.0,0.0,1714.112,4147.951,5.348,36.537,35.074,28.402,4.0,
631,2.0,10.0,1.0,0.0,0.0,0.0,1715.577,4129.674,101.798,38.093,35.661,28.795,4.0,
632,2.0,10.0,1.0,0.0,0.0,0.0,1697.634,4115.383,37.959,37.416,36.655,27.211,4.0,
633,3.0,10.0,1.0,0.0,0.0,0.0,1755.857,4505.303,7.797,37.658,37.457,29.602,4.0,
634,3.0,10.0,1.0,0.0,0.0,0.0,1970.64,4503.127,-38.286,37.199,36.658,29.1,4.0,
635,3.0,10.0,1.0,0.0,0.0,0.0,2082.405,4504.271,27.792,37.669,37.095,27.57,4.0,
636,3.0,10.0,1.0,0.0,0.0,0.0,2317.199,4338.881,72.262,37.706,37.011,29.446,4.0,
637,5.0,10.0,1.0,0.0,0.0,0.0,3134.998,4359.158,-13.084,37.551,36.976,31.721,4.0,
638,5.0,10.0,1.0,0.0,0.0,0.0,3148.241,4379.673,50.117,38.177,37.186,29.606,4.0,
639,8.0,10.0,1.0,0.0,0.0,0.0,4755.535,4178.877,69.768,38.71,37.627,32.408,4.0,
640,8.0,10.0,1.0,0.0,0.0,0.0,4740.634,4157.037,54.528,37.806,36.404,29.131,4.0,
641,2.0,11.0,1.0,0.0,0.0,0.0,1638.152,4897.571,13.978,41.205,40.746,34.866,4.0,
643,2.0,11.0,1.0,0.0,0.0,0.0,1293.307,4739.792,-13.263,37.222,36.306,31.179,4.0,
644,2.0,11.0,1.0,0.0,0.0,0.0,1272.201,4741.342,134.345,38.002,37.52,32.113,4.0,
645,6.0,11.0,1.0,0.0,0.0,0.0,3721.291,4514.768,-14.499,36.834,36.23,31.005,4.0,
646,6.0,11.0,1.0,0.0,0.0,0.0,3704.24,4518.495,-19.887,36.544,35.759,30.688,4.0,
648,6.0,11.0,1.0,0.0,0.0,0.0,3861.445,4896.489,-17.305,36.706,35.978,30.883,4.0,
649,6.0,11.0,1.0,0.0,0.0,0.0,3840.125,4888.414,126.346,37.485,36.205,29.102,4.0,
650,4.0,12.0,1.0,0.0,0.0,0.0,2851.306,5250.78,131.88,37.382,36.389,27.196,4.0,
651,4.0,12.0,1.0,0.0,0.0,0.0,2827.347,5031.419,16.291,36.961,35.337,28.446,4.0,
652,4.0,12.0,1.0,0.0,0.0,0.0,2861.885,5029.967,112.068,36.238,35.619,24.971,4.0,
653,4.0,12.0,1.0,0.0,0.0,0.0,2896.012,5039.237,-29.954,36.249,35.431,26.354,4.0,
654,9.0,12.0,1.0,0.0,0.0,0.0,5253.706,5138.562,122.15,36.989,36.718,25.59,4.0,
655,9.0,12.0,1.0,0.0,0.0,0.0,5219.542,5156.875,-42.551,37.204,36.685,24.32,4.0,
</ResultDatas>,,,,,,,,,,,,,,
<ElementResult>,,,,,,,,,,,,,,
0,0.0,,,,,,,,,,,,,
1,0.0,,,,,,,,,,,,,
2,0.0,,,,,,,,,,,,,
3,0.0,,,,,,,,,,,,,
4,0.0,,,,,,,,,,,,,
5,589.0,,,,,,,,,,,,,
</ElementResult>,,,,,,,,,,,,,,
0,0.0,0.0,1.0,0.0,0.0,0.0,268.868,19.307,68.533,37.277,37.034,9.752,0.0,0.0
1,0.0,0.0,1.0,1.0,1.0,0.0,338.362,52.041,109.948,35.611,35.454,9.557,0.0,0.0
2,0.0,0.0,1.0,2.0,2.0,0.0,54.046,106.1,43.654,36.141,36.08,9.632,0.0,0.0
3,0.0,0.0,1.0,3.0,3.0,0.0,92.275,167.668,32.995,36.165,36.021,9.628,0.0,0.0
4,0.0,0.0,1.0,4.0,4.0,0.0,566.988,315.399,36.041,37.31,37.114,9.846,0.0,0.0
5,0.0,0.0,1.0,5.0,5.0,0.0,142.803,316.852,49.462,37.307,37.134,9.769,0.0,0.0
6,0.0,0.0,1.0,6.0,7.0,0.0,375.057,377.061,63.796,35.894,35.776,9.638,0.0,0.0
7,1.0,0.0,1.0,0.0,0.0,0.0,633.903,32.207,70.551,35.852,35.656,9.616,0.0,0.0
8,1.0,0.0,1.0,1.0,1.0,0.0,905.508,44.672,63.353,36.701,36.604,9.698,0.0,0.0
9,1.0,0.0,1.0,2.0,2.0,0.0,959.923,48.947,132.782,36.415,36.308,9.699,0.0,0.0
10,1.0,0.0,1.0,3.0,3.0,0.0,712.513,50.506,31.098,36.615,36.513,9.674,0.0,0.0
11,1.0,0.0,1.0,4.0,4.0,0.0,827.028,163.723,106.825,36.777,36.659,9.715,0.0,0.0
12,1.0,0.0,1.0,5.0,5.0,0.0,684.212,171.549,2.28,35.895,35.764,9.637,0.0,0.0
14,1.0,0.0,1.0,7.0,8.0,0.0,657.281,323.95,12.283,36.423,36.345,9.705,0.0,0.0
15,1.0,0.0,1.0,8.0,9.0,0.0,1141.967,347.54,69.312,36.68,36.608,9.695,0.0,0.0
16,1.0,0.0,1.0,9.0,10.0,0.0,1058.868,413.818,7.346,36.841,36.536,9.707,0.0,0.0
17,2.0,0.0,1.0,0.0,0.0,0.0,1661.72,211.838,85.429,36.879,36.752,9.741,0.0,0.0
18,2.0,0.0,1.0,1.0,1.0,0.0,1440.859,264.48,103.67,36.71,36.547,9.691,0.0,0.0
20,2.0,0.0,1.0,3.0,5.0,0.0,1269.501,362.1,26.202,36.952,36.794,9.756,0.0,0.0
21,3.0,0.0,1.0,0.0,0.0,0.0,2005.832,73.401,73.374,36.01,35.887,9.589,0.0,0.0
22,3.0,0.0,1.0,1.0,1.0,0.0,2179.741,153.145,-23.388,36.169,36.029,9.629,0.0,0.0
23,3.0,0.0,1.0,2.0,2.0,0.0,2146.298,275.187,116.51,36.318,36.177,9.669,0.0,0.0
24,3.0,0.0,1.0,3.0,3.0,0.0,2305.718,294.579,122.51,37.521,37.323,9.822,0.0,0.0
25,3.0,0.0,1.0,4.0,6.0,0.0,1981.936,392.13,100.517,37.402,37.321,9.806,0.0,0.0
26,4.0,0.0,1.0,0.0,1.0,0.0,2652.549,206.388,-34.454,34.92,34.826,9.379,0.0,0.0
27,4.0,0.0,1.0,1.0,2.0,0.0,2742.707,215.151,74.397,36.391,36.318,9.619,0.0,0.0
28,4.0,0.0,1.0,2.0,3.0,0.0,2434.103,256.789,38.659,36.384,36.171,9.677,0.0,0.0
29,4.0,0.0,1.0,3.0,5.0,0.0,2419.299,369.326,32.583,36.577,36.458,9.662,0.0,0.0
30,5.0,0.0,1.0,0.0,0.0,0.0,3331.738,156.147,19.537,36.409,36.29,9.696,0.0,0.0
31,5.0,0.0,1.0,1.0,1.0,0.0,3216.015,214.813,98.884,34.838,34.677,9.427,0.0,0.0
32,5.0,0.0,1.0,2.0,2.0,0.0,3164.449,247.305,120.719,36.743,35.712,9.745,0.0,0.0
33,5.0,0.0,1.0,3.0,3.0,0.0,3373.304,371.591,46.54,36.886,36.773,9.744,0.0,0.0
34,6.0,0.0,1.0,0.0,2.0,0.0,3549.946,31.724,63.888,36.896,36.75,9.743,0.0,0.0
35,6.0,0.0,1.0,1.0,4.0,0.0,3505.895,260.907,43.712,37.257,37.124,9.761,0.0,0.0
36,6.0,0.0,1.0,2.0,5.0,0.0,3924.169,343.892,33.653,36.801,36.609,9.712,0.0,0.0
37,6.0,0.0,1.0,3.0,6.0,0.0,3979.651,355.69,47.349,36.925,36.725,9.743,0.0,0.0
38,7.0,0.0,1.0,0.0,0.0,0.0,4121.545,47.667,24.373,36.948,36.882,9.767,0.0,0.0
39,7.0,0.0,1.0,1.0,1.0,0.0,4068.125,77.586,25.836,36.333,36.126,9.664,0.0,0.0
40,7.0,0.0,1.0,2.0,2.0,0.0,4493.609,100.087,46.881,36.193,35.957,9.623,0.0,0.0
41,7.0,0.0,1.0,3.0,3.0,0.0,4524.616,184.64,1.373,37.289,37.213,9.777,0.0,0.0
42,7.0,0.0,1.0,4.0,4.0,0.0,4437.331,394.768,35.274,37.62,37.574,9.791,0.0,0.0
43,7.0,0.0,1.0,5.0,5.0,0.0,4061.626,413.761,9.446,37.428,37.034,9.772,0.0,0.0
44,8.0,0.0,1.0,0.0,0.0,0.0,5100.724,77.979,122.519,37.076,36.763,9.768,0.0,0.0
45,8.0,0.0,1.0,1.0,1.0,0.0,4705.276,289.534,-30.921,36.263,36.128,9.655,0.0,0.0
46,9.0,0.0,1.0,0.0,0.0,0.0,5716.546,54.067,81.146,36.445,36.337,9.707,0.0,0.0
47,9.0,0.0,1.0,1.0,1.0,0.0,5282.209,70.728,14.657,36.145,35.97,9.618,0.0,0.0
48,9.0,0.0,1.0,2.0,2.0,0.0,5483.866,368.459,-17.795,36.424,36.331,9.704,0.0,0.0
49,0.0,1.0,1.0,0.0,0.0,0.0,526.429,432.119,-41.572,36.936,36.894,9.767,0.0,0.0
50,0.0,1.0,1.0,1.0,2.0,0.0,263.784,740.316,44.912,36.308,36.186,9.669,0.0,0.0
51,0.0,1.0,1.0,2.0,4.0,0.0,463.372,808.883,56.821,36.049,35.965,9.684,0.0,0.0
52,1.0,1.0,1.0,0.0,1.0,0.0,894.502,538.801,80.477,36.066,36.011,9.613,0.0,0.0
53,1.0,1.0,1.0,1.0,2.0,0.0,873.653,639.763,75.287,35.647,35.47,9.564,0.0,0.0
54,1.0,1.0,1.0,2.0,3.0,0.0,1034.406,693.693,49.039,36.131,35.924,9.61,0.0,0.0
55,1.0,1.0,1.0,3.0,4.0,0.0,1120.851,763.499,21.014,36.76,36.494,9.691,0.0,0.0
57,2.0,1.0,1.0,0.0,0.0,0.0,1546.873,480.657,99.143,37.156,37.046,9.816,0.0,0.0
58,2.0,1.0,1.0,1.0,1.0,0.0,1321.48,562.928,54.931,36.389,36.336,9.699,0.0,0.0
59,2.0,1.0,1.0,2.0,2.0,0.0,1205.52,617.164,63.758,36.458,36.371,9.634,0.0,0.0
60,2.0,1.0,1.0,3.0,3.0,0.0,1280.213,695.665,32.823,36.188,36.08,9.638,0.0,0.0
61,2.0,1.0,1.0,4.0,4.0,0.0,1618.567,722.818,6.266,37.089,36.973,9.798,0.0,0.0
62,2.0,1.0,1.0,5.0,5.0,0.0,1379.268,810.209,-2.768,37.043,36.97,9.713,0.0,0.0
63,4.0,1.0,1.0,0.0,0.0,0.0,2576.753,449.903,69.601,36.392,36.227,9.685,0.0,0.0
64,4.0,1.0,1.0,1.0,1.0,0.0,2633.458,467.232,44.099,36.506,36.486,9.735,0.0,0.0
65,4.0,1.0,1.0,2.0,3.0,0.0,2425.803,769.275,-22.26,24.909,24.451,7.933,0.0,0.0
66,5.0,1.0,1.0,0.0,0.0,0.0,3021.87,476.516,34.202,36.456,36.293,9.703,0.0,0.0
67,5.0,1.0,1.0,1.0,1.0,0.0,3267.474,498.774,72.799,36.617,36.447,9.744,0.0,0.0
68,5.0,1.0,1.0,2.0,2.0,0.0,2904.108,523.293,60.115,37.35,37.213,9.785,0.0,0.0
69,5.0,1.0,1.0,3.0,3.0,0.0,3013.522,532.654,94.667,17.93,17.693,6.676,0.0,0.0
70,5.0,1.0,1.0,4.0,4.0,0.0,3028.047,553.112,120.599,17.586,11.915,6.184,0.0,0.0
71,5.0,1.0,1.0,5.0,5.0,0.0,3289.209,757.212,29.968,36.961,36.729,9.749,0.0,0.0
72,6.0,1.0,1.0,0.0,1.0,0.0,3830.102,503.33,20.291,36.638,36.584,9.766,0.0,0.0
73,6.0,1.0,1.0,1.0,2.0,0.0,3700.24,569.326,15.453,36.144,36.079,9.633,0.0,0.0
74,7.0,1.0,1.0,0.0,2.0,0.0,4533.023,544.51,37.614,37.215,37.092,9.752,0.0,0.0
75,7.0,1.0,1.0,1.0,3.0,0.0,4117.887,589.984,57.657,36.633,36.382,9.738,0.0,0.0
76,7.0,1.0,1.0,2.0,4.0,0.0,4331.32,642.269,-37.049,35.888,35.774,9.637,0.0,0.0
77,7.0,1.0,1.0,3.0,5.0,0.0,4498.5,702.271,78.249,35.918,35.846,9.571,0.0,0.0
78,7.0,1.0,1.0,4.0,6.0,0.0,4598.769,708.458,51.601,37.71,37.621,9.809,0.0,0.0
79,7.0,1.0,1.0,5.0,7.0,0.0,4111.314,735.377,14.331,36.869,35.939,9.632,0.0,0.0
80,7.0,1.0,1.0,6.0,8.0,0.0,4377.55,751.249,88.142,36.403,36.262,9.691,0.0,0.0
81,7.0,1.0,1.0,7.0,9.0,0.0,4323.04,776.291,72.094,36.787,36.636,9.713,0.0,0.0
82,7.0,1.0,1.0,8.0,10.0,0.0,4198.173,778.809,-3.535,37.298,37.192,9.776,0.0,0.0
83,7.0,1.0,1.0,9.0,11.0,0.0,4095.232,816.948,79.39,36.917,36.788,9.751,0.0,0.0
84,8.0,1.0,1.0,0.0,0.0,0.0,4703.161,441.895,18.824,36.421,36.116,9.675,0.0,0.0
85,8.0,1.0,1.0,1.0,1.0,0.0,5084.497,564.863,75.769,36.796,36.721,9.726,0.0,0.0
86,8.0,1.0,1.0,2.0,2.0,0.0,4797.272,573.28,31.799,36.741,36.682,9.713,0.0,0.0
87,8.0,1.0,1.0,3.0,4.0,0.0,4746.23,770.548,33.157,36.83,36.597,9.637,0.0,0.0
88,9.0,1.0,1.0,0.0,0.0,0.0,5522.757,454.119,89.653,36.998,36.851,9.77,0.0,0.0
89,9.0,1.0,1.0,1.0,1.0,0.0,5730.64,480.968,-37.972,36.228,36.127,9.65,0.0,0.0
90,9.0,1.0,1.0,2.0,2.0,0.0,5572.899,481.721,7.383,36.477,36.366,9.715,0.0,0.0
91,9.0,1.0,1.0,3.0,4.0,0.0,5759.075,576.992,-14.528,36.895,36.638,9.728,0.0,0.0
92,9.0,1.0,1.0,4.0,5.0,0.0,5249.33,726.246,9.099,37.273,37.207,9.775,0.0,0.0
93,9.0,1.0,1.0,5.0,6.0,0.0,5499.403,776.382,54.371,37.074,37.015,9.723,0.0,0.0
94,9.0,1.0,1.0,6.0,7.0,0.0,5317.028,816.085,121.136,36.772,36.626,9.71,0.0,0.0
95,9.0,1.0,1.0,7.0,8.0,0.0,5467.793,817.516,119.842,37.067,36.826,9.775,0.0,0.0
96,0.0,2.0,1.0,0.0,2.0,0.0,86.753,844.526,35.952,36.979,36.647,9.74,0.0,0.0
97,0.0,2.0,1.0,1.0,3.0,0.0,379.978,910.474,70.203,35.76,35.624,9.6,0.0,0.0
99,0.0,2.0,1.0,3.0,5.0,0.0,229.178,1017.76,53.98,36.43,36.231,9.691,0.0,0.0
100,0.0,2.0,1.0,4.0,6.0,0.0,177.692,1044.959,-10.023,36.143,36.032,9.626,0.0,0.0
101,0.0,2.0,1.0,5.0,7.0,0.0,43.722,1126.559,-21.04,36.94,36.872,9.687,0.0,0.0
102,0.0,2.0,1.0,6.0,8.0,0.0,152.752,1145.846,117.598,37.777,37.683,9.825,0.0,0.0
103,1.0,2.0,1.0,0.0,2.0,0.0,664.355,1054.5,11.04,37.693,37.376,9.775,0.0,0.0
104,1.0,2.0,1.0,1.0,3.0,0.0,1058.317,1058.155,74.097,36.416,36.302,9.698,0.0,0.0
105,1.0,2.0,1.0,2.0,4.0,0.0,1110.452,1142.792,55.355,37.253,36.996,9.744,0.0,0.0
106,1.0,2.0,1.0,3.0,5.0,0.0,893.428,1178.116,7.485,36.301,36.228,9.673,0.0,0.0
109,2.0,2.0,1.0,0.0,1.0,0.0,1675.693,1013.808,33.649,36.836,36.749,9.735,0.0,0.0
110,2.0,2.0,1.0,1.0,2.0,0.0,1187.116,1017.901,39.145,37.039,36.891,9.702,0.0,0.0
111,2.0,2.0,1.0,2.0,3.0,0.0,1564.313,1062.46,74.752,35.368,35.286,9.501,0.0,0.0
112,3.0,2.0,1.0,0.0,0.0,0.0,1953.417,871.639,94.565,36.709,36.507,9.686,0.0,0.0
113,3.0,2.0,1.0,1.0,1.0,0.0,2263.679,895.54,36.222,36.943,36.816,9.758,0.0,0.0
114,3.0,2.0,1.0,2.0,2.0,0.0,1791.403,915.329,63.437,36.923,36.858,9.683,0.0,0.0
115,3.0,2.0,1.0,3.0,3.0,0.0,2034.401,946.329,-25.588,36.66,36.61,9.693,0.0,0.0
116,3.0,2.0,1.0,4.0,4.0,0.0,2035.297,1053.211,104.891,36.272,36.092,9.573,0.0,0.0
117,3.0,2.0,1.0,5.0,5.0,0.0,2228.678,1092.737,19.211,36.185,36.071,9.637,0.0,0.0
118,3.0,2.0,1.0,6.0,6.0,0.0,2120.933,1125.49,1.91,35.996,35.845,9.661,0.0,0.0
120,4.0,2.0,1.0,1.0,1.0,0.0,2533.707,983.37,104.442,35.998,35.902,9.589,0.0,0.0
121,4.0,2.0,1.0,2.0,3.0,0.0,2555.544,1046.284,81.969,37.142,37.048,9.736,0.0,0.0
122,4.0,2.0,1.0,3.0,4.0,0.0,2616.009,1098.79,47.239,36.863,36.573,9.715,0.0,0.0
123,4.0,2.0,1.0,4.0,5.0,0.0,2627.412,1138.432,69.913,36.321,35.779,9.615,0.0,0.0
124,4.0,2.0,1.0,5.0,6.0,0.0,2538.463,1144.399,48.44,37.235,37.136,9.76,0.0,0.0
125,5.0,2.0,1.0,0.0,0.0,0.0,3044.203,1042.626,77.153,37.135,37.036,9.812,0.0,0.0
126,5.0,2.0,1.0,1.0,1.0,0.0,3349.287,1065.759,-22.867,36.645,36.572,9.686,0.0,0.0
127,5.0,2.0,1.0,2.0,2.0,0.0,3361.77,1134.661,45.138,36.517,36.323,9.715,0.0,0.0
128,6.0,2.0,1.0,0.0,0.0,0.0,3806.968,841.094,-5.673,36.924,36.755,9.747,0.0,0.0
129,6.0,2.0,1.0,1.0,1.0,0.0,3859.576,875.478,43.035,37.873,37.424,9.805,0.0,0.0
130,6.0,2.0,1.0,2.0,2.0,0.0,3610.821,950.371,26.053,36.51,36.461,9.732,0.0,0.0
131,6.0,2.0,1.0,3.0,3.0,0.0,3764.518,1032.19,88.231,36.307,36.179,9.667,0.0,0.0
132,6.0,2.0,1.0,4.0,4.0,0.0,3855.587,1061.782,-11.967,35.01,34.941,9.486,0.0,0.0
133,6.0,2.0,1.0,5.0,5.0,0.0,3554.494,1112.412,109.999,37.17,37.088,9.745,0.0,0.0
134,6.0,2.0,1.0,6.0,6.0,0.0,3891.451,1131.245,55.279,36.013,35.857,9.585,0.0,0.0
135,6.0,2.0,1.0,7.0,7.0,0.0,3966.384,1196.968,2.223,37.249,37.174,9.767,0.0,0.0
136,7.0,2.0,1.0,0.0,1.0,0.0,4176.062,837.964,48.01,36.499,36.259,9.704,0.0,0.0
137,7.0,2.0,1.0,1.0,2.0,0.0,4264.242,876.213,41.505,36.534,36.404,9.728,0.0,0.0
138,7.0,2.0,1.0,2.0,3.0,0.0,4584.442,896.397,-39.935,37.081,36.917,9.789,0.0,0.0
141,7.0,2.0,1.0,5.0,5.0,0.0,4481.234,1086.907,105.581,36.089,35.905,9.602,0.0,0.0
142,7.0,2.0,1.0,6.0,6.0,0.0,4371.576,1116.239,5.548,35.867,35.695,9.624,0.0,0.0
143,7.0,2.0,1.0,7.0,7.0,0.0,4312.855,1204.416,20.484,36.924,36.83,9.757,0.0,0.0
145,8.0,2.0,1.0,1.0,2.0,0.0,5055.717,1073.947,-28.538,35.241,35.008,9.527,0.0,0.0
148,9.0,2.0,1.0,0.0,2.0,0.0,5750.088,870.688,130.799,36.927,36.854,9.761,0.0,0.0
150,9.0,2.0,1.0,2.0,5.0,0.0,5615.842,999.129,117.927,38.507,38.155,9.905,0.0,0.0
151,9.0,2.0,1.0,3.0,6.0,0.0,5326.747,1156.091,9.14,37.047,37.003,9.796,0.0,0.0
152,0.0,3.0,1.0,0.0,0.0,0.0,148.111,1257.105,66.838,36.009,35.773,9.574,0.0,0.0
153,0.0,3.0,1.0,1.0,1.0,0.0,298.839,1259.438,39.025,36.548,36.438,9.734,0.0,0.0
154,0.0,3.0,1.0,2.0,2.0,0.0,533.264,1335.066,21.459,37.074,36.759,9.69,0.0,0.0
155,0.0,3.0,1.0,3.0,3.0,0.0,277.612,1415.503,59.859,35.827,35.628,9.609,0.0,0.0
156,0.0,3.0,1.0,4.0,4.0,0.0,358.247,1420.457,3.389,36.462,36.362,9.634,0.0,0.0
157,0.0,3.0,1.0,5.0,5.0,0.0,19.723,1495.918,-10.435,36.124,36.025,9.623,0.0,0.0
158,0.0,3.0,1.0,6.0,6.0,0.0,418.639,1520.718,62.783,36.368,36.039,9.657,0.0,0.0
159,0.0,3.0,1.0,7.0,7.0,0.0,41.005,1527.717,84.108,36.821,36.699,9.726,0.0,0.0
160,0.0,3.0,1.0,8.0,8.0,0.0,283.172,1630.519,57.987,37.172,36.95,9.728,0.0,0.0
161,1.0,3.0,1.0,0.0,1.0,0.0,1119.641,1457.233,24.329,36.54,36.373,9.725,0.0,0.0
162,1.0,3.0,1.0,1.0,2.0,0.0,1008.595,1509.579,78.684,36.069,35.97,9.608,0.0,0.0
163,1.0,3.0,1.0,2.0,3.0,0.0,756.712,1621.649,66.731,36.426,36.376,9.71,0.0,0.0
164,2.0,3.0,1.0,0.0,0.0,0.0,1274.037,1326.141,54.421,36.645,36.426,9.667,0.0,0.0
165,2.0,3.0,1.0,1.0,1.0,0.0,1266.619,1429.663,2.853,36.953,36.865,9.766,0.0,0.0
166,2.0,3.0,1.0,2.0,2.0,0.0,1225.977,1507.932,-4.109,37.066,37.002,9.799,0.0,0.0
167,3.0,3.0,1.0,0.0,0.0,0.0,2068.042,1264.886,100.778,36.779,36.521,9.697,0.0,0.0
168,3.0,3.0,1.0,1.0,1.0,0.0,1993.009,1333.726,-0.602,36.531,36.441,9.733,0.0,0.0
169,3.0,3.0,1.0,2.0,2.0,0.0,1828.274,1401.701,4.054,36.419,36.047,9.665,0.0,0.0
170,3.0,3.0,1.0,3.0,3.0,0.0,1938.382,1445.359,48.934,36.903,36.878,9.761,0.0,0.0
171,3.0,3.0,1.0,4.0,4.0,0.0,1791.831,1447.075,15.262,37.442,37.334,9.814,0.0,0.0
172,3.0,3.0,1.0,5.0,5.0,0.0,2272.755,1547.659,39.823,36.726,36.539,9.692,0.0,0.0
173,3.0,3.0,1.0,6.0,6.0,0.0,1949.056,1551.021,53.55,36.681,36.451,9.675,0.0,0.0
174,3.0,3.0,1.0,7.0,7.0,0.0,1765.606,1564.982,-22.26,37.539,37.43,9.839,0.0,0.0
175,4.0,3.0,1.0,0.0,0.0,0.0,2745.633,1260.573,54.32,36.702,36.462,9.602,0.0,0.0
176,4.0,3.0,1.0,1.0,1.0,0.0,2578.693,1578.148,-27.848,37.01,36.876,9.775,0.0,0.0
177,4.0,3.0,1.0,2.0,2.0,0.0,2466.41,1598.193,78.824,36.598,36.46,9.665,0.0,0.0
178,4.0,3.0,1.0,3.0,3.0,0.0,2382.823,1640.199,-1.176,37.042,33.985,9.389,0.0,0.0
179,5.0,3.0,1.0,0.0,0.0,0.0,3035.269,1557.111,42.711,36.64,36.477,9.673,0.0,0.0
180,5.0,3.0,1.0,1.0,1.0,0.0,3101.083,1642.013,-2.639,38.251,31.272,9.176,0.0,0.0
181,6.0,3.0,1.0,0.0,0.0,0.0,3860.856,1392.822,-44.977,35.705,35.527,9.579,0.0,0.0
182,6.0,3.0,1.0,1.0,2.0,0.0,3571.285,1496.593,11.04,36.331,36.142,9.666,0.0,0.0
183,7.0,3.0,1.0,0.0,1.0,0.0,4548.21,1258.576,79.712,36.438,36.362,9.709,0.0,0.0
184,7.0,3.0,1.0,1.0,2.0,0.0,4162.261,1285.552,52.067,36.917,36.655,9.733,0.0,0.0
185,7.0,3.0,1.0,2.0,3.0,0.0,4337.57,1318.952,127.617,38.246,36.944,9.502,0.0,0.0
186,7.0,3.0,1.0,3.0,4.0,0.0,4284.508,1362.103,28.627,35.956,35.858,9.578,0.0,0.0
187,7.0,3.0,1.0,4.0,5.0,0.0,4111.984,1382.609,31.31,37.038,36.963,9.79,0.0,0.0
188,7.0,3.0,1.0,5.0,6.0,0.0,4566.386,1388.205,63.856,37.487,37.458,9.836,0.0,0.0
189,7.0,3.0,1.0,6.0,7.0,0.0,4499.569,1433.293,55.71,36.496,36.375,9.719,0.0,0.0
190,7.0,3.0,1.0,7.0,8.0,0.0,4094.602,1499.053,-18.82,36.646,36.547,9.683,0.0,0.0
191,7.0,3.0,1.0,8.0,9.0,0.0,4471.512,1501.841,-40.422,36.139,36.066,9.63,0.0,0.0
192,7.0,3.0,1.0,9.0,11.0,0.0,4258.191,1563.875,83.97,36.428,36.364,9.63,0.0,0.0
194,8.0,3.0,1.0,1.0,1.0,0.0,5061.801,1416.766,81.156,36.992,36.689,9.747,0.0,0.0
195,8.0,3.0,1.0,2.0,2.0,0.0,4717.428,1438.006,12.77,36.398,36.09,9.668,0.0,0.0
196,8.0,3.0,1.0,3.0,3.0,0.0,4922.566,1494.754,44.401,37.573,37.305,9.827,0.0,0.0
197,8.0,3.0,1.0,4.0,5.0,0.0,5069.326,1569.829,21.304,37.248,37.197,9.77,0.0,0.0
198,8.0,3.0,1.0,5.0,6.0,0.0,4959.306,1603.439,65.067,36.338,36.25,9.681,0.0,0.0
199,8.0,3.0,1.0,6.0,7.0,0.0,5068.986,1637.997,4.038,37.882,37.096,9.841,0.0,0.0
200,9.0,3.0,1.0,0.0,1.0,0.0,5611.054,1486.393,64.376,35.62,35.598,9.577,0.0,0.0
201,9.0,3.0,1.0,1.0,2.0,0.0,5479.38,1490.909,31.878,35.99,35.633,9.553,0.0,0.0
202,0.0,4.0,1.0,0.0,1.0,0.0,218.503,1655.973,9.161,35.718,35.579,9.588,0.0,0.0
203,0.0,4.0,1.0,1.0,2.0,0.0,464.132,1855.358,2.894,35.511,35.381,9.533,0.0,0.0
204,0.0,4.0,1.0,2.0,3.0,0.0,190.265,2020.697,46.078,36.312,36.111,9.659,0.0,0.0
206,1.0,4.0,1.0,1.0,2.0,0.0,891.692,1757.676,109.809,36.061,35.938,9.603,0.0,0.0
207,2.0,4.0,1.0,0.0,0.0,0.0,1671.379,1674.188,-31.841,37.3,37.143,9.77,0.0,0.0
209,3.0,4.0,1.0,0.0,0.0,0.0,1790.856,1773.242,24.022,36.386,36.136,9.672,0.0,0.0
210,3.0,4.0,1.0,1.0,1.0,0.0,1832.986,1801.689,33.946,37.597,37.533,9.86,0.0,0.0
211,3.0,4.0,1.0,2.0,2.0,0.0,1921.225,1813.062,67.757,36.474,36.372,9.716,0.0,0.0
213,3.0,4.0,1.0,4.0,4.0,0.0,2155.394,2017.52,59.066,36.666,36.58,9.69,0.0,0.0
214,3.0,4.0,1.0,5.0,5.0,0.0,2288.594,2038.519,51.223,37.424,37.212,9.795,0.0,0.0
215,4.0,4.0,1.0,0.0,1.0,0.0,2617.395,1761.604,32.807,36.098,35.921,9.685,0.0,0.0
216,4.0,4.0,1.0,1.0,2.0,0.0,2414.758,1972.641,-35.821,37.064,36.879,9.782,0.0,0.0
217,4.0,4.0,1.0,2.0,3.0,0.0,2582.473,2002.037,103.944,36.644,36.622,9.693,0.0,0.0
218,4.0,4.0,1.0,3.0,4.0,0.0,2488.574,2028.686,88.816,37.167,36.65,9.687,0.0,0.0
220,5.0,4.0,1.0,1.0,2.0,0.0,3109.121,1873.827,13.643,36.292,35.974,9.483,0.0,0.0
221,5.0,4.0,1.0,2.0,3.0,0.0,2933.033,1959.525,26.103,37.108,36.781,9.697,0.0,0.0
222,5.0,4.0,1.0,3.0,4.0,0.0,3329.152,1992.838,133.586,37.611,37.51,9.782,0.0,0.0
223,5.0,4.0,1.0,4.0,5.0,0.0,3122.789,1994.696,-23.098,36.485,36.414,9.723,0.0,0.0
224,5.0,4.0,1.0,5.0,6.0,0.0,3236.492,2020.327,89.766,36.33,36.212,9.675,0.0,0.0
225,5.0,4.0,1.0,6.0,7.0,0.0,3329.683,2045.518,13.482,37.665,37.408,9.775,0.0,0.0
226,6.0,4.0,1.0,0.0,0.0,0.0,3871.839,1693.724,89.426,36.869,36.751,9.739,0.0,0.0
227,6.0,4.0,1.0,1.0,1.0,0.0,3877.798,1747.329,42.01,22.411,22.213,7.54,0.0,0.0
228,6.0,4.0,1.0,2.0,2.0,0.0,4015.839,1769.578,67.777,37.533,37.476,9.844,0.0,0.0
229,6.0,4.0,1.0,3.0,3.0,0.0,3727.753,1832.256,98.675,35.594,35.489,9.559,0.0,0.0
230,6.0,4.0,1.0,4.0,4.0,0.0,3660.169,1892.176,46.031,36.939,36.851,9.762,0.0,0.0
231,7.0,4.0,1.0,0.0,0.0,0.0,4219.71,1651.725,76.419,36.708,36.557,9.692,0.0,0.0
232,7.0,4.0,1.0,1.0,1.0,0.0,4610.371,1775.433,129.174,36.877,36.719,9.736,0.0,0.0
233,7.0,4.0,1.0,2.0,3.0,0.0,4597.121,1985.594,62.807,36.842,36.751,9.736,0.0,0.0
234,8.0,4.0,1.0,0.0,1.0,0.0,4958.409,1679.301,53.175,36.11,35.999,9.617,0.0,0.0
235,8.0,4.0,1.0,1.0,2.0,0.0,5173.001,1729.129,69.756,37.586,37.459,9.849,0.0,0.0
236,8.0,4.0,1.0,2.0,4.0,0.0,4728.919,1835.382,-44.853,36.802,36.712,9.725,0.0,0.0
237,8.0,4.0,1.0,3.0,5.0,0.0,5110.215,1844.449,21.013,37.494,37.263,9.811,0.0,0.0
238,8.0,4.0,1.0,4.0,6.0,0.0,5065.673,1864.877,6.468,36.705,36.651,9.704,0.0,0.0
239,8.0,4.0,1.0,5.0,7.0,0.0,4733.152,1886.922,92.364,37.272,37.186,9.772,0.0,0.0
240,8.0,4.0,1.0,6.0,8.0,0.0,4857.825,1954.784,23.617,37.212,37.055,9.747,0.0,0.0
241,8.0,4.0,1.0,7.0,9.0,0.0,4811.394,1962.067,-42.134,37.365,37.233,9.79,0.0,0.0
242,8.0,4.0,1.0,8.0,10.0,0.0,4942.539,1973.714,50.386,36.883,36.718,9.737,0.0,0.0
244,9.0,4.0,1.0,0.0,0.0,0.0,5445.695,1684.627,77.387,37.059,36.798,9.771,0.0,0.0
245,9.0,4.0,1.0,1.0,2.0,0.0,5589.246,1940.859,105.309,37.237,37.184,9.767,0.0,0.0
246,9.0,4.0,1.0,2.0,3.0,0.0,5419.691,1987.228,123.083,35.608,35.428,9.553,0.0,0.0
247,0.0,5.0,1.0,0.0,0.0,0.0,23.839,2069.674,46.979,36.349,36.13,9.667,0.0,0.0
248,0.0,5.0,1.0,1.0,1.0,0.0,511.165,2128.563,-38.239,36.664,36.527,9.683,0.0,0.0
249,1.0,5.0,1.0,0.0,0.0,0.0,981.26,2064.531,60.249,36.807,36.763,9.733,0.0,0.0
251,1.0,5.0,1.0,2.0,2.0,0.0,1011.694,2183.319,-18.326,36.603,36.557,9.679,0.0,0.0
252,1.0,5.0,1.0,3.0,3.0,0.0,765.995,2198.452,68.692,36.75,36.53,9.855,0.0,0.0
253,1.0,5.0,1.0,4.0,5.0,0.0,1012.55,2334.241,-2.077,35.993,35.956,9.596,0.0,0.0
254,2.0,5.0,1.0,0.0,1.0,0.0,1220.585,2115.862,37.467,37.046,37.038,9.723,0.0,0.0
256,2.0,5.0,1.0,2.0,3.0,0.0,1440.72,2234.237,90.687,35.604,35.596,9.575,0.0,0.0
257,2.0,5.0,1.0,3.0,4.0,0.0,1188.986,2251.257,35.705,36.71,36.66,9.706,0.0,0.0
258,2.0,5.0,1.0,4.0,6.0,0.0,1690.071,2378.454,25.626,36.797,36.72,9.726,0.0,0.0
259,2.0,5.0,1.0,5.0,7.0,0.0,1358.191,2379.771,52.453,37.534,37.317,9.823,0.0,0.0
260,3.0,5.0,1.0,0.0,1.0,0.0,2248.317,2115.506,65.558,36.854,36.808,9.745,0.0,0.0
261,3.0,5.0,1.0,1.0,2.0,0.0,1788.861,2199.177,37.152,36.895,36.72,9.739,0.0,0.0
262,3.0,5.0,1.0,2.0,3.0,0.0,1751.904,2310.389,44.714,36.877,36.729,9.737,0.0,0.0
263,3.0,5.0,1.0,3.0,4.0,0.0,2020.945,2374.131,43.586,36.488,36.442,9.648,0.0,0.0
264,3.0,5.0,1.0,4.0,5.0,0.0,2285.87,2376.991,34.656,37.167,36.958,9.806,0.0,0.0
265,3.0,5.0,1.0,5.0,6.0,0.0,1781.849,2394.207,4.243,38.077,38.014,9.908,0.0,0.0
266,3.0,5.0,1.0,6.0,7.0,0.0,1852.729,2441.33,-29.947,37.123,37.005,9.807,0.0,0.0
270,4.0,5.0,1.0,2.0,3.0,0.0,2736.363,2215.249,43.736,36.39,36.278,9.692,0.0,0.0
271,4.0,5.0,1.0,3.0,4.0,0.0,2707.317,2305.884,102.803,36.002,35.829,9.58,0.0,0.0
272,4.0,5.0,1.0,4.0,5.0,0.0,2581.241,2362.377,38.151,36.538,36.359,9.644,0.0,0.0
273,4.0,5.0,1.0,5.0,6.0,0.0,2543.14,2411.886,94.392,36.724,36.643,9.706,0.0,0.0
274,5.0,5.0,1.0,0.0,1.0,0.0,3410.212,2089.465,110.078,37.298,37.139,9.769,0.0,0.0
275,5.0,5.0,1.0,1.0,3.0,0.0,3098.717,2299.734,70.885,36.958,36.852,9.764,0.0,0.0
276,5.0,5.0,1.0,2.0,4.0,0.0,3421.196,2443.508,-9.215,37.269,37.163,9.847,0.0,0.0
277,6.0,5.0,1.0,0.0,1.0,0.0,3818.121,2135.902,69.705,36.416,35.994,9.657,0.0,0.0
278,6.0,5.0,1.0,1.0,3.0,0.0,3985.16,2250.591,3.036,36.556,36.47,9.74,0.0,0.0
279,6.0,5.0,1.0,2.0,4.0,0.0,3826.218,2320.96,-0.551,35.71,35.49,9.575,0.0,0.0
280,6.0,5.0,1.0,3.0,5.0,0.0,4030.154,2379.602,36.298,37.472,37.156,9.794,0.0,0.0
281,6.0,5.0,1.0,4.0,6.0,0.0,3715.335,2412.404,56.1,37.342,37.282,9.794,0.0,0.0
282,7.0,5.0,1.0,0.0,0.0,0.0,4073.194,2063.316,37.966,37.274,37.219,9.776,0.0,0.0
283,7.0,5.0,1.0,1.0,1.0,0.0,4522.144,2248.01,6.448,37.408,37.368,9.814,0.0,0.0
284,7.0,5.0,1.0,2.0,2.0,0.0,4509.663,2344.822,77.271,36.618,36.513,9.675,0.0,0.0
285,7.0,5.0,1.0,3.0,3.0,0.0,4587.462,2361.232,13.731,37.404,37.186,9.789,0.0,0.0
286,7.0,5.0,1.0,4.0,5.0,0.0,4103.672,2384.067,87.13,37.333,37.14,9.774,0.0,0.0
287,8.0,5.0,1.0,0.0,1.0,0.0,5098.303,2089.182,69.746,36.55,36.526,9.746,0.0,0.0
288,8.0,5.0,1.0,1.0,2.0,0.0,4902.32,2224.432,3.209,36.869,36.785,9.744,0.0,0.0
289,8.0,5.0,1.0,2.0,3.0,0.0,4657.126,2250.592,9.952,36.99,36.769,9.758,0.0,0.0
290,8.0,5.0,1.0,3.0,4.0,0.0,5083.018,2384.94,-6.958,36.577,36.453,9.74,0.0,0.0
291,8.0,5.0,1.0,4.0,5.0,0.0,4647.519,2420.329,22.929,37.136,36.992,9.807,0.0,0.0
292,9.0,5.0,1.0,0.0,2.0,0.0,5747.599,2265.994,130.406,36.829,36.788,9.739,0.0,0.0
293,9.0,5.0,1.0,1.0,3.0,0.0,5237.957,2301.495,70.404,37.549,37.439,9.841,0.0,0.0
296,9.0,5.0,1.0,4.0,6.0,0.0,5483.961,2358.453,21.879,36.513,36.194,9.543,0.0,0.0
297,0.0,6.0,1.0,0.0,2.0,0.0,173.137,2628.228,123.495,37.1,37.042,9.73,0.0,0.0
298,0.0,6.0,1.0,1.0,3.0,0.0,542.643,2751.319,31.785,37.649,37.526,9.866,0.0,0.0
299,1.0,6.0,1.0,0.0,0.0,0.0,744.75,2471.104,106.465,36.298,36.193,9.668,0.0,0.0
300,1.0,6.0,1.0,1.0,1.0,0.0,1045.676,2649.932,56.494,37.16,36.913,9.721,0.0,0.0
301,1.0,6.0,1.0,2.0,2.0,0.0,1007.245,2733.088,122.453,35.961,35.88,9.582,0.0,0.0
303,2.0,6.0,1.0,0.0,0.0,0.0,1340.447,2612.916,-0.887,36.78,36.643,9.713,0.0,0.0
305,2.0,6.0,1.0,2.0,2.0,0.0,1472.565,2685.743,81.408,35.966,35.76,9.566,0.0,0.0
306,3.0,6.0,1.0,0.0,2.0,0.0,2079.648,2522.573,65.058,36.869,36.741,9.738,0.0,0.0
307,3.0,6.0,1.0,1.0,5.0,0.0,2214.451,2852.845,-8.065,37.16,37.056,9.74,0.0,0.0
308,4.0,6.0,1.0,0.0,0.0,0.0,2722.246,2656.302,73.604,36.633,36.241,9.641,0.0,0.0
310,4.0,6.0,1.0,2.0,2.0,0.0,2651.454,2808.716,63.211,36.475,36.35,9.634,0.0,0.0
311,4.0,6.0,1.0,3.0,3.0,0.0,2385.342,2840.164,35.948,36.815,36.643,9.718,0.0,0.0
312,5.0,6.0,1.0,0.0,1.0,0.0,3168.082,2591.056,46.993,36.449,36.414,9.639,0.0,0.0
313,6.0,6.0,1.0,0.0,1.0,0.0,3687.04,2490.073,-19.796,36.263,36.131,9.656,0.0,0.0
314,6.0,6.0,1.0,1.0,2.0,0.0,3944.109,2588.391,50.223,36.434,36.378,9.711,0.0,0.0
315,6.0,6.0,1.0,2.0,3.0,0.0,3864.498,2678.155,43.599,36.123,36.004,9.62,0.0,0.0
316,6.0,6.0,1.0,3.0,4.0,0.0,4013.362,2707.672,99.998,16.443,16.077,6.419,0.0,0.0
317,7.0,6.0,1.0,0.0,0.0,0.0,4410.95,2537.117,58.835,36.913,36.836,9.756,0.0,0.0
318,7.0,6.0,1.0,1.0,1.0,0.0,4247.549,2550.544,90.207,35.98,35.958,9.674,0.0,0.0
319,7.0,6.0,1.0,2.0,3.0,0.0,4110.58,2600.333,20.689,37.441,37.34,9.814,0.0,0.0
320,7.0,6.0,1.0,3.0,4.0,0.0,4431.74,2611.462,26.544,36.277,35.893,9.547,0.0,0.0
321,7.0,6.0,1.0,4.0,5.0,0.0,4262.32,2614.426,82.353,35.815,35.728,9.621,0.0,0.0
322,8.0,6.0,1.0,0.0,0.0,0.0,4763.846,2481.049,62.238,37.114,36.733,9.691,0.0,0.0
323,8.0,6.0,1.0,1.0,1.0,0.0,4717.119,2515.681,57.978,37.116,36.85,9.785,0.0,0.0
324,8.0,6.0,1.0,2.0,2.0,0.0,4859.636,2546.513,37.111,36.897,36.797,9.749,0.0,0.0
325,8.0,6.0,1.0,3.0,3.0,0.0,4753.293,2558.785,43.19,37.679,37.473,9.785,0.0,0.0
326,8.0,6.0,1.0,4.0,4.0,0.0,4648.275,2763.769,74.369,36.412,36.297,9.697,0.0,0.0
329,9.0,6.0,1.0,0.0,1.0,0.0,5610.491,2574.113,-21.075,36.565,36.527,9.748,0.0,0.0
330,9.0,6.0,1.0,1.0,2.0,0.0,5340.847,2707.368,81.884,36.908,36.787,9.749,0.0,0.0
332,9.0,6.0,1.0,3.0,5.0,0.0,5503.249,2847.568,71.668,37.63,37.416,9.772,0.0,0.0
333,0.0,7.0,1.0,0.0,0.0,0.0,21.999,2902.273,53.303,36.919,36.675,9.736,0.0,0.0
334,0.0,7.0,1.0,1.0,1.0,0.0,151.716,2925.525,127.19,36.715,36.506,9.687,0.0,0.0
335,0.0,7.0,1.0,2.0,2.0,0.0,457.273,2944.643,106.501,36.683,36.525,9.685,0.0,0.0
336,0.0,7.0,1.0,3.0,3.0,0.0,209.475,3019.379,-2.846,36.291,36.275,9.678,0.0,0.0
337,1.0,7.0,1.0,0.0,1.0,0.0,1156.852,2967.46,-16.927,36.902,36.684,9.735,0.0,0.0
338,1.0,7.0,1.0,1.0,2.0,0.0,1123.092,3100.528,-34.841,36.668,36.6,9.693,0.0,0.0
339,2.0,7.0,1.0,0.0,1.0,0.0,1555.985,3261.315,86.398,36.452,36.367,9.712,0.0,0.0
340,3.0,7.0,1.0,0.0,1.0,0.0,2025.956,3208.079,12.882,36.077,35.946,9.606,0.0,0.0
341,3.0,7.0,1.0,1.0,2.0,0.0,1785.893,3242.751,-8.404,36.974,36.775,9.757,0.0,0.0
342,4.0,7.0,1.0,0.0,0.0,0.0,2385.334,2920.805,81.818,36.504,36.388,9.643,0.0,0.0
343,4.0,7.0,1.0,1.0,2.0,0.0,2797.315,2930.081,125.019,36.382,36.126,9.671,0.0,0.0
344,4.0,7.0,1.0,2.0,3.0,0.0,2614.72,3128.543,-34.802,36.13,35.951,9.614,0.0,0.0
345,4.0,7.0,1.0,3.0,4.0,0.0,2734.871,3171.299,8.925,36.053,35.878,9.593,0.0,0.0
347,5.0,7.0,1.0,0.0,0.0,0.0,2911.67,2922.604,41.804,37.629,37.392,9.846,0.0,0.0
348,5.0,7.0,1.0,1.0,1.0,0.0,2935.522,2993.948,45.223,36.471,36.301,9.627,0.0,0.0
349,5.0,7.0,1.0,2.0,2.0,0.0,3049.947,3013.025,39.514,36.26,36.136,9.656,0.0,0.0
350,5.0,7.0,1.0,3.0,3.0,0.0,3083.545,3034.29,26.032,36.582,36.175,9.625,0.0,0.0
351,5.0,7.0,1.0,4.0,4.0,0.0,3465.77,3113.776,91.53,37.842,31.53,9.22,0.0,0.0
352,5.0,7.0,1.0,5.0,5.0,0.0,3024.31,3199.252,110.761,36.807,36.751,9.731,0.0,0.0
353,5.0,7.0,1.0,6.0,6.0,0.0,3321.67,3205.169,62.874,36.665,36.437,9.671,0.0,0.0
354,5.0,7.0,1.0,7.0,7.0,0.0,3084.543,3264.432,124.299,18.098,17.105,6.09,0.0,0.0
355,6.0,7.0,1.0,0.0,0.0,0.0,3987.687,2980.123,103.701,36.261,36.225,9.668,0.0,0.0
357,7.0,7.0,1.0,0.0,1.0,0.0,4286.016,3009.441,110.11,36.103,36.006,9.617,0.0,0.0
358,7.0,7.0,1.0,1.0,3.0,0.0,4431.443,3163.976,19.737,36.558,36.341,9.723,0.0,0.0
361,8.0,7.0,1.0,2.0,3.0,0.0,4645.25,3027.931,45.148,36.673,36.573,9.69,0.0,0.0
362,8.0,7.0,1.0,3.0,4.0,0.0,4944.948,3034.166,-36.313,36.882,36.735,9.739,0.0,0.0
363,8.0,7.0,1.0,4.0,5.0,0.0,5171.546,3035.7,131.025,37.152,37.052,9.817,0.0,0.0
365,9.0,7.0,1.0,0.0,1.0,0.0,5487.099,2985.057,43.046,36.671,36.49,9.679,0.0,0.0
366,9.0,7.0,1.0,1.0,3.0,0.0,5334.345,3040.608,14.308,36.632,36.473,9.75,0.0,0.0
367,9.0,7.0,1.0,2.0,4.0,0.0,5257.512,3042.167,53.385,36.221,36.062,9.641,0.0,0.0
368,9.0,7.0,1.0,3.0,6.0,0.0,5561.761,3197.264,81.673,36.789,36.646,9.715,0.0,0.0
370,0.0,8.0,1.0,0.0,1.0,0.0,143.146,3312.719,52.234,36.564,36.394,9.652,0.0,0.0
371,0.0,8.0,1.0,1.0,3.0,0.0,102.59,3618.62,1.318,37.304,37.237,9.783,0.0,0.0
374,1.0,8.0,1.0,2.0,2.0,0.0,822.743,3420.803,127.052,36.469,36.376,9.637,0.0,0.0
375,1.0,8.0,1.0,3.0,3.0,0.0,1009.873,3432.542,105.813,35.185,35.001,9.518,0.0,0.0
376,1.0,8.0,1.0,4.0,4.0,0.0,650.248,3449.065,49.448,37.316,37.231,9.783,0.0,0.0
377,1.0,8.0,1.0,5.0,5.0,0.0,977.545,3454.324,24.836,36.657,36.611,9.693,0.0,0.0
379,1.0,8.0,1.0,7.0,8.0,0.0,625.132,3567.831,-27.141,36.34,36.273,9.685,0.0,0.0
380,1.0,8.0,1.0,8.0,9.0,0.0,957.829,3576.998,87.963,36.356,36.324,9.615,0.0,0.0
381,1.0,8.0,1.0,9.0,10.0,0.0,724.597,3614.713,11.157,36.685,36.515,9.684,0.0,0.0
382,2.0,8.0,1.0,0.0,1.0,0.0,1196.949,3293.498,63.989,36.734,36.444,9.681,0.0,0.0
383,2.0,8.0,1.0,1.0,3.0,0.0,1346.485,3332.249,104.796,37.192,37.024,9.74,0.0,0.0
384,2.0,8.0,1.0,2.0,4.0,0.0,1594.459,3383.393,79.678,37.48,37.327,9.817,0.0,0.0
385,2.0,8.0,1.0,3.0,5.0,0.0,1483.657,3404.827,15.178,35.946,35.879,9.579,0.0,0.0
386,2.0,8.0,1.0,4.0,6.0,0.0,1188.406,3503.244,-0.685,36.73,36.592,9.7,0.0,0.0
387,2.0,8.0,1.0,5.0,8.0,0.0,1495.209,3646.683,83.356,38.403,38.269,9.906,0.0,0.0
388,3.0,8.0,1.0,0.0,0.0,0.0,1900.7,3311.362,71.748,36.485,36.255,9.701,0.0,0.0
389,3.0,8.0,1.0,1.0,1.0,0.0,2035.53,3353.388,80.56,35.687,35.366,9.555,0.0,0.0
390,3.0,8.0,1.0,2.0,2.0,0.0,1967.025,3372.268,46.151,36.98,36.719,9.672,0.0,0.0
391,3.0,8.0,1.0,3.0,3.0,0.0,2282.526,3426.161,114.846,36.928,36.904,9.767,0.0,0.0
392,3.0,8.0,1.0,4.0,4.0,0.0,2247.402,3585.543,33.531,36.489,36.283,9.627,0.0,0.0
393,4.0,8.0,1.0,0.0,1.0,0.0,2615.165,3335.012,26.938,36.302,36.237,9.675,0.0,0.0
394,4.0,8.0,1.0,1.0,2.0,0.0,2757.214,3341.852,58.195,37.143,37.033,9.813,0.0,0.0
395,4.0,8.0,1.0,2.0,4.0,0.0,2356.54,3541.383,89.804,37.752,37.667,9.82,0.0,0.0
396,4.0,8.0,1.0,3.0,5.0,0.0,2865.883,3574.995,21.488,36.598,36.563,9.758,0.0,0.0
397,4.0,8.0,1.0,4.0,6.0,0.0,2591.359,3615.905,57.434,36.559,36.512,9.746,0.0,0.0
398,5.0,8.0,1.0,0.0,0.0,0.0,3430.034,3352.164,109.56,36.31,36.235,9.675,0.0,0.0
399,5.0,8.0,1.0,1.0,1.0,0.0,3073.236,3471.856,7.733,36.565,36.518,9.668,0.0,0.0
400,5.0,8.0,1.0,2.0,2.0,0.0,3149.876,3514.359,24.943,36.368,36.211,9.68,0.0,0.0
401,5.0,8.0,1.0,3.0,3.0,0.0,3289.005,3556.984,34.956,36.173,35.994,9.625,0.0,0.0
403,6.0,8.0,1.0,1.0,2.0,0.0,3923.7,3635.978,-5.803,36.727,36.57,9.696,0.0,0.0
404,7.0,8.0,1.0,0.0,0.0,0.0,4404.677,3437.903,102.471,35.863,35.827,9.561,0.0,0.0
405,7.0,8.0,1.0,1.0,1.0,0.0,4524.343,3562.334,100.209,37.012,36.816,9.767,0.0,0.0
406,7.0,8.0,1.0,2.0,2.0,0.0,4302.252,3587.304,46.668,37.058,36.884,9.782,0.0,0.0
407,7.0,8.0,1.0,3.0,3.0,0.0,4280.217,3655.707,100.533,37.068,36.807,9.773,0.0,0.0
408,8.0,8.0,1.0,0.0,0.0,0.0,4915.768,3385.156,92.441,36.344,36.278,9.686,0.0,0.0
409,8.0,8.0,1.0,1.0,1.0,0.0,5013.51,3480.755,3.756,36.357,36.32,9.615,0.0,0.0
410,8.0,8.0,1.0,2.0,2.0,0.0,4895.881,3552.453,71.642,37.32,37.245,9.786,0.0,0.0
413,9.0,8.0,1.0,0.0,1.0,0.0,5366.664,3313.31,79.191,36.777,36.641,9.713,0.0,0.0
414,9.0,8.0,1.0,1.0,2.0,0.0,5566.563,3351.251,75.89,36.894,36.827,9.753,0.0,0.0
415,9.0,8.0,1.0,2.0,3.0,0.0,5349.925,3380.227,100.474,36.914,36.676,9.735,0.0,0.0
416,9.0,8.0,1.0,3.0,4.0,0.0,5654.532,3389.63,-44.982,36.679,36.594,9.693,0.0,0.0
417,9.0,8.0,1.0,4.0,5.0,0.0,5512.164,3417.744,-35.532,36.638,36.562,9.684,0.0,0.0
418,9.0,8.0,1.0,5.0,6.0,0.0,5650.601,3432.234,111.882,37.171,37.105,9.748,0.0,0.0
419,9.0,8.0,1.0,6.0,7.0,0.0,5759.546,3485.12,-20.97,37.354,37.222,9.787,0.0,0.0
420,9.0,8.0,1.0,7.0,8.0,0.0,5302.2,3535.88,71.189,36.321,36.267,9.681,0.0,0.0
421,9.0,8.0,1.0,8.0,10.0,0.0,5759.803,3660.34,1.613,37.95,37.634,9.842,0.0,0.0
422,9.0,8.0,1.0,9.0,11.0,0.0,5638.154,3683.762,-4.258,38.698,28.169,8.969,0.0,0.0
423,0.0,9.0,1.0,0.0,0.0,0.0,517.681,3691.468,116.507,36.521,36.498,9.739,0.0,0.0
424,0.0,9.0,1.0,1.0,1.0,0.0,584.26,3791.561,91.518,38.384,34.253,9.448,0.0,0.0
425,0.0,9.0,1.0,2.0,2.0,0.0,437.702,4035.502,28.153,37.018,36.801,9.766,0.0,0.0
426,0.0,9.0,1.0,3.0,3.0,0.0,537.443,4042.663,25.532,37.37,37.212,9.788,0.0,0.0
427,0.0,9.0,1.0,4.0,4.0,0.0,383.397,4090.856,-4.353,38.646,29.971,9.052,0.0,0.0
428,1.0,9.0,1.0,0.0,1.0,0.0,1132.932,3825.064,-34.725,36.536,36.446,9.734,0.0,0.0
429,1.0,9.0,1.0,1.0,3.0,0.0,1023.405,4032.164,69.24,36.774,36.547,9.7,0.0,0.0
430,1.0,9.0,1.0,2.0,4.0,0.0,1122.716,4059.074,6.543,36.62,36.567,9.682,0.0,0.0
431,2.0,9.0,1.0,0.0,0.0,0.0,1460.834,3762.678,72.579,36.947,36.861,9.686,0.0,0.0
432,2.0,9.0,1.0,1.0,1.0,0.0,1732.6,3856.344,-11.328,37.895,37.667,9.839,0.0,0.0
433,2.0,9.0,1.0,2.0,2.0,0.0,1186.932,3889.238,45.867,36.482,36.396,9.72,0.0,0.0
434,2.0,9.0,1.0,3.0,3.0,0.0,1294.227,4045.863,-24.021,36.583,36.506,9.669,0.0,0.0
435,2.0,9.0,1.0,4.0,4.0,0.0,1243.432,4069.0,-3.885,36.749,36.617,9.706,0.0,0.0
436,3.0,9.0,1.0,0.0,0.0,0.0,1799.125,3801.055,37.797,36.003,35.801,9.577,0.0,0.0
437,3.0,9.0,1.0,1.0,1.0,0.0,1893.094,3841.412,40.869,36.273,36.195,9.665,0.0,0.0
438,3.0,9.0,1.0,2.0,3.0,0.0,1985.548,3890.393,22.306,36.626,36.513,9.676,0.0,0.0
439,3.0,9.0,1.0,3.0,4.0,0.0,2296.336,3905.473,33.405,37.053,36.981,9.794,0.0,0.0
440,4.0,9.0,1.0,0.0,0.0,0.0,2887.435,3716.535,90.388,37.669,35.386,9.582,0.0,0.0
441,4.0,9.0,1.0,1.0,1.0,0.0,2695.856,3812.186,52.857,35.926,35.806,9.646,0.0,0.0
442,4.0,9.0,1.0,2.0,2.0,0.0,2369.837,3855.879,22.147,37.17,36.831,9.79,0.0,0.0
443,4.0,9.0,1.0,3.0,4.0,0.0,2618.088,3944.089,86.11,36.239,36.06,9.642,0.0,0.0
444,4.0,9.0,1.0,4.0,5.0,0.0,2644.588,3991.215,19.415,36.433,36.299,9.701,0.0,0.0
445,5.0,9.0,1.0,0.0,1.0,0.0,3184.61,3779.191,61.454,36.317,36.28,9.682,0.0,0.0
446,5.0,9.0,1.0,1.0,2.0,0.0,3020.753,3791.544,22.07,36.751,36.556,9.698,0.0,0.0
447,5.0,9.0,1.0,2.0,3.0,0.0,3131.667,3920.115,72.826,35.976,35.862,9.581,0.0,0.0
449,5.0,9.0,1.0,4.0,5.0,0.0,2997.495,4089.295,-2.361,38.749,32.498,9.328,0.0,0.0
450,6.0,9.0,1.0,0.0,0.0,0.0,3926.005,3727.219,104.229,37.314,37.2,9.779,0.0,0.0
451,6.0,9.0,1.0,1.0,1.0,0.0,3684.797,3740.97,56.683,35.982,35.649,9.632,0.0,0.0
452,6.0,9.0,1.0,2.0,2.0,0.0,4018.653,3785.017,-19.726,37.538,37.412,9.836,0.0,0.0
453,6.0,9.0,1.0,3.0,3.0,0.0,3633.41,3790.864,49.994,37.868,37.755,9.847,0.0,0.0
454,6.0,9.0,1.0,4.0,4.0,0.0,3578.22,3822.594,49.563,36.796,36.704,9.723,0.0,0.0
455,6.0,9.0,1.0,5.0,5.0,0.0,3775.848,3843.68,122.267,36.697,36.601,9.697,0.0,0.0
456,6.0,9.0,1.0,6.0,6.0,0.0,3526.496,3880.951,55.565,36.406,36.166,9.679,0.0,0.0
457,6.0,9.0,1.0,7.0,7.0,0.0,3497.139,3943.217,-32.163,36.225,36.042,9.638,0.0,0.0
458,6.0,9.0,1.0,8.0,8.0,0.0,3947.355,4001.39,-25.452,37.579,37.327,9.83,0.0,0.0
459,6.0,9.0,1.0,9.0,8.0,0.0,3979.877,3982.292,6.29,36.764,36.638,9.79,0.0,0.0
460,7.0,9.0,1.0,0.0,1.0,0.0,4306.176,3801.594,71.918,36.441,36.414,9.717,0.0,0.0
461,7.0,9.0,1.0,1.0,3.0,0.0,4168.935,3826.592,-19.793,36.419,36.277,9.696,0.0,0.0
463,7.0,9.0,1.0,3.0,5.0,0.0,4241.816,4030.84,32.224,36.758,36.694,9.717,0.0,0.0
465,8.0,9.0,1.0,0.0,0.0,0.0,4733.327,3914.236,116.681,37.17,37.024,9.737,0.0,0.0
466,8.0,9.0,1.0,1.0,1.0,0.0,5114.256,3944.14,106.096,36.972,36.799,9.759,0.0,0.0
468,8.0,9.0,1.0,3.0,3.0,0.0,4802.263,4019.219,57.062,37.161,37.013,9.734,0.0,0.0
469,8.0,9.0,1.0,4.0,4.0,0.0,4758.471,4066.55,-14.094,37.43,37.302,9.808,0.0,0.0
471,9.0,9.0,1.0,0.0,2.0,0.0,5263.213,3723.836,52.577,36.794,36.551,9.703,0.0,0.0
472,9.0,9.0,1.0,1.0,3.0,0.0,5624.367,3849.349,-24.442,36.52,36.467,9.734,0.0,0.0
473,9.0,9.0,1.0,2.0,4.0,0.0,5395.93,3920.279,31.762,35.998,35.88,9.587,0.0,0.0
474,9.0,9.0,1.0,3.0,5.0,0.0,5276.576,3950.883,-8.516,37.003,36.906,9.778,0.0,0.0
475,9.0,9.0,1.0,4.0,6.0,0.0,5328.779,3963.587,5.689,36.699,36.541,9.689,0.0,0.0
476,9.0,9.0,1.0,5.0,7.0,0.0,5480.417,4020.219,30.728,36.976,36.969,9.782,0.0,0.0
477,0.0,10.0,1.0,0.0,1.0,0.0,382.972,4158.445,97.457,36.495,36.41,9.723,0.0,0.0
478,0.0,10.0,1.0,1.0,2.0,0.0,549.28,4239.085,50.065,36.454,36.432,9.721,0.0,0.0
479,0.0,10.0,1.0,2.0,3.0,0.0,510.549,4360.736,-10.687,36.68,36.521,9.684,0.0,0.0
480,0.0,10.0,1.0,3.0,4.0,0.0,318.328,4398.947,93.491,36.397,36.365,9.704,0.0,0.0
482,2.0,10.0,1.0,0.0,2.0,0.0,1330.58,4150.27,45.26,36.723,36.64,9.705,0.0,0.0
483,2.0,10.0,1.0,1.0,4.0,0.0,1619.744,4373.085,64.36,37.728,37.64,9.891,0.0,0.0
484,3.0,10.0,1.0,0.0,0.0,0.0,2049.678,4103.532,92.68,36.38,36.343,9.621,0.0,0.0
485,3.0,10.0,1.0,1.0,2.0,0.0,2187.091,4284.704,30.168,36.332,36.238,9.679,0.0,0.0
486,3.0,10.0,1.0,2.0,3.0,0.0,1837.364,4312.493,123.531,37.153,37.078,9.82,0.0,0.0
487,3.0,10.0,1.0,3.0,4.0,0.0,2077.635,4336.269,47.451,36.139,35.994,9.62,0.0,0.0
489,4.0,10.0,1.0,0.0,0.0,0.0,2744.794,4112.579,-24.521,36.594,36.498,9.669,0.0,0.0
491,4.0,10.0,1.0,2.0,2.0,0.0,2344.244,4307.82,32.142,37.692,37.405,9.856,0.0,0.0
492,4.0,10.0,1.0,3.0,3.0,0.0,2803.943,4434.007,48.13,37.059,36.89,9.705,0.0,0.0
495,5.0,10.0,1.0,2.0,4.0,0.0,2943.177,4285.925,33.091,36.825,36.791,9.739,0.0,0.0
496,5.0,10.0,1.0,3.0,5.0,0.0,3020.499,4334.029,19.491,36.524,36.333,9.638,0.0,0.0
498,6.0,10.0,1.0,0.0,0.0,0.0,3899.752,4173.788,121.994,37.492,37.466,9.837,0.0,0.0
500,6.0,10.0,1.0,2.0,2.0,0.0,3999.057,4193.493,-4.409,36.875,36.763,9.742,0.0,0.0
502,6.0,10.0,1.0,4.0,4.0,0.0,3611.385,4318.842,-9.77,21.803,21.673,7.445,0.0,0.0
504,6.0,10.0,1.0,6.0,6.0,0.0,3725.799,4420.182,27.612,37.164,36.997,9.733,0.0,0.0
507,7.0,10.0,1.0,0.0,0.0,0.0,4450.972,4099.062,122.598,36.967,36.888,9.77,0.0,0.0
508,7.0,10.0,1.0,1.0,1.0,0.0,4200.519,4233.37,-10.462,38.173,38.135,9.936,0.0,0.0
509,7.0,10.0,1.0,2.0,2.0,0.0,4076.805,4313.605,121.61,36.486,36.431,9.725,0.0,0.0
510,7.0,10.0,1.0,3.0,3.0,0.0,4477.963,4387.88,33.243,36.692,36.591,9.695,0.0,0.0
511,7.0,10.0,1.0,4.0,4.0,0.0,4118.944,4388.608,111.236,36.56,36.489,9.664,0.0,0.0
512,7.0,10.0,1.0,5.0,5.0,0.0,4605.844,4409.488,15.045,37.656,37.392,9.849,0.0,0.0
513,8.0,10.0,1.0,0.0,2.0,0.0,4776.881,4110.477,61.424,36.977,36.74,9.752,0.0,0.0
514,8.0,10.0,1.0,1.0,3.0,0.0,4926.015,4111.294,102.723,36.763,36.628,9.709,0.0,0.0
515,8.0,10.0,1.0,2.0,4.0,0.0,4731.416,4290.469,-42.544,37.14,37.063,9.738,0.0,0.0
516,8.0,10.0,1.0,3.0,5.0,0.0,4807.793,4312.989,15.233,37.078,36.963,9.795,0.0,0.0
517,8.0,10.0,1.0,4.0,6.0,0.0,5045.618,4341.041,77.98,36.157,36.063,9.632,0.0,0.0
518,8.0,10.0,1.0,5.0,9.0,0.0,5124.963,4483.447,-6.805,38.459,38.008,9.88,0.0,0.0
519,8.0,10.0,1.0,6.0,10.0,0.0,4638.379,4482.958,-10.31,36.847,36.599,9.716,0.0,0.0
520,9.0,10.0,1.0,0.0,1.0,0.0,5759.111,4131.493,129.059,37.035,37.003,9.795,0.0,0.0
521,9.0,10.0,1.0,1.0,2.0,0.0,5386.165,4176.228,52.226,36.932,36.836,9.759,0.0,0.0
522,9.0,10.0,1.0,2.0,3.0,0.0,5603.665,4250.137,16.799,36.364,36.249,9.685,0.0,0.0
523,9.0,10.0,1.0,3.0,4.0,0.0,5378.505,4372.503,110.558,36.407,36.309,9.698,0.0,0.0
524,9.0,10.0,1.0,4.0,5.0,0.0,5214.917,4401.917,-2.41,37.341,36.334,9.746,0.0,0.0
525,9.0,10.0,1.0,5.0,6.0,0.0,5333.998,4449.051,8.286,37.968,37.883,9.876,0.0,0.0
526,9.0,10.0,1.0,6.0,7.0,0.0,5542.166,4490.722,43.4,36.702,36.632,9.701,0.0,0.0
527,9.0,10.0,1.0,7.0,8.0,0.0,5476.689,4499.649,-3.707,39.29,28.128,8.932,0.0,0.0
528,0.0,11.0,1.0,0.0,0.0,0.0,133.413,4701.82,2.183,35.71,35.564,9.585,0.0,0.0
529,1.0,11.0,1.0,0.0,0.0,0.0,910.959,4624.478,21.218,36.631,36.477,9.671,0.0,0.0
530,1.0,11.0,1.0,1.0,1.0,0.0,924.096,4698.029,48.253,36.153,35.503,9.481,0.0,0.0
531,1.0,11.0,1.0,2.0,2.0,0.0,798.727,4854.394,91.202,36.123,36.087,9.631,0.0,0.0
532,2.0,11.0,1.0,0.0,0.0,0.0,1509.473,4887.452,28.445,36.705,36.617,9.7,0.0,0.0
533,3.0,11.0,1.0,0.0,0.0,0.0,2194.139,4528.25,-31.827,36.547,36.366,9.646,0.0,0.0
534,3.0,11.0,1.0,1.0,1.0,0.0,2258.525,4626.98,125.338,37.748,37.733,9.906,0.0,0.0
535,3.0,11.0,1.0,2.0,2.0,0.0,1842.373,4660.3,28.713,36.18,36.003,9.627,0.0,0.0
537,3.0,11.0,1.0,4.0,4.0,0.0,2309.462,4819.508,-4.657,36.967,36.764,9.754,0.0,0.0
539,3.0,11.0,1.0,6.0,7.0,0.0,2247.215,4874.168,44.372,37.89,37.832,9.86,0.0,0.0
540,3.0,11.0,1.0,7.0,9.0,0.0,1984.423,4903.751,-5.018,37.251,34.796,9.45,0.0,0.0
542,4.0,11.0,1.0,1.0,1.0,0.0,2863.127,4543.983,30.636,37.52,37.349,9.826,0.0,0.0
543,4.0,11.0,1.0,2.0,2.0,0.0,2826.745,4562.478,-42.678,37.968,37.724,9.856,0.0,0.0
544,4.0,11.0,1.0,3.0,3.0,0.0,2431.37,4613.429,70.404,37.22,36.97,9.737,0.0,0.0
545,4.0,11.0,1.0,4.0,4.0,0.0,2811.394,4664.88,118.214,36.579,36.557,9.675,0.0,0.0
546,4.0,11.0,1.0,5.0,5.0,0.0,2394.727,4749.665,89.191,36.985,36.908,9.775,0.0,0.0
547,4.0,11.0,1.0,6.0,7.0,0.0,2806.633,4871.158,54.704,37.45,37.333,9.814,0.0,0.0
549,5.0,11.0,1.0,1.0,1.0,0.0,3253.661,4520.823,79.485,37.012,37.006,9.792,0.0,0.0
550,5.0,11.0,1.0,2.0,2.0,0.0,3173.692,4527.558,66.739,37.39,37.185,9.787,0.0,0.0
551,5.0,11.0,1.0,3.0,3.0,0.0,3066.281,4630.303,22.007,36.985,36.974,9.784,0.0,0.0
552,5.0,11.0,1.0,4.0,4.0,0.0,2922.027,4630.115,33.876,36.111,35.903,9.605,0.0,0.0
553,5.0,11.0,1.0,5.0,5.0,0.0,3310.286,4713.946,7.073,36.617,36.567,9.682,0.0,0.0
556,5.0,11.0,1.0,8.0,8.0,0.0,2951.835,4884.305,134.77,37.616,37.517,9.86,0.0,0.0
557,6.0,11.0,1.0,0.0,1.0,0.0,3911.613,4686.462,99.008,18.922,18.476,5.873,0.0,0.0
558,6.0,11.0,1.0,1.0,2.0,0.0,3507.436,4727.833,45.507,36.774,36.563,9.702,0.0,0.0
559,6.0,11.0,1.0,2.0,3.0,0.0,3799.25,4771.412,9.009,36.631,36.45,9.668,0.0,0.0
560,6.0,11.0,1.0,3.0,4.0,0.0,3615.376,4816.095,-0.779,36.752,36.666,9.713,0.0,0.0
561,6.0,11.0,1.0,4.0,5.0,0.0,3848.811,4847.132,54.59,36.424,36.346,9.705,0.0,0.0
562,6.0,11.0,1.0,5.0,6.0,0.0,3578.289,4906.184,-1.34,38.227,30.852,9.189,0.0,0.0
563,7.0,11.0,1.0,0.0,1.0,0.0,4082.744,4661.432,3.751,37.061,36.931,9.789,0.0,0.0
564,7.0,11.0,1.0,1.0,2.0,0.0,4388.19,4678.55,-14.066,36.151,36.044,9.551,0.0,0.0
565,7.0,11.0,1.0,2.0,3.0,0.0,4412.06,4713.314,85.418,35.661,35.486,9.489,0.0,0.0
566,7.0,11.0,1.0,3.0,4.0,0.0,4433.789,4821.715,-10.256,36.816,36.766,9.734,0.0,0.0
567,8.0,11.0,1.0,0.0,2.0,0.0,5193.052,4596.376,90.669,38.145,32.842,9.3,0.0,0.0
568,8.0,11.0,1.0,1.0,3.0,0.0,4910.483,4631.994,98.694,37.106,36.921,9.715,0.0,0.0
569,8.0,11.0,1.0,2.0,4.0,0.0,4655.402,4698.791,37.054,36.132,35.89,9.606,0.0,0.0
570,8.0,11.0,1.0,3.0,5.0,0.0,5057.017,4710.959,119.697,36.113,35.993,9.617,0.0,0.0
571,8.0,11.0,1.0,4.0,6.0,0.0,4808.692,4723.595,70.342,36.866,36.736,9.737,0.0,0.0
573,8.0,11.0,1.0,6.0,9.0,0.0,4977.377,4879.065,23.381,36.902,36.801,9.75,0.0,0.0
574,9.0,11.0,1.0,0.0,2.0,0.0,5258.886,4563.053,68.41,36.645,36.478,9.674,0.0,0.0
575,9.0,11.0,1.0,1.0,3.0,0.0,5398.784,4586.292,45.848,36.618,36.392,9.737,0.0,0.0
576,9.0,11.0,1.0,2.0,6.0,0.0,5671.368,4831.17,32.96,35.976,35.85,9.659,0.0,0.0
577,0.0,12.0,1.0,0.0,0.0,0.0,59.65,4960.895,81.126,37.06,36.891,9.783,0.0,0.0
578,0.0,12.0,1.0,1.0,2.0,0.0,380.32,5278.624,39.164,36.867,36.629,9.723,0.0,0.0
579,0.0,12.0,1.0,2.0,3.0,0.0,81.434,5306.849,-20.283,37.108,36.995,9.725,0.0,0.0
580,0.0,12.0,1.0,3.0,4.0,0.0,331.686,5309.926,-26.914,35.955,35.906,9.584,0.0,0.0
581,1.0,12.0,1.0,0.0,0.0,0.0,691.389,4981.951,33.816,36.502,36.396,9.723,0.0,0.0
582,1.0,12.0,1.0,1.0,1.0,0.0,858.882,5017.247,69.183,36.5,36.434,9.727,0.0,0.0
583,1.0,12.0,1.0,2.0,2.0,0.0,911.444,5022.864,77.264,36.555,36.432,9.656,0.0,0.0
584,1.0,12.0,1.0,3.0,3.0,0.0,931.758,5068.392,24.944,36.597,36.447,9.663,0.0,0.0
585,1.0,12.0,1.0,4.0,4.0,0.0,932.798,5157.141,6.045,35.378,35.145,9.406,0.0,0.0
586,1.0,12.0,1.0,5.0,5.0,0.0,673.285,5223.336,71.115,36.747,36.635,9.708,0.0,0.0
588,2.0,12.0,1.0,0.0,3.0,0.0,1331.367,5159.905,100.615,36.867,36.749,9.739,0.0,0.0
589,2.0,12.0,1.0,1.0,4.0,0.0,1332.745,5205.298,87.58,37.446,37.356,9.817,0.0,0.0
590,2.0,12.0,1.0,2.0,5.0,0.0,1733.149,5225.256,23.822,37.31,37.162,9.774,0.0,0.0
591,2.0,12.0,1.0,3.0,6.0,0.0,1188.665,5254.405,12.158,36.61,36.434,9.663,0.0,0.0
592,2.0,12.0,1.0,4.0,7.0,0.0,1355.724,5298.314,15.228,36.91,36.822,9.754,0.0,0.0
594,3.0,12.0,1.0,0.0,2.0,0.0,1760.113,4941.496,43.245,36.947,36.676,9.662,0.0,0.0
595,3.0,12.0,1.0,1.0,3.0,0.0,2269.595,4997.315,108.683,37.231,37.012,9.743,0.0,0.0
596,3.0,12.0,1.0,2.0,4.0,0.0,1874.131,4996.858,70.567,35.682,35.625,9.589,0.0,0.0
601,3.0,12.0,1.0,7.0,11.0,0.0,2037.833,5298.935,59.745,36.668,36.585,9.691,0.0,0.0
603,5.0,12.0,1.0,0.0,1.0,0.0,3001.087,4939.831,36.778,37.23,37.124,9.758,0.0,0.0
604,5.0,12.0,1.0,1.0,2.0,0.0,3141.678,4964.768,77.82,36.183,35.958,9.621,0.0,0.0
605,5.0,12.0,1.0,2.0,3.0,0.0,3427.881,5000.711,123.313,37.012,36.938,9.783,0.0,0.0
606,5.0,12.0,1.0,3.0,4.0,0.0,3139.683,5018.827,102.421,37.359,37.079,9.769,0.0,0.0
609,6.0,12.0,1.0,1.0,2.0,0.0,3755.102,5075.707,-39.845,35.977,35.945,9.592,0.0,0.0
611,8.0,12.0,1.0,0.0,0.0,0.0,4909.256,5028.888,37.943,35.774,35.722,9.615,0.0,0.0
612,8.0,12.0,1.0,1.0,1.0,0.0,4763.103,5039.387,78.049,36.92,36.764,9.748,0.0,0.0
613,8.0,12.0,1.0,2.0,2.0,0.0,5183.909,5057.149,-43.76,37.665,37.644,9.883,0.0,0.0
614,8.0,12.0,1.0,3.0,3.0,0.0,4954.787,5118.776,-27.057,36.433,36.348,9.628,0.0,0.0
615,8.0,12.0,1.0,4.0,4.0,0.0,4662.302,5246.116,-32.364,36.566,36.53,9.67,0.0,0.0
616,8.0,12.0,1.0,5.0,5.0,0.0,4893.987,5289.819,36.266,36.722,36.577,9.697,0.0,0.0
617,8.0,12.0,1.0,6.0,6.0,0.0,4813.273,5294.582,117.159,37.034,36.927,9.784,0.0,0.0
618,9.0,12.0,1.0,0.0,0.0,0.0,5321.667,5050.148,-29.771,36.881,36.828,9.751,0.0,0.0
619,9.0,12.0,1.0,1.0,2.0,0.0,5747.423,5160.506,-0.025,36.427,36.358,9.629,0.0,0.0
620,9.0,12.0,1.0,2.0,4.0,0.0,5570.395,5277.585,15.405,37.05,36.855,9.777,0.0,0.0
621,9.0,12.0,1.0,3.0,5.0,0.0,5765.312,5313.431,-3.327,37.537,32.541,9.266,0.0,0.0
622,0.0,0.0,1.0,0.0,0.0,0.0,15.159,352.556,-7.368,38.525,37.335,32.184,4.0,
623,0.0,1.0,1.0,0.0,0.0,0.0,483.896,748.745,96.239,45.919,45.462,38.827,4.0,
625,0.0,6.0,1.0,0.0,0.0,0.0,319.501,2551.36,66.751,38.734,38.342,32.8,4.0,
626,0.0,6.0,1.0,0.0,0.0,0.0,326.695,2518.895,121.859,37.656,37.285,31.867,4.0,
628,0.0,12.0,1.0,0.0,0.0,0.0,367.071,5114.048,2.812,37.008,36.361,31.197,4.0,
629,0.0,12.0,1.0,0.0,0.0,0.0,354.497,5085.904,92.261,37.914,37.765,32.182,4.0,
630,1.0,0.0,1.0,0.0,0.0,0.0,1166.364,298.594,0.998,39.327,37.168,32.253,4.0,
631,1.0,1.0,1.0,0.0,0.0,0.0,919.446,832.016,53.829,37.143,36.63,31.379,4.0,
632,1.0,2.0,1.0,0.0,0.0,0.0,731.495,1239.385,102.399,38.558,37.136,32.014,4.0,
634,1.0,4.0,1.0,0.0,0.0,0.0,776.434,1905.951,102.312,37.621,36.569,31.564,4.0,
635,1.0,4.0,1.0,0.0,0.0,0.0,745.765,1891.903,-18.686,38.377,37.16,32.1,4.0,
636,1.0,6.0,1.0,0.0,0.0,0.0,754.567,2871.443,88.83,37.616,36.14,31.187,4.0,
638,1.0,7.0,1.0,0.0,0.0,0.0,727.573,3145.953,44.654,37.698,36.786,31.718,4.0,
639,1.0,7.0,1.0,0.0,0.0,0.0,738.806,3128.148,63.952,37.053,35.887,31.061,4.0,
640,1.0,10.0,1.0,0.0,0.0,0.0,1163.916,4192.532,0.733,37.644,36.441,31.375,4.0,
641,1.0,12.0,1.0,0.0,0.0,0.0,1086.634,5321.974,90.202,38.002,37.251,31.923,4.0,
642,2.0,0.0,1.0,0.0,0.0,0.0,1745.771,361.724,18.193,37.819,37.617,32.061,4.0,
643,2.0,6.0,1.0,0.0,0.0,0.0,1744.248,2614.699,130.157,39.098,37.995,32.777,4.0,
645,2.0,8.0,1.0,0.0,0.0,0.0,1465.329,3563.257,45.019,37.588,36.63,31.567,4.0,
646,2.0,8.0,1.0,0.0,0.0,0.0,1452.583,3536.579,-26.8,38.197,37.588,32.258,4.0,
648,2.0,8.0,1.0,0.0,0.0,0.0,1428.645,3305.524,-28.159,38.536,37.956,32.555,4.0,
649,2.0,8.0,1.0,0.0,0.0,0.0,1464.591,3299.232,70.726,37.971,37.484,32.102,4.0,
651,2.0,9.0,1.0,0.0,0.0,0.0,1602.414,4085.758,4.761,37.189,36.675,29.11,4.0,
652,2.0,12.0,1.0,0.0,0.0,0.0,1532.425,5321.682,79.357,37.292,36.636,31.382,4.0,
653,3.0,0.0,1.0,0.0,0.0,0.0,2009.869,355.056,57.557,37.163,36.418,31.277,4.0,
654,3.0,0.0,1.0,0.0,0.0,0.0,2046.528,354.924,103.72,37.826,36.759,31.775,4.0,
656,3.0,6.0,1.0,0.0,0.0,0.0,1918.747,2821.587,120.027,40.21,39.14,33.751,4.0,
658,3.0,10.0,1.0,0.0,0.0,0.0,1918.494,4229.828,13.715,38.011,37.703,32.202,4.0,
659,3.0,10.0,1.0,0.0,0.0,0.0,1930.866,4208.499,37.271,37.65,37.264,29.535,4.0,
660,3.0,10.0,1.0,0.0,0.0,0.0,1883.584,4224.948,59.421,37.686,37.215,31.844,4.0,
662,4.0,0.0,1.0,0.0,0.0,0.0,2346.701,92.484,96.351,37.844,36.933,31.829,4.0,
663,4.0,0.0,1.0,0.0,0.0,0.0,2345.957,60.319,72.518,38.097,36.66,31.784,4.0,
665,4.0,2.0,1.0,0.0,0.0,0.0,2451.398,1009.784,102.024,38.189,36.858,32.033,4.0,
666,4.0,2.0,1.0,0.0,0.0,0.0,2444.781,1006.95,111.39,36.629,34.761,30.539,4.0,
667,4.0,7.0,1.0,0.0,0.0,0.0,2531.578,3279.619,6.139,38.242,37.85,29.997,4.0,
669,4.0,8.0,1.0,0.0,0.0,0.0,2857.658,3391.282,-20.453,38.955,37.678,32.542,4.0,
670,4.0,8.0,1.0,0.0,0.0,0.0,2840.708,3361.692,-5.37,39.004,37.836,32.663,4.0,
671,4.0,12.0,1.0,0.0,0.0,0.0,2357.655,5319.358,80.057,38.563,37.887,32.42,4.0,
672,5.0,4.0,1.0,0.0,0.0,0.0,3233.508,1869.214,130.059,37.236,36.765,31.471,4.0,
675,6.0,5.0,1.0,0.0,0.0,0.0,3474.944,2119.405,12.274,37.866,37.473,32.058,4.0,
676,6.0,5.0,1.0,0.0,0.0,0.0,3598.432,2185.391,28.405,37.792,37.623,32.069,4.0,
677,6.0,5.0,1.0,0.0,0.0,0.0,3570.301,2184.165,67.436,38.247,38.099,32.471,4.0,
679,5.0,10.0,1.0,0.0,0.0,0.0,3298.184,4120.824,112.862,38.347,36.778,31.859,4.0,
680,5.0,10.0,1.0,0.0,0.0,0.0,3298.865,4110.717,86.912,37.913,37.498,32.039,4.0,
682,6.0,3.0,1.0,0.0,0.0,0.0,3938.961,1467.215,19.932,37.904,36.815,31.758,4.0,
683,6.0,3.0,1.0,0.0,0.0,0.0,3915.339,1444.887,-1.669,37.388,36.428,31.394,4.0,
685,6.0,6.0,1.0,0.0,0.0,0.0,3537.622,2478.244,23.271,38.033,37.221,32.017,4.0,
686,6.0,6.0,1.0,0.0,0.0,0.0,3508.838,2494.608,-36.039,37.663,37.373,29.543,4.0,
688,6.0,8.0,1.0,0.0,0.0,0.0,3636.653,3601.418,64.214,38.463,37.156,32.304,4.0,
689,6.0,8.0,1.0,0.0,0.0,0.0,3617.146,3615.859,85.471,37.12,36.292,31.247,4.0,
690,6.0,10.0,1.0,0.0,0.0,0.0,3828.911,4502.988,89.317,37.941,36.682,31.613,4.0,
691,6.0,10.0,1.0,0.0,0.0,0.0,3829.685,4335.653,-29.412,14.397,12.593,11.445,4.0,
692,7.0,2.0,1.0,0.0,0.0,0.0,4611.304,1034.207,124.697,38.653,37.155,32.193,4.0,
693,7.0,3.0,1.0,0.0,0.0,0.0,4127.6,1246.419,64.615,37.893,36.816,31.844,4.0,
694,7.0,3.0,1.0,0.0,0.0,0.0,4104.628,1254.43,25.23,36.794,36.622,31.203,4.0,
696,7.0,3.0,1.0,0.0,0.0,0.0,4166.832,1547.346,-44.192,39.465,35.782,31.629,4.0,
697,7.0,3.0,1.0,0.0,0.0,0.0,4171.451,1540.496,-44.52,37.143,36.813,31.413,4.0,
699,7.0,6.0,1.0,0.0,0.0,0.0,4571.893,2602.515,110.991,42.188,41.954,30.99,4.0,
700,7.0,7.0,1.0,0.0,0.0,0.0,4273.491,2965.721,7.201,39.045,37.224,32.618,4.0,
701,8.0,2.0,1.0,0.0,0.0,0.0,4866.13,972.099,15.709,37.393,37.101,31.67,4.0,
702,8.0,3.0,1.0,0.0,0.0,0.0,5196.826,1253.97,-12.635,38.248,37.817,32.326,4.0,
704,8.0,3.0,1.0,0.0,0.0,0.0,4818.335,1592.518,16.918,37.989,37.82,32.245,4.0,
705,8.0,3.0,1.0,0.0,0.0,0.0,4814.239,1570.183,87.632,38.98,38.001,30.198,4.0,
706,8.0,4.0,1.0,0.0,0.0,0.0,5170.1,2050.912,104.4,38.946,38.029,32.66,4.0,
707,8.0,6.0,1.0,0.0,0.0,0.0,5197.215,2834.258,69.557,39.065,37.746,32.785,4.0,
708,8.0,9.0,1.0,0.0,0.0,0.0,4724.982,4093.547,102.808,38.388,37.933,32.407,4.0,
710,8.0,11.0,1.0,0.0,0.0,0.0,4827.317,4782.574,128.62,37.811,36.948,31.794,4.0,
711,8.0,11.0,1.0,0.0,0.0,0.0,4842.182,4757.016,127.487,37.69,36.609,29.139,4.0,
713,9.0,7.0,1.0,0.0,0.0,0.0,5444.721,3269.244,95.423,37.608,37.104,29.464,4.0,
714,9.0,7.0,1.0,0.0,0.0,0.0,5429.65,3269.518,102.264,37.68,36.364,29.184,4.0,
716,9.0,10.0,1.0,0.0,0.0,0.0,5451.443,4150.499,68.198,39.655,38.002,33.054,4.0,
717,9.0,10.0,1.0,0.0,0.0,0.0,5456.866,4115.294,112.475,37.862,37.406,29.641,4.0,
719,9.0,11.0,1.0,0.0,0.0,0.0,5480.393,4607.992,8.848,37.904,36.615,31.505,4.0,
720,9.0,11.0,1.0,0.0,0.0,0.0,5512.379,4595.433,33.714,38.551,37.778,28.204,4.0,
721,9.0,11.0,1.0,0.0,0.0,0.0,5499.081,4610.917,64.07,42.022,37.69,34.228,4.0,
</ResultDatas>,,,,,,,,,,,,,,
<ElementResult>,,,,,,,,,,,,,,
0,0.0,,,,,,,,,,,,,
1,0.0,,,,,,,,,,,,,
2,0.0,,,,,,,,,,,,,
3,2.0,,,,,,,,,,,,,
4,4.0,,,,,,,,,,,,,
5,614.0,,,,,,,,,,,,,
</ElementResult>,,,,,,,,,,,,,,
0,0.0,0.0,1.0,0.0,2.0,0.0,196.507,73.177,60.751,36.584,36.485,9.745,0.0,0.0
2,0.0,0.0,1.0,2.0,5.0,0.0,573.286,276.131,-12.532,36.407,36.261,9.692,0.0,0.0
3,1.0,0.0,1.0,0.0,0.0,0.0,700.218,30.705,64.477,36.38,36.19,9.679,0.0,0.0
4,1.0,0.0,1.0,1.0,1.0,0.0,918.611,56.081,123.786,36.412,36.341,9.703,0.0,0.0
5,1.0,0.0,1.0,2.0,2.0,0.0,775.76,60.762,49.164,37.001,36.804,9.764,0.0,0.0
6,1.0,0.0,1.0,3.0,4.0,0.0,926.877,190.855,32.691,36.055,36.031,9.614,0.0,0.0
7,1.0,0.0,1.0,4.0,6.0,0.0,913.165,384.962,106.795,36.066,35.97,9.607,0.0,0.0
8,2.0,0.0,1.0,0.0,0.0,0.0,1181.863,123.128,44.444,37.226,37.023,9.744,0.0,0.0
9,2.0,0.0,1.0,1.0,1.0,0.0,1443.09,182.019,66.657,36.021,35.924,9.596,0.0,0.0
10,2.0,0.0,1.0,2.0,2.0,0.0,1255.83,308.036,-31.28,36.949,36.9,9.692,0.0,0.0
11,2.0,0.0,1.0,3.0,3.0,0.0,1326.549,339.978,122.883,36.547,36.441,9.656,0.0,0.0
12,3.0,0.0,1.0,0.0,0.0,0.0,2086.528,31.123,89.527,36.292,36.042,9.647,0.0,0.0
13,3.0,0.0,1.0,1.0,2.0,0.0,1989.565,74.394,73.61,36.38,36.209,9.681,0.0,0.0
14,3.0,0.0,1.0,2.0,3.0,0.0,2296.894,142.472,123.403,36.918,36.782,9.75,0.0,0.0
15,3.0,0.0,1.0,3.0,4.0,0.0,2286.948,373.396,116.725,37.351,37.279,9.794,0.0,0.0
16,3.0,0.0,1.0,4.0,5.0,0.0,2170.884,392.302,4.437,36.011,35.911,9.592,0.0,0.0
17,3.0,0.0,1.0,5.0,6.0,0.0,1948.508,398.417,40.994,36.825,36.747,9.733,0.0,0.0
18,3.0,0.0,1.0,6.0,7.0,0.0,1750.645,420.741,-0.242,40.379,25.281,8.764,0.0,0.0
19,4.0,0.0,1.0,0.0,0.0,0.0,2323.032,63.678,46.438,37.331,37.16,9.776,0.0,0.0
20,4.0,0.0,1.0,1.0,1.0,0.0,2874.775,128.06,-10.253,37.317,37.052,9.839,0.0,0.0
21,4.0,0.0,1.0,2.0,4.0,0.0,2611.572,225.744,19.117,36.287,36.178,9.665,0.0,0.0
22,4.0,0.0,1.0,3.0,5.0,0.0,2866.45,267.203,19.35,36.357,36.332,9.695,0.0,0.0
23,5.0,0.0,1.0,0.0,0.0,0.0,3126.256,21.595,47.948,37.114,36.897,9.791,0.0,0.0
24,5.0,0.0,1.0,1.0,1.0,0.0,2976.362,33.21,76.511,37.162,36.784,9.782,0.0,0.0
25,5.0,0.0,1.0,2.0,2.0,0.0,3068.747,32.576,127.082,33.65,33.551,9.272,0.0,0.0
26,5.0,0.0,1.0,3.0,3.0,0.0,2997.11,78.649,37.172,36.475,36.446,9.647,0.0,0.0
27,5.0,0.0,1.0,4.0,5.0,0.0,3414.116,182.482,67.467,36.82,36.678,9.723,0.0,0.0
28,5.0,0.0,1.0,5.0,6.0,0.0,2909.992,206.893,14.677,36.963,36.844,9.686,0.0,0.0
29,5.0,0.0,1.0,6.0,8.0,0.0,3407.521,295.821,24.493,36.681,36.64,9.7,0.0,0.0
30,5.0,0.0,1.0,7.0,9.0,0.0,3118.984,394.711,115.573,36.524,36.471,9.657,0.0,0.0
31,6.0,0.0,1.0,0.0,0.0,0.0,3742.502,53.734,50.475,36.358,36.308,9.613,0.0,0.0
33,6.0,0.0,1.0,2.0,2.0,0.0,3939.093,330.799,-22.389,37.687,37.543,9.873,0.0,0.0
35,7.0,0.0,1.0,1.0,1.0,0.0,4050.545,190.978,2.696,36.208,35.943,9.623,0.0,0.0
36,7.0,0.0,1.0,2.0,2.0,0.0,4089.013,241.927,121.523,36.404,36.229,9.687,0.0,0.0
37,7.0,0.0,1.0,3.0,3.0,0.0,4558.845,257.407,80.035,36.835,36.773,9.738,0.0,0.0
38,7.0,0.0,1.0,4.0,4.0,0.0,4304.273,271.297,90.67,36.509,36.45,9.652,0.0,0.0
40,7.0,0.0,1.0,6.0,6.0,0.0,4413.459,297.187,-9.247,35.965,35.733,9.563,0.0,0.0
41,7.0,0.0,1.0,7.0,7.0,0.0,4278.419,346.002,-39.609,37.059,36.993,9.796,0.0,0.0
42,8.0,0.0,1.0,0.0,0.0,0.0,4714.08,50.004,60.133,37.593,37.439,9.847,0.0,0.0
43,8.0,0.0,1.0,1.0,1.0,0.0,4845.982,213.31,72.199,36.397,36.295,9.695,0.0,0.0
44,8.0,0.0,1.0,2.0,4.0,0.0,4832.931,389.045,125.862,36.259,36.066,9.646,0.0,0.0
45,9.0,0.0,1.0,0.0,0.0,0.0,5621.912,105.469,99.606,36.977,36.888,9.772,0.0,0.0
46,9.0,0.0,1.0,1.0,1.0,0.0,5252.925,351.473,38.267,36.904,36.751,9.744,0.0,0.0
47,9.0,0.0,1.0,2.0,2.0,0.0,5207.808,361.176,-35.307,37.853,37.517,9.892,0.0,0.0
48,0.0,1.0,1.0,0.0,1.0,0.0,170.371,433.859,44.295,36.486,36.323,9.632,0.0,0.0
49,0.0,1.0,1.0,1.0,2.0,0.0,232.567,602.127,60.757,37.195,36.983,9.735,0.0,0.0
50,0.0,1.0,1.0,2.0,3.0,0.0,433.289,619.453,68.404,36.47,36.344,9.711,0.0,0.0
51,0.0,1.0,1.0,3.0,4.0,0.0,196.597,763.254,-13.149,37.716,37.579,9.804,0.0,0.0
52,0.0,1.0,1.0,4.0,6.0,0.0,80.992,778.614,-38.357,36.842,36.792,9.741,0.0,0.0
53,1.0,1.0,1.0,0.0,0.0,0.0,698.394,479.048,98.32,36.053,35.899,9.596,0.0,0.0
54,1.0,1.0,1.0,1.0,1.0,0.0,801.977,606.525,85.887,36.444,36.26,9.696,0.0,0.0
55,1.0,1.0,1.0,2.0,2.0,0.0,658.692,650.138,48.642,37.37,36.882,9.744,0.0,0.0
56,1.0,1.0,1.0,3.0,3.0,0.0,599.413,771.09,7.506,36.878,36.724,9.737,0.0,0.0
57,2.0,1.0,1.0,0.0,1.0,0.0,1506.977,535.077,4.16,35.711,35.466,9.572,0.0,0.0
58,2.0,1.0,1.0,1.0,2.0,0.0,1352.372,706.996,-5.119,35.894,35.785,9.639,0.0,0.0
59,2.0,1.0,1.0,2.0,3.0,0.0,1646.005,713.501,23.525,36.023,35.468,9.456,0.0,0.0
60,2.0,1.0,1.0,3.0,4.0,0.0,1473.678,718.228,-16.489,35.717,35.615,9.593,0.0,0.0
61,2.0,1.0,1.0,4.0,5.0,0.0,1447.818,771.276,69.153,37.309,37.189,9.777,0.0,0.0
62,2.0,1.0,1.0,5.0,6.0,0.0,1522.422,828.199,-3.674,39.309,27.078,8.873,0.0,0.0
63,3.0,1.0,1.0,0.0,2.0,0.0,2258.859,490.431,118.807,36.177,36.126,9.643,0.0,0.0
64,3.0,1.0,1.0,1.0,4.0,0.0,1975.034,695.666,25.368,36.094,35.975,9.612,0.0,0.0
65,4.0,1.0,1.0,0.0,0.0,0.0,2886.064,442.788,89.898,37.929,37.042,9.761,0.0,0.0
66,4.0,1.0,1.0,1.0,1.0,0.0,2817.019,555.219,-37.951,36.228,36.129,9.65,0.0,0.0
67,4.0,1.0,1.0,2.0,2.0,0.0,2452.629,697.327,-41.073,17.534,16.709,6.974,0.0,0.0
68,4.0,1.0,1.0,3.0,3.0,0.0,2520.181,718.123,108.222,16.115,14.697,6.571,0.0,0.0
69,4.0,1.0,1.0,4.0,4.0,0.0,2550.222,798.939,120.318,36.737,36.491,9.687,0.0,0.0
70,4.0,1.0,1.0,5.0,5.0,0.0,2665.792,806.474,61.435,36.375,36.134,9.671,0.0,0.0
71,4.0,1.0,1.0,6.0,6.0,0.0,2723.425,811.959,15.131,36.883,36.784,9.746,0.0,0.0
72,5.0,1.0,1.0,0.0,2.0,0.0,3295.202,701.028,132.524,36.544,36.405,9.65,0.0,0.0
73,5.0,1.0,1.0,1.0,3.0,0.0,3039.493,730.935,41.227,37.142,36.94,9.8,0.0,0.0
74,6.0,1.0,1.0,0.0,1.0,0.0,3851.53,507.507,76.087,37.681,37.565,9.875,0.0,0.0
76,6.0,1.0,1.0,2.0,4.0,0.0,3875.273,764.918,116.622,37.389,37.307,9.803,0.0,0.0
77,7.0,1.0,1.0,0.0,1.0,0.0,4144.16,559.706,-7.259,36.898,36.747,9.743,0.0,0.0
78,7.0,1.0,1.0,1.0,2.0,0.0,4453.994,643.155,96.495,34.869,34.578,9.339,0.0,0.0
80,7.0,1.0,1.0,3.0,4.0,0.0,4077.427,766.169,-42.188,37.032,36.877,9.778,0.0,0.0
81,7.0,1.0,1.0,4.0,5.0,0.0,4179.826,775.98,84.483,37.055,36.982,9.716,0.0,0.0
82,7.0,1.0,1.0,5.0,6.0,0.0,4217.46,781.984,39.246,35.946,35.759,9.643,0.0,0.0
83,8.0,1.0,1.0,0.0,0.0,0.0,4662.022,444.366,49.679,36.797,36.73,9.727,0.0,0.0
84,8.0,1.0,1.0,1.0,1.0,0.0,5069.134,554.129,114.179,36.847,36.734,9.734,0.0,0.0
85,8.0,1.0,1.0,2.0,2.0,0.0,4896.705,603.022,104.228,37.03,36.961,9.711,0.0,0.0
86,9.0,1.0,1.0,0.0,0.0,0.0,5714.684,503.937,134.972,37.803,37.689,9.83,0.0,0.0
87,9.0,1.0,1.0,1.0,1.0,0.0,5532.012,550.01,72.818,35.654,35.634,9.587,0.0,0.0
90,9.0,1.0,1.0,4.0,3.0,0.0,5760.326,593.591,73.517,37.373,37.292,9.799,0.0,0.0
91,9.0,1.0,1.0,5.0,4.0,0.0,5497.803,623.308,86.774,36.053,35.93,9.6,0.0,0.0
92,0.0,2.0,1.0,0.0,1.0,0.0,449.389,838.386,51.096,37.094,37.044,9.73,0.0,0.0
93,0.0,2.0,1.0,1.0,2.0,0.0,467.029,921.506,38.609,36.271,36.247,9.672,0.0,0.0
94,0.0,2.0,1.0,2.0,3.0,0.0,28.877,942.076,26.233,37.792,37.539,9.887,0.0,0.0
95,0.0,2.0,1.0,3.0,5.0,0.0,101.423,970.631,34.026,36.324,36.158,9.667,0.0,0.0
96,0.0,2.0,1.0,4.0,8.0,0.0,409.776,1215.157,120.134,37.302,37.211,9.779,0.0,0.0
97,1.0,2.0,1.0,0.0,0.0,0.0,916.549,877.756,32.229,36.858,36.802,9.745,0.0,0.0
98,1.0,2.0,1.0,1.0,1.0,0.0,839.856,921.48,127.891,35.896,35.882,9.573,0.0,0.0
99,1.0,2.0,1.0,2.0,2.0,0.0,643.381,936.837,6.216,36.174,36.102,9.64,0.0,0.0
100,1.0,2.0,1.0,3.0,3.0,0.0,597.542,961.206,36.096,37.641,37.358,9.843,0.0,0.0
101,1.0,2.0,1.0,4.0,5.0,0.0,768.641,1136.009,77.838,36.431,36.162,9.603,0.0,0.0
103,2.0,2.0,1.0,0.0,1.0,0.0,1351.126,960.314,64.409,35.66,35.431,9.56,0.0,0.0
104,2.0,2.0,1.0,1.0,2.0,0.0,1515.902,985.145,34.191,36.79,36.722,9.725,0.0,0.0
105,2.0,2.0,1.0,2.0,3.0,0.0,1695.109,1186.511,38.385,36.975,36.802,9.76,0.0,0.0
107,3.0,2.0,1.0,0.0,1.0,0.0,2006.939,1000.987,133.359,36.137,36.059,9.629,0.0,0.0
108,3.0,2.0,1.0,1.0,2.0,0.0,2284.455,1043.576,132.98,37.056,36.911,9.707,0.0,0.0
109,3.0,2.0,1.0,2.0,3.0,0.0,1949.245,1099.038,15.098,35.954,35.888,9.661,0.0,0.0
110,3.0,2.0,1.0,3.0,4.0,0.0,2084.555,1114.053,7.518,36.213,35.932,9.544,0.0,0.0
111,3.0,2.0,1.0,4.0,5.0,0.0,1980.697,1226.529,69.627,37.682,37.583,9.8,0.0,0.0
113,4.0,2.0,1.0,1.0,4.0,0.0,2825.825,1032.237,90.578,36.04,35.891,9.594,0.0,0.0
114,4.0,2.0,1.0,2.0,5.0,0.0,2692.696,1037.763,-13.628,35.247,35.069,9.789,0.0,0.0
115,4.0,2.0,1.0,3.0,6.0,0.0,2541.452,1054.519,54.345,36.818,36.76,9.734,0.0,0.0
116,4.0,2.0,1.0,4.0,7.0,0.0,2865.386,1145.131,14.734,36.905,36.579,9.721,0.0,0.0
117,4.0,2.0,1.0,5.0,8.0,0.0,2777.911,1148.581,54.489,36.915,36.752,9.745,0.0,0.0
118,4.0,2.0,1.0,6.0,9.0,0.0,2489.827,1174.678,59.531,36.827,36.691,9.726,0.0,0.0
119,4.0,2.0,1.0,7.0,10.0,0.0,2392.208,1178.562,121.806,37.022,36.792,9.765,0.0,0.0
120,5.0,2.0,1.0,0.0,0.0,0.0,3049.324,856.011,73.713,35.997,35.869,9.585,0.0,0.0
121,5.0,2.0,1.0,1.0,1.0,0.0,3284.437,941.343,15.715,35.85,35.747,9.549,0.0,0.0
122,5.0,2.0,1.0,2.0,2.0,0.0,2910.08,1007.059,12.097,36.339,36.225,9.678,0.0,0.0
123,5.0,2.0,1.0,3.0,3.0,0.0,3329.892,1035.302,23.011,36.604,36.46,9.666,0.0,0.0
124,5.0,2.0,1.0,4.0,4.0,0.0,3464.482,1043.715,92.973,38.17,33.9,9.443,0.0,0.0
125,5.0,2.0,1.0,5.0,6.0,0.0,3083.556,1097.371,16.768,36.541,36.453,9.656,0.0,0.0
126,5.0,2.0,1.0,6.0,8.0,0.0,3094.523,1177.868,88.592,37.199,37.144,9.757,0.0,0.0
127,5.0,2.0,1.0,7.0,9.0,0.0,3280.366,1200.191,77.805,36.135,35.992,9.62,0.0,0.0
128,5.0,2.0,1.0,8.0,10.0,0.0,3158.676,1220.574,134.179,37.431,37.377,9.818,0.0,0.0
129,6.0,2.0,1.0,0.0,0.0,0.0,3983.569,839.208,100.896,37.182,37.082,9.746,0.0,0.0
130,6.0,2.0,1.0,1.0,1.0,0.0,3891.968,855.854,98.842,37.532,37.345,9.827,0.0,0.0
131,6.0,2.0,1.0,2.0,2.0,0.0,3496.144,888.356,53.983,36.486,36.262,9.624,0.0,0.0
132,6.0,2.0,1.0,3.0,3.0,0.0,3908.443,926.361,-11.223,36.288,36.231,9.672,0.0,0.0
133,6.0,2.0,1.0,4.0,5.0,0.0,3533.553,1125.39,-4.257,36.651,36.384,9.662,0.0,0.0
134,6.0,2.0,1.0,5.0,6.0,0.0,3942.666,1168.693,70.681,37.438,37.372,9.818,0.0,0.0
135,7.0,2.0,1.0,0.0,0.0,0.0,4487.11,846.063,-26.726,37.293,37.088,9.84,0.0,0.0
136,7.0,2.0,1.0,1.0,1.0,0.0,4560.828,975.906,-9.734,37.627,37.475,9.856,0.0,0.0
137,7.0,2.0,1.0,2.0,2.0,0.0,4518.814,1089.592,-7.135,36.755,36.71,9.719,0.0,0.0
138,7.0,2.0,1.0,3.0,3.0,0.0,4274.841,1098.939,32.458,36.317,36.209,9.673,0.0,0.0
139,8.0,2.0,1.0,0.0,0.0,0.0,5157.475,857.25,110.155,36.838,36.718,9.731,0.0,0.0
140,8.0,2.0,1.0,1.0,1.0,0.0,4718.841,863.261,62.767,36.653,36.578,9.688,0.0,0.0
141,8.0,2.0,1.0,2.0,2.0,0.0,4825.004,876.091,19.413,36.891,36.858,9.756,0.0,0.0
142,8.0,2.0,1.0,3.0,3.0,0.0,4688.375,1038.939,21.519,36.69,36.572,9.692,0.0,0.0
143,8.0,2.0,1.0,4.0,4.0,0.0,4638.816,1216.532,-29.343,36.865,36.662,9.727,0.0,0.0
144,9.0,2.0,1.0,0.0,0.0,0.0,5662.972,987.199,32.724,36.57,36.501,9.667,0.0,0.0
145,9.0,2.0,1.0,1.0,1.0,0.0,5521.881,1015.735,95.293,36.231,36.159,9.655,0.0,0.0
146,9.0,2.0,1.0,2.0,2.0,0.0,5648.118,1044.204,101.343,36.344,36.329,9.692,0.0,0.0
147,9.0,2.0,1.0,3.0,3.0,0.0,5378.346,1065.582,-15.928,36.994,36.913,9.777,0.0,0.0
148,0.0,3.0,1.0,0.0,1.0,0.0,350.029,1265.936,110.772,36.541,36.247,9.708,0.0,0.0
149,0.0,3.0,1.0,1.0,2.0,0.0,94.028,1297.759,67.962,37.032,36.752,9.761,0.0,0.0
150,0.0,3.0,1.0,2.0,3.0,0.0,325.746,1319.603,102.74,36.261,36.156,9.658,0.0,0.0
151,0.0,3.0,1.0,3.0,4.0,0.0,531.067,1382.974,-35.655,36.857,36.773,9.741,0.0,0.0
152,0.0,3.0,1.0,4.0,5.0,0.0,454.944,1383.871,44.846,36.659,36.587,9.769,0.0,0.0
153,0.0,3.0,1.0,5.0,6.0,0.0,146.676,1421.358,24.427,36.351,36.253,9.683,0.0,0.0
154,0.0,3.0,1.0,6.0,7.0,0.0,273.194,1500.855,36.528,36.315,36.176,9.668,0.0,0.0
155,0.0,3.0,1.0,7.0,8.0,0.0,311.576,1560.834,82.375,36.001,35.906,9.59,0.0,0.0
156,0.0,3.0,1.0,8.0,9.0,0.0,360.489,1629.28,37.33,36.213,36.096,9.644,0.0,0.0
157,1.0,3.0,1.0,0.0,0.0,0.0,674.484,1263.686,42.346,36.494,36.454,9.651,0.0,0.0
158,1.0,3.0,1.0,1.0,1.0,0.0,723.626,1344.596,81.961,35.935,35.905,9.661,0.0,0.0
159,1.0,3.0,1.0,2.0,2.0,0.0,1130.754,1429.861,57.793,36.424,36.298,9.699,0.0,0.0
160,1.0,3.0,1.0,3.0,3.0,0.0,659.549,1577.604,33.524,36.539,36.524,9.745,0.0,0.0
161,1.0,3.0,1.0,4.0,4.0,0.0,955.349,1640.831,-4.266,38.369,33.579,9.438,0.0,0.0
162,2.0,3.0,1.0,0.0,0.0,0.0,1233.596,1302.139,39.054,36.554,36.393,9.65,0.0,0.0
163,2.0,3.0,1.0,1.0,1.0,0.0,1461.386,1341.222,44.216,36.476,36.435,9.724,0.0,0.0
164,2.0,3.0,1.0,2.0,2.0,0.0,1464.052,1397.566,9.968,36.783,36.689,9.72,0.0,0.0
165,2.0,3.0,1.0,3.0,3.0,0.0,1383.316,1431.913,105.365,36.759,36.565,9.7,0.0,0.0
166,2.0,3.0,1.0,4.0,4.0,0.0,1472.542,1443.477,-42.642,35.499,35.384,9.532,0.0,0.0
167,2.0,3.0,1.0,5.0,6.0,0.0,1658.901,1547.992,11.291,37.604,37.399,9.843,0.0,0.0
168,2.0,3.0,1.0,6.0,7.0,0.0,1384.205,1587.079,45.247,37.79,37.669,9.825,0.0,0.0
169,2.0,3.0,1.0,7.0,8.0,0.0,1644.123,1639.008,1.006,36.999,35.706,9.619,0.0,0.0
170,3.0,3.0,1.0,0.0,1.0,0.0,2218.846,1258.681,-9.269,36.715,36.54,9.691,0.0,0.0
171,3.0,3.0,1.0,1.0,2.0,0.0,1971.926,1373.221,74.929,36.244,36.193,9.661,0.0,0.0
172,3.0,3.0,1.0,2.0,3.0,0.0,2068.483,1473.246,61.399,35.293,35.221,9.483,0.0,0.0
173,3.0,3.0,1.0,3.0,4.0,0.0,2151.132,1622.092,77.303,36.05,35.913,9.598,0.0,0.0
177,4.0,3.0,1.0,3.0,2.0,0.0,2464.431,1639.054,-2.732,37.065,35.559,9.607,0.0,0.0
178,5.0,3.0,1.0,0.0,1.0,0.0,3210.133,1365.321,12.141,36.662,36.602,9.692,0.0,0.0
179,5.0,3.0,1.0,1.0,3.0,0.0,2928.815,1466.355,38.791,36.628,36.54,9.679,0.0,0.0
180,5.0,3.0,1.0,2.0,4.0,0.0,3302.832,1605.674,61.252,37.084,36.782,9.772,0.0,0.0
181,5.0,3.0,1.0,3.0,5.0,0.0,3370.53,1606.063,57.061,37.219,36.937,9.81,0.0,0.0
182,6.0,3.0,1.0,0.0,0.0,0.0,3915.392,1359.759,-34.616,36.645,36.62,9.692,0.0,0.0
183,6.0,3.0,1.0,1.0,1.0,0.0,3599.187,1592.252,-44.068,36.583,36.424,9.658,0.0,0.0
184,7.0,3.0,1.0,0.0,1.0,0.0,4485.597,1391.792,26.5,36.155,35.992,9.623,0.0,0.0
185,7.0,3.0,1.0,1.0,2.0,0.0,4502.475,1462.582,76.432,36.662,36.523,9.682,0.0,0.0
186,7.0,3.0,1.0,2.0,3.0,0.0,4263.245,1484.616,59.813,36.335,36.253,9.681,0.0,0.0
187,7.0,3.0,1.0,3.0,4.0,0.0,4537.317,1547.387,26.464,36.927,36.766,9.749,0.0,0.0
189,8.0,3.0,1.0,1.0,2.0,0.0,4728.547,1518.397,-37.097,37.553,34.804,8.798,0.0,0.0
190,8.0,3.0,1.0,2.0,3.0,0.0,5026.582,1575.285,-7.605,36.12,35.961,9.614,0.0,0.0
191,9.0,3.0,1.0,0.0,0.0,0.0,5373.984,1291.1,64.901,36.1,35.963,9.611,0.0,0.0
192,9.0,3.0,1.0,1.0,1.0,0.0,5548.607,1384.251,99.089,36.182,36.119,9.643,0.0,0.0
193,9.0,3.0,1.0,2.0,2.0,0.0,5524.1,1430.801,122.616,35.688,35.447,9.566,0.0,0.0
194,9.0,3.0,1.0,3.0,5.0,0.0,5433.481,1581.45,19.553,37.199,37.08,9.748,0.0,0.0
195,0.0,4.0,1.0,0.0,1.0,0.0,232.916,1716.593,105.036,36.418,36.183,9.604,0.0,0.0
196,0.0,4.0,1.0,1.0,2.0,0.0,376.316,1790.966,-20.825,36.178,36.126,9.643,0.0,0.0
197,0.0,4.0,1.0,2.0,3.0,0.0,533.456,1844.077,17.71,36.476,36.279,9.625,0.0,0.0
198,0.0,4.0,1.0,3.0,4.0,0.0,80.485,1915.301,-15.044,36.576,36.444,9.66,0.0,0.0
199,0.0,4.0,1.0,4.0,5.0,0.0,283.097,1950.006,-24.954,37.135,37.048,9.814,0.0,0.0
200,0.0,4.0,1.0,5.0,6.0,0.0,261.676,2016.322,112.04,36.938,36.669,9.737,0.0,0.0
202,1.0,4.0,1.0,0.0,1.0,0.0,709.435,1677.584,62.91,35.732,35.575,9.589,0.0,0.0
203,1.0,4.0,1.0,1.0,2.0,0.0,829.903,1691.443,65.846,36.225,36.09,9.645,0.0,0.0
204,1.0,4.0,1.0,2.0,3.0,0.0,1023.87,1751.884,67.047,36.383,36.059,9.584,0.0,0.0
205,1.0,4.0,1.0,3.0,4.0,0.0,808.944,1820.585,45.815,36.366,36.165,9.673,0.0,0.0
206,1.0,4.0,1.0,4.0,5.0,0.0,959.382,1866.396,33.122,35.585,35.512,9.482,0.0,0.0
207,1.0,4.0,1.0,5.0,6.0,0.0,1023.455,2023.351,-36.93,36.501,36.468,9.653,0.0,0.0
208,2.0,4.0,1.0,0.0,1.0,0.0,1428.975,1917.353,98.284,35.899,35.865,9.571,0.0,0.0
209,3.0,4.0,1.0,0.0,1.0,0.0,2230.278,1652.036,26.616,36.693,36.669,9.705,0.0,0.0
210,3.0,4.0,1.0,1.0,2.0,0.0,2000.163,1774.831,62.143,36.379,36.294,9.614,0.0,0.0
211,3.0,4.0,1.0,2.0,3.0,0.0,2042.758,1787.882,19.845,35.864,35.681,9.621,0.0,0.0
212,3.0,4.0,1.0,3.0,4.0,0.0,1846.616,1922.509,127.045,37.1,36.829,9.702,0.0,0.0
213,3.0,4.0,1.0,4.0,5.0,0.0,2244.302,1947.988,51.033,36.897,36.775,9.746,0.0,0.0
214,4.0,4.0,1.0,0.0,1.0,0.0,2479.914,1766.004,43.508,36.189,36.072,9.56,0.0,0.0
215,4.0,4.0,1.0,1.0,2.0,0.0,2614.958,1959.627,39.261,36.567,36.465,9.74,0.0,0.0
216,5.0,4.0,1.0,0.0,1.0,0.0,3353.709,1850.191,67.026,36.962,36.83,9.762,0.0,0.0
217,5.0,4.0,1.0,1.0,2.0,0.0,3444.577,1853.966,-5.135,36.832,36.644,9.72,0.0,0.0
218,5.0,4.0,1.0,2.0,3.0,0.0,2926.116,1969.746,-22.432,36.492,36.227,9.699,0.0,0.0
219,6.0,4.0,1.0,0.0,0.0,0.0,3483.589,1710.122,62.325,38.531,37.067,9.844,0.0,0.0
220,6.0,4.0,1.0,1.0,1.0,0.0,3530.863,1776.872,74.713,36.898,36.673,9.733,0.0,0.0
221,6.0,4.0,1.0,2.0,2.0,0.0,3984.933,1806.683,8.612,36.808,36.793,9.737,0.0,0.0
222,6.0,4.0,1.0,3.0,3.0,0.0,3606.101,1833.774,47.107,37.01,36.831,9.768,0.0,0.0
223,6.0,4.0,1.0,4.0,4.0,0.0,3784.601,1845.914,132.57,35.608,35.401,9.549,0.0,0.0
224,6.0,4.0,1.0,5.0,6.0,0.0,3530.664,1891.046,-43.442,37.005,36.869,9.773,0.0,0.0
226,7.0,4.0,1.0,0.0,0.0,0.0,4267.231,1714.873,95.448,36.275,36.216,9.668,0.0,0.0
227,7.0,4.0,1.0,1.0,1.0,0.0,4072.181,1731.328,6.598,36.226,36.045,9.639,0.0,0.0
228,7.0,4.0,1.0,2.0,2.0,0.0,4149.572,1779.988,77.684,37.633,37.455,9.854,0.0,0.0
229,7.0,4.0,1.0,3.0,3.0,0.0,4280.043,1780.172,16.7,35.801,35.742,9.621,0.0,0.0
230,7.0,4.0,1.0,4.0,4.0,0.0,4243.375,2005.605,-14.006,37.215,37.094,9.752,0.0,0.0
231,8.0,4.0,1.0,0.0,0.0,0.0,4855.856,1653.705,91.477,36.301,36.06,9.651,0.0,0.0
234,9.0,4.0,1.0,0.0,0.0,0.0,5765.473,1898.147,-20.756,37.146,37.104,9.744,0.0,0.0
235,9.0,4.0,1.0,1.0,1.0,0.0,5555.436,2019.878,-4.459,36.331,36.075,9.657,0.0,0.0
236,9.0,4.0,1.0,2.0,2.0,0.0,5634.203,2049.327,-4.093,37.9,32.681,9.331,0.0,0.0
237,0.0,5.0,1.0,0.0,1.0,0.0,300.411,2080.742,77.433,36.491,36.208,9.696,0.0,0.0
238,0.0,5.0,1.0,1.0,2.0,0.0,299.676,2190.751,92.684,36.535,36.259,9.708,0.0,0.0
239,1.0,5.0,1.0,0.0,1.0,0.0,655.555,2278.191,-37.441,35.817,35.782,9.629,0.0,0.0
240,1.0,5.0,1.0,1.0,2.0,0.0,626.565,2315.658,-34.298,37.121,37.023,9.731,0.0,0.0
241,1.0,5.0,1.0,2.0,4.0,0.0,936.031,2454.186,6.691,36.731,36.298,9.661,0.0,0.0
242,2.0,5.0,1.0,0.0,0.0,0.0,1695.398,2092.597,-34.291,37.608,37.462,9.852,0.0,0.0
243,2.0,5.0,1.0,1.0,1.0,0.0,1542.177,2103.408,121.041,36.553,36.187,9.623,0.0,0.0
244,2.0,5.0,1.0,2.0,3.0,0.0,1371.035,2265.141,61.723,37.042,36.739,9.683,0.0,0.0
245,3.0,5.0,1.0,0.0,1.0,0.0,1938.15,2174.408,96.82,36.812,36.692,9.724,0.0,0.0
247,3.0,5.0,1.0,2.0,3.0,0.0,1883.527,2295.632,2.741,37.464,37.34,9.817,0.0,0.0
248,3.0,5.0,1.0,3.0,4.0,0.0,2025.531,2386.22,70.552,36.275,36.175,9.663,0.0,0.0
249,4.0,5.0,1.0,0.0,0.0,0.0,2822.957,2101.702,113.542,36.362,36.296,9.69,0.0,0.0
250,4.0,5.0,1.0,1.0,2.0,0.0,2626.281,2279.071,67.238,35.54,35.41,9.463,0.0,0.0
251,5.0,5.0,1.0,0.0,0.0,0.0,3245.377,2106.667,56.105,36.315,36.183,9.669,0.0,0.0
252,5.0,5.0,1.0,1.0,1.0,0.0,3357.818,2150.684,75.687,37.364,37.294,9.798,0.0,0.0
253,5.0,5.0,1.0,2.0,2.0,0.0,3017.971,2204.017,69.086,36.833,36.797,9.741,0.0,0.0
254,5.0,5.0,1.0,3.0,3.0,0.0,2936.005,2318.474,19.79,36.271,36.125,9.656,0.0,0.0
255,5.0,5.0,1.0,4.0,4.0,0.0,3379.168,2331.717,114.659,35.735,35.64,9.598,0.0,0.0
256,5.0,5.0,1.0,5.0,5.0,0.0,3300.308,2442.967,48.878,37.021,36.778,9.686,0.0,0.0
258,6.0,5.0,1.0,1.0,2.0,0.0,3925.242,2199.639,108.238,36.734,36.616,9.704,0.0,0.0
259,6.0,5.0,1.0,2.0,3.0,0.0,3744.585,2204.808,29.513,36.292,36.177,9.665,0.0,0.0
260,6.0,5.0,1.0,3.0,4.0,0.0,3536.794,2210.713,45.358,36.918,36.637,9.731,0.0,0.0
262,7.0,5.0,1.0,1.0,1.0,0.0,4417.13,2110.092,-34.254,36.155,35.96,9.618,0.0,0.0
263,7.0,5.0,1.0,2.0,2.0,0.0,4455.792,2170.805,106.595,37.194,37.159,9.758,0.0,0.0
264,7.0,5.0,1.0,3.0,3.0,0.0,4076.961,2200.859,17.137,36.635,36.516,9.677,0.0,0.0
265,7.0,5.0,1.0,4.0,5.0,0.0,4614.14,2344.494,87.14,37.888,37.083,9.762,0.0,0.0
266,7.0,5.0,1.0,5.0,6.0,0.0,4077.052,2408.743,-35.955,36.605,36.568,9.68,0.0,0.0
267,8.0,5.0,1.0,0.0,0.0,0.0,5192.919,2065.514,90.889,39.048,33.218,9.386,0.0,0.0
268,8.0,5.0,1.0,1.0,1.0,0.0,4870.448,2074.677,68.807,36.292,36.045,9.648,0.0,0.0
269,8.0,5.0,1.0,2.0,3.0,0.0,4878.247,2191.533,92.906,36.09,35.915,9.604,0.0,0.0
270,9.0,5.0,1.0,0.0,2.0,0.0,5516.825,2076.221,86.277,37.659,37.559,9.871,0.0,0.0
271,9.0,5.0,1.0,1.0,4.0,0.0,5491.117,2327.842,32.236,35.303,35.134,9.552,0.0,0.0
273,9.0,5.0,1.0,3.0,6.0,0.0,5295.096,2457.699,-1.626,38.848,31.826,9.243,0.0,0.0
274,0.0,6.0,1.0,0.0,0.0,0.0,502.401,2482.298,83.887,36.909,36.76,9.668,0.0,0.0
275,0.0,6.0,1.0,1.0,1.0,0.0,52.055,2518.328,47.094,36.078,35.954,9.607,0.0,0.0
276,0.0,6.0,1.0,2.0,2.0,0.0,283.902,2721.343,-23.045,36.144,36.049,9.628,0.0,0.0
277,0.0,6.0,1.0,3.0,3.0,0.0,65.133,2740.055,78.456,36.55,36.363,9.646,0.0,0.0
278,1.0,6.0,1.0,0.0,1.0,0.0,1015.595,2479.355,127.172,37.454,37.354,9.818,0.0,0.0
279,1.0,6.0,1.0,1.0,3.0,0.0,750.178,2611.023,41.943,36.277,36.227,9.67,0.0,0.0
280,1.0,6.0,1.0,2.0,4.0,0.0,1079.916,2625.508,65.935,36.67,36.561,9.688,0.0,0.0
281,1.0,6.0,1.0,3.0,5.0,0.0,992.543,2744.152,88.514,36.18,36.034,9.631,0.0,0.0
282,1.0,6.0,1.0,4.0,6.0,0.0,684.137,2865.26,-1.37,38.436,32.475,9.478,0.0,0.0
283,2.0,6.0,1.0,0.0,0.0,0.0,1452.971,2470.957,94.771,36.581,36.446,9.661,0.0,0.0
284,2.0,6.0,1.0,1.0,2.0,0.0,1549.015,2528.087,50.635,35.805,35.717,9.618,0.0,0.0
285,2.0,6.0,1.0,2.0,3.0,0.0,1458.957,2529.567,127.505,37.125,37.009,9.729,0.0,0.0
286,2.0,6.0,1.0,3.0,5.0,0.0,1469.204,2728.402,61.425,35.902,35.749,9.556,0.0,0.0
287,3.0,6.0,1.0,0.0,0.0,0.0,1966.76,2691.53,109.569,37.044,36.985,9.793,0.0,0.0
288,3.0,6.0,1.0,1.0,1.0,0.0,2268.221,2725.884,28.422,36.938,36.679,9.739,0.0,0.0
290,3.0,6.0,1.0,3.0,4.0,0.0,1965.67,2799.07,70.944,37.094,36.973,9.798,0.0,0.0
291,3.0,6.0,1.0,4.0,5.0,0.0,2051.21,2817.692,111.615,37.144,37.028,9.734,0.0,0.0
292,3.0,6.0,1.0,5.0,7.0,0.0,2239.617,2839.429,32.131,37.497,37.155,9.721,0.0,0.0
293,3.0,6.0,1.0,6.0,8.0,0.0,2287.174,2849.778,44.006,37.526,37.217,9.809,0.0,0.0
294,4.0,6.0,1.0,0.0,0.0,0.0,2819.019,2513.872,-28.446,37.064,36.845,9.778,0.0,0.0
295,4.0,6.0,1.0,1.0,1.0,0.0,2792.678,2610.163,7.767,36.432,36.113,9.676,0.0,0.0
296,4.0,6.0,1.0,2.0,3.0,0.0,2345.446,2757.471,-10.112,36.393,36.049,9.662,0.0,0.0
297,4.0,6.0,1.0,3.0,4.0,0.0,2677.4,2783.86,23.382,35.826,35.645,9.532,0.0,0.0
298,4.0,6.0,1.0,4.0,5.0,0.0,2387.174,2868.421,-1.012,41.158,26.102,8.826,0.0,0.0
299,5.0,6.0,1.0,0.0,1.0,0.0,3126.125,2557.692,106.733,36.792,36.716,9.724,0.0,0.0
300,5.0,6.0,1.0,1.0,2.0,0.0,3160.993,2594.019,67.072,36.138,36.005,9.622,0.0,0.0
301,5.0,6.0,1.0,2.0,3.0,0.0,2903.776,2709.334,117.089,36.529,36.515,9.663,0.0,0.0
302,5.0,6.0,1.0,3.0,4.0,0.0,2940.825,2760.007,-12.72,37.205,37.045,9.744,0.0,0.0
304,6.0,6.0,1.0,0.0,0.0,0.0,3854.575,2655.887,-22.211,36.434,36.263,9.696,0.0,0.0
305,6.0,6.0,1.0,1.0,1.0,0.0,3705.275,2709.777,101.554,36.672,36.624,9.697,0.0,0.0
306,6.0,6.0,1.0,2.0,2.0,0.0,3648.127,2805.806,72.159,36.319,36.218,9.674,0.0,0.0
307,6.0,6.0,1.0,3.0,3.0,0.0,3745.75,2835.396,43.595,35.937,35.838,9.652,0.0,0.0
308,6.0,6.0,1.0,4.0,4.0,0.0,3827.747,2866.739,-3.902,39.097,30.228,9.153,0.0,0.0
309,7.0,6.0,1.0,0.0,0.0,0.0,4508.823,2514.759,-14.211,37.307,37.214,9.78,0.0,0.0
310,7.0,6.0,1.0,1.0,1.0,0.0,4106.454,2774.322,-6.421,36.696,36.642,9.702,0.0,0.0
311,7.0,6.0,1.0,2.0,2.0,0.0,4578.745,2792.435,-36.559,37.062,36.978,9.795,0.0,0.0
312,7.0,6.0,1.0,3.0,3.0,0.0,4209.245,2813.911,46.238,36.745,36.658,9.711,0.0,0.0
313,8.0,6.0,1.0,0.0,0.0,0.0,5163.054,2594.479,-21.009,35.773,35.715,9.614,0.0,0.0
314,9.0,6.0,1.0,0.0,1.0,0.0,5283.508,2516.308,61.603,36.806,36.644,9.717,0.0,0.0
315,9.0,6.0,1.0,1.0,2.0,0.0,5343.678,2552.474,-37.217,35.827,35.69,9.618,0.0,0.0
317,9.0,6.0,1.0,3.0,5.0,0.0,5671.327,2717.899,40.639,37.543,37.431,9.839,0.0,0.0
318,0.0,7.0,1.0,0.0,0.0,0.0,122.025,2901.805,36.513,37.367,37.154,9.703,0.0,0.0
319,0.0,7.0,1.0,1.0,1.0,0.0,271.161,2925.699,49.398,37.063,36.893,9.706,0.0,0.0
320,0.0,7.0,1.0,2.0,2.0,0.0,52.875,2967.912,68.637,36.579,36.42,9.657,0.0,0.0
321,0.0,7.0,1.0,3.0,3.0,0.0,478.155,3145.448,61.37,36.556,36.304,9.717,0.0,0.0
322,0.0,7.0,1.0,4.0,4.0,0.0,569.728,3240.721,40.291,37.593,37.423,9.768,0.0,0.0
323,0.0,7.0,1.0,5.0,5.0,0.0,66.153,3268.008,110.465,36.954,36.77,9.753,0.0,0.0
324,0.0,7.0,1.0,6.0,6.0,0.0,480.841,3275.868,-4.78,39.249,28.035,8.954,0.0,0.0
326,1.0,7.0,1.0,1.0,2.0,0.0,676.5,3066.155,-39.548,36.578,36.501,9.747,0.0,0.0
327,1.0,7.0,1.0,2.0,3.0,0.0,833.312,3082.62,-11.278,36.805,36.685,9.722,0.0,0.0
328,1.0,7.0,1.0,3.0,4.0,0.0,723.515,3087.35,20.116,36.014,35.811,9.579,0.0,0.0
329,1.0,7.0,1.0,4.0,5.0,0.0,789.379,3092.446,52.47,36.744,36.592,9.702,0.0,0.0
330,1.0,7.0,1.0,5.0,6.0,0.0,816.997,3143.519,63.757,36.429,36.217,9.61,0.0,0.0
331,1.0,7.0,1.0,6.0,7.0,0.0,644.066,3197.231,126.295,36.224,36.073,9.642,0.0,0.0
332,2.0,7.0,1.0,0.0,0.0,0.0,1243.577,2900.894,55.818,37.076,36.821,9.776,0.0,0.0
333,2.0,7.0,1.0,1.0,1.0,0.0,1286.398,2956.15,41.295,36.365,36.322,9.694,0.0,0.0
334,2.0,7.0,1.0,2.0,2.0,0.0,1380.956,2980.141,68.179,36.629,36.389,9.66,0.0,0.0
335,2.0,7.0,1.0,3.0,3.0,0.0,1290.847,3021.141,34.454,36.742,36.653,9.71,0.0,0.0
336,2.0,7.0,1.0,4.0,4.0,0.0,1620.56,3053.871,57.547,36.736,36.636,9.706,0.0,0.0
337,2.0,7.0,1.0,5.0,5.0,0.0,1594.378,3169.958,68.413,36.644,36.466,9.672,0.0,0.0
338,2.0,7.0,1.0,6.0,6.0,0.0,1467.223,3223.207,8.811,36.736,36.562,9.697,0.0,0.0
339,2.0,7.0,1.0,7.0,7.0,0.0,1378.348,3230.574,131.219,37.676,37.523,9.869,0.0,0.0
340,3.0,7.0,1.0,0.0,2.0,0.0,2141.111,2885.552,129.787,36.785,36.689,9.72,0.0,0.0
341,3.0,7.0,1.0,1.0,5.0,0.0,2215.348,3250.293,71.917,36.642,36.561,9.684,0.0,0.0
343,4.0,7.0,1.0,1.0,2.0,0.0,2336.885,2950.34,38.835,36.706,36.563,9.693,0.0,0.0
344,4.0,7.0,1.0,2.0,3.0,0.0,2612.906,2955.39,24.384,35.827,35.681,9.616,0.0,0.0
345,4.0,7.0,1.0,3.0,4.0,0.0,2507.847,3108.321,106.011,36.381,36.28,9.691,0.0,0.0
347,4.0,7.0,1.0,5.0,6.0,0.0,2747.763,3188.051,115.677,36.621,36.571,9.683,0.0,0.0
348,4.0,7.0,1.0,6.0,7.0,0.0,2343.206,3239.726,87.845,37.533,37.462,9.842,0.0,0.0
349,5.0,7.0,1.0,0.0,1.0,0.0,3409.317,2950.663,18.008,36.645,36.61,9.691,0.0,0.0
350,5.0,7.0,1.0,1.0,2.0,0.0,3413.149,3047.755,52.28,36.887,36.854,9.755,0.0,0.0
351,5.0,7.0,1.0,2.0,3.0,0.0,3289.06,3095.767,37.448,35.743,35.62,9.518,0.0,0.0
352,5.0,7.0,1.0,3.0,4.0,0.0,3011.499,3254.96,29.401,36.872,36.867,9.677,0.0,0.0
353,5.0,7.0,1.0,4.0,5.0,0.0,3286.438,3260.442,82.146,36.904,36.831,9.755,0.0,0.0
356,6.0,7.0,1.0,0.0,1.0,0.0,3661.918,3026.323,-14.579,36.519,36.445,9.732,0.0,0.0
357,6.0,7.0,1.0,1.0,2.0,0.0,3864.928,3045.582,6.0,35.69,35.669,9.517,0.0,0.0
358,6.0,7.0,1.0,2.0,3.0,0.0,3649.051,3150.946,111.87,37.031,36.869,9.776,0.0,0.0
359,6.0,7.0,1.0,3.0,4.0,0.0,3693.838,3180.686,33.676,36.682,36.469,9.677,0.0,0.0
360,7.0,7.0,1.0,0.0,0.0,0.0,4582.509,3010.427,-29.709,37.23,37.104,9.755,0.0,0.0
361,7.0,7.0,1.0,1.0,1.0,0.0,4267.624,3034.981,82.175,36.092,36.01,9.616,0.0,0.0
362,7.0,7.0,1.0,2.0,2.0,0.0,4164.241,3258.571,-44.047,37.045,36.873,9.779,0.0,0.0
363,8.0,7.0,1.0,0.0,0.0,0.0,4856.533,2932.275,68.603,37.105,36.994,9.725,0.0,0.0
364,8.0,7.0,1.0,1.0,1.0,0.0,4858.806,3067.01,87.391,36.396,36.18,9.679,0.0,0.0
365,8.0,7.0,1.0,2.0,2.0,0.0,4997.175,3072.817,-7.962,36.177,35.769,9.518,0.0,0.0
366,8.0,7.0,1.0,3.0,3.0,0.0,5133.687,3152.286,-1.879,37.137,37.085,9.741,0.0,0.0
367,9.0,7.0,1.0,0.0,0.0,0.0,5474.488,2966.175,30.525,36.379,36.315,9.695,0.0,0.0
368,9.0,7.0,1.0,1.0,1.0,0.0,5354.45,2981.301,69.695,36.816,36.699,9.725,0.0,0.0
369,9.0,7.0,1.0,2.0,2.0,0.0,5712.13,2988.826,129.428,36.762,36.651,9.712,0.0,0.0
370,9.0,7.0,1.0,3.0,3.0,0.0,5620.253,3064.458,55.595,36.335,36.23,9.678,0.0,0.0
371,9.0,7.0,1.0,4.0,4.0,0.0,5390.466,3149.808,18.238,36.453,36.31,9.705,0.0,0.0
372,9.0,7.0,1.0,5.0,5.0,0.0,5348.657,3156.732,-3.627,37.422,37.284,9.804,0.0,0.0
373,9.0,7.0,1.0,6.0,6.0,0.0,5678.645,3169.944,41.779,36.245,36.153,9.656,0.0,0.0
374,0.0,8.0,1.0,0.0,2.0,0.0,466.62,3324.451,91.029,37.197,37.037,9.742,0.0,0.0
375,0.0,8.0,1.0,1.0,3.0,0.0,408.056,3326.827,94.581,36.51,36.294,9.631,0.0,0.0
376,0.0,8.0,1.0,2.0,4.0,0.0,199.587,3337.146,40.736,36.395,36.319,9.698,0.0,0.0
377,0.0,8.0,1.0,3.0,6.0,0.0,479.023,3662.843,-15.805,37.67,37.421,9.777,0.0,0.0
378,1.0,8.0,1.0,0.0,0.0,0.0,817.675,3426.282,118.785,36.416,36.204,9.685,0.0,0.0
379,1.0,8.0,1.0,1.0,1.0,0.0,871.031,3457.686,50.097,36.803,36.632,9.715,0.0,0.0
380,1.0,8.0,1.0,2.0,3.0,0.0,1001.809,3483.609,75.007,36.065,35.929,9.602,0.0,0.0
381,1.0,8.0,1.0,3.0,4.0,0.0,784.903,3634.272,-25.772,37.098,37.018,9.727,0.0,0.0
382,2.0,8.0,1.0,0.0,0.0,0.0,1709.008,3319.063,-25.533,37.349,37.306,9.798,0.0,0.0
383,2.0,8.0,1.0,1.0,1.0,0.0,1437.569,3404.892,-2.981,36.155,36.082,9.634,0.0,0.0
384,2.0,8.0,1.0,2.0,2.0,0.0,1176.632,3480.538,3.043,36.512,36.278,9.629,0.0,0.0
385,2.0,8.0,1.0,3.0,3.0,0.0,1349.746,3551.387,59.05,36.719,36.609,9.701,0.0,0.0
387,3.0,8.0,1.0,0.0,1.0,0.0,1960.475,3400.565,88.772,36.334,36.175,9.671,0.0,0.0
388,3.0,8.0,1.0,1.0,3.0,0.0,2172.96,3510.801,70.03,36.949,36.816,9.758,0.0,0.0
389,3.0,8.0,1.0,2.0,4.0,0.0,2257.626,3554.789,42.858,37.369,37.312,9.801,0.0,0.0
392,3.0,8.0,1.0,5.0,7.0,0.0,2159.298,3655.932,98.493,36.64,36.628,9.772,0.0,0.0
394,4.0,8.0,1.0,0.0,0.0,0.0,2753.345,3325.561,-29.641,37.634,37.455,9.855,0.0,0.0
395,4.0,8.0,1.0,1.0,1.0,0.0,2487.994,3344.808,73.525,36.394,36.249,9.688,0.0,0.0
398,4.0,8.0,1.0,4.0,5.0,0.0,2653.681,3455.106,-38.331,37.097,37.056,9.732,0.0,0.0
399,4.0,8.0,1.0,5.0,6.0,0.0,2519.161,3499.197,17.481,36.501,36.271,9.627,0.0,0.0
400,4.0,8.0,1.0,6.0,7.0,0.0,2758.9,3520.715,-19.732,36.013,35.933,9.596,0.0,0.0
403,5.0,8.0,1.0,1.0,4.0,0.0,3254.183,3511.734,-44.651,35.643,35.361,9.549,0.0,0.0
404,5.0,8.0,1.0,2.0,5.0,0.0,3119.161,3517.191,74.174,37.064,36.823,9.775,0.0,0.0
405,5.0,8.0,1.0,3.0,6.0,0.0,3311.708,3565.226,32.614,36.317,36.224,9.675,0.0,0.0
406,6.0,8.0,1.0,0.0,1.0,0.0,3820.113,3292.431,117.173,37.487,37.354,9.822,0.0,0.0
407,6.0,8.0,1.0,1.0,2.0,0.0,3955.821,3322.095,108.052,36.046,35.894,9.595,0.0,0.0
408,6.0,8.0,1.0,2.0,3.0,0.0,3747.146,3409.678,10.516,36.887,36.866,9.757,0.0,0.0
409,6.0,8.0,1.0,3.0,4.0,0.0,3544.855,3421.957,59.469,36.555,36.373,9.648,0.0,0.0
410,6.0,8.0,1.0,4.0,5.0,0.0,4008.978,3443.81,91.49,36.569,36.493,9.665,0.0,0.0
411,6.0,8.0,1.0,5.0,6.0,0.0,3810.564,3560.098,-5.526,36.129,35.793,9.593,0.0,0.0
412,6.0,8.0,1.0,6.0,8.0,0.0,3643.574,3614.278,131.421,37.024,36.957,9.709,0.0,0.0
413,7.0,8.0,1.0,0.0,1.0,0.0,4433.616,3287.809,-9.491,36.329,36.205,9.674,0.0,0.0
414,7.0,8.0,1.0,1.0,2.0,0.0,4581.111,3409.923,128.5,37.819,37.63,9.824,0.0,0.0
415,7.0,8.0,1.0,2.0,3.0,0.0,4118.621,3641.203,40.891,36.659,36.331,9.656,0.0,0.0
416,8.0,8.0,1.0,0.0,0.0,0.0,4999.482,3348.08,73.898,36.963,36.86,9.766,0.0,0.0
417,8.0,8.0,1.0,1.0,1.0,0.0,5050.597,3405.965,115.886,37.398,37.361,9.811,0.0,0.0
418,8.0,8.0,1.0,2.0,2.0,0.0,5152.246,3446.44,-36.237,37.477,37.344,9.819,0.0,0.0
419,8.0,8.0,1.0,3.0,3.0,0.0,4717.741,3553.22,31.347,36.725,36.661,9.708,0.0,0.0
420,8.0,8.0,1.0,4.0,4.0,0.0,4907.019,3557.069,-4.899,36.907,36.526,9.715,0.0,0.0
421,8.0,8.0,1.0,5.0,5.0,0.0,5149.636,3580.936,67.134,36.872,36.747,9.739,0.0,0.0
423,9.0,8.0,1.0,0.0,0.0,0.0,5309.978,3302.876,52.817,37.176,36.782,9.784,0.0,0.0
424,9.0,8.0,1.0,1.0,1.0,0.0,5375.685,3383.057,63.235,36.512,36.388,9.644,0.0,0.0
425,9.0,8.0,1.0,2.0,2.0,0.0,5618.668,3388.193,127.441,36.775,36.559,9.701,0.0,0.0
426,9.0,8.0,1.0,3.0,3.0,0.0,5768.593,3425.698,92.426,38.515,33.683,9.457,0.0,0.0
427,9.0,8.0,1.0,4.0,4.0,0.0,5496.894,3430.462,-44.09,35.992,35.87,9.584,0.0,0.0
428,9.0,8.0,1.0,5.0,5.0,0.0,5699.71,3450.865,98.992,36.549,36.492,9.663,0.0,0.0
429,9.0,8.0,1.0,6.0,6.0,0.0,5404.4,3532.644,8.558,37.68,37.527,9.87,0.0,0.0
430,9.0,8.0,1.0,7.0,7.0,0.0,5319.064,3563.123,98.855,36.358,36.315,9.692,0.0,0.0
432,0.0,9.0,1.0,1.0,2.0,0.0,309.299,3775.64,78.94,36.273,36.144,9.658,0.0,0.0
433,0.0,9.0,1.0,2.0,3.0,0.0,259.493,3803.548,31.677,37.172,36.954,9.728,0.0,0.0
434,0.0,9.0,1.0,3.0,4.0,0.0,451.36,3895.836,9.196,36.15,35.893,9.608,0.0,0.0
435,0.0,9.0,1.0,4.0,5.0,0.0,265.596,3953.29,-44.675,33.52,33.392,9.314,0.0,0.0
437,1.0,9.0,1.0,1.0,2.0,0.0,596.902,4086.093,-10.086,36.229,35.978,9.631,0.0,0.0
440,2.0,9.0,1.0,2.0,3.0,0.0,1522.962,3875.563,-13.626,35.096,34.927,9.416,0.0,0.0
441,2.0,9.0,1.0,3.0,4.0,0.0,1295.265,3924.224,43.906,36.609,36.413,9.66,0.0,0.0
442,2.0,9.0,1.0,4.0,5.0,0.0,1580.505,3989.109,-11.113,36.176,36.097,9.639,0.0,0.0
444,3.0,9.0,1.0,0.0,0.0,0.0,1826.363,3700.657,50.548,36.896,36.584,9.721,0.0,0.0
446,3.0,9.0,1.0,2.0,3.0,0.0,1858.699,3916.805,-15.601,36.664,36.591,9.691,0.0,0.0
447,3.0,9.0,1.0,3.0,4.0,0.0,2167.381,3943.844,115.929,35.916,35.768,9.483,0.0,0.0
448,3.0,9.0,1.0,4.0,5.0,0.0,2129.911,3961.946,-25.826,36.485,36.402,9.721,0.0,0.0
449,3.0,9.0,1.0,5.0,6.0,0.0,1895.235,4017.762,29.696,37.758,37.655,9.819,0.0,0.0
450,4.0,9.0,1.0,0.0,0.0,0.0,2823.449,3711.681,3.077,36.357,36.286,9.689,0.0,0.0
451,4.0,9.0,1.0,1.0,1.0,0.0,2696.673,3798.391,67.262,36.7,36.597,9.696,0.0,0.0
452,4.0,9.0,1.0,2.0,2.0,0.0,2335.142,3813.696,35.997,35.946,35.834,9.573,0.0,0.0
453,4.0,9.0,1.0,3.0,3.0,0.0,2351.052,3909.764,38.072,36.551,36.353,9.723,0.0,0.0
454,4.0,9.0,1.0,4.0,5.0,0.0,2449.738,4025.799,-20.652,36.891,36.616,9.724,0.0,0.0
455,5.0,9.0,1.0,0.0,0.0,0.0,3309.746,3937.132,120.184,37.202,37.029,9.742,0.0,0.0
456,5.0,9.0,1.0,1.0,1.0,0.0,3081.401,4003.797,2.322,37.048,36.975,9.715,0.0,0.0
457,6.0,9.0,1.0,0.0,0.0,0.0,3747.266,3816.944,130.131,37.206,37.103,9.752,0.0,0.0
458,6.0,9.0,1.0,1.0,1.0,0.0,3890.613,3957.285,21.252,36.701,35.975,9.616,0.0,0.0
459,6.0,9.0,1.0,2.0,2.0,0.0,3692.036,4002.971,-2.97,36.854,36.658,9.725,0.0,0.0
460,6.0,9.0,1.0,3.0,3.0,0.0,3739.574,4093.088,-3.319,40.651,24.853,8.758,0.0,0.0
461,7.0,9.0,1.0,0.0,0.0,0.0,4279.757,3713.631,64.866,37.591,37.528,9.781,0.0,0.0
462,7.0,9.0,1.0,1.0,1.0,0.0,4372.339,3874.412,134.93,36.692,36.439,9.675,0.0,0.0
463,7.0,9.0,1.0,2.0,2.0,0.0,4413.314,3924.901,128.797,35.883,35.656,9.541,0.0,0.0
464,7.0,9.0,1.0,3.0,3.0,0.0,4216.641,3949.066,115.817,36.847,36.671,9.726,0.0,0.0
465,7.0,9.0,1.0,4.0,4.0,0.0,4295.567,4024.615,78.519,37.629,37.492,9.859,0.0,0.0
466,7.0,9.0,1.0,5.0,5.0,0.0,4619.025,4043.816,93.321,40.515,29.449,9.049,0.0,0.0
470,8.0,9.0,1.0,3.0,4.0,0.0,5081.922,3933.833,103.765,36.68,36.624,9.697,0.0,0.0
471,8.0,9.0,1.0,4.0,5.0,0.0,5080.33,3990.642,91.057,36.946,36.831,9.76,0.0,0.0
472,8.0,9.0,1.0,5.0,7.0,0.0,4642.611,4084.096,59.951,37.749,37.478,9.795,0.0,0.0
473,9.0,9.0,1.0,0.0,0.0,0.0,5503.08,3717.827,89.422,36.142,36.011,9.623,0.0,0.0
474,9.0,9.0,1.0,1.0,1.0,0.0,5412.594,3752.921,-9.486,38.294,38.187,9.959,0.0,0.0
475,9.0,9.0,1.0,2.0,2.0,0.0,5212.974,3811.533,25.413,37.001,36.787,9.762,0.0,0.0
478,0.0,10.0,1.0,0.0,1.0,0.0,306.613,4291.553,133.237,35.271,35.178,9.474,0.0,0.0
479,0.0,10.0,1.0,1.0,2.0,0.0,356.23,4322.68,84.196,35.153,34.926,9.424,0.0,0.0
480,0.0,10.0,1.0,2.0,3.0,0.0,383.477,4351.779,-8.366,35.95,35.811,9.571,0.0,0.0
481,0.0,10.0,1.0,3.0,5.0,0.0,69.437,4417.918,-30.779,37.392,37.225,9.793,0.0,0.0
485,2.0,10.0,1.0,1.0,3.0,0.0,1205.375,4161.418,44.461,36.494,36.424,9.725,0.0,0.0
486,2.0,10.0,1.0,2.0,4.0,0.0,1324.128,4166.449,69.749,36.211,36.057,9.638,0.0,0.0
487,2.0,10.0,1.0,3.0,5.0,0.0,1230.792,4289.062,40.23,36.894,36.751,9.742,0.0,0.0
488,2.0,10.0,1.0,4.0,6.0,0.0,1386.363,4341.25,17.139,36.677,36.621,9.776,0.0,0.0
489,2.0,10.0,1.0,5.0,7.0,0.0,1294.998,4424.2,-42.694,36.512,36.439,9.651,0.0,0.0
491,3.0,10.0,1.0,0.0,0.0,0.0,2072.368,4110.124,29.018,36.668,36.401,9.666,0.0,0.0
492,3.0,10.0,1.0,1.0,2.0,0.0,2286.063,4181.986,127.282,37.093,36.951,9.795,0.0,0.0
495,3.0,10.0,1.0,4.0,4.0,0.0,2147.678,4310.23,84.981,36.046,35.926,9.599,0.0,0.0
496,3.0,10.0,1.0,5.0,5.0,0.0,2065.482,4458.547,13.757,37.543,37.176,9.806,0.0,0.0
497,4.0,10.0,1.0,0.0,0.0,0.0,2645.144,4140.987,64.538,37.285,36.845,9.972,0.0,0.0
498,4.0,10.0,1.0,1.0,1.0,0.0,2789.756,4149.608,66.234,37.082,36.966,9.796,0.0,0.0
499,4.0,10.0,1.0,2.0,2.0,0.0,2554.965,4266.318,95.714,37.111,37.06,9.734,0.0,0.0
500,4.0,10.0,1.0,3.0,3.0,0.0,2437.73,4413.177,93.808,36.318,36.188,9.67,0.0,0.0
501,4.0,10.0,1.0,4.0,4.0,0.0,2556.25,4470.12,38.582,31.623,31.36,9.012,0.0,0.0
502,5.0,10.0,1.0,0.0,0.0,0.0,3330.441,4201.356,119.473,36.396,36.337,9.701,0.0,0.0
504,5.0,10.0,1.0,2.0,3.0,0.0,3381.715,4241.75,12.481,36.305,36.265,9.679,0.0,0.0
505,5.0,10.0,1.0,3.0,5.0,0.0,3322.963,4413.157,48.889,36.65,36.531,9.681,0.0,0.0
506,6.0,10.0,1.0,0.0,1.0,0.0,3612.371,4249.587,-5.312,37.066,36.842,9.7,0.0,0.0
507,6.0,10.0,1.0,1.0,2.0,0.0,3653.016,4272.963,30.32,36.361,36.33,9.616,0.0,0.0
508,6.0,10.0,1.0,2.0,3.0,0.0,3604.634,4385.265,119.87,36.566,36.378,9.65,0.0,0.0
509,6.0,10.0,1.0,3.0,4.0,0.0,3738.662,4483.583,14.726,37.354,37.128,9.775,0.0,0.0
510,7.0,10.0,1.0,0.0,1.0,0.0,4325.602,4169.335,15.251,36.477,35.926,9.657,0.0,0.0
511,7.0,10.0,1.0,1.0,2.0,0.0,4396.096,4191.073,-44.844,36.687,36.543,9.688,0.0,0.0
512,7.0,10.0,1.0,2.0,3.0,0.0,4521.894,4326.048,57.201,37.255,37.204,9.772,0.0,0.0
513,7.0,10.0,1.0,3.0,4.0,0.0,4241.24,4360.618,-28.057,37.033,36.968,9.79,0.0,0.0
514,7.0,10.0,1.0,4.0,5.0,0.0,4619.725,4362.877,92.631,39.443,27.817,8.888,0.0,0.0
515,7.0,10.0,1.0,5.0,6.0,0.0,4110.391,4373.732,17.532,37.23,37.135,9.759,0.0,0.0
516,8.0,10.0,1.0,0.0,1.0,0.0,4896.024,4168.169,23.328,36.295,36.184,9.667,0.0,0.0
517,8.0,10.0,1.0,1.0,4.0,0.0,4918.587,4243.627,-3.354,36.398,36.323,9.699,0.0,0.0
518,8.0,10.0,1.0,2.0,5.0,0.0,5153.419,4312.628,33.412,37.043,36.996,9.795,0.0,0.0
519,8.0,10.0,1.0,3.0,6.0,0.0,4659.114,4328.486,25.549,37.591,37.338,9.834,0.0,0.0
520,8.0,10.0,1.0,4.0,8.0,0.0,4922.075,4401.306,14.918,36.691,36.67,9.705,0.0,0.0
521,8.0,10.0,1.0,5.0,9.0,0.0,5134.754,4409.832,52.505,37.166,37.123,9.75,0.0,0.0
522,9.0,10.0,1.0,0.0,1.0,0.0,5642.292,4161.539,100.643,36.83,36.788,9.739,0.0,0.0
523,9.0,10.0,1.0,1.0,2.0,0.0,5540.099,4215.239,55.995,36.763,36.668,9.714,0.0,0.0
525,9.0,10.0,1.0,3.0,4.0,0.0,5406.082,4250.875,125.27,36.534,36.414,9.729,0.0,0.0
527,0.0,11.0,1.0,0.0,1.0,0.0,84.635,4792.497,134.277,37.127,37.077,9.738,0.0,0.0
528,0.0,11.0,1.0,1.0,2.0,0.0,406.224,4797.959,19.649,36.638,36.529,9.679,0.0,0.0
529,0.0,11.0,1.0,2.0,3.0,0.0,27.698,4902.65,5.403,38.021,36.15,9.659,0.0,0.0
530,1.0,11.0,1.0,0.0,0.0,0.0,1125.036,4553.573,-44.581,36.736,36.648,9.708,0.0,0.0
531,1.0,11.0,1.0,1.0,1.0,0.0,705.359,4618.893,34.66,36.208,36.122,9.647,0.0,0.0
532,1.0,11.0,1.0,2.0,2.0,0.0,1025.728,4676.267,42.301,36.646,36.616,9.692,0.0,0.0
533,1.0,11.0,1.0,3.0,3.0,0.0,908.482,4775.329,33.445,35.699,35.618,9.591,0.0,0.0
534,2.0,11.0,1.0,0.0,1.0,0.0,1659.516,4637.371,-19.164,36.24,35.969,9.631,0.0,0.0
535,2.0,11.0,1.0,1.0,2.0,0.0,1282.669,4739.585,27.539,36.727,36.62,9.703,0.0,0.0
536,2.0,11.0,1.0,2.0,3.0,0.0,1646.256,4779.605,43.944,36.098,35.976,9.613,0.0,0.0
537,2.0,11.0,1.0,3.0,4.0,0.0,1516.535,4851.016,-44.824,36.481,36.467,9.65,0.0,0.0
538,2.0,11.0,1.0,4.0,5.0,0.0,1176.568,4906.344,-0.488,39.172,30.531,9.182,0.0,0.0
539,2.0,11.0,1.0,5.0,6.0,0.0,1291.785,4908.044,-2.466,41.378,26.973,8.916,0.0,0.0
540,2.0,11.0,1.0,6.0,7.0,0.0,1537.324,4908.54,-4.016,38.738,26.372,8.778,0.0,0.0
541,3.0,11.0,1.0,0.0,0.0,0.0,1982.845,4509.829,13.671,35.718,35.607,9.592,0.0,0.0
542,3.0,11.0,1.0,1.0,1.0,0.0,2242.816,4814.506,72.214,36.82,36.544,9.705,0.0,0.0
543,3.0,11.0,1.0,2.0,2.0,0.0,2092.828,4859.684,70.77,36.585,36.535,9.673,0.0,0.0
544,4.0,11.0,1.0,0.0,0.0,0.0,2605.401,4520.511,31.265,36.398,36.325,9.621,0.0,0.0
546,4.0,11.0,1.0,2.0,2.0,0.0,2571.782,4613.312,12.005,36.801,36.71,9.725,0.0,0.0
547,4.0,11.0,1.0,3.0,3.0,0.0,2454.953,4635.601,44.605,36.224,35.857,9.693,0.0,0.0
548,4.0,11.0,1.0,4.0,4.0,0.0,2642.193,4761.453,-5.183,36.583,36.529,9.672,0.0,0.0
549,4.0,11.0,1.0,5.0,6.0,0.0,2607.091,4786.792,116.01,37.023,36.943,9.785,0.0,0.0
550,4.0,11.0,1.0,6.0,7.0,0.0,2405.618,4891.486,-27.444,36.614,36.264,9.72,0.0,0.0
551,5.0,11.0,1.0,0.0,0.0,0.0,3271.682,4520.659,80.243,36.864,36.844,9.751,0.0,0.0
552,5.0,11.0,1.0,1.0,1.0,0.0,3038.107,4533.679,65.127,36.814,36.721,9.728,0.0,0.0
553,5.0,11.0,1.0,2.0,2.0,0.0,3003.118,4558.384,75.383,36.869,36.679,9.73,0.0,0.0
554,5.0,11.0,1.0,3.0,3.0,0.0,2939.95,4572.488,-2.296,37.125,36.93,9.719,0.0,0.0
555,5.0,11.0,1.0,4.0,4.0,0.0,3419.166,4652.053,54.505,36.15,36.0,9.623,0.0,0.0
556,5.0,11.0,1.0,5.0,5.0,0.0,3082.944,4674.502,71.845,36.374,36.308,9.694,0.0,0.0
557,5.0,11.0,1.0,6.0,6.0,0.0,3146.855,4796.657,125.503,37.342,37.276,9.793,0.0,0.0
558,6.0,11.0,1.0,0.0,1.0,0.0,3909.26,4513.829,125.075,36.316,36.265,9.68,0.0,0.0
559,6.0,11.0,1.0,1.0,3.0,0.0,3984.323,4685.76,-6.1,35.954,35.845,9.656,0.0,0.0
560,6.0,11.0,1.0,2.0,4.0,0.0,3854.723,4746.664,98.375,35.461,35.336,9.601,0.0,0.0
561,6.0,11.0,1.0,3.0,5.0,0.0,3664.39,4767.055,6.003,36.759,36.547,9.698,0.0,0.0
562,6.0,11.0,1.0,4.0,6.0,0.0,3618.355,4812.321,42.0,37.431,37.254,9.802,0.0,0.0
563,6.0,11.0,1.0,5.0,7.0,0.0,3949.463,4855.25,75.456,36.347,36.215,9.678,0.0,0.0
564,7.0,11.0,1.0,0.0,0.0,0.0,4405.607,4535.018,111.787,36.853,36.756,9.738,0.0,0.0
565,7.0,11.0,1.0,1.0,1.0,0.0,4058.436,4599.64,52.229,36.937,36.722,9.744,0.0,0.0
566,7.0,11.0,1.0,2.0,2.0,0.0,4616.036,4634.885,92.174,37.975,34.485,9.503,0.0,0.0
567,7.0,11.0,1.0,3.0,3.0,0.0,4459.76,4701.925,122.161,36.329,36.276,9.605,0.0,0.0
568,7.0,11.0,1.0,4.0,4.0,0.0,4149.834,4792.819,22.569,37.233,37.139,9.76,0.0,0.0
569,7.0,11.0,1.0,5.0,5.0,0.0,4391.441,4801.691,19.127,36.682,36.567,9.69,0.0,0.0
571,8.0,11.0,1.0,0.0,0.0,0.0,4683.124,4613.778,84.058,36.871,36.687,9.731,0.0,0.0
572,8.0,11.0,1.0,1.0,1.0,0.0,4802.511,4619.109,2.832,37.241,37.156,9.764,0.0,0.0
573,8.0,11.0,1.0,2.0,3.0,0.0,4753.623,4709.678,33.173,36.815,36.71,9.727,0.0,0.0
574,9.0,11.0,1.0,0.0,1.0,0.0,5494.88,4592.626,8.944,36.889,36.493,9.708,0.0,0.0
575,9.0,11.0,1.0,1.0,2.0,0.0,5370.8,4615.238,107.068,37.213,36.942,9.81,0.0,0.0
576,9.0,11.0,1.0,2.0,3.0,0.0,5267.653,4626.675,29.293,36.797,36.753,9.73,0.0,0.0
578,0.0,12.0,1.0,1.0,3.0,0.0,313.356,5041.012,-4.948,36.556,36.474,9.661,0.0,0.0
579,0.0,12.0,1.0,2.0,4.0,0.0,275.541,5072.335,-30.07,36.607,36.495,9.75,0.0,0.0
580,0.0,12.0,1.0,3.0,5.0,0.0,501.195,5078.111,101.21,36.008,35.976,9.601,0.0,0.0
581,0.0,12.0,1.0,4.0,6.0,0.0,568.786,5081.903,112.14,37.082,36.992,9.799,0.0,0.0
582,0.0,12.0,1.0,5.0,7.0,0.0,431.885,5096.557,104.447,35.942,35.857,9.655,0.0,0.0
584,0.0,12.0,1.0,7.0,10.0,0.0,211.393,5164.096,80.959,37.857,37.665,9.833,0.0,0.0
585,1.0,12.0,1.0,0.0,3.0,0.0,962.447,5068.89,95.784,35.516,35.447,9.543,0.0,0.0
586,1.0,12.0,1.0,1.0,5.0,0.0,724.304,5151.828,32.245,36.35,36.233,9.68,0.0,0.0
588,1.0,12.0,1.0,3.0,8.0,0.0,1045.756,5243.214,53.321,37.251,37.067,9.753,0.0,0.0
590,2.0,12.0,1.0,0.0,3.0,0.0,1377.187,4986.505,79.81,36.054,35.934,9.681,0.0,0.0
591,2.0,12.0,1.0,1.0,4.0,0.0,1402.633,5175.384,6.035,36.658,36.484,9.755,0.0,0.0
592,2.0,12.0,1.0,2.0,5.0,0.0,1495.906,5242.914,68.907,36.696,36.558,9.691,0.0,0.0
594,3.0,12.0,1.0,1.0,4.0,0.0,1822.046,5093.972,85.589,37.521,37.374,9.829,0.0,0.0
595,3.0,12.0,1.0,2.0,5.0,0.0,1977.946,5254.935,-44.831,36.097,35.88,9.599,0.0,0.0
596,3.0,12.0,1.0,3.0,6.0,0.0,1797.982,5269.195,-28.229,36.876,36.821,9.749,0.0,0.0
597,4.0,12.0,1.0,0.0,1.0,0.0,2872.213,4939.731,-39.018,37.025,36.807,9.767,0.0,0.0
599,4.0,12.0,1.0,2.0,3.0,0.0,2336.394,4955.248,92.692,36.606,36.551,9.678,0.0,0.0
600,4.0,12.0,1.0,3.0,4.0,0.0,2703.682,4990.871,66.619,36.28,36.109,9.654,0.0,0.0
601,4.0,12.0,1.0,4.0,5.0,0.0,2782.569,4997.167,-34.157,36.797,36.2,9.658,0.0,0.0
602,4.0,12.0,1.0,5.0,6.0,0.0,2451.419,5047.51,35.952,36.986,36.767,9.679,0.0,0.0
603,4.0,12.0,1.0,6.0,9.0,0.0,2521.646,5142.368,53.913,36.346,36.266,9.684,0.0,0.0
604,4.0,12.0,1.0,7.0,10.0,0.0,2426.769,5198.479,93.781,38.507,38.414,9.938,0.0,0.0
605,4.0,12.0,1.0,8.0,11.0,0.0,2664.766,5265.84,-0.264,36.535,36.454,9.735,0.0,0.0
606,4.0,12.0,1.0,9.0,12.0,0.0,2535.493,5314.861,-2.394,39.122,29.214,9.905,0.0,0.0
608,5.0,12.0,1.0,0.0,2.0,0.0,3246.781,4976.9,83.261,35.955,35.798,9.57,0.0,0.0
609,5.0,12.0,1.0,1.0,3.0,0.0,2952.835,5012.812,98.736,36.725,36.592,9.699,0.0,0.0
611,5.0,12.0,1.0,3.0,5.0,0.0,3296.811,5282.164,46.682,36.963,36.763,9.753,0.0,0.0
612,6.0,12.0,1.0,0.0,0.0,0.0,3586.325,4984.869,85.851,36.9,36.714,9.738,0.0,0.0
614,6.0,12.0,1.0,2.0,2.0,0.0,3799.966,5249.111,100.268,36.831,36.699,9.727,0.0,0.0
615,7.0,12.0,1.0,0.0,0.0,0.0,4535.881,4916.882,42.903,36.423,36.294,9.698,0.0,0.0
617,7.0,12.0,1.0,2.0,3.0,0.0,4512.849,4962.402,108.301,36.757,36.626,9.708,0.0,0.0
618,7.0,12.0,1.0,3.0,5.0,0.0,4455.899,4991.029,-27.111,37.261,37.045,9.752,0.0,0.0
619,7.0,12.0,1.0,4.0,6.0,0.0,4336.657,5014.76,-16.084,36.533,36.418,9.73,0.0,0.0
621,7.0,12.0,1.0,6.0,8.0,0.0,4082.61,5113.327,39.418,36.406,36.222,9.687,0.0,0.0
623,7.0,12.0,1.0,8.0,10.0,0.0,4377.464,5233.125,25.636,36.286,36.183,9.665,0.0,0.0
625,7.0,12.0,1.0,10.0,12.0,0.0,4087.685,5313.413,-1.505,38.534,32.212,9.342,0.0,0.0
626,8.0,12.0,1.0,0.0,0.0,0.0,4961.422,4926.946,78.136,36.837,36.726,9.732,0.0,0.0
627,8.0,12.0,1.0,1.0,1.0,0.0,4698.604,5047.439,-4.748,36.274,36.122,9.656,0.0,0.0
628,8.0,12.0,1.0,2.0,2.0,0.0,4758.31,5280.298,64.454,36.784,36.676,9.718,0.0,0.0
629,8.0,12.0,1.0,3.0,3.0,0.0,4946.618,5282.49,28.732,37.486,37.34,9.82,0.0,0.0
630,0.0,0.0,1.0,0.0,0.0,0.0,65.458,106.132,126.425,36.652,36.52,31.119,4.0,
634,0.0,0.0,1.0,0.0,0.0,0.0,397.27,22.988,-13.843,37.525,36.378,31.388,4.0,
635,0.0,0.0,1.0,0.0,0.0,0.0,91.776,255.01,-36.847,41.758,41.589,35.446,4.0,
636,0.0,0.0,1.0,0.0,0.0,0.0,301.303,407.929,-12.176,38.162,35.905,31.641,4.0,
637,0.0,0.0,1.0,0.0,0.0,0.0,297.592,391.157,64.25,37.857,36.62,31.563,4.0,
639,0.0,2.0,1.0,0.0,0.0,0.0,323.991,994.942,122.464,37.091,36.637,31.382,4.0,
640,0.0,2.0,1.0,0.0,0.0,0.0,304.76,976.125,76.882,36.807,36.153,31.0,4.0,
641,0.0,4.0,1.0,0.0,0.0,0.0,571.392,2055.453,79.619,40.415,37.193,32.521,4.0,
642,0.0,10.0,1.0,0.0,0.0,0.0,445.593,4413.198,20.376,37.459,37.167,31.732,4.0,
643,0.0,10.0,1.0,0.0,0.0,0.0,451.446,4380.368,2.622,37.557,37.289,31.854,4.0,
646,0.0,12.0,1.0,0.0,0.0,0.0,38.564,5140.389,-1.116,38.586,37.794,30.069,4.0,
647,0.0,12.0,1.0,0.0,0.0,0.0,53.346,5173.155,82.118,37.295,36.717,29.13,4.0,
648,0.0,12.0,1.0,0.0,0.0,0.0,362.343,5282.347,-11.545,37.638,37.425,31.911,4.0,
650,1.0,2.0,1.0,0.0,0.0,0.0,610.622,1041.817,55.614,40.528,40.349,34.399,4.0,
652,1.0,5.0,1.0,0.0,0.0,0.0,860.495,2379.163,43.446,37.975,37.008,29.528,4.0,
654,1.0,6.0,1.0,0.0,0.0,0.0,717.374,2484.293,30.196,38.354,37.972,30.058,4.0,
655,1.0,6.0,1.0,0.0,0.0,0.0,747.89,2496.971,22.108,36.916,35.834,30.944,4.0,
657,1.0,7.0,1.0,0.0,0.0,0.0,647.946,2878.011,-22.316,37.311,36.656,31.389,4.0,
659,1.0,8.0,1.0,0.0,0.0,0.0,1157.934,3677.429,10.6,37.846,36.749,29.365,4.0,
660,1.0,8.0,1.0,0.0,0.0,0.0,1131.111,3660.112,56.296,36.764,36.674,27.046,4.0,
662,1.0,12.0,1.0,0.0,0.0,0.0,989.736,5182.863,60.874,37.594,35.957,31.474,4.0,
663,1.0,12.0,1.0,0.0,0.0,0.0,971.726,5190.909,-22.52,37.198,35.341,30.609,4.0,
665,2.0,3.0,1.0,0.0,0.0,0.0,1509.822,1546.662,-24.225,36.881,36.743,28.986,4.0,
666,2.0,3.0,1.0,0.0,0.0,0.0,1473.927,1542.018,-9.416,37.314,36.38,31.367,4.0,
667,2.0,3.0,1.0,0.0,0.0,0.0,1466.448,1573.44,-19.199,38.332,37.886,32.417,4.0,
670,2.0,5.0,1.0,0.0,0.0,0.0,1593.366,2161.329,24.596,38.526,37.359,29.801,4.0,
669,2.0,5.0,1.0,0.0,0.0,0.0,1614.168,2164.13,50.64,37.525,36.968,29.331,4.0,
673,2.0,6.0,1.0,0.0,0.0,0.0,1594.065,2637.797,82.566,37.134,36.318,28.985,4.0,
674,2.0,6.0,1.0,0.0,0.0,0.0,1583.395,2642.418,130.356,37.78,37.14,31.826,4.0,
675,2.0,6.0,1.0,0.0,0.0,0.0,1672.678,2525.723,-7.799,38.46,37.581,28.033,4.0,
676,2.0,6.0,1.0,0.0,0.0,0.0,1707.763,2535.945,53.531,37.39,36.731,29.194,4.0,
678,2.0,9.0,1.0,0.0,0.0,0.0,1656.31,4099.26,90.826,39.918,38.071,32.891,4.0,
679,2.0,9.0,1.0,0.0,0.0,0.0,1379.63,4077.26,-7.622,37.295,36.549,27.211,4.0,
680,2.0,10.0,1.0,0.0,0.0,0.0,1741.102,4131.406,16.622,38.279,37.56,29.8,4.0,
682,3.0,1.0,1.0,0.0,0.0,0.0,2183.651,600.405,79.926,37.171,36.309,28.989,4.0,
683,3.0,1.0,1.0,0.0,0.0,0.0,2175.089,603.864,76.247,37.657,34.048,28.539,4.0,
685,3.0,2.0,1.0,0.0,0.0,0.0,1784.573,858.946,83.471,39.281,37.58,30.136,4.0,
686,3.0,2.0,1.0,0.0,0.0,0.0,1791.151,883.236,56.709,37.306,35.848,31.036,4.0,
688,3.0,5.0,1.0,0.0,0.0,0.0,2323.017,2216.623,8.641,40.28,37.47,32.761,4.0,
689,3.0,5.0,1.0,0.0,0.0,0.0,1875.887,2069.804,-42.715,37.072,36.456,31.267,4.0,
690,3.0,5.0,1.0,0.0,0.0,0.0,1880.841,2085.359,-24.365,37.201,36.727,31.488,4.0,
693,3.0,6.0,1.0,0.0,0.0,0.0,2006.052,2786.614,-24.76,37.646,37.181,31.83,4.0,
694,3.0,6.0,1.0,0.0,0.0,0.0,1994.7,2759.922,60.35,37.259,36.399,31.314,4.0,
695,3.0,6.0,1.0,0.0,0.0,0.0,2175.115,2855.29,71.738,37.979,37.262,29.638,4.0,
696,3.0,6.0,1.0,0.0,0.0,0.0,2185.236,2831.262,36.077,36.861,36.599,31.267,4.0,
698,4.0,1.0,1.0,0.0,0.0,0.0,2511.953,645.773,73.681,16.872,15.855,13.958,4.0,
699,4.0,3.0,1.0,0.0,0.0,0.0,2897.408,1387.862,-18.77,37.865,36.437,29.171,4.0,
701,4.0,11.0,1.0,0.0,0.0,0.0,2376.51,4777.52,53.285,38.187,36.782,31.876,4.0,
702,4.0,11.0,1.0,0.0,0.0,0.0,2405.69,4762.857,93.89,37.971,37.169,29.677,4.0,
704,5.0,2.0,1.0,0.0,0.0,0.0,3148.355,1069.191,28.16,36.972,35.932,30.979,4.0,
705,5.0,2.0,1.0,0.0,0.0,0.0,3124.255,1066.061,15.844,37.558,36.962,31.664,4.0,
707,5.0,10.0,1.0,0.0,0.0,0.0,3219.356,4306.749,-44.131,37.817,37.34,27.679,4.0,
709,6.0,0.0,1.0,0.0,0.0,0.0,3616.215,365.624,66.004,38.564,36.667,29.601,4.0,
710,6.0,0.0,1.0,0.0,0.0,0.0,3631.146,394.598,76.786,38.615,36.626,29.438,4.0,
712,6.0,1.0,1.0,0.0,0.0,0.0,3670.271,623.388,25.351,38.269,37.397,29.891,4.0,
713,6.0,1.0,1.0,0.0,0.0,0.0,3684.374,607.321,21.56,38.154,37.302,29.795,4.0,
714,6.0,4.0,1.0,0.0,0.0,0.0,4049.103,2009.448,2.536,38.902,36.777,29.632,4.0,
716,6.0,5.0,1.0,0.0,0.0,0.0,3600.417,2192.432,56.803,39.097,37.896,30.305,4.0,
718,6.0,5.0,1.0,0.0,0.0,0.0,3553.802,2317.163,-43.892,37.531,36.904,31.635,4.0,
719,6.0,5.0,1.0,0.0,0.0,0.0,3567.093,2296.16,21.07,37.275,35.758,31.175,4.0,
722,6.0,8.0,1.0,0.0,0.0,0.0,3706.81,3311.776,82.157,37.478,36.58,31.512,4.0,
723,6.0,8.0,1.0,0.0,0.0,0.0,3682.341,3287.477,8.925,37.961,36.877,29.481,4.0,
724,6.0,8.0,1.0,0.0,0.0,0.0,3543.959,3614.028,18.482,46.676,46.322,39.572,4.0,
725,7.0,0.0,1.0,0.0,0.0,0.0,4341.017,90.911,104.072,38.554,36.045,31.486,4.0,
726,7.0,0.0,1.0,0.0,0.0,0.0,4340.961,86.216,2.044,36.907,33.805,30.445,4.0,
728,7.0,1.0,1.0,0.0,0.0,0.0,4465.142,528.824,-17.414,37.796,37.047,29.455,4.0,
730,8.0,4.0,1.0,0.0,0.0,0.0,5165.109,1697.465,29.702,38.387,37.934,30.055,4.0,
731,8.0,4.0,1.0,0.0,0.0,0.0,5133.952,1677.976,33.652,37.55,37.049,25.899,4.0,
733,8.0,5.0,1.0,0.0,0.0,0.0,5006.911,2161.901,31.035,37.942,36.523,29.414,4.0,
734,8.0,5.0,1.0,0.0,0.0,0.0,4995.426,2183.275,90.599,38.148,36.283,31.531,4.0,
735,8.0,8.0,1.0,0.0,0.0,0.0,4905.518,3605.703,41.548,37.809,36.823,31.741,4.0,
736,8.0,8.0,1.0,0.0,0.0,0.0,4878.539,3598.922,-17.957,37.58,37.4,31.854,4.0,
738,9.0,2.0,1.0,0.0,0.0,0.0,5676.673,1114.075,118.422,37.111,36.068,26.945,4.0,
739,9.0,2.0,1.0,0.0,0.0,0.0,5644.986,1120.145,121.715,38.96,37.634,32.537,4.0,
740,9.0,2.0,1.0,0.0,0.0,0.0,5691.386,1079.998,74.458,38.589,37.251,32.25,4.0,
</ResultDatas>,,,,,,,,,,,,,,
<ElementResult>,,,,,,,,,,,,,,
0,0.0,,,,,,,,,,,,,
1,0.0,,,,,,,,,,,,,
2,0.0,,,,,,,,,,,,,
3,1.0,,,,,,,,,,,,,
4,2.0,,,,,,,,,,,,,
5,627.0,,,,,,,,,,,,,
</ElementResult>,,,,,,,,,,,,,,
0,0.0,0.0,1.0,0.0,0.0,0.0,438.092,38.599,-32.164,37.58,37.505,9.854,0.0,0.0
1,0.0,0.0,1.0,1.0,1.0,0.0,137.788,65.142,66.07,37.101,37.014,9.805,0.0,0.0
2,0.0,0.0,1.0,2.0,2.0,0.0,378.634,155.814,33.766,37.012,36.923,9.781,0.0,0.0
3,0.0,0.0,1.0,3.0,3.0,0.0,387.794,376.838,33.437,36.862,36.754,9.739,0.0,0.0
4,1.0,0.0,1.0,0.0,3.0,0.0,687.499,66.654,46.591,36.751,36.538,9.696,0.0,0.0
5,1.0,0.0,1.0,1.0,4.0,0.0,1141.554,287.723,120.016,36.535,36.499,9.741,0.0,0.0
6,1.0,0.0,1.0,2.0,5.0,0.0,1096.618,355.174,4.888,37.454,37.386,9.822,0.0,0.0
7,2.0,0.0,1.0,0.0,0.0,0.0,1695.129,41.322,90.192,37.586,37.517,9.856,0.0,0.0
9,2.0,0.0,1.0,2.0,2.0,0.0,1616.569,160.053,13.937,36.013,35.947,9.598,0.0,0.0
11,2.0,0.0,1.0,4.0,6.0,0.0,1362.777,382.328,85.72,36.585,36.495,9.668,0.0,0.0
12,2.0,0.0,1.0,5.0,7.0,0.0,1563.897,404.213,51.508,37.259,37.086,9.835,0.0,0.0
13,3.0,0.0,1.0,0.0,0.0,0.0,1946.359,51.251,56.583,36.533,36.392,9.647,0.0,0.0
14,3.0,0.0,1.0,1.0,1.0,0.0,1901.565,108.678,-19.238,36.592,36.492,9.668,0.0,0.0
16,3.0,0.0,1.0,3.0,4.0,0.0,2154.904,403.321,64.378,37.432,37.162,9.789,0.0,0.0
17,3.0,0.0,1.0,4.0,5.0,0.0,1791.762,416.39,-1.147,37.704,33.8,9.451,0.0,0.0
18,4.0,0.0,1.0,0.0,1.0,0.0,2608.675,58.81,83.469,36.47,36.354,9.713,0.0,0.0
19,4.0,0.0,1.0,1.0,2.0,0.0,2806.179,151.885,71.268,36.15,35.989,9.621,0.0,0.0
20,5.0,0.0,1.0,0.0,0.0,0.0,3399.17,214.112,-6.288,36.95,36.906,9.771,0.0,0.0
21,5.0,0.0,1.0,1.0,2.0,0.0,3206.985,333.68,50.042,37.286,37.202,9.776,0.0,0.0
22,6.0,0.0,1.0,0.0,0.0,0.0,3897.586,128.355,84.313,35.654,35.575,9.579,0.0,0.0
23,6.0,0.0,1.0,1.0,1.0,0.0,3594.443,137.202,71.906,37.541,37.478,9.845,0.0,0.0
24,6.0,0.0,1.0,2.0,2.0,0.0,3497.335,219.569,-9.016,37.075,37.004,9.8,0.0,0.0
25,6.0,0.0,1.0,3.0,3.0,0.0,3673.569,240.607,-35.901,36.842,36.776,9.739,0.0,0.0
26,6.0,0.0,1.0,4.0,4.0,0.0,3870.86,321.406,-43.32,37.424,37.279,9.804,0.0,0.0
27,6.0,0.0,1.0,5.0,5.0,0.0,3491.483,326.603,-38.607,37.395,37.304,9.803,0.0,0.0
28,6.0,0.0,1.0,6.0,6.0,0.0,3557.262,408.335,-15.085,36.979,36.835,9.765,0.0,0.0
29,7.0,0.0,1.0,0.0,1.0,0.0,4100.375,122.824,39.256,36.545,36.445,9.656,0.0,0.0
30,7.0,0.0,1.0,1.0,2.0,0.0,4540.984,129.274,112.054,36.893,36.811,9.75,0.0,0.0
31,7.0,0.0,1.0,2.0,3.0,0.0,4440.194,149.405,52.429,37.439,37.351,9.815,0.0,0.0
32,7.0,0.0,1.0,3.0,4.0,0.0,4242.665,191.591,-29.884,37.403,37.278,9.801,0.0,0.0
33,7.0,0.0,1.0,4.0,5.0,0.0,4334.032,200.605,73.117,36.319,36.141,9.664,0.0,0.0
34,7.0,0.0,1.0,5.0,6.0,0.0,4148.506,268.542,25.977,37.491,37.282,9.813,0.0,0.0
35,7.0,0.0,1.0,6.0,7.0,0.0,4096.642,274.433,14.138,36.601,36.445,9.743,0.0,0.0
36,7.0,0.0,1.0,7.0,8.0,0.0,4210.072,296.712,-3.178,36.916,36.469,9.788,0.0,0.0
37,8.0,0.0,1.0,0.0,0.0,0.0,4655.41,42.967,35.967,37.651,37.423,9.775,0.0,0.0
38,8.0,0.0,1.0,1.0,2.0,0.0,4894.026,126.843,118.193,35.966,35.78,9.569,0.0,0.0
39,8.0,0.0,1.0,2.0,3.0,0.0,4751.94,297.956,2.645,37.535,37.48,9.845,0.0,0.0
40,8.0,0.0,1.0,3.0,6.0,0.0,4736.681,405.097,-9.14,37.352,37.241,9.79,0.0,0.0
41,9.0,0.0,1.0,0.0,0.0,0.0,5606.897,121.233,84.942,37.457,37.378,9.821,0.0,0.0
42,9.0,0.0,1.0,1.0,2.0,0.0,5539.197,265.125,23.553,36.111,35.94,9.61,0.0,0.0
43,9.0,0.0,1.0,2.0,4.0,0.0,5625.928,302.366,114.975,37.525,37.401,9.833,0.0,0.0
45,9.0,0.0,1.0,4.0,6.0,0.0,5530.512,388.434,64.51,37.331,37.179,9.779,0.0,0.0
46,0.0,1.0,1.0,0.0,0.0,0.0,230.45,464.143,26.653,37.638,37.526,9.787,0.0,0.0
47,0.0,1.0,1.0,1.0,1.0,0.0,47.869,509.925,66.611,35.987,35.905,9.588,0.0,0.0
48,0.0,1.0,1.0,2.0,2.0,0.0,276.039,553.739,84.701,37.052,36.858,9.7,0.0,0.0
49,0.0,1.0,1.0,3.0,4.0,0.0,512.5,638.854,7.88,36.771,36.743,9.725,0.0,0.0
50,0.0,1.0,1.0,4.0,5.0,0.0,363.198,663.877,34.775,35.44,35.233,9.504,0.0,0.0
52,1.0,1.0,1.0,1.0,1.0,0.0,724.241,494.976,63.706,36.898,36.819,9.752,0.0,0.0
53,1.0,1.0,1.0,2.0,3.0,0.0,1084.272,624.75,-8.21,36.765,36.604,9.706,0.0,0.0
54,1.0,1.0,1.0,3.0,4.0,0.0,1043.555,628.652,60.36,36.675,36.603,9.694,0.0,0.0
55,1.0,1.0,1.0,4.0,5.0,0.0,826.495,698.117,120.441,37.293,37.256,9.784,0.0,0.0
56,3.0,1.0,1.0,0.0,2.0,0.0,2157.169,450.18,92.617,36.684,36.644,9.701,0.0,0.0
57,3.0,1.0,1.0,1.0,3.0,0.0,1910.866,561.615,62.088,36.774,36.604,9.707,0.0,0.0
58,3.0,1.0,1.0,2.0,4.0,0.0,1872.618,572.345,16.58,36.088,35.949,9.608,0.0,0.0
59,3.0,1.0,1.0,3.0,5.0,0.0,1818.372,612.877,-28.208,37.113,36.622,9.678,0.0,0.0
60,3.0,1.0,1.0,4.0,6.0,0.0,2162.242,770.91,45.226,36.957,36.909,9.772,0.0,0.0
61,4.0,1.0,1.0,0.0,0.0,0.0,2879.555,443.574,-32.872,36.403,36.332,9.701,0.0,0.0
62,4.0,1.0,1.0,1.0,1.0,0.0,2516.952,475.148,84.863,37.436,37.317,9.81,0.0,0.0
63,4.0,1.0,1.0,2.0,2.0,0.0,2496.529,510.386,-30.349,37.526,37.498,9.846,0.0,0.0
64,4.0,1.0,1.0,3.0,3.0,0.0,2717.89,522.058,54.468,36.968,36.892,9.771,0.0,0.0
65,4.0,1.0,1.0,4.0,5.0,0.0,2607.45,623.171,37.616,36.631,36.558,9.682,0.0,0.0
66,4.0,1.0,1.0,5.0,6.0,0.0,2535.61,789.405,-33.738,37.271,36.839,9.726,0.0,0.0
67,4.0,1.0,1.0,6.0,7.0,0.0,2615.064,811.841,21.7,36.97,36.951,9.779,0.0,0.0
68,5.0,1.0,1.0,0.0,1.0,0.0,3464.689,518.993,92.038,38.377,33.539,9.419,0.0,0.0
69,5.0,1.0,1.0,1.0,2.0,0.0,3160.134,574.127,60.952,36.68,36.532,9.685,0.0,0.0
70,5.0,1.0,1.0,2.0,5.0,0.0,3056.982,644.285,44.741,36.295,36.144,9.661,0.0,0.0
72,5.0,1.0,1.0,4.0,7.0,0.0,3341.132,778.342,50.011,38.114,37.909,9.899,0.0,0.0
73,5.0,1.0,1.0,5.0,8.0,0.0,3465.89,794.725,93.437,38.044,31.566,9.189,0.0,0.0
74,6.0,1.0,1.0,0.0,1.0,0.0,3984.654,449.678,102.545,37.282,37.235,9.779,0.0,0.0
75,6.0,1.0,1.0,1.0,3.0,0.0,3874.896,559.813,106.299,35.974,35.913,9.667,0.0,0.0
76,6.0,1.0,1.0,2.0,4.0,0.0,3482.618,597.652,-0.079,36.018,35.86,9.587,0.0,0.0
78,6.0,1.0,1.0,4.0,6.0,0.0,3825.874,697.301,16.125,36.045,35.96,9.603,0.0,0.0
79,7.0,1.0,1.0,0.0,0.0,0.0,4406.805,451.864,81.37,36.91,36.684,9.736,0.0,0.0
80,7.0,1.0,1.0,1.0,1.0,0.0,4573.892,550.294,98.081,37.584,37.51,9.855,0.0,0.0
81,7.0,1.0,1.0,2.0,2.0,0.0,4320.618,576.173,39.636,36.486,36.351,9.636,0.0,0.0
82,7.0,1.0,1.0,3.0,3.0,0.0,4098.746,640.733,-19.644,36.982,36.933,9.778,0.0,0.0
83,7.0,1.0,1.0,4.0,4.0,0.0,4330.218,812.17,63.852,36.826,36.573,9.71,0.0,0.0
84,7.0,1.0,1.0,5.0,5.0,0.0,4601.758,827.151,-4.087,39.417,29.729,9.143,0.0,0.0
85,8.0,1.0,1.0,0.0,3.0,0.0,4867.548,788.616,35.571,36.965,36.795,9.758,0.0,0.0
86,9.0,1.0,1.0,0.0,0.0,0.0,5742.2,493.273,73.297,36.119,35.999,9.619,0.0,0.0
87,9.0,1.0,1.0,1.0,1.0,0.0,5636.314,555.006,67.294,36.93,36.899,9.767,0.0,0.0
88,9.0,1.0,1.0,2.0,2.0,0.0,5762.72,569.235,-28.063,36.457,36.154,9.684,0.0,0.0
89,9.0,1.0,1.0,3.0,3.0,0.0,5593.141,631.512,114.172,35.583,35.305,9.533,0.0,0.0
91,9.0,1.0,1.0,5.0,5.0,0.0,5271.878,773.504,7.042,37.87,37.698,9.84,0.0,0.0
92,0.0,2.0,1.0,0.0,0.0,0.0,324.324,884.706,74.154,37.628,37.525,9.863,0.0,0.0
93,0.0,2.0,1.0,1.0,1.0,0.0,179.015,947.108,21.862,36.63,36.444,9.667,0.0,0.0
94,0.0,2.0,1.0,2.0,2.0,0.0,475.967,959.415,30.614,35.831,35.772,9.629,0.0,0.0
95,0.0,2.0,1.0,3.0,3.0,0.0,37.907,975.663,18.9,37.044,36.816,9.771,0.0,0.0
96,0.0,2.0,1.0,4.0,4.0,0.0,164.13,1004.121,93.537,36.607,36.44,9.664,0.0,0.0
97,0.0,2.0,1.0,5.0,6.0,0.0,542.001,1215.297,19.364,37.047,36.81,9.771,0.0,0.0
98,0.0,2.0,1.0,6.0,7.0,0.0,326.33,1219.776,-11.6,37.168,36.975,9.73,0.0,0.0
100,1.0,2.0,1.0,0.0,0.0,0.0,898.052,861.431,89.974,37.118,37.061,9.813,0.0,0.0
101,1.0,2.0,1.0,1.0,1.0,0.0,749.991,1015.68,24.776,37.439,37.239,9.801,0.0,0.0
102,1.0,2.0,1.0,2.0,2.0,0.0,996.308,1066.824,124.148,36.527,36.399,9.648,0.0,0.0
103,1.0,2.0,1.0,3.0,3.0,0.0,928.389,1072.839,40.237,36.671,36.413,9.668,0.0,0.0
104,1.0,2.0,1.0,4.0,4.0,0.0,857.14,1126.638,8.814,36.684,36.655,9.702,0.0,0.0
105,1.0,2.0,1.0,5.0,5.0,0.0,1060.529,1165.113,78.103,36.255,36.055,9.644,0.0,0.0
106,2.0,2.0,1.0,0.0,0.0,0.0,1357.152,877.811,81.828,36.799,36.69,9.722,0.0,0.0
107,2.0,2.0,1.0,1.0,1.0,0.0,1415.285,882.09,52.202,37.585,37.525,9.857,0.0,0.0
108,2.0,2.0,1.0,2.0,2.0,0.0,1457.866,914.201,82.139,36.029,35.93,9.597,0.0,0.0
109,2.0,2.0,1.0,3.0,3.0,0.0,1307.006,1064.645,-19.751,37.133,37.038,9.812,0.0,0.0
111,2.0,2.0,1.0,5.0,5.0,0.0,1429.058,1106.714,101.301,36.827,36.672,9.723,0.0,0.0
112,2.0,2.0,1.0,6.0,6.0,0.0,1319.341,1128.606,14.904,37.559,37.424,9.841,0.0,0.0
113,3.0,2.0,1.0,0.0,0.0,0.0,2188.047,872.075,98.776,36.304,36.239,9.675,0.0,0.0
115,3.0,2.0,1.0,2.0,2.0,0.0,1843.944,906.326,111.756,37.239,37.186,9.767,0.0,0.0
116,3.0,2.0,1.0,3.0,3.0,0.0,1791.575,918.316,43.567,36.457,36.246,9.696,0.0,0.0
117,3.0,2.0,1.0,4.0,6.0,0.0,1902.033,1165.733,132.502,37.724,37.69,9.82,0.0,0.0
118,4.0,2.0,1.0,0.0,1.0,0.0,2442.886,1041.097,97.798,36.365,36.297,9.691,0.0,0.0
119,4.0,2.0,1.0,1.0,2.0,0.0,2342.219,1091.277,1.263,37.266,37.062,9.755,0.0,0.0
120,4.0,2.0,1.0,2.0,3.0,0.0,2810.008,1158.075,114.39,36.41,36.38,9.708,0.0,0.0
121,4.0,2.0,1.0,3.0,4.0,0.0,2452.415,1178.581,78.685,37.482,37.343,9.82,0.0,0.0
122,4.0,2.0,1.0,4.0,5.0,0.0,2706.674,1209.383,20.389,36.223,36.099,9.646,0.0,0.0
123,5.0,2.0,1.0,0.0,0.0,0.0,3175.035,900.961,59.622,37.113,36.892,9.712,0.0,0.0
124,5.0,2.0,1.0,1.0,1.0,0.0,3207.482,1068.73,60.176,37.108,37.065,9.734,0.0,0.0
126,5.0,2.0,1.0,3.0,3.0,0.0,2989.967,1157.102,73.929,36.588,36.549,9.675,0.0,0.0
127,5.0,2.0,1.0,4.0,4.0,0.0,3378.981,1195.803,26.494,38.346,38.195,9.966,0.0,0.0
129,6.0,2.0,1.0,0.0,0.0,0.0,3783.735,868.974,51.354,37.211,37.128,9.756,0.0,0.0
130,6.0,2.0,1.0,1.0,1.0,0.0,3650.869,904.374,98.769,36.312,36.216,9.673,0.0,0.0
131,6.0,2.0,1.0,2.0,2.0,0.0,3633.901,1204.415,41.755,36.7,36.639,9.702,0.0,0.0
133,7.0,2.0,1.0,1.0,3.0,0.0,4074.29,993.805,27.695,36.698,36.561,9.692,0.0,0.0
135,7.0,2.0,1.0,3.0,7.0,0.0,4115.573,1145.89,9.74,36.53,36.432,9.652,0.0,0.0
139,8.0,2.0,1.0,3.0,3.0,0.0,5131.461,1050.66,55.47,36.68,36.506,9.924,0.0,0.0
140,8.0,2.0,1.0,4.0,4.0,0.0,4842.401,1072.755,73.492,36.231,36.069,9.643,0.0,0.0
141,8.0,2.0,1.0,5.0,5.0,0.0,4984.565,1099.442,-11.04,35.561,35.333,9.534,0.0,0.0
142,8.0,2.0,1.0,6.0,6.0,0.0,4754.477,1226.308,110.474,37.653,37.495,9.862,0.0,0.0
143,9.0,2.0,1.0,0.0,0.0,0.0,5271.003,958.291,120.501,36.962,36.832,9.762,0.0,0.0
144,9.0,2.0,1.0,1.0,1.0,0.0,5432.194,1200.996,92.609,37.161,37.032,9.737,0.0,0.0
145,9.0,2.0,1.0,2.0,2.0,0.0,5653.21,1219.281,70.046,36.462,36.406,9.719,0.0,0.0
146,0.0,3.0,1.0,0.0,2.0,0.0,64.615,1344.186,9.421,36.649,36.54,9.682,0.0,0.0
147,0.0,3.0,1.0,1.0,3.0,0.0,40.204,1390.771,-14.721,36.454,36.367,9.634,0.0,0.0
148,0.0,3.0,1.0,2.0,4.0,0.0,294.697,1523.432,52.821,36.362,36.23,9.682,0.0,0.0
149,1.0,3.0,1.0,0.0,0.0,0.0,698.036,1278.867,61.705,36.298,35.968,9.638,0.0,0.0
150,1.0,3.0,1.0,1.0,1.0,0.0,730.797,1333.486,31.858,36.433,36.283,9.698,0.0,0.0
151,1.0,3.0,1.0,2.0,2.0,0.0,1137.809,1495.691,-0.474,36.806,36.578,9.708,0.0,0.0
152,1.0,3.0,1.0,3.0,3.0,0.0,976.506,1590.846,10.859,36.224,36.101,9.646,0.0,0.0
153,2.0,3.0,1.0,0.0,0.0,0.0,1701.01,1246.201,92.782,37.495,37.423,9.832,0.0,0.0
154,2.0,3.0,1.0,1.0,1.0,0.0,1229.706,1252.705,-30.039,37.906,37.843,9.863,0.0,0.0
155,2.0,3.0,1.0,2.0,3.0,0.0,1580.624,1295.406,4.933,37.198,37.184,9.762,0.0,0.0
156,2.0,3.0,1.0,3.0,6.0,0.0,1268.833,1432.912,43.711,36.762,36.593,9.704,0.0,0.0
157,2.0,3.0,1.0,4.0,7.0,0.0,1420.162,1467.772,83.909,36.297,36.05,9.649,0.0,0.0
158,2.0,3.0,1.0,5.0,8.0,0.0,1491.084,1484.46,125.032,36.154,35.983,9.621,0.0,0.0
159,2.0,3.0,1.0,6.0,10.0,0.0,1232.433,1525.65,96.392,37.207,37.039,9.744,0.0,0.0
160,2.0,3.0,1.0,7.0,11.0,0.0,1392.803,1528.995,11.932,36.411,36.396,9.632,0.0,0.0
161,3.0,3.0,1.0,0.0,0.0,0.0,1794.102,1376.424,21.384,37.002,36.608,9.661,0.0,0.0
162,3.0,3.0,1.0,1.0,2.0,0.0,1795.004,1441.774,24.308,36.277,36.109,9.654,0.0,0.0
163,4.0,3.0,1.0,0.0,1.0,0.0,2370.069,1282.856,53.155,36.987,36.88,9.772,0.0,0.0
164,4.0,3.0,1.0,1.0,2.0,0.0,2577.826,1509.908,39.78,37.179,37.074,9.745,0.0,0.0
165,4.0,3.0,1.0,2.0,3.0,0.0,2412.188,1522.923,32.684,36.733,36.553,9.695,0.0,0.0
166,4.0,3.0,1.0,3.0,4.0,0.0,2364.722,1594.759,102.651,37.08,36.979,9.797,0.0,0.0
167,4.0,3.0,1.0,4.0,5.0,0.0,2856.247,1627.623,43.009,37.598,37.25,9.823,0.0,0.0
169,5.0,3.0,1.0,0.0,1.0,0.0,3241.624,1243.461,49.263,37.186,37.108,9.829,0.0,0.0
171,5.0,3.0,1.0,2.0,3.0,0.0,3288.874,1455.674,19.148,36.256,36.116,9.653,0.0,0.0
172,5.0,3.0,1.0,3.0,4.0,0.0,3409.272,1500.399,64.793,36.463,36.372,9.714,0.0,0.0
173,5.0,3.0,1.0,4.0,5.0,0.0,3127.964,1530.576,92.666,36.792,36.735,9.727,0.0,0.0
174,6.0,3.0,1.0,0.0,1.0,0.0,3838.341,1438.094,9.902,36.13,36.081,9.631,0.0,0.0
176,7.0,3.0,1.0,0.0,0.0,0.0,4606.323,1324.016,133.887,36.238,36.122,9.651,0.0,0.0
177,7.0,3.0,1.0,1.0,1.0,0.0,4551.712,1438.81,84.121,36.527,36.358,9.721,0.0,0.0
180,8.0,3.0,1.0,1.0,3.0,0.0,5051.41,1426.067,84.011,36.327,36.215,9.675,0.0,0.0
182,8.0,3.0,1.0,3.0,5.0,0.0,5138.305,1498.39,25.938,37.602,37.484,9.854,0.0,0.0
183,8.0,3.0,1.0,4.0,6.0,0.0,5173.578,1594.736,82.658,37.036,36.995,9.794,0.0,0.0
184,9.0,3.0,1.0,0.0,1.0,0.0,5724.517,1385.461,112.69,36.435,36.318,9.703,0.0,0.0
185,9.0,3.0,1.0,1.0,2.0,0.0,5400.787,1416.479,94.938,37.07,36.985,9.719,0.0,0.0
186,9.0,3.0,1.0,2.0,3.0,0.0,5731.256,1552.289,11.899,38.021,37.934,9.89,0.0,0.0
188,0.0,4.0,1.0,0.0,1.0,0.0,468.375,1788.913,-9.855,36.833,36.641,9.72,0.0,0.0
189,0.0,4.0,1.0,1.0,2.0,0.0,281.289,1858.132,-35.857,36.551,36.455,9.737,0.0,0.0
190,0.0,4.0,1.0,2.0,3.0,0.0,71.475,1979.923,-4.115,36.378,36.158,9.674,0.0,0.0
191,0.0,4.0,1.0,3.0,4.0,0.0,150.182,2010.81,-42.326,36.768,36.637,9.711,0.0,0.0
192,0.0,4.0,1.0,4.0,5.0,0.0,361.269,2012.934,75.749,37.44,37.422,9.825,0.0,0.0
194,0.0,4.0,1.0,6.0,7.0,0.0,32.472,2035.522,-0.354,38.061,37.96,9.899,0.0,0.0
195,1.0,4.0,1.0,0.0,0.0,0.0,1133.208,1697.67,-2.557,36.434,36.308,9.702,0.0,0.0
196,1.0,4.0,1.0,1.0,1.0,0.0,601.14,1748.513,-38.798,37.086,36.603,9.67,0.0,0.0
197,1.0,4.0,1.0,2.0,2.0,0.0,942.087,1775.648,67.473,36.511,36.391,9.723,0.0,0.0
198,1.0,4.0,1.0,3.0,3.0,0.0,810.585,1809.341,25.001,35.963,35.879,9.661,0.0,0.0
199,1.0,4.0,1.0,4.0,4.0,0.0,786.443,1885.343,-11.549,36.615,36.465,9.668,0.0,0.0
200,1.0,4.0,1.0,5.0,5.0,0.0,1039.04,2032.567,59.853,38.182,37.89,9.905,0.0,0.0
201,2.0,4.0,1.0,0.0,0.0,0.0,1469.87,1652.927,103.053,37.43,37.344,9.813,0.0,0.0
202,2.0,4.0,1.0,1.0,2.0,0.0,1623.466,1762.705,28.724,38.426,38.395,9.925,0.0,0.0
203,2.0,4.0,1.0,2.0,3.0,0.0,1371.451,1893.486,76.649,36.92,36.788,9.673,0.0,0.0
204,2.0,4.0,1.0,3.0,4.0,0.0,1400.331,2042.888,-41.757,36.365,36.329,9.695,0.0,0.0
205,3.0,4.0,1.0,0.0,0.0,0.0,2043.348,1665.715,100.568,36.906,36.811,9.752,0.0,0.0
207,3.0,4.0,1.0,2.0,3.0,0.0,1751.453,1711.09,59.991,38.117,37.873,9.895,0.0,0.0
208,3.0,4.0,1.0,3.0,4.0,0.0,2063.357,1773.928,115.866,36.358,36.123,9.667,0.0,0.0
210,3.0,4.0,1.0,5.0,6.0,0.0,1890.603,1961.91,-4.867,36.383,36.302,9.694,0.0,0.0
211,3.0,4.0,1.0,6.0,7.0,0.0,2226.329,1974.491,53.155,37.158,37.033,9.815,0.0,0.0
212,4.0,4.0,1.0,0.0,2.0,0.0,2697.378,1666.89,113.63,37.136,37.124,9.746,0.0,0.0
213,4.0,4.0,1.0,1.0,3.0,0.0,2813.007,1793.131,23.064,37.016,36.941,9.784,0.0,0.0
214,4.0,4.0,1.0,2.0,4.0,0.0,2672.08,2027.435,41.877,37.107,36.92,9.793,0.0,0.0
215,5.0,4.0,1.0,0.0,0.0,0.0,3122.826,1746.175,100.092,36.434,36.303,9.701,0.0,0.0
216,5.0,4.0,1.0,1.0,1.0,0.0,3404.904,1800.517,50.916,37.489,37.303,9.815,0.0,0.0
217,5.0,4.0,1.0,2.0,2.0,0.0,3173.541,1839.84,111.924,36.406,36.231,9.687,0.0,0.0
219,6.0,4.0,1.0,0.0,1.0,0.0,3519.683,1691.364,66.082,37.523,37.353,9.827,0.0,0.0
220,6.0,4.0,1.0,1.0,2.0,0.0,3583.116,1718.614,33.973,36.774,36.599,9.707,0.0,0.0
221,6.0,4.0,1.0,2.0,3.0,0.0,3722.713,1729.093,133.887,38.003,37.911,9.885,0.0,0.0
222,6.0,4.0,1.0,3.0,4.0,0.0,3584.465,1798.185,55.454,36.817,36.697,9.725,0.0,0.0
223,6.0,4.0,1.0,4.0,5.0,0.0,3538.707,1802.675,36.63,37.417,37.332,9.81,0.0,0.0
224,6.0,4.0,1.0,5.0,6.0,0.0,3847.259,1949.649,57.726,36.759,36.561,9.7,0.0,0.0
225,6.0,4.0,1.0,6.0,7.0,0.0,3990.723,1977.402,56.446,36.843,36.694,9.728,0.0,0.0
226,6.0,4.0,1.0,7.0,8.0,0.0,3866.71,2046.535,0.296,37.273,36.323,9.658,0.0,0.0
229,7.0,4.0,1.0,2.0,2.0,0.0,4572.68,1680.024,0.209,37.053,36.978,9.794,0.0,0.0
230,7.0,4.0,1.0,3.0,3.0,0.0,4113.075,1709.573,53.402,36.46,36.359,9.712,0.0,0.0
232,7.0,4.0,1.0,5.0,5.0,0.0,4448.285,1751.111,-39.288,36.479,36.417,9.644,0.0,0.0
234,8.0,4.0,1.0,0.0,0.0,0.0,5118.701,1702.271,69.374,37.048,36.995,9.795,0.0,0.0
235,8.0,4.0,1.0,1.0,1.0,0.0,4971.247,1795.744,-35.212,35.783,35.681,9.61,0.0,0.0
236,8.0,4.0,1.0,2.0,2.0,0.0,5104.809,1900.73,86.51,36.816,36.699,9.725,0.0,0.0
237,8.0,4.0,1.0,3.0,3.0,0.0,5157.863,1987.42,-5.094,37.561,37.491,9.85,0.0,0.0
238,8.0,4.0,1.0,4.0,4.0,0.0,4971.743,2004.877,74.745,36.958,36.859,9.765,0.0,0.0
239,8.0,4.0,1.0,5.0,5.0,0.0,4895.656,2015.692,110.525,36.771,36.625,9.71,0.0,0.0
241,9.0,4.0,1.0,1.0,2.0,0.0,5601.243,1949.346,65.56,37.434,37.331,9.812,0.0,0.0
242,9.0,4.0,1.0,2.0,3.0,0.0,5721.444,1959.977,36.151,38.237,38.1,9.94,0.0,0.0
243,9.0,4.0,1.0,3.0,4.0,0.0,5657.861,1983.304,80.54,37.544,37.451,9.842,0.0,0.0
244,9.0,4.0,1.0,4.0,5.0,0.0,5539.557,2006.337,43.24,37.31,37.227,9.782,0.0,0.0
245,9.0,4.0,1.0,5.0,6.0,0.0,5631.477,2016.917,45.698,37.137,37.092,9.82,0.0,0.0
246,9.0,4.0,1.0,6.0,7.0,0.0,5266.115,2037.827,88.16,37.076,37.063,9.73,0.0,0.0
247,0.0,5.0,1.0,0.0,1.0,0.0,366.391,2150.703,68.521,36.6,36.348,9.651,0.0,0.0
248,0.0,5.0,1.0,1.0,2.0,0.0,391.311,2271.263,-44.758,36.155,36.059,9.631,0.0,0.0
249,1.0,5.0,1.0,0.0,2.0,0.0,744.355,2125.697,-0.405,36.255,36.121,9.653,0.0,0.0
250,1.0,5.0,1.0,1.0,3.0,0.0,782.125,2231.58,37.903,37.605,37.444,9.849,0.0,0.0
251,1.0,5.0,1.0,2.0,4.0,0.0,1060.085,2391.061,-0.647,37.853,37.705,9.838,0.0,0.0
252,2.0,5.0,1.0,0.0,1.0,0.0,1177.361,2062.737,35.505,37.08,36.869,9.783,0.0,0.0
253,2.0,5.0,1.0,1.0,2.0,0.0,1525.213,2258.659,-9.036,35.87,34.874,9.436,0.0,0.0
254,2.0,5.0,1.0,2.0,3.0,0.0,1308.717,2268.616,8.165,36.344,36.281,9.686,0.0,0.0
255,2.0,5.0,1.0,3.0,5.0,0.0,1423.468,2331.666,64.374,37.447,37.43,9.827,0.0,0.0
256,2.0,5.0,1.0,4.0,6.0,0.0,1307.628,2347.653,115.526,36.996,36.856,9.77,0.0,0.0
258,3.0,5.0,1.0,0.0,0.0,0.0,1981.113,2070.784,49.033,36.583,36.429,9.738,0.0,0.0
259,3.0,5.0,1.0,1.0,2.0,0.0,2247.83,2172.364,14.846,37.114,36.912,9.793,0.0,0.0
261,3.0,5.0,1.0,3.0,4.0,0.0,2247.482,2380.375,20.114,36.891,36.704,9.736,0.0,0.0
262,3.0,5.0,1.0,4.0,6.0,0.0,1753.095,2424.232,-20.273,37.783,37.723,9.832,0.0,0.0
263,4.0,5.0,1.0,0.0,1.0,0.0,2447.218,2121.359,11.357,37.032,36.888,9.779,0.0,0.0
264,4.0,5.0,1.0,1.0,2.0,0.0,2589.225,2164.682,-19.788,36.17,36.115,9.641,0.0,0.0
265,4.0,5.0,1.0,2.0,3.0,0.0,2648.141,2239.875,46.59,36.213,36.094,9.644,0.0,0.0
266,4.0,5.0,1.0,3.0,4.0,0.0,2670.005,2292.856,105.864,35.934,35.69,9.552,0.0,0.0
267,4.0,5.0,1.0,4.0,6.0,0.0,2686.549,2340.258,70.519,35.734,35.596,9.592,0.0,0.0
268,4.0,5.0,1.0,5.0,7.0,0.0,2428.29,2348.975,43.256,37.607,37.534,9.861,0.0,0.0
269,4.0,5.0,1.0,6.0,8.0,0.0,2561.883,2384.837,55.983,37.295,37.197,9.776,0.0,0.0
270,4.0,5.0,1.0,7.0,10.0,0.0,2480.668,2413.934,75.359,4.309,2.879,2.998,0.0,0.0
271,4.0,5.0,1.0,8.0,10.0,0.0,2501.281,2421.77,23.789,37.829,37.179,9.767,0.0,0.0
272,5.0,5.0,1.0,0.0,0.0,0.0,3369.737,2109.175,-2.873,36.286,36.194,9.667,0.0,0.0
273,5.0,5.0,1.0,1.0,1.0,0.0,3417.74,2188.078,-39.01,37.112,36.926,9.795,0.0,0.0
274,5.0,5.0,1.0,2.0,2.0,0.0,3380.335,2298.108,83.438,37.617,37.512,9.86,0.0,0.0
275,5.0,5.0,1.0,3.0,3.0,0.0,3431.445,2371.078,33.235,37.393,37.133,9.781,0.0,0.0
276,5.0,5.0,1.0,4.0,4.0,0.0,3045.265,2381.102,0.572,36.698,36.543,9.689,0.0,0.0
277,6.0,5.0,1.0,0.0,1.0,0.0,4000.709,2269.652,27.449,37.038,36.926,9.785,0.0,0.0
278,6.0,5.0,1.0,1.0,2.0,0.0,3735.111,2367.554,24.662,37.668,37.581,9.798,0.0,0.0
280,7.0,5.0,1.0,1.0,1.0,0.0,4408.774,2078.768,80.37,36.521,36.282,9.71,0.0,0.0
281,7.0,5.0,1.0,2.0,2.0,0.0,4483.428,2082.184,94.396,36.552,36.511,9.666,0.0,0.0
282,7.0,5.0,1.0,3.0,3.0,0.0,4297.689,2190.319,41.476,36.951,36.855,9.764,0.0,0.0
284,7.0,5.0,1.0,5.0,5.0,0.0,4577.06,2314.361,-9.85,36.875,36.821,9.749,0.0,0.0
285,8.0,5.0,1.0,0.0,0.0,0.0,5025.542,2092.23,59.86,37.184,37.154,9.834,0.0,0.0
286,8.0,5.0,1.0,1.0,1.0,0.0,4653.145,2142.883,40.504,37.084,37.055,9.808,0.0,0.0
287,8.0,5.0,1.0,2.0,2.0,0.0,5116.381,2150.672,69.904,37.273,37.214,9.775,0.0,0.0
288,8.0,5.0,1.0,3.0,3.0,0.0,4692.397,2255.24,86.695,37.211,37.071,9.749,0.0,0.0
289,9.0,5.0,1.0,0.0,1.0,0.0,5240.534,2163.988,86.992,37.064,36.895,9.784,0.0,0.0
290,9.0,5.0,1.0,1.0,4.0,0.0,5529.463,2254.924,132.335,35.892,35.078,9.464,0.0,0.0
291,9.0,5.0,1.0,2.0,5.0,0.0,5450.875,2260.409,71.216,35.236,35.09,9.537,0.0,0.0
292,0.0,6.0,1.0,0.0,0.0,0.0,300.401,2519.329,58.293,36.737,36.53,9.693,0.0,0.0
293,0.0,6.0,1.0,1.0,1.0,0.0,513.854,2634.966,-19.348,36.619,36.58,9.684,0.0,0.0
294,0.0,6.0,1.0,2.0,2.0,0.0,187.464,2677.85,46.486,37.573,37.407,9.84,0.0,0.0
295,0.0,6.0,1.0,3.0,4.0,0.0,360.259,2812.95,112.039,37.46,36.863,9.754,0.0,0.0
296,1.0,6.0,1.0,0.0,3.0,0.0,957.966,2749.711,58.905,36.082,36.034,9.618,0.0,0.0
297,1.0,6.0,1.0,1.0,4.0,0.0,687.158,2771.547,82.282,36.698,36.619,9.699,0.0,0.0
298,1.0,6.0,1.0,2.0,5.0,0.0,760.046,2841.307,23.076,36.627,36.621,9.69,0.0,0.0
300,2.0,6.0,1.0,1.0,4.0,0.0,1188.591,2659.347,100.644,36.991,36.974,9.785,0.0,0.0
304,2.0,6.0,1.0,5.0,7.0,0.0,1336.307,2792.581,3.865,35.782,35.514,9.588,0.0,0.0
307,3.0,6.0,1.0,0.0,1.0,0.0,2181.192,2536.996,115.635,37.365,37.185,9.784,0.0,0.0
309,4.0,6.0,1.0,0.0,0.0,0.0,2697.124,2515.469,36.325,36.352,36.269,9.685,0.0,0.0
310,4.0,6.0,1.0,1.0,2.0,0.0,2547.131,2762.109,58.528,37.142,36.944,9.801,0.0,0.0
311,4.0,6.0,1.0,2.0,3.0,0.0,2330.343,2815.779,66.439,37.68,37.599,9.879,0.0,0.0
312,5.0,6.0,1.0,0.0,0.0,0.0,3123.14,2555.021,107.795,36.71,36.534,9.69,0.0,0.0
313,5.0,6.0,1.0,1.0,2.0,0.0,3275.65,2680.429,79.369,35.913,35.769,9.56,0.0,0.0
314,5.0,6.0,1.0,2.0,3.0,0.0,3267.827,2764.468,0.767,36.412,36.358,9.705,0.0,0.0
315,5.0,6.0,1.0,3.0,4.0,0.0,3071.653,2774.927,36.15,36.829,36.715,9.729,0.0,0.0
316,5.0,6.0,1.0,4.0,5.0,0.0,2991.952,2798.866,38.263,37.232,37.124,9.758,0.0,0.0
317,6.0,6.0,1.0,0.0,1.0,0.0,3986.938,2589.053,32.198,37.023,36.915,9.782,0.0,0.0
318,6.0,6.0,1.0,1.0,2.0,0.0,3855.523,2671.895,30.682,36.106,35.859,9.598,0.0,0.0
319,6.0,6.0,1.0,2.0,3.0,0.0,3864.414,2843.66,13.224,37.151,37.004,9.81,0.0,0.0
320,7.0,6.0,1.0,0.0,0.0,0.0,4066.231,2515.642,38.593,36.728,36.516,9.69,0.0,0.0
321,7.0,6.0,1.0,1.0,1.0,0.0,4169.71,2676.166,23.179,37.047,36.924,9.708,0.0,0.0
323,8.0,6.0,1.0,0.0,2.0,0.0,4914.791,2520.867,52.266,36.221,36.094,9.645,0.0,0.0
324,8.0,6.0,1.0,1.0,4.0,0.0,4822.091,2602.856,79.165,36.457,36.373,9.713,0.0,0.0
325,8.0,6.0,1.0,2.0,5.0,0.0,4653.939,2690.023,-1.469,38.355,38.31,9.983,0.0,0.0
326,8.0,6.0,1.0,3.0,6.0,0.0,5159.128,2813.306,15.882,37.304,37.264,9.786,0.0,0.0
327,9.0,6.0,1.0,0.0,0.0,0.0,5219.631,2491.743,38.562,37.348,37.04,9.762,0.0,0.0
328,9.0,6.0,1.0,1.0,1.0,0.0,5220.6,2567.657,77.583,36.81,36.712,9.726,0.0,0.0
330,9.0,6.0,1.0,3.0,4.0,0.0,5671.037,2759.367,-29.469,36.999,36.897,9.776,0.0,0.0
331,9.0,6.0,1.0,4.0,5.0,0.0,5408.026,2831.42,82.35,36.105,36.001,9.617,0.0,0.0
332,9.0,6.0,1.0,5.0,6.0,0.0,5723.139,2858.838,20.517,37.729,37.544,9.879,0.0,0.0
334,0.0,7.0,1.0,0.0,0.0,0.0,482.211,2924.258,110.327,37.183,36.834,9.792,0.0,0.0
335,0.0,7.0,1.0,1.0,2.0,0.0,227.917,2948.797,43.32,36.622,36.498,9.752,0.0,0.0
336,0.0,7.0,1.0,2.0,3.0,0.0,506.764,2981.272,105.299,36.971,36.854,9.766,0.0,0.0
337,0.0,7.0,1.0,3.0,4.0,0.0,136.207,3024.392,36.723,36.759,36.533,9.696,0.0,0.0
338,0.0,7.0,1.0,4.0,5.0,0.0,194.589,3129.863,33.474,36.104,35.931,9.607,0.0,0.0
339,0.0,7.0,1.0,5.0,6.0,0.0,342.41,3234.328,83.395,37.088,36.986,9.799,0.0,0.0
340,1.0,7.0,1.0,0.0,2.0,0.0,828.105,3176.775,108.989,36.233,36.084,9.645,0.0,0.0
341,1.0,7.0,1.0,1.0,3.0,0.0,1124.566,3186.982,50.682,36.347,36.298,9.689,0.0,0.0
342,2.0,7.0,1.0,0.0,1.0,0.0,1349.968,2907.035,117.49,36.889,36.827,9.752,0.0,0.0
343,2.0,7.0,1.0,1.0,2.0,0.0,1236.882,3015.189,38.189,36.98,36.892,9.773,0.0,0.0
344,2.0,7.0,1.0,2.0,3.0,0.0,1401.106,3132.678,25.662,36.824,36.687,9.725,0.0,0.0
345,2.0,7.0,1.0,3.0,4.0,0.0,1304.048,3166.797,129.001,37.02,36.742,9.68,0.0,0.0
346,2.0,7.0,1.0,4.0,5.0,0.0,1712.769,3168.229,13.646,37.262,37.166,9.846,0.0,0.0
347,3.0,7.0,1.0,0.0,0.0,0.0,2214.224,2921.214,122.987,36.443,36.339,9.628,0.0,0.0
350,3.0,7.0,1.0,3.0,4.0,0.0,2039.458,3114.781,81.476,36.597,36.33,9.647,0.0,0.0
351,3.0,7.0,1.0,4.0,5.0,0.0,1899.582,3172.025,77.858,36.858,36.755,9.738,0.0,0.0
352,4.0,7.0,1.0,0.0,2.0,0.0,2471.922,3067.234,8.199,37.452,37.286,9.809,0.0,0.0
353,4.0,7.0,1.0,1.0,3.0,0.0,2343.205,3190.789,-4.983,36.559,36.413,9.733,0.0,0.0
354,4.0,7.0,1.0,2.0,4.0,0.0,2676.462,3196.919,12.599,37.067,36.93,9.789,0.0,0.0
355,5.0,7.0,1.0,0.0,0.0,0.0,3286.962,2915.189,83.54,38.137,37.976,9.91,0.0,0.0
356,5.0,7.0,1.0,1.0,1.0,0.0,2930.402,2955.157,26.946,36.587,36.483,9.667,0.0,0.0
357,6.0,7.0,1.0,0.0,5.0,0.0,3515.837,2930.673,66.216,32.587,32.482,9.139,0.0,0.0
358,6.0,7.0,1.0,1.0,6.0,0.0,3666.488,3085.094,30.153,37.117,37.072,9.736,0.0,0.0
359,6.0,7.0,1.0,2.0,7.0,0.0,3645.267,3245.671,-1.728,36.832,36.657,9.722,0.0,0.0
360,7.0,7.0,1.0,0.0,2.0,0.0,4398.448,3068.876,34.544,35.036,34.917,9.487,0.0,0.0
361,7.0,7.0,1.0,1.0,3.0,0.0,4503.241,3267.555,52.143,37.175,37.116,9.828,0.0,0.0
362,8.0,7.0,1.0,0.0,0.0,0.0,4955.014,2888.951,88.535,36.254,36.056,9.644,0.0,0.0
363,8.0,7.0,1.0,1.0,1.0,0.0,4759.21,2910.374,77.775,36.536,36.456,9.735,0.0,0.0
366,8.0,7.0,1.0,4.0,4.0,0.0,5130.553,3178.968,48.469,37.398,37.233,9.794,0.0,0.0
367,9.0,7.0,1.0,0.0,2.0,0.0,5644.412,2888.134,87.489,36.977,36.794,9.759,0.0,0.0
369,9.0,7.0,1.0,2.0,4.0,0.0,5226.899,2939.408,52.842,36.935,36.719,9.744,0.0,0.0
371,9.0,7.0,1.0,4.0,6.0,0.0,5601.314,2994.367,86.07,37.35,37.225,9.787,0.0,0.0
372,9.0,7.0,1.0,5.0,7.0,0.0,5729.538,3016.349,129.579,36.569,36.412,9.734,0.0,0.0
373,9.0,7.0,1.0,6.0,8.0,0.0,5406.603,3046.969,51.986,36.36,36.205,9.678,0.0,0.0
374,9.0,7.0,1.0,7.0,9.0,0.0,5519.919,3101.641,74.352,35.442,33.709,9.299,0.0,0.0
378,0.0,8.0,1.0,1.0,1.0,0.0,134.736,3348.223,97.022,36.769,36.697,9.719,0.0,0.0
379,0.0,8.0,1.0,2.0,2.0,0.0,349.103,3378.458,-20.597,37.106,36.906,9.791,0.0,0.0
380,0.0,8.0,1.0,3.0,3.0,0.0,285.649,3385.843,93.285,37.081,36.766,9.769,0.0,0.0
381,0.0,8.0,1.0,4.0,5.0,0.0,215.759,3410.949,103.068,36.388,36.242,9.687,0.0,0.0
384,0.0,8.0,1.0,7.0,7.0,0.0,490.161,3536.296,29.244,36.992,36.95,9.782,0.0,0.0
386,0.0,8.0,1.0,9.0,10.0,0.0,18.689,3676.835,19.081,36.561,36.492,9.664,0.0,0.0
389,1.0,8.0,1.0,2.0,1.0,0.0,1019.622,3578.26,13.058,37.092,37.0,9.802,0.0,0.0
391,2.0,8.0,1.0,0.0,0.0,0.0,1367.04,3327.076,87.137,37.003,36.772,9.76,0.0,0.0
392,2.0,8.0,1.0,1.0,2.0,0.0,1476.537,3499.948,122.394,36.255,36.082,9.648,0.0,0.0
393,2.0,8.0,1.0,2.0,3.0,0.0,1220.8,3536.256,58.004,36.964,36.951,9.778,0.0,0.0
394,2.0,8.0,1.0,3.0,4.0,0.0,1308.816,3585.929,22.808,37.098,36.817,9.779,0.0,0.0
395,2.0,8.0,1.0,4.0,5.0,0.0,1472.051,3640.842,28.214,36.592,36.492,9.747,0.0,0.0
396,2.0,8.0,1.0,5.0,6.0,0.0,1300.185,3664.82,50.706,37.207,37.068,9.748,0.0,0.0
397,2.0,8.0,1.0,6.0,7.0,0.0,1421.994,3678.784,-2.942,38.501,36.553,9.694,0.0,0.0
398,3.0,8.0,1.0,0.0,0.0,0.0,2095.696,3326.005,116.027,36.918,36.803,9.753,0.0,0.0
399,3.0,8.0,1.0,1.0,2.0,0.0,1898.174,3355.407,35.928,36.063,36.041,9.617,0.0,0.0
401,3.0,8.0,1.0,3.0,4.0,0.0,2067.262,3579.535,70.477,37.044,36.906,9.705,0.0,0.0
402,3.0,8.0,1.0,4.0,5.0,0.0,1848.201,3625.739,54.171,37.324,37.183,9.778,0.0,0.0
403,3.0,8.0,1.0,5.0,6.0,0.0,2142.29,3654.335,54.972,37.325,37.141,9.773,0.0,0.0
404,4.0,8.0,1.0,0.0,0.0,0.0,2342.934,3340.141,28.026,37.2,37.163,9.759,0.0,0.0
405,4.0,8.0,1.0,1.0,1.0,0.0,2623.696,3344.59,76.747,36.58,36.453,9.662,0.0,0.0
406,4.0,8.0,1.0,2.0,2.0,0.0,2883.809,3470.321,-33.883,37.006,36.958,9.785,0.0,0.0
407,4.0,8.0,1.0,3.0,3.0,0.0,2509.371,3508.121,95.594,37.253,37.215,9.773,0.0,0.0
408,4.0,8.0,1.0,4.0,4.0,0.0,2796.277,3608.61,52.872,37.553,37.462,9.845,0.0,0.0
409,5.0,8.0,1.0,0.0,0.0,0.0,2952.417,3324.782,51.821,37.146,37.01,9.81,0.0,0.0
410,5.0,8.0,1.0,1.0,1.0,0.0,3145.343,3361.03,-41.561,36.96,36.885,9.769,0.0,0.0
411,5.0,8.0,1.0,2.0,2.0,0.0,3301.991,3364.044,97.311,36.504,36.395,9.723,0.0,0.0
412,5.0,8.0,1.0,3.0,4.0,0.0,3029.985,3487.768,90.906,37.139,37.004,9.73,0.0,0.0
414,5.0,8.0,1.0,5.0,6.0,0.0,2920.546,3628.296,3.061,37.579,37.537,9.858,0.0,0.0
415,6.0,8.0,1.0,0.0,0.0,0.0,3520.907,3438.219,55.507,35.946,35.802,9.649,0.0,0.0
416,6.0,8.0,1.0,1.0,2.0,0.0,3712.383,3588.503,27.976,36.732,36.531,9.692,0.0,0.0
418,7.0,8.0,1.0,0.0,1.0,0.0,4080.18,3288.231,46.859,36.447,36.231,9.693,0.0,0.0
419,7.0,8.0,1.0,1.0,2.0,0.0,4486.57,3386.989,2.034,37.526,37.466,9.842,0.0,0.0
420,7.0,8.0,1.0,2.0,3.0,0.0,4428.461,3420.706,105.346,36.694,36.546,9.689,0.0,0.0
421,7.0,8.0,1.0,3.0,4.0,0.0,4468.338,3442.087,51.096,37.937,37.884,9.872,0.0,0.0
422,7.0,8.0,1.0,4.0,5.0,0.0,4211.366,3504.935,64.898,37.401,37.347,9.81,0.0,0.0
423,7.0,8.0,1.0,5.0,6.0,0.0,4305.913,3572.351,114.106,37.088,37.012,9.803,0.0,0.0
424,7.0,8.0,1.0,6.0,7.0,0.0,4221.841,3676.871,53.954,36.823,36.696,9.726,0.0,0.0
425,8.0,8.0,1.0,0.0,1.0,0.0,5104.746,3470.72,71.974,36.92,36.861,9.761,0.0,0.0
426,8.0,8.0,1.0,1.0,2.0,0.0,4906.085,3594.34,61.348,36.177,36.086,9.638,0.0,0.0
427,8.0,8.0,1.0,2.0,3.0,0.0,4836.396,3613.298,61.015,35.991,35.851,9.582,0.0,0.0
429,9.0,8.0,1.0,0.0,0.0,0.0,5521.02,3288.944,94.837,37.073,36.83,9.777,0.0,0.0
430,9.0,8.0,1.0,1.0,2.0,0.0,5587.83,3413.842,64.366,36.515,36.431,9.729,0.0,0.0
431,9.0,8.0,1.0,2.0,3.0,0.0,5525.721,3479.976,111.683,35.538,35.446,9.546,0.0,0.0
432,9.0,8.0,1.0,3.0,4.0,0.0,5326.349,3504.654,59.81,36.888,36.775,9.745,0.0,0.0
433,9.0,8.0,1.0,4.0,5.0,0.0,5456.132,3519.373,80.506,35.738,35.7,9.607,0.0,0.0
434,9.0,8.0,1.0,5.0,6.0,0.0,5398.701,3549.475,84.991,36.404,36.346,9.624,0.0,0.0
435,9.0,8.0,1.0,6.0,7.0,0.0,5575.561,3575.045,-37.084,36.154,36.018,9.626,0.0,0.0
436,9.0,8.0,1.0,7.0,8.0,0.0,5479.902,3580.464,20.35,36.179,36.148,9.646,0.0,0.0
437,0.0,9.0,1.0,0.0,4.0,0.0,324.842,4046.754,96.024,37.707,37.654,9.813,0.0,0.0
438,0.0,9.0,1.0,1.0,5.0,0.0,304.802,4089.951,-3.999,38.577,31.447,9.249,0.0,0.0
439,1.0,9.0,1.0,0.0,1.0,0.0,715.292,3820.25,78.883,36.712,36.556,9.693,0.0,0.0
440,2.0,9.0,1.0,0.0,2.0,0.0,1434.456,3718.442,117.088,36.826,36.7,9.649,0.0,0.0
443,3.0,9.0,1.0,0.0,1.0,0.0,1993.313,3794.909,80.527,36.741,36.716,9.718,0.0,0.0
445,3.0,9.0,1.0,2.0,3.0,0.0,2209.626,3960.636,2.633,37.287,37.237,9.78,0.0,0.0
446,4.0,9.0,1.0,0.0,0.0,0.0,2330.092,3747.298,27.922,36.875,36.689,9.732,0.0,0.0
447,4.0,9.0,1.0,1.0,1.0,0.0,2434.369,3794.306,6.318,36.562,36.448,9.659,0.0,0.0
448,4.0,9.0,1.0,2.0,3.0,0.0,2555.536,3908.456,106.353,37.046,36.322,9.63,0.0,0.0
449,4.0,9.0,1.0,3.0,4.0,0.0,2427.71,3938.987,32.012,36.552,36.465,9.66,0.0,0.0
450,4.0,9.0,1.0,4.0,5.0,0.0,2613.85,3955.626,50.286,36.379,36.172,9.676,0.0,0.0
451,5.0,9.0,1.0,0.0,1.0,0.0,2974.666,3752.049,75.633,36.673,36.55,9.687,0.0,0.0
452,5.0,9.0,1.0,1.0,2.0,0.0,3464.522,3762.329,91.577,37.892,33.758,9.389,0.0,0.0
454,5.0,9.0,1.0,3.0,4.0,0.0,3075.554,3844.865,-33.429,36.498,36.478,9.733,0.0,0.0
455,5.0,9.0,1.0,4.0,6.0,0.0,3080.052,3931.753,0.01,36.556,36.487,9.742,0.0,0.0
456,5.0,9.0,1.0,5.0,7.0,0.0,3302.357,3961.718,111.856,36.866,36.792,9.744,0.0,0.0
457,5.0,9.0,1.0,6.0,8.0,0.0,2976.909,4042.979,13.633,37.329,37.289,9.793,0.0,0.0
459,6.0,9.0,1.0,0.0,0.0,0.0,3687.73,3691.116,94.369,36.254,36.039,9.642,0.0,0.0
460,6.0,9.0,1.0,1.0,1.0,0.0,3886.126,3722.346,89.149,37.483,37.339,9.819,0.0,0.0
461,6.0,9.0,1.0,2.0,3.0,0.0,3632.629,3826.192,68.166,36.891,36.771,9.745,0.0,0.0
462,6.0,9.0,1.0,3.0,4.0,0.0,3909.046,3876.976,49.548,36.813,36.773,9.735,0.0,0.0
463,6.0,9.0,1.0,4.0,5.0,0.0,4016.835,3960.542,-3.787,36.981,36.8,9.761,0.0,0.0
464,6.0,9.0,1.0,5.0,6.0,0.0,3978.807,3977.193,-44.063,37.156,37.079,9.742,0.0,0.0
465,6.0,9.0,1.0,6.0,7.0,0.0,3753.568,3992.003,41.568,36.396,36.27,9.692,0.0,0.0
467,7.0,9.0,1.0,0.0,2.0,0.0,4239.911,3869.947,25.813,36.598,36.37,9.653,0.0,0.0
468,8.0,9.0,1.0,0.0,1.0,0.0,4748.004,3918.853,60.114,36.273,36.232,9.67,0.0,0.0
469,8.0,9.0,1.0,1.0,2.0,0.0,4819.915,3980.845,-12.129,36.698,36.572,9.693,0.0,0.0
470,8.0,9.0,1.0,2.0,3.0,0.0,4930.69,4015.589,37.395,36.385,36.363,9.702,0.0,0.0
471,9.0,9.0,1.0,0.0,0.0,0.0,5446.019,3789.246,88.477,36.783,36.687,9.719,0.0,0.0
472,9.0,9.0,1.0,1.0,1.0,0.0,5424.493,3825.585,89.854,37.354,37.272,9.794,0.0,0.0
473,9.0,9.0,1.0,2.0,2.0,0.0,5529.115,3842.578,-19.471,36.063,35.941,9.603,0.0,0.0
474,9.0,9.0,1.0,3.0,3.0,0.0,5719.129,3845.826,-30.267,37.204,37.141,9.757,0.0,0.0
475,9.0,9.0,1.0,4.0,4.0,0.0,5477.944,3985.773,78.745,36.94,36.805,9.756,0.0,0.0
477,0.0,10.0,1.0,0.0,1.0,0.0,158.268,4121.457,122.679,36.83,36.821,9.743,0.0,0.0
478,0.0,10.0,1.0,1.0,2.0,0.0,56.066,4175.115,55.834,37.148,37.008,9.81,0.0,0.0
479,0.0,10.0,1.0,2.0,3.0,0.0,427.699,4183.495,129.322,36.915,36.845,9.758,0.0,0.0
481,0.0,10.0,1.0,4.0,5.0,0.0,337.598,4217.422,117.407,36.768,36.665,9.715,0.0,0.0
484,1.0,10.0,1.0,0.0,0.0,0.0,1057.141,4166.294,-24.363,37.117,37.1,9.818,0.0,0.0
485,1.0,10.0,1.0,1.0,1.0,0.0,1078.842,4213.786,85.496,37.611,37.421,9.847,0.0,0.0
487,1.0,10.0,1.0,3.0,3.0,0.0,830.326,4249.629,-3.652,37.174,37.042,9.74,0.0,0.0
488,1.0,10.0,1.0,4.0,4.0,0.0,714.84,4304.451,110.121,37.834,37.636,9.827,0.0,0.0
489,1.0,10.0,1.0,5.0,5.0,0.0,939.855,4331.397,61.422,35.864,35.794,9.557,0.0,0.0
490,1.0,10.0,1.0,6.0,6.0,0.0,710.517,4355.309,-19.609,36.92,36.761,9.747,0.0,0.0
491,1.0,10.0,1.0,7.0,7.0,0.0,653.744,4388.198,-14.837,35.989,35.943,9.594,0.0,0.0
492,2.0,10.0,1.0,0.0,0.0,0.0,1526.477,4179.627,28.521,36.874,35.384,9.491,0.0,0.0
494,2.0,10.0,1.0,2.0,2.0,0.0,1331.546,4203.727,99.598,36.764,36.683,9.716,0.0,0.0
495,2.0,10.0,1.0,3.0,4.0,0.0,1543.26,4329.457,116.261,36.112,36.004,9.541,0.0,0.0
496,2.0,10.0,1.0,4.0,5.0,0.0,1486.331,4381.635,29.027,36.434,36.357,9.708,0.0,0.0
498,3.0,10.0,1.0,0.0,0.0,0.0,2123.354,4141.139,125.31,36.665,36.565,9.688,0.0,0.0
499,3.0,10.0,1.0,1.0,1.0,0.0,2165.778,4213.64,37.694,37.046,36.918,9.785,0.0,0.0
500,3.0,10.0,1.0,2.0,2.0,0.0,2080.38,4402.138,22.857,36.293,36.109,9.656,0.0,0.0
501,3.0,10.0,1.0,3.0,3.0,0.0,2114.975,4449.697,52.447,36.492,36.285,9.628,0.0,0.0
502,4.0,10.0,1.0,0.0,1.0,0.0,2863.206,4373.619,-22.36,37.153,37.006,9.811,0.0,0.0
503,4.0,10.0,1.0,1.0,2.0,0.0,2537.678,4436.331,70.076,36.425,36.334,9.704,0.0,0.0
504,4.0,10.0,1.0,2.0,3.0,0.0,2456.991,4476.58,14.423,36.653,36.578,9.688,0.0,0.0
505,4.0,10.0,1.0,3.0,4.0,0.0,2771.409,4479.706,-29.021,37.291,37.254,9.862,0.0,0.0
508,4.0,10.0,1.0,6.0,6.0,0.0,2380.101,4494.465,-4.989,37.91,36.588,9.778,0.0,0.0
511,5.0,10.0,1.0,2.0,2.0,0.0,2944.404,4429.162,121.38,37.227,37.094,9.754,0.0,0.0
513,6.0,10.0,1.0,1.0,1.0,0.0,3524.42,4215.438,17.93,36.803,36.715,9.726,0.0,0.0
514,6.0,10.0,1.0,2.0,3.0,0.0,3925.952,4405.337,14.526,36.896,36.801,9.75,0.0,0.0
516,7.0,10.0,1.0,0.0,0.0,0.0,4474.983,4139.739,93.986,37.074,36.979,9.796,0.0,0.0
518,7.0,10.0,1.0,2.0,2.0,0.0,4336.585,4313.754,120.139,35.972,35.753,9.566,0.0,0.0
519,7.0,10.0,1.0,3.0,3.0,0.0,4476.354,4322.931,20.181,36.368,36.345,9.698,0.0,0.0
520,7.0,10.0,1.0,4.0,4.0,0.0,4152.719,4331.447,99.849,36.652,36.599,9.691,0.0,0.0
521,7.0,10.0,1.0,5.0,5.0,0.0,4078.41,4482.781,-8.357,36.993,36.865,9.771,0.0,0.0
522,8.0,10.0,1.0,0.0,0.0,0.0,4999.767,4132.376,95.083,37.459,37.302,9.811,0.0,0.0
524,8.0,10.0,1.0,2.0,2.0,0.0,4871.111,4184.619,8.335,36.681,36.63,9.698,0.0,0.0
525,8.0,10.0,1.0,3.0,3.0,0.0,5186.707,4238.0,-40.089,36.609,36.505,9.751,0.0,0.0
526,8.0,10.0,1.0,4.0,4.0,0.0,4869.385,4274.435,77.286,35.663,35.585,9.581,0.0,0.0
527,9.0,10.0,1.0,0.0,2.0,0.0,5569.235,4303.826,64.226,35.59,35.558,9.568,0.0,0.0
528,9.0,10.0,1.0,1.0,3.0,0.0,5308.247,4423.572,110.39,37.072,36.713,9.761,0.0,0.0
529,9.0,10.0,1.0,2.0,4.0,0.0,5426.241,4496.318,-3.163,37.302,34.02,9.429,0.0,0.0
531,0.0,11.0,1.0,1.0,3.0,0.0,464.471,4770.884,27.113,36.953,36.838,9.762,0.0,0.0
534,1.0,11.0,1.0,0.0,1.0,0.0,1152.328,4581.992,124.725,37.823,37.761,9.842,0.0,0.0
535,1.0,11.0,1.0,1.0,2.0,0.0,677.096,4787.279,-20.45,36.772,36.684,9.718,0.0,0.0
536,2.0,11.0,1.0,0.0,3.0,0.0,1576.18,4818.246,28.86,35.728,35.603,9.593,0.0,0.0
537,2.0,11.0,1.0,1.0,4.0,0.0,1249.05,4905.042,-1.655,37.897,32.822,9.34,0.0,0.0
538,3.0,11.0,1.0,0.0,0.0,0.0,1942.921,4532.018,-15.071,36.446,36.365,9.632,0.0,0.0
539,3.0,11.0,1.0,1.0,1.0,0.0,2167.067,4565.719,76.348,38.226,38.182,9.872,0.0,0.0
540,3.0,11.0,1.0,2.0,2.0,0.0,2026.852,4771.724,94.476,36.767,36.277,9.741,0.0,0.0
542,3.0,11.0,1.0,4.0,4.0,0.0,1960.66,4830.82,-31.329,37.168,37.028,9.737,0.0,0.0
543,3.0,11.0,1.0,5.0,5.0,0.0,1928.737,4861.091,-30.075,36.494,36.3,9.709,0.0,0.0
547,4.0,11.0,1.0,2.0,6.0,0.0,2487.845,4587.632,68.129,36.78,36.567,9.703,0.0,0.0
548,4.0,11.0,1.0,3.0,7.0,0.0,2816.591,4613.527,90.08,36.371,36.264,9.687,0.0,0.0
549,4.0,11.0,1.0,4.0,9.0,0.0,2454.145,4665.213,43.92,36.648,36.537,9.761,0.0,0.0
550,4.0,11.0,1.0,5.0,10.0,0.0,2789.969,4704.659,25.512,36.63,36.602,9.688,0.0,0.0
551,4.0,11.0,1.0,6.0,12.0,0.0,2573.063,4740.912,81.561,35.931,35.849,9.653,0.0,0.0
552,4.0,11.0,1.0,7.0,13.0,0.0,2772.029,4765.44,0.116,36.512,36.441,9.73,0.0,0.0
553,4.0,11.0,1.0,8.0,14.0,0.0,2458.326,4800.297,-39.713,37.254,37.066,9.832,0.0,0.0
554,4.0,11.0,1.0,9.0,15.0,0.0,2867.857,4861.494,52.088,37.456,37.342,9.816,0.0,0.0
555,4.0,11.0,1.0,10.0,16.0,0.0,2770.664,4882.742,64.956,37.097,36.936,9.794,0.0,0.0
557,5.0,11.0,1.0,1.0,1.0,0.0,2928.12,4569.989,71.628,37.303,37.175,9.774,0.0,0.0
559,5.0,11.0,1.0,3.0,3.0,0.0,2962.57,4748.67,80.005,36.597,36.5,9.67,0.0,0.0
560,5.0,11.0,1.0,4.0,4.0,0.0,3247.007,4806.8,26.953,37.215,37.003,9.74,0.0,0.0
561,5.0,11.0,1.0,5.0,5.0,0.0,3209.178,4842.468,63.248,37.443,37.329,9.813,0.0,0.0
562,5.0,11.0,1.0,6.0,7.0,0.0,3125.668,4881.663,48.206,37.337,37.229,9.786,0.0,0.0
563,5.0,11.0,1.0,7.0,8.0,0.0,3301.967,4896.718,71.841,37.633,37.537,9.865,0.0,0.0
566,6.0,11.0,1.0,2.0,3.0,0.0,3605.703,4708.268,23.946,37.26,37.129,9.763,0.0,0.0
567,6.0,11.0,1.0,3.0,4.0,0.0,3897.863,4767.953,63.658,36.567,36.481,9.742,0.0,0.0
568,6.0,11.0,1.0,4.0,5.0,0.0,3850.034,4865.771,58.665,36.715,36.574,9.695,0.0,0.0
569,6.0,11.0,1.0,5.0,6.0,0.0,3549.967,4866.433,104.515,37.044,36.874,9.779,0.0,0.0
571,7.0,11.0,1.0,0.0,2.0,0.0,4255.996,4828.747,-19.362,36.589,36.478,9.666,0.0,0.0
572,7.0,11.0,1.0,1.0,3.0,0.0,4544.431,4888.439,46.931,36.705,36.474,9.681,0.0,0.0
573,7.0,11.0,1.0,2.0,4.0,0.0,4132.286,4905.606,-1.482,39.139,31.989,9.309,0.0,0.0
574,8.0,11.0,1.0,0.0,0.0,0.0,4838.412,4523.633,76.831,37.004,36.725,9.754,0.0,0.0
575,8.0,11.0,1.0,1.0,1.0,0.0,4896.706,4533.621,103.175,36.848,36.721,9.733,0.0,0.0
577,8.0,11.0,1.0,3.0,5.0,0.0,5065.363,4799.266,21.951,36.597,36.487,9.747,0.0,0.0
578,9.0,11.0,1.0,0.0,1.0,0.0,5568.344,4834.593,58.269,36.33,36.262,9.682,0.0,0.0
579,0.0,12.0,1.0,0.0,2.0,0.0,578.795,5230.299,22.192,37.326,37.024,9.758,0.0,0.0
580,0.0,12.0,1.0,1.0,3.0,0.0,420.291,5314.375,-4.311,38.471,30.96,9.173,0.0,0.0
582,1.0,12.0,1.0,0.0,1.0,0.0,940.728,4988.568,99.759,37.446,37.39,9.821,0.0,0.0
583,1.0,12.0,1.0,1.0,2.0,0.0,834.328,5032.601,-3.152,36.219,36.178,9.656,0.0,0.0
584,1.0,12.0,1.0,2.0,3.0,0.0,1043.035,5039.099,10.903,37.473,37.428,9.83,0.0,0.0
585,1.0,12.0,1.0,3.0,4.0,0.0,607.751,5082.071,-23.899,36.682,36.55,9.688,0.0,0.0
587,2.0,12.0,1.0,1.0,2.0,0.0,1479.011,4938.049,128.661,36.971,36.769,9.755,0.0,0.0
588,2.0,12.0,1.0,2.0,3.0,0.0,1585.319,4965.519,94.03,36.422,36.274,9.695,0.0,0.0
589,2.0,12.0,1.0,3.0,4.0,0.0,1534.322,4970.125,-36.539,36.811,36.746,9.731,0.0,0.0
591,2.0,12.0,1.0,5.0,6.0,0.0,1220.248,5192.271,45.543,36.553,36.442,9.735,0.0,0.0
593,3.0,12.0,1.0,1.0,4.0,0.0,1939.999,5197.537,14.684,36.688,36.562,9.69,0.0,0.0
595,3.0,12.0,1.0,3.0,6.0,0.0,1836.379,5232.651,56.658,36.979,36.934,9.778,0.0,0.0
598,4.0,12.0,1.0,1.0,3.0,0.0,2334.018,5018.367,47.114,36.271,36.183,9.663,0.0,0.0
599,4.0,12.0,1.0,2.0,4.0,0.0,2387.241,5067.47,81.173,38.224,38.106,9.939,0.0,0.0
601,4.0,12.0,1.0,4.0,6.0,0.0,2466.758,5130.073,106.084,36.238,36.106,9.649,0.0,0.0
602,4.0,12.0,1.0,5.0,7.0,0.0,2529.58,5138.229,7.841,37.223,37.102,9.754,0.0,0.0
605,5.0,12.0,1.0,0.0,2.0,0.0,2987.422,4933.314,65.307,36.996,36.756,9.757,0.0,0.0
606,5.0,12.0,1.0,1.0,3.0,0.0,3233.422,4940.17,-28.314,36.855,36.694,9.73,0.0,0.0
607,5.0,12.0,1.0,2.0,4.0,0.0,3191.903,4959.884,91.942,37.666,37.454,9.858,0.0,0.0
608,5.0,12.0,1.0,3.0,5.0,0.0,2913.996,4974.16,39.831,36.969,36.748,9.752,0.0,0.0
609,5.0,12.0,1.0,4.0,6.0,0.0,2925.616,5011.21,54.707,37.568,37.417,9.841,0.0,0.0
610,5.0,12.0,1.0,5.0,7.0,0.0,3068.614,5016.991,79.863,37.222,37.111,9.755,0.0,0.0
611,5.0,12.0,1.0,6.0,8.0,0.0,2937.595,5102.122,3.227,37.054,36.941,9.711,0.0,0.0
612,5.0,12.0,1.0,7.0,9.0,0.0,3322.388,5259.942,27.321,37.538,37.406,9.835,0.0,0.0
613,5.0,12.0,1.0,8.0,10.0,0.0,3414.073,5313.943,-4.447,38.65,31.928,9.256,0.0,0.0
614,6.0,12.0,1.0,0.0,0.0,0.0,3626.328,4915.329,92.675,37.252,37.131,9.762,0.0,0.0
615,6.0,12.0,1.0,1.0,2.0,0.0,3528.157,5043.62,41.296,36.819,36.693,9.725,0.0,0.0
616,6.0,12.0,1.0,2.0,3.0,0.0,3842.638,5093.894,-8.533,36.445,36.417,9.718,0.0,0.0
617,6.0,12.0,1.0,3.0,4.0,0.0,3587.513,5109.786,44.134,37.756,37.657,9.897,0.0,0.0
618,6.0,12.0,1.0,4.0,5.0,0.0,3844.497,5185.586,-36.781,36.67,36.55,9.686,0.0,0.0
620,7.0,12.0,1.0,1.0,3.0,0.0,4603.185,4928.799,101.391,37.386,37.091,9.852,0.0,0.0
621,7.0,12.0,1.0,2.0,4.0,0.0,4202.872,5017.462,108.616,36.649,36.578,9.687,0.0,0.0
623,8.0,12.0,1.0,0.0,1.0,0.0,5085.527,4977.711,-2.621,37.031,36.982,9.791,0.0,0.0
624,8.0,12.0,1.0,1.0,2.0,0.0,4754.886,5031.247,-28.35,36.829,36.8,9.741,0.0,0.0
625,8.0,12.0,1.0,2.0,3.0,0.0,4800.013,5101.899,80.029,36.505,36.364,9.718,0.0,0.0
627,8.0,12.0,1.0,4.0,5.0,0.0,4703.284,5162.222,53.709,37.559,37.428,9.841,0.0,0.0
629,8.0,12.0,1.0,6.0,6.0,0.0,4786.092,5165.594,51.849,37.491,37.312,9.817,0.0,0.0
631,9.0,12.0,1.0,1.0,1.0,0.0,5428.143,4999.599,80.644,37.032,36.814,9.769,0.0,0.0
632,9.0,12.0,1.0,2.0,2.0,0.0,5620.042,5051.129,29.535,36.112,36.005,9.618,0.0,0.0
633,9.0,12.0,1.0,3.0,3.0,0.0,5573.474,5148.719,63.676,35.615,35.371,9.39,0.0,0.0
634,9.0,12.0,1.0,4.0,4.0,0.0,5366.419,5160.681,51.226,36.615,36.507,9.673,0.0,0.0
635,9.0,12.0,1.0,5.0,6.0,0.0,5625.385,5286.628,11.254,36.512,36.449,9.731,0.0,0.0
637,0.0,2.0,1.0,0.0,0.0,0.0,192.523,1073.73,108.929,37.221,36.543,31.404,4.0,
638,0.0,2.0,1.0,0.0,0.0,0.0,160.76,1080.306,-38.6,38.554,37.764,32.469,4.0,
639,0.0,2.0,1.0,0.0,0.0,0.0,207.474,1039.69,-16.117,38.228,37.112,32.011,4.0,
641,0.0,8.0,1.0,0.0,0.0,0.0,12.59,3390.261,6.908,38.04,36.642,31.645,4.0,
643,0.0,11.0,1.0,0.0,0.0,0.0,10.271,4552.509,4.342,38.27,37.302,32.05,4.0,
645,0.0,11.0,1.0,0.0,0.0,0.0,559.637,4547.476,-25.507,40.03,39.396,33.753,4.0,
647,1.0,0.0,1.0,0.0,0.0,0.0,758.853,81.457,-30.015,37.612,37.272,31.85,4.0,
648,1.0,0.0,1.0,0.0,0.0,0.0,766.408,49.849,101.936,37.689,37.247,31.86,4.0,
650,1.0,6.0,1.0,0.0,0.0,0.0,1013.82,2520.972,124.312,37.397,37.035,31.661,4.0,
651,1.0,6.0,1.0,0.0,0.0,0.0,1025.731,2490.54,-44.572,37.222,36.511,31.353,4.0,
653,1.0,9.0,1.0,0.0,0.0,0.0,712.657,3717.681,43.452,37.89,36.971,31.887,4.0,
654,1.0,9.0,1.0,0.0,0.0,0.0,689.017,3726.491,1.859,39.415,37.805,30.279,4.0,
655,2.0,0.0,1.0,0.0,0.0,0.0,1606.556,218.758,129.218,37.913,37.197,31.991,4.0,
656,2.0,0.0,1.0,0.0,0.0,0.0,1626.03,229.646,-8.157,37.995,37.608,29.74,4.0,
658,2.0,3.0,1.0,0.0,0.0,0.0,1466.723,1284.205,50.372,38.181,36.295,31.911,4.0,
659,2.0,3.0,1.0,0.0,0.0,0.0,1460.447,1288.358,61.229,37.487,33.843,30.672,4.0,
660,2.0,5.0,1.0,0.0,0.0,0.0,1531.915,2303.518,113.241,38.254,36.843,31.833,4.0,
661,2.0,5.0,1.0,0.0,0.0,0.0,1740.257,2387.41,24.623,38.694,37.067,32.093,4.0,
662,2.0,6.0,1.0,0.0,0.0,0.0,1172.234,2870.041,76.932,38.714,36.396,31.753,4.0,
663,2.0,6.0,1.0,0.0,0.0,0.0,1197.572,2838.553,-13.212,37.606,37.004,31.738,4.0,
664,2.0,6.0,1.0,0.0,0.0,0.0,1204.791,2824.601,46.541,37.767,37.17,31.938,4.0,
665,2.0,6.0,1.0,0.0,0.0,0.0,1308.936,2827.274,-34.696,38.333,37.246,32.163,4.0,
667,2.0,6.0,1.0,0.0,0.0,0.0,1718.69,2522.143,-17.939,37.712,36.377,31.535,4.0,
668,2.0,6.0,1.0,0.0,0.0,0.0,1703.663,2514.19,27.587,39.284,37.616,32.507,4.0,
669,2.0,8.0,1.0,0.0,0.0,0.0,1422.967,3436.813,-26.286,38.425,38.137,32.579,4.0,
671,2.0,10.0,1.0,0.0,0.0,0.0,1172.161,4501.762,70.535,38.671,37.445,32.266,4.0,
672,2.0,10.0,1.0,0.0,0.0,0.0,1202.022,4221.511,62.543,38.175,37.173,29.617,4.0,
673,2.0,10.0,1.0,0.0,0.0,0.0,1169.968,4241.157,-16.523,38.573,37.949,30.123,4.0,
675,2.0,11.0,1.0,0.0,0.0,0.0,1457.209,4530.774,104.848,37.862,37.435,29.636,4.0,
677,3.0,0.0,1.0,0.0,0.0,0.0,2222.592,212.988,19.791,38.263,37.864,32.376,4.0,
678,3.0,0.0,1.0,0.0,0.0,0.0,2188.027,217.206,29.219,38.259,37.636,32.289,4.0,
680,3.0,3.0,1.0,0.0,0.0,0.0,1909.879,1396.083,42.359,37.695,36.058,31.345,4.0,
681,3.0,3.0,1.0,0.0,0.0,0.0,1892.53,1394.631,127.352,38.152,37.092,32.082,4.0,
682,3.0,4.0,1.0,0.0,0.0,0.0,2255.905,1709.321,92.929,37.631,36.487,31.406,4.0,
683,3.0,4.0,1.0,0.0,0.0,0.0,2257.197,1732.72,39.116,38.519,37.994,32.548,4.0,
684,3.0,4.0,1.0,0.0,0.0,0.0,2145.198,1854.574,-30.968,37.46,36.604,31.573,4.0,
685,3.0,4.0,1.0,0.0,0.0,0.0,2144.515,1849.665,-23.384,36.947,35.972,31.099,4.0,
686,3.0,5.0,1.0,0.0,0.0,0.0,2139.726,2130.618,-25.275,39.36,37.401,32.719,4.0,
688,3.0,12.0,1.0,0.0,0.0,0.0,2117.021,4914.497,79.407,38.735,37.739,30.138,4.0,
691,4.0,5.0,1.0,0.0,0.0,0.0,2860.884,2425.342,85.74,37.204,36.564,31.403,4.0,
692,4.0,5.0,1.0,0.0,0.0,0.0,2841.299,2395.279,-34.568,38.525,36.3,31.891,4.0,
693,4.0,5.0,1.0,0.0,0.0,0.0,2613.849,2348.977,127.74,36.941,36.031,31.09,4.0,
694,4.0,5.0,1.0,0.0,0.0,0.0,2589.003,2341.273,104.846,38.829,36.629,32.277,4.0,
696,4.0,6.0,1.0,0.0,0.0,0.0,2516.34,2840.297,-25.388,38.035,37.279,32.004,4.0,
697,4.0,6.0,1.0,0.0,0.0,0.0,2489.394,2844.009,98.22,37.468,36.928,31.654,4.0,
699,4.0,7.0,1.0,0.0,0.0,0.0,2870.327,3223.374,17.414,37.883,36.742,31.618,4.0,
700,4.0,7.0,1.0,0.0,0.0,0.0,2855.21,3216.754,-6.264,37.301,36.452,31.292,4.0,
701,4.0,11.0,1.0,0.0,0.0,0.0,2464.245,4749.221,-3.896,37.667,36.007,31.411,4.0,
702,4.0,11.0,1.0,0.0,0.0,0.0,2462.557,4731.972,112.069,38.644,37.883,32.472,4.0,
703,5.0,2.0,1.0,0.0,0.0,0.0,3241.298,1243.036,76.11,38.389,37.66,32.263,4.0,
705,5.0,6.0,1.0,0.0,0.0,0.0,3177.116,2639.469,90.025,37.093,36.997,31.507,4.0,
706,5.0,6.0,1.0,0.0,0.0,0.0,3167.885,2629.345,-12.81,37.308,36.705,31.497,4.0,
708,5.0,8.0,1.0,0.0,0.0,0.0,3302.56,3676.993,76.896,37.571,36.9,31.683,4.0,
709,5.0,8.0,1.0,0.0,0.0,0.0,3314.903,3656.875,-8.555,37.78,36.823,31.756,4.0,
712,5.0,9.0,1.0,0.0,0.0,0.0,3251.01,3856.899,-29.564,37.676,35.737,31.132,4.0,
713,5.0,9.0,1.0,0.0,0.0,0.0,3230.907,3862.95,-13.857,38.357,36.963,29.532,4.0,
715,6.0,4.0,1.0,0.0,0.0,0.0,4008.99,1649.633,105.269,38.636,37.704,32.455,4.0,
717,6.0,7.0,1.0,0.0,0.0,0.0,3652.548,2893.882,13.861,39.887,38.841,33.495,4.0,
719,6.0,7.0,1.0,0.0,0.0,0.0,3926.381,2917.711,130.103,45.288,43.917,37.998,4.0,
720,6.0,8.0,1.0,0.0,0.0,0.0,3487.863,3592.306,128.602,37.485,36.019,31.316,4.0,
721,6.0,8.0,1.0,0.0,0.0,0.0,3466.287,3577.44,-6.968,37.54,36.553,31.352,4.0,
722,6.0,8.0,1.0,0.0,0.0,0.0,3687.764,3690.894,82.952,39.708,37.304,32.486,4.0,
723,6.0,10.0,1.0,0.0,0.0,0.0,3534.911,4344.184,-41.274,43.757,42.226,36.555,4.0,
724,6.0,10.0,1.0,0.0,0.0,0.0,4000.225,4500.419,95.907,38.925,37.58,32.392,4.0,
725,6.0,12.0,1.0,0.0,0.0,0.0,3579.089,4950.784,86.085,37.175,36.492,31.363,4.0,
727,7.0,2.0,1.0,0.0,0.0,0.0,4084.945,1119.503,98.985,37.493,37.02,31.683,4.0,
728,7.0,2.0,1.0,0.0,0.0,0.0,4086.056,1090.181,133.511,38.337,37.761,32.341,4.0,
729,7.0,2.0,1.0,0.0,0.0,0.0,4593.624,858.881,5.789,38.143,37.033,29.644,4.0,
730,7.0,6.0,1.0,0.0,0.0,0.0,4576.384,2872.63,90.043,37.896,37.184,31.842,4.0,
732,7.0,9.0,1.0,0.0,0.0,0.0,4471.626,3753.285,132.503,38.377,37.842,32.386,4.0,
733,7.0,9.0,1.0,0.0,0.0,0.0,4483.736,3730.4,19.151,37.611,36.883,31.761,4.0,
735,7.0,11.0,1.0,0.0,0.0,0.0,4424.633,4755.874,102.458,37.01,36.338,31.204,4.0,
736,7.0,11.0,1.0,0.0,0.0,0.0,4399.492,4760.59,106.868,38.154,37.31,32.136,4.0,
739,8.0,0.0,1.0,0.0,0.0,0.0,5118.722,345.129,-18.674,37.216,36.602,31.376,4.0,
740,8.0,0.0,1.0,0.0,0.0,0.0,5089.123,346.939,119.449,37.688,36.505,31.609,4.0,
741,8.0,0.0,1.0,0.0,0.0,0.0,5161.891,104.267,57.022,38.229,37.145,32.038,4.0,
742,8.0,0.0,1.0,0.0,0.0,0.0,5138.452,83.738,52.041,38.686,37.706,32.377,4.0,
743,8.0,5.0,1.0,0.0,0.0,0.0,4707.316,2292.807,123.715,38.151,37.818,32.297,4.0,
745,8.0,5.0,1.0,0.0,0.0,0.0,4805.81,2446.56,85.284,37.404,36.723,27.28,4.0,
746,8.0,5.0,1.0,0.0,0.0,0.0,4818.581,2469.633,85.085,40.131,37.27,32.231,4.0,
748,8.0,8.0,1.0,0.0,0.0,0.0,5164.897,3358.855,46.372,37.273,36.557,31.373,4.0,
749,8.0,8.0,1.0,0.0,0.0,0.0,5185.214,3333.014,97.416,38.546,36.835,29.547,4.0,
750,8.0,8.0,1.0,0.0,0.0,0.0,5044.687,3686.233,25.126,38.207,37.615,29.947,4.0,
751,9.0,0.0,1.0,0.0,0.0,0.0,5666.149,300.885,11.603,38.533,37.188,32.114,4.0,
752,9.0,0.0,1.0,0.0,0.0,0.0,5696.543,302.752,106.88,38.56,36.657,32.234,4.0,
753,9.0,7.0,1.0,0.0,0.0,0.0,5771.719,2946.021,-36.881,37.41,37.156,31.705,4.0,
754,9.0,7.0,1.0,0.0,0.0,0.0,5457.614,2908.041,19.776,37.129,36.534,31.309,4.0,
756,9.0,12.0,1.0,0.0,0.0,0.0,5481.439,5279.587,131.929,36.566,35.873,30.916,4.0,
757,9.0,12.0,1.0,0.0,0.0,0.0,5471.359,5267.156,-40.449,37.15,35.322,31.167,4.0,
</ResultDatas>,,,,,,,,,,,,,,
<ElementResult>,,,,,,,,,,,,,,
0,1.0,,,,,,,,,,,,,
1,0.0,,,,,,,,,,,,,
2,0.0,,,,,,,,,,,,,
3,0.0,,,,,,,,,,,,,
4,0.0,,,,,,,,,,,,,
5,608.0,,,,,,,,,,,,,
</ElementResult>,,,,,,,,,,,,,,
