No,ImageNoX,ImageNoY,ImageNoZ,ElpsLabel,ObjLabel,Average,GravX,GravY,Angle,MjrAx,MnrAx,X2,Status,DepthAve
0,0.0,0.0,1.0,0.0,1.0,0.0,561.527,20.527,62.195,29.359,29.234,8.719,0.0,0.0
1,0.0,0.0,1.0,1.0,2.0,0.0,337.895,80.19,128.024,28.834,28.504,8.621,0.0,0.0
3,0.0,0.0,1.0,3.0,4.0,0.0,156.244,245.319,-0.159,29.024,28.734,8.595,0.0,0.0
4,0.0,0.0,1.0,4.0,5.0,0.0,416.692,296.761,-19.355,28.502,28.304,8.541,0.0,0.0
5,1.0,0.0,1.0,0.0,0.0,0.0,837.246,138.133,7.901,28.241,28.156,8.479,0.0,0.0
6,1.0,0.0,1.0,1.0,1.0,0.0,796.839,177.633,-44.46,28.486,28.283,8.535,0.0,0.0
7,1.0,0.0,1.0,2.0,2.0,0.0,1074.523,299.438,45.592,28.944,28.667,8.662,0.0,0.0
8,1.0,0.0,1.0,3.0,3.0,0.0,1027.619,353.293,30.922,29.029,28.982,8.633,0.0,0.0
9,1.0,0.0,1.0,4.0,4.0,0.0,842.592,353.674,-26.465,28.688,28.663,8.623,0.0,0.0
10,1.0,0.0,1.0,5.0,5.0,0.0,1163.102,385.251,90.964,29.391,27.569,8.472,0.0,0.0
12,2.0,0.0,1.0,0.0,4.0,0.0,1387.034,255.237,87.691,28.897,28.573,8.64,0.0,0.0
13,2.0,0.0,1.0,1.0,5.0,0.0,1623.029,289.008,-13.154,28.642,28.478,8.588,0.0,0.0
14,2.0,0.0,1.0,2.0,6.0,0.0,1664.659,314.683,82.112,29.118,28.912,8.635,0.0,0.0
15,2.0,0.0,1.0,3.0,8.0,0.0,1703.258,419.439,-3.644,29.884,27.31,8.423,0.0,0.0
16,3.0,0.0,1.0,0.0,1.0,0.0,1888.468,46.594,91.71,28.813,28.154,8.564,0.0,0.0
17,3.0,0.0,1.0,1.0,2.0,0.0,2038.312,296.775,57.254,28.831,28.763,8.571,0.0,0.0
18,4.0,0.0,1.0,0.0,0.0,0.0,2432.768,48.996,12.686,29.478,28.929,9.726,0.0,0.0
19,4.0,0.0,1.0,1.0,0.0,0.0,2410.645,48.355,-10.475,28.949,28.648,9.724,0.0,0.0
20,4.0,0.0,1.0,2.0,1.0,0.0,2387.747,70.093,-33.112,28.745,28.396,8.592,0.0,0.0
21,4.0,0.0,1.0,3.0,2.0,0.0,2689.037,207.462,50.03,27.576,27.316,8.341,0.0,0.0
22,4.0,0.0,1.0,4.0,3.0,0.0,2638.076,272.645,-10.741,27.901,27.39,8.402,0.0,0.0
23,4.0,0.0,1.0,5.0,4.0,0.0,2514.842,281.168,110.993,28.799,28.583,8.627,0.0,0.0
24,5.0,0.0,1.0,0.0,0.0,0.0,3325.762,262.416,92.995,28.278,28.083,8.563,0.0,0.0
25,5.0,0.0,1.0,1.0,2.0,0.0,2920.61,284.854,28.747,28.76,28.704,8.64,0.0,0.0
26,6.0,0.0,1.0,0.0,1.0,0.0,3659.585,133.127,100.172,28.541,28.483,8.574,0.0,0.0
27,6.0,0.0,1.0,1.0,2.0,0.0,3878.919,258.487,-35.311,28.083,28.005,8.522,0.0,0.0
28,6.0,0.0,1.0,2.0,3.0,0.0,3486.243,268.803,107.534,29.342,29.246,8.718,0.0,0.0
29,6.0,0.0,1.0,3.0,4.0,0.0,3504.813,322.166,16.562,29.349,29.043,8.69,0.0,0.0
30,6.0,0.0,1.0,4.0,5.0,0.0,3756.605,334.768,74.365,29.041,28.884,8.62,0.0,0.0
31,7.0,0.0,1.0,0.0,1.0,0.0,4534.219,126.41,79.229,29.178,29.078,8.669,0.0,0.0
32,7.0,0.0,1.0,1.0,2.0,0.0,4161.194,157.363,88.521,29.022,28.911,8.621,0.0,0.0
33,7.0,0.0,1.0,2.0,3.0,0.0,4145.144,262.711,11.641,28.582,28.461,8.577,0.0,0.0
35,7.0,0.0,1.0,4.0,5.0,0.0,4464.282,402.285,19.923,28.628,27.122,8.382,0.0,0.0
36,7.0,0.0,1.0,5.0,6.0,0.0,4320.452,409.169,31.195,29.15,28.956,8.647,0.0,0.0
37,8.0,0.0,1.0,0.0,1.0,0.0,4793.562,164.179,35.267,27.944,27.296,8.393,0.0,0.0
38,8.0,0.0,1.0,1.0,2.0,0.0,4826.069,183.688,26.837,29.038,28.867,8.617,0.0,0.0
39,8.0,0.0,1.0,2.0,3.0,0.0,4900.188,368.399,90.969,28.963,28.752,8.588,0.0,0.0
40,8.0,0.0,1.0,3.0,4.0,0.0,4644.681,375.914,8.858,29.301,29.197,8.705,0.0,0.0
41,8.0,0.0,1.0,4.0,5.0,0.0,4717.185,408.07,-40.349,29.393,29.075,8.701,0.0,0.0
42,9.0,0.0,1.0,0.0,0.0,0.0,5446.299,37.575,71.649,28.126,27.98,8.435,0.0,0.0
43,9.0,0.0,1.0,1.0,1.0,0.0,5215.775,47.505,39.562,29.021,28.74,8.595,0.0,0.0
44,9.0,0.0,1.0,2.0,2.0,0.0,5264.799,91.285,67.229,28.862,28.591,8.638,0.0,0.0
45,9.0,0.0,1.0,3.0,3.0,0.0,5767.96,107.928,16.96,29.33,29.087,8.693,0.0,0.0
47,9.0,0.0,1.0,5.0,4.0,0.0,5558.514,151.444,-21.533,27.977,25.939,9.571,0.0,0.0
48,9.0,0.0,1.0,6.0,5.0,0.0,5484.707,174.249,-5.369,28.606,28.302,8.556,0.0,0.0
49,9.0,0.0,1.0,7.0,6.0,0.0,5615.584,215.889,132.827,25.939,22.44,9.993,0.0,0.0
50,9.0,0.0,1.0,8.0,7.0,0.0,5240.994,307.108,59.475,29.369,29.164,8.71,0.0,0.0
51,9.0,0.0,1.0,9.0,8.0,0.0,5285.777,329.03,41.879,29.056,28.98,8.636,0.0,0.0
52,9.0,0.0,1.0,10.0,9.0,0.0,5667.807,355.511,83.725,28.753,28.601,8.623,0.0,0.0
53,9.0,0.0,1.0,11.0,10.0,0.0,5532.806,397.515,33.194,28.811,28.727,8.651,0.0,0.0
54,0.0,1.0,1.0,0.0,0.0,0.0,486.674,444.539,-7.329,29.192,29.051,8.667,0.0,0.0
55,0.0,1.0,1.0,1.0,1.0,0.0,94.47,541.145,32.845,28.719,28.493,8.602,0.0,0.0
56,0.0,1.0,1.0,2.0,2.0,0.0,146.063,544.223,14.489,28.976,28.89,8.611,0.0,0.0
57,0.0,1.0,1.0,3.0,3.0,0.0,63.229,827.749,-2.344,29.987,26.646,8.331,0.0,0.0
58,1.0,1.0,1.0,0.0,0.0,0.0,657.901,423.655,38.951,28.825,28.569,8.541,0.0,0.0
59,1.0,1.0,1.0,1.0,1.0,0.0,983.382,483.631,123.308,28.953,28.807,8.595,0.0,0.0
60,1.0,1.0,1.0,2.0,2.0,0.0,795.45,606.464,62.803,29.716,29.616,8.74,0.0,0.0
61,1.0,1.0,1.0,3.0,3.0,0.0,662.281,690.125,-11.013,29.114,28.962,8.642,0.0,0.0
62,1.0,1.0,1.0,4.0,4.0,0.0,935.28,720.346,-31.964,28.081,27.975,8.517,0.0,0.0
63,1.0,1.0,1.0,5.0,5.0,0.0,645.425,773.365,28.465,29.216,29.173,8.602,0.0,0.0
64,1.0,1.0,1.0,6.0,6.0,0.0,828.491,773.435,10.404,28.791,28.515,8.616,0.0,0.0
65,2.0,1.0,1.0,0.0,2.0,0.0,1418.169,520.977,103.363,29.284,29.217,8.705,0.0,0.0
66,2.0,1.0,1.0,1.0,3.0,0.0,1590.897,787.542,114.424,29.092,28.789,8.613,0.0,0.0
67,2.0,1.0,1.0,2.0,4.0,0.0,1190.977,827.155,-0.115,29.454,27.314,8.444,0.0,0.0
68,3.0,1.0,1.0,0.0,0.0,0.0,2014.645,486.976,-24.442,28.942,27.665,8.512,0.0,0.0
69,3.0,1.0,1.0,1.0,1.0,0.0,2052.817,492.135,42.068,28.753,27.988,8.532,0.0,0.0
70,3.0,1.0,1.0,2.0,2.0,0.0,1749.538,520.297,60.535,28.84,28.658,8.556,0.0,0.0
71,3.0,1.0,1.0,3.0,4.0,0.0,2057.403,649.49,-17.469,27.881,27.783,8.458,0.0,0.0
72,3.0,1.0,1.0,4.0,5.0,0.0,1831.102,718.288,-12.098,29.117,29.007,8.65,0.0,0.0
73,4.0,1.0,1.0,0.0,1.0,0.0,2377.371,543.528,16.466,28.935,28.379,8.618,0.0,0.0
75,4.0,1.0,1.0,2.0,3.0,0.0,2487.644,687.463,1.119,28.519,28.052,8.506,0.0,0.0
76,4.0,1.0,1.0,3.0,4.0,0.0,2606.783,756.324,34.31,28.673,28.638,8.617,0.0,0.0
77,4.0,1.0,1.0,4.0,5.0,0.0,2559.033,777.428,110.554,28.541,28.448,8.568,0.0,0.0
78,5.0,1.0,1.0,0.0,0.0,0.0,2955.61,435.952,31.167,28.596,28.417,8.572,0.0,0.0
79,5.0,1.0,1.0,1.0,1.0,0.0,3271.976,507.747,29.588,28.666,27.306,8.416,0.0,0.0
80,5.0,1.0,1.0,2.0,2.0,0.0,3417.334,625.691,32.973,28.578,28.344,8.558,0.0,0.0
81,5.0,1.0,1.0,3.0,3.0,0.0,3104.173,671.736,88.036,28.933,28.753,8.673,0.0,0.0
82,5.0,1.0,1.0,4.0,4.0,0.0,3355.279,671.674,3.02,28.709,28.663,8.626,0.0,0.0
83,6.0,1.0,1.0,0.0,0.0,0.0,3681.508,496.832,66.171,28.854,28.694,8.652,0.0,0.0
84,6.0,1.0,1.0,1.0,1.0,0.0,3472.755,717.674,55.441,28.923,28.728,8.579,0.0,0.0
86,7.0,1.0,1.0,0.0,2.0,0.0,4469.423,565.922,18.165,28.489,28.315,8.541,0.0,0.0
87,7.0,1.0,1.0,1.0,3.0,0.0,4459.86,738.069,18.913,28.638,28.363,8.57,0.0,0.0
88,8.0,1.0,1.0,0.0,1.0,0.0,4740.927,439.327,21.15,28.785,28.751,8.562,0.0,0.0
90,8.0,1.0,1.0,2.0,3.0,0.0,4894.552,609.757,92.353,28.123,27.995,8.526,0.0,0.0
91,8.0,1.0,1.0,3.0,4.0,0.0,4762.159,689.955,14.767,28.992,28.866,8.61,0.0,0.0
92,8.0,1.0,1.0,4.0,5.0,0.0,5184.72,758.93,37.508,29.389,29.17,8.714,0.0,0.0
93,9.0,1.0,1.0,0.0,1.0,0.0,5495.348,607.969,118.041,28.367,28.013,8.566,0.0,0.0
94,9.0,1.0,1.0,1.0,3.0,0.0,5321.78,669.591,57.987,28.955,28.722,8.583,0.0,0.0
95,9.0,1.0,1.0,2.0,5.0,0.0,5756.074,781.099,16.311,29.562,29.286,8.669,0.0,0.0
96,0.0,2.0,1.0,0.0,1.0,0.0,369.535,848.161,39.883,29.233,29.027,8.67,0.0,0.0
97,0.0,2.0,1.0,1.0,2.0,0.0,98.007,986.049,28.725,28.561,28.241,8.54,0.0,0.0
98,0.0,2.0,1.0,2.0,3.0,0.0,533.145,1016.251,74.827,28.964,28.891,8.699,0.0,0.0
100,0.0,2.0,1.0,4.0,6.0,0.0,378.916,1226.798,-14.683,29.76,29.631,8.749,0.0,0.0
101,1.0,2.0,1.0,0.0,0.0,0.0,883.608,1058.488,2.876,28.393,28.099,8.494,0.0,0.0
102,1.0,2.0,1.0,1.0,1.0,0.0,602.225,1148.409,-8.035,29.55,29.255,8.751,0.0,0.0
103,2.0,2.0,1.0,0.0,1.0,0.0,1651.867,845.569,99.568,28.622,28.322,8.561,0.0,0.0
104,2.0,2.0,1.0,1.0,2.0,0.0,1254.923,952.823,4.524,28.917,28.405,8.619,0.0,0.0
105,2.0,2.0,1.0,2.0,3.0,0.0,1670.434,1018.101,-24.245,29.658,29.113,8.747,0.0,0.0
106,2.0,2.0,1.0,3.0,4.0,0.0,1421.775,1061.635,37.974,30.253,28.764,8.784,0.0,0.0
107,2.0,2.0,1.0,4.0,5.0,0.0,1417.948,1120.642,12.611,28.438,28.257,8.524,0.0,0.0
108,2.0,2.0,1.0,5.0,6.0,0.0,1459.222,1138.285,51.696,28.891,28.665,8.565,0.0,0.0
109,2.0,2.0,1.0,6.0,7.0,0.0,1203.327,1183.902,-37.705,29.089,29.048,8.651,0.0,0.0
110,2.0,2.0,1.0,7.0,8.0,0.0,1724.089,1229.219,44.093,29.259,29.014,8.672,0.0,0.0
111,3.0,2.0,1.0,0.0,0.0,0.0,1870.463,1010.082,24.785,29.144,29.016,8.655,0.0,0.0
112,3.0,2.0,1.0,1.0,1.0,0.0,2251.431,1193.928,42.141,29.766,29.604,8.746,0.0,0.0
113,4.0,2.0,1.0,0.0,0.0,0.0,2439.182,927.564,41.749,28.44,28.228,8.52,0.0,0.0
114,5.0,2.0,1.0,0.0,0.0,0.0,3366.636,974.879,86.169,28.47,28.098,8.505,0.0,0.0
115,5.0,2.0,1.0,1.0,1.0,0.0,3291.854,1114.137,24.646,28.524,28.235,8.534,0.0,0.0
116,5.0,2.0,1.0,2.0,2.0,0.0,2931.111,1147.018,23.38,29.219,29.124,8.682,0.0,0.0
117,5.0,2.0,1.0,3.0,3.0,0.0,2974.306,1183.215,117.962,29.013,28.855,8.611,0.0,0.0
118,6.0,2.0,1.0,0.0,0.0,0.0,3647.389,883.388,51.457,29.045,28.822,8.611,0.0,0.0
119,6.0,2.0,1.0,1.0,1.0,0.0,3849.076,896.912,-39.034,28.997,28.77,8.685,0.0,0.0
120,6.0,2.0,1.0,2.0,2.0,0.0,3831.172,968.242,-27.793,28.799,28.16,8.304,0.0,0.0
121,7.0,2.0,1.0,0.0,0.0,0.0,4322.066,887.98,125.699,28.789,28.618,8.631,0.0,0.0
122,7.0,2.0,1.0,1.0,1.0,0.0,4362.125,1012.692,47.594,28.315,27.966,8.462,0.0,0.0
123,7.0,2.0,1.0,2.0,2.0,0.0,4053.003,1056.859,33.264,29.044,28.814,8.61,0.0,0.0
124,7.0,2.0,1.0,3.0,3.0,0.0,4472.076,1118.678,-27.369,28.277,26.951,8.301,0.0,0.0
125,8.0,2.0,1.0,0.0,0.0,0.0,4928.535,1079.806,50.985,27.735,27.544,8.399,0.0,0.0
126,8.0,2.0,1.0,1.0,1.0,0.0,5063.331,1115.709,29.774,28.302,28.175,8.581,0.0,0.0
127,9.0,2.0,1.0,0.0,0.0,0.0,5535.849,898.704,111.042,28.812,28.723,8.65,0.0,0.0
128,9.0,2.0,1.0,1.0,1.0,0.0,5589.969,928.921,11.778,28.985,28.765,8.683,0.0,0.0
129,9.0,2.0,1.0,2.0,2.0,0.0,5317.133,1031.002,20.836,28.622,28.322,8.562,0.0,0.0
130,9.0,2.0,1.0,3.0,3.0,0.0,5720.105,1045.563,42.82,29.255,28.56,8.604,0.0,0.0
131,9.0,2.0,1.0,4.0,4.0,0.0,5694.64,1107.251,-16.123,28.705,28.599,8.616,0.0,0.0
132,9.0,2.0,1.0,5.0,5.0,0.0,5688.954,1183.425,23.684,29.395,29.298,8.734,0.0,0.0
133,9.0,2.0,1.0,6.0,6.0,0.0,5554.478,1189.567,92.612,29.239,29.007,8.667,0.0,0.0
134,0.0,3.0,1.0,0.0,1.0,0.0,407.142,1255.133,45.885,28.863,28.651,8.647,0.0,0.0
135,0.0,3.0,1.0,1.0,2.0,0.0,313.499,1264.721,87.614,28.693,28.57,8.609,0.0,0.0
136,0.0,3.0,1.0,2.0,3.0,0.0,513.517,1287.24,40.905,28.91,28.65,8.565,0.0,0.0
137,0.0,3.0,1.0,3.0,4.0,0.0,239.059,1317.474,125.963,28.681,28.613,8.614,0.0,0.0
138,0.0,3.0,1.0,4.0,5.0,0.0,100.09,1349.084,38.54,28.781,28.483,8.61,0.0,0.0
139,0.0,3.0,1.0,5.0,6.0,0.0,161.558,1445.828,17.715,28.778,28.706,8.643,0.0,0.0
140,1.0,3.0,1.0,0.0,0.0,0.0,999.22,1362.236,125.586,28.904,28.657,8.654,0.0,0.0
141,1.0,3.0,1.0,1.0,1.0,0.0,943.663,1413.213,36.856,28.757,28.532,8.614,0.0,0.0
142,1.0,3.0,1.0,2.0,3.0,0.0,667.333,1530.914,6.372,28.792,28.56,8.623,0.0,0.0
143,1.0,3.0,1.0,3.0,4.0,0.0,671.035,1636.38,-10.982,29.091,29.026,8.648,0.0,0.0
144,2.0,3.0,1.0,0.0,1.0,0.0,1380.872,1311.158,-15.643,28.616,28.448,8.58,0.0,0.0
145,2.0,3.0,1.0,1.0,2.0,0.0,1491.594,1333.832,123.335,28.371,28.178,8.502,0.0,0.0
146,2.0,3.0,1.0,2.0,3.0,0.0,1651.922,1357.244,88.554,29.03,28.841,8.612,0.0,0.0
147,2.0,3.0,1.0,3.0,4.0,0.0,1207.889,1455.667,36.228,28.874,28.736,8.573,0.0,0.0
148,2.0,3.0,1.0,4.0,5.0,0.0,1168.202,1471.626,22.362,29.029,28.765,8.6,0.0,0.0
149,2.0,3.0,1.0,5.0,6.0,0.0,1647.327,1570.104,11.851,29.371,29.178,8.713,0.0,0.0
150,3.0,3.0,1.0,0.0,1.0,0.0,1854.025,1307.583,34.789,29.16,28.981,8.652,0.0,0.0
151,3.0,3.0,1.0,1.0,2.0,0.0,2024.485,1497.478,52.41,28.789,27.436,8.453,0.0,0.0
153,4.0,3.0,1.0,1.0,1.0,0.0,2814.35,1415.15,-7.967,28.972,28.789,8.595,0.0,0.0
156,4.0,3.0,1.0,4.0,3.0,0.0,2708.061,1503.76,37.849,28.317,28.235,8.503,0.0,0.0
157,4.0,3.0,1.0,5.0,4.0,0.0,2802.475,1616.248,38.291,29.394,28.973,8.962,0.0,0.0
158,4.0,3.0,1.0,6.0,4.0,0.0,2792.253,1589.034,88.398,29.862,29.782,9.062,0.0,0.0
159,5.0,3.0,1.0,0.0,0.0,0.0,3379.683,1257.878,100.034,29.081,28.926,8.632,0.0,0.0
160,5.0,3.0,1.0,1.0,1.0,0.0,3465.012,1264.678,23.413,29.338,29.162,8.705,0.0,0.0
161,5.0,3.0,1.0,2.0,2.0,0.0,3205.698,1419.027,45.661,28.816,28.719,8.65,0.0,0.0
162,5.0,3.0,1.0,3.0,3.0,0.0,3266.778,1557.028,3.073,28.685,28.561,8.607,0.0,0.0
163,5.0,3.0,1.0,4.0,4.0,0.0,3070.391,1639.793,77.268,29.592,29.336,8.681,0.0,0.0
164,6.0,3.0,1.0,0.0,0.0,0.0,3952.668,1257.823,75.31,28.83,28.683,8.647,0.0,0.0
165,6.0,3.0,1.0,1.0,2.0,0.0,3638.7,1330.395,70.993,28.672,28.404,8.581,0.0,0.0
166,6.0,3.0,1.0,2.0,3.0,0.0,3777.465,1395.978,-1.206,28.541,28.435,8.567,0.0,0.0
167,6.0,3.0,1.0,3.0,4.0,0.0,3859.307,1529.582,33.637,28.519,28.318,8.545,0.0,0.0
169,6.0,3.0,1.0,5.0,5.0,0.0,3755.648,1598.73,-26.104,29.171,28.897,9.441,0.0,0.0
170,6.0,3.0,1.0,6.0,6.0,0.0,3769.568,1639.644,51.566,29.162,28.753,8.618,0.0,0.0
171,7.0,3.0,1.0,0.0,0.0,0.0,4408.365,1326.408,49.956,28.926,28.721,8.578,0.0,0.0
172,7.0,3.0,1.0,1.0,1.0,0.0,4571.136,1331.961,102.675,28.954,28.694,8.579,0.0,0.0
173,7.0,3.0,1.0,2.0,2.0,0.0,4483.69,1336.673,69.336,29.117,29.024,8.652,0.0,0.0
174,7.0,3.0,1.0,3.0,3.0,0.0,4204.24,1396.388,84.933,28.914,27.65,8.501,0.0,0.0
175,7.0,3.0,1.0,4.0,4.0,0.0,4437.425,1437.637,17.354,28.195,28.083,8.551,0.0,0.0
177,7.0,3.0,1.0,6.0,6.0,0.0,4488.504,1532.185,15.924,29.126,29.001,8.65,0.0,0.0
178,8.0,3.0,1.0,0.0,0.0,0.0,4696.859,1357.512,5.745,28.548,28.25,8.54,0.0,0.0
179,8.0,3.0,1.0,1.0,1.0,0.0,5190.08,1385.166,-7.8,28.906,28.699,8.572,0.0,0.0
180,8.0,3.0,1.0,2.0,2.0,0.0,4845.359,1441.07,134.74,28.857,28.776,8.576,0.0,0.0
181,8.0,3.0,1.0,3.0,3.0,0.0,4646.128,1577.223,18.851,28.854,28.75,8.572,0.0,0.0
182,9.0,3.0,1.0,0.0,0.0,0.0,5277.771,1261.36,54.4,29.17,28.815,8.629,0.0,0.0
183,9.0,3.0,1.0,1.0,1.0,0.0,5673.521,1314.92,93.209,28.705,28.517,8.603,0.0,0.0
184,9.0,3.0,1.0,2.0,2.0,0.0,5410.049,1315.157,-40.131,29.182,29.067,8.668,0.0,0.0
185,9.0,3.0,1.0,3.0,4.0,0.0,5345.298,1442.556,107.746,28.737,28.673,8.632,0.0,0.0
186,9.0,3.0,1.0,4.0,6.0,0.0,5445.31,1496.298,-15.317,28.035,27.894,8.498,0.0,0.0
187,9.0,3.0,1.0,5.0,7.0,0.0,5598.329,1523.588,2.834,28.493,28.188,8.522,0.0,0.0
188,9.0,3.0,1.0,6.0,8.0,0.0,5560.304,1533.811,14.767,28.265,27.992,8.548,0.0,0.0
189,9.0,3.0,1.0,7.0,10.0,0.0,5216.186,1601.841,113.668,29.999,28.873,9.029,0.0,0.0
191,9.0,3.0,1.0,9.0,11.0,0.0,5251.592,1636.629,53.165,29.846,29.61,9.128,0.0,0.0
192,0.0,4.0,1.0,0.0,0.0,0.0,383.952,1673.744,-40.077,28.771,28.472,8.607,0.0,0.0
193,0.0,4.0,1.0,1.0,1.0,0.0,368.943,1742.5,41.479,29.603,28.846,9.725,0.0,0.0
194,0.0,4.0,1.0,2.0,2.0,0.0,274.388,1789.576,130.244,29.146,28.959,8.647,0.0,0.0
195,0.0,4.0,1.0,3.0,3.0,0.0,196.509,1797.547,29.434,28.53,28.215,8.532,0.0,0.0
196,0.0,4.0,1.0,4.0,4.0,0.0,444.517,1831.38,5.929,28.659,28.49,8.593,0.0,0.0
197,0.0,4.0,1.0,5.0,5.0,0.0,417.872,1912.591,105.06,28.561,28.529,8.584,0.0,0.0
198,1.0,4.0,1.0,0.0,2.0,0.0,722.15,1791.596,-3.913,28.672,28.444,8.588,0.0,0.0
199,1.0,4.0,1.0,1.0,3.0,0.0,962.076,1916.11,64.437,28.251,27.876,8.527,0.0,0.0
200,1.0,4.0,1.0,2.0,4.0,0.0,1052.889,1927.637,30.759,29.112,28.918,8.635,0.0,0.0
201,1.0,4.0,1.0,3.0,5.0,0.0,873.09,2050.553,5.844,34.946,28.475,8.89,0.0,0.0
202,2.0,4.0,1.0,0.0,0.0,0.0,1467.644,1662.297,97.363,28.937,28.884,8.604,0.0,0.0
203,2.0,4.0,1.0,1.0,1.0,0.0,1175.126,1696.962,30.896,29.17,28.984,8.654,0.0,0.0
204,2.0,4.0,1.0,2.0,2.0,0.0,1189.646,1798.848,32.801,29.069,28.749,8.604,0.0,0.0
205,3.0,4.0,1.0,0.0,0.0,0.0,1849.661,1711.888,18.627,29.203,29.068,8.671,0.0,0.0
206,3.0,4.0,1.0,1.0,2.0,0.0,1792.507,1752.284,18.911,28.688,28.507,8.599,0.0,0.0
207,3.0,4.0,1.0,2.0,3.0,0.0,2117.911,1788.822,2.709,28.627,28.478,8.586,0.0,0.0
208,3.0,4.0,1.0,3.0,4.0,0.0,2122.072,1856.758,5.381,27.987,27.868,8.487,0.0,0.0
209,3.0,4.0,1.0,4.0,5.0,0.0,2034.996,1913.684,3.984,28.256,28.148,8.481,0.0,0.0
210,3.0,4.0,1.0,5.0,6.0,0.0,2182.541,1916.742,-2.098,28.558,28.462,8.573,0.0,0.0
211,3.0,4.0,1.0,6.0,7.0,0.0,1994.85,1978.515,58.841,28.402,28.272,8.521,0.0,0.0
212,3.0,4.0,1.0,7.0,8.0,0.0,1855.791,2009.803,48.394,28.904,28.622,8.561,0.0,0.0
213,4.0,4.0,1.0,0.0,0.0,0.0,2318.898,1735.772,23.47,28.852,28.508,8.624,0.0,0.0
214,4.0,4.0,1.0,1.0,1.0,0.0,2811.576,1779.5,124.455,29.102,28.768,8.612,0.0,0.0
215,4.0,4.0,1.0,2.0,2.0,0.0,2788.211,1800.578,122.692,29.279,29.232,8.707,0.0,0.0
216,4.0,4.0,1.0,3.0,3.0,0.0,2428.136,1878.178,-35.109,29.736,29.316,8.7,0.0,0.0
217,4.0,4.0,1.0,4.0,4.0,0.0,2854.843,1900.462,-41.179,28.981,28.903,8.614,0.0,0.0
218,4.0,4.0,1.0,5.0,5.0,0.0,2598.26,1979.358,67.41,28.669,27.283,8.411,0.0,0.0
219,5.0,4.0,1.0,0.0,1.0,0.0,3163.017,1750.89,100.907,28.502,28.345,8.547,0.0,0.0
220,5.0,4.0,1.0,1.0,2.0,0.0,3431.217,1808.62,51.225,29.194,29.053,8.668,0.0,0.0
221,5.0,4.0,1.0,2.0,3.0,0.0,3245.799,1823.284,33.812,28.23,28.056,8.463,0.0,0.0
222,5.0,4.0,1.0,3.0,4.0,0.0,3130.089,1941.849,34.589,28.98,28.628,8.662,0.0,0.0
223,5.0,4.0,1.0,4.0,5.0,0.0,3425.018,2006.74,57.914,29.434,29.201,8.725,0.0,0.0
224,6.0,4.0,1.0,0.0,1.0,0.0,3663.469,1733.912,110.877,29.126,28.559,8.584,0.0,0.0
225,6.0,4.0,1.0,1.0,2.0,0.0,3924.221,1755.235,-36.323,28.573,28.218,8.539,0.0,0.0
226,6.0,4.0,1.0,2.0,3.0,0.0,3827.047,1980.296,-32.332,28.893,28.815,8.677,0.0,0.0
227,6.0,4.0,1.0,3.0,4.0,0.0,3977.804,1988.049,6.954,29.346,29.227,8.716,0.0,0.0
228,7.0,4.0,1.0,0.0,0.0,0.0,4347.506,1762.383,59.401,28.822,28.745,8.566,0.0,0.0
229,7.0,4.0,1.0,1.0,1.0,0.0,4510.34,1779.936,57.6,28.712,28.557,8.61,0.0,0.0
230,7.0,4.0,1.0,2.0,2.0,0.0,4554.27,1883.423,36.398,29.32,28.913,8.666,0.0,0.0
231,7.0,4.0,1.0,3.0,3.0,0.0,4221.687,1886.501,59.778,28.863,28.677,8.651,0.0,0.0
232,7.0,4.0,1.0,4.0,4.0,0.0,4583.831,1892.472,17.945,29.379,28.647,8.635,0.0,0.0
233,7.0,4.0,1.0,5.0,5.0,0.0,4136.455,1964.168,-15.707,29.073,29.018,8.645,0.0,0.0
235,8.0,4.0,1.0,0.0,0.0,0.0,5024.861,1782.934,0.118,28.952,28.897,8.608,0.0,0.0
236,8.0,4.0,1.0,1.0,1.0,0.0,4884.165,1875.842,107.052,28.467,28.339,8.541,0.0,0.0
237,8.0,4.0,1.0,2.0,2.0,0.0,4796.859,1992.464,49.177,29.335,29.277,8.722,0.0,0.0
238,8.0,4.0,1.0,3.0,3.0,0.0,4792.395,2051.105,-9.282,29.61,27.403,8.395,0.0,0.0
239,9.0,4.0,1.0,0.0,1.0,0.0,5710.415,1696.863,2.452,28.523,28.249,8.536,0.0,0.0
240,9.0,4.0,1.0,1.0,2.0,0.0,5465.819,1903.934,13.432,28.753,28.605,8.624,0.0,0.0
243,9.0,4.0,1.0,4.0,6.0,0.0,5701.014,2038.042,46.596,29.28,29.12,8.691,0.0,0.0
244,9.0,4.0,1.0,5.0,7.0,0.0,5227.322,2052.279,0.51,30.314,25.7,8.231,0.0,0.0
245,0.0,5.0,1.0,0.0,0.0,0.0,256.859,2225.198,8.254,28.711,28.668,8.539,0.0,0.0
246,0.0,5.0,1.0,1.0,1.0,0.0,499.508,2294.616,-19.007,28.959,28.633,8.57,0.0,0.0
247,0.0,5.0,1.0,2.0,2.0,0.0,24.649,2380.495,53.89,29.258,29.129,8.688,0.0,0.0
248,0.0,5.0,1.0,3.0,4.0,0.0,50.727,2440.317,124.809,29.308,29.228,8.711,0.0,0.0
249,1.0,5.0,1.0,0.0,1.0,0.0,1026.935,2162.472,97.185,28.546,28.193,8.53,0.0,0.0
250,1.0,5.0,1.0,1.0,2.0,0.0,1088.336,2229.667,87.819,28.672,28.458,8.589,0.0,0.0
251,1.0,5.0,1.0,2.0,3.0,0.0,807.648,2259.719,19.639,29.271,29.144,8.693,0.0,0.0
252,2.0,5.0,1.0,0.0,0.0,0.0,1492.253,2084.382,71.217,29.025,28.877,8.616,0.0,0.0
253,2.0,5.0,1.0,1.0,1.0,0.0,1521.618,2132.23,80.741,28.793,28.719,8.647,0.0,0.0
254,2.0,5.0,1.0,2.0,2.0,0.0,1308.136,2138.679,39.275,28.888,28.722,8.662,0.0,0.0
255,2.0,5.0,1.0,3.0,3.0,0.0,1578.26,2246.558,102.149,28.585,28.543,8.589,0.0,0.0
256,2.0,5.0,1.0,4.0,4.0,0.0,1554.853,2351.179,22.448,28.518,28.177,9.113,0.0,0.0
257,2.0,5.0,1.0,5.0,4.0,0.0,1542.607,2328.037,46.714,29.139,28.535,9.152,0.0,0.0
258,3.0,5.0,1.0,0.0,0.0,0.0,2106.577,2225.898,29.712,28.382,28.114,8.494,0.0,0.0
259,3.0,5.0,1.0,1.0,1.0,0.0,2221.933,2385.13,57.99,29.268,29.04,8.677,0.0,0.0
260,4.0,5.0,1.0,0.0,0.0,0.0,2603.808,2370.288,102.045,28.424,27.717,8.528,0.0,0.0
261,5.0,5.0,1.0,0.0,0.0,0.0,2947.835,2235.569,39.943,28.698,28.486,8.598,0.0,0.0
263,6.0,5.0,1.0,1.0,1.0,0.0,3950.785,2367.39,8.004,29.33,29.154,8.703,0.0,0.0
264,6.0,5.0,1.0,2.0,2.0,0.0,3701.209,2390.518,32.702,29.002,28.889,8.615,0.0,0.0
265,6.0,5.0,1.0,3.0,3.0,0.0,3620.357,2403.214,13.319,29.271,29.055,8.68,0.0,0.0
266,6.0,5.0,1.0,4.0,4.0,0.0,3939.625,2417.01,43.344,29.028,28.679,8.587,0.0,0.0
267,7.0,5.0,1.0,0.0,0.0,0.0,4590.291,2063.904,-24.417,29.046,28.954,8.631,0.0,0.0
269,7.0,5.0,1.0,2.0,2.0,0.0,4356.649,2280.321,121.329,27.45,27.047,8.28,0.0,0.0
270,7.0,5.0,1.0,3.0,3.0,0.0,4548.144,2321.955,33.521,29.281,28.998,8.673,0.0,0.0
271,7.0,5.0,1.0,4.0,4.0,0.0,4385.206,2340.636,-2.727,28.85,28.703,8.654,0.0,0.0
272,7.0,5.0,1.0,5.0,5.0,0.0,4353.817,2356.465,11.055,28.901,28.785,8.584,0.0,0.0
274,8.0,5.0,1.0,1.0,2.0,0.0,5151.819,2301.619,-12.861,29.228,29.105,8.681,0.0,0.0
276,9.0,5.0,1.0,0.0,2.0,0.0,5446.001,2087.119,132.288,29.115,29.037,8.654,0.0,0.0
278,9.0,5.0,1.0,2.0,3.0,0.0,5550.628,2102.784,43.64,28.829,28.783,9.865,0.0,0.0
281,9.0,5.0,1.0,5.0,6.0,0.0,5299.644,2322.831,79.163,29.387,29.217,8.721,0.0,0.0
282,9.0,5.0,1.0,6.0,7.0,0.0,5347.61,2410.254,26.939,29.05,28.825,8.612,0.0,0.0
283,9.0,5.0,1.0,7.0,8.0,0.0,5237.392,2416.19,129.273,29.243,29.206,8.698,0.0,0.0
284,0.0,6.0,1.0,0.0,1.0,0.0,188.55,2496.655,66.797,28.886,28.645,8.561,0.0,0.0
285,0.0,6.0,1.0,1.0,2.0,0.0,394.598,2672.826,18.239,27.688,27.268,8.441,0.0,0.0
286,0.0,6.0,1.0,2.0,3.0,0.0,532.258,2699.493,-37.152,29.66,29.403,9.845,0.0,0.0
287,0.0,6.0,1.0,3.0,3.0,0.0,545.285,2682.016,110.121,29.731,29.542,9.881,0.0,0.0
288,1.0,6.0,1.0,0.0,0.0,0.0,793.892,2471.171,43.515,28.756,28.439,8.511,0.0,0.0
289,1.0,6.0,1.0,1.0,1.0,0.0,686.178,2497.534,65.867,28.826,28.793,8.574,0.0,0.0
290,1.0,6.0,1.0,2.0,2.0,0.0,882.627,2536.313,76.417,28.864,28.74,8.572,0.0,0.0
291,1.0,6.0,1.0,3.0,3.0,0.0,779.144,2653.257,3.649,28.799,28.692,8.555,0.0,0.0
292,1.0,6.0,1.0,4.0,4.0,0.0,987.324,2726.85,36.613,28.189,27.955,8.531,0.0,0.0
293,2.0,6.0,1.0,0.0,0.0,0.0,1334.135,2550.777,110.517,28.778,28.772,8.653,0.0,0.0
294,2.0,6.0,1.0,1.0,1.0,0.0,1529.353,2685.334,54.358,26.758,25.931,8.481,0.0,0.0
295,2.0,6.0,1.0,2.0,2.0,0.0,1697.715,2749.128,99.872,28.925,28.844,8.597,0.0,0.0
296,2.0,6.0,1.0,3.0,3.0,0.0,1550.391,2788.478,33.261,29.205,29.035,8.667,0.0,0.0
298,2.0,6.0,1.0,5.0,5.0,0.0,1628.451,2842.68,17.418,29.153,28.982,8.651,0.0,0.0
299,3.0,6.0,1.0,0.0,2.0,0.0,2078.378,2579.534,-39.191,29.194,28.906,8.646,0.0,0.0
300,3.0,6.0,1.0,1.0,4.0,0.0,2285.472,2808.426,-19.408,29.539,29.499,8.697,0.0,0.0
301,3.0,6.0,1.0,2.0,5.0,0.0,2074.241,2849.209,106.67,29.18,29.102,8.673,0.0,0.0
302,4.0,6.0,1.0,0.0,0.0,0.0,2641.19,2513.286,7.076,28.616,28.393,8.572,0.0,0.0
303,4.0,6.0,1.0,1.0,1.0,0.0,2606.231,2550.086,98.566,28.58,28.438,8.573,0.0,0.0
304,4.0,6.0,1.0,2.0,2.0,0.0,2373.918,2571.519,55.374,28.963,28.872,8.606,0.0,0.0
305,4.0,6.0,1.0,3.0,3.0,0.0,2754.674,2818.711,56.529,28.941,28.738,8.583,0.0,0.0
306,4.0,6.0,1.0,4.0,4.0,0.0,2544.236,2840.136,49.478,29.338,29.163,8.705,0.0,0.0
307,5.0,6.0,1.0,0.0,0.0,0.0,3457.402,2647.856,82.285,29.139,29.025,8.655,0.0,0.0
308,5.0,6.0,1.0,1.0,1.0,0.0,3066.035,2692.396,89.235,29.402,28.955,8.684,0.0,0.0
309,5.0,6.0,1.0,2.0,2.0,0.0,3182.181,2735.536,113.525,28.64,28.532,8.596,0.0,0.0
311,6.0,6.0,1.0,0.0,0.0,0.0,3685.052,2521.614,61.896,28.738,28.572,8.616,0.0,0.0
312,6.0,6.0,1.0,1.0,2.0,0.0,3722.7,2806.031,114.328,28.913,28.784,8.586,0.0,0.0
313,6.0,6.0,1.0,2.0,3.0,0.0,3626.16,2811.574,42.405,28.99,28.868,8.61,0.0,0.0
314,6.0,6.0,1.0,3.0,4.0,0.0,3933.13,2817.411,25.04,28.89,28.691,8.658,0.0,0.0
315,6.0,6.0,1.0,4.0,5.0,0.0,3791.716,2828.501,37.834,28.827,28.694,8.648,0.0,0.0
316,7.0,6.0,1.0,0.0,0.0,0.0,4323.714,2578.623,71.666,28.736,28.667,8.63,0.0,0.0
317,7.0,6.0,1.0,1.0,1.0,0.0,4371.467,2713.343,59.257,28.738,28.561,8.615,0.0,0.0
318,7.0,6.0,1.0,2.0,2.0,0.0,4137.625,2737.362,16.606,28.943,28.88,8.605,0.0,0.0
319,7.0,6.0,1.0,3.0,3.0,0.0,4081.629,2771.795,56.036,29.388,29.31,8.735,0.0,0.0
320,8.0,6.0,1.0,0.0,2.0,0.0,4907.597,2800.097,28.754,29.276,29.02,8.675,0.0,0.0
321,8.0,6.0,1.0,1.0,3.0,0.0,4968.218,2859.174,27.191,29.629,29.279,8.678,0.0,0.0
323,9.0,6.0,1.0,1.0,1.0,0.0,5498.047,2652.211,84.999,28.594,28.507,8.585,0.0,0.0
324,9.0,6.0,1.0,2.0,2.0,0.0,5685.155,2703.417,28.378,28.941,28.91,8.609,0.0,0.0
325,0.0,7.0,1.0,0.0,1.0,0.0,550.242,2900.5,32.619,29.282,29.135,8.693,0.0,0.0
326,0.0,7.0,1.0,1.0,2.0,0.0,398.179,2919.229,82.462,28.823,28.758,8.569,0.0,0.0
327,1.0,7.0,1.0,0.0,0.0,0.0,1113.511,2905.931,-31.328,29.292,29.183,8.702,0.0,0.0
328,1.0,7.0,1.0,1.0,1.0,0.0,634.456,2955.324,100.787,29.279,29.222,8.705,0.0,0.0
329,1.0,7.0,1.0,2.0,2.0,0.0,1051.124,3011.886,49.265,28.629,28.403,8.575,0.0,0.0
330,1.0,7.0,1.0,3.0,3.0,0.0,718.459,3097.734,-5.815,29.029,28.931,8.625,0.0,0.0
332,1.0,7.0,1.0,5.0,6.0,0.0,838.299,3188.407,48.308,29.002,28.985,8.629,0.0,0.0
333,1.0,7.0,1.0,6.0,7.0,0.0,645.756,3225.84,-13.209,29.052,28.975,8.635,0.0,0.0
334,1.0,7.0,1.0,7.0,8.0,0.0,1035.296,3241.161,19.475,29.63,29.453,8.618,0.0,0.0
335,1.0,7.0,1.0,8.0,9.0,0.0,1005.393,3270.714,71.232,29.238,29.073,8.677,0.0,0.0
336,2.0,7.0,1.0,0.0,0.0,0.0,1515.178,2979.789,65.256,28.505,28.407,8.557,0.0,0.0
337,2.0,7.0,1.0,1.0,1.0,0.0,1219.953,2986.102,21.525,28.662,28.538,8.6,0.0,0.0
338,2.0,7.0,1.0,2.0,2.0,0.0,1206.409,3188.477,80.135,28.979,28.864,8.608,0.0,0.0
340,3.0,7.0,1.0,1.0,2.0,0.0,1904.979,2950.336,56.129,28.72,28.57,8.613,0.0,0.0
341,4.0,7.0,1.0,0.0,0.0,0.0,2344.431,2900.601,76.07,28.864,28.766,8.576,0.0,0.0
342,4.0,7.0,1.0,1.0,1.0,0.0,2779.831,2900.904,54.891,28.804,28.677,8.554,0.0,0.0
343,4.0,7.0,1.0,2.0,2.0,0.0,2436.03,2977.224,42.933,28.547,28.357,8.556,0.0,0.0
344,4.0,7.0,1.0,3.0,3.0,0.0,2559.178,3061.06,120.084,28.52,28.471,8.569,0.0,0.0
345,4.0,7.0,1.0,4.0,4.0,0.0,2624.842,3101.324,128.087,27.959,27.016,8.351,0.0,0.0
346,4.0,7.0,1.0,5.0,5.0,0.0,2373.306,3102.195,108.608,28.376,28.191,8.505,0.0,0.0
347,4.0,7.0,1.0,6.0,6.0,0.0,2741.097,3179.813,84.052,29.223,28.858,8.643,0.0,0.0
348,4.0,7.0,1.0,7.0,7.0,0.0,2511.026,3180.529,-6.671,28.99,28.835,8.605,0.0,0.0
349,4.0,7.0,1.0,8.0,8.0,0.0,2458.026,3267.994,16.732,28.598,28.16,8.534,0.0,0.0
350,5.0,7.0,1.0,0.0,0.0,0.0,3279.058,2921.196,55.22,28.696,28.457,8.593,0.0,0.0
352,5.0,7.0,1.0,2.0,2.0,0.0,3153.369,3018.272,79.222,28.721,28.573,8.614,0.0,0.0
353,5.0,7.0,1.0,3.0,4.0,0.0,3054.285,3059.203,120.011,28.507,28.268,8.536,0.0,0.0
355,5.0,7.0,1.0,5.0,6.0,0.0,3238.54,3118.427,57.601,27.861,27.763,8.452,0.0,0.0
359,6.0,7.0,1.0,0.0,0.0,0.0,3554.745,2883.823,83.456,28.788,28.61,8.63,0.0,0.0
360,6.0,7.0,1.0,1.0,1.0,0.0,3806.063,2995.259,-25.403,28.887,28.699,8.658,0.0,0.0
361,6.0,7.0,1.0,2.0,3.0,0.0,3619.573,3038.546,76.106,28.871,28.417,8.612,0.0,0.0
363,6.0,7.0,1.0,4.0,5.0,0.0,3853.206,3048.402,-18.907,28.521,28.439,8.564,0.0,0.0
364,6.0,7.0,1.0,5.0,6.0,0.0,3572.746,3151.629,110.581,29.149,29.066,8.663,0.0,0.0
365,6.0,7.0,1.0,6.0,7.0,0.0,3609.607,3246.557,89.735,29.226,29.206,8.695,0.0,0.0
366,6.0,7.0,1.0,7.0,8.0,0.0,3943.578,3259.862,44.821,29.301,28.92,8.664,0.0,0.0
367,7.0,7.0,1.0,0.0,0.0,0.0,4595.873,2975.372,-20.42,28.891,28.742,8.576,0.0,0.0
368,7.0,7.0,1.0,1.0,1.0,0.0,4607.101,3030.161,-7.245,29.559,29.371,8.681,0.0,0.0
369,7.0,7.0,1.0,2.0,4.0,0.0,4120.879,3122.245,81.064,29.107,28.865,8.627,0.0,0.0
370,7.0,7.0,1.0,3.0,6.0,0.0,4505.667,3165.8,112.867,28.795,28.706,8.645,0.0,0.0
371,7.0,7.0,1.0,4.0,7.0,0.0,4313.855,3245.475,75.601,29.421,29.368,8.748,0.0,0.0
372,7.0,7.0,1.0,5.0,8.0,0.0,4431.148,3271.073,89.237,29.054,29.006,8.64,0.0,0.0
373,8.0,7.0,1.0,0.0,1.0,0.0,4652.826,2977.135,44.784,29.514,29.37,8.763,0.0,0.0
374,8.0,7.0,1.0,1.0,2.0,0.0,4876.385,2989.207,114.89,28.687,28.477,8.595,0.0,0.0
375,8.0,7.0,1.0,2.0,4.0,0.0,4782.361,3036.615,22.216,28.917,28.714,8.665,0.0,0.0
376,8.0,7.0,1.0,3.0,5.0,0.0,5053.965,3066.77,57.168,28.405,28.183,8.508,0.0,0.0
377,8.0,7.0,1.0,4.0,6.0,0.0,4969.688,3135.569,18.345,28.555,28.313,8.55,0.0,0.0
378,8.0,7.0,1.0,5.0,7.0,0.0,4732.302,3242.224,41.699,29.211,28.481,8.585,0.0,0.0
379,8.0,7.0,1.0,6.0,8.0,0.0,4830.603,3255.17,102.96,29.248,28.942,8.659,0.0,0.0
383,9.0,7.0,1.0,1.0,1.0,0.0,5331.557,2912.018,23.329,28.876,28.723,8.66,0.0,0.0
384,9.0,7.0,1.0,2.0,2.0,0.0,5544.861,2957.57,109.631,28.023,27.894,8.496,0.0,0.0
385,9.0,7.0,1.0,3.0,3.0,0.0,5672.144,3033.747,-42.881,29.057,29.014,8.641,0.0,0.0
386,9.0,7.0,1.0,4.0,4.0,0.0,5727.881,3078.621,72.807,28.92,28.901,8.604,0.0,0.0
387,9.0,7.0,1.0,5.0,5.0,0.0,5443.46,3136.384,79.77,29.194,29.172,8.685,0.0,0.0
388,0.0,8.0,1.0,0.0,0.0,0.0,306.924,3420.424,72.097,28.449,28.385,8.545,0.0,0.0
389,0.0,8.0,1.0,1.0,1.0,0.0,268.857,3482.844,80.056,28.847,28.781,8.576,0.0,0.0
390,0.0,8.0,1.0,2.0,2.0,0.0,514.453,3579.303,-15.941,29.216,29.163,8.687,0.0,0.0
391,0.0,8.0,1.0,3.0,3.0,0.0,385.913,3665.051,30.674,29.248,28.998,8.581,0.0,0.0
392,1.0,8.0,1.0,0.0,1.0,0.0,633.5,3470.163,61.226,28.422,28.347,8.535,0.0,0.0
393,1.0,8.0,1.0,1.0,2.0,0.0,644.811,3566.195,109.133,29.298,29.16,8.699,0.0,0.0
394,1.0,8.0,1.0,2.0,3.0,0.0,1070.419,3566.117,22.284,28.766,28.555,8.619,0.0,0.0
396,2.0,8.0,1.0,0.0,0.0,0.0,1501.064,3336.362,-11.486,28.763,28.712,8.642,0.0,0.0
397,2.0,8.0,1.0,1.0,1.0,0.0,1376.819,3459.558,80.378,28.94,28.899,8.607,0.0,0.0
398,2.0,8.0,1.0,2.0,2.0,0.0,1290.708,3636.899,34.331,29.088,28.957,8.638,0.0,0.0
399,3.0,8.0,1.0,0.0,0.0,0.0,2144.352,3283.505,48.386,29.273,29.187,8.699,0.0,0.0
400,3.0,8.0,1.0,1.0,1.0,0.0,2314.743,3287.612,92.778,29.369,27.915,8.52,0.0,0.0
401,3.0,8.0,1.0,2.0,2.0,0.0,1935.542,3422.74,-16.125,28.412,28.109,8.498,0.0,0.0
402,3.0,8.0,1.0,3.0,3.0,0.0,2163.249,3537.635,4.784,28.474,28.263,8.531,0.0,0.0
403,3.0,8.0,1.0,4.0,4.0,0.0,2226.16,3561.637,69.344,28.534,28.419,8.563,0.0,0.0
404,4.0,8.0,1.0,0.0,2.0,0.0,2709.875,3355.248,41.441,28.94,28.866,8.602,0.0,0.0
405,4.0,8.0,1.0,1.0,3.0,0.0,2355.625,3637.268,132.004,28.88,28.822,8.587,0.0,0.0
406,5.0,8.0,1.0,0.0,0.0,0.0,3034.387,3315.437,73.788,28.987,28.486,8.553,0.0,0.0
407,5.0,8.0,1.0,1.0,1.0,0.0,3412.201,3386.385,51.729,28.919,28.806,8.59,0.0,0.0
408,5.0,8.0,1.0,2.0,2.0,0.0,2935.619,3629.291,10.377,28.819,28.735,8.654,0.0,0.0
409,6.0,8.0,1.0,0.0,1.0,0.0,3734.438,3320.411,63.367,29.011,28.83,8.607,0.0,0.0
410,6.0,8.0,1.0,1.0,2.0,0.0,4039.14,3367.506,-2.295,29.137,29.118,8.669,0.0,0.0
411,6.0,8.0,1.0,2.0,3.0,0.0,3655.782,3442.41,77.669,28.613,28.441,8.578,0.0,0.0
412,6.0,8.0,1.0,3.0,4.0,0.0,3711.816,3485.236,41.128,28.509,28.446,8.563,0.0,0.0
413,6.0,8.0,1.0,4.0,5.0,0.0,3998.339,3500.409,86.992,28.95,28.822,8.597,0.0,0.0
414,7.0,8.0,1.0,0.0,2.0,0.0,4583.849,3280.817,74.758,29.253,29.111,8.685,0.0,0.0
415,7.0,8.0,1.0,1.0,3.0,0.0,4068.678,3340.814,-16.767,29.207,29.166,8.687,0.0,0.0
416,7.0,8.0,1.0,2.0,5.0,0.0,4220.451,3440.871,78.441,28.609,28.322,8.837,0.0,0.0
417,7.0,8.0,1.0,3.0,5.0,0.0,4207.749,3415.596,70.675,29.125,28.688,8.875,0.0,0.0
418,7.0,8.0,1.0,4.0,6.0,0.0,4286.072,3455.597,-11.141,28.635,28.45,8.583,0.0,0.0
419,7.0,8.0,1.0,5.0,7.0,0.0,4437.448,3507.358,84.489,27.946,27.725,8.458,0.0,0.0
420,7.0,8.0,1.0,6.0,8.0,0.0,4486.057,3543.446,49.15,28.429,28.339,8.535,0.0,0.0
422,8.0,8.0,1.0,0.0,3.0,0.0,4909.09,3441.644,78.234,28.581,28.431,8.572,0.0,0.0
423,8.0,8.0,1.0,1.0,4.0,0.0,5114.482,3486.386,55.08,29.277,29.191,8.701,0.0,0.0
424,8.0,8.0,1.0,2.0,5.0,0.0,5031.002,3501.65,72.329,28.325,28.213,8.501,0.0,0.0
426,8.0,8.0,1.0,4.0,7.0,0.0,5003.314,3659.425,66.537,28.676,28.276,8.563,0.0,0.0
427,8.0,8.0,1.0,5.0,8.0,0.0,4624.074,3660.679,36.981,29.366,29.26,8.724,0.0,0.0
428,9.0,8.0,1.0,0.0,0.0,0.0,5509.961,3303.201,70.345,29.122,28.867,8.629,0.0,0.0
429,9.0,8.0,1.0,1.0,1.0,0.0,5663.835,3345.826,-36.967,28.998,28.926,8.62,0.0,0.0
430,9.0,8.0,1.0,2.0,2.0,0.0,5244.364,3424.957,70.362,28.969,28.807,8.598,0.0,0.0
431,9.0,8.0,1.0,3.0,3.0,0.0,5481.915,3539.769,67.334,28.814,28.628,8.636,0.0,0.0
432,9.0,8.0,1.0,4.0,4.0,0.0,5534.854,3668.774,91.303,28.853,28.755,8.573,0.0,0.0
433,0.0,9.0,1.0,0.0,1.0,0.0,93.296,3757.623,25.191,28.759,28.619,8.627,0.0,0.0
434,0.0,9.0,1.0,1.0,2.0,0.0,508.508,3837.254,35.047,28.76,28.672,8.635,0.0,0.0
435,0.0,9.0,1.0,2.0,3.0,0.0,282.282,3846.569,-29.74,28.366,28.146,8.587,0.0,0.0
436,0.0,9.0,1.0,3.0,4.0,0.0,216.901,4015.613,-17.126,29.309,29.169,8.702,0.0,0.0
437,0.0,9.0,1.0,4.0,5.0,0.0,413.814,4045.515,62.575,29.163,29.02,8.658,0.0,0.0
438,0.0,9.0,1.0,5.0,6.0,0.0,270.661,4071.2,66.209,28.747,28.613,8.624,0.0,0.0
439,0.0,9.0,1.0,6.0,8.0,0.0,113.179,4086.913,125.571,29.206,29.102,8.677,0.0,0.0
440,1.0,9.0,1.0,0.0,0.0,0.0,803.034,3830.617,50.607,29.413,28.885,9.25,0.0,0.0
441,1.0,9.0,1.0,1.0,0.0,0.0,784.592,3812.187,61.02,29.245,29.012,9.359,0.0,0.0
442,1.0,9.0,1.0,2.0,1.0,0.0,1049.924,3913.523,40.066,28.848,28.746,8.659,0.0,0.0
443,1.0,9.0,1.0,3.0,2.0,0.0,963.411,3915.255,8.953,27.65,27.456,8.285,0.0,0.0
444,2.0,9.0,1.0,0.0,0.0,0.0,1572.077,3821.771,37.785,28.988,28.841,8.606,0.0,0.0
445,2.0,9.0,1.0,1.0,1.0,0.0,1680.576,3922.907,92.708,28.82,28.74,8.654,0.0,0.0
446,2.0,9.0,1.0,2.0,2.0,0.0,1228.753,4049.729,-14.058,28.896,28.752,8.668,0.0,0.0
447,3.0,9.0,1.0,0.0,1.0,0.0,2283.985,3825.481,-39.36,29.251,29.11,8.685,0.0,0.0
448,3.0,9.0,1.0,1.0,2.0,0.0,2268.928,3871.719,109.115,28.772,28.656,8.634,0.0,0.0
449,3.0,9.0,1.0,2.0,4.0,0.0,1885.208,3928.528,66.751,28.674,28.485,8.594,0.0,0.0
450,3.0,9.0,1.0,3.0,5.0,0.0,2301.158,3993.188,41.101,29.45,29.331,8.659,0.0,0.0
451,3.0,9.0,1.0,4.0,6.0,0.0,1850.103,3993.973,-31.865,29.023,28.87,8.615,0.0,0.0
452,4.0,9.0,1.0,0.0,0.0,0.0,2780.673,3829.818,-2.073,28.717,28.596,8.617,0.0,0.0
453,4.0,9.0,1.0,1.0,1.0,0.0,2371.294,3850.232,52.213,28.911,28.529,8.636,0.0,0.0
454,4.0,9.0,1.0,2.0,2.0,0.0,2336.859,3880.169,34.98,28.83,28.644,8.553,0.0,0.0
455,4.0,9.0,1.0,3.0,3.0,0.0,2345.324,3916.178,29.016,29.107,29.052,8.655,0.0,0.0
457,4.0,9.0,1.0,5.0,6.0,0.0,2597.463,3997.162,82.517,29.04,28.784,8.605,0.0,0.0
458,4.0,9.0,1.0,6.0,7.0,0.0,2750.883,4010.077,57.74,28.967,28.91,8.613,0.0,0.0
459,4.0,9.0,1.0,7.0,8.0,0.0,2659.893,4043.645,99.035,29.299,29.194,8.704,0.0,0.0
460,4.0,9.0,1.0,8.0,9.0,0.0,2643.552,4085.92,82.632,29.349,29.189,8.623,0.0,0.0
461,5.0,9.0,1.0,0.0,0.0,0.0,3266.547,3708.817,91.151,28.867,28.776,8.578,0.0,0.0
463,5.0,9.0,1.0,2.0,2.0,0.0,3096.601,3884.244,81.176,28.683,28.612,8.526,0.0,0.0
464,5.0,9.0,1.0,3.0,3.0,0.0,3266.589,3909.319,48.185,28.222,27.94,8.444,0.0,0.0
465,5.0,9.0,1.0,4.0,5.0,0.0,3236.916,3986.549,-26.053,28.885,28.601,8.643,0.0,0.0
466,5.0,9.0,1.0,5.0,6.0,0.0,2959.669,4036.697,72.345,29.16,29.045,8.661,0.0,0.0
467,6.0,9.0,1.0,0.0,0.0,0.0,3844.688,3818.355,17.897,28.788,28.462,8.608,0.0,0.0
468,6.0,9.0,1.0,1.0,1.0,0.0,3912.783,3940.683,-21.016,29.258,28.549,8.688,0.0,0.0
469,6.0,9.0,1.0,2.0,1.0,0.0,3940.541,3929.485,-23.684,29.601,29.078,8.819,0.0,0.0
473,7.0,9.0,1.0,2.0,3.0,0.0,4456.037,3923.56,107.253,28.173,27.985,8.533,0.0,0.0
474,7.0,9.0,1.0,3.0,4.0,0.0,4207.12,3929.369,34.584,28.959,28.903,8.611,0.0,0.0
478,8.0,9.0,1.0,1.0,2.0,0.0,4652.406,3857.115,19.147,28.723,28.577,8.615,0.0,0.0
479,8.0,9.0,1.0,2.0,4.0,0.0,4772.873,3915.443,62.248,28.535,28.453,8.568,0.0,0.0
480,9.0,9.0,1.0,0.0,1.0,0.0,5623.603,3725.222,118.767,29.177,29.116,8.587,0.0,0.0
481,9.0,9.0,1.0,1.0,2.0,0.0,5216.561,3868.344,59.223,28.813,28.636,8.637,0.0,0.0
482,0.0,10.0,1.0,0.0,3.0,0.0,539.292,4124.854,93.566,28.982,28.92,8.616,0.0,0.0
483,0.0,10.0,1.0,1.0,4.0,0.0,337.94,4198.75,24.225,28.785,28.573,8.624,0.0,0.0
484,0.0,10.0,1.0,2.0,5.0,0.0,358.848,4316.094,124.174,28.486,26.625,8.276,0.0,0.0
485,0.0,10.0,1.0,3.0,7.0,0.0,205.853,4387.616,7.563,28.968,28.723,8.585,0.0,0.0
486,0.0,10.0,1.0,4.0,8.0,0.0,57.239,4431.733,113.111,28.204,27.286,8.342,0.0,0.0
487,1.0,10.0,1.0,0.0,0.0,0.0,1056.884,4107.341,31.417,29.01,28.875,8.614,0.0,0.0
488,1.0,10.0,1.0,1.0,1.0,0.0,689.155,4175.036,52.158,28.71,28.462,8.596,0.0,0.0
489,1.0,10.0,1.0,2.0,2.0,0.0,1077.463,4211.214,57.982,28.893,28.668,8.654,0.0,0.0
490,1.0,10.0,1.0,3.0,3.0,0.0,605.863,4438.015,8.009,29.193,29.04,8.666,0.0,0.0
491,1.0,10.0,1.0,4.0,4.0,0.0,846.022,4455.628,43.178,28.911,28.766,8.672,0.0,0.0
492,2.0,10.0,1.0,0.0,0.0,0.0,1400.672,4103.32,55.651,29.04,28.94,8.717,0.0,0.0
494,2.0,10.0,1.0,2.0,3.0,0.0,1386.615,4410.661,93.562,29.042,28.918,8.625,0.0,0.0
495,2.0,10.0,1.0,3.0,4.0,0.0,1696.208,4489.491,39.726,29.492,29.365,8.67,0.0,0.0
496,2.0,10.0,1.0,4.0,5.0,0.0,1170.383,4494.674,10.61,29.494,29.048,8.624,0.0,0.0
497,2.0,10.0,1.0,5.0,6.0,0.0,1540.545,4497.847,12.219,29.097,28.755,8.609,0.0,0.0
499,3.0,10.0,1.0,1.0,1.0,0.0,1752.12,4170.843,33.627,28.667,28.355,8.573,0.0,0.0
501,3.0,10.0,1.0,3.0,4.0,0.0,2247.445,4214.142,75.8,29.013,28.895,8.617,0.0,0.0
502,3.0,10.0,1.0,4.0,8.0,0.0,1904.534,4232.186,91.363,29.166,28.694,8.521,0.0,0.0
503,3.0,10.0,1.0,5.0,9.0,0.0,1911.539,4424.776,4.969,29.035,28.909,8.623,0.0,0.0
504,3.0,10.0,1.0,6.0,10.0,0.0,2144.801,4469.239,84.228,28.819,28.731,8.653,0.0,0.0
505,3.0,10.0,1.0,7.0,11.0,0.0,1792.17,4500.343,0.023,30.33,25.573,8.308,0.0,0.0
506,4.0,10.0,1.0,0.0,1.0,0.0,2684.636,4117.092,12.042,28.682,28.632,8.617,0.0,0.0
507,4.0,10.0,1.0,1.0,2.0,0.0,2473.521,4213.218,112.572,28.729,28.342,8.58,0.0,0.0
508,4.0,10.0,1.0,2.0,3.0,0.0,2326.007,4215.342,63.307,29.069,28.811,8.613,0.0,0.0
509,4.0,10.0,1.0,3.0,4.0,0.0,2829.634,4323.072,60.105,28.991,28.949,8.622,0.0,0.0
510,4.0,10.0,1.0,4.0,5.0,0.0,2364.016,4348.613,48.793,29.159,28.9,8.64,0.0,0.0
511,4.0,10.0,1.0,5.0,6.0,0.0,2516.262,4469.996,16.012,28.909,28.899,8.602,0.0,0.0
512,5.0,10.0,1.0,0.0,0.0,0.0,3014.962,4167.109,50.591,28.687,28.582,8.611,0.0,0.0
513,5.0,10.0,1.0,1.0,1.0,0.0,3364.057,4188.119,117.686,29.215,29.062,8.672,0.0,0.0
514,5.0,10.0,1.0,2.0,2.0,0.0,2987.86,4199.732,129.219,28.515,28.296,8.542,0.0,0.0
517,5.0,10.0,1.0,5.0,5.0,0.0,3145.515,4371.878,44.695,29.116,28.914,8.635,0.0,0.0
518,5.0,10.0,1.0,6.0,6.0,0.0,3405.695,4404.557,110.836,29.422,29.34,8.656,0.0,0.0
519,5.0,10.0,1.0,7.0,7.0,0.0,3091.617,4424.234,27.986,29.276,29.197,8.701,0.0,0.0
520,6.0,10.0,1.0,0.0,0.0,0.0,3872.339,4183.116,-29.299,28.739,28.627,8.625,0.0,0.0
521,6.0,10.0,1.0,1.0,1.0,0.0,3475.994,4275.654,-30.356,28.819,28.752,8.567,0.0,0.0
522,6.0,10.0,1.0,2.0,3.0,0.0,3685.849,4326.033,56.449,28.891,28.242,8.589,0.0,0.0
523,6.0,10.0,1.0,3.0,4.0,0.0,3694.827,4363.34,35.998,28.684,28.494,8.597,0.0,0.0
524,6.0,10.0,1.0,4.0,5.0,0.0,3646.943,4461.514,133.09,29.48,29.39,8.672,0.0,0.0
525,7.0,10.0,1.0,0.0,0.0,0.0,4576.162,4116.051,92.898,29.11,27.32,8.99,0.0,0.0
526,7.0,10.0,1.0,1.0,1.0,0.0,4406.805,4126.135,97.609,28.917,28.792,8.676,0.0,0.0
527,7.0,10.0,1.0,2.0,2.0,0.0,4351.11,4300.35,73.79,28.109,27.911,8.511,0.0,0.0
528,8.0,10.0,1.0,0.0,0.0,0.0,4739.806,4151.808,13.51,28.517,28.066,8.507,0.0,0.0
529,8.0,10.0,1.0,1.0,1.0,0.0,4823.529,4164.635,-16.493,28.466,28.08,8.502,0.0,0.0
530,8.0,10.0,1.0,2.0,2.0,0.0,5061.315,4187.715,50.114,28.848,28.748,8.66,0.0,0.0
531,8.0,10.0,1.0,3.0,3.0,0.0,5075.296,4301.713,87.408,28.752,28.565,8.617,0.0,0.0
532,8.0,10.0,1.0,4.0,4.0,0.0,4810.49,4315.415,64.315,28.512,28.339,8.547,0.0,0.0
533,8.0,10.0,1.0,5.0,5.0,0.0,5013.844,4418.866,-33.115,28.703,28.568,8.611,0.0,0.0
534,9.0,10.0,1.0,0.0,2.0,0.0,5309.498,4188.987,114.443,28.853,28.721,8.567,0.0,0.0
535,9.0,10.0,1.0,1.0,3.0,0.0,5379.697,4270.455,35.445,28.434,28.415,8.547,0.0,0.0
537,0.0,11.0,1.0,0.0,0.0,0.0,52.479,4611.845,-30.382,28.815,28.753,8.567,0.0,0.0
538,0.0,11.0,1.0,1.0,1.0,0.0,403.892,4680.449,90.742,28.444,28.185,8.514,0.0,0.0
539,0.0,11.0,1.0,2.0,2.0,0.0,217.854,4796.333,81.271,28.837,28.65,8.555,0.0,0.0
540,0.0,11.0,1.0,3.0,3.0,0.0,269.122,4881.786,-8.579,29.105,29.021,8.65,0.0,0.0
541,1.0,11.0,1.0,0.0,1.0,0.0,778.674,4619.425,105.556,28.668,28.566,8.605,0.0,0.0
542,1.0,11.0,1.0,1.0,2.0,0.0,1022.388,4721.881,41.469,28.479,28.254,8.53,0.0,0.0
543,1.0,11.0,1.0,2.0,3.0,0.0,1145.307,4775.678,-10.915,29.047,28.922,8.626,0.0,0.0
544,1.0,11.0,1.0,3.0,4.0,0.0,924.723,4847.336,97.667,28.618,28.548,8.595,0.0,0.0
545,2.0,11.0,1.0,0.0,3.0,0.0,1325.55,4742.239,-34.43,29.219,28.824,8.638,0.0,0.0
546,2.0,11.0,1.0,1.0,4.0,0.0,1306.894,4766.726,116.927,29.128,28.556,8.584,0.0,0.0
547,3.0,11.0,1.0,0.0,1.0,0.0,2145.404,4541.593,120.582,28.998,28.881,8.613,0.0,0.0
548,3.0,11.0,1.0,1.0,2.0,0.0,1976.034,4546.233,80.321,28.767,28.617,8.539,0.0,0.0
549,3.0,11.0,1.0,2.0,3.0,0.0,2101.714,4559.856,59.1,28.627,28.522,8.592,0.0,0.0
550,3.0,11.0,1.0,3.0,4.0,0.0,2022.824,4621.303,57.596,28.473,28.064,8.5,0.0,0.0
551,3.0,11.0,1.0,4.0,5.0,0.0,2212.982,4729.45,97.464,28.761,28.608,8.625,0.0,0.0
552,3.0,11.0,1.0,5.0,6.0,0.0,2187.686,4811.286,119.357,28.809,28.499,8.616,0.0,0.0
553,4.0,11.0,1.0,0.0,0.0,0.0,2529.169,4613.157,34.685,28.827,28.656,8.643,0.0,0.0
554,4.0,11.0,1.0,1.0,1.0,0.0,2603.213,4787.014,120.867,28.38,28.142,8.498,0.0,0.0
555,5.0,11.0,1.0,0.0,0.0,0.0,3090.688,4533.65,123.254,28.935,28.708,8.578,0.0,0.0
556,5.0,11.0,1.0,1.0,1.0,0.0,3363.598,4545.48,-9.969,29.362,29.346,8.649,0.0,0.0
557,5.0,11.0,1.0,2.0,2.0,0.0,2957.8,4658.19,86.401,28.987,28.853,8.607,0.0,0.0
558,5.0,11.0,1.0,3.0,3.0,0.0,3458.298,4659.202,-43.53,29.164,28.859,8.634,0.0,0.0
559,5.0,11.0,1.0,4.0,4.0,0.0,3161.136,4664.254,62.549,28.838,28.756,8.659,0.0,0.0
561,5.0,11.0,1.0,6.0,6.0,0.0,3150.921,4824.757,4.971,28.998,28.96,8.625,0.0,0.0
562,5.0,11.0,1.0,7.0,7.0,0.0,3079.373,4848.494,-7.84,29.366,29.098,8.612,0.0,0.0
563,5.0,11.0,1.0,8.0,8.0,0.0,3250.601,4898.342,38.758,29.16,29.08,8.667,0.0,0.0
564,6.0,11.0,1.0,0.0,0.0,0.0,3720.257,4524.692,35.251,28.575,28.54,8.587,0.0,0.0
565,6.0,11.0,1.0,1.0,1.0,0.0,4038.271,4556.189,7.374,29.055,28.946,8.631,0.0,0.0
566,6.0,11.0,1.0,2.0,2.0,0.0,3781.29,4559.842,3.333,28.876,28.731,8.662,0.0,0.0
567,6.0,11.0,1.0,3.0,3.0,0.0,3617.721,4636.516,49.774,28.439,28.337,8.536,0.0,0.0
568,6.0,11.0,1.0,4.0,5.0,0.0,3539.847,4819.601,-26.444,29.249,29.035,8.674,0.0,0.0
569,7.0,11.0,1.0,0.0,0.0,0.0,4264.91,4538.277,37.184,29.214,29.108,8.679,0.0,0.0
572,7.0,11.0,1.0,3.0,3.0,0.0,4231.176,4658.498,15.953,29.128,28.711,8.607,0.0,0.0
573,7.0,11.0,1.0,4.0,4.0,0.0,4491.635,4660.754,43.419,28.808,28.708,8.648,0.0,0.0
576,8.0,11.0,1.0,0.0,1.0,0.0,5001.888,4677.049,-26.543,28.429,28.154,8.507,0.0,0.0
578,8.0,11.0,1.0,2.0,4.0,0.0,4860.879,4814.098,26.211,29.278,28.983,8.67,0.0,0.0
579,9.0,11.0,1.0,0.0,1.0,0.0,5342.731,4577.955,23.797,29.099,28.892,8.63,0.0,0.0
580,9.0,11.0,1.0,1.0,2.0,0.0,5257.335,4606.434,1.277,28.566,28.354,8.558,0.0,0.0
582,9.0,11.0,1.0,3.0,7.0,0.0,5400.086,4667.917,67.118,28.866,28.752,8.663,0.0,0.0
583,9.0,11.0,1.0,4.0,9.0,0.0,5203.869,4692.978,-17.424,29.01,28.88,8.615,0.0,0.0
584,9.0,11.0,1.0,5.0,10.0,0.0,5660.005,4732.393,121.009,28.792,28.627,8.633,0.0,0.0
585,9.0,11.0,1.0,6.0,11.0,0.0,5230.804,4855.992,-41.854,29.332,29.161,8.704,0.0,0.0
586,9.0,11.0,1.0,7.0,12.0,0.0,5557.58,4865.638,54.583,29.023,28.801,8.605,0.0,0.0
588,0.0,12.0,1.0,0.0,1.0,0.0,252.397,5167.758,92.263,28.412,28.089,8.495,0.0,0.0
589,0.0,12.0,1.0,1.0,2.0,0.0,47.058,5175.913,-15.205,28.875,28.678,8.564,0.0,0.0
590,1.0,12.0,1.0,0.0,0.0,0.0,603.44,4927.158,17.511,29.58,29.509,8.705,0.0,0.0
591,1.0,12.0,1.0,1.0,1.0,0.0,1122.48,4935.129,126.488,29.06,28.94,8.631,0.0,0.0
592,1.0,12.0,1.0,2.0,2.0,0.0,674.115,4946.615,-39.6,29.221,29.188,8.692,0.0,0.0
593,1.0,12.0,1.0,3.0,3.0,0.0,716.165,4992.038,-8.917,28.858,28.671,8.65,0.0,0.0
594,1.0,12.0,1.0,4.0,5.0,0.0,597.262,5247.129,-3.139,27.044,25.984,8.739,0.0,0.0
595,2.0,12.0,1.0,0.0,0.0,0.0,1508.829,4931.24,101.125,28.867,28.741,8.661,0.0,0.0
596,2.0,12.0,1.0,1.0,1.0,0.0,1675.475,4950.831,41.634,29.167,28.958,8.65,0.0,0.0
597,2.0,12.0,1.0,2.0,2.0,0.0,1620.924,4968.78,121.258,29.023,28.886,8.617,0.0,0.0
598,2.0,12.0,1.0,3.0,3.0,0.0,1172.887,5009.597,14.655,28.526,26.386,8.638,0.0,0.0
599,2.0,12.0,1.0,4.0,4.0,0.0,1636.43,5068.511,4.306,28.833,28.723,8.654,0.0,0.0
600,2.0,12.0,1.0,5.0,5.0,0.0,1293.666,5244.707,-13.075,28.849,28.792,8.578,0.0,0.0
601,3.0,12.0,1.0,0.0,0.0,0.0,2019.576,4942.633,68.789,28.872,28.828,8.586,0.0,0.0
602,3.0,12.0,1.0,1.0,1.0,0.0,1798.612,4955.69,94.417,28.837,28.522,8.623,0.0,0.0
603,3.0,12.0,1.0,2.0,2.0,0.0,1953.127,5161.552,41.681,28.595,28.362,8.564,0.0,0.0
604,3.0,12.0,1.0,3.0,3.0,0.0,2139.245,5205.384,16.374,29.322,28.967,9.717,0.0,0.0
605,3.0,12.0,1.0,4.0,3.0,0.0,2123.516,5189.667,22.264,29.097,28.687,9.63,0.0,0.0
606,3.0,12.0,1.0,5.0,4.0,0.0,2308.574,5219.067,42.727,29.423,29.275,8.735,0.0,0.0
607,3.0,12.0,1.0,6.0,5.0,0.0,1959.582,5247.859,-29.979,28.903,28.774,8.583,0.0,0.0
608,4.0,12.0,1.0,0.0,0.0,0.0,2780.289,4944.359,134.774,28.812,28.594,8.631,0.0,0.0
609,4.0,12.0,1.0,1.0,2.0,0.0,2862.568,5047.443,53.858,29.025,28.94,8.626,0.0,0.0
610,4.0,12.0,1.0,2.0,4.0,0.0,2766.334,5232.384,36.571,29.21,29.131,8.682,0.0,0.0
611,4.0,12.0,1.0,3.0,5.0,0.0,2520.484,5274.674,59.55,29.328,28.987,8.678,0.0,0.0
612,4.0,12.0,1.0,4.0,6.0,0.0,2869.528,5290.814,-24.248,29.352,29.29,8.727,0.0,0.0
613,5.0,12.0,1.0,0.0,1.0,0.0,3014.724,4959.088,55.006,28.735,28.655,8.629,0.0,0.0
614,5.0,12.0,1.0,1.0,2.0,0.0,3387.807,4980.377,110.639,28.795,28.743,8.651,0.0,0.0
615,5.0,12.0,1.0,2.0,3.0,0.0,2908.315,5034.299,41.454,29.244,28.98,8.577,0.0,0.0
616,5.0,12.0,1.0,3.0,4.0,0.0,2929.716,5065.234,34.84,29.436,29.186,8.636,0.0,0.0
618,6.0,12.0,1.0,0.0,0.0,0.0,3664.887,4922.172,91.3,29.207,28.979,8.659,0.0,0.0
620,6.0,12.0,1.0,2.0,2.0,0.0,3547.119,5002.262,103.567,29.236,29.162,8.69,0.0,0.0
621,6.0,12.0,1.0,3.0,3.0,0.0,3842.932,5061.385,111.259,28.536,28.495,8.575,0.0,0.0
622,6.0,12.0,1.0,4.0,4.0,0.0,3671.579,5102.409,60.175,29.111,28.881,8.63,0.0,0.0
623,6.0,12.0,1.0,5.0,5.0,0.0,3690.341,5159.675,109.617,28.819,28.632,8.638,0.0,0.0
624,7.0,12.0,1.0,0.0,0.0,0.0,4468.942,4974.933,7.104,29.084,29.024,8.647,0.0,0.0
625,7.0,12.0,1.0,1.0,1.0,0.0,4350.295,5047.431,26.609,28.748,28.66,8.631,0.0,0.0
626,7.0,12.0,1.0,2.0,2.0,0.0,4424.048,5154.469,-5.749,28.116,28.003,8.527,0.0,0.0
627,8.0,12.0,1.0,0.0,0.0,0.0,4697.494,5185.833,55.514,28.985,28.758,8.593,0.0,0.0
628,8.0,12.0,1.0,1.0,1.0,0.0,5118.438,5255.554,77.183,29.244,29.081,8.679,0.0,0.0
629,9.0,12.0,1.0,0.0,0.0,0.0,5579.892,5012.807,93.87,28.672,28.6,8.611,0.0,0.0
630,9.0,12.0,1.0,1.0,1.0,0.0,5302.221,5065.478,63.429,29.462,29.186,8.64,0.0,0.0
631,9.0,12.0,1.0,2.0,2.0,0.0,5265.286,5160.154,12.907,29.36,28.802,9.024,0.0,0.0
632,9.0,12.0,1.0,3.0,2.0,0.0,5238.121,5150.819,4.393,29.466,29.221,9.011,0.0,0.0
633,0.0,0.0,1.0,0.0,0.0,0.0,482.633,189.209,73.983,29.777,28.257,24.848,4.0,
634,0.0,0.0,1.0,0.0,0.0,0.0,473.641,190.756,-44.417,29.987,28.582,24.859,4.0,
635,0.0,4.0,1.0,0.0,0.0,0.0,352.24,1728.774,57.259,29.072,28.888,24.638,4.0,
636,0.0,9.0,1.0,0.0,0.0,0.0,67.477,4086.58,-34.906,29.629,29.095,24.956,4.0,
637,2.0,10.0,1.0,0.0,0.0,0.0,1717.616,4180.558,-44.329,30.095,29.471,25.344,4.0,
638,2.0,10.0,1.0,0.0,0.0,0.0,1717.103,4168.483,2.166,30.007,27.466,22.799,4.0,
639,3.0,6.0,1.0,0.0,0.0,0.0,2098.344,2607.015,116.481,29.774,29.023,25.054,4.0,
640,4.0,3.0,1.0,0.0,0.0,0.0,2442.791,1355.793,-18.813,28.869,28.574,24.414,4.0,
641,4.0,3.0,1.0,0.0,0.0,0.0,2448.92,1347.917,26.678,29.085,27.654,24.309,4.0,
357,5.0,7.0,1.0,7.0,7.0,0.0,2958.942,3142.93,-44.834,29.414,28.877,9.832,0.0,0.0
356,5.0,7.0,1.0,6.0,7.0,0.0,2943.173,3157.447,-37.556,30.097,29.117,9.845,0.0,0.0
642,6.0,12.0,1.0,0.0,0.0,0.0,3878.438,4925.311,82.961,29.757,29.284,25.124,4.0,
643,6.0,12.0,1.0,0.0,0.0,0.0,3871.495,4932.894,12.157,29.533,29.146,24.965,4.0,
645,7.0,7.0,1.0,0.0,0.0,0.0,4089.278,3162.369,79.798,29.846,28.739,24.954,4.0,
646,7.0,7.0,1.0,0.0,0.0,0.0,4078.353,3176.997,26.847,29.477,28.559,24.728,4.0,
648,8.0,8.0,1.0,0.0,0.0,0.0,5133.988,3420.503,84.298,30.342,29.081,25.169,4.0,
649,8.0,8.0,1.0,0.0,0.0,0.0,5135.855,3404.262,-37.156,29.509,28.319,24.602,4.0,
651,9.0,4.0,1.0,0.0,0.0,0.0,5272.983,1656.554,19.671,29.67,29.423,25.144,4.0,
</ResultDatas>,,,,,,,,,,,,,,
<ElementResult>,,,,,,,,,,,,,,
0,0.0,,,,,,,,,,,,,
1,0.0,,,,,,,,,,,,,
2,0.0,,,,,,,,,,,,,
3,0.0,,,,,,,,,,,,,
4,0.0,,,,,,,,,,,,,
5,586.0,,,,,,,,,,,,,
</ElementResult>,,,,,,,,,,,,,,
0,0.0,0.0,1.0,0.0,0.0,0.0,364.425,33.746,132.206,28.842,28.473,8.617,0.0,0.0
1,0.0,0.0,1.0,1.0,1.0,0.0,270.491,62.777,28.968,29.161,28.879,8.637,0.0,0.0
2,0.0,0.0,1.0,2.0,2.0,0.0,61.453,106.764,-29.04,29.248,28.104,9.709,0.0,0.0
3,0.0,0.0,1.0,3.0,3.0,0.0,118.73,171.853,120.987,28.294,27.221,8.433,0.0,0.0
4,0.0,0.0,1.0,4.0,5.0,0.0,170.649,310.174,77.881,28.593,28.377,8.565,0.0,0.0
5,0.0,0.0,1.0,5.0,6.0,0.0,35.573,352.28,8.529,28.855,28.8,8.669,0.0,0.0
7,1.0,0.0,1.0,0.0,0.0,0.0,642.508,33.362,20.562,28.661,28.577,8.606,0.0,0.0
8,1.0,0.0,1.0,1.0,1.0,0.0,1029.816,37.898,59.561,29.481,29.327,8.663,0.0,0.0
9,1.0,0.0,1.0,2.0,2.0,0.0,905.448,64.011,43.225,28.784,28.704,8.643,0.0,0.0
10,1.0,0.0,1.0,3.0,3.0,0.0,764.995,71.695,52.994,29.195,29.121,8.678,0.0,0.0
11,1.0,0.0,1.0,4.0,4.0,0.0,664.132,160.109,46.124,28.534,28.469,8.571,0.0,0.0
12,1.0,0.0,1.0,5.0,5.0,0.0,836.016,161.578,53.8,28.585,28.44,8.574,0.0,0.0
13,1.0,0.0,1.0,6.0,6.0,0.0,598.748,301.144,-1.681,29.432,29.361,8.661,0.0,0.0
14,1.0,0.0,1.0,7.0,8.0,0.0,659.141,322.524,23.649,28.915,28.716,8.576,0.0,0.0
15,1.0,0.0,1.0,8.0,9.0,0.0,1141.339,340.107,16.94,29.601,29.362,8.686,0.0,0.0
16,1.0,0.0,1.0,9.0,10.0,0.0,1057.715,410.511,23.471,29.355,29.195,8.713,0.0,0.0
17,2.0,0.0,1.0,0.0,0.0,0.0,1701.703,190.595,5.055,28.812,28.624,8.636,0.0,0.0
18,2.0,0.0,1.0,1.0,1.0,0.0,1440.253,282.743,9.904,28.625,28.564,8.599,0.0,0.0
19,2.0,0.0,1.0,2.0,2.0,0.0,1176.883,318.842,12.99,29.375,29.278,8.64,0.0,0.0
20,2.0,0.0,1.0,3.0,3.0,0.0,1253.522,325.402,27.209,29.349,29.211,8.627,0.0,0.0
21,3.0,0.0,1.0,0.0,0.0,0.0,2038.108,55.717,46.122,28.674,28.609,8.613,0.0,0.0
22,3.0,0.0,1.0,1.0,1.0,0.0,2199.22,150.068,-41.251,28.647,28.603,8.608,0.0,0.0
23,3.0,0.0,1.0,2.0,2.0,0.0,2171.738,257.948,75.587,28.462,28.348,8.541,0.0,0.0
24,3.0,0.0,1.0,3.0,3.0,0.0,2315.266,310.838,89.083,29.649,27.44,8.486,0.0,0.0
25,3.0,0.0,1.0,4.0,4.0,0.0,2064.423,354.693,129.787,29.148,29.023,9.832,0.0,0.0
26,3.0,0.0,1.0,5.0,4.0,0.0,2044.022,349.075,22.369,29.631,29.183,9.924,0.0,0.0
27,3.0,0.0,1.0,6.0,5.0,0.0,1771.249,370.395,34.797,29.016,28.827,8.608,0.0,0.0
28,3.0,0.0,1.0,7.0,6.0,0.0,2014.65,391.804,-1.025,28.855,28.748,8.572,0.0,0.0
29,4.0,0.0,1.0,0.0,0.0,0.0,2362.869,16.966,77.07,29.147,28.996,8.652,0.0,0.0
30,4.0,0.0,1.0,1.0,1.0,0.0,2340.824,92.29,35.963,28.992,28.629,8.663,0.0,0.0
32,4.0,0.0,1.0,3.0,3.0,0.0,2644.994,191.645,106.121,28.765,28.38,8.504,0.0,0.0
33,4.0,0.0,1.0,4.0,4.0,0.0,2744.442,199.451,-29.451,28.683,28.539,8.603,0.0,0.0
34,4.0,0.0,1.0,5.0,5.0,0.0,2451.288,238.917,-34.23,28.806,28.571,8.538,0.0,0.0
35,4.0,0.0,1.0,6.0,8.0,0.0,2438.663,351.286,23.013,28.69,28.577,8.522,0.0,0.0
38,5.0,0.0,1.0,2.0,1.0,0.0,3343.708,118.221,-11.318,28.961,28.831,8.6,0.0,0.0
39,5.0,0.0,1.0,3.0,2.0,0.0,3254.778,190.1,71.014,28.545,28.159,8.526,0.0,0.0
41,5.0,0.0,1.0,5.0,4.0,0.0,3199.524,240.582,36.665,28.005,27.825,8.483,0.0,0.0
47,6.0,0.0,1.0,0.0,1.0,0.0,3528.814,259.805,17.345,28.928,28.738,8.581,0.0,0.0
48,6.0,0.0,1.0,1.0,2.0,0.0,3987.917,328.15,18.307,29.331,28.895,8.665,0.0,0.0
49,6.0,0.0,1.0,2.0,3.0,0.0,3899.584,330.845,-34.081,29.005,28.482,8.467,0.0,0.0
50,7.0,0.0,1.0,0.0,0.0,0.0,4125.252,30.264,33.429,29.124,28.418,8.562,0.0,0.0
51,7.0,0.0,1.0,1.0,1.0,0.0,4092.424,45.058,71.131,29.207,28.851,8.639,0.0,0.0
52,7.0,0.0,1.0,2.0,2.0,0.0,4502.06,97.377,2.196,28.83,28.652,8.643,0.0,0.0
53,7.0,0.0,1.0,3.0,3.0,0.0,4533.361,168.794,85.152,28.639,28.526,8.595,0.0,0.0
54,7.0,0.0,1.0,4.0,4.0,0.0,4454.868,367.419,36.953,29.33,28.983,8.678,0.0,0.0
55,7.0,0.0,1.0,5.0,5.0,0.0,4059.514,411.556,19.725,29.278,28.432,9.069,0.0,0.0
56,8.0,0.0,1.0,0.0,1.0,0.0,4712.419,288.839,25.91,28.782,28.655,8.636,0.0,0.0
58,9.0,0.0,1.0,0.0,1.0,0.0,5270.999,62.864,9.949,28.668,28.54,8.601,0.0,0.0
59,9.0,0.0,1.0,1.0,2.0,0.0,5482.795,390.042,-9.367,29.126,28.802,8.621,0.0,0.0
60,0.0,1.0,1.0,0.0,1.0,0.0,520.619,435.882,126.829,28.822,28.601,8.633,0.0,0.0
61,0.0,1.0,1.0,1.0,3.0,0.0,258.785,736.229,45.806,28.966,28.875,8.607,0.0,0.0
62,0.0,1.0,1.0,2.0,4.0,0.0,513.326,751.043,36.571,29.989,29.788,8.719,0.0,0.0
63,0.0,1.0,1.0,3.0,5.0,0.0,477.921,792.771,40.818,29.254,29.087,8.682,0.0,0.0
64,1.0,1.0,1.0,0.0,1.0,0.0,892.445,577.133,18.106,28.371,28.091,8.489,0.0,0.0
65,1.0,1.0,1.0,1.0,2.0,0.0,857.735,642.466,-22.918,28.248,28.007,8.548,0.0,0.0
66,1.0,1.0,1.0,2.0,3.0,0.0,1034.278,689.027,17.903,28.987,28.79,8.598,0.0,0.0
67,1.0,1.0,1.0,3.0,4.0,0.0,1146.561,782.623,18.786,29.222,28.901,8.649,0.0,0.0
68,2.0,1.0,1.0,0.0,0.0,0.0,1572.414,459.625,-28.024,28.879,28.697,8.657,0.0,0.0
69,2.0,1.0,1.0,1.0,1.0,0.0,1338.471,566.365,4.126,28.373,28.27,8.516,0.0,0.0
70,2.0,1.0,1.0,2.0,2.0,0.0,1223.999,636.42,-9.391,28.838,28.761,8.571,0.0,0.0
71,2.0,1.0,1.0,3.0,3.0,0.0,1310.938,698.559,-0.581,28.792,28.671,8.64,0.0,0.0
72,2.0,1.0,1.0,4.0,4.0,0.0,1625.501,733.385,26.375,29.081,28.969,8.638,0.0,0.0
73,2.0,1.0,1.0,5.0,6.0,0.0,1425.407,786.128,24.579,28.942,28.781,8.59,0.0,0.0
75,4.0,1.0,1.0,0.0,0.0,0.0,2596.951,445.244,53.243,28.912,28.592,8.646,0.0,0.0
76,4.0,1.0,1.0,1.0,1.0,0.0,2644.36,454.432,-9.304,28.71,28.615,8.619,0.0,0.0
77,5.0,1.0,1.0,0.0,0.0,0.0,3041.002,448.415,56.294,28.785,28.492,8.611,0.0,0.0
78,5.0,1.0,1.0,1.0,1.0,0.0,3276.983,491.63,48.5,28.66,28.363,8.573,0.0,0.0
79,5.0,1.0,1.0,2.0,2.0,0.0,2944.944,512.54,14.46,29.065,28.845,8.618,0.0,0.0
80,5.0,1.0,1.0,3.0,4.0,0.0,3286.221,735.188,-38.121,28.869,28.794,8.67,0.0,0.0
81,6.0,1.0,1.0,0.0,1.0,0.0,3823.812,509.493,7.621,28.416,28.102,8.326,0.0,0.0
82,6.0,1.0,1.0,1.0,2.0,0.0,3714.283,568.353,-20.745,28.489,27.831,8.379,0.0,0.0
85,6.0,1.0,1.0,4.0,5.0,0.0,3814.426,800.739,55.679,29.38,29.039,8.606,0.0,0.0
86,6.0,1.0,1.0,5.0,6.0,0.0,3760.595,826.628,9.214,29.264,27.993,8.52,0.0,0.0
87,7.0,1.0,1.0,0.0,1.0,0.0,4526.616,552.39,49.39,29.461,29.37,8.667,0.0,0.0
88,7.0,1.0,1.0,1.0,2.0,0.0,4098.988,557.568,13.182,28.835,28.683,8.648,0.0,0.0
89,7.0,1.0,1.0,2.0,3.0,0.0,4350.044,621.371,49.421,28.656,28.284,8.561,0.0,0.0
90,7.0,1.0,1.0,3.0,4.0,0.0,4515.252,674.855,-5.638,28.709,28.634,8.622,0.0,0.0
91,7.0,1.0,1.0,4.0,5.0,0.0,4610.445,695.607,-2.844,29.319,29.006,8.68,0.0,0.0
92,7.0,1.0,1.0,5.0,6.0,0.0,4377.856,725.037,83.262,28.602,28.238,8.546,0.0,0.0
93,7.0,1.0,1.0,6.0,7.0,0.0,4104.365,743.631,75.104,28.736,28.471,8.513,0.0,0.0
94,7.0,1.0,1.0,7.0,8.0,0.0,4347.535,754.84,58.899,28.994,28.501,8.644,0.0,0.0
95,7.0,1.0,1.0,8.0,9.0,0.0,4181.473,791.6,18.864,29.51,29.439,8.684,0.0,0.0
96,7.0,1.0,1.0,9.0,10.0,0.0,4129.016,796.829,7.469,29.466,29.299,8.657,0.0,0.0
97,7.0,1.0,1.0,10.0,11.0,0.0,4215.339,797.28,27.189,29.564,29.474,8.785,0.0,0.0
98,8.0,1.0,1.0,0.0,0.0,0.0,4715.609,424.198,35.267,28.661,28.181,8.546,0.0,0.0
99,8.0,1.0,1.0,1.0,1.0,0.0,5090.499,557.73,45.78,28.645,28.511,8.593,0.0,0.0
100,8.0,1.0,1.0,2.0,2.0,0.0,4804.158,568.625,8.89,28.838,28.553,8.629,0.0,0.0
101,8.0,1.0,1.0,3.0,4.0,0.0,4763.974,751.954,-18.024,28.901,28.624,8.56,0.0,0.0
102,9.0,1.0,1.0,0.0,0.0,0.0,5545.228,443.43,60.34,28.786,28.764,8.564,0.0,0.0
103,9.0,1.0,1.0,1.0,1.0,0.0,5601.194,443.713,94.767,28.946,28.765,8.588,0.0,0.0
104,9.0,1.0,1.0,2.0,2.0,0.0,5741.662,469.83,-25.91,29.222,29.112,8.681,0.0,0.0
105,9.0,1.0,1.0,3.0,4.0,0.0,5256.262,684.132,79.006,28.957,28.883,8.607,0.0,0.0
106,9.0,1.0,1.0,4.0,5.0,0.0,5512.102,749.303,49.25,29.119,28.926,8.638,0.0,0.0
107,9.0,1.0,1.0,5.0,6.0,0.0,5491.825,810.343,-29.561,29.13,28.994,8.649,0.0,0.0
109,9.0,1.0,1.0,7.0,8.0,0.0,5344.132,820.332,-5.616,29.481,29.246,8.651,0.0,0.0
110,0.0,2.0,1.0,0.0,0.0,0.0,38.537,853.528,83.813,29.032,28.819,8.609,0.0,0.0
111,0.0,2.0,1.0,1.0,1.0,0.0,92.76,883.843,30.92,29.145,28.822,8.626,0.0,0.0
112,0.0,2.0,1.0,2.0,2.0,0.0,391.497,921.996,44.82,28.511,27.94,8.577,0.0,0.0
113,0.0,2.0,1.0,3.0,3.0,0.0,222.903,1000.587,37.621,28.992,28.168,8.506,0.0,0.0
114,0.0,2.0,1.0,4.0,4.0,0.0,197.53,1062.259,-9.25,28.485,28.363,8.547,0.0,0.0
115,0.0,2.0,1.0,5.0,5.0,0.0,191.765,1138.421,25.24,29.175,29.023,8.66,0.0,0.0
116,0.0,2.0,1.0,6.0,6.0,0.0,57.273,1144.608,100.608,29.353,29.134,8.703,0.0,0.0
117,1.0,2.0,1.0,0.0,0.0,0.0,1014.294,859.937,106.667,28.676,28.575,8.608,0.0,0.0
118,1.0,2.0,1.0,1.0,1.0,0.0,687.565,1037.803,78.723,28.812,28.749,8.654,0.0,0.0
119,1.0,2.0,1.0,2.0,2.0,0.0,1078.46,1044.233,75.595,29.34,29.093,8.608,0.0,0.0
120,1.0,2.0,1.0,3.0,3.0,0.0,1135.376,1151.823,51.732,29.375,29.256,8.725,0.0,0.0
121,1.0,2.0,1.0,4.0,4.0,0.0,942.144,1165.61,38.77,28.909,28.722,8.576,0.0,0.0
122,2.0,2.0,1.0,0.0,1.0,0.0,1191.486,974.503,47.712,29.478,28.986,8.612,0.0,0.0
123,2.0,2.0,1.0,1.0,2.0,0.0,1682.096,1038.275,-9.381,29.224,28.955,8.658,0.0,0.0
124,2.0,2.0,1.0,2.0,3.0,0.0,1598.91,1048.139,17.972,28.844,28.592,8.636,0.0,0.0
125,3.0,2.0,1.0,0.0,0.0,0.0,1976.061,846.929,109.28,28.743,28.573,8.529,0.0,0.0
126,3.0,2.0,1.0,1.0,1.0,0.0,2309.035,858.143,-4.531,29.448,29.321,8.746,0.0,0.0
128,3.0,2.0,1.0,3.0,3.0,0.0,2288.68,904.597,109.365,29.235,29.184,8.693,0.0,0.0
129,3.0,2.0,1.0,4.0,4.0,0.0,1832.465,912.256,97.2,28.9,28.812,8.677,0.0,0.0
130,3.0,2.0,1.0,5.0,5.0,0.0,2022.151,947.402,-21.001,28.599,28.264,8.549,0.0,0.0
131,3.0,2.0,1.0,6.0,6.0,0.0,2039.483,1040.707,23.874,28.447,28.349,8.539,0.0,0.0
132,3.0,2.0,1.0,7.0,7.0,0.0,2256.14,1096.062,45.384,29.061,28.887,8.623,0.0,0.0
133,3.0,2.0,1.0,8.0,8.0,0.0,2143.91,1122.108,5.099,28.567,28.419,8.568,0.0,0.0
134,4.0,2.0,1.0,0.0,1.0,0.0,2531.727,966.334,12.397,28.404,28.345,8.532,0.0,0.0
135,4.0,2.0,1.0,1.0,2.0,0.0,2475.298,973.245,85.319,28.984,28.725,8.676,0.0,0.0
136,4.0,2.0,1.0,2.0,3.0,0.0,2434.958,1005.985,-2.414,28.809,28.45,8.521,0.0,0.0
137,4.0,2.0,1.0,3.0,4.0,0.0,2580.326,1037.066,29.146,28.719,28.393,8.587,0.0,0.0
138,4.0,2.0,1.0,4.0,5.0,0.0,2637.673,1121.965,83.633,28.664,28.312,9.492,0.0,0.0
139,4.0,2.0,1.0,5.0,5.0,0.0,2635.43,1098.308,65.586,29.075,28.639,9.495,0.0,0.0
140,4.0,2.0,1.0,6.0,6.0,0.0,2550.609,1105.519,-16.214,28.713,28.623,8.621,0.0,0.0
141,4.0,2.0,1.0,7.0,7.0,0.0,2764.222,1232.208,25.816,29.29,29.097,8.688,0.0,0.0
142,5.0,2.0,1.0,0.0,0.0,0.0,3058.389,1052.533,12.6,28.966,28.795,8.596,0.0,0.0
143,5.0,2.0,1.0,1.0,1.0,0.0,3366.609,1065.999,75.613,28.772,28.681,8.638,0.0,0.0
144,5.0,2.0,1.0,2.0,2.0,0.0,3369.579,1106.657,34.303,28.848,28.589,8.636,0.0,0.0
145,6.0,2.0,1.0,0.0,1.0,0.0,3589.119,927.601,44.308,29.016,28.614,8.665,0.0,0.0
146,6.0,2.0,1.0,1.0,2.0,0.0,3896.002,1021.186,122.2,28.591,28.462,8.578,0.0,0.0
147,6.0,2.0,1.0,2.0,3.0,0.0,3788.795,1032.196,114.628,28.333,27.896,8.368,0.0,0.0
148,6.0,2.0,1.0,3.0,4.0,0.0,3917.362,1108.675,39.049,28.455,28.19,8.516,0.0,0.0
149,6.0,2.0,1.0,4.0,5.0,0.0,3565.336,1110.076,15.55,29.045,28.887,8.621,0.0,0.0
150,6.0,2.0,1.0,5.0,6.0,0.0,4002.525,1216.211,40.727,29.684,29.305,8.778,0.0,0.0
151,7.0,2.0,1.0,0.0,0.0,0.0,4289.996,851.42,69.436,28.939,28.76,8.586,0.0,0.0
152,7.0,2.0,1.0,1.0,1.0,0.0,4570.178,879.285,53.57,29.114,28.965,8.643,0.0,0.0
153,7.0,2.0,1.0,2.0,2.0,0.0,4596.033,1035.494,-21.151,28.651,28.586,8.606,0.0,0.0
154,7.0,2.0,1.0,3.0,3.0,0.0,4400.024,1092.931,41.037,28.53,28.201,8.53,0.0,0.0
155,7.0,2.0,1.0,4.0,4.0,0.0,4431.279,1114.503,66.287,28.592,28.509,8.585,0.0,0.0
156,7.0,2.0,1.0,5.0,5.0,0.0,4132.218,1211.11,21.657,29.01,28.584,8.571,0.0,0.0
157,7.0,2.0,1.0,6.0,6.0,0.0,4337.986,1215.948,48.657,28.816,28.628,8.548,0.0,0.0
158,7.0,2.0,1.0,7.0,7.0,0.0,4545.358,1221.809,119.765,28.754,28.598,8.623,0.0,0.0
160,8.0,2.0,1.0,1.0,0.0,0.0,4894.918,927.104,40.715,28.825,28.282,8.586,0.0,0.0
161,8.0,2.0,1.0,2.0,1.0,0.0,5088.703,1051.396,52.183,28.853,28.738,8.659,0.0,0.0
162,9.0,2.0,1.0,0.0,3.0,0.0,5640.234,931.586,64.53,28.397,28.356,8.533,0.0,0.0
163,9.0,2.0,1.0,1.0,4.0,0.0,5321.08,1114.609,67.789,28.881,28.754,8.577,0.0,0.0
164,9.0,2.0,1.0,2.0,5.0,0.0,5765.352,1156.157,-7.185,29.153,28.951,8.646,0.0,0.0
165,9.0,2.0,1.0,3.0,6.0,0.0,5224.355,1231.174,41.479,29.069,28.825,8.615,0.0,0.0
166,0.0,3.0,1.0,0.0,0.0,0.0,335.393,1260.59,19.748,28.488,28.315,8.54,0.0,0.0
167,0.0,3.0,1.0,1.0,1.0,0.0,176.208,1270.38,62.682,28.691,28.466,8.593,0.0,0.0
168,0.0,3.0,1.0,2.0,2.0,0.0,555.101,1347.715,-7.936,29.018,28.798,8.604,0.0,0.0
169,0.0,3.0,1.0,3.0,3.0,0.0,373.143,1429.56,112.667,28.706,28.608,8.529,0.0,0.0
170,0.0,3.0,1.0,4.0,4.0,0.0,295.262,1433.535,20.632,28.426,28.054,8.492,0.0,0.0
171,0.0,3.0,1.0,5.0,5.0,0.0,101.073,1478.909,4.876,28.959,28.515,8.642,0.0,0.0
172,0.0,3.0,1.0,6.0,6.0,0.0,63.077,1489.169,4.03,28.833,28.534,8.625,0.0,0.0
173,0.0,3.0,1.0,7.0,7.0,0.0,427.194,1526.456,45.53,28.484,28.26,8.532,0.0,0.0
174,0.0,3.0,1.0,8.0,8.0,0.0,309.76,1621.749,88.376,29.443,29.158,8.633,0.0,0.0
175,1.0,3.0,1.0,0.0,0.0,0.0,754.792,1245.076,25.23,29.255,28.935,8.572,0.0,0.0
176,1.0,3.0,1.0,1.0,1.0,0.0,1119.434,1448.821,30.759,29.002,28.691,8.585,0.0,0.0
177,1.0,3.0,1.0,2.0,2.0,0.0,1037.299,1496.308,104.479,29.136,29.038,8.657,0.0,0.0
178,1.0,3.0,1.0,3.0,3.0,0.0,765.824,1624.417,-43.923,29.174,29.101,8.672,0.0,0.0
179,2.0,3.0,1.0,0.0,0.0,0.0,1272.012,1339.184,-10.416,29.116,28.936,8.639,0.0,0.0
180,2.0,3.0,1.0,1.0,1.0,0.0,1292.309,1426.242,87.468,28.557,28.476,8.575,0.0,0.0
181,2.0,3.0,1.0,2.0,2.0,0.0,1263.768,1499.508,6.33,28.857,28.612,8.641,0.0,0.0
182,3.0,3.0,1.0,0.0,0.0,0.0,2081.777,1266.938,18.048,28.701,28.558,8.609,0.0,0.0
183,3.0,3.0,1.0,1.0,1.0,0.0,2015.141,1367.139,122.413,28.83,28.677,8.558,0.0,0.0
184,3.0,3.0,1.0,2.0,2.0,0.0,1827.658,1387.109,36.988,28.751,28.542,8.614,0.0,0.0
185,3.0,3.0,1.0,3.0,3.0,0.0,1915.382,1436.049,-3.537,28.583,28.209,8.539,0.0,0.0
186,3.0,3.0,1.0,4.0,4.0,0.0,1812.225,1467.737,13.071,29.203,28.884,8.644,0.0,0.0
187,3.0,3.0,1.0,5.0,5.0,0.0,1979.477,1524.196,-12.026,28.634,28.53,8.595,0.0,0.0
188,3.0,3.0,1.0,6.0,6.0,0.0,2293.545,1527.801,9.572,29.074,28.988,8.64,0.0,0.0
189,3.0,3.0,1.0,7.0,7.0,0.0,1775.717,1586.897,100.075,29.35,29.152,8.618,0.0,0.0
190,4.0,3.0,1.0,0.0,2.0,0.0,2483.028,1541.625,34.041,28.915,28.733,8.668,0.0,0.0
191,4.0,3.0,1.0,1.0,3.0,0.0,2595.602,1569.388,127.4,28.579,28.463,8.576,0.0,0.0
193,4.0,3.0,1.0,3.0,5.0,0.0,2395.871,1628.756,31.254,29.596,29.201,8.662,0.0,0.0
194,5.0,3.0,1.0,0.0,0.0,0.0,3041.128,1584.202,11.784,29.316,29.28,8.72,0.0,0.0
195,5.0,3.0,1.0,1.0,1.0,0.0,3118.339,1621.935,12.173,28.985,28.868,8.609,0.0,0.0
196,6.0,3.0,1.0,0.0,1.0,0.0,3897.095,1365.486,83.01,28.659,28.446,8.586,0.0,0.0
197,6.0,3.0,1.0,1.0,2.0,0.0,3931.763,1421.436,35.261,28.812,28.406,8.516,0.0,0.0
198,6.0,3.0,1.0,2.0,3.0,0.0,3972.545,1465.808,58.192,29.222,28.355,8.568,0.0,0.0
199,6.0,3.0,1.0,3.0,4.0,0.0,3603.546,1481.496,50.194,28.937,28.784,8.589,0.0,0.0
201,7.0,3.0,1.0,0.0,2.0,0.0,4142.009,1252.898,45.908,29.187,28.957,8.652,0.0,0.0
202,7.0,3.0,1.0,1.0,3.0,0.0,4173.869,1272.368,14.353,28.719,28.692,8.543,0.0,0.0
203,7.0,3.0,1.0,2.0,4.0,0.0,4297.242,1331.292,63.806,29.084,28.908,8.63,0.0,0.0
204,7.0,3.0,1.0,3.0,5.0,0.0,4352.547,1336.215,-1.609,28.978,28.67,8.492,0.0,0.0
205,7.0,3.0,1.0,4.0,6.0,0.0,4564.206,1346.389,-0.282,29.252,29.101,8.684,0.0,0.0
206,7.0,3.0,1.0,5.0,7.0,0.0,4087.499,1366.435,0.242,29.048,28.77,8.604,0.0,0.0
207,7.0,3.0,1.0,6.0,8.0,0.0,4530.877,1418.162,-20.505,28.8,28.733,8.561,0.0,0.0
208,7.0,3.0,1.0,7.0,9.0,0.0,4224.365,1453.914,-35.69,28.913,28.601,8.648,0.0,0.0
209,7.0,3.0,1.0,8.0,10.0,0.0,4150.196,1472.5,11.99,29.27,29.078,8.683,0.0,0.0
210,7.0,3.0,1.0,9.0,11.0,0.0,4490.405,1503.136,-23.773,28.779,28.713,8.644,0.0,0.0
212,7.0,3.0,1.0,11.0,13.0,0.0,4277.897,1563.598,41.84,28.767,28.569,8.62,0.0,0.0
214,7.0,3.0,1.0,13.0,15.0,0.0,4248.494,1643.695,-5.498,29.461,26.604,8.335,0.0,0.0
215,8.0,3.0,1.0,0.0,1.0,0.0,5098.311,1404.346,-13.236,29.042,28.979,8.634,0.0,0.0
216,8.0,3.0,1.0,1.0,2.0,0.0,4744.724,1421.148,43.681,28.694,28.568,8.609,0.0,0.0
217,8.0,3.0,1.0,2.0,3.0,0.0,4963.323,1467.699,46.205,28.134,28.02,8.532,0.0,0.0
218,8.0,3.0,1.0,3.0,4.0,0.0,4815.308,1547.166,24.746,28.851,28.628,8.642,0.0,0.0
219,8.0,3.0,1.0,4.0,5.0,0.0,5057.335,1559.474,-16.317,29.131,29.097,8.665,0.0,0.0
220,8.0,3.0,1.0,5.0,6.0,0.0,4822.908,1603.475,-2.376,29.081,29.016,8.645,0.0,0.0
221,8.0,3.0,1.0,6.0,7.0,0.0,5100.192,1620.481,77.863,29.585,29.457,8.698,0.0,0.0
222,8.0,3.0,1.0,7.0,8.0,0.0,4988.821,1638.888,21.886,29.746,29.01,9.017,0.0,0.0
223,8.0,3.0,1.0,8.0,8.0,0.0,4959.65,1639.268,-0.347,30.126,29.797,9.101,0.0,0.0
224,9.0,3.0,1.0,0.0,1.0,0.0,5463.449,1461.432,1.877,28.697,28.534,8.605,0.0,0.0
225,9.0,3.0,1.0,1.0,2.0,0.0,5613.517,1483.674,125.309,28.333,28.244,8.506,0.0,0.0
226,9.0,3.0,1.0,2.0,3.0,0.0,5455.42,1629.334,71.779,29.159,28.947,8.647,0.0,0.0
227,0.0,4.0,1.0,0.0,1.0,0.0,213.111,1652.21,33.161,28.383,28.065,8.487,0.0,0.0
229,0.0,4.0,1.0,2.0,3.0,0.0,506.491,1864.443,105.554,29.096,28.936,8.636,0.0,0.0
230,0.0,4.0,1.0,3.0,5.0,0.0,203.883,1993.178,65.097,28.996,28.843,8.607,0.0,0.0
231,1.0,4.0,1.0,0.0,1.0,0.0,900.931,1744.02,-5.742,28.96,28.88,8.607,0.0,0.0
233,2.0,4.0,1.0,0.0,0.0,0.0,1700.19,1679.512,58.949,28.839,28.619,8.639,0.0,0.0
236,3.0,4.0,1.0,0.0,0.0,0.0,1872.407,1790.846,37.567,28.966,28.851,8.604,0.0,0.0
237,3.0,4.0,1.0,1.0,1.0,0.0,1798.717,1793.446,18.378,28.814,28.656,8.641,0.0,0.0
238,3.0,4.0,1.0,2.0,2.0,0.0,1939.773,1821.759,15.179,28.996,28.777,8.597,0.0,0.0
239,3.0,4.0,1.0,3.0,3.0,0.0,2168.425,2015.887,35.814,29.181,29.119,8.676,0.0,0.0
240,3.0,4.0,1.0,4.0,4.0,0.0,2302.528,2017.124,28.907,29.801,29.401,8.722,0.0,0.0
241,4.0,4.0,1.0,0.0,2.0,0.0,2617.361,1731.278,7.039,28.883,28.631,8.648,0.0,0.0
242,4.0,4.0,1.0,1.0,3.0,0.0,2462.905,1963.545,4.035,29.221,28.887,8.56,0.0,0.0
243,4.0,4.0,1.0,2.0,4.0,0.0,2612.609,1986.818,-29.846,28.814,28.778,8.659,0.0,0.0
244,4.0,4.0,1.0,3.0,6.0,0.0,2493.197,2040.012,65.205,29.29,29.107,8.69,0.0,0.0
247,5.0,4.0,1.0,1.0,2.0,0.0,3223.627,1873.207,31.472,28.097,27.873,8.504,0.0,0.0
248,5.0,4.0,1.0,2.0,3.0,0.0,3124.868,1874.71,27.59,28.727,28.631,8.624,0.0,0.0
249,5.0,4.0,1.0,3.0,4.0,0.0,2966.768,1940.495,32.415,29.626,29.373,8.78,0.0,0.0
250,5.0,4.0,1.0,4.0,5.0,0.0,3118.377,1976.972,41.332,28.53,28.324,8.548,0.0,0.0
251,5.0,4.0,1.0,5.0,6.0,0.0,3337.287,1987.209,-4.578,29.2,28.885,8.644,0.0,0.0
252,5.0,4.0,1.0,6.0,7.0,0.0,3260.663,2001.511,67.189,28.742,28.57,8.617,0.0,0.0
253,5.0,4.0,1.0,7.0,8.0,0.0,3359.584,2037.699,38.159,29.038,28.958,8.63,0.0,0.0
254,6.0,4.0,1.0,0.0,1.0,0.0,3849.352,1680.334,31.628,29.248,28.574,8.694,0.0,0.0
255,6.0,4.0,1.0,1.0,2.0,0.0,4019.429,1721.574,35.156,29.098,28.871,8.626,0.0,0.0
256,6.0,4.0,1.0,2.0,3.0,0.0,3757.12,1823.18,60.208,28.356,27.912,8.46,0.0,0.0
257,6.0,4.0,1.0,3.0,4.0,0.0,3653.174,1865.646,121.526,29.181,28.979,8.655,0.0,0.0
259,7.0,4.0,1.0,0.0,3.0,0.0,4594.655,1949.96,33.991,29.287,28.888,8.657,0.0,0.0
261,8.0,4.0,1.0,0.0,2.0,0.0,5196.162,1714.962,91.465,30.397,25.982,8.284,0.0,0.0
262,8.0,4.0,1.0,1.0,3.0,0.0,4628.155,1783.628,-8.959,29.034,28.37,8.457,0.0,0.0
263,8.0,4.0,1.0,2.0,4.0,0.0,4730.853,1822.935,17.324,28.889,28.853,8.593,0.0,0.0
264,8.0,4.0,1.0,3.0,5.0,0.0,5150.339,1852.595,9.725,29.196,29.055,8.669,0.0,0.0
265,8.0,4.0,1.0,4.0,6.0,0.0,5066.797,1878.25,127.486,28.788,28.555,8.622,0.0,0.0
266,8.0,4.0,1.0,5.0,7.0,0.0,4768.351,1908.733,-42.877,28.687,28.43,8.588,0.0,0.0
267,8.0,4.0,1.0,6.0,8.0,0.0,4885.845,1925.775,12.727,29.153,28.941,8.645,0.0,0.0
268,8.0,4.0,1.0,7.0,9.0,0.0,4931.927,1964.958,47.919,28.727,28.621,8.534,0.0,0.0
269,8.0,4.0,1.0,8.0,10.0,0.0,4841.439,1968.194,-10.857,28.97,28.854,8.605,0.0,0.0
271,8.0,4.0,1.0,10.0,12.0,0.0,5195.867,2032.033,92.935,30.576,26.688,8.343,0.0,0.0
272,9.0,4.0,1.0,0.0,2.0,0.0,5591.567,1884.559,73.92,28.004,27.811,8.481,0.0,0.0
273,9.0,4.0,1.0,1.0,3.0,0.0,5428.732,1954.587,80.854,28.81,28.682,8.644,0.0,0.0
276,0.0,5.0,1.0,1.0,0.0,0.0,53.238,2057.627,17.113,29.247,28.835,9.801,0.0,0.0
278,0.0,5.0,1.0,3.0,2.0,0.0,532.384,2123.405,-39.294,28.744,28.492,8.606,0.0,0.0
281,1.0,5.0,1.0,0.0,0.0,0.0,968.842,2060.766,92.269,29.072,28.79,8.61,0.0,0.0
283,1.0,5.0,1.0,2.0,2.0,0.0,633.187,2181.119,56.348,28.688,28.516,8.601,0.0,0.0
284,1.0,5.0,1.0,3.0,3.0,0.0,1028.025,2191.553,81.498,28.583,28.359,8.561,0.0,0.0
285,1.0,5.0,1.0,4.0,4.0,0.0,804.294,2192.674,10.096,28.664,28.533,8.6,0.0,0.0
286,1.0,5.0,1.0,5.0,5.0,0.0,1041.76,2349.072,26.803,28.758,28.444,8.6,0.0,0.0
289,2.0,5.0,1.0,2.0,2.0,0.0,1269.083,2125.2,64.579,28.751,28.526,8.612,0.0,0.0
290,2.0,5.0,1.0,3.0,3.0,0.0,1222.262,2238.352,78.588,28.541,28.398,8.561,0.0,0.0
291,2.0,5.0,1.0,4.0,4.0,0.0,1472.907,2242.565,-44.369,28.349,28.017,8.475,0.0,0.0
292,2.0,5.0,1.0,5.0,5.0,0.0,1354.938,2352.244,32.946,28.931,28.834,8.596,0.0,0.0
293,2.0,5.0,1.0,6.0,6.0,0.0,1709.747,2414.139,37.605,29.157,28.995,8.654,0.0,0.0
295,3.0,5.0,1.0,0.0,1.0,0.0,2254.394,2119.317,16.829,28.891,28.718,8.662,0.0,0.0
296,3.0,5.0,1.0,1.0,2.0,0.0,1801.13,2173.504,65.48,29.111,28.975,8.644,0.0,0.0
297,3.0,5.0,1.0,2.0,4.0,0.0,1774.81,2296.789,59.693,29.304,28.801,8.56,0.0,0.0
298,3.0,5.0,1.0,3.0,5.0,0.0,2304.776,2363.72,26.489,29.292,29.225,8.708,0.0,0.0
299,3.0,5.0,1.0,4.0,6.0,0.0,1796.542,2393.733,9.652,29.15,28.998,8.653,0.0,0.0
300,3.0,5.0,1.0,5.0,7.0,0.0,2039.038,2420.846,92.615,28.992,28.885,8.613,0.0,0.0
302,4.0,5.0,1.0,1.0,2.0,0.0,2766.151,2200.012,73.083,28.463,28.289,8.533,0.0,0.0
303,4.0,5.0,1.0,2.0,3.0,0.0,2716.456,2305.776,70.067,28.556,28.372,8.559,0.0,0.0
304,4.0,5.0,1.0,3.0,4.0,0.0,2595.117,2330.76,46.972,28.578,28.308,8.553,0.0,0.0
306,4.0,5.0,1.0,5.0,7.0,0.0,2552.313,2411.332,94.226,29.03,28.966,8.63,0.0,0.0
307,5.0,5.0,1.0,0.0,1.0,0.0,3446.837,2074.221,82.939,29.192,28.965,8.654,0.0,0.0
308,5.0,5.0,1.0,1.0,2.0,0.0,3118.403,2302.705,64.187,28.741,28.441,8.597,0.0,0.0
309,6.0,5.0,1.0,0.0,1.0,0.0,3836.393,2105.356,36.457,28.994,28.433,8.373,0.0,0.0
310,6.0,5.0,1.0,1.0,2.0,0.0,3494.333,2107.965,54.982,29.286,28.896,8.658,0.0,0.0
311,6.0,5.0,1.0,2.0,3.0,0.0,3576.265,2144.41,32.839,29.227,28.951,8.657,0.0,0.0
312,6.0,5.0,1.0,3.0,4.0,0.0,3615.913,2163.015,69.474,29.1,28.936,8.636,0.0,0.0
313,6.0,5.0,1.0,4.0,5.0,0.0,4012.949,2239.748,110.195,29.303,29.261,8.715,0.0,0.0
314,6.0,5.0,1.0,5.0,6.0,0.0,3852.077,2326.818,46.792,28.502,28.41,8.557,0.0,0.0
315,6.0,5.0,1.0,6.0,7.0,0.0,3752.291,2386.627,17.207,29.093,28.675,8.596,0.0,0.0
317,7.0,5.0,1.0,0.0,0.0,0.0,4087.043,2092.176,49.338,28.899,28.704,8.572,0.0,0.0
319,7.0,5.0,1.0,2.0,2.0,0.0,4566.295,2238.011,20.821,29.048,29.029,8.642,0.0,0.0
320,7.0,5.0,1.0,3.0,3.0,0.0,4500.453,2283.024,18.877,29.161,28.925,8.644,0.0,0.0
321,7.0,5.0,1.0,4.0,5.0,0.0,4092.915,2354.776,17.164,29.408,29.334,8.741,0.0,0.0
322,7.0,5.0,1.0,5.0,6.0,0.0,4074.075,2383.066,54.301,29.297,29.199,8.617,0.0,0.0
323,7.0,5.0,1.0,6.0,7.0,0.0,4618.991,2406.982,90.328,29.791,27.79,8.478,0.0,0.0
324,8.0,5.0,1.0,0.0,1.0,0.0,5112.647,2092.812,35.386,28.926,28.754,8.583,0.0,0.0
325,8.0,5.0,1.0,1.0,2.0,0.0,4929.978,2228.992,59.679,28.861,28.754,8.574,0.0,0.0
326,8.0,5.0,1.0,2.0,3.0,0.0,4654.151,2259.809,35.821,29.127,29.039,8.656,0.0,0.0
327,8.0,5.0,1.0,3.0,4.0,0.0,4625.601,2342.673,1.582,29.077,28.897,8.627,0.0,0.0
328,8.0,5.0,1.0,4.0,5.0,0.0,5096.096,2384.406,6.395,29.298,29.18,8.702,0.0,0.0
329,8.0,5.0,1.0,5.0,7.0,0.0,4780.297,2446.633,18.482,29.289,29.212,8.706,0.0,0.0
330,9.0,5.0,1.0,0.0,1.0,0.0,5737.997,2234.829,9.703,29.228,28.921,8.653,0.0,0.0
331,9.0,5.0,1.0,1.0,3.0,0.0,5237.147,2290.235,10.583,29.099,29.074,8.657,0.0,0.0
332,9.0,5.0,1.0,2.0,4.0,0.0,5493.698,2341.015,99.618,28.936,28.731,8.581,0.0,0.0
333,0.0,6.0,1.0,0.0,0.0,0.0,338.193,2545.502,65.373,29.262,28.737,9.422,0.0,0.0
334,0.0,6.0,1.0,1.0,0.0,0.0,331.631,2521.493,57.411,29.467,28.845,9.473,0.0,0.0
335,0.0,6.0,1.0,2.0,2.0,0.0,188.112,2658.855,19.674,28.906,28.77,8.583,0.0,0.0
336,0.0,6.0,1.0,3.0,3.0,0.0,547.038,2736.662,47.649,29.486,29.416,8.765,0.0,0.0
337,1.0,6.0,1.0,0.0,1.0,0.0,771.228,2499.792,54.871,28.858,28.381,8.606,0.0,0.0
338,1.0,6.0,1.0,1.0,2.0,0.0,1035.792,2661.637,-5.245,28.337,28.168,8.496,0.0,0.0
339,1.0,6.0,1.0,2.0,3.0,0.0,1041.036,2720.628,21.767,28.884,28.736,8.575,0.0,0.0
340,1.0,6.0,1.0,3.0,4.0,0.0,793.511,2862.866,20.465,28.929,28.864,8.6,0.0,0.0
343,2.0,6.0,1.0,2.0,3.0,0.0,1332.709,2630.339,18.184,28.941,28.628,8.656,0.0,0.0
345,2.0,6.0,1.0,4.0,5.0,0.0,1503.458,2711.671,60.85,28.246,28.118,8.564,0.0,0.0
346,3.0,6.0,1.0,0.0,0.0,0.0,1867.331,2467.736,51.767,29.144,28.926,8.641,0.0,0.0
347,3.0,6.0,1.0,1.0,1.0,0.0,2119.628,2530.859,-42.206,28.358,28.13,8.493,0.0,0.0
348,3.0,6.0,1.0,2.0,2.0,0.0,1752.081,2604.019,23.654,29.113,28.741,8.609,0.0,0.0
349,3.0,6.0,1.0,3.0,4.0,0.0,1920.315,2858.151,69.299,29.494,29.389,8.674,0.0,0.0
350,3.0,6.0,1.0,4.0,5.0,0.0,2223.675,2865.235,45.503,29.281,29.164,8.697,0.0,0.0
351,4.0,6.0,1.0,0.0,0.0,0.0,2749.606,2675.067,32.438,29.05,28.959,8.632,0.0,0.0
353,4.0,6.0,1.0,2.0,3.0,0.0,2670.439,2793.423,65.092,28.713,28.537,8.607,0.0,0.0
354,4.0,6.0,1.0,3.0,4.0,0.0,2417.768,2842.923,28.011,29.246,29.199,8.697,0.0,0.0
355,5.0,6.0,1.0,0.0,0.0,0.0,3420.882,2467.234,-5.261,29.032,28.844,8.612,0.0,0.0
356,5.0,6.0,1.0,1.0,1.0,0.0,3188.512,2567.81,44.39,28.541,28.398,8.561,0.0,0.0
358,6.0,6.0,1.0,0.0,0.0,0.0,3581.363,2472.085,114.568,29.492,27.62,8.494,0.0,0.0
359,6.0,6.0,1.0,1.0,1.0,0.0,3694.693,2474.016,71.604,29.049,28.961,8.632,0.0,0.0
360,6.0,6.0,1.0,2.0,2.0,0.0,3512.842,2510.192,53.049,29.106,28.933,8.637,0.0,0.0
361,6.0,6.0,1.0,3.0,3.0,0.0,3944.754,2538.982,97.593,28.989,28.807,8.601,0.0,0.0
362,6.0,6.0,1.0,4.0,4.0,0.0,3874.592,2652.34,50.581,28.449,28.261,8.527,0.0,0.0
364,7.0,6.0,1.0,0.0,0.0,0.0,4289.508,2519.6,109.522,28.607,28.395,8.57,0.0,0.0
365,7.0,6.0,1.0,1.0,1.0,0.0,4525.368,2522.947,17.971,29.061,28.886,8.623,0.0,0.0
366,7.0,6.0,1.0,2.0,2.0,0.0,4414.333,2540.548,132.268,28.747,28.368,8.587,0.0,0.0
367,7.0,6.0,1.0,3.0,3.0,0.0,4463.873,2578.056,81.918,28.475,28.317,8.539,0.0,0.0
368,7.0,6.0,1.0,4.0,4.0,0.0,4110.517,2591.787,33.557,29.275,29.202,8.702,0.0,0.0
369,7.0,6.0,1.0,5.0,5.0,0.0,4281.491,2597.041,31.85,29.036,28.665,8.586,0.0,0.0
370,8.0,6.0,1.0,0.0,1.0,0.0,4756.163,2489.228,46.902,28.627,28.179,8.541,0.0,0.0
371,8.0,6.0,1.0,1.0,2.0,0.0,4875.615,2510.286,60.691,29.079,28.915,8.63,0.0,0.0
372,8.0,6.0,1.0,2.0,3.0,0.0,4813.727,2534.431,31.436,29.318,29.001,8.678,0.0,0.0
374,8.0,6.0,1.0,4.0,5.0,0.0,4646.972,2749.981,5.755,29.042,28.79,8.606,0.0,0.0
378,9.0,6.0,1.0,0.0,0.0,0.0,5626.838,2554.116,78.118,29.019,28.843,8.61,0.0,0.0
379,9.0,6.0,1.0,1.0,2.0,0.0,5370.477,2696.738,47.329,28.481,28.21,8.524,0.0,0.0
380,9.0,6.0,1.0,2.0,5.0,0.0,5523.086,2818.499,34.563,29.141,28.418,8.565,0.0,0.0
381,0.0,7.0,1.0,0.0,0.0,0.0,47.274,2912.444,98.256,28.314,28.029,8.471,0.0,0.0
382,0.0,7.0,1.0,1.0,1.0,0.0,485.571,2959.27,-31.92,29.418,29.329,8.654,0.0,0.0
383,0.0,7.0,1.0,2.0,2.0,0.0,174.774,2988.84,49.246,28.96,28.893,8.609,0.0,0.0
385,0.0,7.0,1.0,4.0,4.0,0.0,230.426,3033.75,-1.481,28.612,28.603,8.602,0.0,0.0
386,1.0,7.0,1.0,0.0,2.0,0.0,1155.425,3106.724,28.29,29.09,29.012,8.646,0.0,0.0
387,1.0,7.0,1.0,1.0,3.0,0.0,766.185,3116.558,73.07,28.85,28.818,8.582,0.0,0.0
388,1.0,7.0,1.0,2.0,4.0,0.0,772.108,3153.856,49.74,28.627,28.451,8.582,0.0,0.0
389,2.0,7.0,1.0,0.0,0.0,0.0,1194.917,2975.912,34.14,29.004,28.834,8.607,0.0,0.0
391,2.0,7.0,1.0,2.0,3.0,0.0,1597.043,3232.413,1.281,28.835,28.802,8.577,0.0,0.0
393,3.0,7.0,1.0,1.0,3.0,0.0,2082.965,3230.52,113.919,28.834,28.574,8.631,0.0,0.0
394,3.0,7.0,1.0,2.0,4.0,0.0,1930.619,3269.586,102.609,29.083,28.791,8.612,0.0,0.0
396,3.0,7.0,1.0,4.0,6.0,0.0,1787.587,3275.249,-1.575,29.78,27.279,8.489,0.0,0.0
397,4.0,7.0,1.0,0.0,0.0,0.0,2393.195,2883.809,55.396,28.938,28.782,8.589,0.0,0.0
398,4.0,7.0,1.0,1.0,1.0,0.0,2821.358,2885.789,40.66,29.218,29.14,8.684,0.0,0.0
402,4.0,7.0,1.0,5.0,4.0,0.0,2639.536,3124.357,29.157,28.663,28.578,8.606,0.0,0.0
403,4.0,7.0,1.0,6.0,5.0,0.0,2780.655,3159.358,86.991,28.842,28.693,8.562,0.0,0.0
404,4.0,7.0,1.0,7.0,6.0,0.0,2563.709,3247.158,-2.37,29.381,29.177,8.714,0.0,0.0
405,5.0,7.0,1.0,0.0,0.0,0.0,2933.822,2903.411,39.612,29.029,28.749,8.598,0.0,0.0
406,5.0,7.0,1.0,1.0,1.0,0.0,3079.054,2960.351,37.886,28.596,28.461,8.579,0.0,0.0
407,5.0,7.0,1.0,2.0,2.0,0.0,2983.431,3001.183,104.994,29.091,28.918,8.632,0.0,0.0
408,5.0,7.0,1.0,3.0,3.0,0.0,3102.207,3030.754,-0.107,28.95,28.781,8.591,0.0,0.0
410,5.0,7.0,1.0,5.0,5.0,0.0,3040.594,3171.611,15.767,29.005,28.523,8.561,0.0,0.0
412,6.0,7.0,1.0,0.0,0.0,0.0,3999.633,2993.613,61.532,29.056,28.743,8.6,0.0,0.0
413,6.0,7.0,1.0,1.0,1.0,0.0,3514.214,3063.552,84.115,29.029,28.94,8.626,0.0,0.0
414,7.0,7.0,1.0,0.0,0.0,0.0,4315.655,2945.05,-16.674,29.368,29.161,8.71,0.0,0.0
415,7.0,7.0,1.0,1.0,1.0,0.0,4311.934,2976.772,107.232,29.12,28.938,8.64,0.0,0.0
416,7.0,7.0,1.0,2.0,3.0,0.0,4425.662,3110.563,49.235,27.929,27.478,8.418,0.0,0.0
417,8.0,7.0,1.0,0.0,0.0,0.0,4689.753,2979.891,51.159,28.749,28.698,8.549,0.0,0.0
418,8.0,7.0,1.0,1.0,1.0,0.0,5192.513,3007.406,75.216,28.93,28.828,8.595,0.0,0.0
419,8.0,7.0,1.0,2.0,2.0,0.0,4956.591,3040.321,78.282,28.76,28.723,8.643,0.0,0.0
420,9.0,7.0,1.0,0.0,0.0,0.0,5473.781,2974.298,55.636,28.814,28.578,8.629,0.0,0.0
421,9.0,7.0,1.0,1.0,2.0,0.0,5277.293,3010.782,62.105,28.676,28.465,8.591,0.0,0.0
422,9.0,7.0,1.0,2.0,3.0,0.0,5369.834,3048.955,115.221,28.714,28.694,8.631,0.0,0.0
424,9.0,7.0,1.0,4.0,5.0,0.0,5741.283,3121.953,-20.809,29.498,29.247,8.742,0.0,0.0
425,9.0,7.0,1.0,5.0,7.0,0.0,5597.226,3162.149,71.603,28.486,28.433,8.558,0.0,0.0
426,0.0,8.0,1.0,0.0,1.0,0.0,166.512,3301.179,92.512,28.874,28.794,8.581,0.0,0.0
427,0.0,8.0,1.0,1.0,3.0,0.0,37.537,3624.226,105.147,28.914,28.724,8.666,0.0,0.0
428,0.0,8.0,1.0,2.0,4.0,0.0,126.084,3679.507,-35.493,29.567,29.322,8.675,0.0,0.0
429,1.0,8.0,1.0,0.0,0.0,0.0,812.733,3420.252,34.605,29.003,28.812,8.603,0.0,0.0
430,1.0,8.0,1.0,1.0,1.0,0.0,1025.217,3430.244,-25.865,29.062,28.994,8.639,0.0,0.0
431,1.0,8.0,1.0,2.0,2.0,0.0,673.981,3457.413,107.515,28.727,28.502,8.516,0.0,0.0
432,1.0,8.0,1.0,3.0,3.0,0.0,1011.103,3460.595,69.573,29.099,28.895,8.63,0.0,0.0
434,1.0,8.0,1.0,5.0,5.0,0.0,1016.448,3556.538,50.504,28.605,28.471,8.581,0.0,0.0
435,1.0,8.0,1.0,6.0,6.0,0.0,652.261,3572.179,32.599,29.417,29.126,8.712,0.0,0.0
436,1.0,8.0,1.0,7.0,7.0,0.0,760.292,3655.079,17.675,29.151,29.134,8.673,0.0,0.0
437,2.0,8.0,1.0,0.0,0.0,0.0,1453.298,3290.723,9.834,29.145,28.697,9.634,0.0,0.0
438,2.0,8.0,1.0,1.0,1.0,0.0,1231.113,3305.158,33.151,29.438,29.258,8.735,0.0,0.0
439,2.0,8.0,1.0,2.0,2.0,0.0,1632.664,3355.354,94.728,28.864,28.679,8.563,0.0,0.0
440,2.0,8.0,1.0,3.0,3.0,0.0,1380.264,3367.271,129.698,28.715,28.613,8.531,0.0,0.0
441,2.0,8.0,1.0,4.0,4.0,0.0,1487.732,3412.163,-22.348,28.703,28.608,8.617,0.0,0.0
442,2.0,8.0,1.0,5.0,6.0,0.0,1231.72,3518.03,12.341,29.3,29.078,8.687,0.0,0.0
443,2.0,8.0,1.0,6.0,7.0,0.0,1490.958,3518.734,38.852,27.82,27.334,8.291,0.0,0.0
444,2.0,8.0,1.0,7.0,8.0,0.0,1475.702,3574.023,30.614,28.602,28.454,8.579,0.0,0.0
445,2.0,8.0,1.0,8.0,9.0,0.0,1512.925,3636.122,86.214,28.876,28.711,8.57,0.0,0.0
446,3.0,8.0,1.0,0.0,3.0,0.0,2065.595,3308.023,33.8,28.602,28.509,8.587,0.0,0.0
447,3.0,8.0,1.0,1.0,4.0,0.0,1995.655,3362.548,30.957,28.385,28.16,8.502,0.0,0.0
448,3.0,8.0,1.0,2.0,5.0,0.0,2315.985,3415.097,92.181,29.888,26.186,8.326,0.0,0.0
449,3.0,8.0,1.0,3.0,6.0,0.0,2284.176,3567.375,125.912,29.403,29.347,8.742,0.0,0.0
450,4.0,8.0,1.0,0.0,0.0,0.0,2634.718,3311.003,52.371,28.838,28.648,8.554,0.0,0.0
451,4.0,8.0,1.0,1.0,1.0,0.0,2889.119,3327.258,-44.53,29.38,29.186,8.715,0.0,0.0
452,4.0,8.0,1.0,2.0,2.0,0.0,2775.915,3325.979,73.969,29.156,28.918,8.642,0.0,0.0
453,4.0,8.0,1.0,3.0,6.0,0.0,2381.536,3517.956,36.685,29.022,28.75,8.597,0.0,0.0
454,4.0,8.0,1.0,4.0,7.0,0.0,2861.604,3578.013,4.08,28.893,28.651,8.652,0.0,0.0
455,4.0,8.0,1.0,5.0,8.0,0.0,2612.898,3630.611,39.871,28.895,28.682,8.657,0.0,0.0
456,5.0,8.0,1.0,0.0,1.0,0.0,3423.587,3333.403,64.29,29.227,29.055,8.673,0.0,0.0
457,5.0,8.0,1.0,1.0,2.0,0.0,2900.224,3377.048,67.368,29.194,28.956,8.653,0.0,0.0
458,5.0,8.0,1.0,2.0,3.0,0.0,3089.041,3478.828,51.395,28.805,28.674,8.642,0.0,0.0
459,5.0,8.0,1.0,3.0,4.0,0.0,3183.747,3500.213,112.826,28.768,28.672,8.636,0.0,0.0
460,5.0,8.0,1.0,4.0,5.0,0.0,3311.857,3528.104,57.158,28.723,28.376,8.495,0.0,0.0
461,6.0,8.0,1.0,0.0,0.0,0.0,3661.065,3579.1,100.107,29.075,29.059,8.651,0.0,0.0
462,6.0,8.0,1.0,1.0,1.0,0.0,3618.443,3601.589,41.751,28.621,28.572,8.599,0.0,0.0
463,6.0,8.0,1.0,2.0,2.0,0.0,3938.682,3644.7,69.127,29.476,29.454,8.681,0.0,0.0
464,7.0,8.0,1.0,0.0,0.0,0.0,4423.241,3427.811,38.359,28.494,28.293,8.538,0.0,0.0
465,7.0,8.0,1.0,1.0,1.0,0.0,4544.869,3501.538,42.496,29.222,29.143,8.685,0.0,0.0
466,7.0,8.0,1.0,2.0,2.0,0.0,4314.182,3542.71,55.333,28.931,28.816,8.593,0.0,0.0
467,7.0,8.0,1.0,3.0,3.0,0.0,4320.312,3650.26,-28.352,29.048,29.001,8.638,0.0,0.0
468,8.0,8.0,1.0,0.0,0.0,0.0,4962.988,3404.556,14.519,28.812,28.381,8.51,0.0,0.0
469,8.0,8.0,1.0,1.0,1.0,0.0,5018.562,3480.162,-44.557,28.449,28.362,8.542,0.0,0.0
470,8.0,8.0,1.0,2.0,2.0,0.0,4888.657,3547.595,127.406,28.688,28.513,8.601,0.0,0.0
471,9.0,8.0,1.0,0.0,0.0,0.0,5465.65,3290.155,73.934,28.901,28.764,8.581,0.0,0.0
472,9.0,8.0,1.0,1.0,1.0,0.0,5400.699,3299.215,95.341,29.209,28.976,8.658,0.0,0.0
473,9.0,8.0,1.0,2.0,2.0,0.0,5570.503,3319.573,85.269,29.028,28.891,8.619,0.0,0.0
474,9.0,8.0,1.0,3.0,3.0,0.0,5358.674,3322.575,-16.914,29.214,28.959,8.657,0.0,0.0
475,9.0,8.0,1.0,4.0,4.0,0.0,5538.704,3393.629,132.119,28.527,28.356,8.552,0.0,0.0
477,9.0,8.0,1.0,6.0,7.0,0.0,5322.316,3507.379,45.736,28.961,28.671,8.576,0.0,0.0
478,9.0,8.0,1.0,7.0,8.0,0.0,5643.949,3645.963,18.657,29.48,29.316,8.75,0.0,0.0
479,9.0,8.0,1.0,8.0,9.0,0.0,5741.432,3660.347,74.872,29.712,29.533,8.728,0.0,0.0
481,0.0,9.0,1.0,0.0,1.0,0.0,533.116,3702.375,-35.023,29.167,28.977,8.652,0.0,0.0
484,0.0,9.0,1.0,3.0,4.0,0.0,466.749,4037.302,38.077,29.545,29.401,8.684,0.0,0.0
485,0.0,9.0,1.0,4.0,5.0,0.0,565.43,4048.248,12.044,29.058,28.987,8.638,0.0,0.0
486,0.0,9.0,1.0,5.0,6.0,0.0,376.606,4091.985,-2.756,29.906,26.411,8.38,0.0,0.0
488,1.0,9.0,1.0,1.0,2.0,0.0,623.715,3792.46,109.579,28.502,28.262,8.535,0.0,0.0
489,1.0,9.0,1.0,2.0,3.0,0.0,1159.524,3819.155,-43.46,29.198,29.028,8.665,0.0,0.0
490,1.0,9.0,1.0,3.0,4.0,0.0,1054.865,4014.237,89.7,29.006,28.921,8.62,0.0,0.0
491,1.0,9.0,1.0,4.0,6.0,0.0,1164.718,4055.795,93.307,30.553,25.143,8.186,0.0,0.0
492,2.0,9.0,1.0,0.0,0.0,0.0,1506.355,3755.667,59.767,28.965,28.823,8.599,0.0,0.0
493,2.0,9.0,1.0,1.0,2.0,0.0,1230.046,3866.894,80.34,28.99,28.814,8.602,0.0,0.0
494,2.0,9.0,1.0,2.0,4.0,0.0,1325.217,4035.978,100.059,29.238,29.175,8.692,0.0,0.0
495,2.0,9.0,1.0,3.0,6.0,0.0,1624.383,4079.01,11.294,29.283,29.18,8.7,0.0,0.0
496,2.0,9.0,1.0,4.0,7.0,0.0,1239.101,4091.387,-2.71,29.657,27.036,8.431,0.0,0.0
497,3.0,9.0,1.0,0.0,2.0,0.0,1816.714,3786.07,29.924,28.886,28.23,8.501,0.0,0.0
498,3.0,9.0,1.0,1.0,3.0,0.0,1912.288,3813.466,56.273,28.559,28.005,8.414,0.0,0.0
499,3.0,9.0,1.0,2.0,4.0,0.0,2037.137,3872.787,-25.562,28.342,28.146,8.583,0.0,0.0
500,3.0,9.0,1.0,3.0,5.0,0.0,1756.547,3894.475,47.9,29.347,29.161,8.706,0.0,0.0
501,3.0,9.0,1.0,4.0,7.0,0.0,2092.219,4084.719,45.453,29.152,28.92,8.641,0.0,0.0
502,4.0,9.0,1.0,0.0,1.0,0.0,2708.464,3786.303,7.574,28.94,28.813,8.684,0.0,0.0
503,4.0,9.0,1.0,1.0,2.0,0.0,2398.718,3850.725,23.348,29.359,29.176,8.711,0.0,0.0
504,4.0,9.0,1.0,2.0,3.0,0.0,2332.628,3907.664,-2.381,29.12,28.912,8.636,0.0,0.0
505,4.0,9.0,1.0,3.0,4.0,0.0,2657.952,3938.927,111.133,28.145,27.975,8.438,0.0,0.0
506,4.0,9.0,1.0,4.0,5.0,0.0,2675.59,3985.713,11.582,28.87,28.514,8.628,0.0,0.0
508,5.0,9.0,1.0,1.0,1.0,0.0,2906.87,3737.807,15.405,29.263,29.013,8.672,0.0,0.0
509,5.0,9.0,1.0,2.0,2.0,0.0,3202.0,3748.138,47.234,28.939,28.709,8.579,0.0,0.0
510,5.0,9.0,1.0,3.0,3.0,0.0,3031.993,3754.417,16.392,29.246,28.953,8.661,0.0,0.0
511,5.0,9.0,1.0,4.0,4.0,0.0,3158.418,3943.662,101.233,28.809,28.592,8.542,0.0,0.0
512,5.0,9.0,1.0,5.0,5.0,0.0,3023.384,4075.45,88.653,29.31,29.135,8.61,0.0,0.0
513,6.0,9.0,1.0,0.0,0.0,0.0,3965.226,3711.457,-28.141,29.428,29.172,9.1,0.0,0.0
514,6.0,9.0,1.0,1.0,1.0,0.0,3720.991,3715.987,92.781,28.607,28.341,8.562,0.0,0.0
515,6.0,9.0,1.0,2.0,2.0,0.0,3620.611,3773.866,86.507,29.347,29.322,8.643,0.0,0.0
516,6.0,9.0,1.0,3.0,4.0,0.0,3608.536,3804.904,58.433,28.965,28.843,8.602,0.0,0.0
517,6.0,9.0,1.0,4.0,5.0,0.0,3752.062,3840.487,116.451,29.067,28.906,8.716,0.0,0.0
518,6.0,9.0,1.0,5.0,6.0,0.0,3532.14,3873.253,52.863,28.843,28.785,8.576,0.0,0.0
519,6.0,9.0,1.0,6.0,7.0,0.0,3509.443,3954.145,6.128,28.929,28.775,8.587,0.0,0.0
520,6.0,9.0,1.0,7.0,8.0,0.0,4021.802,3977.54,-9.986,29.25,29.001,8.669,0.0,0.0
521,6.0,9.0,1.0,8.0,9.0,0.0,3930.455,4005.427,70.775,28.763,28.711,8.553,0.0,0.0
523,7.0,9.0,1.0,1.0,1.0,0.0,4049.632,3773.763,-22.969,29.408,29.269,8.644,0.0,0.0
524,7.0,9.0,1.0,2.0,2.0,0.0,4331.024,3804.758,70.595,29.378,29.253,8.725,0.0,0.0
525,7.0,9.0,1.0,3.0,3.0,0.0,4186.134,3813.107,112.298,28.85,28.517,8.537,0.0,0.0
526,7.0,9.0,1.0,4.0,5.0,0.0,4235.195,4020.756,27.116,28.94,28.687,8.575,0.0,0.0
527,7.0,9.0,1.0,5.0,6.0,0.0,4483.23,4086.619,63.922,29.358,29.237,8.719,0.0,0.0
528,8.0,9.0,1.0,0.0,0.0,0.0,4751.476,3873.231,82.843,29.312,29.207,8.708,0.0,0.0
529,8.0,9.0,1.0,1.0,1.0,0.0,5162.475,3921.008,57.213,29.174,29.13,8.676,0.0,0.0
530,8.0,9.0,1.0,2.0,2.0,0.0,4819.268,3982.032,40.629,28.984,28.936,8.619,0.0,0.0
531,8.0,9.0,1.0,3.0,3.0,0.0,4787.58,4058.66,2.235,29.203,29.097,8.676,0.0,0.0
532,8.0,9.0,1.0,4.0,4.0,0.0,4710.489,4091.532,-1.179,30.138,27.034,8.414,0.0,0.0
533,9.0,9.0,1.0,0.0,1.0,0.0,5283.903,3773.07,84.945,28.89,28.714,8.661,0.0,0.0
534,9.0,9.0,1.0,1.0,2.0,0.0,5640.612,3860.321,13.951,29.312,29.246,8.626,0.0,0.0
535,9.0,9.0,1.0,2.0,3.0,0.0,5395.994,3881.337,6.565,28.685,28.252,8.561,0.0,0.0
536,9.0,9.0,1.0,3.0,4.0,0.0,5352.955,3951.872,65.678,28.931,28.754,8.584,0.0,0.0
537,9.0,9.0,1.0,4.0,5.0,0.0,5307.319,3985.635,50.574,28.98,28.836,8.603,0.0,0.0
538,9.0,9.0,1.0,5.0,6.0,0.0,5514.061,4038.009,42.836,28.937,28.807,8.682,0.0,0.0
539,0.0,10.0,1.0,0.0,3.0,0.0,413.16,4135.6,103.373,29.208,29.103,8.677,0.0,0.0
540,0.0,10.0,1.0,1.0,4.0,0.0,584.865,4231.367,-19.345,29.436,29.077,8.708,0.0,0.0
542,0.0,10.0,1.0,3.0,7.0,0.0,321.305,4391.247,37.126,28.68,28.549,8.605,0.0,0.0
543,0.0,10.0,1.0,4.0,8.0,0.0,520.174,4411.433,45.173,28.904,28.839,8.682,0.0,0.0
545,2.0,10.0,1.0,0.0,2.0,0.0,1347.656,4156.466,28.565,28.996,28.924,8.619,0.0,0.0
546,2.0,10.0,1.0,1.0,3.0,0.0,1177.604,4161.765,41.3,29.119,29.03,8.653,0.0,0.0
547,2.0,10.0,1.0,2.0,4.0,0.0,1649.693,4361.528,-7.731,29.276,29.22,8.705,0.0,0.0
549,3.0,10.0,1.0,0.0,1.0,0.0,1991.263,4196.057,58.829,28.42,28.343,8.534,0.0,0.0
550,3.0,10.0,1.0,1.0,2.0,0.0,1932.406,4246.048,17.287,28.952,28.842,8.6,0.0,0.0
551,3.0,10.0,1.0,2.0,3.0,0.0,1898.884,4247.123,43.479,28.882,28.767,8.668,0.0,0.0
553,3.0,10.0,1.0,4.0,5.0,0.0,2231.762,4287.704,56.456,28.859,28.735,8.659,0.0,0.0
554,3.0,10.0,1.0,5.0,6.0,0.0,1888.64,4304.187,18.278,28.699,28.57,8.611,0.0,0.0
555,3.0,10.0,1.0,6.0,7.0,0.0,2086.572,4308.517,91.673,28.391,28.297,8.523,0.0,0.0
556,4.0,10.0,1.0,0.0,0.0,0.0,2794.994,4104.89,95.445,28.812,28.754,8.566,0.0,0.0
557,4.0,10.0,1.0,1.0,1.0,0.0,2395.044,4322.039,49.262,29.174,29.082,8.669,0.0,0.0
558,4.0,10.0,1.0,2.0,2.0,0.0,2864.846,4438.617,34.031,29.863,29.573,8.756,0.0,0.0
561,5.0,10.0,1.0,2.0,3.0,0.0,2989.795,4293.286,31.91,29.357,29.153,8.707,0.0,0.0
562,5.0,10.0,1.0,3.0,4.0,0.0,3086.185,4330.195,53.877,28.86,28.813,8.582,0.0,0.0
563,6.0,10.0,1.0,0.0,0.0,0.0,3896.392,4146.534,82.07,29.292,29.034,8.679,0.0,0.0
564,6.0,10.0,1.0,1.0,1.0,0.0,4014.573,4170.023,16.506,28.955,28.924,8.613,0.0,0.0
567,6.0,10.0,1.0,4.0,4.0,0.0,3768.292,4391.198,75.908,29.091,28.889,8.628,0.0,0.0
568,7.0,10.0,1.0,0.0,1.0,0.0,4226.257,4216.586,50.084,28.722,28.579,8.615,0.0,0.0
569,7.0,10.0,1.0,1.0,2.0,0.0,4077.721,4309.118,45.032,29.083,28.811,8.615,0.0,0.0
570,7.0,10.0,1.0,2.0,3.0,0.0,4133.045,4350.478,44.565,29.287,29.182,8.701,0.0,0.0
571,7.0,10.0,1.0,3.0,5.0,0.0,4489.493,4422.2,129.066,29.314,29.25,8.715,0.0,0.0
572,8.0,10.0,1.0,0.0,1.0,0.0,4797.748,4097.514,90.22,29.053,29.001,8.639,0.0,0.0
573,8.0,10.0,1.0,1.0,2.0,0.0,4947.798,4106.976,122.031,29.007,28.872,8.613,0.0,0.0
574,8.0,10.0,1.0,2.0,3.0,0.0,4771.067,4223.19,41.941,29.05,28.889,8.622,0.0,0.0
575,8.0,10.0,1.0,3.0,4.0,0.0,4783.493,4295.227,7.973,28.886,28.849,8.591,0.0,0.0
577,8.0,10.0,1.0,5.0,6.0,0.0,5079.035,4335.758,22.413,28.768,28.647,8.633,0.0,0.0
578,8.0,10.0,1.0,6.0,7.0,0.0,4639.382,4399.062,85.674,29.521,29.425,8.684,0.0,0.0
580,8.0,10.0,1.0,8.0,9.0,0.0,5157.29,4468.417,35.151,29.467,29.371,8.756,0.0,0.0
581,8.0,10.0,1.0,9.0,10.0,0.0,4668.904,4488.978,48.789,29.439,29.334,8.746,0.0,0.0
582,9.0,10.0,1.0,0.0,1.0,0.0,5430.992,4171.383,67.582,28.859,28.648,8.558,0.0,0.0
583,9.0,10.0,1.0,1.0,2.0,0.0,5644.366,4217.007,45.123,29.068,28.668,8.681,0.0,0.0
584,9.0,10.0,1.0,2.0,3.0,0.0,5252.633,4368.58,26.045,28.823,28.653,8.642,0.0,0.0
585,9.0,10.0,1.0,3.0,4.0,0.0,5417.365,4397.639,128.109,29.065,28.929,8.63,0.0,0.0
586,9.0,10.0,1.0,4.0,5.0,0.0,5370.848,4408.058,68.2,29.095,28.889,8.629,0.0,0.0
587,9.0,10.0,1.0,5.0,6.0,0.0,5488.969,4459.379,47.722,29.267,29.23,8.705,0.0,0.0
588,9.0,10.0,1.0,6.0,7.0,0.0,5576.705,4473.907,112.505,29.304,29.146,8.698,0.0,0.0
590,0.0,11.0,1.0,1.0,2.0,0.0,162.621,4687.576,125.634,28.779,28.57,8.622,0.0,0.0
591,0.0,11.0,1.0,2.0,3.0,0.0,60.174,4820.919,74.444,29.005,28.969,8.627,0.0,0.0
592,1.0,11.0,1.0,0.0,0.0,0.0,925.517,4644.563,-24.511,28.538,28.368,8.556,0.0,0.0
593,1.0,11.0,1.0,1.0,1.0,0.0,951.356,4703.669,-36.818,28.325,27.979,8.555,0.0,0.0
594,1.0,11.0,1.0,2.0,2.0,0.0,826.474,4839.484,69.725,28.816,28.766,8.657,0.0,0.0
595,2.0,11.0,1.0,0.0,0.0,0.0,1508.011,4881.057,34.711,29.232,29.181,8.692,0.0,0.0
597,3.0,11.0,1.0,0.0,0.0,0.0,2204.816,4541.439,1.863,28.927,28.83,8.595,0.0,0.0
598,3.0,11.0,1.0,1.0,1.0,0.0,2283.104,4622.247,133.733,29.674,29.625,8.736,0.0,0.0
599,3.0,11.0,1.0,2.0,2.0,0.0,1880.964,4651.659,-7.47,28.623,28.589,8.602,0.0,0.0
600,3.0,11.0,1.0,3.0,3.0,0.0,2279.661,4880.015,4.528,30.147,30.079,8.785,0.0,0.0
602,4.0,11.0,1.0,1.0,1.0,0.0,2484.98,4595.865,25.181,29.17,29.078,8.668,0.0,0.0
603,4.0,11.0,1.0,2.0,2.0,0.0,2808.429,4654.69,104.029,28.876,28.817,8.674,0.0,0.0
605,4.0,11.0,1.0,4.0,4.0,0.0,2447.913,4715.728,100.497,29.062,28.75,8.603,0.0,0.0
607,4.0,11.0,1.0,6.0,6.0,0.0,2829.063,4818.226,62.88,29.247,28.72,8.625,0.0,0.0
608,4.0,11.0,1.0,7.0,7.0,0.0,2341.177,4848.95,-13.801,28.775,28.651,8.634,0.0,0.0
609,5.0,11.0,1.0,0.0,0.0,0.0,3277.568,4509.997,82.314,28.836,28.713,8.652,0.0,0.0
610,5.0,11.0,1.0,1.0,1.0,0.0,3202.61,4513.67,53.641,29.146,29.081,8.665,0.0,0.0
611,5.0,11.0,1.0,2.0,3.0,0.0,2931.697,4590.04,64.577,28.807,28.735,8.651,0.0,0.0
612,5.0,11.0,1.0,3.0,4.0,0.0,3101.864,4618.617,61.547,28.705,28.65,8.623,0.0,0.0
613,5.0,11.0,1.0,4.0,5.0,0.0,3322.464,4691.034,63.933,28.926,28.724,8.667,0.0,0.0
616,5.0,11.0,1.0,7.0,7.0,0.0,3017.374,4892.627,10.879,29.141,29.109,8.668,0.0,0.0
617,5.0,11.0,1.0,8.0,8.0,0.0,3048.462,4907.485,-2.248,29.786,27.038,8.454,0.0,0.0
618,6.0,11.0,1.0,0.0,0.0,0.0,3863.262,4511.33,63.402,29.102,28.931,8.636,0.0,0.0
620,6.0,11.0,1.0,2.0,2.0,0.0,3544.003,4692.18,25.186,29.029,28.786,8.604,0.0,0.0
621,6.0,11.0,1.0,3.0,3.0,0.0,3816.788,4753.555,85.604,28.394,28.385,8.537,0.0,0.0
622,6.0,11.0,1.0,4.0,4.0,0.0,3637.492,4799.993,32.516,29.4,29.249,8.728,0.0,0.0
623,6.0,11.0,1.0,5.0,5.0,0.0,3883.81,4823.705,95.12,28.966,28.844,8.603,0.0,0.0
625,6.0,11.0,1.0,7.0,7.0,0.0,3614.791,4872.316,76.906,29.128,28.979,8.647,0.0,0.0
627,7.0,11.0,1.0,1.0,2.0,0.0,4435.945,4669.225,27.34,28.798,28.593,8.629,0.0,0.0
628,7.0,11.0,1.0,2.0,3.0,0.0,4413.999,4713.932,1.315,27.616,27.309,8.345,0.0,0.0
630,7.0,11.0,1.0,4.0,5.0,0.0,4429.242,4817.836,26.212,28.832,28.74,8.656,0.0,0.0
631,8.0,11.0,1.0,0.0,1.0,0.0,4942.798,4619.807,-23.676,29.199,28.805,8.631,0.0,0.0
632,8.0,11.0,1.0,1.0,2.0,0.0,5139.526,4680.189,54.09,28.768,28.667,8.635,0.0,0.0
633,8.0,11.0,1.0,2.0,3.0,0.0,4686.781,4685.063,15.668,28.618,28.559,8.597,0.0,0.0
634,8.0,11.0,1.0,3.0,4.0,0.0,4821.062,4692.389,49.354,28.706,28.6,8.616,0.0,0.0
636,8.0,11.0,1.0,5.0,6.0,0.0,4843.051,4737.824,90.383,28.868,28.773,8.666,0.0,0.0
637,8.0,11.0,1.0,6.0,7.0,0.0,4879.311,4766.382,94.789,28.461,28.306,8.535,0.0,0.0
639,8.0,11.0,1.0,8.0,9.0,0.0,5009.013,4852.717,-22.146,29.178,29.103,8.673,0.0,0.0
640,9.0,11.0,1.0,0.0,0.0,0.0,5260.968,4514.351,40.65,28.539,28.311,8.547,0.0,0.0
641,9.0,11.0,1.0,1.0,1.0,0.0,5392.677,4556.885,46.544,29.119,28.959,8.643,0.0,0.0
642,9.0,11.0,1.0,2.0,2.0,0.0,5540.766,4591.462,41.482,29.192,28.896,9.442,0.0,0.0
643,9.0,11.0,1.0,3.0,2.0,0.0,5522.009,4575.475,14.937,29.582,29.266,9.454,0.0,0.0
644,9.0,11.0,1.0,4.0,4.0,0.0,5483.731,4587.849,71.051,29.012,28.837,8.608,0.0,0.0
646,9.0,11.0,1.0,6.0,6.0,0.0,5726.849,4793.351,25.433,29.559,28.528,8.644,0.0,0.0
647,0.0,12.0,1.0,0.0,1.0,0.0,82.612,4967.792,82.703,28.757,28.698,8.638,0.0,0.0
648,0.0,12.0,1.0,1.0,2.0,0.0,383.135,5066.579,106.097,28.967,28.772,8.592,0.0,0.0
649,0.0,12.0,1.0,2.0,3.0,0.0,386.311,5148.746,59.529,28.158,27.802,8.502,0.0,0.0
650,0.0,12.0,1.0,3.0,4.0,0.0,395.627,5286.881,92.281,29.061,28.954,8.633,0.0,0.0
651,0.0,12.0,1.0,4.0,5.0,0.0,93.88,5292.983,22.323,29.244,29.186,8.695,0.0,0.0
652,0.0,12.0,1.0,5.0,6.0,0.0,354.418,5300.32,-13.795,28.964,28.931,8.615,0.0,0.0
653,1.0,12.0,1.0,0.0,0.0,0.0,708.88,4993.461,-1.529,29.001,28.904,8.617,0.0,0.0
654,1.0,12.0,1.0,1.0,1.0,0.0,956.536,5010.093,45.42,29.068,29.023,8.645,0.0,0.0
655,1.0,12.0,1.0,2.0,2.0,0.0,879.965,5014.558,74.395,28.791,28.661,8.549,0.0,0.0
656,1.0,12.0,1.0,3.0,3.0,0.0,940.864,5117.138,77.781,28.319,28.233,8.503,0.0,0.0
657,1.0,12.0,1.0,4.0,4.0,0.0,944.97,5181.217,27.825,28.124,27.947,8.52,0.0,0.0
658,1.0,12.0,1.0,5.0,5.0,0.0,700.9,5204.377,94.454,28.963,28.849,8.603,0.0,0.0
661,1.0,12.0,1.0,8.0,11.0,0.0,1114.336,5316.447,-3.173,29.998,25.751,8.297,0.0,0.0
662,1.0,12.0,1.0,9.0,12.0,0.0,916.465,5316.733,-4.16,30.227,25.092,8.221,0.0,0.0
666,2.0,12.0,1.0,3.0,2.0,0.0,1344.353,5154.221,74.543,29.521,29.412,8.682,0.0,0.0
667,2.0,12.0,1.0,4.0,4.0,0.0,1355.829,5202.409,-39.495,29.059,28.97,8.635,0.0,0.0
668,2.0,12.0,1.0,5.0,5.0,0.0,1207.658,5274.935,-18.082,29.327,29.238,8.715,0.0,0.0
669,2.0,12.0,1.0,6.0,6.0,0.0,1544.422,5281.567,104.31,28.976,28.941,8.619,0.0,0.0
670,2.0,12.0,1.0,7.0,7.0,0.0,1389.694,5305.439,37.738,29.404,29.27,8.643,0.0,0.0
671,3.0,12.0,1.0,0.0,0.0,0.0,2018.833,4924.621,107.442,29.383,28.923,8.589,0.0,0.0
672,3.0,12.0,1.0,1.0,1.0,0.0,2284.243,4939.01,125.739,29.059,28.892,8.623,0.0,0.0
673,3.0,12.0,1.0,2.0,2.0,0.0,1806.831,4943.216,45.07,29.154,29.015,8.656,0.0,0.0
674,3.0,12.0,1.0,3.0,3.0,0.0,1934.066,5022.527,107.541,28.529,28.44,8.565,0.0,0.0
676,3.0,12.0,1.0,5.0,5.0,0.0,1753.661,5198.755,52.113,29.007,28.951,8.625,0.0,0.0
677,3.0,12.0,1.0,6.0,6.0,0.0,2106.781,5274.29,77.008,29.063,28.924,8.629,0.0,0.0
679,4.0,12.0,1.0,1.0,1.0,0.0,2418.965,5289.138,126.485,29.69,29.263,8.6,0.0,0.0
680,5.0,12.0,1.0,0.0,2.0,0.0,3167.913,4942.738,54.338,28.589,28.434,8.573,0.0,0.0
681,5.0,12.0,1.0,1.0,3.0,0.0,3438.596,4960.645,47.612,29.047,28.999,8.638,0.0,0.0
682,5.0,12.0,1.0,2.0,4.0,0.0,3185.936,4994.041,109.375,29.189,29.09,8.672,0.0,0.0
684,6.0,12.0,1.0,1.0,1.0,0.0,3782.115,5080.584,116.25,28.778,28.639,8.633,0.0,0.0
685,6.0,12.0,1.0,2.0,2.0,0.0,3548.814,5316.138,-1.585,30.575,26.057,8.326,0.0,0.0
687,8.0,12.0,1.0,0.0,0.0,0.0,4954.561,4993.618,101.972,28.985,28.898,8.614,0.0,0.0
688,8.0,12.0,1.0,1.0,1.0,0.0,4792.631,5009.651,-6.63,28.87,28.527,8.541,0.0,0.0
689,8.0,12.0,1.0,2.0,3.0,0.0,5013.176,5099.657,15.673,28.556,28.493,8.577,0.0,0.0
690,8.0,12.0,1.0,3.0,4.0,0.0,4712.47,5223.277,-1.771,29.688,29.497,8.719,0.0,0.0
691,8.0,12.0,1.0,4.0,5.0,0.0,4905.868,5252.34,64.565,28.663,28.535,8.6,0.0,0.0
692,8.0,12.0,1.0,5.0,6.0,0.0,4842.392,5290.465,77.286,29.544,29.31,8.758,0.0,0.0
693,9.0,12.0,1.0,0.0,0.0,0.0,5401.486,5030.719,83.674,28.983,28.896,8.613,0.0,0.0
694,9.0,12.0,1.0,1.0,1.0,0.0,5202.441,5070.44,-21.183,29.106,28.992,8.646,0.0,0.0
695,9.0,12.0,1.0,2.0,2.0,0.0,5752.95,5153.014,19.847,29.112,28.991,8.646,0.0,0.0
696,9.0,12.0,1.0,3.0,4.0,0.0,5642.09,5266.194,79.242,29.3,28.537,8.269,0.0,0.0
697,9.0,12.0,1.0,4.0,6.0,0.0,5400.118,5299.145,-20.765,29.587,29.477,8.701,0.0,0.0
699,1.0,4.0,1.0,0.0,0.0,0.0,785.589,1898.64,66.222,29.869,29.265,25.185,4.0,
700,1.0,4.0,1.0,0.0,0.0,0.0,768.31,1899.614,-18.854,29.909,29.104,25.041,4.0,
701,2.0,8.0,1.0,0.0,0.0,0.0,1476.29,3295.566,43.252,29.461,28.446,24.615,4.0,
702,4.0,11.0,1.0,0.0,0.0,0.0,2883.707,4541.514,29.753,30.43,28.904,25.114,4.0,
703,4.0,11.0,1.0,0.0,0.0,0.0,2879.261,4539.012,128.058,29.28,25.669,23.527,4.0,
46,5.0,0.0,1.0,10.0,7.0,0.0,3414.268,355.491,-16.496,29.024,28.572,8.571,0.0,0.0
704,5.0,10.0,1.0,0.0,0.0,0.0,3353.579,4129.039,91.858,29.882,29.284,25.129,4.0,
705,5.0,10.0,1.0,0.0,0.0,0.0,3348.698,4120.354,-31.602,29.642,27.785,24.619,4.0,
706,7.0,3.0,1.0,0.0,0.0,0.0,4199.751,1527.505,59.222,29.396,28.699,24.649,4.0,
707,7.0,3.0,1.0,0.0,0.0,0.0,4200.321,1532.807,7.167,28.979,27.319,24.02,4.0,
709,9.0,6.0,1.0,0.0,0.0,0.0,5222.345,2817.959,114.953,29.389,29.01,24.835,4.0,
711,9.0,7.0,1.0,0.0,0.0,0.0,5437.009,3230.11,71.805,30.131,28.968,23.352,4.0,
712,9.0,8.0,1.0,0.0,0.0,0.0,5687.497,3401.173,75.139,29.234,28.768,24.711,4.0,
713,9.0,8.0,1.0,0.0,0.0,0.0,5673.08,3400.089,27.014,30.478,29.647,23.631,4.0,
715,9.0,10.0,1.0,0.0,0.0,0.0,5489.581,4118.659,71.132,29.572,29.327,25.035,4.0,
716,9.0,10.0,1.0,0.0,0.0,0.0,5487.738,4102.414,4.91,29.227,28.625,24.674,4.0,
717,9.0,11.0,1.0,0.0,0.0,0.0,5246.773,4586.848,-33.49,29.104,28.583,24.564,4.0,
</ResultDatas>,,,,,,,,,,,,,,
<ElementResult>,,,,,,,,,,,,,,
0,0.0,,,,,,,,,,,,,
1,0.0,,,,,,,,,,,,,
2,0.0,,,,,,,,,,,,,
3,0.0,,,,,,,,,,,,,
4,0.0,,,,,,,,,,,,,
5,611.0,,,,,,,,,,,,,
</ElementResult>,,,,,,,,,,,,,,
0,0.0,0.0,1.0,0.0,0.0,0.0,394.825,30.823,100.228,28.334,28.297,8.514,0.0,0.0
1,0.0,0.0,1.0,1.0,1.0,0.0,103.793,106.992,60.398,28.259,27.516,8.474,0.0,0.0
2,0.0,0.0,1.0,2.0,2.0,0.0,34.136,214.29,44.176,29.679,29.321,8.692,0.0,0.0
3,0.0,0.0,1.0,3.0,3.0,0.0,583.212,293.345,-44.475,29.045,28.507,8.564,0.0,0.0
5,1.0,0.0,1.0,0.0,0.0,0.0,711.293,20.557,102.777,28.539,27.82,8.474,0.0,0.0
6,1.0,0.0,1.0,1.0,1.0,0.0,916.603,46.273,-19.974,28.607,28.454,8.579,0.0,0.0
7,1.0,0.0,1.0,2.0,2.0,0.0,785.312,57.777,111.427,27.885,27.001,8.338,0.0,0.0
8,1.0,0.0,1.0,3.0,4.0,0.0,1083.999,179.439,68.916,28.85,28.797,8.578,0.0,0.0
10,1.0,0.0,1.0,5.0,7.0,0.0,927.084,398.368,127.55,28.95,28.882,8.606,0.0,0.0
11,2.0,0.0,1.0,0.0,0.0,0.0,1182.816,129.395,25.729,28.65,28.49,8.591,0.0,0.0
12,2.0,0.0,1.0,1.0,1.0,0.0,1453.125,145.796,95.81,28.208,28.123,8.469,0.0,0.0
13,2.0,0.0,1.0,2.0,2.0,0.0,1256.121,336.278,-35.111,28.861,28.699,8.566,0.0,0.0
14,2.0,0.0,1.0,3.0,3.0,0.0,1337.674,372.283,97.548,28.726,28.523,8.607,0.0,0.0
15,2.0,0.0,1.0,4.0,4.0,0.0,1726.48,418.643,-3.654,29.273,28.123,8.542,0.0,0.0
16,3.0,0.0,1.0,0.0,0.0,0.0,2017.644,61.636,-34.469,28.564,28.41,8.566,0.0,0.0
17,3.0,0.0,1.0,1.0,1.0,0.0,2303.031,115.254,-10.326,29.057,28.796,8.609,0.0,0.0
18,3.0,0.0,1.0,2.0,2.0,0.0,2163.537,363.384,-0.216,28.468,28.429,8.555,0.0,0.0
19,3.0,0.0,1.0,3.0,3.0,0.0,1919.428,377.657,60.104,28.684,28.389,8.581,0.0,0.0
20,3.0,0.0,1.0,4.0,4.0,0.0,2299.545,402.694,0.107,29.703,29.454,8.715,0.0,0.0
21,4.0,0.0,1.0,0.0,0.0,0.0,2349.755,32.332,26.883,28.562,28.392,8.563,0.0,0.0
22,4.0,0.0,1.0,1.0,2.0,0.0,2855.759,138.274,110.15,28.72,28.561,8.524,0.0,0.0
23,4.0,0.0,1.0,2.0,3.0,0.0,2644.965,202.984,-26.753,27.458,26.835,8.25,0.0,0.0
24,4.0,0.0,1.0,3.0,4.0,0.0,2891.382,278.079,91.191,29.551,27.17,8.429,0.0,0.0
25,5.0,0.0,1.0,0.0,0.0,0.0,3109.455,19.13,-2.71,28.46,28.144,8.511,0.0,0.0
26,5.0,0.0,1.0,1.0,1.0,0.0,2991.745,34.27,74.83,28.816,28.47,8.612,0.0,0.0
27,5.0,0.0,1.0,2.0,3.0,0.0,3426.84,163.021,-18.608,28.852,28.665,8.559,0.0,0.0
28,5.0,0.0,1.0,3.0,4.0,0.0,2948.939,207.446,5.521,28.655,28.495,8.593,0.0,0.0
29,5.0,0.0,1.0,4.0,5.0,0.0,3402.86,268.159,59.962,28.761,28.572,8.62,0.0,0.0
30,5.0,0.0,1.0,5.0,7.0,0.0,3126.97,418.054,13.041,29.123,28.624,8.593,0.0,0.0
31,6.0,0.0,1.0,0.0,0.0,0.0,3713.547,29.076,68.068,28.259,28.018,8.461,0.0,0.0
32,6.0,0.0,1.0,1.0,1.0,0.0,4036.195,159.743,54.207,28.985,28.89,8.612,0.0,0.0
33,6.0,0.0,1.0,2.0,2.0,0.0,3949.083,358.618,32.338,28.732,28.69,8.545,0.0,0.0
34,6.0,0.0,1.0,3.0,3.0,0.0,3624.929,363.215,58.956,28.823,28.78,8.572,0.0,0.0
35,6.0,0.0,1.0,4.0,4.0,0.0,3660.866,381.167,129.024,29.044,28.889,8.621,0.0,0.0
36,7.0,0.0,1.0,0.0,0.0,0.0,4341.245,46.023,72.613,28.753,28.623,8.538,0.0,0.0
37,7.0,0.0,1.0,1.0,1.0,0.0,4382.554,81.4,89.733,28.341,28.007,8.472,0.0,0.0
38,7.0,0.0,1.0,2.0,3.0,0.0,4566.82,224.388,-34.919,28.469,28.106,8.506,0.0,0.0
39,7.0,0.0,1.0,3.0,4.0,0.0,4325.756,248.04,115.621,28.057,27.946,8.42,0.0,0.0
40,7.0,0.0,1.0,4.0,5.0,0.0,4085.806,274.146,-26.709,28.449,28.254,8.525,0.0,0.0
41,7.0,0.0,1.0,5.0,6.0,0.0,4445.592,274.919,112.637,27.991,26.671,8.495,0.0,0.0
42,7.0,0.0,1.0,6.0,7.0,0.0,4287.478,329.254,-27.996,28.769,28.578,8.534,0.0,0.0
43,8.0,0.0,1.0,0.0,0.0,0.0,4733.527,25.971,106.124,28.312,28.169,8.492,0.0,0.0
46,8.0,0.0,1.0,3.0,4.0,0.0,4869.601,192.02,120.814,28.82,28.674,8.556,0.0,0.0
48,8.0,0.0,1.0,5.0,6.0,0.0,4852.953,335.403,38.142,28.175,27.926,8.524,0.0,0.0
49,9.0,0.0,1.0,0.0,0.0,0.0,5610.177,102.474,99.879,28.452,28.253,8.525,0.0,0.0
50,9.0,0.0,1.0,1.0,1.0,0.0,5248.226,348.79,-4.963,28.972,28.683,8.58,0.0,0.0
51,9.0,0.0,1.0,2.0,2.0,0.0,5214.511,366.703,102.729,29.411,29.043,8.698,0.0,0.0
52,0.0,1.0,1.0,0.0,0.0,0.0,155.855,471.919,43.723,28.486,28.363,8.547,0.0,0.0
53,0.0,1.0,1.0,1.0,1.0,0.0,248.279,584.423,121.498,28.744,28.649,8.629,0.0,0.0
54,0.0,1.0,1.0,2.0,2.0,0.0,462.207,613.946,99.98,28.168,28.114,8.462,0.0,0.0
55,0.0,1.0,1.0,3.0,3.0,0.0,81.365,784.263,-29.169,28.429,28.196,8.514,0.0,0.0
56,0.0,1.0,1.0,4.0,5.0,0.0,221.658,790.956,-4.811,28.736,28.522,8.52,0.0,0.0
57,1.0,1.0,1.0,0.0,1.0,0.0,721.362,518.71,17.122,28.216,27.893,8.526,0.0,0.0
58,1.0,1.0,1.0,1.0,2.0,0.0,822.221,605.094,102.688,28.356,28.112,8.49,0.0,0.0
59,1.0,1.0,1.0,2.0,3.0,0.0,655.277,623.785,60.106,28.659,28.505,8.507,0.0,0.0
60,1.0,1.0,1.0,3.0,4.0,0.0,634.092,758.998,106.106,28.971,28.842,8.603,0.0,0.0
61,2.0,1.0,1.0,0.0,1.0,0.0,1520.074,562.502,60.572,28.025,27.604,8.364,0.0,0.0
62,2.0,1.0,1.0,1.0,2.0,0.0,1675.443,700.728,-42.765,28.406,28.303,8.526,0.0,0.0
63,2.0,1.0,1.0,2.0,3.0,0.0,1316.051,735.728,46.929,28.621,28.467,8.583,0.0,0.0
64,2.0,1.0,1.0,3.0,4.0,0.0,1470.84,764.439,82.029,28.887,28.625,9.028,0.0,0.0
65,2.0,1.0,1.0,4.0,4.0,0.0,1468.885,736.659,55.359,28.472,28.091,8.879,0.0,0.0
66,3.0,1.0,1.0,0.0,2.0,0.0,2268.834,469.412,-8.055,28.799,28.456,8.609,0.0,0.0
67,3.0,1.0,1.0,1.0,3.0,0.0,2167.601,623.802,97.963,28.596,28.224,9.019,0.0,0.0
68,3.0,1.0,1.0,2.0,3.0,0.0,2168.967,597.016,88.14,27.946,27.455,9.001,0.0,0.0
69,3.0,1.0,1.0,3.0,4.0,0.0,2007.519,690.067,49.883,28.509,28.364,8.551,0.0,0.0
70,3.0,1.0,1.0,4.0,5.0,0.0,1789.607,826.599,3.718,29.281,27.91,8.51,0.0,0.0
71,4.0,1.0,1.0,0.0,2.0,0.0,2829.447,558.68,69.058,28.487,28.347,8.545,0.0,0.0
72,4.0,1.0,1.0,1.0,3.0,0.0,2741.591,794.404,121.525,29.247,29.073,8.678,0.0,0.0
73,4.0,1.0,1.0,2.0,4.0,0.0,2681.562,818.052,-10.689,28.875,28.84,8.589,0.0,0.0
74,4.0,1.0,1.0,3.0,5.0,0.0,2564.976,819.973,133.868,28.727,28.691,8.544,0.0,0.0
75,5.0,1.0,1.0,0.0,1.0,0.0,2894.884,438.6,68.637,28.785,28.721,8.558,0.0,0.0
76,5.0,1.0,1.0,1.0,2.0,0.0,3299.595,708.581,0.368,28.253,28.186,8.486,0.0,0.0
77,5.0,1.0,1.0,2.0,3.0,0.0,3034.214,720.545,9.647,28.822,28.552,8.538,0.0,0.0
78,6.0,1.0,1.0,0.0,0.0,0.0,3871.289,482.469,-38.812,28.757,28.636,8.541,0.0,0.0
79,6.0,1.0,1.0,1.0,1.0,0.0,3714.023,575.112,57.08,28.641,28.512,8.505,0.0,0.0
80,6.0,1.0,1.0,2.0,2.0,0.0,3667.254,600.899,121.104,28.421,28.083,8.495,0.0,0.0
81,6.0,1.0,1.0,3.0,3.0,0.0,3923.092,725.578,0.735,28.904,28.77,8.582,0.0,0.0
82,6.0,1.0,1.0,4.0,4.0,0.0,3618.98,750.854,115.465,28.93,28.695,8.575,0.0,0.0
84,6.0,1.0,1.0,6.0,6.0,0.0,3963.486,807.845,50.711,29.243,29.117,8.684,0.0,0.0
87,7.0,1.0,1.0,0.0,0.0,0.0,4512.766,520.994,121.255,29.267,29.07,8.681,0.0,0.0
88,7.0,1.0,1.0,1.0,1.0,0.0,4165.435,537.028,122.541,28.687,28.448,8.59,0.0,0.0
89,7.0,1.0,1.0,2.0,2.0,0.0,4487.102,610.772,-37.87,28.181,28.126,8.466,0.0,0.0
92,7.0,1.0,1.0,5.0,5.0,0.0,4201.27,758.55,61.205,29.045,28.922,8.626,0.0,0.0
93,7.0,1.0,1.0,6.0,6.0,0.0,4088.697,785.221,16.361,28.909,28.734,8.578,0.0,0.0
94,7.0,1.0,1.0,7.0,7.0,0.0,4166.152,791.805,2.504,28.526,28.413,8.473,0.0,0.0
96,8.0,1.0,1.0,0.0,0.0,0.0,4695.548,444.08,25.656,28.693,28.344,8.576,0.0,0.0
97,8.0,1.0,1.0,1.0,1.0,0.0,5093.089,539.483,120.813,28.475,28.174,8.517,0.0,0.0
98,8.0,1.0,1.0,2.0,2.0,0.0,4885.179,583.833,99.471,28.303,27.934,8.456,0.0,0.0
100,8.0,1.0,1.0,4.0,4.0,0.0,5182.986,828.033,-1.939,29.577,26.362,8.324,0.0,0.0
101,9.0,1.0,1.0,0.0,0.0,0.0,5721.993,488.78,80.359,29.175,29.033,8.662,0.0,0.0
102,9.0,1.0,1.0,1.0,1.0,0.0,5541.969,526.721,97.018,28.348,28.163,8.496,0.0,0.0
103,9.0,1.0,1.0,2.0,3.0,0.0,5482.512,611.402,17.43,28.006,27.912,8.497,0.0,0.0
105,0.0,2.0,1.0,0.0,0.0,0.0,457.413,843.744,-19.331,28.712,28.589,8.616,0.0,0.0
106,0.0,2.0,1.0,1.0,1.0,0.0,565.708,920.303,113.79,29.096,29.009,8.56,0.0,0.0
107,0.0,2.0,1.0,2.0,2.0,0.0,460.141,924.1,28.273,28.583,28.306,8.553,0.0,0.0
108,0.0,2.0,1.0,3.0,3.0,0.0,44.952,936.522,111.513,28.516,28.415,8.56,0.0,0.0
109,0.0,2.0,1.0,4.0,4.0,0.0,297.427,972.339,42.999,28.397,28.157,8.503,0.0,0.0
110,0.0,2.0,1.0,5.0,5.0,0.0,139.369,980.688,-31.503,28.25,27.869,8.527,0.0,0.0
111,0.0,2.0,1.0,6.0,6.0,0.0,332.409,987.561,-24.668,27.898,27.65,8.44,0.0,0.0
112,0.0,2.0,1.0,7.0,7.0,0.0,431.179,1225.095,-41.177,28.967,28.925,8.615,0.0,0.0
113,0.0,2.0,1.0,8.0,8.0,0.0,385.221,1233.051,66.269,29.289,29.1,8.689,0.0,0.0
114,1.0,2.0,1.0,0.0,0.0,0.0,921.246,882.454,52.768,28.547,28.233,8.537,0.0,0.0
115,1.0,2.0,1.0,1.0,2.0,0.0,864.216,925.229,52.52,28.515,28.346,8.549,0.0,0.0
116,1.0,2.0,1.0,2.0,3.0,0.0,649.133,958.612,15.062,28.412,28.315,8.529,0.0,0.0
117,1.0,2.0,1.0,3.0,4.0,0.0,696.564,1003.659,-39.313,28.795,28.591,8.54,0.0,0.0
118,1.0,2.0,1.0,4.0,5.0,0.0,801.853,1133.319,49.525,28.58,28.409,8.568,0.0,0.0
119,2.0,2.0,1.0,0.0,0.0,0.0,1507.433,835.148,25.186,28.874,28.587,8.55,0.0,0.0
120,2.0,2.0,1.0,1.0,1.0,0.0,1369.568,884.57,81.573,28.276,28.118,8.568,0.0,0.0
122,2.0,2.0,1.0,3.0,3.0,0.0,1718.79,1163.039,52.357,29.066,28.943,8.632,0.0,0.0
123,2.0,2.0,1.0,4.0,4.0,0.0,1187.421,1214.745,119.272,29.409,29.249,8.641,0.0,0.0
124,3.0,2.0,1.0,0.0,1.0,0.0,1805.536,894.289,-6.778,28.614,28.489,8.498,0.0,0.0
125,3.0,2.0,1.0,1.0,2.0,0.0,2015.323,967.534,2.246,28.197,28.11,8.466,0.0,0.0
126,3.0,2.0,1.0,2.0,3.0,0.0,2305.175,1070.633,-4.328,28.696,28.584,8.524,0.0,0.0
127,3.0,2.0,1.0,3.0,4.0,0.0,2121.592,1110.138,61.847,27.09,25.366,9.726,0.0,0.0
128,3.0,2.0,1.0,4.0,5.0,0.0,1994.933,1122.613,92.255,28.323,28.129,8.488,0.0,0.0
129,3.0,2.0,1.0,5.0,7.0,0.0,1988.372,1215.878,21.353,29.206,29.03,8.666,0.0,0.0
130,4.0,2.0,1.0,0.0,2.0,0.0,2838.882,1014.434,67.244,28.617,28.307,8.558,0.0,0.0
131,4.0,2.0,1.0,1.0,4.0,0.0,2702.786,1020.026,134.198,27.573,27.326,8.341,0.0,0.0
132,4.0,2.0,1.0,2.0,5.0,0.0,2553.132,1021.966,50.002,28.334,28.215,8.502,0.0,0.0
133,4.0,2.0,1.0,3.0,7.0,0.0,2789.791,1145.586,48.422,28.472,27.911,8.476,0.0,0.0
134,4.0,2.0,1.0,4.0,8.0,0.0,2538.007,1161.484,-24.57,28.731,28.687,8.544,0.0,0.0
135,4.0,2.0,1.0,5.0,9.0,0.0,2874.976,1164.353,40.752,28.974,28.836,8.603,0.0,0.0
136,4.0,2.0,1.0,6.0,10.0,0.0,2423.896,1191.364,-31.441,29.017,28.861,8.613,0.0,0.0
137,5.0,2.0,1.0,0.0,0.0,0.0,3050.061,868.828,100.363,28.598,28.449,8.577,0.0,0.0
138,5.0,2.0,1.0,1.0,2.0,0.0,3277.101,928.153,117.18,28.1,27.872,8.416,0.0,0.0
139,5.0,2.0,1.0,2.0,3.0,0.0,3329.151,1010.561,1.632,28.352,28.135,8.493,0.0,0.0
140,5.0,2.0,1.0,3.0,4.0,0.0,2905.911,1019.789,-15.279,28.985,28.827,8.603,0.0,0.0
141,5.0,2.0,1.0,4.0,7.0,0.0,3087.441,1081.978,94.329,28.671,28.474,8.504,0.0,0.0
142,5.0,2.0,1.0,5.0,9.0,0.0,3316.375,1177.007,51.216,28.734,28.522,8.609,0.0,0.0
143,5.0,2.0,1.0,6.0,10.0,0.0,3189.895,1221.869,77.365,28.977,28.742,8.589,0.0,0.0
144,5.0,2.0,1.0,7.0,11.0,0.0,3075.872,1230.38,14.218,29.061,28.902,8.626,0.0,0.0
145,6.0,2.0,1.0,0.0,2.0,0.0,3930.235,856.934,87.298,29.261,29.135,8.603,0.0,0.0
146,6.0,2.0,1.0,1.0,3.0,0.0,3476.628,882.712,28.951,28.48,28.338,8.543,0.0,0.0
147,6.0,2.0,1.0,2.0,4.0,0.0,3896.233,888.23,93.827,28.691,28.526,8.602,0.0,0.0
148,6.0,2.0,1.0,3.0,5.0,0.0,3484.551,1039.595,11.016,28.57,28.511,8.582,0.0,0.0
149,6.0,2.0,1.0,4.0,6.0,0.0,3534.05,1118.498,75.779,28.67,28.57,8.606,0.0,0.0
150,6.0,2.0,1.0,5.0,7.0,0.0,3925.768,1188.522,68.697,28.957,28.853,8.603,0.0,0.0
151,7.0,2.0,1.0,0.0,0.0,0.0,4483.882,849.342,-4.82,28.84,28.711,8.653,0.0,0.0
152,7.0,2.0,1.0,1.0,1.0,0.0,4566.361,956.876,102.787,29.212,29.055,8.671,0.0,0.0
153,7.0,2.0,1.0,2.0,2.0,0.0,4525.454,1090.499,38.362,28.748,28.705,8.638,0.0,0.0
154,7.0,2.0,1.0,3.0,3.0,0.0,4311.86,1116.657,-16.179,28.636,28.591,8.516,0.0,0.0
156,8.0,2.0,1.0,0.0,1.0,0.0,4806.856,848.849,109.201,29.077,28.9,8.627,0.0,0.0
157,8.0,2.0,1.0,1.0,2.0,0.0,4720.734,885.868,16.464,28.159,27.963,8.438,0.0,0.0
158,8.0,2.0,1.0,2.0,3.0,0.0,4703.202,1033.51,-3.949,28.759,28.45,8.602,0.0,0.0
159,8.0,2.0,1.0,3.0,4.0,0.0,4676.907,1197.145,110.436,29.011,28.919,8.621,0.0,0.0
160,9.0,2.0,1.0,0.0,1.0,0.0,5680.191,973.973,-15.519,28.41,28.288,8.525,0.0,0.0
161,9.0,2.0,1.0,1.0,2.0,0.0,5632.586,996.573,14.729,28.573,28.322,8.555,0.0,0.0
162,9.0,2.0,1.0,2.0,3.0,0.0,5513.364,1023.943,111.088,28.359,27.905,8.459,0.0,0.0
163,9.0,2.0,1.0,3.0,4.0,0.0,5708.445,1083.469,-29.867,29.568,29.04,9.888,0.0,0.0
164,9.0,2.0,1.0,4.0,4.0,0.0,5727.722,1077.284,-38.346,29.052,29.013,9.943,0.0,0.0
165,9.0,2.0,1.0,5.0,5.0,0.0,5653.51,1087.732,-22.645,28.711,28.591,8.616,0.0,0.0
166,9.0,2.0,1.0,6.0,6.0,0.0,5355.267,1093.773,41.23,28.375,28.338,8.527,0.0,0.0
167,0.0,3.0,1.0,0.0,2.0,0.0,81.035,1294.426,76.852,28.77,28.713,8.554,0.0,0.0
168,0.0,3.0,1.0,1.0,3.0,0.0,363.837,1304.265,-21.309,28.227,28.01,8.455,0.0,0.0
169,0.0,3.0,1.0,2.0,4.0,0.0,504.416,1393.141,67.591,28.41,28.222,8.515,0.0,0.0
170,0.0,3.0,1.0,3.0,5.0,0.0,553.624,1417.097,-13.167,28.729,28.587,8.618,0.0,0.0
171,0.0,3.0,1.0,4.0,6.0,0.0,160.842,1421.362,25.431,28.207,27.738,8.5,0.0,0.0
172,0.0,3.0,1.0,5.0,7.0,0.0,278.238,1533.594,111.615,28.387,28.322,8.526,0.0,0.0
173,0.0,3.0,1.0,6.0,8.0,0.0,324.966,1566.161,-43.266,28.382,28.156,8.5,0.0,0.0
174,1.0,3.0,1.0,0.0,0.0,0.0,666.456,1299.443,117.796,28.47,28.231,9.118,0.0,0.0
175,1.0,3.0,1.0,1.0,1.0,0.0,761.95,1328.936,92.946,28.4,28.283,8.522,0.0,0.0
176,1.0,3.0,1.0,2.0,2.0,0.0,1123.207,1440.468,59.74,28.898,28.703,8.572,0.0,0.0
178,1.0,3.0,1.0,4.0,4.0,0.0,644.869,1589.279,129.365,28.903,28.637,8.562,0.0,0.0
179,2.0,3.0,1.0,0.0,1.0,0.0,1214.304,1244.404,53.827,28.77,28.619,8.628,0.0,0.0
180,2.0,3.0,1.0,1.0,2.0,0.0,1470.142,1350.875,-6.865,28.126,28.061,8.448,0.0,0.0
181,2.0,3.0,1.0,2.0,3.0,0.0,1465.777,1397.115,23.721,28.139,28.002,8.441,0.0,0.0
182,2.0,3.0,1.0,3.0,4.0,0.0,1388.031,1429.626,46.687,28.593,28.526,8.588,0.0,0.0
183,2.0,3.0,1.0,4.0,5.0,0.0,1505.649,1482.323,94.967,26.573,25.543,9.639,0.0,0.0
184,2.0,3.0,1.0,5.0,6.0,0.0,1565.017,1541.698,-25.054,28.641,28.449,8.584,0.0,0.0
185,2.0,3.0,1.0,6.0,7.0,0.0,1683.195,1552.018,-2.472,28.915,28.729,8.578,0.0,0.0
186,2.0,3.0,1.0,7.0,8.0,0.0,1497.999,1589.201,58.21,28.681,28.238,9.362,0.0,0.0
187,2.0,3.0,1.0,8.0,8.0,0.0,1484.662,1569.872,85.667,28.723,28.459,9.533,0.0,0.0
188,2.0,3.0,1.0,9.0,9.0,0.0,1414.507,1576.403,50.45,28.789,28.636,8.545,0.0,0.0
189,2.0,3.0,1.0,10.0,10.0,0.0,1684.626,1643.58,-2.046,29.71,27.012,8.351,0.0,0.0
190,3.0,3.0,1.0,0.0,1.0,0.0,2280.574,1251.309,-44.142,27.202,25.208,9.139,0.0,0.0
191,3.0,3.0,1.0,1.0,2.0,0.0,1982.3,1372.878,82.544,28.296,28.167,8.489,0.0,0.0
192,3.0,3.0,1.0,2.0,3.0,0.0,2086.317,1449.187,12.783,27.176,26.928,8.221,0.0,0.0
193,3.0,3.0,1.0,3.0,4.0,0.0,2240.937,1610.509,60.622,29.119,28.961,8.643,0.0,0.0
194,3.0,3.0,1.0,4.0,5.0,0.0,2142.181,1618.914,15.763,28.631,28.589,8.603,0.0,0.0
195,5.0,3.0,1.0,0.0,2.0,0.0,3206.404,1353.529,-7.098,28.595,28.303,8.555,0.0,0.0
197,5.0,3.0,1.0,2.0,4.0,0.0,2928.535,1376.658,92.497,28.886,28.867,8.594,0.0,0.0
198,5.0,3.0,1.0,3.0,5.0,0.0,2938.567,1466.556,-44.224,28.359,28.307,8.52,0.0,0.0
199,5.0,3.0,1.0,4.0,6.0,0.0,3351.369,1537.672,57.722,28.76,28.686,8.637,0.0,0.0
200,5.0,3.0,1.0,5.0,7.0,0.0,3340.029,1596.518,30.33,28.74,28.546,8.613,0.0,0.0
201,6.0,3.0,1.0,0.0,0.0,0.0,3919.482,1364.173,131.685,28.365,28.136,8.495,0.0,0.0
202,6.0,3.0,1.0,1.0,1.0,0.0,3593.416,1598.088,34.921,28.36,28.271,8.515,0.0,0.0
203,7.0,3.0,1.0,0.0,1.0,0.0,4508.064,1372.91,87.714,28.188,27.814,8.508,0.0,0.0
204,7.0,3.0,1.0,1.0,2.0,0.0,4516.567,1443.433,41.473,28.745,28.733,8.553,0.0,0.0
205,7.0,3.0,1.0,2.0,3.0,0.0,4253.424,1457.487,99.422,28.463,28.305,8.535,0.0,0.0
206,7.0,3.0,1.0,3.0,4.0,0.0,4552.681,1524.636,85.791,29.067,28.946,8.633,0.0,0.0
208,8.0,3.0,1.0,1.0,1.0,0.0,4710.059,1475.692,99.18,28.461,28.351,8.542,0.0,0.0
209,8.0,3.0,1.0,2.0,2.0,0.0,4995.652,1571.184,-40.0,28.297,28.127,8.573,0.0,0.0
210,8.0,3.0,1.0,3.0,3.0,0.0,4861.637,1623.715,31.274,28.984,28.823,8.602,0.0,0.0
211,8.0,3.0,1.0,4.0,4.0,0.0,5145.655,1644.217,-3.228,29.863,26.163,8.338,0.0,0.0
213,9.0,3.0,1.0,1.0,1.0,0.0,5409.68,1296.694,-17.531,28.566,28.344,8.557,0.0,0.0
214,9.0,3.0,1.0,2.0,2.0,0.0,5573.762,1395.655,58.054,28.571,28.311,8.552,0.0,0.0
218,9.0,3.0,1.0,6.0,5.0,0.0,5454.709,1572.371,-11.688,28.748,28.725,8.553,0.0,0.0
219,0.0,4.0,1.0,0.0,0.0,0.0,359.215,1649.701,67.993,28.217,28.136,8.473,0.0,0.0
220,0.0,4.0,1.0,1.0,1.0,0.0,243.092,1692.706,68.969,28.879,28.735,8.573,0.0,0.0
221,0.0,4.0,1.0,2.0,2.0,0.0,377.321,1812.961,17.624,27.651,26.66,8.251,0.0,0.0
222,0.0,4.0,1.0,3.0,3.0,0.0,570.102,1831.008,17.763,28.716,28.609,8.619,0.0,0.0
223,0.0,4.0,1.0,4.0,4.0,0.0,111.331,1941.225,-21.911,28.989,28.48,8.552,0.0,0.0
224,0.0,4.0,1.0,5.0,5.0,0.0,328.068,1969.187,27.134,28.757,28.459,8.603,0.0,0.0
225,1.0,4.0,1.0,0.0,0.0,0.0,965.671,1653.903,33.28,27.965,27.813,8.475,0.0,0.0
226,1.0,4.0,1.0,1.0,1.0,0.0,699.835,1655.062,22.052,28.661,28.328,8.568,0.0,0.0
227,1.0,4.0,1.0,2.0,2.0,0.0,872.393,1721.558,62.12,27.527,26.662,8.143,0.0,0.0
228,1.0,4.0,1.0,3.0,3.0,0.0,1060.184,1733.457,101.627,28.323,28.237,8.504,0.0,0.0
229,1.0,4.0,1.0,4.0,5.0,0.0,851.263,1850.442,9.674,27.883,27.83,8.465,0.0,0.0
231,1.0,4.0,1.0,6.0,7.0,0.0,1049.656,2014.447,19.033,28.687,28.503,8.51,0.0,0.0
232,2.0,4.0,1.0,0.0,1.0,0.0,1427.052,1945.688,110.371,28.714,28.508,8.515,0.0,0.0
233,3.0,4.0,1.0,0.0,0.0,0.0,2011.821,1762.011,96.918,27.677,25.263,8.752,0.0,0.0
234,3.0,4.0,1.0,1.0,2.0,0.0,1877.415,1906.564,125.105,28.446,28.309,8.533,0.0,0.0
235,3.0,4.0,1.0,2.0,3.0,0.0,2267.484,1929.524,-28.945,29.122,29.048,8.656,0.0,0.0
236,3.0,4.0,1.0,3.0,4.0,0.0,1881.25,2045.299,28.918,29.399,29.181,8.717,0.0,0.0
237,4.0,4.0,1.0,0.0,0.0,0.0,2494.037,1658.561,26.985,28.332,27.849,8.446,0.0,0.0
239,4.0,4.0,1.0,2.0,2.0,0.0,2499.118,1790.064,106.995,28.081,27.938,8.511,0.0,0.0
240,4.0,4.0,1.0,3.0,3.0,0.0,2607.042,1937.079,86.215,28.031,27.943,8.416,0.0,0.0
241,5.0,4.0,1.0,0.0,0.0,0.0,3212.151,1705.466,124.114,28.579,28.522,8.497,0.0,0.0
242,5.0,4.0,1.0,1.0,2.0,0.0,3393.835,1819.181,-35.334,28.616,28.423,8.576,0.0,0.0
243,5.0,4.0,1.0,2.0,3.0,0.0,3398.532,1881.7,-24.686,28.947,28.802,8.683,0.0,0.0
244,5.0,4.0,1.0,3.0,4.0,0.0,2938.28,1938.211,77.903,28.843,28.645,8.643,0.0,0.0
246,6.0,4.0,1.0,1.0,2.0,0.0,3557.355,1764.87,8.766,28.828,28.703,8.65,0.0,0.0
248,6.0,4.0,1.0,3.0,4.0,0.0,3991.482,1823.577,33.213,28.449,28.373,8.543,0.0,0.0
249,6.0,4.0,1.0,4.0,6.0,0.0,3619.216,1838.015,81.149,28.549,28.503,8.49,0.0,0.0
250,6.0,4.0,1.0,5.0,7.0,0.0,3818.079,1837.565,1.585,27.703,27.349,8.548,0.0,0.0
251,6.0,4.0,1.0,6.0,8.0,0.0,3557.659,1867.091,7.24,28.85,28.588,8.547,0.0,0.0
252,7.0,4.0,1.0,0.0,1.0,0.0,4298.081,1717.061,-3.285,28.93,28.842,8.597,0.0,0.0
253,7.0,4.0,1.0,1.0,2.0,0.0,4065.717,1729.407,60.996,28.613,28.491,8.586,0.0,0.0
254,7.0,4.0,1.0,2.0,3.0,0.0,4195.418,1741.793,92.07,28.831,28.773,8.572,0.0,0.0
256,7.0,4.0,1.0,4.0,6.0,0.0,4304.856,1777.954,51.96,28.554,28.433,8.568,0.0,0.0
259,7.0,4.0,1.0,7.0,11.0,0.0,4070.034,2007.93,-42.483,28.942,28.792,8.591,0.0,0.0
260,7.0,4.0,1.0,8.0,12.0,0.0,4245.64,2023.858,14.464,29.259,29.154,8.692,0.0,0.0
261,8.0,4.0,1.0,0.0,2.0,0.0,5183.307,1708.531,-42.486,28.927,28.699,8.575,0.0,0.0
262,8.0,4.0,1.0,1.0,4.0,0.0,4901.734,2033.603,64.661,28.823,28.624,8.548,0.0,0.0
263,9.0,4.0,1.0,0.0,2.0,0.0,5546.211,1991.367,18.046,28.69,28.607,8.615,0.0,0.0
264,0.0,5.0,1.0,0.0,0.0,0.0,258.742,2065.009,75.686,28.02,27.966,8.507,0.0,0.0
265,0.0,5.0,1.0,1.0,1.0,0.0,573.99,2074.705,-23.107,28.79,28.454,8.607,0.0,0.0
266,0.0,5.0,1.0,2.0,2.0,0.0,320.323,2085.844,-0.76,29.078,28.867,8.623,0.0,0.0
267,0.0,5.0,1.0,3.0,3.0,0.0,317.385,2209.004,-30.795,28.007,27.845,8.397,0.0,0.0
268,1.0,5.0,1.0,0.0,1.0,0.0,677.913,2279.666,125.001,28.402,28.299,8.525,0.0,0.0
269,1.0,5.0,1.0,1.0,2.0,0.0,641.063,2333.816,91.633,29.206,29.154,8.684,0.0,0.0
270,1.0,5.0,1.0,2.0,3.0,0.0,917.205,2344.366,130.435,27.998,27.658,8.457,0.0,0.0
271,1.0,5.0,1.0,3.0,4.0,0.0,943.583,2435.82,63.138,28.354,28.247,8.51,0.0,0.0
272,1.0,5.0,1.0,4.0,5.0,0.0,1028.028,2453.132,-2.165,28.573,28.401,8.566,0.0,0.0
273,2.0,5.0,1.0,0.0,0.0,0.0,1704.467,2106.9,-20.183,28.842,28.63,8.553,0.0,0.0
274,2.0,5.0,1.0,1.0,1.0,0.0,1590.666,2199.365,126.458,28.864,28.662,9.983,0.0,0.0
275,2.0,5.0,1.0,2.0,1.0,0.0,1579.692,2162.104,73.266,28.855,28.753,9.37,0.0,0.0
276,3.0,5.0,1.0,0.0,1.0,0.0,1889.731,2080.787,95.481,28.635,28.492,8.589,0.0,0.0
277,3.0,5.0,1.0,1.0,2.0,0.0,1978.883,2141.763,125.624,28.733,28.591,8.619,0.0,0.0
278,3.0,5.0,1.0,2.0,3.0,0.0,1901.311,2295.395,90.056,28.513,28.364,8.551,0.0,0.0
279,3.0,5.0,1.0,3.0,4.0,0.0,2045.852,2419.374,39.082,28.757,28.525,8.612,0.0,0.0
280,4.0,5.0,1.0,0.0,0.0,0.0,2839.583,2063.617,119.304,29.199,28.958,8.654,0.0,0.0
281,4.0,5.0,1.0,1.0,1.0,0.0,2362.369,2200.665,56.797,28.846,28.66,8.557,0.0,0.0
282,4.0,5.0,1.0,2.0,2.0,0.0,2639.246,2284.332,56.709,26.626,26.369,9.476,0.0,0.0
284,5.0,5.0,1.0,0.0,0.0,0.0,3248.311,2095.994,127.043,28.411,28.345,8.533,0.0,0.0
285,5.0,5.0,1.0,1.0,1.0,0.0,3380.619,2117.39,106.484,28.73,28.578,8.616,0.0,0.0
286,5.0,5.0,1.0,2.0,2.0,0.0,3021.273,2226.191,22.395,28.751,28.647,8.63,0.0,0.0
287,5.0,5.0,1.0,3.0,3.0,0.0,2958.024,2313.421,37.115,28.544,28.414,8.564,0.0,0.0
288,5.0,5.0,1.0,4.0,4.0,0.0,3394.758,2354.372,119.93,28.401,28.28,8.522,0.0,0.0
289,5.0,5.0,1.0,5.0,5.0,0.0,3275.885,2454.137,-26.093,28.741,28.687,8.634,0.0,0.0
290,6.0,5.0,1.0,0.0,0.0,0.0,3610.019,2152.401,27.352,28.538,28.358,8.554,0.0,0.0
291,6.0,5.0,1.0,1.0,1.0,0.0,3968.049,2183.625,125.772,28.995,28.745,8.592,0.0,0.0
292,6.0,5.0,1.0,2.0,2.0,0.0,3771.121,2192.164,72.161,28.318,28.216,8.5,0.0,0.0
293,6.0,5.0,1.0,3.0,3.0,0.0,3548.399,2196.529,11.135,28.404,28.279,8.522,0.0,0.0
294,6.0,5.0,1.0,4.0,4.0,0.0,3563.555,2306.468,-18.94,29.002,28.826,9.291,0.0,0.0
295,6.0,5.0,1.0,5.0,4.0,0.0,3589.551,2301.978,-10.466,28.988,28.341,9.201,0.0,0.0
297,7.0,5.0,1.0,0.0,0.0,0.0,4425.556,2065.417,118.567,28.718,28.415,8.59,0.0,0.0
298,7.0,5.0,1.0,1.0,1.0,0.0,4471.175,2184.578,110.415,28.472,28.377,8.547,0.0,0.0
299,7.0,5.0,1.0,2.0,2.0,0.0,4070.227,2210.14,43.552,28.978,28.92,8.616,0.0,0.0
300,7.0,5.0,1.0,3.0,5.0,0.0,4084.805,2405.837,39.34,28.847,28.741,8.57,0.0,0.0
302,8.0,5.0,1.0,0.0,2.0,0.0,5047.747,2139.634,72.25,28.761,28.667,8.634,0.0,0.0
303,8.0,5.0,1.0,1.0,3.0,0.0,4994.416,2160.106,-38.902,28.356,28.236,8.509,0.0,0.0
304,8.0,5.0,1.0,2.0,4.0,0.0,4890.761,2199.663,-23.03,28.613,28.448,8.579,0.0,0.0
305,8.0,5.0,1.0,3.0,5.0,0.0,4634.132,2336.657,120.543,28.389,28.255,8.517,0.0,0.0
306,9.0,5.0,1.0,0.0,0.0,0.0,5566.811,2070.116,89.512,28.491,28.389,8.552,0.0,0.0
307,9.0,5.0,1.0,1.0,1.0,0.0,5668.682,2076.713,13.132,28.733,28.557,8.525,0.0,0.0
308,9.0,5.0,1.0,2.0,2.0,0.0,5199.956,2081.117,53.064,28.78,28.496,8.523,0.0,0.0
310,9.0,5.0,1.0,4.0,4.0,0.0,5486.003,2284.158,129.678,28.388,28.029,8.482,0.0,0.0
311,9.0,5.0,1.0,5.0,5.0,0.0,5314.112,2430.428,97.743,28.871,28.668,8.562,0.0,0.0
313,0.0,6.0,1.0,0.0,0.0,0.0,544.037,2476.834,112.483,29.044,28.188,8.605,0.0,0.0
314,0.0,6.0,1.0,1.0,1.0,0.0,79.138,2498.871,132.983,28.953,28.813,8.596,0.0,0.0
315,0.0,6.0,1.0,2.0,2.0,0.0,78.88,2737.108,-31.295,28.432,28.146,8.507,0.0,0.0
316,0.0,6.0,1.0,3.0,3.0,0.0,296.341,2765.445,24.54,28.411,28.262,8.521,0.0,0.0
318,1.0,6.0,1.0,1.0,1.0,0.0,743.561,2480.88,111.631,28.414,28.34,9.014,0.0,0.0
319,1.0,6.0,1.0,2.0,4.0,0.0,1080.625,2620.956,62.91,28.897,28.803,8.586,0.0,0.0
321,1.0,6.0,1.0,4.0,5.0,0.0,765.789,2625.364,104.087,28.682,28.431,9.913,0.0,0.0
322,1.0,6.0,1.0,5.0,6.0,0.0,966.411,2745.737,40.89,28.077,27.969,8.427,0.0,0.0
323,1.0,6.0,1.0,6.0,7.0,0.0,701.492,2863.951,-35.249,28.983,28.765,8.593,0.0,0.0
324,2.0,6.0,1.0,0.0,0.0,0.0,1477.866,2476.627,-41.392,28.542,28.179,8.528,0.0,0.0
325,2.0,6.0,1.0,1.0,1.0,0.0,1630.001,2526.677,46.628,28.755,28.56,8.529,0.0,0.0
326,2.0,6.0,1.0,2.0,2.0,0.0,1546.803,2533.482,79.571,28.476,28.33,8.541,0.0,0.0
327,2.0,6.0,1.0,3.0,3.0,0.0,1714.037,2557.568,-36.831,28.752,28.598,8.534,0.0,0.0
328,2.0,6.0,1.0,4.0,4.0,0.0,1465.844,2559.878,-26.819,28.608,28.458,8.492,0.0,0.0
329,2.0,6.0,1.0,5.0,5.0,0.0,1607.386,2598.136,53.517,28.646,28.343,8.568,0.0,0.0
330,2.0,6.0,1.0,6.0,6.0,0.0,1643.004,2666.189,69.54,28.176,27.995,8.446,0.0,0.0
331,2.0,6.0,1.0,7.0,7.0,0.0,1464.842,2704.216,127.841,27.556,27.435,8.268,0.0,0.0
332,3.0,6.0,1.0,0.0,0.0,0.0,2301.113,2693.15,25.849,29.057,28.874,8.621,0.0,0.0
333,3.0,6.0,1.0,1.0,1.0,0.0,1973.489,2703.905,96.856,28.624,28.383,8.571,0.0,0.0
334,3.0,6.0,1.0,2.0,2.0,0.0,1999.271,2744.88,77.162,28.587,28.515,8.585,0.0,0.0
335,3.0,6.0,1.0,3.0,3.0,0.0,2038.795,2771.309,0.775,28.181,27.989,8.535,0.0,0.0
336,3.0,6.0,1.0,4.0,5.0,0.0,1964.301,2823.303,-5.76,28.995,28.774,8.597,0.0,0.0
337,3.0,6.0,1.0,5.0,6.0,0.0,2049.832,2838.355,67.788,28.785,28.676,8.639,0.0,0.0
338,3.0,6.0,1.0,6.0,7.0,0.0,2150.701,2859.565,77.559,29.315,29.107,8.693,0.0,0.0
339,3.0,6.0,1.0,7.0,8.0,0.0,2223.752,2860.066,-34.187,29.31,28.942,9.839,0.0,0.0
340,4.0,6.0,1.0,0.0,1.0,0.0,2846.781,2526.248,102.611,28.954,28.502,8.55,0.0,0.0
341,4.0,6.0,1.0,1.0,2.0,0.0,2805.111,2588.962,93.094,28.441,28.254,8.524,0.0,0.0
342,4.0,6.0,1.0,2.0,4.0,0.0,2651.419,2765.934,88.839,28.392,28.345,8.53,0.0,0.0
343,4.0,6.0,1.0,3.0,5.0,0.0,2350.771,2776.293,78.17,29.128,28.962,8.644,0.0,0.0
344,5.0,6.0,1.0,0.0,1.0,0.0,3165.381,2565.028,-20.275,28.703,28.6,8.616,0.0,0.0
345,5.0,6.0,1.0,1.0,2.0,0.0,3198.387,2601.572,95.815,28.537,28.343,8.552,0.0,0.0
346,5.0,6.0,1.0,2.0,3.0,0.0,2938.193,2712.851,70.689,28.595,28.504,8.585,0.0,0.0
347,5.0,6.0,1.0,3.0,4.0,0.0,2971.361,2758.044,33.662,28.863,28.546,8.632,0.0,0.0
351,6.0,6.0,1.0,3.0,3.0,0.0,3878.558,2658.466,92.758,27.578,27.466,8.363,0.0,0.0
352,6.0,6.0,1.0,4.0,4.0,0.0,3742.95,2742.651,119.882,28.158,28.121,8.462,0.0,0.0
353,6.0,6.0,1.0,5.0,5.0,0.0,3667.369,2799.899,58.211,28.692,28.509,8.512,0.0,0.0
354,6.0,6.0,1.0,6.0,6.0,0.0,3752.724,2827.49,65.375,28.628,28.489,8.587,0.0,0.0
355,6.0,6.0,1.0,7.0,7.0,0.0,3866.352,2852.993,54.054,28.932,28.833,8.596,0.0,0.0
356,7.0,6.0,1.0,0.0,1.0,0.0,4526.658,2518.808,108.591,28.859,28.753,8.662,0.0,0.0
357,7.0,6.0,1.0,1.0,2.0,0.0,4121.25,2777.947,-29.385,28.543,28.404,8.562,0.0,0.0
358,7.0,6.0,1.0,2.0,3.0,0.0,4618.73,2792.581,86.735,29.202,27.982,8.506,0.0,0.0
359,7.0,6.0,1.0,3.0,4.0,0.0,4240.173,2825.088,14.36,28.738,28.712,8.549,0.0,0.0
360,8.0,6.0,1.0,0.0,0.0,0.0,5190.919,2595.629,87.416,28.549,28.436,8.568,0.0,0.0
362,9.0,6.0,1.0,1.0,3.0,0.0,5316.116,2528.845,70.96,28.68,28.613,8.614,0.0,0.0
363,9.0,6.0,1.0,2.0,4.0,0.0,5400.168,2533.842,96.652,28.341,28.296,8.515,0.0,0.0
364,9.0,6.0,1.0,3.0,6.0,0.0,5683.862,2677.697,12.192,28.948,28.778,8.59,0.0,0.0
367,0.0,7.0,1.0,0.0,0.0,0.0,140.885,2916.478,45.734,28.384,28.138,8.498,0.0,0.0
368,0.0,7.0,1.0,1.0,1.0,0.0,288.747,2957.845,89.166,28.783,28.485,8.61,0.0,0.0
369,0.0,7.0,1.0,2.0,2.0,0.0,90.418,2973.246,12.063,28.569,28.419,8.568,0.0,0.0
370,0.0,7.0,1.0,3.0,4.0,0.0,518.317,3154.575,14.237,28.859,28.725,8.569,0.0,0.0
371,0.0,7.0,1.0,4.0,5.0,0.0,106.383,3249.812,69.025,29.025,28.885,8.618,0.0,0.0
372,1.0,7.0,1.0,0.0,1.0,0.0,651.156,2874.335,24.502,28.767,28.225,8.483,0.0,0.0
373,1.0,7.0,1.0,1.0,2.0,0.0,709.06,3078.715,47.341,28.817,28.563,9.341,0.0,0.0
374,1.0,7.0,1.0,2.0,3.0,0.0,739.475,3100.081,22.889,28.608,28.353,8.564,0.0,0.0
375,1.0,7.0,1.0,3.0,4.0,0.0,871.124,3101.368,-19.736,28.5,28.132,8.889,0.0,0.0
376,1.0,7.0,1.0,4.0,5.0,0.0,700.293,3200.043,54.38,28.753,28.518,8.61,0.0,0.0
377,1.0,7.0,1.0,5.0,6.0,0.0,638.339,3248.411,107.972,29.081,28.885,8.626,0.0,0.0
378,2.0,7.0,1.0,0.0,0.0,0.0,1254.401,2885.588,67.916,28.839,28.643,8.642,0.0,0.0
379,2.0,7.0,1.0,1.0,1.0,0.0,1333.048,2954.618,97.198,28.467,28.234,8.438,0.0,0.0
380,2.0,7.0,1.0,2.0,2.0,0.0,1392.676,2981.206,-2.694,28.133,27.958,8.433,0.0,0.0
381,2.0,7.0,1.0,3.0,3.0,0.0,1629.154,3034.827,30.473,28.811,28.679,8.555,0.0,0.0
382,2.0,7.0,1.0,4.0,4.0,0.0,1306.646,3043.064,-13.295,28.484,28.307,8.539,0.0,0.0
383,2.0,7.0,1.0,5.0,5.0,0.0,1636.869,3148.797,-4.117,28.481,28.258,8.531,0.0,0.0
384,2.0,7.0,1.0,6.0,6.0,0.0,1474.698,3215.35,-7.554,28.616,28.561,8.597,0.0,0.0
385,2.0,7.0,1.0,7.0,7.0,0.0,1395.836,3223.375,-28.395,28.793,28.725,8.648,0.0,0.0
386,2.0,7.0,1.0,8.0,8.0,0.0,1234.982,3260.821,20.553,28.93,28.608,8.562,0.0,0.0
387,3.0,7.0,1.0,0.0,3.0,0.0,2240.173,3254.519,56.335,29.387,29.291,8.732,0.0,0.0
388,4.0,7.0,1.0,0.0,0.0,0.0,2402.782,2889.061,117.953,29.345,29.19,8.623,0.0,0.0
389,4.0,7.0,1.0,1.0,1.0,0.0,2590.487,2941.51,104.997,28.489,28.362,8.547,0.0,0.0
390,4.0,7.0,1.0,2.0,2.0,0.0,2378.309,2942.289,41.887,28.697,28.576,8.611,0.0,0.0
391,4.0,7.0,1.0,3.0,5.0,0.0,2510.447,3111.779,85.22,28.219,28.153,8.476,0.0,0.0
392,4.0,7.0,1.0,4.0,6.0,0.0,2786.497,3186.141,36.984,28.656,28.548,8.601,0.0,0.0
393,4.0,7.0,1.0,5.0,7.0,0.0,2330.939,3206.64,-0.17,29.202,29.059,8.67,0.0,0.0
394,4.0,7.0,1.0,6.0,8.0,0.0,2391.35,3232.54,-5.243,28.832,28.666,8.556,0.0,0.0
395,5.0,7.0,1.0,0.0,1.0,0.0,3451.913,2969.017,-14.408,28.85,28.786,8.666,0.0,0.0
396,5.0,7.0,1.0,1.0,2.0,0.0,3442.426,3039.033,18.404,28.894,28.573,8.926,0.0,0.0
397,5.0,7.0,1.0,2.0,4.0,0.0,3320.943,3079.775,45.851,28.524,28.453,8.567,0.0,0.0
398,5.0,7.0,1.0,3.0,6.0,0.0,3325.485,3267.941,78.532,29.014,28.843,8.61,0.0,0.0
401,6.0,7.0,1.0,1.0,3.0,0.0,3906.839,3030.894,48.154,28.217,28.143,8.474,0.0,0.0
402,6.0,7.0,1.0,2.0,4.0,0.0,3680.366,3042.568,121.422,28.585,28.503,8.583,0.0,0.0
403,6.0,7.0,1.0,3.0,6.0,0.0,3684.313,3123.586,-21.304,27.99,27.907,8.404,0.0,0.0
404,6.0,7.0,1.0,4.0,7.0,0.0,3723.057,3206.478,105.377,28.35,28.232,8.507,0.0,0.0
405,6.0,7.0,1.0,5.0,8.0,0.0,3678.514,3266.074,-33.47,28.669,28.161,8.544,0.0,0.0
406,7.0,7.0,1.0,0.0,2.0,0.0,4609.209,3009.648,123.556,28.958,28.689,8.578,0.0,0.0
407,7.0,7.0,1.0,1.0,3.0,0.0,4276.362,3027.864,96.05,28.849,28.59,8.636,0.0,0.0
411,7.0,7.0,1.0,5.0,7.0,0.0,4184.016,3248.143,23.087,28.695,28.624,8.53,0.0,0.0
412,8.0,7.0,1.0,0.0,0.0,0.0,4880.055,2925.611,25.102,28.59,28.347,8.561,0.0,0.0
416,8.0,7.0,1.0,4.0,4.0,0.0,4895.034,3043.075,15.332,28.404,28.262,8.52,0.0,0.0
417,8.0,7.0,1.0,5.0,5.0,0.0,5018.297,3082.849,124.99,27.214,26.23,8.117,0.0,0.0
418,8.0,7.0,1.0,6.0,6.0,0.0,5151.052,3163.974,84.279,28.82,28.742,8.566,0.0,0.0
420,9.0,7.0,1.0,1.0,2.0,0.0,5453.41,2929.974,52.468,28.214,28.096,8.466,0.0,0.0
421,9.0,7.0,1.0,2.0,3.0,0.0,5694.903,2964.546,106.314,28.195,28.072,8.549,0.0,0.0
422,9.0,7.0,1.0,3.0,4.0,0.0,5357.155,2986.731,72.341,28.542,28.5,8.576,0.0,0.0
423,9.0,7.0,1.0,4.0,5.0,0.0,5624.442,3045.324,-30.525,28.285,28.091,8.566,0.0,0.0
424,9.0,7.0,1.0,5.0,6.0,0.0,5437.304,3141.022,71.541,28.666,28.607,8.611,0.0,0.0
425,9.0,7.0,1.0,6.0,7.0,0.0,5723.817,3143.94,-21.805,28.782,28.603,8.628,0.0,0.0
426,9.0,7.0,1.0,7.0,8.0,0.0,5349.475,3164.88,37.35,28.435,28.24,8.521,0.0,0.0
427,9.0,7.0,1.0,8.0,9.0,0.0,5293.918,3259.893,86.424,28.862,28.622,8.642,0.0,0.0
428,0.0,8.0,1.0,0.0,0.0,0.0,481.933,3323.726,90.217,29.196,28.589,9.744,0.0,0.0
429,0.0,8.0,1.0,1.0,0.0,0.0,486.152,3303.321,43.363,29.294,29.092,9.869,0.0,0.0
430,0.0,8.0,1.0,2.0,2.0,0.0,424.657,3333.402,73.983,28.833,28.677,8.646,0.0,0.0
431,0.0,8.0,1.0,3.0,3.0,0.0,244.235,3401.623,50.57,28.428,28.348,8.536,0.0,0.0
432,1.0,8.0,1.0,0.0,0.0,0.0,852.424,3416.845,-39.201,28.455,28.35,8.541,0.0,0.0
433,1.0,8.0,1.0,1.0,1.0,0.0,888.411,3468.864,-40.683,27.974,27.825,8.478,0.0,0.0
434,1.0,8.0,1.0,2.0,2.0,0.0,1049.882,3492.644,-27.618,28.249,27.931,8.536,0.0,0.0
436,1.0,8.0,1.0,4.0,4.0,0.0,787.884,3668.306,13.206,28.801,28.597,8.63,0.0,0.0
438,2.0,8.0,1.0,0.0,1.0,0.0,1737.18,3284.982,41.383,28.788,28.685,8.552,0.0,0.0
439,2.0,8.0,1.0,1.0,2.0,0.0,1475.59,3403.524,-39.38,28.594,28.25,8.46,0.0,0.0
440,2.0,8.0,1.0,2.0,3.0,0.0,1194.706,3504.899,65.005,28.74,28.199,8.56,0.0,0.0
441,2.0,8.0,1.0,3.0,4.0,0.0,1398.276,3548.531,67.338,28.667,28.47,8.59,0.0,0.0
442,3.0,8.0,1.0,0.0,2.0,0.0,1973.794,3386.274,86.981,28.361,28.192,8.503,0.0,0.0
443,3.0,8.0,1.0,1.0,3.0,0.0,2183.172,3502.899,54.251,28.286,28.046,8.47,0.0,0.0
444,3.0,8.0,1.0,2.0,4.0,0.0,2287.345,3552.816,5.679,29.355,29.201,8.626,0.0,0.0
445,3.0,8.0,1.0,3.0,5.0,0.0,2182.342,3623.837,-18.311,28.501,28.416,8.558,0.0,0.0
446,4.0,8.0,1.0,0.0,1.0,0.0,2527.84,3307.669,52.578,28.581,28.437,8.573,0.0,0.0
447,4.0,8.0,1.0,1.0,2.0,0.0,2720.288,3483.143,38.237,27.915,27.183,8.195,0.0,0.0
448,4.0,8.0,1.0,2.0,3.0,0.0,2548.855,3496.409,69.865,28.291,27.711,8.418,0.0,0.0
449,4.0,8.0,1.0,3.0,4.0,0.0,2808.844,3518.469,-18.129,28.752,28.662,8.544,0.0,0.0
450,5.0,8.0,1.0,0.0,2.0,0.0,3030.526,3282.102,73.211,28.623,28.43,8.49,0.0,0.0
453,5.0,8.0,1.0,3.0,5.0,0.0,3114.804,3517.848,47.06,28.462,28.393,8.548,0.0,0.0
454,5.0,8.0,1.0,4.0,6.0,0.0,3359.584,3553.878,51.633,28.383,28.324,8.526,0.0,0.0
455,6.0,8.0,1.0,0.0,1.0,0.0,3739.775,3287.841,35.862,28.577,28.476,8.578,0.0,0.0
456,6.0,8.0,1.0,1.0,2.0,0.0,3955.932,3293.488,20.142,28.719,28.536,8.609,0.0,0.0
457,6.0,8.0,1.0,2.0,3.0,0.0,3848.08,3304.147,129.236,28.618,28.263,8.552,0.0,0.0
458,6.0,8.0,1.0,3.0,4.0,0.0,3766.691,3383.83,72.719,28.576,28.495,8.581,0.0,0.0
459,6.0,8.0,1.0,4.0,5.0,0.0,3584.72,3427.198,112.719,28.572,28.365,8.56,0.0,0.0
460,6.0,8.0,1.0,5.0,6.0,0.0,4040.344,3437.752,-33.103,28.809,28.742,8.564,0.0,0.0
461,6.0,8.0,1.0,6.0,7.0,0.0,3838.0,3548.419,-40.044,27.745,27.474,8.39,0.0,0.0
462,6.0,8.0,1.0,7.0,8.0,0.0,3570.294,3573.318,124.255,28.98,28.977,8.625,0.0,0.0
463,6.0,8.0,1.0,8.0,9.0,0.0,3670.452,3613.867,-37.177,28.667,28.56,8.604,0.0,0.0
464,7.0,8.0,1.0,0.0,0.0,0.0,4462.675,3281.158,122.027,29.087,28.87,8.624,0.0,0.0
466,7.0,8.0,1.0,2.0,5.0,0.0,4613.71,3441.72,71.664,28.99,28.802,8.6,0.0,0.0
467,7.0,8.0,1.0,3.0,6.0,0.0,4141.047,3664.071,-13.524,28.678,28.545,8.604,0.0,0.0
468,8.0,8.0,1.0,0.0,0.0,0.0,5013.607,3334.892,118.564,28.322,28.068,8.478,0.0,0.0
469,8.0,8.0,1.0,1.0,2.0,0.0,5073.349,3391.556,-24.388,28.771,28.644,8.633,0.0,0.0
470,8.0,8.0,1.0,2.0,6.0,0.0,4729.23,3488.652,52.014,28.934,28.737,8.582,0.0,0.0
471,8.0,8.0,1.0,3.0,7.0,0.0,5143.056,3541.166,63.172,28.873,28.682,8.565,0.0,0.0
473,8.0,8.0,1.0,5.0,8.0,0.0,4921.185,3547.66,63.049,28.786,27.742,9.062,0.0,0.0
474,9.0,8.0,1.0,0.0,1.0,0.0,5635.523,3329.594,116.813,28.748,28.726,8.641,0.0,0.0
475,9.0,8.0,1.0,1.0,2.0,0.0,5443.209,3362.025,115.35,28.442,28.25,8.436,0.0,0.0
476,9.0,8.0,1.0,2.0,3.0,0.0,5519.972,3405.736,22.677,28.197,28.03,8.454,0.0,0.0
477,9.0,8.0,1.0,3.0,5.0,0.0,5730.162,3452.125,-16.765,28.747,28.285,8.486,0.0,0.0
478,9.0,8.0,1.0,4.0,6.0,0.0,5434.989,3495.025,107.9,28.779,28.596,8.538,0.0,0.0
479,9.0,8.0,1.0,5.0,7.0,0.0,5341.092,3547.529,-30.123,28.354,28.32,8.521,0.0,0.0
480,0.0,9.0,1.0,0.0,0.0,0.0,536.353,3693.835,94.802,29.148,28.978,8.649,0.0,0.0
481,0.0,9.0,1.0,1.0,1.0,0.0,296.462,3789.18,-19.966,28.385,28.034,8.758,0.0,0.0
482,0.0,9.0,1.0,2.0,1.0,0.0,324.443,3782.185,-31.797,28.997,28.482,8.73,0.0,0.0
483,0.0,9.0,1.0,3.0,2.0,0.0,316.313,3856.154,-31.284,25.831,25.671,8.088,0.0,0.0
484,0.0,9.0,1.0,4.0,3.0,0.0,488.029,3896.896,126.793,28.128,28.067,8.538,0.0,0.0
485,1.0,9.0,1.0,0.0,2.0,0.0,627.775,3984.006,43.99,28.822,28.747,8.567,0.0,0.0
486,2.0,9.0,1.0,0.0,0.0,0.0,1567.591,3873.937,20.107,27.69,27.47,8.381,0.0,0.0
487,2.0,9.0,1.0,1.0,1.0,0.0,1326.884,3906.059,77.883,28.075,27.91,8.417,0.0,0.0
489,2.0,9.0,1.0,3.0,3.0,0.0,1616.095,3989.165,-3.783,28.498,28.378,8.552,0.0,0.0
490,2.0,9.0,1.0,4.0,4.0,0.0,1396.293,4050.011,100.991,28.666,28.504,8.596,0.0,0.0
491,3.0,9.0,1.0,0.0,0.0,0.0,1865.968,3695.883,74.661,28.811,28.445,8.608,0.0,0.0
492,3.0,9.0,1.0,1.0,1.0,0.0,2113.007,3870.037,-36.755,27.888,27.64,8.437,0.0,0.0
493,3.0,9.0,1.0,2.0,2.0,0.0,1851.352,3938.35,41.857,28.471,28.341,8.542,0.0,0.0
494,3.0,9.0,1.0,3.0,3.0,0.0,2119.531,3951.872,46.19,27.643,27.397,8.363,0.0,0.0
495,3.0,9.0,1.0,4.0,4.0,0.0,2201.4,3976.632,45.13,28.592,28.415,8.571,0.0,0.0
496,3.0,9.0,1.0,5.0,5.0,0.0,1917.504,4020.575,104.54,28.933,28.837,8.597,0.0,0.0
497,4.0,9.0,1.0,0.0,0.0,0.0,2841.235,3713.279,-24.864,28.701,28.607,8.617,0.0,0.0
498,4.0,9.0,1.0,1.0,1.0,0.0,2690.575,3798.572,74.941,28.434,28.377,8.542,0.0,0.0
499,4.0,9.0,1.0,2.0,2.0,0.0,2370.434,3819.262,81.487,28.871,28.775,8.578,0.0,0.0
500,4.0,9.0,1.0,3.0,3.0,0.0,2374.394,3897.464,12.731,28.8,28.772,8.567,0.0,0.0
502,4.0,9.0,1.0,5.0,5.0,0.0,2470.983,4035.046,-1.951,28.591,28.458,8.578,0.0,0.0
503,4.0,9.0,1.0,6.0,6.0,0.0,2758.278,4090.475,-0.507,29.385,28.261,8.579,0.0,0.0
504,5.0,9.0,1.0,0.0,0.0,0.0,3308.156,3930.592,125.736,27.85,27.653,8.433,0.0,0.0
505,5.0,9.0,1.0,1.0,1.0,0.0,3125.584,3999.025,95.562,28.953,28.839,8.6,0.0,0.0
506,6.0,9.0,1.0,0.0,0.0,0.0,3782.831,3833.99,-2.34,28.418,28.322,8.531,0.0,0.0
508,6.0,9.0,1.0,2.0,2.0,0.0,3912.553,3955.57,9.666,28.317,28.165,8.492,0.0,0.0
509,6.0,9.0,1.0,3.0,3.0,0.0,3708.029,4000.241,-41.67,28.789,28.684,8.553,0.0,0.0
511,6.0,9.0,1.0,5.0,5.0,0.0,3772.365,4072.583,9.219,30.563,27.918,8.789,0.0,0.0
512,7.0,9.0,1.0,0.0,1.0,0.0,4301.473,3736.642,-6.757,28.564,28.395,8.564,0.0,0.0
513,7.0,9.0,1.0,1.0,2.0,0.0,4384.863,3891.547,132.513,27.918,27.419,8.408,0.0,0.0
514,7.0,9.0,1.0,2.0,3.0,0.0,4237.069,3910.068,98.867,28.763,28.53,8.526,0.0,0.0
515,7.0,9.0,1.0,3.0,4.0,0.0,4440.507,3944.758,-38.028,27.567,27.362,8.346,0.0,0.0
516,7.0,9.0,1.0,4.0,5.0,0.0,4318.551,4007.587,0.283,28.836,28.726,8.655,0.0,0.0
517,8.0,9.0,1.0,0.0,1.0,0.0,5087.008,3940.847,-29.202,28.513,28.483,8.569,0.0,0.0
518,8.0,9.0,1.0,1.0,2.0,0.0,5122.715,3951.958,134.775,28.764,28.622,8.628,0.0,0.0
519,8.0,9.0,1.0,2.0,3.0,0.0,4652.669,4024.312,67.611,29.19,28.929,8.648,0.0,0.0
520,8.0,9.0,1.0,3.0,4.0,0.0,4676.233,4056.417,41.473,28.887,28.68,8.567,0.0,0.0
521,9.0,9.0,1.0,0.0,0.0,0.0,5503.254,3700.019,52.082,28.684,28.454,8.591,0.0,0.0
522,9.0,9.0,1.0,1.0,2.0,0.0,5201.125,3791.762,104.992,28.724,28.519,8.606,0.0,0.0
523,9.0,9.0,1.0,2.0,3.0,0.0,5421.489,3829.676,70.135,28.536,28.53,8.58,0.0,0.0
525,0.0,10.0,1.0,1.0,1.0,0.0,370.538,4315.687,118.324,27.141,26.584,8.731,0.0,0.0
526,0.0,10.0,1.0,2.0,2.0,0.0,308.599,4322.807,74.589,28.025,27.791,8.48,0.0,0.0
527,0.0,10.0,1.0,3.0,3.0,0.0,492.759,4353.011,87.453,28.498,28.361,8.549,0.0,0.0
528,0.0,10.0,1.0,4.0,4.0,0.0,428.979,4372.325,60.982,27.968,27.731,8.463,0.0,0.0
529,0.0,10.0,1.0,5.0,5.0,0.0,451.21,4409.854,-38.376,28.696,28.622,8.529,0.0,0.0
530,0.0,10.0,1.0,6.0,6.0,0.0,58.92,4455.77,-18.548,28.876,28.745,8.575,0.0,0.0
531,1.0,10.0,1.0,0.0,0.0,0.0,617.934,4114.148,91.056,28.622,28.455,8.582,0.0,0.0
532,2.0,10.0,1.0,0.0,0.0,0.0,1664.726,4097.263,34.558,28.716,28.702,8.633,0.0,0.0
533,2.0,10.0,1.0,1.0,2.0,0.0,1362.264,4165.272,66.21,28.38,28.345,8.529,0.0,0.0
534,2.0,10.0,1.0,2.0,3.0,0.0,1189.732,4167.856,48.794,28.308,28.277,8.508,0.0,0.0
535,2.0,10.0,1.0,3.0,4.0,0.0,1258.446,4300.076,29.158,28.666,28.365,8.575,0.0,0.0
536,2.0,10.0,1.0,4.0,5.0,0.0,1447.592,4309.992,-15.278,28.261,28.163,8.483,0.0,0.0
537,2.0,10.0,1.0,5.0,6.0,0.0,1338.129,4453.91,28.41,28.61,28.569,8.597,0.0,0.0
538,3.0,10.0,1.0,0.0,0.0,0.0,2117.036,4108.276,76.602,28.362,28.267,8.514,0.0,0.0
539,3.0,10.0,1.0,1.0,1.0,0.0,1748.307,4110.207,-24.081,28.971,28.869,8.607,0.0,0.0
540,3.0,10.0,1.0,2.0,3.0,0.0,2159.774,4320.547,76.222,28.061,28.01,8.519,0.0,0.0
541,3.0,10.0,1.0,3.0,4.0,0.0,2004.887,4472.752,70.611,28.702,28.599,8.615,0.0,0.0
542,3.0,10.0,1.0,4.0,5.0,0.0,2083.967,4481.191,-7.906,29.096,29.061,8.654,0.0,0.0
543,4.0,10.0,1.0,0.0,1.0,0.0,2640.61,4148.567,73.59,28.471,28.289,8.534,0.0,0.0
544,4.0,10.0,1.0,1.0,2.0,0.0,2322.696,4210.338,-1.636,28.374,28.175,8.502,0.0,0.0
545,4.0,10.0,1.0,2.0,3.0,0.0,2586.558,4272.569,84.481,28.426,28.302,8.529,0.0,0.0
546,4.0,10.0,1.0,3.0,4.0,0.0,2464.515,4397.203,55.161,28.516,28.472,8.568,0.0,0.0
547,4.0,10.0,1.0,4.0,5.0,0.0,2539.976,4421.341,-1.196,28.898,28.637,8.562,0.0,0.0
548,5.0,10.0,1.0,0.0,0.0,0.0,3339.16,4171.877,114.347,28.633,28.47,8.585,0.0,0.0
550,5.0,10.0,1.0,2.0,2.0,0.0,3419.888,4256.915,120.672,28.59,28.515,8.586,0.0,0.0
551,5.0,10.0,1.0,3.0,3.0,0.0,3242.688,4290.987,-39.546,27.685,27.14,8.241,0.0,0.0
552,5.0,10.0,1.0,4.0,4.0,0.0,3342.501,4406.394,19.977,29.02,28.991,8.633,0.0,0.0
553,6.0,10.0,1.0,0.0,1.0,0.0,3623.368,4263.402,-19.968,28.449,28.364,8.454,0.0,0.0
554,6.0,10.0,1.0,1.0,2.0,0.0,3671.838,4271.013,123.598,28.538,28.235,8.536,0.0,0.0
555,6.0,10.0,1.0,2.0,3.0,0.0,3637.0,4399.794,87.899,28.988,28.971,8.625,0.0,0.0
556,6.0,10.0,1.0,3.0,4.0,0.0,3779.729,4476.666,92.073,28.862,28.74,8.572,0.0,0.0
558,7.0,10.0,1.0,1.0,1.0,0.0,4410.505,4178.846,107.101,28.451,28.337,8.538,0.0,0.0
559,7.0,10.0,1.0,2.0,2.0,0.0,4378.785,4197.632,2.327,28.327,28.157,8.493,0.0,0.0
561,7.0,10.0,1.0,4.0,6.0,0.0,4253.171,4373.89,55.943,28.606,28.525,8.59,0.0,0.0
562,7.0,10.0,1.0,5.0,7.0,0.0,4170.204,4381.854,117.958,28.653,28.592,8.607,0.0,0.0
567,8.0,10.0,1.0,3.0,1.0,0.0,4942.526,4153.091,-27.786,28.667,28.524,8.51,0.0,0.0
568,8.0,10.0,1.0,4.0,2.0,0.0,4948.801,4240.206,49.235,27.935,27.805,8.469,0.0,0.0
570,8.0,10.0,1.0,6.0,5.0,0.0,5179.645,4292.854,-43.598,28.98,28.709,8.585,0.0,0.0
571,8.0,10.0,1.0,7.0,6.0,0.0,4965.374,4348.379,84.993,28.172,27.363,8.176,0.0,0.0
573,8.0,10.0,1.0,9.0,8.0,0.0,4625.832,4355.248,37.359,28.774,28.737,8.558,0.0,0.0
574,8.0,10.0,1.0,10.0,9.0,0.0,5155.904,4393.443,103.739,28.839,28.767,8.661,0.0,0.0
575,9.0,10.0,1.0,0.0,1.0,0.0,5668.832,4157.285,111.992,28.919,28.667,8.658,0.0,0.0
577,9.0,10.0,1.0,2.0,3.0,0.0,5562.143,4223.087,134.712,28.352,28.179,8.5,0.0,0.0
578,9.0,10.0,1.0,3.0,4.0,0.0,5419.478,4225.684,97.35,28.512,28.4,8.557,0.0,0.0
580,0.0,11.0,1.0,0.0,0.0,0.0,86.999,4755.516,32.344,28.617,28.457,8.581,0.0,0.0
581,0.0,11.0,1.0,1.0,1.0,0.0,419.132,4809.684,27.046,28.436,28.375,8.542,0.0,0.0
582,0.0,11.0,1.0,2.0,2.0,0.0,52.055,4888.771,-18.287,28.949,28.779,8.591,0.0,0.0
583,1.0,11.0,1.0,0.0,0.0,0.0,1160.138,4539.078,115.6,28.566,28.385,8.563,0.0,0.0
584,1.0,11.0,1.0,1.0,1.0,0.0,774.795,4594.032,110.853,28.682,28.328,8.571,0.0,0.0
585,1.0,11.0,1.0,2.0,2.0,0.0,1075.755,4670.91,-43.292,28.267,28.038,8.555,0.0,0.0
586,1.0,11.0,1.0,3.0,3.0,0.0,906.702,4772.725,-20.205,27.978,27.781,8.472,0.0,0.0
587,2.0,11.0,1.0,0.0,1.0,0.0,1712.466,4633.119,100.431,28.854,28.561,8.544,0.0,0.0
590,2.0,11.0,1.0,3.0,3.0,0.0,1339.96,4754.918,66.935,28.512,28.408,8.558,0.0,0.0
591,2.0,11.0,1.0,4.0,4.0,0.0,1663.296,4782.593,32.578,28.538,28.243,8.537,0.0,0.0
592,2.0,11.0,1.0,5.0,5.0,0.0,1544.761,4869.045,103.629,28.557,28.485,8.576,0.0,0.0
593,2.0,11.0,1.0,6.0,6.0,0.0,1217.554,4886.286,5.58,28.716,28.637,8.623,0.0,0.0
595,3.0,11.0,1.0,1.0,4.0,0.0,2297.396,4801.162,38.266,29.143,29.083,8.665,0.0,0.0
596,3.0,11.0,1.0,2.0,5.0,0.0,2143.856,4851.201,65.9,28.866,28.77,8.577,0.0,0.0
597,4.0,11.0,1.0,0.0,0.0,0.0,2635.464,4534.763,61.413,28.716,28.442,8.594,0.0,0.0
598,4.0,11.0,1.0,1.0,1.0,0.0,2497.422,4627.1,2.653,28.284,28.149,8.485,0.0,0.0
599,4.0,11.0,1.0,2.0,2.0,0.0,2642.072,4627.515,89.079,28.634,28.321,8.563,0.0,0.0
601,4.0,11.0,1.0,4.0,5.0,0.0,2623.458,4777.06,78.588,28.467,28.362,8.544,0.0,0.0
602,4.0,11.0,1.0,5.0,7.0,0.0,2426.248,4900.196,-43.932,28.693,28.574,8.522,0.0,0.0
604,5.0,11.0,1.0,1.0,1.0,0.0,3294.871,4522.405,80.189,28.587,28.348,8.56,0.0,0.0
605,5.0,11.0,1.0,2.0,3.0,0.0,2935.476,4588.177,17.896,29.051,28.875,8.62,0.0,0.0
606,5.0,11.0,1.0,3.0,4.0,0.0,3425.931,4639.536,-20.337,28.68,28.552,8.605,0.0,0.0
607,5.0,11.0,1.0,4.0,5.0,0.0,3081.216,4678.248,85.18,28.519,28.143,8.519,0.0,0.0
608,5.0,11.0,1.0,5.0,6.0,0.0,3161.369,4790.988,50.088,28.444,28.146,8.508,0.0,0.0
611,6.0,11.0,1.0,0.0,0.0,0.0,3940.113,4520.747,21.416,28.906,28.712,8.663,0.0,0.0
612,6.0,11.0,1.0,1.0,1.0,0.0,4016.02,4699.432,118.17,28.71,28.63,8.621,0.0,0.0
613,6.0,11.0,1.0,2.0,2.0,0.0,3856.106,4763.272,-7.968,27.522,27.403,8.345,0.0,0.0
614,6.0,11.0,1.0,3.0,3.0,0.0,3684.983,4768.724,-34.68,28.692,28.59,8.524,0.0,0.0
615,6.0,11.0,1.0,4.0,4.0,0.0,3661.256,4818.007,61.576,28.866,28.697,8.654,0.0,0.0
616,6.0,11.0,1.0,5.0,5.0,0.0,3999.465,4829.228,120.923,28.914,28.754,8.582,0.0,0.0
617,7.0,11.0,1.0,0.0,0.0,0.0,4417.667,4523.244,106.654,28.339,28.135,8.491,0.0,0.0
618,7.0,11.0,1.0,1.0,1.0,0.0,4085.555,4591.048,8.137,28.266,28.149,8.482,0.0,0.0
619,7.0,11.0,1.0,2.0,3.0,0.0,4503.144,4700.143,-41.6,28.565,28.315,8.552,0.0,0.0
620,7.0,11.0,1.0,3.0,4.0,0.0,4158.867,4786.04,52.777,28.764,28.65,8.632,0.0,0.0
621,7.0,11.0,1.0,4.0,5.0,0.0,4422.78,4813.441,-7.168,28.261,28.121,8.477,0.0,0.0
622,7.0,11.0,1.0,5.0,6.0,0.0,4523.911,4884.493,81.689,29.487,29.174,8.641,0.0,0.0
623,8.0,11.0,1.0,0.0,1.0,0.0,4727.432,4589.662,71.356,28.891,28.672,8.566,0.0,0.0
625,8.0,11.0,1.0,2.0,3.0,0.0,4638.455,4637.628,34.785,29.061,28.542,8.571,0.0,0.0
626,8.0,11.0,1.0,3.0,4.0,0.0,4838.053,4654.235,-18.724,28.179,28.131,8.466,0.0,0.0
627,8.0,11.0,1.0,4.0,5.0,0.0,4750.092,4705.111,-11.949,28.659,28.496,8.594,0.0,0.0
628,8.0,11.0,1.0,5.0,6.0,0.0,5001.813,4861.382,23.472,28.863,28.702,8.566,0.0,0.0
629,9.0,11.0,1.0,0.0,0.0,0.0,5403.752,4586.125,90.812,28.585,28.404,8.568,0.0,0.0
630,9.0,11.0,1.0,1.0,1.0,0.0,5599.645,4588.621,-6.775,28.685,28.529,8.514,0.0,0.0
631,9.0,11.0,1.0,2.0,2.0,0.0,5245.653,4632.973,105.266,28.702,28.285,8.567,0.0,0.0
633,0.0,12.0,1.0,0.0,1.0,0.0,380.841,5030.886,85.442,28.17,28.083,8.547,0.0,0.0
634,0.0,12.0,1.0,1.0,2.0,0.0,330.926,5053.063,-9.317,28.719,28.529,8.519,0.0,0.0
635,0.0,12.0,1.0,2.0,3.0,0.0,518.432,5059.567,69.539,28.739,28.555,8.614,0.0,0.0
636,0.0,12.0,1.0,3.0,5.0,0.0,60.49,5112.269,116.199,29.021,28.948,8.626,0.0,0.0
637,0.0,12.0,1.0,4.0,6.0,0.0,446.53,5112.909,19.425,28.375,28.177,8.503,0.0,0.0
638,0.0,12.0,1.0,5.0,7.0,0.0,220.176,5161.89,109.003,28.837,28.499,8.532,0.0,0.0
639,0.0,12.0,1.0,6.0,8.0,0.0,55.102,5174.818,37.166,28.678,28.57,8.519,0.0,0.0
640,0.0,12.0,1.0,7.0,9.0,0.0,429.092,5297.645,94.255,28.875,28.759,8.577,0.0,0.0
642,1.0,12.0,1.0,1.0,1.0,0.0,981.296,5075.038,76.567,27.977,27.941,8.496,0.0,0.0
643,1.0,12.0,1.0,2.0,2.0,0.0,598.435,5087.438,27.468,29.155,28.968,8.649,0.0,0.0
644,1.0,12.0,1.0,3.0,3.0,0.0,1006.818,5216.303,76.653,28.11,28.061,8.722,0.0,0.0
645,1.0,12.0,1.0,4.0,3.0,0.0,1019.404,5190.852,122.796,28.509,27.793,8.644,0.0,0.0
646,1.0,12.0,1.0,5.0,4.0,0.0,768.358,5191.312,78.042,28.251,28.218,8.49,0.0,0.0
647,1.0,12.0,1.0,6.0,5.0,0.0,1087.677,5239.951,-6.382,29.035,28.74,8.597,0.0,0.0
648,2.0,12.0,1.0,0.0,1.0,0.0,1311.756,4912.333,51.53,28.915,28.683,8.66,0.0,0.0
649,2.0,12.0,1.0,1.0,2.0,0.0,1559.538,4918.825,101.245,28.612,28.513,8.589,0.0,0.0
650,2.0,12.0,1.0,2.0,3.0,0.0,1425.389,4990.52,-22.179,28.624,28.561,8.598,0.0,0.0
651,2.0,12.0,1.0,3.0,4.0,0.0,1435.31,5179.43,59.779,28.472,28.292,8.534,0.0,0.0
652,2.0,12.0,1.0,4.0,5.0,0.0,1522.274,5213.129,49.197,28.338,28.147,8.492,0.0,0.0
653,3.0,12.0,1.0,0.0,0.0,0.0,1870.442,5101.406,103.576,28.714,28.619,8.532,0.0,0.0
654,3.0,12.0,1.0,1.0,1.0,0.0,1852.577,5244.02,-24.159,28.883,28.829,8.588,0.0,0.0
655,3.0,12.0,1.0,2.0,2.0,0.0,1985.575,5269.371,-36.545,28.603,28.435,8.576,0.0,0.0
656,4.0,12.0,1.0,0.0,1.0,0.0,2883.51,4927.988,-36.505,28.969,28.756,8.59,0.0,0.0
657,4.0,12.0,1.0,1.0,2.0,0.0,2383.978,4939.642,83.854,28.401,28.352,8.533,0.0,0.0
658,4.0,12.0,1.0,2.0,3.0,0.0,2700.46,4975.377,-42.094,28.586,28.552,8.503,0.0,0.0
659,4.0,12.0,1.0,3.0,4.0,0.0,2798.356,4990.501,110.706,28.44,28.329,8.535,0.0,0.0
660,4.0,12.0,1.0,4.0,5.0,0.0,2491.449,5038.185,-3.996,28.586,28.528,8.587,0.0,0.0
661,4.0,12.0,1.0,5.0,6.0,0.0,2560.289,5179.625,-20.546,28.38,28.122,8.495,0.0,0.0
662,4.0,12.0,1.0,6.0,7.0,0.0,2461.713,5202.209,10.349,28.7,28.523,8.515,0.0,0.0
664,4.0,12.0,1.0,8.0,9.0,0.0,2680.315,5241.09,27.25,28.719,28.695,8.544,0.0,0.0
665,4.0,12.0,1.0,9.0,10.0,0.0,2729.562,5278.75,43.524,30.25,28.925,8.717,0.0,0.0
666,4.0,12.0,1.0,10.0,11.0,0.0,2560.99,5284.268,108.925,29.263,29.1,8.685,0.0,0.0
667,5.0,12.0,1.0,0.0,1.0,0.0,3284.772,4943.65,87.29,29.242,29.052,8.675,0.0,0.0
668,5.0,12.0,1.0,1.0,2.0,0.0,2985.531,5001.308,-35.495,28.762,28.644,8.631,0.0,0.0
670,5.0,12.0,1.0,3.0,4.0,0.0,3318.614,5257.911,91.334,29.024,28.494,8.559,0.0,0.0
671,5.0,12.0,1.0,4.0,5.0,0.0,3366.438,5294.991,47.137,28.965,28.86,8.605,0.0,0.0
672,6.0,12.0,1.0,0.0,0.0,0.0,3629.282,4962.352,72.795,28.965,28.846,8.603,0.0,0.0
673,6.0,12.0,1.0,1.0,1.0,0.0,3810.438,5247.145,-6.587,28.739,28.556,8.615,0.0,0.0
674,7.0,12.0,1.0,0.0,0.0,0.0,4547.156,4940.672,105.71,28.416,28.24,8.518,0.0,0.0
675,7.0,12.0,1.0,1.0,1.0,0.0,4503.881,4986.032,21.971,28.91,28.754,8.581,0.0,0.0
676,7.0,12.0,1.0,2.0,2.0,0.0,4405.939,4990.215,127.142,28.629,28.444,8.581,0.0,0.0
677,7.0,12.0,1.0,3.0,3.0,0.0,4110.144,5135.026,0.512,28.747,28.602,8.623,0.0,0.0
679,7.0,12.0,1.0,5.0,5.0,0.0,4390.611,5236.027,103.296,28.314,28.166,8.492,0.0,0.0
680,7.0,12.0,1.0,6.0,6.0,0.0,4108.537,5290.681,-13.078,29.194,29.045,8.667,0.0,0.0
681,8.0,12.0,1.0,0.0,0.0,0.0,4720.09,5043.476,65.497,28.498,28.308,8.541,0.0,0.0
682,8.0,12.0,1.0,1.0,1.0,0.0,5003.927,5270.711,50.507,28.975,28.744,8.589,0.0,0.0
683,8.0,12.0,1.0,2.0,2.0,0.0,4805.351,5297.104,88.901,29.188,28.933,8.648,0.0,0.0
686,0.0,0.0,1.0,0.0,0.0,0.0,306.602,387.809,-37.321,28.785,28.324,24.263,4.0,
687,0.0,0.0,1.0,0.0,0.0,0.0,310.627,378.415,29.37,29.262,27.995,24.516,4.0,
688,1.0,0.0,1.0,0.0,0.0,0.0,916.436,200.634,-18.263,29.361,28.794,24.714,4.0,
689,1.0,4.0,1.0,0.0,0.0,0.0,966.694,1897.866,-27.657,29.845,29.353,25.168,4.0,
690,1.0,6.0,1.0,0.0,0.0,0.0,733.907,2506.613,127.556,29.12,28.612,24.588,4.0,
691,1.0,7.0,1.0,0.0,0.0,0.0,843.26,3103.626,47.018,29.353,28.487,22.852,4.0,
692,1.0,7.0,1.0,0.0,0.0,0.0,830.891,3111.732,101.18,29.307,28.679,24.663,4.0,
693,2.0,2.0,1.0,0.0,0.0,0.0,1536.55,967.231,7.891,29.708,29.25,25.069,4.0,
695,2.0,5.0,1.0,0.0,0.0,0.0,1385.093,2245.397,58.361,29.567,28.438,24.67,4.0,
696,2.0,5.0,1.0,0.0,0.0,0.0,1594.557,2182.043,95.211,29.8,28.312,24.579,4.0,
698,2.0,8.0,1.0,0.0,0.0,0.0,1186.865,3654.229,-10.977,29.612,28.833,24.854,4.0,
699,2.0,8.0,1.0,0.0,0.0,0.0,1164.837,3639.452,33.687,30.078,29.096,23.275,4.0,
700,3.0,4.0,1.0,0.0,0.0,0.0,2063.429,1801.358,59.379,30.187,28.477,24.92,4.0,
702,3.0,6.0,1.0,0.0,0.0,0.0,2300.71,2818.496,-2.47,29.863,29.047,25.01,4.0,
703,3.0,6.0,1.0,0.0,0.0,0.0,2283.014,2822.658,124.93,28.94,28.409,24.401,4.0,
705,3.0,7.0,1.0,0.0,0.0,0.0,2214.913,2879.236,112.428,30.384,28.8,25.084,4.0,
707,4.0,8.0,1.0,0.0,0.0,0.0,2801.098,3299.872,-12.13,29.603,28.891,24.836,4.0,
708,4.0,11.0,1.0,0.0,0.0,0.0,2672.642,4736.472,115.248,29.716,28.035,24.503,4.0,
709,4.0,11.0,1.0,0.0,0.0,0.0,2420.364,4761.512,-11.322,29.647,28.691,22.985,4.0,
710,4.0,11.0,1.0,0.0,0.0,0.0,2439.972,4782.638,70.121,29.671,28.564,22.998,4.0,
711,5.0,0.0,1.0,0.0,0.0,0.0,3008.553,72.03,77.041,30.025,28.171,24.871,4.0,
712,5.0,0.0,1.0,0.0,0.0,0.0,2993.797,76.877,15.876,28.014,26.572,23.197,4.0,
713,5.0,2.0,1.0,0.0,0.0,0.0,3134.581,1067.186,111.422,29.464,28.756,24.793,4.0,
714,5.0,2.0,1.0,0.0,0.0,0.0,3144.452,1075.02,64.244,29.933,28.959,24.964,4.0,
715,5.0,8.0,1.0,0.0,0.0,0.0,3258.963,3510.673,-3.711,30.036,29.737,25.425,4.0,
717,5.0,11.0,1.0,0.0,0.0,0.0,3067.011,4544.292,87.063,29.29,28.342,24.576,4.0,
718,5.0,11.0,1.0,0.0,0.0,0.0,3049.787,4539.963,12.555,29.975,29.329,25.155,4.0,
719,7.0,10.0,1.0,0.0,0.0,0.0,4556.327,4302.493,-17.185,28.314,28.137,23.999,4.0,
720,8.0,8.0,1.0,0.0,0.0,0.0,4940.365,3583.445,62.72,29.881,28.777,24.856,4.0,
721,8.0,8.0,1.0,0.0,0.0,0.0,4935.22,3569.739,-22.206,29.532,29.323,25.055,4.0,
722,8.0,10.0,1.0,0.0,0.0,0.0,4677.189,4289.768,123.46,29.833,28.923,25.027,4.0,
723,9.0,3.0,1.0,0.0,0.0,0.0,5535.93,1437.172,29.939,29.485,28.567,24.699,4.0,
725,9.0,8.0,1.0,0.0,0.0,0.0,5208.925,3428.094,9.307,29.479,28.608,24.729,4.0,
727,9.0,8.0,1.0,0.0,0.0,0.0,5580.764,3435.331,10.169,12.13,11.79,10.18,4.0,
728,9.0,8.0,1.0,0.0,0.0,0.0,5597.58,3441.677,6.319,13.561,13.083,11.327,4.0,
729,9.0,12.0,1.0,0.0,0.0,0.0,5265.999,5322.709,14.606,28.825,26.211,23.6,4.0,
</ResultDatas>,,,,,,,,,,,,,,
<ElementResult>,,,,,,,,,,,,,,
0,0.0,,,,,,,,,,,,,
1,0.0,,,,,,,,,,,,,
2,0.0,,,,,,,,,,,,,
3,2.0,,,,,,,,,,,,,
4,0.0,,,,,,,,,,,,,
5,632.0,,,,,,,,,,,,,
</ElementResult>,,,,,,,,,,,,,,
0,0.0,0.0,1.0,0.0,0.0,0.0,416.098,33.878,117.706,28.798,28.72,8.559,0.0,0.0
1,0.0,0.0,1.0,1.0,1.0,0.0,110.813,83.308,118.805,28.446,28.291,8.531,0.0,0.0
2,0.0,0.0,1.0,2.0,2.0,0.0,388.65,132.871,121.039,28.751,28.596,8.534,0.0,0.0
3,0.0,0.0,1.0,3.0,3.0,0.0,379.261,365.612,54.716,28.704,28.646,8.623,0.0,0.0
4,1.0,0.0,1.0,0.0,1.0,0.0,726.081,42.606,30.008,29.269,29.026,8.675,0.0,0.0
5,1.0,0.0,1.0,1.0,2.0,0.0,756.101,46.608,23.764,29.483,29.028,8.707,0.0,0.0
6,1.0,0.0,1.0,2.0,3.0,0.0,738.868,78.168,58.133,28.598,28.458,8.578,0.0,0.0
7,1.0,0.0,1.0,3.0,4.0,0.0,1135.821,294.124,33.561,29.038,28.985,8.634,0.0,0.0
8,1.0,0.0,1.0,4.0,5.0,0.0,1087.161,362.821,74.129,28.859,28.728,8.658,0.0,0.0
10,2.0,0.0,1.0,0.0,0.0,0.0,1709.686,35.171,-40.987,29.322,29.158,8.703,0.0,0.0
11,2.0,0.0,1.0,1.0,1.0,0.0,1610.115,195.174,-20.731,28.616,28.569,8.598,0.0,0.0
12,2.0,0.0,1.0,2.0,3.0,0.0,1654.68,241.76,31.142,29.269,28.553,8.873,0.0,0.0
13,2.0,0.0,1.0,3.0,3.0,0.0,1631.458,225.752,126.839,28.348,28.252,8.89,0.0,0.0
14,2.0,0.0,1.0,4.0,4.0,0.0,1378.537,371.252,81.172,28.601,28.404,8.57,0.0,0.0
15,2.0,0.0,1.0,5.0,5.0,0.0,1576.081,390.995,11.234,28.641,28.604,8.607,0.0,0.0
16,3.0,0.0,1.0,0.0,0.0,0.0,1950.186,77.775,24.472,28.659,28.594,8.608,0.0,0.0
17,3.0,0.0,1.0,1.0,1.0,0.0,1871.479,129.186,-8.579,28.277,28.219,8.494,0.0,0.0
19,3.0,0.0,1.0,3.0,3.0,0.0,2238.133,218.814,42.657,29.051,28.923,8.627,0.0,0.0
21,3.0,0.0,1.0,5.0,6.0,0.0,1798.394,413.761,84.278,28.995,28.926,8.619,0.0,0.0
22,3.0,0.0,1.0,6.0,7.0,0.0,2168.178,416.233,45.072,28.677,28.577,8.52,0.0,0.0
23,4.0,0.0,1.0,0.0,0.0,0.0,2623.302,76.705,-26.771,28.721,28.578,8.615,0.0,0.0
24,4.0,0.0,1.0,1.0,1.0,0.0,2803.749,139.041,40.295,28.358,28.207,8.505,0.0,0.0
26,5.0,0.0,1.0,0.0,0.0,0.0,3416.801,201.418,26.938,28.953,28.839,8.6,0.0,0.0
27,5.0,0.0,1.0,1.0,1.0,0.0,3462.006,220.286,-24.097,29.137,28.801,8.621,0.0,0.0
29,5.0,0.0,1.0,3.0,3.0,0.0,3213.01,332.577,62.152,28.569,28.419,8.568,0.0,0.0
30,5.0,0.0,1.0,4.0,4.0,0.0,3453.271,337.112,-5.902,29.31,29.085,8.603,0.0,0.0
31,6.0,0.0,1.0,0.0,0.0,0.0,3616.27,120.923,72.516,28.966,28.534,9.023,0.0,0.0
32,6.0,0.0,1.0,1.0,0.0,0.0,3608.655,93.704,84.892,29.268,28.686,8.991,0.0,0.0
33,6.0,0.0,1.0,2.0,1.0,0.0,3831.49,120.141,70.82,24.217,20.659,9.83,0.0,0.0
34,6.0,0.0,1.0,3.0,1.0,0.0,3823.661,103.795,50.904,22.621,22.527,8.444,0.0,0.0
35,6.0,0.0,1.0,4.0,2.0,0.0,3921.364,109.211,23.825,28.517,28.441,8.564,0.0,0.0
36,6.0,0.0,1.0,5.0,4.0,0.0,3639.222,223.129,70.562,28.671,28.57,8.518,0.0,0.0
37,6.0,0.0,1.0,6.0,7.0,0.0,3851.171,347.358,-38.996,28.66,28.624,8.613,0.0,0.0
38,6.0,0.0,1.0,7.0,8.0,0.0,3540.328,406.043,-7.305,29.365,29.162,8.71,0.0,0.0
39,6.0,0.0,1.0,8.0,9.0,0.0,3924.384,416.806,25.741,28.996,28.878,8.612,0.0,0.0
40,7.0,0.0,1.0,0.0,1.0,0.0,4104.294,99.007,-24.14,28.682,28.503,8.598,0.0,0.0
41,7.0,0.0,1.0,1.0,2.0,0.0,4425.045,106.453,128.227,28.687,28.605,8.614,0.0,0.0
42,7.0,0.0,1.0,2.0,3.0,0.0,4492.909,140.296,98.01,28.413,28.298,8.527,0.0,0.0
43,7.0,0.0,1.0,3.0,4.0,0.0,4344.077,170.13,109.426,28.393,28.177,8.505,0.0,0.0
44,7.0,0.0,1.0,4.0,5.0,0.0,4244.642,213.53,19.68,28.619,28.534,8.593,0.0,0.0
45,7.0,0.0,1.0,5.0,6.0,0.0,4132.561,243.937,38.979,28.901,28.716,8.574,0.0,0.0
46,7.0,0.0,1.0,6.0,7.0,0.0,4059.632,273.715,10.03,29.04,28.852,8.615,0.0,0.0
47,7.0,0.0,1.0,7.0,8.0,0.0,4197.346,306.198,112.944,28.539,28.09,8.515,0.0,0.0
48,7.0,0.0,1.0,8.0,9.0,0.0,4384.204,395.934,59.654,28.928,28.736,8.581,0.0,0.0
49,8.0,0.0,1.0,0.0,1.0,0.0,5115.64,81.631,4.282,28.981,28.881,8.61,0.0,0.0
50,8.0,0.0,1.0,1.0,2.0,0.0,5159.768,99.057,-42.802,29.234,28.777,8.633,0.0,0.0
51,8.0,0.0,1.0,2.0,3.0,0.0,4850.799,111.362,110.187,28.027,27.846,8.489,0.0,0.0
52,8.0,0.0,1.0,3.0,4.0,0.0,4743.0,272.903,-4.93,28.768,28.583,8.623,0.0,0.0
53,8.0,0.0,1.0,4.0,5.0,0.0,5095.869,329.829,15.235,29.077,28.89,8.626,0.0,0.0
54,8.0,0.0,1.0,5.0,6.0,0.0,5059.194,345.823,106.72,28.801,28.764,8.566,0.0,0.0
55,8.0,0.0,1.0,6.0,7.0,0.0,4717.487,369.782,63.801,28.896,28.728,8.664,0.0,0.0
57,9.0,0.0,1.0,0.0,0.0,0.0,5606.309,80.533,40.543,28.462,28.404,8.55,0.0,0.0
58,9.0,0.0,1.0,1.0,1.0,0.0,5758.122,130.683,49.588,29.077,28.845,8.619,0.0,0.0
59,9.0,0.0,1.0,2.0,3.0,0.0,5754.012,271.597,113.874,28.746,28.538,8.613,0.0,0.0
60,9.0,0.0,1.0,3.0,4.0,0.0,5610.539,278.471,-26.655,28.106,27.911,8.512,0.0,0.0
61,9.0,0.0,1.0,4.0,5.0,0.0,5652.552,306.537,48.635,28.811,28.787,8.571,0.0,0.0
62,9.0,0.0,1.0,5.0,6.0,0.0,5529.562,372.794,101.935,29.029,28.924,8.624,0.0,0.0
63,0.0,1.0,1.0,0.0,0.0,0.0,222.619,470.072,46.738,28.972,28.859,8.606,0.0,0.0
64,0.0,1.0,1.0,1.0,1.0,0.0,42.703,507.749,44.456,28.558,28.465,8.573,0.0,0.0
65,0.0,1.0,1.0,2.0,2.0,0.0,285.51,554.882,-28.159,28.414,28.303,8.528,0.0,0.0
66,0.0,1.0,1.0,3.0,3.0,0.0,492.174,627.872,56.899,28.373,28.287,8.519,0.0,0.0
67,1.0,1.0,1.0,0.0,0.0,0.0,748.883,466.394,1.567,28.675,28.563,8.606,0.0,0.0
68,1.0,1.0,1.0,1.0,1.0,0.0,1043.789,596.997,84.405,28.583,28.42,8.57,0.0,0.0
69,1.0,1.0,1.0,2.0,2.0,0.0,1062.663,631.405,85.803,28.492,28.357,8.547,0.0,0.0
70,1.0,1.0,1.0,3.0,3.0,0.0,829.379,726.9,62.743,28.469,28.355,8.543,0.0,0.0
72,3.0,1.0,1.0,0.0,2.0,0.0,2134.435,471.897,-2.317,28.422,28.306,8.529,0.0,0.0
73,3.0,1.0,1.0,1.0,4.0,0.0,1905.21,534.404,62.02,28.924,28.678,8.572,0.0,0.0
74,3.0,1.0,1.0,2.0,5.0,0.0,1881.581,553.114,128.616,28.155,27.958,8.526,0.0,0.0
75,3.0,1.0,1.0,3.0,6.0,0.0,1825.851,626.294,130.348,28.755,28.567,8.618,0.0,0.0
76,3.0,1.0,1.0,4.0,7.0,0.0,2146.902,773.952,1.215,28.538,28.442,8.567,0.0,0.0
77,4.0,1.0,1.0,0.0,0.0,0.0,2529.293,458.348,94.585,28.656,28.464,8.588,0.0,0.0
78,4.0,1.0,1.0,1.0,1.0,0.0,2858.519,471.629,112.062,28.764,28.485,8.607,0.0,0.0
79,4.0,1.0,1.0,2.0,2.0,0.0,2475.518,495.477,49.62,28.807,28.673,8.554,0.0,0.0
80,4.0,1.0,1.0,3.0,3.0,0.0,2725.25,513.142,115.443,28.603,28.567,8.596,0.0,0.0
81,4.0,1.0,1.0,4.0,4.0,0.0,2617.441,637.046,-35.856,28.316,28.106,8.483,0.0,0.0
82,4.0,1.0,1.0,5.0,5.0,0.0,2522.366,777.202,-40.75,28.583,28.468,8.578,0.0,0.0
83,4.0,1.0,1.0,6.0,6.0,0.0,2592.996,813.27,71.51,28.559,28.446,8.571,0.0,0.0
84,5.0,1.0,1.0,0.0,0.0,0.0,2931.563,489.461,62.221,28.716,28.632,8.622,0.0,0.0
85,5.0,1.0,1.0,1.0,1.0,0.0,3140.742,533.448,104.115,28.547,28.311,8.548,0.0,0.0
86,5.0,1.0,1.0,2.0,3.0,0.0,3040.763,631.766,111.853,28.633,28.56,8.599,0.0,0.0
87,5.0,1.0,1.0,3.0,4.0,0.0,3320.312,747.178,53.062,28.716,28.44,8.593,0.0,0.0
88,5.0,1.0,1.0,4.0,5.0,0.0,3455.632,755.64,11.378,29.13,29.013,8.652,0.0,0.0
89,6.0,1.0,1.0,0.0,3.0,0.0,3492.695,512.324,15.92,28.902,28.842,8.593,0.0,0.0
91,6.0,1.0,1.0,2.0,5.0,0.0,3480.808,582.292,34.722,28.812,28.697,8.647,0.0,0.0
95,7.0,1.0,1.0,1.0,1.0,0.0,4547.532,534.428,-8.278,28.846,28.701,8.564,0.0,0.0
96,7.0,1.0,1.0,2.0,2.0,0.0,4312.797,585.515,10.557,28.286,28.229,8.497,0.0,0.0
97,7.0,1.0,1.0,3.0,3.0,0.0,4107.977,625.005,131.603,28.604,28.347,8.563,0.0,0.0
99,7.0,1.0,1.0,5.0,5.0,0.0,4594.115,770.331,2.258,29.352,29.223,8.717,0.0,0.0
100,7.0,1.0,1.0,6.0,6.0,0.0,4327.051,814.373,-38.378,29.028,28.819,8.608,0.0,0.0
101,7.0,1.0,1.0,7.0,7.0,0.0,4563.344,823.105,53.628,29.098,28.909,8.632,0.0,0.0
103,8.0,1.0,1.0,1.0,2.0,0.0,4812.387,660.344,2.366,28.552,28.471,8.574,0.0,0.0
105,8.0,1.0,1.0,3.0,4.0,0.0,4845.963,793.917,109.976,28.4,28.193,8.509,0.0,0.0
106,9.0,1.0,1.0,0.0,0.0,0.0,5755.695,438.03,116.635,28.921,28.729,8.579,0.0,0.0
107,9.0,1.0,1.0,1.0,1.0,0.0,5634.283,533.457,69.889,29.248,29.133,8.688,0.0,0.0
109,9.0,1.0,1.0,3.0,3.0,0.0,5741.28,580.487,96.737,28.502,28.293,8.539,0.0,0.0
110,9.0,1.0,1.0,4.0,4.0,0.0,5543.639,603.799,22.587,27.916,27.568,8.43,0.0,0.0
111,9.0,1.0,1.0,5.0,5.0,0.0,5267.373,794.585,-13.792,28.885,28.846,8.68,0.0,0.0
113,0.0,2.0,1.0,1.0,2.0,0.0,312.515,919.885,59.692,28.685,28.581,8.61,0.0,0.0
114,0.0,2.0,1.0,2.0,4.0,0.0,180.738,954.862,134.205,28.268,28.255,8.498,0.0,0.0
115,0.0,2.0,1.0,3.0,5.0,0.0,492.795,962.882,105.497,28.716,28.413,8.589,0.0,0.0
116,0.0,2.0,1.0,4.0,6.0,0.0,133.112,977.461,14.976,28.779,28.531,8.617,0.0,0.0
117,0.0,2.0,1.0,5.0,8.0,0.0,209.01,1064.294,-26.011,29.459,28.7,9.803,0.0,0.0
118,0.0,2.0,1.0,6.0,8.0,0.0,228.19,1058.118,58.731,28.716,28.533,9.809,0.0,0.0
119,0.0,2.0,1.0,7.0,9.0,0.0,154.07,1068.568,131.126,28.77,28.695,8.551,0.0,0.0
120,0.0,2.0,1.0,8.0,10.0,0.0,532.247,1219.972,47.401,29.347,29.048,8.689,0.0,0.0
121,1.0,2.0,1.0,0.0,0.0,0.0,893.079,853.945,55.262,28.725,28.485,8.602,0.0,0.0
122,1.0,2.0,1.0,1.0,1.0,0.0,780.341,1045.42,45.578,28.767,28.646,8.632,0.0,0.0
123,1.0,2.0,1.0,2.0,2.0,0.0,991.176,1075.557,-13.127,27.693,27.387,8.281,0.0,0.0
124,1.0,2.0,1.0,3.0,3.0,0.0,935.552,1078.673,54.072,26.989,26.063,8.648,0.0,0.0
125,1.0,2.0,1.0,4.0,4.0,0.0,856.718,1122.211,119.333,28.594,28.591,8.598,0.0,0.0
126,1.0,2.0,1.0,5.0,5.0,0.0,1042.013,1157.55,66.165,28.762,28.544,8.528,0.0,0.0
127,2.0,2.0,1.0,0.0,0.0,0.0,1342.663,891.042,76.641,28.323,28.122,8.486,0.0,0.0
128,2.0,2.0,1.0,1.0,1.0,0.0,1406.764,907.846,-29.082,28.556,28.544,8.585,0.0,0.0
129,2.0,2.0,1.0,2.0,3.0,0.0,1461.129,946.197,3.504,28.063,27.956,8.512,0.0,0.0
130,2.0,2.0,1.0,3.0,4.0,0.0,1264.221,1076.24,34.698,28.882,28.633,8.559,0.0,0.0
131,2.0,2.0,1.0,4.0,5.0,0.0,1428.191,1079.865,-5.163,28.322,28.167,8.493,0.0,0.0
133,2.0,2.0,1.0,6.0,7.0,0.0,1338.914,1162.208,35.655,28.854,28.689,8.652,0.0,0.0
135,3.0,2.0,1.0,0.0,0.0,0.0,2178.033,865.542,115.991,28.468,28.252,8.528,0.0,0.0
136,3.0,2.0,1.0,1.0,1.0,0.0,1825.665,931.664,-14.592,28.659,28.424,8.583,0.0,0.0
137,3.0,2.0,1.0,2.0,2.0,0.0,1760.441,934.102,32.784,28.009,27.917,8.498,0.0,0.0
139,3.0,2.0,1.0,4.0,5.0,0.0,1887.391,1160.497,-36.962,28.824,28.606,8.635,0.0,0.0
143,4.0,2.0,1.0,1.0,3.0,0.0,2333.963,1089.783,74.819,28.744,28.712,8.55,0.0,0.0
144,4.0,2.0,1.0,2.0,4.0,0.0,2401.445,1140.841,67.296,28.535,28.493,8.574,0.0,0.0
145,4.0,2.0,1.0,3.0,5.0,0.0,2798.008,1146.522,94.257,28.851,28.73,8.569,0.0,0.0
146,4.0,2.0,1.0,4.0,6.0,0.0,2672.944,1194.073,64.21,28.909,28.45,8.623,0.0,0.0
147,5.0,2.0,1.0,0.0,0.0,0.0,3167.481,886.617,103.794,28.424,28.29,8.527,0.0,0.0
148,5.0,2.0,1.0,1.0,1.0,0.0,3199.914,1020.474,31.176,28.469,28.413,8.552,0.0,0.0
149,5.0,2.0,1.0,2.0,2.0,0.0,2951.321,1148.237,113.323,29.126,29.054,8.658,0.0,0.0
150,5.0,2.0,1.0,3.0,3.0,0.0,3341.776,1194.254,28.027,29.109,28.915,8.635,0.0,0.0
152,6.0,2.0,1.0,0.0,0.0,0.0,3776.807,850.731,-30.35,28.512,28.424,8.56,0.0,0.0
153,6.0,2.0,1.0,1.0,1.0,0.0,3643.477,903.135,54.224,28.872,28.636,8.558,0.0,0.0
154,6.0,2.0,1.0,2.0,3.0,0.0,3645.406,1219.779,30.082,28.841,28.723,8.655,0.0,0.0
155,7.0,2.0,1.0,0.0,2.0,0.0,4066.523,978.746,32.691,28.446,28.336,8.537,0.0,0.0
156,7.0,2.0,1.0,1.0,3.0,0.0,4071.184,1065.877,100.47,28.997,28.883,8.613,0.0,0.0
157,7.0,2.0,1.0,2.0,4.0,0.0,4096.863,1108.755,-25.984,29.06,28.982,8.637,0.0,0.0
158,7.0,2.0,1.0,3.0,5.0,0.0,4105.582,1144.874,15.554,28.661,28.54,8.512,0.0,0.0
159,8.0,2.0,1.0,0.0,0.0,0.0,4837.848,1036.452,-25.511,28.487,28.281,8.535,0.0,0.0
160,8.0,2.0,1.0,1.0,1.0,0.0,5137.982,1045.665,37.279,28.733,28.695,8.634,0.0,0.0
162,8.0,2.0,1.0,3.0,3.0,0.0,4807.468,1179.536,54.392,28.968,28.909,8.613,0.0,0.0
164,9.0,2.0,1.0,0.0,0.0,0.0,5259.526,913.136,70.987,28.271,28.251,8.588,0.0,0.0
165,9.0,2.0,1.0,1.0,1.0,0.0,5437.017,1172.548,94.226,29.059,28.791,8.608,0.0,0.0
166,9.0,2.0,1.0,2.0,2.0,0.0,5646.266,1193.02,55.095,28.775,28.694,8.64,0.0,0.0
167,0.0,3.0,1.0,0.0,1.0,0.0,318.218,1249.53,71.206,28.61,28.386,8.569,0.0,0.0
169,0.0,3.0,1.0,2.0,3.0,0.0,74.161,1376.358,57.967,28.991,28.775,8.596,0.0,0.0
171,0.0,3.0,1.0,4.0,5.0,0.0,36.279,1417.858,51.402,28.642,28.393,8.575,0.0,0.0
172,0.0,3.0,1.0,5.0,6.0,0.0,297.357,1530.912,26.944,28.257,28.075,8.47,0.0,0.0
173,1.0,3.0,1.0,0.0,0.0,0.0,676.972,1277.496,29.3,28.33,28.187,8.497,0.0,0.0
174,1.0,3.0,1.0,1.0,1.0,0.0,766.999,1299.997,62.176,28.62,28.485,8.586,0.0,0.0
175,1.0,3.0,1.0,2.0,2.0,0.0,1153.636,1501.07,17.95,29.119,28.834,8.624,0.0,0.0
176,1.0,3.0,1.0,3.0,3.0,0.0,974.903,1602.458,81.429,28.586,28.456,8.576,0.0,0.0
177,2.0,3.0,1.0,0.0,0.0,0.0,1684.988,1255.427,-43.459,29.048,28.931,8.628,0.0,0.0
178,2.0,3.0,1.0,1.0,1.0,0.0,1443.182,1265.423,99.922,28.79,28.65,9.977,0.0,0.0
179,2.0,3.0,1.0,2.0,1.0,0.0,1462.115,1262.438,-38.57,29.13,28.756,9.907,0.0,0.0
180,2.0,3.0,1.0,3.0,2.0,0.0,1228.879,1299.148,46.93,28.759,28.457,8.602,0.0,0.0
181,2.0,3.0,1.0,4.0,3.0,0.0,1550.713,1306.617,90.846,28.696,28.576,8.611,0.0,0.0
182,2.0,3.0,1.0,5.0,4.0,0.0,1250.163,1418.068,60.208,28.895,28.741,8.666,0.0,0.0
183,2.0,3.0,1.0,6.0,5.0,0.0,1414.963,1468.347,56.978,28.178,27.91,8.522,0.0,0.0
186,2.0,3.0,1.0,9.0,8.0,0.0,1230.744,1507.043,11.124,28.982,28.872,8.609,0.0,0.0
187,2.0,3.0,1.0,10.0,9.0,0.0,1391.355,1522.592,-10.942,28.558,28.324,8.552,0.0,0.0
188,3.0,3.0,1.0,0.0,0.0,0.0,1786.572,1369.242,3.192,28.281,28.116,8.479,0.0,0.0
189,3.0,3.0,1.0,1.0,1.0,0.0,1930.815,1401.889,61.447,28.415,28.244,9.833,0.0,0.0
190,3.0,3.0,1.0,2.0,1.0,0.0,1930.019,1383.423,86.909,28.66,28.476,9.912,0.0,0.0
191,3.0,3.0,1.0,3.0,2.0,0.0,1801.351,1436.168,-8.751,29.024,28.757,8.598,0.0,0.0
192,3.0,3.0,1.0,4.0,3.0,0.0,2037.142,1644.203,-2.51,30.105,26.074,8.263,0.0,0.0
193,4.0,3.0,1.0,0.0,0.0,0.0,2361.787,1266.117,12.916,28.529,28.316,8.547,0.0,0.0
194,4.0,3.0,1.0,1.0,1.0,0.0,2406.022,1492.913,84.622,28.481,28.4,8.552,0.0,0.0
195,4.0,3.0,1.0,2.0,2.0,0.0,2543.944,1500.089,58.36,28.717,28.541,8.609,0.0,0.0
196,4.0,3.0,1.0,3.0,3.0,0.0,2392.343,1587.571,-24.552,29.106,28.897,8.632,0.0,0.0
197,4.0,3.0,1.0,4.0,4.0,0.0,2832.667,1610.203,48.436,28.709,28.594,8.616,0.0,0.0
198,5.0,3.0,1.0,0.0,1.0,0.0,3245.327,1252.316,79.493,29.122,28.513,8.486,0.0,0.0
199,5.0,3.0,1.0,1.0,2.0,0.0,3292.398,1446.884,97.87,28.468,28.404,8.551,0.0,0.0
200,5.0,3.0,1.0,2.0,3.0,0.0,3414.642,1501.183,50.504,28.684,28.618,8.615,0.0,0.0
201,5.0,3.0,1.0,3.0,4.0,0.0,3106.423,1520.661,2.46,29.444,29.027,9.074,0.0,0.0
202,5.0,3.0,1.0,4.0,4.0,0.0,3134.258,1517.724,3.332,28.501,27.994,8.966,0.0,0.0
203,6.0,3.0,1.0,0.0,2.0,0.0,3853.461,1423.165,86.272,28.096,27.985,8.521,0.0,0.0
204,7.0,3.0,1.0,0.0,0.0,0.0,4569.206,1325.597,26.213,28.667,28.595,8.61,0.0,0.0
205,7.0,3.0,1.0,1.0,1.0,0.0,4539.338,1420.677,107.052,28.63,28.474,8.586,0.0,0.0
206,8.0,3.0,1.0,0.0,1.0,0.0,5051.211,1404.203,89.659,28.266,28.114,8.566,0.0,0.0
207,8.0,3.0,1.0,1.0,2.0,0.0,5135.475,1486.657,7.905,29.177,28.868,8.638,0.0,0.0
208,8.0,3.0,1.0,2.0,3.0,0.0,5175.402,1595.602,1.311,29.203,28.903,8.647,0.0,0.0
210,9.0,3.0,1.0,1.0,1.0,0.0,5728.737,1333.659,1.134,28.545,28.35,8.554,0.0,0.0
211,9.0,3.0,1.0,2.0,2.0,0.0,5380.483,1411.321,79.654,28.687,28.661,8.622,0.0,0.0
213,9.0,3.0,1.0,4.0,5.0,0.0,5704.809,1551.853,52.968,29.12,28.979,8.646,0.0,0.0
214,0.0,4.0,1.0,0.0,0.0,0.0,472.82,1813.283,27.333,28.751,28.7,8.638,0.0,0.0
215,0.0,4.0,1.0,1.0,1.0,0.0,281.972,1844.021,127.278,27.999,27.929,8.498,0.0,0.0
216,0.0,4.0,1.0,2.0,2.0,0.0,46.639,1972.031,-40.908,29.064,28.908,8.627,0.0,0.0
217,0.0,4.0,1.0,3.0,3.0,0.0,382.877,2022.016,21.707,28.863,28.66,8.56,0.0,0.0
218,0.0,4.0,1.0,4.0,4.0,0.0,66.992,2049.746,2.605,28.796,28.576,8.626,0.0,0.0
219,1.0,4.0,1.0,0.0,0.0,0.0,1147.765,1699.296,25.356,28.852,28.68,8.561,0.0,0.0
220,1.0,4.0,1.0,1.0,1.0,0.0,969.13,1775.183,108.528,28.517,28.166,8.522,0.0,0.0
221,1.0,4.0,1.0,2.0,2.0,0.0,611.866,1782.956,93.162,28.64,28.56,8.6,0.0,0.0
222,1.0,4.0,1.0,3.0,3.0,0.0,813.079,1804.707,-1.205,28.487,28.274,8.534,0.0,0.0
223,1.0,4.0,1.0,4.0,4.0,0.0,809.167,1889.337,109.864,28.682,28.579,8.609,0.0,0.0
225,1.0,4.0,1.0,6.0,6.0,0.0,1041.627,2018.278,-11.496,28.764,28.546,8.529,0.0,0.0
226,2.0,4.0,1.0,0.0,0.0,0.0,1466.474,1669.297,35.85,29.078,29.016,8.645,0.0,0.0
228,2.0,4.0,1.0,2.0,4.0,0.0,1632.957,1733.873,43.035,28.764,28.72,8.554,0.0,0.0
229,2.0,4.0,1.0,3.0,5.0,0.0,1341.754,1917.998,42.234,28.491,28.351,8.546,0.0,0.0
230,2.0,4.0,1.0,4.0,6.0,0.0,1404.28,2050.041,13.033,28.791,28.466,8.52,0.0,0.0
231,3.0,4.0,1.0,0.0,1.0,0.0,1753.534,1691.411,127.095,28.84,28.792,8.576,0.0,0.0
232,3.0,4.0,1.0,1.0,2.0,0.0,2251.791,1692.63,125.702,28.872,28.747,8.574,0.0,0.0
233,3.0,4.0,1.0,2.0,3.0,0.0,2247.771,1732.634,104.797,29.125,28.987,8.648,0.0,0.0
234,3.0,4.0,1.0,3.0,4.0,0.0,2050.707,1765.909,116.407,28.541,28.316,8.549,0.0,0.0
235,3.0,4.0,1.0,4.0,5.0,0.0,2144.821,1834.522,99.903,27.959,27.848,8.479,0.0,0.0
236,3.0,4.0,1.0,5.0,6.0,0.0,2160.724,1872.759,129.426,28.216,28.009,8.453,0.0,0.0
238,3.0,4.0,1.0,7.0,8.0,0.0,1883.236,1969.725,29.147,28.539,28.358,8.555,0.0,0.0
239,3.0,4.0,1.0,8.0,9.0,0.0,2230.742,1971.967,70.264,28.878,28.786,8.581,0.0,0.0
240,4.0,4.0,1.0,0.0,0.0,0.0,2654.865,1650.711,49.175,28.49,28.303,8.539,0.0,0.0
241,4.0,4.0,1.0,1.0,1.0,0.0,2833.019,1797.833,37.393,28.537,28.467,8.571,0.0,0.0
242,4.0,4.0,1.0,2.0,3.0,0.0,2691.651,2017.872,-39.452,28.902,28.777,8.583,0.0,0.0
243,5.0,4.0,1.0,0.0,0.0,0.0,3365.243,1752.938,-36.346,28.491,28.391,8.552,0.0,0.0
244,5.0,4.0,1.0,1.0,1.0,0.0,3133.672,1770.155,110.889,28.346,28.169,8.497,0.0,0.0
245,5.0,4.0,1.0,2.0,2.0,0.0,3168.317,1821.632,114.851,28.429,28.027,8.488,0.0,0.0
246,6.0,4.0,1.0,0.0,0.0,0.0,4017.709,1666.321,-19.741,28.895,28.695,8.659,0.0,0.0
247,6.0,4.0,1.0,1.0,1.0,0.0,3519.654,1667.586,-37.781,28.541,28.373,8.557,0.0,0.0
248,6.0,4.0,1.0,2.0,2.0,0.0,3699.826,1720.946,99.041,28.73,28.636,8.537,0.0,0.0
249,6.0,4.0,1.0,3.0,3.0,0.0,3551.067,1745.655,-37.282,29.721,28.903,9.296,0.0,0.0
250,6.0,4.0,1.0,4.0,3.0,0.0,3569.353,1727.93,26.384,28.573,28.395,9.271,0.0,0.0
251,6.0,4.0,1.0,5.0,4.0,0.0,3575.445,1798.444,110.814,28.489,28.11,8.508,0.0,0.0
252,6.0,4.0,1.0,6.0,5.0,0.0,3827.748,1943.873,92.152,27.997,27.922,8.496,0.0,0.0
253,6.0,4.0,1.0,7.0,6.0,0.0,3547.582,1970.942,43.897,32.571,31.214,9.126,0.0,0.0
254,6.0,4.0,1.0,8.0,7.0,0.0,3982.305,1983.296,2.546,29.321,29.161,8.703,0.0,0.0
255,6.0,4.0,1.0,9.0,8.0,0.0,3849.805,2040.988,26.466,28.706,28.598,8.616,0.0,0.0
256,7.0,4.0,1.0,0.0,0.0,0.0,4565.313,1659.849,83.027,28.9,28.756,8.668,0.0,0.0
257,7.0,4.0,1.0,1.0,1.0,0.0,4102.007,1699.279,87.236,28.681,28.592,8.523,0.0,0.0
258,7.0,4.0,1.0,2.0,2.0,0.0,4432.518,1755.274,89.858,28.598,28.448,8.577,0.0,0.0
259,7.0,4.0,1.0,3.0,3.0,0.0,4476.623,2049.688,9.101,28.896,28.838,8.591,0.0,0.0
260,8.0,4.0,1.0,0.0,0.0,0.0,5123.521,1676.569,103.738,28.834,28.696,8.561,0.0,0.0
261,8.0,4.0,1.0,1.0,1.0,0.0,4944.36,1773.686,92.422,28.627,28.521,8.592,0.0,0.0
263,8.0,4.0,1.0,3.0,3.0,0.0,5119.8,1883.791,51.602,28.578,28.441,8.573,0.0,0.0
265,8.0,4.0,1.0,5.0,5.0,0.0,4987.863,1959.275,41.208,28.752,28.666,8.633,0.0,0.0
266,8.0,4.0,1.0,6.0,6.0,0.0,5160.65,1986.598,-13.983,28.848,28.623,8.552,0.0,0.0
267,8.0,4.0,1.0,7.0,7.0,0.0,4895.85,2014.272,87.754,28.897,28.702,8.66,0.0,0.0
268,9.0,4.0,1.0,0.0,1.0,0.0,5710.179,1923.677,-2.814,29.0,28.975,8.627,0.0,0.0
269,9.0,4.0,1.0,1.0,2.0,0.0,5561.526,1936.827,63.877,27.688,27.584,8.398,0.0,0.0
270,9.0,4.0,1.0,2.0,3.0,0.0,5651.876,1949.941,10.046,28.944,28.841,8.599,0.0,0.0
271,9.0,4.0,1.0,3.0,4.0,0.0,5645.702,1982.878,-12.79,28.773,28.626,8.63,0.0,0.0
272,9.0,4.0,1.0,4.0,5.0,0.0,5540.573,2010.776,33.105,28.728,28.611,8.621,0.0,0.0
273,9.0,4.0,1.0,5.0,6.0,0.0,5252.141,2013.278,1.106,28.886,28.754,8.667,0.0,0.0
274,0.0,5.0,1.0,0.0,1.0,0.0,168.82,2057.59,12.496,28.671,28.396,8.581,0.0,0.0
276,0.0,5.0,1.0,2.0,3.0,0.0,380.878,2140.587,124.585,28.421,28.317,8.531,0.0,0.0
279,1.0,5.0,1.0,0.0,0.0,0.0,750.998,2150.174,21.613,29.207,28.937,8.652,0.0,0.0
280,1.0,5.0,1.0,1.0,2.0,0.0,770.484,2208.96,82.14,28.478,28.29,8.535,0.0,0.0
285,1.0,5.0,1.0,6.0,7.0,0.0,1060.392,2406.703,-8.533,28.457,28.454,8.557,0.0,0.0
287,2.0,5.0,1.0,0.0,1.0,0.0,1201.008,2070.154,47.418,28.798,28.765,8.566,0.0,0.0
291,2.0,5.0,1.0,4.0,3.0,0.0,1286.144,2287.508,-15.915,28.058,27.902,8.503,0.0,0.0
292,2.0,5.0,1.0,5.0,4.0,0.0,1546.85,2308.915,-29.409,27.98,27.626,8.449,0.0,0.0
293,2.0,5.0,1.0,6.0,5.0,0.0,1295.6,2342.732,-42.278,28.57,28.367,8.561,0.0,0.0
294,2.0,5.0,1.0,7.0,6.0,0.0,1434.931,2365.969,21.005,28.357,28.314,8.521,0.0,0.0
295,3.0,5.0,1.0,0.0,0.0,0.0,2007.403,2064.884,59.524,28.708,28.462,8.595,0.0,0.0
296,3.0,5.0,1.0,1.0,1.0,0.0,2151.461,2132.837,108.524,29.203,28.887,8.557,0.0,0.0
297,3.0,5.0,1.0,2.0,2.0,0.0,2245.182,2173.07,107.015,28.694,28.474,8.595,0.0,0.0
298,3.0,5.0,1.0,3.0,3.0,0.0,1753.553,2383.056,32.469,28.446,28.364,8.541,0.0,0.0
299,3.0,5.0,1.0,4.0,4.0,0.0,2234.389,2403.002,-1.836,29.09,29.02,8.647,0.0,0.0
300,3.0,5.0,1.0,5.0,5.0,0.0,1796.922,2428.591,-20.633,29.193,29.063,8.669,0.0,0.0
301,4.0,5.0,1.0,0.0,0.0,0.0,2450.367,2136.039,85.483,28.612,28.459,8.58,0.0,0.0
302,4.0,5.0,1.0,1.0,1.0,0.0,2597.393,2180.695,99.855,28.848,28.611,8.639,0.0,0.0
303,4.0,5.0,1.0,2.0,2.0,0.0,2645.116,2210.029,-21.171,28.373,27.988,8.386,0.0,0.0
304,4.0,5.0,1.0,3.0,3.0,0.0,2623.02,2269.726,-42.699,27.599,27.083,8.137,0.0,0.0
307,4.0,5.0,1.0,6.0,7.0,0.0,2820.144,2398.074,13.732,29.337,29.319,8.729,0.0,0.0
308,4.0,5.0,1.0,7.0,8.0,0.0,2545.426,2406.884,-9.921,28.862,28.56,8.822,0.0,0.0
309,4.0,5.0,1.0,8.0,9.0,0.0,2850.942,2421.873,121.233,29.086,28.779,8.611,0.0,0.0
310,4.0,5.0,1.0,9.0,10.0,0.0,2495.889,2425.171,-31.308,28.677,28.447,8.589,0.0,0.0
311,5.0,5.0,1.0,0.0,0.0,0.0,3330.646,2087.914,85.692,28.838,28.453,8.613,0.0,0.0
312,5.0,5.0,1.0,1.0,1.0,0.0,3442.093,2203.03,53.093,28.867,28.787,8.579,0.0,0.0
313,5.0,5.0,1.0,2.0,2.0,0.0,3353.263,2285.011,42.325,28.61,28.488,8.585,0.0,0.0
314,5.0,5.0,1.0,3.0,3.0,0.0,3043.174,2376.498,13.192,28.591,28.533,8.589,0.0,0.0
315,5.0,5.0,1.0,4.0,4.0,0.0,3409.299,2388.374,48.435,28.93,28.667,8.571,0.0,0.0
316,6.0,5.0,1.0,0.0,1.0,0.0,4011.567,2262.277,77.976,29.067,28.903,8.626,0.0,0.0
317,6.0,5.0,1.0,1.0,2.0,0.0,3725.59,2368.204,0.839,28.476,28.177,8.518,0.0,0.0
318,7.0,5.0,1.0,0.0,1.0,0.0,4397.366,2080.002,100.356,28.897,28.641,8.562,0.0,0.0
319,7.0,5.0,1.0,1.0,3.0,0.0,4319.084,2169.255,83.124,28.752,28.508,8.609,0.0,0.0
320,7.0,5.0,1.0,2.0,4.0,0.0,4575.26,2310.444,16.767,28.86,28.768,8.665,0.0,0.0
321,8.0,5.0,1.0,0.0,0.0,0.0,4995.328,2090.378,-43.628,28.746,28.623,8.625,0.0,0.0
322,8.0,5.0,1.0,1.0,1.0,0.0,5088.168,2132.5,56.932,29.051,28.769,8.604,0.0,0.0
323,8.0,5.0,1.0,2.0,2.0,0.0,4637.385,2133.737,54.077,28.733,28.523,8.52,0.0,0.0
324,8.0,5.0,1.0,3.0,3.0,0.0,4690.502,2218.372,69.443,28.868,28.668,8.65,0.0,0.0
325,8.0,5.0,1.0,4.0,4.0,0.0,4730.3,2254.2,-14.119,28.633,28.517,8.593,0.0,0.0
326,8.0,5.0,1.0,5.0,5.0,0.0,4788.168,2420.229,-16.48,28.76,28.616,8.627,0.0,0.0
327,8.0,5.0,1.0,6.0,6.0,0.0,4815.713,2438.063,5.888,28.722,28.63,8.623,0.0,0.0
328,9.0,5.0,1.0,0.0,0.0,0.0,5246.342,2142.821,74.308,28.559,28.453,8.572,0.0,0.0
330,9.0,5.0,1.0,2.0,2.0,0.0,5468.937,2227.464,123.864,28.022,27.926,8.501,0.0,0.0
331,9.0,5.0,1.0,3.0,3.0,0.0,5509.37,2259.988,44.744,28.113,28.045,8.533,0.0,0.0
333,0.0,6.0,1.0,1.0,2.0,0.0,285.223,2487.732,89.996,28.671,28.55,8.603,0.0,0.0
334,0.0,6.0,1.0,2.0,3.0,0.0,516.239,2625.769,63.554,28.61,28.431,8.576,0.0,0.0
335,0.0,6.0,1.0,3.0,4.0,0.0,184.162,2658.276,6.787,28.727,28.585,8.617,0.0,0.0
336,0.0,6.0,1.0,4.0,6.0,0.0,355.168,2806.423,101.3,28.214,28.149,8.564,0.0,0.0
339,1.0,6.0,1.0,0.0,1.0,0.0,1007.406,2489.775,67.315,28.816,28.76,8.568,0.0,0.0
340,1.0,6.0,1.0,1.0,2.0,0.0,1009.215,2521.396,-16.61,28.391,28.33,8.528,0.0,0.0
341,1.0,6.0,1.0,2.0,3.0,0.0,1162.784,2639.566,89.968,29.379,27.879,8.517,0.0,0.0
343,1.0,6.0,1.0,4.0,5.0,0.0,972.23,2732.1,-22.06,27.517,27.206,8.315,0.0,0.0
344,1.0,6.0,1.0,5.0,6.0,0.0,704.171,2764.638,74.622,28.43,28.242,8.521,0.0,0.0
345,1.0,6.0,1.0,6.0,7.0,0.0,730.207,2821.507,131.82,28.318,28.225,8.501,0.0,0.0
346,1.0,6.0,1.0,7.0,8.0,0.0,1150.345,2840.425,19.619,29.231,29.019,8.668,0.0,0.0
347,2.0,6.0,1.0,0.0,0.0,0.0,1720.983,2475.122,109.12,28.88,28.77,8.579,0.0,0.0
349,2.0,6.0,1.0,2.0,2.0,0.0,1736.125,2512.486,125.776,29.07,28.966,8.636,0.0,0.0
350,2.0,6.0,1.0,3.0,3.0,0.0,1454.359,2555.537,111.626,28.402,28.23,8.515,0.0,0.0
351,2.0,6.0,1.0,4.0,5.0,0.0,1201.245,2791.414,48.97,29.183,29.011,8.66,0.0,0.0
352,2.0,6.0,1.0,5.0,6.0,0.0,1365.203,2806.232,129.719,29.343,28.776,9.331,0.0,0.0
353,2.0,6.0,1.0,6.0,6.0,0.0,1330.791,2801.055,56.76,28.905,28.463,9.808,0.0,0.0
354,2.0,6.0,1.0,7.0,7.0,0.0,1211.775,2822.136,-42.147,28.559,28.47,8.574,0.0,0.0
355,2.0,6.0,1.0,8.0,9.0,0.0,1364.381,2861.054,57.716,28.517,28.367,8.553,0.0,0.0
356,3.0,6.0,1.0,0.0,1.0,0.0,2184.992,2491.937,103.452,29.132,28.799,8.62,0.0,0.0
357,4.0,6.0,1.0,0.0,0.0,0.0,2703.884,2521.085,85.918,28.664,28.509,8.596,0.0,0.0
360,4.0,6.0,1.0,3.0,3.0,0.0,2577.05,2772.888,42.582,28.399,28.305,8.525,0.0,0.0
361,4.0,6.0,1.0,4.0,4.0,0.0,2345.312,2796.352,-8.688,28.603,28.322,9.502,0.0,0.0
363,5.0,6.0,1.0,0.0,0.0,0.0,3111.271,2537.688,4.846,28.546,28.502,8.577,0.0,0.0
364,5.0,6.0,1.0,1.0,1.0,0.0,3170.679,2605.326,127.748,28.643,28.59,8.605,0.0,0.0
365,5.0,6.0,1.0,2.0,2.0,0.0,3167.77,2651.61,106.956,28.42,28.273,8.524,0.0,0.0
366,5.0,6.0,1.0,3.0,3.0,0.0,3258.616,2665.577,-26.519,27.424,26.835,8.243,0.0,0.0
368,5.0,6.0,1.0,5.0,5.0,0.0,3276.254,2772.346,51.617,28.327,28.252,8.597,0.0,0.0
369,5.0,6.0,1.0,6.0,6.0,0.0,3064.584,2774.212,128.078,28.394,28.239,8.515,0.0,0.0
370,5.0,6.0,1.0,7.0,7.0,0.0,2994.467,2791.448,90.635,28.584,28.526,8.587,0.0,0.0
371,6.0,6.0,1.0,0.0,1.0,0.0,3996.945,2607.049,10.961,28.424,28.382,8.541,0.0,0.0
372,6.0,6.0,1.0,1.0,2.0,0.0,3858.485,2624.877,-40.858,27.822,27.727,8.44,0.0,0.0
373,6.0,6.0,1.0,2.0,3.0,0.0,3866.389,2867.092,-0.429,29.437,27.424,9.272,0.0,0.0
374,6.0,6.0,1.0,3.0,3.0,0.0,3853.506,2847.826,69.185,29.262,28.88,9.565,0.0,0.0
375,7.0,6.0,1.0,0.0,0.0,0.0,4050.2,2483.714,64.226,28.592,28.306,8.554,0.0,0.0
376,7.0,6.0,1.0,1.0,1.0,0.0,4160.477,2665.027,107.433,28.98,28.742,8.589,0.0,0.0
378,7.0,6.0,1.0,3.0,3.0,0.0,4581.472,2850.33,43.675,29.471,29.084,8.713,0.0,0.0
379,8.0,6.0,1.0,0.0,2.0,0.0,4945.309,2497.419,63.649,28.591,28.554,8.592,0.0,0.0
380,8.0,6.0,1.0,1.0,3.0,0.0,4841.338,2600.274,81.273,28.455,28.393,8.547,0.0,0.0
381,8.0,6.0,1.0,2.0,4.0,0.0,4657.269,2677.211,42.085,29.077,28.925,8.631,0.0,0.0
382,8.0,6.0,1.0,3.0,5.0,0.0,5164.808,2790.322,-13.645,28.666,28.447,8.587,0.0,0.0
383,8.0,6.0,1.0,4.0,6.0,0.0,4924.853,2824.295,52.746,28.734,28.546,8.612,0.0,0.0
384,9.0,6.0,1.0,0.0,0.0,0.0,5208.68,2463.503,59.84,29.415,29.17,8.631,0.0,0.0
385,9.0,6.0,1.0,1.0,1.0,0.0,5231.256,2558.878,86.827,28.738,28.619,8.624,0.0,0.0
386,9.0,6.0,1.0,2.0,2.0,0.0,5768.081,2567.011,-22.599,29.185,29.024,8.662,0.0,0.0
387,9.0,6.0,1.0,3.0,3.0,0.0,5710.129,2724.124,-4.286,29.213,29.061,8.672,0.0,0.0
388,9.0,6.0,1.0,4.0,4.0,0.0,5410.867,2811.46,8.889,28.849,28.224,8.582,0.0,0.0
390,0.0,7.0,1.0,1.0,1.0,0.0,468.569,2900.059,14.23,28.792,28.746,8.562,0.0,0.0
391,0.0,7.0,1.0,2.0,2.0,0.0,195.064,2945.408,72.944,28.011,27.832,8.485,0.0,0.0
392,0.0,7.0,1.0,3.0,3.0,0.0,516.745,2974.386,69.362,28.53,28.451,8.567,0.0,0.0
393,0.0,7.0,1.0,4.0,4.0,0.0,124.673,3026.136,24.72,28.524,28.464,8.568,0.0,0.0
394,0.0,7.0,1.0,5.0,6.0,0.0,223.996,3124.699,-35.337,28.598,28.243,8.546,0.0,0.0
395,0.0,7.0,1.0,6.0,7.0,0.0,342.053,3204.9,-13.538,28.322,28.196,8.498,0.0,0.0
396,1.0,7.0,1.0,0.0,0.0,0.0,815.655,3143.433,17.012,28.639,28.302,8.561,0.0,0.0
397,1.0,7.0,1.0,1.0,1.0,0.0,1137.797,3200.741,99.5,29.047,28.942,8.629,0.0,0.0
398,2.0,7.0,1.0,0.0,1.0,0.0,1243.576,3002.873,5.01,28.848,28.602,8.549,0.0,0.0
399,2.0,7.0,1.0,1.0,2.0,0.0,1721.423,3151.747,64.237,28.564,28.261,8.544,0.0,0.0
400,2.0,7.0,1.0,2.0,3.0,0.0,1386.944,3154.409,-37.737,28.671,28.533,8.601,0.0,0.0
401,2.0,7.0,1.0,3.0,4.0,0.0,1306.5,3176.615,16.728,28.515,28.364,8.552,0.0,0.0
402,3.0,7.0,1.0,0.0,0.0,0.0,2193.99,2925.369,-17.442,28.568,28.371,8.561,0.0,0.0
403,3.0,7.0,1.0,1.0,2.0,0.0,2061.827,3120.763,7.448,27.608,27.104,8.139,0.0,0.0
404,3.0,7.0,1.0,2.0,4.0,0.0,1889.272,3168.392,32.314,29.035,28.862,8.616,0.0,0.0
405,4.0,7.0,1.0,0.0,1.0,0.0,2478.136,3092.024,-43.374,29.919,28.629,8.801,0.0,0.0
411,4.0,7.0,1.0,6.0,6.0,0.0,2337.206,3169.476,9.983,28.92,28.63,8.653,0.0,0.0
412,4.0,7.0,1.0,7.0,7.0,0.0,2673.801,3188.286,68.65,28.457,28.314,8.535,0.0,0.0
413,4.0,7.0,1.0,8.0,8.0,0.0,2889.917,3194.468,79.801,29.232,28.822,8.638,0.0,0.0
414,4.0,7.0,1.0,9.0,9.0,0.0,2841.692,3212.455,1.54,28.726,28.625,8.623,0.0,0.0
415,5.0,7.0,1.0,0.0,0.0,0.0,3311.604,2875.349,100.871,29.187,29.009,8.66,0.0,0.0
416,5.0,7.0,1.0,1.0,1.0,0.0,2937.431,2948.388,48.263,28.847,28.525,8.626,0.0,0.0
419,6.0,7.0,1.0,0.0,1.0,0.0,3622.415,2943.102,111.635,28.792,28.65,8.636,0.0,0.0
420,6.0,7.0,1.0,1.0,2.0,0.0,3537.857,2951.086,56.418,28.942,28.808,8.594,0.0,0.0
421,6.0,7.0,1.0,2.0,3.0,0.0,3665.005,3078.207,23.965,28.149,28.067,8.542,0.0,0.0
422,6.0,7.0,1.0,3.0,4.0,0.0,3631.403,3221.34,125.549,28.934,28.689,8.663,0.0,0.0
423,7.0,7.0,1.0,0.0,1.0,0.0,4359.361,3070.525,-4.091,27.78,27.628,8.331,0.0,0.0
424,7.0,7.0,1.0,1.0,2.0,0.0,4493.189,3238.417,47.674,29.204,29.104,8.677,0.0,0.0
425,8.0,7.0,1.0,0.0,0.0,0.0,4752.03,2917.678,57.864,28.336,28.254,8.508,0.0,0.0
426,8.0,7.0,1.0,1.0,1.0,0.0,5114.034,3175.184,40.081,28.519,28.365,8.553,0.0,0.0
427,9.0,7.0,1.0,0.0,0.0,0.0,5637.451,2871.521,3.93,29.483,29.011,8.618,0.0,0.0
428,9.0,7.0,1.0,1.0,1.0,0.0,5728.147,2874.617,69.174,28.938,28.919,8.61,0.0,0.0
429,9.0,7.0,1.0,2.0,2.0,0.0,5493.055,2885.606,57.52,28.814,28.672,8.643,0.0,0.0
430,9.0,7.0,1.0,3.0,3.0,0.0,5246.235,2933.665,31.82,28.543,28.323,8.55,0.0,0.0
431,9.0,7.0,1.0,4.0,4.0,0.0,5761.458,2954.095,-24.176,29.009,28.913,8.619,0.0,0.0
432,9.0,7.0,1.0,5.0,5.0,0.0,5595.121,2974.723,65.737,29.117,26.882,8.503,0.0,0.0
433,9.0,7.0,1.0,6.0,7.0,0.0,5387.947,3030.14,130.126,28.682,28.092,8.536,0.0,0.0
434,9.0,7.0,1.0,7.0,8.0,0.0,5746.465,3055.789,-36.616,29.199,29.102,8.676,0.0,0.0
435,9.0,7.0,1.0,8.0,9.0,0.0,5534.17,3090.448,117.79,26.921,25.827,9.324,0.0,0.0
436,0.0,8.0,1.0,0.0,0.0,0.0,135.838,3310.15,55.031,28.701,28.564,8.61,0.0,0.0
437,0.0,8.0,1.0,1.0,1.0,0.0,20.214,3386.176,32.518,28.49,28.344,8.545,0.0,0.0
439,0.0,8.0,1.0,3.0,3.0,0.0,297.648,3387.198,87.421,28.405,28.233,8.516,0.0,0.0
440,0.0,8.0,1.0,4.0,4.0,0.0,346.512,3390.444,110.042,28.721,28.609,8.531,0.0,0.0
441,0.0,8.0,1.0,5.0,5.0,0.0,230.454,3432.663,-5.457,28.493,27.985,8.491,0.0,0.0
442,0.0,8.0,1.0,6.0,6.0,0.0,505.811,3528.295,124.478,28.835,28.669,8.646,0.0,0.0
443,1.0,8.0,1.0,0.0,0.0,0.0,1045.897,3590.742,-13.707,28.493,28.333,8.544,0.0,0.0
444,2.0,8.0,1.0,0.0,0.0,0.0,1387.641,3313.569,70.81,28.499,28.492,8.569,0.0,0.0
445,2.0,8.0,1.0,1.0,1.0,0.0,1442.491,3428.173,-21.544,28.412,28.295,8.526,0.0,0.0
446,2.0,8.0,1.0,2.0,2.0,0.0,1476.916,3487.25,-17.9,28.192,28.079,8.46,0.0,0.0
447,2.0,8.0,1.0,3.0,3.0,0.0,1240.983,3504.81,41.497,28.505,28.442,8.562,0.0,0.0
448,2.0,8.0,1.0,4.0,4.0,0.0,1312.754,3609.805,-19.55,29.053,28.832,8.614,0.0,0.0
449,2.0,8.0,1.0,5.0,5.0,0.0,1470.878,3623.729,117.994,28.907,28.769,8.583,0.0,0.0
450,2.0,8.0,1.0,6.0,6.0,0.0,1322.257,3642.695,67.455,28.872,28.77,8.578,0.0,0.0
451,2.0,8.0,1.0,7.0,7.0,0.0,1423.803,3665.347,95.696,29.205,28.942,8.653,0.0,0.0
452,3.0,8.0,1.0,0.0,0.0,0.0,2087.0,3326.21,60.749,28.824,28.698,8.56,0.0,0.0
453,3.0,8.0,1.0,1.0,1.0,0.0,1894.219,3335.401,36.409,28.342,28.193,8.5,0.0,0.0
454,3.0,8.0,1.0,2.0,2.0,0.0,2046.819,3533.4,61.472,27.984,27.807,8.477,0.0,0.0
455,3.0,8.0,1.0,3.0,3.0,0.0,1839.795,3633.645,-24.125,28.752,28.653,8.631,0.0,0.0
456,4.0,8.0,1.0,0.0,0.0,0.0,2357.907,3329.92,49.124,28.777,28.42,8.599,0.0,0.0
457,4.0,8.0,1.0,1.0,1.0,0.0,2626.448,3334.111,10.885,28.537,28.485,8.573,0.0,0.0
459,4.0,8.0,1.0,3.0,5.0,0.0,2857.518,3463.875,66.661,28.316,28.191,8.496,0.0,0.0
460,4.0,8.0,1.0,4.0,6.0,0.0,2534.461,3477.674,-33.729,28.524,28.311,8.545,0.0,0.0
462,4.0,8.0,1.0,6.0,8.0,0.0,2808.847,3582.92,-4.581,28.628,28.453,8.582,0.0,0.0
463,5.0,8.0,1.0,0.0,0.0,0.0,2948.626,3312.804,18.395,28.906,28.794,8.675,0.0,0.0
464,5.0,8.0,1.0,1.0,1.0,0.0,3257.668,3358.628,109.488,28.85,28.739,8.57,0.0,0.0
465,5.0,8.0,1.0,2.0,2.0,0.0,3176.342,3387.782,48.684,28.512,28.359,8.551,0.0,0.0
466,5.0,8.0,1.0,3.0,3.0,0.0,3027.46,3443.825,108.521,28.645,28.575,8.603,0.0,0.0
467,5.0,8.0,1.0,4.0,6.0,0.0,3439.563,3590.609,8.095,29.176,28.902,8.643,0.0,0.0
468,5.0,8.0,1.0,5.0,7.0,0.0,2915.795,3614.272,48.635,28.637,28.505,8.591,0.0,0.0
471,6.0,8.0,1.0,0.0,0.0,0.0,3522.9,3409.179,47.355,28.621,28.47,8.583,0.0,0.0
472,6.0,8.0,1.0,1.0,1.0,0.0,3529.979,3582.103,36.507,29.155,29.084,8.666,0.0,0.0
473,6.0,8.0,1.0,2.0,2.0,0.0,3696.817,3627.06,90.543,28.921,28.319,9.082,0.0,0.0
474,6.0,8.0,1.0,3.0,2.0,0.0,3700.412,3600.352,96.101,28.693,28.658,9.11,0.0,0.0
475,6.0,8.0,1.0,4.0,3.0,0.0,3873.044,3679.328,-31.632,28.924,28.863,8.689,0.0,0.0
476,7.0,8.0,1.0,0.0,0.0,0.0,4086.32,3290.856,48.252,28.719,28.5,8.603,0.0,0.0
477,7.0,8.0,1.0,1.0,1.0,0.0,4467.503,3393.17,13.436,28.984,28.913,9.913,0.0,0.0
478,7.0,8.0,1.0,2.0,2.0,0.0,4417.869,3404.632,-1.838,29.05,28.733,8.599,0.0,0.0
479,7.0,8.0,1.0,3.0,3.0,0.0,4214.942,3480.582,96.532,28.612,28.554,8.595,0.0,0.0
480,7.0,8.0,1.0,4.0,4.0,0.0,4318.861,3586.735,27.931,28.614,28.549,8.595,0.0,0.0
481,7.0,8.0,1.0,5.0,6.0,0.0,4237.638,3653.19,93.253,28.665,28.569,8.605,0.0,0.0
482,8.0,8.0,1.0,0.0,0.0,0.0,5182.528,3321.829,-26.819,28.866,28.579,8.637,0.0,0.0
483,8.0,8.0,1.0,1.0,1.0,0.0,5135.402,3343.628,64.279,28.684,28.623,8.616,0.0,0.0
485,8.0,8.0,1.0,3.0,3.0,0.0,5080.83,3467.477,104.011,28.378,28.247,8.514,0.0,0.0
487,8.0,8.0,1.0,5.0,5.0,0.0,4878.307,3546.404,29.029,28.446,28.328,8.536,0.0,0.0
488,8.0,8.0,1.0,6.0,6.0,0.0,4851.205,3596.917,46.84,28.354,28.269,8.513,0.0,0.0
489,8.0,8.0,1.0,7.0,7.0,0.0,5000.052,3657.81,87.351,28.785,28.641,8.634,0.0,0.0
490,9.0,8.0,1.0,0.0,0.0,0.0,5545.904,3284.652,-14.231,28.697,28.62,8.618,0.0,0.0
491,9.0,8.0,1.0,1.0,2.0,0.0,5603.124,3403.886,111.14,28.194,28.097,8.463,0.0,0.0
492,9.0,8.0,1.0,2.0,3.0,0.0,5534.595,3464.602,-32.364,27.798,27.483,8.4,0.0,0.0
493,9.0,8.0,1.0,3.0,4.0,0.0,5341.812,3484.26,-11.247,28.511,28.411,8.558,0.0,0.0
494,9.0,8.0,1.0,4.0,5.0,0.0,5452.893,3520.922,74.053,28.586,28.499,8.583,0.0,0.0
495,9.0,8.0,1.0,5.0,6.0,0.0,5430.233,3542.216,17.972,29.08,28.472,8.565,0.0,0.0
496,9.0,8.0,1.0,6.0,7.0,0.0,5474.944,3560.282,25.355,27.96,27.792,8.471,0.0,0.0
497,9.0,8.0,1.0,7.0,8.0,0.0,5571.576,3569.676,114.231,28.147,27.985,8.529,0.0,0.0
499,0.0,9.0,1.0,1.0,2.0,0.0,343.674,4047.928,100.034,28.683,28.285,8.565,0.0,0.0
501,1.0,9.0,1.0,1.0,1.0,0.0,685.738,3717.709,50.743,28.891,28.626,8.648,0.0,0.0
502,1.0,9.0,1.0,2.0,2.0,0.0,710.847,3736.822,86.723,28.725,28.595,8.53,0.0,0.0
503,1.0,9.0,1.0,3.0,3.0,0.0,752.655,3824.519,113.307,28.661,28.394,8.578,0.0,0.0
504,2.0,9.0,1.0,0.0,1.0,0.0,1455.804,3688.606,76.27,28.871,28.731,8.572,0.0,0.0
507,3.0,9.0,1.0,0.0,0.0,0.0,2157.145,3696.801,-13.267,28.758,28.628,8.628,0.0,0.0
508,3.0,9.0,1.0,1.0,1.0,0.0,2000.911,3814.611,3.501,28.497,28.488,8.48,0.0,0.0
509,3.0,9.0,1.0,2.0,2.0,0.0,2211.41,3975.833,16.202,28.562,28.489,8.578,0.0,0.0
511,4.0,9.0,1.0,1.0,0.0,0.0,2367.67,3742.276,67.051,28.794,28.421,9.082,0.0,0.0
512,4.0,9.0,1.0,2.0,1.0,0.0,2416.063,3812.973,-39.528,28.547,28.42,8.565,0.0,0.0
513,4.0,9.0,1.0,3.0,2.0,0.0,2537.202,3908.598,-27.258,28.314,28.269,8.597,0.0,0.0
514,4.0,9.0,1.0,4.0,3.0,0.0,2437.603,3926.233,34.62,28.698,28.613,8.617,0.0,0.0
515,4.0,9.0,1.0,5.0,4.0,0.0,2626.737,3980.613,6.725,27.98,27.811,8.477,0.0,0.0
517,5.0,9.0,1.0,1.0,1.0,0.0,2996.552,3734.486,68.508,28.194,28.07,8.459,0.0,0.0
518,5.0,9.0,1.0,2.0,2.0,0.0,3448.023,3775.362,-23.549,29.181,29.082,8.67,0.0,0.0
520,5.0,9.0,1.0,4.0,4.0,0.0,3089.866,3822.181,12.878,28.512,28.388,8.555,0.0,0.0
521,5.0,9.0,1.0,5.0,5.0,0.0,3269.939,3829.235,42.597,28.024,27.899,8.497,0.0,0.0
522,5.0,9.0,1.0,6.0,6.0,0.0,3205.057,3830.835,114.288,28.357,28.284,8.516,0.0,0.0
523,5.0,9.0,1.0,7.0,7.0,0.0,3082.384,3925.49,86.64,28.534,28.436,8.565,0.0,0.0
524,5.0,9.0,1.0,8.0,9.0,0.0,2986.998,4042.557,119.009,28.924,28.861,8.599,0.0,0.0
525,5.0,9.0,1.0,9.0,10.0,0.0,2913.742,4076.973,-4.504,29.107,28.965,8.642,0.0,0.0
527,6.0,9.0,1.0,1.0,3.0,0.0,3596.171,3830.544,69.877,28.408,28.284,8.524,0.0,0.0
528,6.0,9.0,1.0,2.0,4.0,0.0,3872.786,3853.154,-22.78,31.089,30.99,8.882,0.0,0.0
529,6.0,9.0,1.0,3.0,5.0,0.0,3908.631,3871.272,61.029,28.727,28.485,8.601,0.0,0.0
530,6.0,9.0,1.0,4.0,7.0,0.0,3746.687,3990.965,55.686,28.628,28.582,8.602,0.0,0.0
531,7.0,9.0,1.0,0.0,0.0,0.0,4481.982,3716.265,114.358,29.261,27.978,8.257,0.0,0.0
532,7.0,9.0,1.0,1.0,1.0,0.0,4458.282,3772.76,20.666,28.07,28.034,8.525,0.0,0.0
533,7.0,9.0,1.0,2.0,2.0,0.0,4241.662,3848.522,102.191,28.536,28.168,9.699,0.0,0.0
536,8.0,9.0,1.0,1.0,1.0,0.0,4753.925,3876.306,128.994,27.912,27.826,8.469,0.0,0.0
538,8.0,9.0,1.0,3.0,3.0,0.0,4834.562,3986.246,-16.082,28.677,28.457,8.59,0.0,0.0
540,9.0,9.0,1.0,0.0,0.0,0.0,5421.481,3777.974,-44.187,28.522,28.372,8.554,0.0,0.0
541,9.0,9.0,1.0,1.0,1.0,0.0,5525.862,3813.041,109.966,28.164,27.961,8.439,0.0,0.0
542,9.0,9.0,1.0,2.0,2.0,0.0,5455.346,3814.722,122.507,28.794,28.605,8.63,0.0,0.0
543,9.0,9.0,1.0,3.0,3.0,0.0,5725.422,3821.249,94.603,29.034,28.689,8.59,0.0,0.0
545,9.0,9.0,1.0,5.0,6.0,0.0,5491.724,3943.107,123.791,28.372,28.182,8.503,0.0,0.0
546,0.0,10.0,1.0,0.0,0.0,0.0,288.599,4120.591,15.768,28.654,28.577,8.605,0.0,0.0
547,0.0,10.0,1.0,1.0,1.0,0.0,169.077,4138.14,115.821,28.787,28.628,8.632,0.0,0.0
549,0.0,10.0,1.0,3.0,3.0,0.0,62.473,4203.796,56.537,28.539,28.475,8.572,0.0,0.0
550,0.0,10.0,1.0,4.0,4.0,0.0,418.103,4204.957,42.079,28.33,28.111,8.486,0.0,0.0
551,0.0,10.0,1.0,5.0,5.0,0.0,363.469,4238.054,-3.515,28.388,27.598,8.701,0.0,0.0
552,1.0,10.0,1.0,0.0,0.0,0.0,1086.663,4176.961,92.11,28.718,28.421,8.59,0.0,0.0
553,1.0,10.0,1.0,1.0,1.0,0.0,1120.186,4206.804,59.404,28.951,28.724,8.496,0.0,0.0
554,1.0,10.0,1.0,2.0,2.0,0.0,838.437,4232.387,131.271,28.771,28.287,8.578,0.0,0.0
555,1.0,10.0,1.0,3.0,3.0,0.0,1160.578,4256.635,20.262,28.908,28.579,8.644,0.0,0.0
557,1.0,10.0,1.0,5.0,4.0,0.0,733.757,4279.387,-25.1,28.944,28.705,9.051,0.0,0.0
558,1.0,10.0,1.0,6.0,6.0,0.0,949.59,4360.108,106.423,27.911,27.653,8.442,0.0,0.0
560,2.0,10.0,1.0,0.0,0.0,0.0,1518.288,4154.89,71.06,28.269,28.135,8.48,0.0,0.0
561,2.0,10.0,1.0,1.0,1.0,0.0,1329.842,4192.208,112.26,28.644,28.49,8.59,0.0,0.0
562,2.0,10.0,1.0,2.0,2.0,0.0,1209.991,4233.239,131.283,28.753,28.686,8.547,0.0,0.0
564,2.0,10.0,1.0,4.0,6.0,0.0,1508.685,4409.383,115.383,28.416,28.268,8.522,0.0,0.0
565,3.0,10.0,1.0,0.0,0.0,0.0,2183.05,4172.609,112.826,28.66,28.262,8.558,0.0,0.0
566,3.0,10.0,1.0,1.0,1.0,0.0,2137.628,4200.298,-8.497,28.138,27.935,8.43,0.0,0.0
567,3.0,10.0,1.0,2.0,2.0,0.0,2078.341,4366.558,118.514,28.025,27.373,8.326,0.0,0.0
569,3.0,10.0,1.0,4.0,4.0,0.0,2132.408,4435.062,-43.02,28.66,28.607,8.61,0.0,0.0
574,4.0,10.0,1.0,3.0,4.0,0.0,2860.372,4391.654,17.431,29.137,28.937,8.642,0.0,0.0
576,4.0,10.0,1.0,5.0,6.0,0.0,2545.011,4435.469,34.339,28.445,28.329,8.536,0.0,0.0
577,4.0,10.0,1.0,6.0,7.0,0.0,2804.463,4464.988,80.271,29.311,29.181,8.704,0.0,0.0
578,4.0,10.0,1.0,7.0,8.0,0.0,2464.311,4481.739,72.716,29.026,28.9,8.62,0.0,0.0
579,4.0,10.0,1.0,8.0,9.0,0.0,2414.126,4494.932,27.663,29.074,28.795,8.612,0.0,0.0
582,5.0,10.0,1.0,2.0,3.0,0.0,2973.262,4415.073,130.97,28.836,28.602,8.547,0.0,0.0
584,6.0,10.0,1.0,1.0,1.0,0.0,3517.457,4251.69,-19.146,28.874,28.244,8.589,0.0,0.0
585,6.0,10.0,1.0,2.0,2.0,0.0,3539.681,4343.987,70.919,29.208,29.009,8.663,0.0,0.0
586,6.0,10.0,1.0,3.0,3.0,0.0,3921.829,4400.492,-14.091,28.554,28.456,8.572,0.0,0.0
587,6.0,10.0,1.0,4.0,5.0,0.0,3993.937,4484.684,47.84,29.542,29.234,8.658,0.0,0.0
589,7.0,10.0,1.0,1.0,1.0,0.0,4475.96,4146.209,84.892,28.818,28.659,8.553,0.0,0.0
590,7.0,10.0,1.0,2.0,2.0,0.0,4180.001,4324.109,14.672,28.151,28.115,8.549,0.0,0.0
591,7.0,10.0,1.0,3.0,3.0,0.0,4332.568,4324.831,113.53,28.201,27.999,8.539,0.0,0.0
592,7.0,10.0,1.0,4.0,4.0,0.0,4497.875,4329.605,68.558,28.256,28.026,8.551,0.0,0.0
593,7.0,10.0,1.0,5.0,6.0,0.0,4125.243,4426.918,90.992,28.801,28.526,8.619,0.0,0.0
594,8.0,10.0,1.0,0.0,1.0,0.0,4872.855,4184.494,48.798,28.541,28.416,8.564,0.0,0.0
595,8.0,10.0,1.0,1.0,2.0,0.0,5169.864,4242.792,61.036,28.573,28.496,8.58,0.0,0.0
596,8.0,10.0,1.0,2.0,3.0,0.0,4874.23,4253.644,17.371,28.434,28.209,8.516,0.0,0.0
598,9.0,10.0,1.0,1.0,0.0,0.0,5575.205,4306.064,53.312,26.96,26.323,8.473,0.0,0.0
599,9.0,10.0,1.0,2.0,1.0,0.0,5323.667,4387.724,44.041,28.413,28.238,8.518,0.0,0.0
600,9.0,10.0,1.0,3.0,2.0,0.0,5386.043,4486.784,67.625,28.712,28.57,8.612,0.0,0.0
601,0.0,11.0,1.0,0.0,0.0,0.0,585.273,4556.359,102.107,33.313,31.035,9.033,0.0,0.0
602,0.0,11.0,1.0,1.0,1.0,0.0,99.983,4569.398,-23.686,28.747,28.609,8.624,0.0,0.0
606,1.0,11.0,1.0,1.0,2.0,0.0,608.321,4612.309,110.459,29.235,29.084,8.678,0.0,0.0
607,1.0,11.0,1.0,2.0,3.0,0.0,699.223,4770.852,24.916,28.59,28.263,8.548,0.0,0.0
608,2.0,11.0,1.0,0.0,0.0,0.0,1186.603,4512.362,-22.756,28.708,28.538,8.607,0.0,0.0
610,2.0,11.0,1.0,2.0,2.0,0.0,1472.741,4527.964,20.104,29.109,28.709,9.761,0.0,0.0
611,2.0,11.0,1.0,3.0,4.0,0.0,1190.614,4588.195,6.732,28.473,28.367,8.546,0.0,0.0
613,2.0,11.0,1.0,5.0,5.0,0.0,1609.371,4833.432,117.926,29.002,28.882,9.301,0.0,0.0
615,3.0,11.0,1.0,1.0,1.0,0.0,1971.14,4543.854,54.688,28.292,28.138,8.574,0.0,0.0
616,3.0,11.0,1.0,2.0,2.0,0.0,2165.291,4570.704,77.1,28.801,28.751,8.653,0.0,0.0
618,3.0,11.0,1.0,4.0,4.0,0.0,2054.239,4810.825,-11.431,28.567,28.474,8.488,0.0,0.0
619,3.0,11.0,1.0,5.0,5.0,0.0,1961.212,4842.481,41.59,28.799,28.549,8.622,0.0,0.0
620,3.0,11.0,1.0,6.0,6.0,0.0,1936.894,4904.051,-15.606,29.093,28.706,8.514,0.0,0.0
621,3.0,11.0,1.0,7.0,7.0,0.0,2149.254,4908.008,-4.165,29.718,26.385,8.347,0.0,0.0
623,4.0,11.0,1.0,1.0,5.0,0.0,2504.549,4595.761,100.786,28.431,28.322,8.533,0.0,0.0
624,4.0,11.0,1.0,2.0,6.0,0.0,2836.154,4604.141,28.211,28.9,28.787,8.584,0.0,0.0
625,4.0,11.0,1.0,3.0,7.0,0.0,2442.168,4606.074,47.968,28.619,28.564,8.597,0.0,0.0
626,4.0,11.0,1.0,4.0,8.0,0.0,2774.02,4712.532,32.77,28.596,28.257,9.729,0.0,0.0
627,4.0,11.0,1.0,5.0,9.0,0.0,2580.779,4708.768,-28.632,28.026,27.977,8.509,0.0,0.0
628,4.0,11.0,1.0,6.0,10.0,0.0,2453.272,4730.406,-34.795,28.962,28.679,8.947,0.0,0.0
629,4.0,11.0,1.0,7.0,10.0,0.0,2474.213,4712.226,126.326,28.775,28.389,8.972,0.0,0.0
630,4.0,11.0,1.0,8.0,11.0,0.0,2773.097,4787.867,5.262,28.69,28.647,8.621,0.0,0.0
631,4.0,11.0,1.0,9.0,12.0,0.0,2462.651,4804.895,-40.121,28.817,28.548,8.625,0.0,0.0
632,4.0,11.0,1.0,10.0,13.0,0.0,2875.242,4846.485,-8.739,29.107,29.065,8.657,0.0,0.0
633,4.0,11.0,1.0,11.0,14.0,0.0,2766.663,4856.358,60.641,29.078,28.844,8.619,0.0,0.0
634,5.0,11.0,1.0,0.0,0.0,0.0,2924.51,4570.552,50.149,28.802,28.556,8.535,0.0,0.0
635,5.0,11.0,1.0,1.0,1.0,0.0,2991.018,4743.33,-18.729,28.509,28.385,8.554,0.0,0.0
636,5.0,11.0,1.0,2.0,2.0,0.0,3284.499,4812.675,-12.487,28.52,28.381,8.555,0.0,0.0
637,5.0,11.0,1.0,3.0,3.0,0.0,3193.002,4827.766,133.528,28.342,28.329,8.521,0.0,0.0
638,5.0,11.0,1.0,4.0,5.0,0.0,3135.428,4856.74,-3.233,29.057,28.94,8.63,0.0,0.0
640,5.0,11.0,1.0,6.0,7.0,0.0,3333.54,4878.015,35.479,29.248,29.117,8.685,0.0,0.0
642,5.0,11.0,1.0,8.0,9.0,0.0,2992.606,4903.015,48.146,29.009,28.926,8.621,0.0,0.0
643,6.0,11.0,1.0,0.0,2.0,0.0,3625.669,4722.839,38.121,28.998,28.701,8.586,0.0,0.0
644,6.0,11.0,1.0,1.0,3.0,0.0,3888.311,4729.511,89.461,28.038,27.424,8.426,0.0,0.0
645,6.0,11.0,1.0,2.0,4.0,0.0,3837.449,4836.984,-40.695,28.241,28.206,8.577,0.0,0.0
646,6.0,11.0,1.0,3.0,5.0,0.0,3556.317,4878.275,107.85,29.103,28.931,8.636,0.0,0.0
649,7.0,11.0,1.0,2.0,5.0,0.0,4421.033,4771.25,132.73,27.811,27.594,8.418,0.0,0.0
650,7.0,11.0,1.0,3.0,6.0,0.0,4257.391,4852.144,4.905,28.872,28.726,8.571,0.0,0.0
651,7.0,11.0,1.0,4.0,7.0,0.0,4520.325,4872.039,23.856,29.186,28.823,8.546,0.0,0.0
652,7.0,11.0,1.0,5.0,8.0,0.0,4619.918,4893.494,93.618,30.216,26.52,8.344,0.0,0.0
653,8.0,11.0,1.0,0.0,0.0,0.0,4888.684,4506.59,99.385,28.476,28.309,8.538,0.0,0.0
654,8.0,11.0,1.0,1.0,1.0,0.0,4851.208,4518.734,69.022,28.786,28.58,8.625,0.0,0.0
655,8.0,11.0,1.0,2.0,2.0,0.0,5061.869,4768.33,15.004,28.316,28.221,8.5,0.0,0.0
657,9.0,11.0,1.0,0.0,1.0,0.0,5574.751,4795.928,99.993,28.153,28.113,8.549,0.0,0.0
660,1.0,12.0,1.0,0.0,0.0,0.0,919.862,5007.03,67.191,28.71,28.612,8.618,0.0,0.0
661,1.0,12.0,1.0,1.0,1.0,0.0,849.318,5021.769,-23.635,28.515,28.441,8.563,0.0,0.0
662,1.0,12.0,1.0,2.0,2.0,0.0,1054.07,5057.202,127.379,29.172,29.1,8.671,0.0,0.0
663,1.0,12.0,1.0,3.0,3.0,0.0,607.779,5131.101,-35.038,29.26,29.03,8.674,0.0,0.0
664,1.0,12.0,1.0,4.0,4.0,0.0,593.266,5236.938,-6.284,28.902,28.701,8.572,0.0,0.0
665,2.0,12.0,1.0,0.0,0.0,0.0,1473.948,4937.14,82.428,28.778,28.452,8.604,0.0,0.0
666,2.0,12.0,1.0,1.0,1.0,0.0,1279.366,4939.145,53.214,28.824,28.728,8.653,0.0,0.0
667,2.0,12.0,1.0,2.0,2.0,0.0,1571.263,4962.526,-5.551,28.606,28.548,8.593,0.0,0.0
668,2.0,12.0,1.0,3.0,3.0,0.0,1601.517,4978.201,65.937,28.579,28.506,8.583,0.0,0.0
669,2.0,12.0,1.0,4.0,4.0,0.0,1224.975,5189.033,-13.754,28.63,28.367,8.57,0.0,0.0
670,3.0,12.0,1.0,0.0,4.0,0.0,1958.008,5210.412,-30.455,28.483,28.414,8.555,0.0,0.0
671,3.0,12.0,1.0,1.0,5.0,0.0,1849.984,5213.472,97.269,29.133,28.911,8.638,0.0,0.0
673,4.0,12.0,1.0,0.0,1.0,0.0,2369.527,5042.335,29.418,28.623,28.303,8.559,0.0,0.0
674,4.0,12.0,1.0,1.0,2.0,0.0,2322.496,5045.856,35.459,28.54,28.334,8.551,0.0,0.0
675,4.0,12.0,1.0,2.0,3.0,0.0,2479.977,5070.431,18.896,28.695,28.202,8.554,0.0,0.0
677,4.0,12.0,1.0,4.0,5.0,0.0,2540.224,5146.231,88.099,28.981,28.806,8.599,0.0,0.0
680,5.0,12.0,1.0,0.0,3.0,0.0,2931.524,4951.494,28.981,28.297,28.253,8.502,0.0,0.0
681,5.0,12.0,1.0,1.0,4.0,0.0,2945.82,5019.318,2.604,28.703,28.569,8.611,0.0,0.0
682,5.0,12.0,1.0,2.0,5.0,0.0,3086.323,5031.598,-33.545,28.674,27.869,8.411,0.0,0.0
683,5.0,12.0,1.0,3.0,6.0,0.0,2926.421,5129.001,107.315,28.582,28.374,8.563,0.0,0.0
684,5.0,12.0,1.0,4.0,7.0,0.0,3325.041,5249.983,-31.059,28.704,28.551,8.609,0.0,0.0
685,5.0,12.0,1.0,5.0,8.0,0.0,3417.078,5315.122,-3.086,29.157,27.487,8.427,0.0,0.0
686,6.0,12.0,1.0,0.0,0.0,0.0,3634.643,4918.736,83.136,28.855,28.596,8.637,0.0,0.0
687,6.0,12.0,1.0,1.0,1.0,0.0,3500.256,4993.122,31.55,28.506,28.34,8.547,0.0,0.0
688,6.0,12.0,1.0,2.0,2.0,0.0,3577.537,5007.378,-13.71,28.551,28.501,8.578,0.0,0.0
689,6.0,12.0,1.0,3.0,3.0,0.0,3854.749,5082.15,-40.548,28.401,28.113,8.497,0.0,0.0
690,6.0,12.0,1.0,4.0,4.0,0.0,3578.374,5120.518,40.315,28.745,28.691,8.636,0.0,0.0
691,6.0,12.0,1.0,5.0,5.0,0.0,3843.149,5213.934,7.817,28.298,28.248,8.502,0.0,0.0
692,7.0,12.0,1.0,0.0,1.0,0.0,4130.168,4913.532,119.446,28.368,28.018,8.567,0.0,0.0
693,7.0,12.0,1.0,1.0,2.0,0.0,4201.324,4974.439,72.79,29.11,28.74,8.609,0.0,0.0
696,8.0,12.0,1.0,0.0,2.0,0.0,5103.845,4965.592,5.383,28.514,28.488,8.57,0.0,0.0
697,8.0,12.0,1.0,1.0,3.0,0.0,4746.759,5049.993,61.507,28.261,28.121,8.567,0.0,0.0
698,8.0,12.0,1.0,2.0,4.0,0.0,4671.319,5071.571,132.032,28.676,28.457,8.501,0.0,0.0
700,8.0,12.0,1.0,4.0,6.0,0.0,4817.02,5087.861,70.154,28.535,28.338,8.551,0.0,0.0
701,8.0,12.0,1.0,5.0,7.0,0.0,4767.784,5135.343,53.674,28.682,28.446,8.589,0.0,0.0
702,8.0,12.0,1.0,6.0,8.0,0.0,4686.161,5142.144,34.953,28.675,28.535,8.602,0.0,0.0
703,9.0,12.0,1.0,0.0,0.0,0.0,5447.782,4984.51,34.271,28.709,28.52,8.516,0.0,0.0
704,9.0,12.0,1.0,1.0,1.0,0.0,5650.177,5043.363,-43.947,28.45,28.256,8.526,0.0,0.0
705,9.0,12.0,1.0,2.0,2.0,0.0,5589.709,5095.19,43.481,27.851,27.58,8.422,0.0,0.0
706,9.0,12.0,1.0,3.0,3.0,0.0,5362.654,5131.008,4.76,28.575,28.561,8.591,0.0,0.0
708,9.0,12.0,1.0,5.0,5.0,0.0,5619.519,5277.784,47.372,28.74,28.622,8.625,0.0,0.0
710,0.0,1.0,1.0,0.0,0.0,0.0,355.648,671.32,30.407,29.76,28.628,24.887,4.0,
712,0.0,2.0,1.0,0.0,0.0,0.0,13.833,1004.629,122.511,29.474,29.135,24.908,4.0,
714,0.0,5.0,1.0,0.0,0.0,0.0,392.997,2297.869,10.075,29.898,29.05,25.094,4.0,
604,0.0,11.0,1.0,3.0,4.0,0.0,493.274,4800.339,-1.538,28.502,28.151,8.518,0.0,0.0
715,1.0,10.0,1.0,0.0,0.0,0.0,685.367,4378.991,-19.799,29.286,28.439,24.64,4.0,
716,1.0,10.0,1.0,0.0,0.0,0.0,682.387,4370.067,-22.1,29.773,28.003,24.809,4.0,
717,2.0,3.0,1.0,0.0,0.0,0.0,1495.761,1475.977,43.238,29.478,28.622,24.728,4.0,
718,2.0,5.0,1.0,0.0,0.0,0.0,1501.676,2264.777,85.733,29.624,29.214,25.029,4.0,
719,2.0,6.0,1.0,0.0,0.0,0.0,1344.108,2819.931,115.825,30.194,29.55,25.445,4.0,
720,2.0,10.0,1.0,0.0,0.0,0.0,1530.325,4340.083,-40.937,29.435,29.109,24.889,4.0,
722,3.0,0.0,1.0,0.0,0.0,0.0,2126.382,229.87,114.889,29.503,29.028,24.867,4.0,
724,4.0,2.0,1.0,0.0,0.0,0.0,2443.173,1035.033,85.52,29.677,28.738,24.747,4.0,
725,4.0,5.0,1.0,0.0,0.0,0.0,2688.194,2304.032,56.586,29.481,29.012,24.864,4.0,
726,4.0,5.0,1.0,0.0,0.0,0.0,2421.318,2347.339,-35.142,27.983,26.156,22.903,4.0,
727,4.0,5.0,1.0,0.0,0.0,0.0,2585.864,2351.155,39.671,29.918,28.731,25.074,4.0,
728,4.0,5.0,1.0,0.0,0.0,0.0,2575.373,2364.866,10.498,28.9,28.411,24.386,4.0,
729,4.0,6.0,1.0,0.0,0.0,0.0,2503.135,2845.395,-27.142,29.759,29.275,25.116,4.0,
730,4.0,6.0,1.0,0.0,0.0,0.0,2530.084,2843.779,79.806,30.047,29.812,25.456,4.0,
731,5.0,2.0,1.0,0.0,0.0,0.0,3456.436,1234.344,122.436,29.808,28.85,25.039,4.0,
733,5.0,3.0,1.0,0.0,0.0,0.0,3465.047,1242.347,93.126,29.97,28.621,24.912,4.0,
734,5.0,8.0,1.0,0.0,0.0,0.0,3293.335,3651.042,11.235,29.26,28.231,24.559,4.0,
735,5.0,8.0,1.0,0.0,0.0,0.0,3294.33,3643.08,-21.246,29.229,28.445,24.577,4.0,
737,5.0,9.0,1.0,0.0,0.0,0.0,3300.559,3932.813,-14.515,30.213,29.335,25.26,4.0,
739,5.0,12.0,1.0,0.0,0.0,0.0,3237.061,4951.391,103.459,29.718,28.381,24.807,4.0,
740,5.0,12.0,1.0,0.0,0.0,0.0,3226.448,4952.939,92.733,30.511,26.689,24.631,4.0,
741,6.0,1.0,1.0,0.0,0.0,0.0,3813.679,664.872,-17.336,30.336,28.812,25.123,4.0,
743,6.0,1.0,1.0,0.0,0.0,0.0,3869.771,534.201,130.107,29.955,28.72,24.844,4.0,
745,6.0,9.0,1.0,0.0,0.0,0.0,3995.853,3975.286,131.93,29.778,28.235,24.808,4.0,
746,6.0,9.0,1.0,0.0,0.0,0.0,3983.536,3964.797,57.878,29.565,29.099,24.901,4.0,
747,7.0,8.0,1.0,0.0,0.0,0.0,4447.945,3395.093,63.396,29.807,28.915,23.155,4.0,
748,7.0,11.0,1.0,0.0,0.0,0.0,4418.422,4730.075,55.874,30.228,29.952,25.588,4.0,
749,8.0,2.0,1.0,0.0,0.0,0.0,4966.328,1085.218,-41.593,29.415,28.765,24.742,4.0,
750,8.0,9.0,1.0,0.0,0.0,0.0,4930.464,3988.849,-39.892,29.28,28.527,24.513,4.0,
751,8.0,9.0,1.0,0.0,0.0,0.0,5033.13,4099.921,-38.764,30.096,29.873,25.508,4.0,
753,9.0,0.0,1.0,0.0,0.0,0.0,5530.438,241.001,-10.759,29.328,27.984,24.529,4.0,
754,9.0,12.0,1.0,0.0,0.0,0.0,5494.939,5261.131,132.088,30.092,28.766,25.074,4.0,
755,9.0,12.0,1.0,0.0,0.0,0.0,5486.143,5259.686,71.832,29.338,28.115,24.464,4.0,
</ResultDatas>,,,,,,,,,,,,,,
<ElementResult>,,,,,,,,,,,,,,
0,0.0,,,,,,,,,,,,,
1,0.0,,,,,,,,,,,,,
2,0.0,,,,,,,,,,,,,
3,0.0,,,,,,,,,,,,,
4,0.0,,,,,,,,,,,,,
5,620.0,,,,,,,,,,,,,
</ElementResult>,,,,,,,,,,,,,,
