No,ImageNoX,ImageNoY,ImageNoZ,ElpsLabel,ObjLabel,Average,GravX,GravY,Angle,MjrAx,MnrAx,X2,Status,DepthAve
0,0.0,0.0,0.0,0.0,1.0,0.0,337.958,76.743,64.751,28.325,28.242,8.595,0.0,0.0
2,0.0,0.0,0.0,2.0,3.0,0.0,479.003,188.035,95.636,30.287,28.546,8.665,0.0,0.0
3,0.0,0.0,0.0,3.0,4.0,0.0,147.523,242.499,67.801,28.499,28.454,8.563,0.0,0.0
4,0.0,0.0,0.0,4.0,5.0,0.0,414.004,291.474,70.433,28.643,28.431,8.581,0.0,0.0
7,1.0,0.0,0.0,0.0,0.0,0.0,835.04,131.858,94.465,27.695,27.257,8.439,0.0,0.0
8,1.0,0.0,0.0,1.0,1.0,0.0,795.655,170.588,20.819,28.045,27.981,8.513,0.0,0.0
9,1.0,0.0,0.0,2.0,2.0,0.0,1072.657,289.731,-38.682,28.598,28.455,8.578,0.0,0.0
10,1.0,0.0,0.0,3.0,3.0,0.0,839.535,344.307,63.158,28.284,28.132,8.482,0.0,0.0
11,1.0,0.0,0.0,4.0,4.0,0.0,1029.433,344.53,-37.002,28.429,28.359,8.538,0.0,0.0
12,1.0,0.0,0.0,5.0,5.0,0.0,1160.129,376.804,14.196,29.042,28.828,8.612,0.0,0.0
13,1.0,0.0,0.0,6.0,6.0,0.0,657.695,415.309,1.172,28.71,28.695,8.631,0.0,0.0
15,2.0,0.0,0.0,1.0,2.0,0.0,1382.188,251.901,68.376,28.391,28.259,8.518,0.0,0.0
16,2.0,0.0,0.0,2.0,3.0,0.0,1615.851,284.924,-41.178,28.249,28.154,8.48,0.0,0.0
17,2.0,0.0,0.0,3.0,4.0,0.0,1669.71,310.241,42.843,28.681,28.564,8.607,0.0,0.0
19,2.0,0.0,0.0,5.0,7.0,0.0,1699.767,413.188,-17.91,29.213,29.12,8.593,0.0,0.0
20,3.0,0.0,0.0,0.0,1.0,0.0,1893.146,50.364,53.492,27.991,27.778,8.474,0.0,0.0
21,3.0,0.0,0.0,1.0,3.0,0.0,2041.987,286.772,115.2,28.279,28.201,8.492,0.0,0.0
23,4.0,0.0,0.0,0.0,0.0,0.0,2432.627,41.613,-2.026,28.342,27.881,9.136,0.0,0.0
24,4.0,0.0,0.0,1.0,0.0,0.0,2386.601,56.64,-39.433,28.019,27.526,9.025,0.0,0.0
25,4.0,0.0,0.0,2.0,3.0,0.0,2688.172,198.644,110.864,27.931,27.462,8.417,0.0,0.0
27,4.0,0.0,0.0,4.0,5.0,0.0,2641.323,265.923,33.211,28.151,28.039,8.538,0.0,0.0
28,4.0,0.0,0.0,5.0,6.0,0.0,2512.819,275.053,9.86,27.969,27.859,8.483,0.0,0.0
30,5.0,0.0,0.0,1.0,1.0,0.0,3327.215,257.152,64.184,28.039,27.738,8.475,0.0,0.0
31,5.0,0.0,0.0,2.0,3.0,0.0,2922.733,273.342,-2.984,28.215,28.024,8.545,0.0,0.0
32,6.0,0.0,0.0,0.0,2.0,0.0,3655.951,129.185,130.206,28.333,28.206,8.501,0.0,0.0
35,6.0,0.0,0.0,3.0,4.0,0.0,3876.972,247.392,64.217,27.936,27.507,8.801,0.0,0.0
36,6.0,0.0,0.0,4.0,5.0,0.0,3489.008,258.084,38.797,28.339,28.159,8.584,0.0,0.0
37,6.0,0.0,0.0,5.0,6.0,0.0,3502.547,310.113,58.239,28.493,28.235,8.619,0.0,0.0
38,6.0,0.0,0.0,6.0,7.0,0.0,3755.404,326.751,44.514,28.311,28.049,8.563,0.0,0.0
41,7.0,0.0,0.0,1.0,4.0,0.0,4538.154,116.182,132.015,28.345,28.157,8.585,0.0,0.0
42,7.0,0.0,0.0,2.0,6.0,0.0,4158.588,160.2,40.301,28.276,27.89,8.534,0.0,0.0
44,7.0,0.0,0.0,4.0,8.0,0.0,4140.799,254.572,-1.994,28.463,27.995,8.489,0.0,0.0
48,7.0,0.0,0.0,8.0,13.0,0.0,4316.517,410.754,85.337,28.485,28.473,8.564,0.0,0.0
50,8.0,0.0,0.0,1.0,3.0,0.0,4784.054,160.623,19.548,28.368,27.627,8.509,0.0,0.0
51,8.0,0.0,0.0,2.0,4.0,0.0,4825.528,180.356,9.251,27.765,27.596,8.324,0.0,0.0
53,8.0,0.0,0.0,4.0,7.0,0.0,4649.081,371.788,128.11,28.524,28.354,8.552,0.0,0.0
54,8.0,0.0,0.0,5.0,8.0,0.0,4899.5,372.309,72.474,27.764,27.615,8.414,0.0,0.0
55,8.0,0.0,0.0,6.0,9.0,0.0,4712.017,398.666,32.942,28.615,28.336,8.563,0.0,0.0
56,9.0,0.0,0.0,0.0,0.0,0.0,5450.789,22.259,81.495,28.277,27.946,8.453,0.0,0.0
60,9.0,0.0,0.0,4.0,3.0,0.0,5265.01,90.407,85.111,28.484,28.366,8.547,0.0,0.0
61,9.0,0.0,0.0,5.0,4.0,0.0,5766.086,111.318,133.576,28.589,28.377,8.565,0.0,0.0
63,9.0,0.0,0.0,7.0,6.0,0.0,5557.335,145.015,14.0,27.845,27.779,8.452,0.0,0.0
64,9.0,0.0,0.0,8.0,7.0,0.0,5488.553,168.751,31.263,28.126,27.961,8.522,0.0,0.0
66,9.0,0.0,0.0,10.0,9.0,0.0,5613.507,211.543,6.002,27.85,27.7,8.44,0.0,0.0
68,9.0,0.0,0.0,12.0,11.0,0.0,5244.18,297.244,-19.653,27.837,27.834,8.459,0.0,0.0
69,9.0,0.0,0.0,13.0,12.0,0.0,5289.47,320.229,22.306,28.691,28.537,8.604,0.0,0.0
70,9.0,0.0,0.0,14.0,13.0,0.0,5667.881,347.698,51.517,28.428,28.281,8.526,0.0,0.0
71,9.0,0.0,0.0,15.0,14.0,0.0,5533.674,387.718,110.164,28.569,28.446,8.572,0.0,0.0
73,0.0,1.0,0.0,0.0,1.0,0.0,491.418,441.342,-6.802,28.477,28.459,8.56,0.0,0.0
76,0.0,1.0,0.0,3.0,5.0,0.0,101.604,533.365,100.677,28.056,27.892,8.501,0.0,0.0
77,0.0,1.0,0.0,4.0,6.0,0.0,149.428,534.75,73.864,27.471,27.43,8.432,0.0,0.0
78,0.0,1.0,0.0,5.0,8.0,0.0,60.391,824.392,-32.135,28.802,28.552,8.535,0.0,0.0
79,1.0,1.0,0.0,0.0,2.0,0.0,980.573,472.894,110.448,28.275,27.75,8.512,0.0,0.0
81,1.0,1.0,0.0,2.0,4.0,0.0,788.156,586.678,82.402,29.034,28.903,8.622,0.0,0.0
83,1.0,1.0,0.0,4.0,7.0,0.0,665.198,681.898,19.324,28.312,28.251,8.504,0.0,0.0
84,1.0,1.0,0.0,5.0,8.0,0.0,932.856,714.554,73.983,28.514,28.277,8.538,0.0,0.0
85,1.0,1.0,0.0,6.0,9.0,0.0,826.247,763.628,-11.664,28.676,28.568,8.607,0.0,0.0
86,1.0,1.0,0.0,7.0,10.0,0.0,641.988,775.207,-12.892,28.519,28.471,8.569,0.0,0.0
88,2.0,1.0,0.0,1.0,2.0,0.0,1414.047,511.812,90.582,28.017,27.811,8.483,0.0,0.0
91,2.0,1.0,0.0,4.0,5.0,0.0,1596.791,780.805,75.555,28.335,28.312,8.517,0.0,0.0
94,2.0,1.0,0.0,7.0,8.0,0.0,1190.717,815.044,127.241,28.403,28.357,8.534,0.0,0.0
95,3.0,1.0,0.0,0.0,0.0,0.0,2015.121,475.01,111.769,27.783,27.665,8.516,0.0,0.0
96,3.0,1.0,0.0,1.0,1.0,0.0,2056.459,484.283,-0.772,28.14,27.998,8.53,0.0,0.0
97,3.0,1.0,0.0,2.0,2.0,0.0,1763.431,513.176,-31.322,28.087,28.001,8.522,0.0,0.0
98,3.0,1.0,0.0,3.0,3.0,0.0,2059.826,640.203,4.623,28.28,27.983,8.549,0.0,0.0
100,3.0,1.0,0.0,5.0,6.0,0.0,1829.652,720.934,24.371,28.312,28.279,8.509,0.0,0.0
102,4.0,1.0,0.0,1.0,2.0,0.0,2378.815,535.461,92.499,27.972,27.831,8.479,0.0,0.0
103,4.0,1.0,0.0,2.0,3.0,0.0,2387.949,574.805,51.356,28.36,28.211,8.505,0.0,0.0
106,4.0,1.0,0.0,5.0,6.0,0.0,2490.727,679.838,78.062,27.972,27.896,8.489,0.0,0.0
110,4.0,1.0,0.0,9.0,8.0,0.0,2611.001,749.049,121.125,28.926,28.725,8.579,0.0,0.0
111,4.0,1.0,0.0,10.0,9.0,0.0,2562.482,770.575,104.271,27.728,27.683,8.419,0.0,0.0
112,5.0,1.0,0.0,0.0,0.0,0.0,2955.107,431.035,60.271,28.642,28.312,8.563,0.0,0.0
113,5.0,1.0,0.0,1.0,2.0,0.0,3272.385,498.377,74.123,28.447,28.308,8.533,0.0,0.0
114,5.0,1.0,0.0,2.0,3.0,0.0,3422.146,610.461,131.797,28.536,28.369,8.556,0.0,0.0
115,5.0,1.0,0.0,3.0,6.0,0.0,3106.627,665.135,47.352,28.177,28.01,8.537,0.0,0.0
116,5.0,1.0,0.0,4.0,7.0,0.0,3360.261,670.086,125.364,28.079,28.01,8.522,0.0,0.0
117,5.0,1.0,0.0,5.0,9.0,0.0,3266.377,714.334,100.857,17.807,8.98,5.295,0.0,0.0
118,5.0,1.0,0.0,6.0,9.0,0.0,3253.125,714.178,123.835,20.522,11.561,7.089,0.0,0.0
119,6.0,1.0,0.0,0.0,0.0,0.0,3679.956,484.04,-29.872,27.842,27.689,8.437,0.0,0.0
122,6.0,1.0,0.0,3.0,3.0,0.0,3472.831,708.322,8.556,28.63,28.484,8.587,0.0,0.0
124,7.0,1.0,0.0,1.0,2.0,0.0,4475.267,560.511,110.588,28.012,27.845,8.487,0.0,0.0
126,7.0,1.0,0.0,3.0,5.0,0.0,4462.784,735.473,80.786,29.071,28.945,8.633,0.0,0.0
128,8.0,1.0,0.0,0.0,1.0,0.0,4741.772,435.768,74.955,28.403,28.192,8.509,0.0,0.0
129,8.0,1.0,0.0,1.0,3.0,0.0,4896.566,606.361,131.312,28.194,27.871,8.519,0.0,0.0
130,8.0,1.0,0.0,2.0,4.0,0.0,4757.292,681.755,100.297,28.441,28.357,8.54,0.0,0.0
131,8.0,1.0,0.0,3.0,5.0,0.0,5186.737,743.822,12.379,28.907,28.743,8.668,0.0,0.0
132,9.0,1.0,0.0,0.0,1.0,0.0,5320.295,666.056,100.127,28.029,27.93,8.503,0.0,0.0
134,9.0,1.0,0.0,2.0,4.0,0.0,5753.743,775.649,81.563,28.738,28.675,8.632,0.0,0.0
135,0.0,2.0,0.0,0.0,1.0,0.0,374.823,845.205,95.124,28.018,27.946,8.503,0.0,0.0
136,0.0,2.0,0.0,1.0,2.0,0.0,98.659,978.905,24.355,28.381,27.801,8.537,0.0,0.0
137,0.0,2.0,0.0,2.0,3.0,0.0,538.881,1003.567,3.476,28.321,28.252,8.596,0.0,0.0
138,0.0,2.0,0.0,3.0,5.0,0.0,109.431,1192.294,-4.107,24.692,24.113,7.94,0.0,0.0
139,1.0,2.0,0.0,0.0,0.0,0.0,883.756,1053.645,31.401,28.522,28.447,8.565,0.0,0.0
140,1.0,2.0,0.0,1.0,2.0,0.0,605.075,1147.105,40.705,28.526,28.468,8.569,0.0,0.0
142,2.0,2.0,0.0,0.0,1.0,0.0,1650.868,831.99,-41.144,28.241,28.199,8.576,0.0,0.0
143,2.0,2.0,0.0,1.0,2.0,0.0,1251.485,944.38,65.327,28.328,28.085,8.482,0.0,0.0
145,2.0,2.0,0.0,3.0,4.0,0.0,1672.876,1016.906,105.32,28.991,28.12,9.622,0.0,0.0
147,2.0,2.0,0.0,5.0,7.0,0.0,1419.521,1107.958,56.94,27.93,27.773,8.464,0.0,0.0
148,2.0,2.0,0.0,6.0,8.0,0.0,1459.965,1128.498,85.992,28.131,27.904,8.514,0.0,0.0
149,2.0,2.0,0.0,7.0,9.0,0.0,1201.06,1180.854,119.124,28.469,28.36,8.544,0.0,0.0
150,2.0,2.0,0.0,8.0,10.0,0.0,1728.285,1220.99,-16.521,29.268,29.042,8.678,0.0,0.0
152,3.0,2.0,0.0,1.0,2.0,0.0,1873.24,1001.121,48.397,27.93,27.834,8.473,0.0,0.0
154,3.0,2.0,0.0,3.0,4.0,0.0,2248.056,1186.153,79.094,28.708,28.54,8.607,0.0,0.0
156,4.0,2.0,0.0,1.0,1.0,0.0,2434.706,916.668,63.643,28.136,27.868,8.509,0.0,0.0
158,5.0,2.0,0.0,1.0,2.0,0.0,3365.299,960.132,-25.12,28.285,28.151,8.485,0.0,0.0
160,5.0,2.0,0.0,3.0,5.0,0.0,3292.575,1115.609,16.378,27.926,27.838,8.473,0.0,0.0
161,5.0,2.0,0.0,4.0,6.0,0.0,2929.945,1143.469,-13.867,28.205,28.053,8.458,0.0,0.0
162,5.0,2.0,0.0,5.0,7.0,0.0,2980.177,1180.244,-42.756,28.231,28.091,8.468,0.0,0.0
164,6.0,2.0,0.0,1.0,1.0,0.0,3650.044,877.476,14.448,27.893,27.83,8.467,0.0,0.0
165,6.0,2.0,0.0,2.0,2.0,0.0,3849.594,893.579,115.003,28.38,28.292,8.521,0.0,0.0
166,6.0,2.0,0.0,3.0,4.0,0.0,3834.0,961.938,10.004,28.453,28.382,8.545,0.0,0.0
170,7.0,2.0,0.0,1.0,2.0,0.0,4320.945,885.739,95.509,27.812,27.718,8.528,0.0,0.0
171,7.0,2.0,0.0,2.0,3.0,0.0,4364.351,1005.135,103.161,28.523,28.393,8.557,0.0,0.0
172,7.0,2.0,0.0,3.0,4.0,0.0,4055.461,1047.512,131.934,28.22,28.116,8.47,0.0,0.0
173,7.0,2.0,0.0,4.0,5.0,0.0,4465.466,1112.169,121.11,27.9,27.823,8.467,0.0,0.0
175,8.0,2.0,0.0,1.0,1.0,0.0,4925.79,1075.678,-21.912,28.306,28.232,8.591,0.0,0.0
176,8.0,2.0,0.0,2.0,2.0,0.0,5066.111,1106.817,-1.916,28.442,28.377,8.543,0.0,0.0
177,9.0,2.0,0.0,0.0,0.0,0.0,5538.749,893.69,-15.928,27.947,27.733,8.46,0.0,0.0
178,9.0,2.0,0.0,1.0,1.0,0.0,5588.008,928.1,23.538,28.205,27.898,8.525,0.0,0.0
179,9.0,2.0,0.0,2.0,2.0,0.0,5317.058,1024.911,-36.75,28.313,28.18,8.494,0.0,0.0
180,9.0,2.0,0.0,3.0,3.0,0.0,5719.413,1036.846,13.271,28.495,28.378,8.551,0.0,0.0
181,9.0,2.0,0.0,4.0,4.0,0.0,5696.406,1102.961,14.575,28.76,28.554,8.618,0.0,0.0
182,9.0,2.0,0.0,5.0,5.0,0.0,5690.898,1177.612,84.126,29.233,29.16,8.689,0.0,0.0
183,9.0,2.0,0.0,6.0,6.0,0.0,5559.134,1187.47,118.779,28.441,28.409,8.547,0.0,0.0
184,0.0,3.0,0.0,0.0,1.0,0.0,411.786,1248.322,-14.16,28.178,28.068,8.546,0.0,0.0
185,0.0,3.0,0.0,1.0,2.0,0.0,319.847,1262.514,112.533,28.48,27.94,8.483,0.0,0.0
186,0.0,3.0,0.0,2.0,3.0,0.0,514.141,1279.75,-0.716,28.198,28.142,8.561,0.0,0.0
187,0.0,3.0,0.0,3.0,4.0,0.0,238.676,1318.009,52.365,28.109,28.034,8.531,0.0,0.0
188,0.0,3.0,0.0,4.0,5.0,0.0,95.342,1338.104,133.121,28.138,28.068,8.54,0.0,0.0
189,0.0,3.0,0.0,5.0,6.0,0.0,156.425,1441.553,-18.001,27.91,27.886,8.478,0.0,0.0
192,1.0,3.0,0.0,1.0,2.0,0.0,995.961,1365.419,39.729,28.403,28.249,8.518,0.0,0.0
193,1.0,3.0,0.0,2.0,3.0,0.0,947.65,1404.316,43.198,27.869,27.669,8.439,0.0,0.0
194,1.0,3.0,0.0,3.0,5.0,0.0,671.551,1519.042,107.775,28.111,28.008,8.527,0.0,0.0
195,1.0,3.0,0.0,4.0,6.0,0.0,670.609,1626.964,122.561,28.464,28.364,8.544,0.0,0.0
197,2.0,3.0,0.0,1.0,2.0,0.0,1378.412,1306.391,-16.436,27.83,27.808,8.454,0.0,0.0
199,2.0,3.0,0.0,3.0,4.0,0.0,1498.737,1328.431,42.496,28.117,28.072,8.537,0.0,0.0
200,2.0,3.0,0.0,4.0,5.0,0.0,1656.381,1343.723,-44.628,28.533,28.28,8.542,0.0,0.0
201,2.0,3.0,0.0,5.0,6.0,0.0,1203.171,1441.922,32.16,28.16,28.027,8.537,0.0,0.0
202,2.0,3.0,0.0,6.0,7.0,0.0,1168.474,1465.804,28.921,28.126,27.958,8.522,0.0,0.0
203,2.0,3.0,0.0,7.0,8.0,0.0,1647.606,1565.449,24.812,28.697,28.557,8.608,0.0,0.0
204,3.0,3.0,0.0,0.0,1.0,0.0,1852.973,1304.912,47.357,28.118,27.831,8.501,0.0,0.0
208,3.0,3.0,0.0,4.0,4.0,0.0,2028.101,1490.185,87.852,28.294,28.114,8.57,0.0,0.0
211,4.0,3.0,0.0,1.0,1.0,0.0,2811.83,1409.435,-19.07,28.497,28.325,8.543,0.0,0.0
213,4.0,3.0,0.0,3.0,3.0,0.0,2712.342,1492.321,-19.107,28.217,28.176,8.569,0.0,0.0
214,4.0,3.0,0.0,4.0,4.0,0.0,2803.144,1610.272,63.472,28.972,28.63,8.941,0.0,0.0
215,4.0,3.0,0.0,5.0,4.0,0.0,2789.54,1585.84,51.799,28.676,28.332,8.849,0.0,0.0
217,5.0,3.0,0.0,0.0,0.0,0.0,3376.502,1250.315,-28.328,28.197,28.146,8.561,0.0,0.0
219,5.0,3.0,0.0,2.0,2.0,0.0,3465.839,1259.239,93.397,28.709,28.453,8.594,0.0,0.0
220,5.0,3.0,0.0,3.0,3.0,0.0,3202.947,1410.906,37.149,28.038,27.848,8.491,0.0,0.0
221,5.0,3.0,0.0,4.0,7.0,0.0,3268.266,1554.977,99.528,28.352,28.274,8.604,0.0,0.0
222,5.0,3.0,0.0,5.0,9.0,0.0,3074.657,1633.499,125.645,28.542,28.516,8.579,0.0,0.0
223,6.0,3.0,0.0,0.0,0.0,0.0,3953.146,1252.114,-4.376,28.933,28.897,8.606,0.0,0.0
224,6.0,3.0,0.0,1.0,3.0,0.0,3639.321,1323.651,44.292,28.389,28.162,8.592,0.0,0.0
225,6.0,3.0,0.0,2.0,4.0,0.0,3774.412,1387.362,43.034,28.541,28.421,8.564,0.0,0.0
229,6.0,3.0,0.0,6.0,8.0,0.0,3862.502,1520.184,80.517,27.972,27.864,8.484,0.0,0.0
230,6.0,3.0,0.0,7.0,9.0,0.0,3757.691,1591.121,-12.942,28.473,28.357,8.544,0.0,0.0
231,6.0,3.0,0.0,8.0,10.0,0.0,3768.06,1633.219,-14.005,28.254,27.994,8.457,0.0,0.0
233,7.0,3.0,0.0,1.0,1.0,0.0,4409.084,1321.051,76.114,28.253,28.136,8.568,0.0,0.0
234,7.0,3.0,0.0,2.0,2.0,0.0,4482.842,1330.343,39.412,28.542,28.454,8.569,0.0,0.0
235,7.0,3.0,0.0,3.0,3.0,0.0,4571.093,1331.781,26.474,28.467,28.411,8.552,0.0,0.0
236,7.0,3.0,0.0,4.0,4.0,0.0,4204.497,1391.798,124.166,28.242,28.185,8.666,0.0,0.0
237,7.0,3.0,0.0,5.0,5.0,0.0,4445.462,1429.726,119.889,28.667,28.522,8.598,0.0,0.0
238,7.0,3.0,0.0,6.0,6.0,0.0,4493.063,1521.121,123.409,28.259,28.126,8.567,0.0,0.0
240,8.0,3.0,0.0,0.0,0.0,0.0,4699.61,1355.209,49.903,28.265,28.156,8.483,0.0,0.0
241,8.0,3.0,0.0,1.0,1.0,0.0,5194.589,1376.344,100.932,28.872,27.748,8.512,0.0,0.0
243,8.0,3.0,0.0,3.0,3.0,0.0,4843.184,1430.89,132.18,27.931,27.749,8.46,0.0,0.0
244,8.0,3.0,0.0,4.0,4.0,0.0,4644.193,1567.244,-38.235,28.543,28.34,8.553,0.0,0.0
245,9.0,3.0,0.0,0.0,0.0,0.0,5276.025,1251.681,75.014,28.158,28.068,8.543,0.0,0.0
246,9.0,3.0,0.0,1.0,1.0,0.0,5410.475,1307.296,61.954,27.869,27.811,8.46,0.0,0.0
247,9.0,3.0,0.0,2.0,2.0,0.0,5677.185,1310.664,97.436,28.314,28.272,8.508,0.0,0.0
248,9.0,3.0,0.0,3.0,4.0,0.0,5340.394,1432.589,46.507,28.294,28.173,8.49,0.0,0.0
249,9.0,3.0,0.0,4.0,6.0,0.0,5444.327,1489.214,109.225,28.21,28.118,8.558,0.0,0.0
250,9.0,3.0,0.0,5.0,7.0,0.0,5605.051,1510.641,99.342,31.653,26.515,8.245,0.0,0.0
251,9.0,3.0,0.0,6.0,8.0,0.0,5567.603,1527.149,44.34,28.466,28.301,8.535,0.0,0.0
252,9.0,3.0,0.0,7.0,10.0,0.0,5214.74,1596.226,1.382,28.28,28.166,8.577,0.0,0.0
253,9.0,3.0,0.0,8.0,11.0,0.0,5251.835,1629.508,-26.495,28.648,28.553,8.6,0.0,0.0
254,9.0,3.0,0.0,9.0,12.0,0.0,5278.87,1644.728,-0.439,29.986,24.917,8.152,0.0,0.0
255,0.0,4.0,0.0,0.0,0.0,0.0,378.252,1667.578,61.99,28.241,28.179,8.483,0.0,0.0
256,0.0,4.0,0.0,1.0,2.0,0.0,281.482,1787.295,86.906,27.854,27.78,8.453,0.0,0.0
257,0.0,4.0,0.0,2.0,3.0,0.0,199.023,1791.561,53.004,27.928,27.855,8.476,0.0,0.0
258,0.0,4.0,0.0,3.0,4.0,0.0,446.094,1826.1,122.814,28.161,28.043,8.54,0.0,0.0
259,0.0,4.0,0.0,4.0,5.0,0.0,427.094,1909.257,113.976,28.48,28.327,8.541,0.0,0.0
261,1.0,4.0,0.0,0.0,2.0,0.0,723.001,1787.03,72.399,27.77,27.598,8.413,0.0,0.0
262,1.0,4.0,0.0,1.0,3.0,0.0,965.748,1899.265,-20.769,27.815,27.359,8.475,0.0,0.0
263,1.0,4.0,0.0,2.0,4.0,0.0,1048.279,1923.997,20.06,28.363,28.309,8.521,0.0,0.0
264,1.0,4.0,0.0,3.0,5.0,0.0,873.314,2044.08,31.31,30.772,28.955,8.8,0.0,0.0
265,2.0,4.0,0.0,0.0,0.0,0.0,1472.002,1654.652,-25.435,27.891,27.738,8.452,0.0,0.0
266,2.0,4.0,0.0,1.0,1.0,0.0,1177.64,1681.56,21.517,28.277,27.88,8.533,0.0,0.0
267,2.0,4.0,0.0,2.0,2.0,0.0,1189.664,1792.903,134.213,27.966,27.933,8.493,0.0,0.0
269,3.0,4.0,0.0,0.0,1.0,0.0,1847.505,1702.72,122.783,28.177,28.125,8.555,0.0,0.0
270,3.0,4.0,0.0,1.0,2.0,0.0,2315.044,1731.955,94.518,29.637,27.562,8.505,0.0,0.0
271,3.0,4.0,0.0,2.0,3.0,0.0,1785.069,1740.854,31.578,28.117,27.934,8.517,0.0,0.0
272,3.0,4.0,0.0,3.0,4.0,0.0,2125.695,1777.434,108.8,27.923,27.696,8.451,0.0,0.0
274,3.0,4.0,0.0,5.0,6.0,0.0,2122.788,1846.914,72.358,28.595,28.274,8.55,0.0,0.0
275,3.0,4.0,0.0,6.0,7.0,0.0,2032.409,1901.892,52.893,27.925,27.641,8.443,0.0,0.0
276,3.0,4.0,0.0,7.0,8.0,0.0,2176.368,1906.479,11.597,28.153,27.943,8.524,0.0,0.0
277,3.0,4.0,0.0,8.0,9.0,0.0,1997.253,1969.428,94.845,28.396,28.254,8.517,0.0,0.0
281,3.0,4.0,0.0,12.0,12.0,0.0,1861.0,2004.921,114.175,28.439,28.367,8.541,0.0,0.0
284,4.0,4.0,0.0,1.0,3.0,0.0,2811.942,1770.854,-2.781,28.369,28.334,8.525,0.0,0.0
285,4.0,4.0,0.0,2.0,4.0,0.0,2794.81,1797.304,-22.265,28.429,28.38,8.541,0.0,0.0
287,4.0,4.0,0.0,4.0,7.0,0.0,2431.965,1865.126,55.519,28.262,28.01,8.55,0.0,0.0
288,4.0,4.0,0.0,5.0,8.0,0.0,2854.359,1899.238,20.191,28.465,28.365,8.545,0.0,0.0
289,4.0,4.0,0.0,6.0,9.0,0.0,2601.557,1967.641,51.106,27.985,27.912,8.493,0.0,0.0
290,5.0,4.0,0.0,0.0,2.0,0.0,3165.887,1747.344,28.048,28.499,28.285,8.537,0.0,0.0
292,5.0,4.0,0.0,2.0,4.0,0.0,3427.755,1797.483,-43.549,28.608,28.416,8.574,0.0,0.0
293,5.0,4.0,0.0,3.0,5.0,0.0,3248.999,1817.104,41.56,28.055,28.006,8.518,0.0,0.0
296,5.0,4.0,0.0,6.0,7.0,0.0,3127.751,1934.935,15.122,28.169,27.942,8.526,0.0,0.0
297,5.0,4.0,0.0,7.0,8.0,0.0,3420.235,2000.752,-30.715,28.627,28.55,8.597,0.0,0.0
299,6.0,4.0,0.0,1.0,2.0,0.0,3664.18,1728.715,62.955,27.928,27.714,8.455,0.0,0.0
300,6.0,4.0,0.0,2.0,3.0,0.0,3929.351,1748.331,-4.962,27.714,27.591,8.494,0.0,0.0
303,6.0,4.0,0.0,5.0,6.0,0.0,3829.042,1970.504,78.259,28.286,28.125,8.571,0.0,0.0
304,6.0,4.0,0.0,6.0,7.0,0.0,3979.805,1978.265,118.349,28.662,28.445,8.586,0.0,0.0
307,7.0,4.0,0.0,1.0,2.0,0.0,4511.213,1774.919,-40.027,28.319,28.133,8.487,0.0,0.0
309,7.0,4.0,0.0,3.0,4.0,0.0,4583.739,1887.874,127.489,28.432,28.329,8.447,0.0,0.0
310,7.0,4.0,0.0,4.0,4.0,0.0,4556.49,1875.497,21.917,28.955,28.654,8.573,0.0,0.0
311,7.0,4.0,0.0,5.0,5.0,0.0,4228.779,1882.075,108.302,28.052,27.862,8.496,0.0,0.0
313,7.0,4.0,0.0,7.0,7.0,0.0,4141.361,1958.71,15.444,28.13,27.8,8.498,0.0,0.0
317,8.0,4.0,0.0,3.0,2.0,0.0,5029.454,1780.576,130.037,28.314,28.202,8.587,0.0,0.0
319,8.0,4.0,0.0,5.0,4.0,0.0,4888.499,1866.559,-39.872,28.474,28.392,8.55,0.0,0.0
321,8.0,4.0,0.0,7.0,6.0,0.0,4797.493,1984.935,97.335,28.382,28.304,8.523,0.0,0.0
322,8.0,4.0,0.0,8.0,7.0,0.0,4796.311,2045.401,120.568,28.335,28.174,8.496,0.0,0.0
324,9.0,4.0,0.0,0.0,1.0,0.0,5278.81,1646.801,62.92,28.447,28.221,8.52,0.0,0.0
325,9.0,4.0,0.0,1.0,2.0,0.0,5707.453,1694.57,126.62,29.215,28.308,9.695,0.0,0.0
328,9.0,4.0,0.0,4.0,7.0,0.0,5464.845,1902.846,23.612,28.082,28.026,8.525,0.0,0.0
329,9.0,4.0,0.0,5.0,9.0,0.0,5701.824,2022.786,44.289,29.051,28.889,8.622,0.0,0.0
330,9.0,4.0,0.0,6.0,10.0,0.0,5224.915,2046.136,-1.843,28.86,28.584,8.549,0.0,0.0
331,0.0,5.0,0.0,0.0,0.0,0.0,254.607,2220.054,35.82,27.809,27.572,8.506,0.0,0.0
332,0.0,5.0,0.0,1.0,1.0,0.0,502.503,2282.709,105.968,28.545,28.332,8.551,0.0,0.0
333,0.0,5.0,0.0,2.0,3.0,0.0,26.251,2372.597,-15.405,28.662,28.509,8.596,0.0,0.0
334,0.0,5.0,0.0,3.0,4.0,0.0,181.505,2404.372,-29.318,28.867,27.931,9.755,0.0,0.0
335,0.0,5.0,0.0,4.0,5.0,0.0,55.664,2432.863,133.206,28.675,28.566,8.606,0.0,0.0
336,1.0,5.0,0.0,0.0,2.0,0.0,1035.847,2159.631,87.55,28.008,27.868,8.49,0.0,0.0
337,1.0,5.0,0.0,1.0,3.0,0.0,1085.22,2220.426,89.245,28.109,27.942,8.516,0.0,0.0
338,1.0,5.0,0.0,2.0,4.0,0.0,810.333,2251.771,44.106,28.06,27.855,8.496,0.0,0.0
341,1.0,5.0,0.0,5.0,9.0,0.0,799.407,2460.671,-3.075,28.909,24.914,8.169,0.0,0.0
343,2.0,5.0,0.0,1.0,0.0,0.0,1490.591,2074.235,131.341,28.394,28.029,9.285,0.0,0.0
344,2.0,5.0,0.0,2.0,1.0,0.0,1521.051,2118.428,57.744,28.006,27.944,8.501,0.0,0.0
345,2.0,5.0,0.0,3.0,2.0,0.0,1307.526,2123.63,7.524,27.576,27.424,8.447,0.0,0.0
346,2.0,5.0,0.0,4.0,3.0,0.0,1582.711,2236.87,-23.823,28.289,28.155,8.576,0.0,0.0
348,2.0,5.0,0.0,6.0,5.0,0.0,1549.07,2347.545,85.358,28.503,28.236,8.713,0.0,0.0
349,2.0,5.0,0.0,7.0,5.0,0.0,1543.517,2319.079,79.678,28.706,28.283,8.568,0.0,0.0
351,3.0,5.0,0.0,0.0,0.0,0.0,2111.295,2221.921,7.845,28.103,27.906,8.51,0.0,0.0
353,3.0,5.0,0.0,2.0,2.0,0.0,2220.17,2375.372,61.224,28.778,28.477,8.608,0.0,0.0
357,4.0,5.0,0.0,3.0,3.0,0.0,2600.57,2359.602,134.552,28.226,28.139,8.564,0.0,0.0
359,5.0,5.0,0.0,0.0,1.0,0.0,2949.457,2219.98,22.109,28.143,28.09,8.544,0.0,0.0
363,6.0,5.0,0.0,2.0,2.0,0.0,3952.589,2357.554,118.34,28.099,28.045,8.531,0.0,0.0
364,6.0,5.0,0.0,3.0,4.0,0.0,3707.024,2384.115,19.406,28.24,28.011,8.547,0.0,0.0
365,6.0,5.0,0.0,4.0,5.0,0.0,3615.493,2396.188,58.898,28.674,28.544,8.515,0.0,0.0
366,6.0,5.0,0.0,5.0,7.0,0.0,3942.032,2413.828,28.083,28.623,28.39,8.572,0.0,0.0
367,7.0,5.0,0.0,0.0,0.0,0.0,4594.375,2058.667,2.509,28.754,28.715,8.641,0.0,0.0
371,7.0,5.0,0.0,4.0,4.0,0.0,4359.62,2271.671,88.239,28.154,28.099,8.547,0.0,0.0
372,7.0,5.0,0.0,5.0,5.0,0.0,4542.236,2314.691,42.759,28.522,28.432,8.563,0.0,0.0
373,7.0,5.0,0.0,6.0,6.0,0.0,4385.56,2335.493,124.595,28.153,27.921,8.52,0.0,0.0
374,7.0,5.0,0.0,7.0,7.0,0.0,4355.846,2346.784,82.342,28.299,28.164,8.579,0.0,0.0
381,9.0,5.0,0.0,1.0,2.0,0.0,5551.324,2092.419,103.168,28.184,28.046,8.544,0.0,0.0
382,9.0,5.0,0.0,2.0,5.0,0.0,5302.623,2312.7,95.662,28.288,28.228,8.497,0.0,0.0
383,9.0,5.0,0.0,3.0,6.0,0.0,5349.047,2401.762,-25.748,28.732,28.285,8.573,0.0,0.0
384,9.0,5.0,0.0,4.0,7.0,0.0,5241.844,2406.893,-13.75,28.334,28.209,8.501,0.0,0.0
386,0.0,6.0,0.0,0.0,0.0,0.0,192.284,2485.458,80.612,28.016,27.917,8.499,0.0,0.0
388,0.0,6.0,0.0,2.0,3.0,0.0,392.479,2669.931,57.157,28.089,28.039,8.528,0.0,0.0
389,1.0,6.0,0.0,0.0,1.0,0.0,687.099,2489.671,37.875,28.355,28.066,8.573,0.0,0.0
391,1.0,6.0,0.0,2.0,3.0,0.0,879.878,2529.326,81.453,28.201,28.112,8.556,0.0,0.0
393,1.0,6.0,0.0,4.0,5.0,0.0,778.663,2650.172,23.482,28.0,27.773,8.475,0.0,0.0
394,1.0,6.0,0.0,5.0,6.0,0.0,985.111,2717.534,-0.443,28.237,28.004,8.456,0.0,0.0
396,2.0,6.0,0.0,0.0,1.0,0.0,1339.486,2544.322,121.17,28.048,27.967,8.511,0.0,0.0
397,2.0,6.0,0.0,1.0,3.0,0.0,1520.262,2680.117,51.07,28.198,27.861,8.518,0.0,0.0
398,2.0,6.0,0.0,2.0,4.0,0.0,1693.661,2743.068,-23.132,28.304,28.282,8.508,0.0,0.0
399,2.0,6.0,0.0,3.0,5.0,0.0,1547.941,2785.419,132.702,28.248,28.168,8.482,0.0,0.0
401,2.0,6.0,0.0,5.0,7.0,0.0,1625.956,2838.182,126.012,28.62,28.432,8.578,0.0,0.0
402,3.0,6.0,0.0,0.0,2.0,0.0,2094.085,2598.041,-44.447,28.356,28.172,8.88,0.0,0.0
403,3.0,6.0,0.0,1.0,2.0,0.0,2074.652,2578.721,57.143,28.597,27.89,8.765,0.0,0.0
406,3.0,6.0,0.0,4.0,4.0,0.0,2294.86,2799.564,132.96,28.613,28.43,8.577,0.0,0.0
407,3.0,6.0,0.0,5.0,5.0,0.0,2070.952,2843.975,-42.181,28.257,28.162,8.483,0.0,0.0
408,4.0,6.0,0.0,0.0,0.0,0.0,2639.793,2510.44,105.832,27.914,27.532,8.515,0.0,0.0
410,4.0,6.0,0.0,2.0,2.0,0.0,2605.148,2542.696,82.512,28.035,27.83,8.488,0.0,0.0
411,4.0,6.0,0.0,3.0,3.0,0.0,2373.903,2558.868,-8.63,28.583,28.383,8.565,0.0,0.0
413,4.0,6.0,0.0,5.0,6.0,0.0,2753.386,2811.171,107.782,28.671,28.602,8.611,0.0,0.0
414,4.0,6.0,0.0,6.0,7.0,0.0,2542.631,2832.132,71.81,28.105,28.04,8.531,0.0,0.0
416,5.0,6.0,0.0,1.0,1.0,0.0,3455.048,2637.927,46.315,28.723,28.641,8.625,0.0,0.0
417,5.0,6.0,0.0,2.0,2.0,0.0,3068.501,2681.427,-9.542,27.982,27.89,8.489,0.0,0.0
419,5.0,6.0,0.0,4.0,4.0,0.0,3186.473,2724.418,35.16,28.194,28.093,8.553,0.0,0.0
423,6.0,6.0,0.0,0.0,0.0,0.0,3680.836,2518.02,66.703,28.137,28.083,8.542,0.0,0.0
427,6.0,6.0,0.0,4.0,5.0,0.0,3721.546,2793.642,76.701,28.63,28.561,8.599,0.0,0.0
428,6.0,6.0,0.0,5.0,6.0,0.0,3627.076,2807.408,-19.731,28.34,28.296,8.515,0.0,0.0
429,6.0,6.0,0.0,6.0,7.0,0.0,3931.258,2809.538,122.605,28.704,27.836,8.417,0.0,0.0
430,6.0,6.0,0.0,7.0,8.0,0.0,3788.192,2821.338,-21.061,28.445,28.304,8.532,0.0,0.0
432,7.0,6.0,0.0,1.0,2.0,0.0,4321.836,2570.587,59.067,28.403,28.223,8.604,0.0,0.0
434,7.0,6.0,0.0,3.0,4.0,0.0,4372.419,2702.025,-2.702,27.955,27.901,8.487,0.0,0.0
435,7.0,6.0,0.0,4.0,5.0,0.0,4144.59,2730.534,14.663,28.247,27.984,8.544,0.0,0.0
436,7.0,6.0,0.0,5.0,6.0,0.0,4084.419,2766.88,45.026,28.175,28.028,8.54,0.0,0.0
440,8.0,6.0,0.0,2.0,2.0,0.0,4911.038,2789.036,63.093,28.701,28.544,8.607,0.0,0.0
442,8.0,6.0,0.0,4.0,6.0,0.0,4963.355,2850.356,6.528,29.01,28.171,8.598,0.0,0.0
444,9.0,6.0,0.0,1.0,1.0,0.0,5498.033,2643.573,59.379,28.247,28.05,8.554,0.0,0.0
445,9.0,6.0,0.0,2.0,2.0,0.0,5684.625,2704.822,60.631,28.582,28.448,8.575,0.0,0.0
446,0.0,7.0,0.0,0.0,2.0,0.0,550.591,2894.844,-28.934,28.523,28.366,8.553,0.0,0.0
447,0.0,7.0,0.0,1.0,3.0,0.0,399.518,2915.443,77.682,28.359,28.187,8.502,0.0,0.0
450,1.0,7.0,0.0,0.0,2.0,0.0,1117.11,2903.147,112.39,28.285,28.19,8.581,0.0,0.0
451,1.0,7.0,0.0,1.0,3.0,0.0,635.378,2951.425,57.491,28.078,27.931,8.51,0.0,0.0
452,1.0,7.0,0.0,2.0,4.0,0.0,1053.405,3010.099,66.747,28.104,27.994,8.524,0.0,0.0
453,1.0,7.0,0.0,3.0,5.0,0.0,722.775,3091.096,46.309,28.306,28.104,8.571,0.0,0.0
454,1.0,7.0,0.0,4.0,6.0,0.0,837.958,3189.622,104.552,28.07,27.951,8.512,0.0,0.0
455,1.0,7.0,0.0,5.0,7.0,0.0,652.154,3216.059,-25.541,28.516,28.289,8.541,0.0,0.0
456,1.0,7.0,0.0,6.0,8.0,0.0,1036.423,3234.995,122.462,28.448,28.161,8.424,0.0,0.0
457,1.0,7.0,0.0,7.0,8.0,0.0,1046.648,3221.844,80.089,4.573,4.162,3.44,0.0,0.0
458,1.0,7.0,0.0,8.0,9.0,0.0,1007.174,3262.624,107.231,28.801,28.584,8.54,0.0,0.0
459,2.0,7.0,0.0,0.0,2.0,0.0,1220.952,2974.354,46.013,27.856,27.741,8.448,0.0,0.0
460,2.0,7.0,0.0,1.0,3.0,0.0,1517.951,2975.743,48.828,28.21,28.057,8.549,0.0,0.0
461,2.0,7.0,0.0,2.0,5.0,0.0,1209.349,3180.567,12.901,28.725,28.662,8.628,0.0,0.0
462,3.0,7.0,0.0,0.0,0.0,0.0,1910.973,2943.875,109.519,27.779,27.72,8.433,0.0,0.0
463,3.0,7.0,0.0,1.0,2.0,0.0,2138.316,3272.494,82.465,28.669,28.538,8.601,0.0,0.0
465,4.0,7.0,0.0,1.0,1.0,0.0,2776.256,2892.384,-43.586,28.531,28.459,8.568,0.0,0.0
466,4.0,7.0,0.0,2.0,2.0,0.0,2346.495,2896.525,25.048,27.946,27.788,8.469,0.0,0.0
469,4.0,7.0,0.0,5.0,4.0,0.0,2443.555,2973.461,-30.606,28.128,27.679,8.569,0.0,0.0
471,4.0,7.0,0.0,7.0,5.0,0.0,2563.32,3050.738,103.737,28.014,27.95,8.503,0.0,0.0
472,4.0,7.0,0.0,8.0,6.0,0.0,2626.594,3091.522,85.603,28.372,28.293,8.52,0.0,0.0
473,4.0,7.0,0.0,9.0,7.0,0.0,2378.245,3095.241,96.559,28.531,28.474,8.571,0.0,0.0
475,4.0,7.0,0.0,11.0,9.0,0.0,2741.035,3171.897,49.99,28.523,28.447,8.566,0.0,0.0
476,4.0,7.0,0.0,12.0,10.0,0.0,2516.618,3174.064,118.48,28.054,27.99,8.515,0.0,0.0
477,4.0,7.0,0.0,13.0,11.0,0.0,2465.062,3260.364,78.313,29.602,28.134,8.277,0.0,0.0
478,5.0,7.0,0.0,0.0,0.0,0.0,3283.533,2911.944,103.067,27.835,27.688,8.436,0.0,0.0
479,5.0,7.0,0.0,1.0,1.0,0.0,3157.264,3009.127,79.073,28.182,28.109,8.463,0.0,0.0
480,5.0,7.0,0.0,2.0,2.0,0.0,3056.366,3049.845,-1.29,27.969,27.828,8.478,0.0,0.0
481,5.0,7.0,0.0,3.0,3.0,0.0,3239.056,3118.777,92.424,28.246,28.056,8.554,0.0,0.0
484,6.0,7.0,0.0,0.0,0.0,0.0,3560.561,2875.709,94.626,27.961,27.871,8.483,0.0,0.0
486,6.0,7.0,0.0,2.0,2.0,0.0,3806.495,2986.487,93.047,27.876,27.765,8.454,0.0,0.0
487,6.0,7.0,0.0,3.0,3.0,0.0,3622.365,3027.246,47.976,28.236,28.048,8.552,0.0,0.0
488,6.0,7.0,0.0,4.0,4.0,0.0,3844.854,3048.909,50.409,28.028,27.948,8.505,0.0,0.0
489,6.0,7.0,0.0,5.0,5.0,0.0,3577.355,3139.894,88.224,28.104,27.92,8.512,0.0,0.0
490,6.0,7.0,0.0,6.0,7.0,0.0,3612.104,3235.498,79.811,27.99,27.983,8.505,0.0,0.0
491,6.0,7.0,0.0,7.0,8.0,0.0,3943.938,3256.604,58.219,28.741,28.44,8.597,0.0,0.0
493,7.0,7.0,0.0,1.0,1.0,0.0,4594.459,2971.114,129.227,27.971,27.847,8.481,0.0,0.0
494,7.0,7.0,0.0,2.0,2.0,0.0,4610.172,3022.618,108.621,28.29,28.045,8.559,0.0,0.0
495,7.0,7.0,0.0,3.0,3.0,0.0,4122.052,3113.85,-19.242,28.334,28.163,8.584,0.0,0.0
496,7.0,7.0,0.0,4.0,4.0,0.0,4080.737,3165.593,117.887,29.052,27.967,9.863,0.0,0.0
497,7.0,7.0,0.0,5.0,5.0,0.0,4505.659,3159.518,8.432,28.359,27.988,8.562,0.0,0.0
501,7.0,7.0,0.0,9.0,8.0,0.0,4311.612,3243.822,95.848,28.603,28.493,8.584,0.0,0.0
502,7.0,7.0,0.0,10.0,9.0,0.0,4584.419,3267.658,-40.45,29.366,29.019,8.602,0.0,0.0
503,7.0,7.0,0.0,11.0,10.0,0.0,4429.948,3268.803,79.84,28.626,28.49,8.587,0.0,0.0
504,8.0,7.0,0.0,0.0,1.0,0.0,4651.761,2970.8,26.086,28.314,28.181,8.494,0.0,0.0
505,8.0,7.0,0.0,1.0,2.0,0.0,4870.451,2985.566,109.669,28.223,28.164,8.568,0.0,0.0
506,8.0,7.0,0.0,2.0,4.0,0.0,4782.162,3027.835,55.67,28.288,28.102,8.478,0.0,0.0
507,8.0,7.0,0.0,3.0,5.0,0.0,5056.728,3058.081,-16.784,28.431,28.354,8.538,0.0,0.0
508,8.0,7.0,0.0,4.0,6.0,0.0,4973.288,3127.604,80.913,28.222,27.945,8.534,0.0,0.0
510,8.0,7.0,0.0,6.0,8.0,0.0,4730.943,3231.731,69.248,29.385,27.559,8.322,0.0,0.0
511,8.0,7.0,0.0,7.0,9.0,0.0,4832.073,3250.322,121.481,28.527,28.335,8.549,0.0,0.0
512,9.0,7.0,0.0,0.0,0.0,0.0,5332.455,2897.65,73.737,28.091,27.839,8.498,0.0,0.0
513,9.0,7.0,0.0,1.0,1.0,0.0,5543.737,2948.62,39.511,28.215,28.097,8.556,0.0,0.0
514,9.0,7.0,0.0,2.0,2.0,0.0,5670.718,3043.471,-0.446,28.593,28.426,8.573,0.0,0.0
515,9.0,7.0,0.0,3.0,3.0,0.0,5730.009,3071.377,-17.034,28.487,28.315,8.54,0.0,0.0
516,9.0,7.0,0.0,4.0,4.0,0.0,5449.726,3129.657,60.343,28.452,28.127,8.506,0.0,0.0
520,0.0,8.0,0.0,2.0,5.0,0.0,309.799,3411.017,-19.505,27.843,27.597,8.424,0.0,0.0
521,0.0,8.0,0.0,3.0,8.0,0.0,270.019,3476.062,93.528,27.969,27.825,8.477,0.0,0.0
522,0.0,8.0,0.0,4.0,9.0,0.0,519.417,3565.096,56.319,28.162,28.024,8.537,0.0,0.0
523,0.0,8.0,0.0,5.0,10.0,0.0,377.239,3655.178,0.304,28.415,28.314,8.529,0.0,0.0
524,1.0,8.0,0.0,0.0,2.0,0.0,632.63,3457.756,29.958,28.028,27.866,8.493,0.0,0.0
525,1.0,8.0,0.0,1.0,3.0,0.0,1073.233,3556.142,93.578,28.607,28.193,9.845,0.0,0.0
526,1.0,8.0,0.0,2.0,4.0,0.0,641.928,3561.475,41.598,28.661,28.546,8.601,0.0,0.0
528,2.0,8.0,0.0,0.0,0.0,0.0,1504.505,3328.035,85.629,28.488,27.836,9.5,0.0,0.0
529,2.0,8.0,0.0,1.0,1.0,0.0,1380.209,3447.936,-29.935,28.225,28.095,8.468,0.0,0.0
531,2.0,8.0,0.0,3.0,3.0,0.0,1295.848,3632.23,17.692,28.332,28.3,8.605,0.0,0.0
532,3.0,8.0,0.0,0.0,2.0,0.0,2312.608,3279.681,129.308,28.206,28.079,8.552,0.0,0.0
535,3.0,8.0,0.0,3.0,5.0,0.0,1927.596,3417.121,0.446,28.227,27.89,8.527,0.0,0.0
539,3.0,8.0,0.0,7.0,9.0,0.0,2171.786,3526.042,68.261,28.406,28.195,8.6,0.0,0.0
540,3.0,8.0,0.0,8.0,10.0,0.0,2224.324,3550.042,10.293,28.549,28.488,8.576,0.0,0.0
541,4.0,8.0,0.0,0.0,2.0,0.0,2712.012,3342.91,71.878,27.939,27.869,8.48,0.0,0.0
543,4.0,8.0,0.0,2.0,5.0,0.0,2354.572,3620.573,77.691,28.442,28.304,8.532,0.0,0.0
545,5.0,8.0,0.0,0.0,0.0,0.0,3038.442,3298.84,83.388,28.196,27.891,8.522,0.0,0.0
547,5.0,8.0,0.0,2.0,2.0,0.0,3416.942,3374.895,-15.694,28.818,28.583,8.631,0.0,0.0
548,5.0,8.0,0.0,3.0,3.0,0.0,2936.971,3625.378,83.656,28.296,28.192,8.493,0.0,0.0
549,6.0,8.0,0.0,0.0,1.0,0.0,3731.199,3313.609,54.518,28.053,27.903,8.502,0.0,0.0
551,6.0,8.0,0.0,2.0,3.0,0.0,4037.488,3356.878,134.198,28.862,28.603,8.64,0.0,0.0
552,6.0,8.0,0.0,3.0,4.0,0.0,3663.029,3444.406,-10.99,27.813,27.585,8.417,0.0,0.0
553,6.0,8.0,0.0,4.0,5.0,0.0,3712.744,3473.285,75.067,28.364,27.979,8.56,0.0,0.0
554,6.0,8.0,0.0,5.0,6.0,0.0,4002.392,3496.175,64.607,28.155,28.045,8.539,0.0,0.0
557,7.0,8.0,0.0,0.0,2.0,0.0,4070.82,3325.561,37.091,28.474,28.37,8.546,0.0,0.0
559,7.0,8.0,0.0,2.0,5.0,0.0,4287.301,3452.003,17.572,27.938,27.494,8.514,0.0,0.0
560,7.0,8.0,0.0,3.0,6.0,0.0,4438.124,3497.898,133.732,28.559,28.417,8.566,0.0,0.0
561,7.0,8.0,0.0,4.0,7.0,0.0,4487.057,3530.372,41.043,28.273,28.207,8.582,0.0,0.0
563,8.0,8.0,0.0,0.0,0.0,0.0,5132.71,3412.878,98.736,28.965,28.464,9.817,0.0,0.0
564,8.0,8.0,0.0,1.0,0.0,0.0,5132.177,3393.772,53.514,28.757,28.431,9.924,0.0,0.0
565,8.0,8.0,0.0,2.0,1.0,0.0,4906.644,3438.845,96.717,28.289,28.137,8.484,0.0,0.0
566,8.0,8.0,0.0,3.0,2.0,0.0,5117.916,3479.072,41.218,28.564,28.41,8.566,0.0,0.0
567,8.0,8.0,0.0,4.0,3.0,0.0,5027.377,3491.94,-28.473,28.349,28.201,8.593,0.0,0.0
568,8.0,8.0,0.0,5.0,4.0,0.0,4631.822,3650.453,-23.225,28.644,28.456,8.585,0.0,0.0
569,8.0,8.0,0.0,6.0,5.0,0.0,5011.06,3653.838,98.832,28.521,28.425,8.562,0.0,0.0
570,8.0,8.0,0.0,7.0,6.0,0.0,5189.857,3656.487,44.704,28.31,19.994,8.321,0.0,0.0
571,9.0,8.0,0.0,0.0,0.0,0.0,5511.112,3296.711,86.793,28.057,27.996,8.517,0.0,0.0
572,9.0,8.0,0.0,1.0,1.0,0.0,5663.524,3337.482,-22.669,28.355,28.225,8.507,0.0,0.0
573,9.0,8.0,0.0,2.0,2.0,0.0,5247.626,3409.204,33.009,28.393,27.933,8.558,0.0,0.0
576,9.0,8.0,0.0,5.0,5.0,0.0,5488.542,3534.29,103.606,28.117,28.002,8.527,0.0,0.0
578,9.0,8.0,0.0,7.0,7.0,0.0,5542.407,3660.033,36.613,28.574,28.331,8.556,0.0,0.0
579,0.0,9.0,0.0,0.0,0.0,0.0,91.553,3750.651,41.808,28.263,27.717,8.506,0.0,0.0
580,0.0,9.0,0.0,1.0,1.0,0.0,504.416,3826.08,-29.55,28.259,28.065,8.558,0.0,0.0
581,0.0,9.0,0.0,2.0,2.0,0.0,287.581,3843.38,91.613,28.002,27.95,8.502,0.0,0.0
584,0.0,9.0,0.0,5.0,9.0,0.0,419.121,4032.975,66.386,28.465,28.179,8.517,0.0,0.0
585,0.0,9.0,0.0,6.0,10.0,0.0,275.351,4065.409,13.445,28.314,28.297,8.512,0.0,0.0
586,0.0,9.0,0.0,7.0,11.0,0.0,116.776,4076.312,30.941,28.372,28.31,8.522,0.0,0.0
587,0.0,9.0,0.0,8.0,12.0,0.0,70.849,4079.351,-27.059,28.816,28.378,8.6,0.0,0.0
588,1.0,9.0,0.0,0.0,0.0,0.0,801.108,3823.995,47.181,27.866,27.673,8.623,0.0,0.0
589,1.0,9.0,0.0,1.0,0.0,0.0,787.325,3799.338,69.594,28.223,27.713,8.588,0.0,0.0
591,1.0,9.0,0.0,3.0,4.0,0.0,971.922,3909.708,-2.574,28.283,28.208,8.583,0.0,0.0
592,1.0,9.0,0.0,4.0,5.0,0.0,1058.005,3911.695,-17.264,28.735,28.497,8.605,0.0,0.0
593,2.0,9.0,0.0,0.0,0.0,0.0,1573.294,3811.956,108.437,28.503,28.297,8.54,0.0,0.0
594,2.0,9.0,0.0,1.0,1.0,0.0,1684.821,3915.645,57.294,28.486,28.432,8.558,0.0,0.0
595,2.0,9.0,0.0,2.0,2.0,0.0,1227.561,4041.551,4.108,28.63,28.342,8.566,0.0,0.0
597,2.0,9.0,0.0,4.0,4.0,0.0,1403.728,4089.522,-43.085,28.358,28.244,8.51,0.0,0.0
599,3.0,9.0,0.0,1.0,1.0,0.0,2279.81,3822.086,21.772,28.563,28.134,8.526,0.0,0.0
600,3.0,9.0,0.0,2.0,2.0,0.0,2264.176,3868.895,43.97,28.639,28.372,8.484,0.0,0.0
603,3.0,9.0,0.0,5.0,5.0,0.0,1888.12,3922.627,73.321,27.934,27.807,8.469,0.0,0.0
604,3.0,9.0,0.0,6.0,6.0,0.0,1847.411,3981.719,95.376,27.996,27.861,8.487,0.0,0.0
605,3.0,9.0,0.0,7.0,7.0,0.0,2306.601,3984.832,1.291,28.743,28.579,8.53,0.0,0.0
608,4.0,9.0,0.0,1.0,2.0,0.0,2783.591,3820.064,71.338,27.917,27.798,8.465,0.0,0.0
609,4.0,9.0,0.0,2.0,3.0,0.0,2369.733,3836.617,74.964,28.745,28.541,8.613,0.0,0.0
610,4.0,9.0,0.0,3.0,4.0,0.0,2337.889,3868.04,-23.693,28.28,27.993,8.462,0.0,0.0
611,4.0,9.0,0.0,4.0,5.0,0.0,2346.289,3908.638,51.832,28.081,27.89,8.504,0.0,0.0
612,4.0,9.0,0.0,5.0,6.0,0.0,2596.384,3981.392,35.112,27.664,27.533,8.477,0.0,0.0
613,4.0,9.0,0.0,6.0,8.0,0.0,2751.795,4008.763,45.563,28.852,28.554,8.631,0.0,0.0
614,4.0,9.0,0.0,7.0,9.0,0.0,2658.036,4043.681,122.118,28.381,28.237,8.512,0.0,0.0
616,4.0,9.0,0.0,9.0,11.0,0.0,2643.233,4080.527,52.418,28.691,28.614,8.616,0.0,0.0
617,5.0,9.0,0.0,0.0,0.0,0.0,3269.858,3707.494,81.482,28.122,28.008,8.439,0.0,0.0
619,5.0,9.0,0.0,2.0,2.0,0.0,3097.13,3875.921,59.207,28.047,27.911,8.502,0.0,0.0
620,5.0,9.0,0.0,3.0,3.0,0.0,3268.949,3899.864,66.107,28.168,28.104,8.55,0.0,0.0
621,5.0,9.0,0.0,4.0,4.0,0.0,3241.811,3977.664,-14.489,28.172,28.082,8.547,0.0,0.0
622,5.0,9.0,0.0,5.0,5.0,0.0,2956.354,4024.512,10.567,28.746,28.616,8.625,0.0,0.0
623,6.0,9.0,0.0,0.0,0.0,0.0,3844.788,3805.089,43.07,28.402,28.292,8.524,0.0,0.0
624,6.0,9.0,0.0,1.0,1.0,0.0,3911.948,3928.149,69.886,28.347,28.211,9.093,0.0,0.0
625,6.0,9.0,0.0,2.0,1.0,0.0,3937.878,3921.694,-43.274,28.756,28.031,9.016,0.0,0.0
627,7.0,9.0,0.0,0.0,0.0,0.0,4460.04,3910.78,35.784,28.286,28.15,8.485,0.0,0.0
628,7.0,9.0,0.0,1.0,1.0,0.0,4211.215,3921.283,87.365,28.266,28.002,8.549,0.0,0.0
630,8.0,9.0,0.0,0.0,0.0,0.0,4652.695,3843.389,36.382,28.492,28.384,8.551,0.0,0.0
631,8.0,9.0,0.0,1.0,1.0,0.0,4772.383,3907.764,64.295,28.461,28.101,8.504,0.0,0.0
634,9.0,9.0,0.0,1.0,2.0,0.0,5219.393,3862.832,15.049,28.382,28.299,8.522,0.0,0.0
636,0.0,10.0,0.0,0.0,2.0,0.0,538.689,4119.49,-40.468,28.343,28.109,8.488,0.0,0.0
637,0.0,10.0,0.0,1.0,3.0,0.0,336.847,4191.843,77.234,28.277,28.09,8.564,0.0,0.0
638,0.0,10.0,0.0,2.0,4.0,0.0,355.008,4311.285,74.818,28.532,28.417,8.562,0.0,0.0
639,0.0,10.0,0.0,3.0,6.0,0.0,202.254,4381.91,62.496,28.425,28.096,8.498,0.0,0.0
640,0.0,10.0,0.0,4.0,7.0,0.0,56.049,4419.822,16.511,28.469,28.276,8.532,0.0,0.0
641,1.0,10.0,0.0,0.0,0.0,0.0,1056.26,4101.065,2.877,28.322,28.282,8.601,0.0,0.0
642,1.0,10.0,0.0,1.0,1.0,0.0,689.027,4157.086,41.165,28.07,27.766,8.484,0.0,0.0
643,1.0,10.0,0.0,2.0,2.0,0.0,1077.447,4200.808,61.028,28.422,28.291,8.527,0.0,0.0
644,1.0,10.0,0.0,3.0,4.0,0.0,601.548,4428.76,32.43,28.971,28.582,8.565,0.0,0.0
645,1.0,10.0,0.0,4.0,5.0,0.0,835.969,4445.552,64.712,28.337,28.151,8.583,0.0,0.0
646,2.0,10.0,0.0,0.0,1.0,0.0,1718.02,4179.112,78.366,29.052,28.398,9.814,0.0,0.0
647,2.0,10.0,0.0,1.0,1.0,0.0,1713.336,4160.786,99.922,28.429,28.191,9.963,0.0,0.0
649,2.0,10.0,0.0,3.0,4.0,0.0,1384.322,4393.384,53.953,28.126,27.974,8.524,0.0,0.0
650,2.0,10.0,0.0,4.0,5.0,0.0,1692.471,4478.591,18.445,29.239,29.042,8.673,0.0,0.0
651,2.0,10.0,0.0,5.0,6.0,0.0,1539.311,4491.205,75.628,28.807,28.7,8.558,0.0,0.0
652,2.0,10.0,0.0,6.0,7.0,0.0,1176.808,4491.228,34.973,28.685,28.229,8.557,0.0,0.0
653,3.0,10.0,0.0,0.0,0.0,0.0,1755.528,4164.528,38.876,28.07,27.979,8.516,0.0,0.0
654,3.0,10.0,0.0,1.0,3.0,0.0,2247.056,4204.641,58.199,28.249,27.94,8.448,0.0,0.0
657,3.0,10.0,0.0,4.0,5.0,0.0,1907.88,4221.964,32.455,28.001,27.852,8.486,0.0,0.0
658,3.0,10.0,0.0,5.0,6.0,0.0,1909.038,4411.384,89.685,28.691,28.387,8.495,0.0,0.0
659,3.0,10.0,0.0,6.0,7.0,0.0,2154.431,4455.534,-10.706,28.442,28.317,8.534,0.0,0.0
660,3.0,10.0,0.0,7.0,8.0,0.0,1793.955,4491.351,11.245,28.42,28.296,8.527,0.0,0.0
661,4.0,10.0,0.0,0.0,1.0,0.0,2687.6,4106.702,123.426,28.527,28.353,8.552,0.0,0.0
662,4.0,10.0,0.0,1.0,3.0,0.0,2473.137,4209.746,22.735,27.537,27.331,8.427,0.0,0.0
663,4.0,10.0,0.0,2.0,4.0,0.0,2829.876,4319.459,114.492,28.55,28.326,8.551,0.0,0.0
664,4.0,10.0,0.0,3.0,5.0,0.0,2368.611,4338.695,43.857,28.396,28.143,8.59,0.0,0.0
666,4.0,10.0,0.0,5.0,7.0,0.0,2518.004,4462.669,-43.472,28.334,27.952,8.462,0.0,0.0
670,5.0,10.0,0.0,2.0,2.0,0.0,3012.007,4159.636,45.524,28.199,27.878,8.431,0.0,0.0
671,5.0,10.0,0.0,3.0,3.0,0.0,3370.86,4180.252,125.333,28.603,28.431,8.575,0.0,0.0
672,5.0,10.0,0.0,4.0,4.0,0.0,2984.908,4186.175,44.024,28.019,27.838,8.487,0.0,0.0
674,5.0,10.0,0.0,6.0,8.0,0.0,3139.701,4356.134,91.978,28.205,28.054,8.548,0.0,0.0
675,5.0,10.0,0.0,7.0,9.0,0.0,3415.843,4393.683,-12.765,28.831,28.546,8.627,0.0,0.0
676,5.0,10.0,0.0,8.0,10.0,0.0,3086.28,4418.112,76.747,28.412,28.382,8.539,0.0,0.0
677,6.0,10.0,0.0,0.0,2.0,0.0,3873.718,4173.43,62.037,28.435,28.081,8.497,0.0,0.0
678,6.0,10.0,0.0,1.0,3.0,0.0,3481.811,4266.957,46.273,28.598,28.458,8.579,0.0,0.0
679,6.0,10.0,0.0,2.0,4.0,0.0,3686.653,4317.294,42.123,27.984,27.884,8.489,0.0,0.0
680,6.0,10.0,0.0,3.0,5.0,0.0,3700.496,4356.413,27.578,28.33,27.958,8.463,0.0,0.0
681,6.0,10.0,0.0,4.0,6.0,0.0,3644.479,4457.233,-39.548,28.283,28.178,8.489,0.0,0.0
683,7.0,10.0,0.0,0.0,0.0,0.0,4573.892,4100.537,-43.908,28.733,28.311,8.577,0.0,0.0
684,7.0,10.0,0.0,1.0,1.0,0.0,4402.371,4118.811,116.528,28.456,28.365,8.456,0.0,0.0
685,7.0,10.0,0.0,2.0,3.0,0.0,4353.94,4296.624,-20.806,28.252,27.91,8.534,0.0,0.0
687,8.0,10.0,0.0,0.0,0.0,0.0,4830.843,4150.958,114.611,28.504,26.824,8.596,0.0,0.0
689,8.0,10.0,0.0,2.0,1.0,0.0,4730.737,4143.279,49.81,28.058,27.635,8.462,0.0,0.0
690,8.0,10.0,0.0,3.0,3.0,0.0,5058.362,4176.394,83.827,28.392,28.112,8.585,0.0,0.0
692,8.0,10.0,0.0,5.0,5.0,0.0,5071.904,4288.173,130.143,28.397,28.372,8.448,0.0,0.0
693,8.0,10.0,0.0,6.0,6.0,0.0,4810.763,4309.042,131.405,27.643,27.536,8.475,0.0,0.0
695,8.0,10.0,0.0,8.0,8.0,0.0,5017.56,4406.756,38.805,28.327,28.241,8.505,0.0,0.0
697,9.0,10.0,0.0,1.0,2.0,0.0,5311.238,4182.471,75.417,28.309,28.106,8.482,0.0,0.0
700,9.0,10.0,0.0,4.0,5.0,0.0,5385.138,4269.045,75.357,27.901,27.749,8.456,0.0,0.0
702,0.0,11.0,0.0,0.0,0.0,0.0,50.697,4599.065,50.584,28.342,28.141,8.492,0.0,0.0
705,0.0,11.0,0.0,3.0,3.0,0.0,222.159,4789.05,72.63,27.981,27.842,8.482,0.0,0.0
707,0.0,11.0,0.0,5.0,5.0,0.0,277.653,4873.896,104.634,28.608,28.546,8.593,0.0,0.0
708,1.0,11.0,0.0,0.0,2.0,0.0,783.565,4617.207,42.486,27.889,27.808,8.463,0.0,0.0
709,1.0,11.0,0.0,1.0,3.0,0.0,1021.404,4720.815,27.573,28.476,28.306,8.537,0.0,0.0
710,1.0,11.0,0.0,2.0,4.0,0.0,1153.913,4769.175,130.065,28.395,28.35,8.532,0.0,0.0
711,1.0,11.0,0.0,3.0,5.0,0.0,922.343,4830.791,69.53,28.206,28.106,8.556,0.0,0.0
714,2.0,11.0,0.0,2.0,4.0,0.0,1325.108,4729.869,24.518,27.849,27.696,8.44,0.0,0.0
715,2.0,11.0,0.0,3.0,5.0,0.0,1307.034,4757.453,37.079,28.244,28.093,8.47,0.0,0.0
716,3.0,11.0,0.0,0.0,1.0,0.0,2153.331,4536.191,84.277,27.855,27.788,8.455,0.0,0.0
717,3.0,11.0,0.0,1.0,2.0,0.0,1970.937,4542.584,49.979,28.354,28.143,8.584,0.0,0.0
718,3.0,11.0,0.0,2.0,3.0,0.0,2099.716,4548.645,43.986,28.316,28.213,8.499,0.0,0.0
719,3.0,11.0,0.0,3.0,4.0,0.0,2021.428,4616.099,7.745,28.32,27.915,9.256,0.0,0.0
723,3.0,11.0,0.0,7.0,9.0,0.0,2210.993,4720.61,10.057,28.516,28.299,8.542,0.0,0.0
724,3.0,11.0,0.0,8.0,10.0,0.0,2185.722,4801.569,46.83,28.141,27.989,8.439,0.0,0.0
728,4.0,11.0,0.0,0.0,0.0,0.0,2532.968,4610.727,55.298,28.473,28.28,8.533,0.0,0.0
729,4.0,11.0,0.0,1.0,3.0,0.0,2613.077,4782.853,12.461,28.396,28.311,8.526,0.0,0.0
731,5.0,11.0,0.0,1.0,1.0,0.0,3365.597,4534.589,-30.151,28.282,28.166,8.487,0.0,0.0
732,5.0,11.0,0.0,2.0,2.0,0.0,3076.838,4552.822,66.883,28.131,27.792,8.496,0.0,0.0
733,5.0,11.0,0.0,3.0,3.0,0.0,2965.525,4646.869,22.108,27.889,27.74,8.453,0.0,0.0
734,5.0,11.0,0.0,4.0,4.0,0.0,3161.227,4653.865,-16.971,28.292,28.144,8.485,0.0,0.0
735,5.0,11.0,0.0,5.0,5.0,0.0,3457.824,4654.795,-22.638,28.077,27.874,8.502,0.0,0.0
736,5.0,11.0,0.0,6.0,6.0,0.0,3154.373,4823.011,56.063,28.347,28.235,8.507,0.0,0.0
737,5.0,11.0,0.0,7.0,7.0,0.0,3074.786,4840.049,26.495,28.073,27.828,8.494,0.0,0.0
738,5.0,11.0,0.0,8.0,9.0,0.0,3249.427,4891.52,78.28,28.979,28.602,8.568,0.0,0.0
740,6.0,11.0,0.0,1.0,2.0,0.0,3717.307,4516.494,68.209,28.325,28.094,8.483,0.0,0.0
741,6.0,11.0,0.0,2.0,3.0,0.0,4041.401,4544.087,14.987,28.729,28.444,8.596,0.0,0.0
742,6.0,11.0,0.0,3.0,4.0,0.0,3788.847,4553.029,90.724,28.429,28.36,8.538,0.0,0.0
743,6.0,11.0,0.0,4.0,5.0,0.0,3615.668,4625.698,43.623,28.387,28.098,8.492,0.0,0.0
745,6.0,11.0,0.0,6.0,8.0,0.0,3539.075,4816.509,110.718,28.512,28.347,8.549,0.0,0.0
748,7.0,11.0,0.0,0.0,1.0,0.0,4274.676,4530.906,51.692,28.434,28.306,8.531,0.0,0.0
749,7.0,11.0,0.0,1.0,3.0,0.0,4228.597,4654.05,15.003,27.883,27.816,8.463,0.0,0.0
750,7.0,11.0,0.0,2.0,4.0,0.0,4491.163,4661.742,71.186,28.334,28.276,8.512,0.0,0.0
751,8.0,11.0,0.0,0.0,1.0,0.0,5002.686,4672.46,113.725,28.475,28.406,8.552,0.0,0.0
752,8.0,11.0,0.0,1.0,3.0,0.0,4864.069,4812.515,84.664,28.134,28.089,8.543,0.0,0.0
753,9.0,11.0,0.0,0.0,0.0,0.0,5345.925,4576.697,46.083,28.119,27.966,8.522,0.0,0.0
754,9.0,11.0,0.0,1.0,1.0,0.0,5258.165,4607.435,30.185,28.365,28.191,8.503,0.0,0.0
755,9.0,11.0,0.0,2.0,2.0,0.0,5402.243,4659.852,52.835,28.095,27.664,8.385,0.0,0.0
756,9.0,11.0,0.0,3.0,3.0,0.0,5202.545,4688.309,18.847,27.865,27.715,8.445,0.0,0.0
757,9.0,11.0,0.0,4.0,4.0,0.0,5662.526,4722.219,9.66,28.452,28.344,8.539,0.0,0.0
758,9.0,11.0,0.0,5.0,5.0,0.0,5229.357,4843.428,89.503,28.863,28.533,8.541,0.0,0.0
759,9.0,11.0,0.0,6.0,6.0,0.0,5558.044,4855.979,30.977,28.562,28.37,8.472,0.0,0.0
763,0.0,12.0,0.0,3.0,4.0,0.0,253.841,5158.824,60.468,27.874,27.512,8.416,0.0,0.0
764,0.0,12.0,0.0,4.0,5.0,0.0,42.851,5165.652,57.781,28.233,27.918,8.531,0.0,0.0
768,1.0,12.0,0.0,0.0,0.0,0.0,606.843,4919.394,55.652,28.81,28.095,9.856,0.0,0.0
769,1.0,12.0,0.0,1.0,1.0,0.0,1123.48,4929.506,96.822,28.307,28.141,8.577,0.0,0.0
770,1.0,12.0,0.0,2.0,2.0,0.0,681.636,4940.39,81.173,28.118,27.961,8.521,0.0,0.0
772,1.0,12.0,0.0,4.0,6.0,0.0,714.234,4981.036,99.388,28.496,28.306,8.54,0.0,0.0
773,1.0,12.0,0.0,5.0,8.0,0.0,595.866,5236.388,-6.084,36.47,24.252,8.416,0.0,0.0
774,1.0,12.0,0.0,6.0,9.0,0.0,812.296,5312.406,5.021,28.491,28.389,8.552,0.0,0.0
775,2.0,12.0,0.0,0.0,0.0,0.0,1507.536,4917.974,60.741,28.145,28.021,8.534,0.0,0.0
776,2.0,12.0,0.0,1.0,1.0,0.0,1676.991,4947.977,-35.396,28.671,28.613,8.613,0.0,0.0
777,2.0,12.0,0.0,2.0,2.0,0.0,1621.243,4968.561,129.126,28.153,28.032,8.537,0.0,0.0
778,2.0,12.0,0.0,3.0,3.0,0.0,1176.025,4996.617,-6.705,28.066,27.938,8.51,0.0,0.0
780,2.0,12.0,0.0,5.0,5.0,0.0,1638.281,5070.299,104.553,28.408,28.338,8.532,0.0,0.0
781,2.0,12.0,0.0,6.0,6.0,0.0,1296.632,5228.378,90.203,28.253,28.234,8.493,0.0,0.0
785,3.0,12.0,0.0,1.0,1.0,0.0,2022.996,4924.675,82.639,28.491,28.191,8.522,0.0,0.0
786,3.0,12.0,0.0,2.0,2.0,0.0,1793.822,4949.146,39.761,27.926,27.701,8.452,0.0,0.0
787,3.0,12.0,0.0,3.0,3.0,0.0,1956.78,5152.985,28.419,27.951,27.849,9.965,0.0,0.0
789,3.0,12.0,0.0,5.0,5.0,0.0,2139.751,5197.415,54.228,28.722,28.217,9.145,0.0,0.0
790,3.0,12.0,0.0,6.0,5.0,0.0,2118.337,5183.533,46.759,28.783,28.217,9.152,0.0,0.0
791,3.0,12.0,0.0,7.0,6.0,0.0,2310.403,5212.397,52.443,28.767,28.578,8.622,0.0,0.0
792,3.0,12.0,0.0,8.0,7.0,0.0,1959.852,5233.652,-42.338,28.701,28.596,8.615,0.0,0.0
793,4.0,12.0,0.0,0.0,0.0,0.0,2782.184,4936.166,-37.101,28.654,28.511,8.595,0.0,0.0
795,4.0,12.0,0.0,2.0,3.0,0.0,2865.279,5039.358,106.239,28.672,28.642,8.617,0.0,0.0
796,4.0,12.0,0.0,3.0,5.0,0.0,2767.778,5223.91,29.168,28.949,28.622,8.656,0.0,0.0
797,4.0,12.0,0.0,4.0,6.0,0.0,2519.865,5267.08,78.533,28.704,28.568,8.611,0.0,0.0
798,4.0,12.0,0.0,5.0,7.0,0.0,2867.897,5287.699,48.576,28.998,28.983,9.105,0.0,0.0
802,5.0,12.0,0.0,3.0,4.0,0.0,3014.008,4953.231,31.117,28.121,27.906,8.513,0.0,0.0
803,5.0,12.0,0.0,4.0,5.0,0.0,3382.697,4967.43,119.97,28.195,28.141,8.47,0.0,0.0
804,5.0,12.0,0.0,5.0,6.0,0.0,2911.512,5023.062,36.693,28.826,28.732,8.654,0.0,0.0
805,5.0,12.0,0.0,6.0,7.0,0.0,2934.507,5058.086,31.746,28.382,28.106,8.583,0.0,0.0
806,6.0,12.0,0.0,0.0,0.0,0.0,3661.566,4911.799,-21.286,28.387,28.304,8.524,0.0,0.0
808,6.0,12.0,0.0,2.0,2.0,0.0,3549.348,4990.299,56.882,28.375,28.174,8.592,0.0,0.0
810,6.0,12.0,0.0,4.0,4.0,0.0,3842.131,5050.923,81.754,28.204,28.119,8.558,0.0,0.0
811,6.0,12.0,0.0,5.0,5.0,0.0,3675.888,5098.817,-11.759,28.425,28.352,8.537,0.0,0.0
812,6.0,12.0,0.0,6.0,6.0,0.0,3694.701,5153.49,100.42,28.5,27.481,8.415,0.0,0.0
814,7.0,12.0,0.0,0.0,0.0,0.0,4472.529,4971.143,133.109,28.386,28.3,8.523,0.0,0.0
815,7.0,12.0,0.0,1.0,2.0,0.0,4351.088,5043.077,47.718,27.978,27.835,8.48,0.0,0.0
816,7.0,12.0,0.0,2.0,3.0,0.0,4428.394,5148.129,-33.944,28.623,28.5,8.589,0.0,0.0
817,8.0,12.0,0.0,0.0,0.0,0.0,4699.792,5172.734,27.426,28.37,28.004,8.476,0.0,0.0
818,8.0,12.0,0.0,1.0,1.0,0.0,5117.976,5252.079,28.725,28.843,28.557,8.63,0.0,0.0
819,9.0,12.0,0.0,0.0,0.0,0.0,5577.878,5004.865,67.26,27.582,24.924,7.982,0.0,0.0
820,9.0,12.0,0.0,1.0,3.0,0.0,5237.464,5139.6,28.346,28.352,28.231,8.507,0.0,0.0
821,9.0,12.0,0.0,2.0,4.0,0.0,5263.111,5154.052,35.659,28.445,28.285,8.529,0.0,0.0
824,0.0,0.0,0.0,0.0,0.0,0.0,562.747,11.074,-9.584,29.692,28.615,24.83,4.0,
826,0.0,2.0,0.0,0.0,0.0,0.0,376.586,1221.889,75.894,28.079,27.914,23.805,4.0,
828,0.0,4.0,0.0,0.0,0.0,0.0,367.606,1726.055,111.11,27.941,26.897,23.355,4.0,
829,0.0,4.0,0.0,0.0,0.0,0.0,355.64,1716.069,44.477,30.095,28.041,24.48,4.0,
831,0.0,6.0,0.0,0.0,0.0,0.0,553.295,2675.456,45.608,28.423,27.81,23.933,4.0,
832,0.0,6.0,0.0,0.0,0.0,0.0,533.542,2697.067,83.999,28.452,28.064,24.025,4.0,
833,0.0,9.0,0.0,0.0,0.0,0.0,208.598,3995.96,5.983,28.567,28.445,24.247,4.0,
834,0.0,11.0,0.0,0.0,0.0,0.0,402.777,4673.128,-5.311,27.604,27.457,23.427,4.0,
835,2.0,2.0,0.0,0.0,0.0,0.0,1426.572,1054.994,-33.282,28.142,27.236,23.637,4.0,
836,2.0,2.0,0.0,0.0,0.0,0.0,1424.904,1051.613,68.386,28.959,27.801,23.99,4.0,
837,4.0,0.0,0.0,0.0,0.0,0.0,2406.805,41.272,-9.243,29.011,28.239,22.546,4.0,
838,4.0,3.0,0.0,0.0,0.0,0.0,2448.393,1344.727,15.314,27.712,25.962,22.972,4.0,
839,4.0,3.0,0.0,0.0,0.0,0.0,2450.645,1338.324,102.636,29.986,27.869,24.271,4.0,
841,4.0,10.0,0.0,0.0,0.0,0.0,2322.964,4203.156,39.008,28.009,26.888,23.265,4.0,
842,5.0,7.0,0.0,0.0,0.0,0.0,2966.39,3135.692,-26.945,27.882,27.349,23.513,4.0,
843,5.0,7.0,0.0,0.0,0.0,0.0,2958.365,3130.129,66.128,28.537,28.182,24.093,4.0,
844,6.0,12.0,0.0,0.0,0.0,0.0,3879.376,4923.562,65.292,28.298,27.909,23.925,4.0,
845,6.0,12.0,0.0,0.0,0.0,0.0,3873.196,4932.668,17.026,28.697,27.833,24.103,4.0,
47,7.0,0.0,0.0,7.0,12.0,0.0,4475.434,398.889,-15.89,28.066,27.585,8.366,0.0,0.0
847,7.0,4.0,0.0,0.0,0.0,0.0,4345.544,1761.137,117.868,29.151,27.905,24.162,4.0,
379,8.0,5.0,0.0,0.0,2.0,0.0,5151.543,2294.645,47.819,28.54,28.457,8.57,0.0,0.0
848,7.0,7.0,0.0,0.0,0.0,0.0,4092.746,3151.026,45.587,28.831,28.028,24.264,4.0,
849,7.0,8.0,0.0,0.0,0.0,0.0,4224.388,3431.992,0.505,28.355,27.971,22.164,4.0,
850,7.0,8.0,0.0,0.0,0.0,0.0,4210.896,3408.497,16.688,28.644,27.684,24.015,4.0,
59,9.0,0.0,0.0,3.0,2.0,0.0,5211.141,41.39,73.955,28.473,28.261,8.53,0.0,0.0
852,9.0,1.0,0.0,0.0,0.0,0.0,5491.501,602.718,9.321,28.386,28.081,24.018,4.0,
854,9.0,5.0,0.0,0.0,0.0,0.0,5446.419,2074.351,70.23,28.352,27.76,23.868,4.0,
855,9.0,9.0,0.0,0.0,0.0,0.0,5625.457,3730.618,48.612,28.623,26.921,23.699,4.0,
857,9.0,12.0,0.0,0.0,0.0,0.0,5302.896,5055.526,37.416,29.005,27.756,24.044,4.0,
</ResultDatas>,,,,,,,,,,,,,,
<ElementResult>,,,,,,,,,,,,,,
0,0.0,,,,,,,,,,,,,
1,1.0,,,,,,,,,,,,,
2,1.0,,,,,,,,,,,,,
3,1.0,,,,,,,,,,,,,
4,1.0,,,,,,,,,,,,,
5,591.0,,,,,,,,,,,,,
</ElementResult>,,,,,,,,,,,,,,
0,0.0,0.0,0.0,0.0,0.0,0.0,368.748,23.482,-44.353,28.085,27.949,8.514,0.0,0.0
1,0.0,0.0,0.0,1.0,1.0,0.0,268.392,66.202,87.298,28.351,28.243,8.599,0.0,0.0
2,0.0,0.0,0.0,2.0,2.0,0.0,59.891,99.455,22.817,28.28,27.978,8.548,0.0,0.0
3,0.0,0.0,0.0,3.0,5.0,0.0,116.201,166.187,7.704,27.863,27.697,8.442,0.0,0.0
4,0.0,0.0,0.0,4.0,8.0,0.0,170.526,302.271,79.314,28.234,28.026,8.548,0.0,0.0
5,0.0,0.0,0.0,5.0,9.0,0.0,36.253,342.432,78.809,28.836,28.704,8.563,0.0,0.0
6,1.0,0.0,0.0,0.0,0.0,0.0,644.584,26.958,85.253,28.852,28.148,8.57,0.0,0.0
7,1.0,0.0,0.0,1.0,1.0,0.0,1031.186,29.112,-12.113,27.96,27.907,8.489,0.0,0.0
8,1.0,0.0,0.0,2.0,2.0,0.0,903.084,61.374,39.817,28.244,28.157,8.57,0.0,0.0
9,1.0,0.0,0.0,3.0,3.0,0.0,771.704,68.325,46.762,28.464,28.165,8.515,0.0,0.0
11,1.0,0.0,0.0,5.0,6.0,0.0,660.756,149.05,82.882,28.234,28.196,8.484,0.0,0.0
12,1.0,0.0,0.0,6.0,7.0,0.0,837.727,153.8,56.774,28.677,28.391,8.493,0.0,0.0
13,1.0,0.0,0.0,7.0,8.0,0.0,601.935,290.478,32.562,28.519,28.499,8.573,0.0,0.0
14,1.0,0.0,0.0,8.0,9.0,0.0,658.412,317.743,132.487,28.517,28.475,9.506,0.0,0.0
15,1.0,0.0,0.0,9.0,11.0,0.0,1146.939,335.46,-28.586,29.64,29.322,8.686,0.0,0.0
17,1.0,0.0,0.0,11.0,13.0,0.0,1056.02,404.031,21.73,29.273,28.836,9.223,0.0,0.0
18,2.0,0.0,0.0,0.0,1.0,0.0,1440.707,280.486,82.214,28.715,28.543,8.608,0.0,0.0
19,2.0,0.0,0.0,1.0,2.0,0.0,1172.296,313.491,-44.609,28.477,26.949,8.62,0.0,0.0
20,2.0,0.0,0.0,2.0,3.0,0.0,1250.345,318.787,69.209,28.246,28.144,8.478,0.0,0.0
21,3.0,0.0,0.0,0.0,0.0,0.0,2041.57,48.789,34.037,28.398,28.215,8.512,0.0,0.0
22,3.0,0.0,0.0,1.0,1.0,0.0,2204.105,144.118,71.327,28.629,28.54,8.595,0.0,0.0
23,3.0,0.0,0.0,2.0,2.0,0.0,2173.512,249.36,74.064,28.381,28.195,8.506,0.0,0.0
24,3.0,0.0,0.0,3.0,3.0,0.0,2316.223,305.62,91.886,29.727,25.833,8.253,0.0,0.0
25,3.0,0.0,0.0,4.0,5.0,0.0,1776.321,366.101,36.387,28.726,28.534,8.609,0.0,0.0
26,3.0,0.0,0.0,5.0,6.0,0.0,2017.39,383.663,131.531,28.977,28.555,8.477,0.0,0.0
27,4.0,0.0,0.0,0.0,2.0,0.0,2340.455,88.034,28.556,28.351,28.097,8.487,0.0,0.0
28,4.0,0.0,0.0,1.0,4.0,0.0,2641.655,186.513,23.153,28.396,28.333,8.62,0.0,0.0
29,4.0,0.0,0.0,2.0,5.0,0.0,2745.534,191.695,2.399,28.476,28.106,8.598,0.0,0.0
30,4.0,0.0,0.0,3.0,7.0,0.0,2451.489,229.944,5.327,28.23,28.098,8.559,0.0,0.0
31,4.0,0.0,0.0,4.0,9.0,0.0,2442.438,343.112,41.862,28.389,28.21,8.51,0.0,0.0
32,5.0,0.0,0.0,0.0,0.0,0.0,3344.5,108.634,124.943,28.76,28.584,8.622,0.0,0.0
33,5.0,0.0,0.0,1.0,2.0,0.0,3259.886,184.073,-32.519,28.287,28.133,8.483,0.0,0.0
35,5.0,0.0,0.0,3.0,4.0,0.0,3204.543,234.43,69.637,28.338,28.231,8.505,0.0,0.0
36,5.0,0.0,0.0,4.0,7.0,0.0,3418.996,351.674,21.442,29.335,29.06,8.69,0.0,0.0
38,6.0,0.0,0.0,0.0,1.0,0.0,3531.387,257.142,84.279,28.549,28.405,8.563,0.0,0.0
40,6.0,0.0,0.0,2.0,3.0,0.0,3987.185,319.257,86.916,29.227,29.11,8.681,0.0,0.0
41,6.0,0.0,0.0,3.0,4.0,0.0,3894.161,321.519,76.251,28.366,28.215,8.507,0.0,0.0
42,7.0,0.0,0.0,0.0,0.0,0.0,4123.033,24.269,26.952,28.066,27.971,8.515,0.0,0.0
43,7.0,0.0,0.0,1.0,2.0,0.0,4095.179,33.635,41.617,28.273,28.124,8.479,0.0,0.0
45,7.0,0.0,0.0,3.0,4.0,0.0,4533.147,161.555,35.849,28.486,28.338,8.544,0.0,0.0
47,7.0,0.0,0.0,5.0,6.0,0.0,4455.601,357.089,-34.151,29.187,28.495,8.499,0.0,0.0
48,7.0,0.0,0.0,6.0,7.0,0.0,4059.309,407.92,19.513,29.289,29.026,8.591,0.0,0.0
50,8.0,0.0,0.0,1.0,2.0,0.0,4709.991,285.32,58.334,28.614,28.55,8.595,0.0,0.0
51,8.0,0.0,0.0,2.0,3.0,0.0,4710.434,416.597,34.053,29.058,28.964,8.634,0.0,0.0
52,9.0,0.0,0.0,0.0,1.0,0.0,5269.954,60.53,29.945,28.295,28.106,8.48,0.0,0.0
55,9.0,0.0,0.0,3.0,4.0,0.0,5482.364,391.893,107.935,28.348,28.2,8.502,0.0,0.0
56,0.0,1.0,0.0,0.0,0.0,0.0,519.495,432.429,-13.042,28.666,28.233,8.555,0.0,0.0
57,0.0,1.0,0.0,1.0,5.0,0.0,256.253,730.79,80.901,28.113,27.977,8.522,0.0,0.0
58,0.0,1.0,0.0,2.0,6.0,0.0,515.715,745.32,36.588,29.615,29.536,8.714,0.0,0.0
59,0.0,1.0,0.0,3.0,7.0,0.0,477.195,784.439,-21.358,29.075,28.495,9.034,0.0,0.0
61,1.0,1.0,0.0,1.0,2.0,0.0,889.272,574.846,92.649,27.969,27.758,8.467,0.0,0.0
64,1.0,1.0,0.0,4.0,4.0,0.0,855.932,637.219,67.171,28.448,28.217,8.519,0.0,0.0
65,1.0,1.0,0.0,5.0,5.0,0.0,1030.975,682.767,40.346,28.489,28.419,8.556,0.0,0.0
66,1.0,1.0,0.0,6.0,6.0,0.0,1151.251,781.769,27.003,29.689,29.091,8.743,0.0,0.0
67,2.0,1.0,0.0,0.0,0.0,0.0,1573.609,451.469,90.988,28.295,28.16,8.488,0.0,0.0
68,2.0,1.0,0.0,1.0,1.0,0.0,1337.677,562.031,104.507,28.438,28.399,8.546,0.0,0.0
69,2.0,1.0,0.0,2.0,3.0,0.0,1224.231,634.549,2.512,28.38,28.067,8.487,0.0,0.0
70,2.0,1.0,0.0,3.0,4.0,0.0,1315.404,693.598,-35.162,28.103,27.934,8.514,0.0,0.0
71,2.0,1.0,0.0,4.0,5.0,0.0,1619.416,730.388,-19.701,28.503,28.452,8.563,0.0,0.0
72,2.0,1.0,0.0,5.0,6.0,0.0,1427.34,779.178,15.347,28.465,28.248,8.527,0.0,0.0
73,4.0,1.0,0.0,0.0,0.0,0.0,2596.792,438.773,92.259,28.306,28.222,8.589,0.0,0.0
74,4.0,1.0,0.0,1.0,1.0,0.0,2644.032,447.308,67.76,28.463,28.274,8.53,0.0,0.0
77,5.0,1.0,0.0,0.0,1.0,0.0,3040.83,444.486,89.244,28.91,28.784,8.585,0.0,0.0
79,5.0,1.0,0.0,2.0,3.0,0.0,3275.388,483.278,62.709,28.496,28.387,8.552,0.0,0.0
80,5.0,1.0,0.0,3.0,4.0,0.0,2948.123,506.63,52.56,28.509,28.232,8.531,0.0,0.0
81,5.0,1.0,0.0,4.0,5.0,0.0,3283.384,550.729,59.313,28.355,28.238,8.599,0.0,0.0
86,5.0,1.0,0.0,9.0,11.0,0.0,3282.932,725.661,-21.491,28.871,28.818,8.585,0.0,0.0
88,6.0,1.0,0.0,0.0,1.0,0.0,3821.403,504.939,84.094,28.309,28.211,8.498,0.0,0.0
89,6.0,1.0,0.0,1.0,2.0,0.0,3713.018,565.429,118.625,28.339,28.202,8.501,0.0,0.0
93,6.0,1.0,0.0,5.0,6.0,0.0,3814.993,789.002,128.529,28.37,28.31,8.522,0.0,0.0
94,6.0,1.0,0.0,6.0,7.0,0.0,3758.123,822.214,102.221,29.4,28.796,8.572,0.0,0.0
95,7.0,1.0,0.0,0.0,1.0,0.0,4091.736,548.01,18.843,28.325,28.283,8.511,0.0,0.0
96,7.0,1.0,0.0,1.0,2.0,0.0,4526.687,550.335,11.829,28.411,28.269,8.522,0.0,0.0
98,7.0,1.0,0.0,3.0,4.0,0.0,4351.238,615.027,-4.423,28.503,28.467,8.566,0.0,0.0
100,7.0,1.0,0.0,5.0,6.0,0.0,4514.435,664.441,71.722,28.687,28.616,8.527,0.0,0.0
101,7.0,1.0,0.0,6.0,7.0,0.0,4608.823,686.451,95.305,29.164,28.86,8.634,0.0,0.0
103,7.0,1.0,0.0,8.0,9.0,0.0,4372.189,711.937,133.898,28.617,28.411,8.574,0.0,0.0
104,7.0,1.0,0.0,9.0,10.0,0.0,4098.887,739.748,88.86,28.826,28.597,8.633,0.0,0.0
105,7.0,1.0,0.0,10.0,11.0,0.0,4351.604,747.617,56.803,28.407,28.316,8.529,0.0,0.0
106,7.0,1.0,0.0,11.0,12.0,0.0,4182.902,780.229,4.022,29.056,28.901,8.625,0.0,0.0
107,7.0,1.0,0.0,12.0,13.0,0.0,4131.939,791.534,-5.372,28.625,28.33,8.564,0.0,0.0
108,7.0,1.0,0.0,13.0,14.0,0.0,4214.696,798.145,21.073,29.02,28.79,8.603,0.0,0.0
109,8.0,1.0,0.0,0.0,1.0,0.0,5091.29,552.798,105.084,28.608,28.446,8.578,0.0,0.0
110,8.0,1.0,0.0,1.0,2.0,0.0,4801.584,559.793,50.581,28.234,28.14,8.476,0.0,0.0
112,8.0,1.0,0.0,3.0,5.0,0.0,4768.054,742.301,101.586,28.242,28.151,8.568,0.0,0.0
113,9.0,1.0,0.0,0.0,0.0,0.0,5543.885,435.364,58.423,28.592,28.482,8.581,0.0,0.0
114,9.0,1.0,0.0,1.0,1.0,0.0,5605.682,435.232,63.777,28.672,28.555,8.516,0.0,0.0
115,9.0,1.0,0.0,2.0,3.0,0.0,5743.881,464.368,14.085,28.622,28.551,8.596,0.0,0.0
116,9.0,1.0,0.0,3.0,5.0,0.0,5255.883,672.252,52.127,28.394,28.217,8.512,0.0,0.0
117,9.0,1.0,0.0,4.0,6.0,0.0,5512.513,740.926,80.891,28.621,28.47,8.584,0.0,0.0
118,9.0,1.0,0.0,5.0,7.0,0.0,5493.252,802.417,69.628,28.806,28.751,8.565,0.0,0.0
119,9.0,1.0,0.0,6.0,8.0,0.0,5343.396,817.93,42.26,28.335,28.254,8.508,0.0,0.0
120,0.0,2.0,0.0,0.0,0.0,0.0,41.394,848.413,20.496,28.315,28.016,8.469,0.0,0.0
121,0.0,2.0,0.0,1.0,1.0,0.0,90.806,883.019,31.799,28.29,28.019,8.556,0.0,0.0
122,0.0,2.0,0.0,2.0,2.0,0.0,396.343,916.873,1.761,28.331,28.238,8.596,0.0,0.0
123,0.0,2.0,0.0,3.0,3.0,0.0,222.217,991.895,13.424,28.201,28.087,8.463,0.0,0.0
124,0.0,2.0,0.0,4.0,4.0,0.0,199.257,1057.994,24.412,28.442,28.183,8.604,0.0,0.0
125,0.0,2.0,0.0,5.0,5.0,0.0,193.719,1132.56,89.283,28.868,28.807,8.583,0.0,0.0
126,0.0,2.0,0.0,6.0,6.0,0.0,62.008,1142.564,-17.803,28.585,28.429,8.572,0.0,0.0
129,1.0,2.0,0.0,0.0,1.0,0.0,1031.165,860.057,16.402,28.291,28.123,8.482,0.0,0.0
130,1.0,2.0,0.0,1.0,2.0,0.0,685.312,1030.855,-17.537,28.262,28.217,8.582,0.0,0.0
131,1.0,2.0,0.0,2.0,3.0,0.0,1080.066,1034.328,0.191,28.672,28.55,8.604,0.0,0.0
135,1.0,2.0,0.0,6.0,7.0,0.0,1139.303,1146.315,30.738,29.39,28.981,8.6,0.0,0.0
136,1.0,2.0,0.0,7.0,8.0,0.0,945.786,1155.29,67.185,28.704,28.581,8.613,0.0,0.0
137,1.0,2.0,0.0,8.0,9.0,0.0,754.145,1235.225,-0.594,29.641,27.319,8.474,0.0,0.0
138,2.0,2.0,0.0,0.0,0.0,0.0,1396.824,832.477,92.247,28.265,28.189,8.578,0.0,0.0
139,2.0,2.0,0.0,1.0,1.0,0.0,1188.408,957.754,52.459,28.191,28.122,8.556,0.0,0.0
141,2.0,2.0,0.0,3.0,4.0,0.0,1683.13,1034.162,35.967,28.752,28.566,8.618,0.0,0.0
142,2.0,2.0,0.0,4.0,5.0,0.0,1602.664,1040.7,65.111,28.584,28.488,8.581,0.0,0.0
144,3.0,2.0,0.0,0.0,0.0,0.0,1977.275,838.714,85.133,28.471,28.35,8.543,0.0,0.0
145,3.0,2.0,0.0,1.0,1.0,0.0,2312.84,850.28,-40.382,29.106,28.905,8.632,0.0,0.0
146,3.0,2.0,0.0,2.0,2.0,0.0,2291.112,900.062,126.374,29.087,28.973,8.64,0.0,0.0
147,3.0,2.0,0.0,3.0,3.0,0.0,1833.842,903.317,-7.441,28.485,28.4,8.553,0.0,0.0
149,3.0,2.0,0.0,5.0,5.0,0.0,2014.114,942.196,-14.802,28.469,28.401,8.55,0.0,0.0
150,3.0,2.0,0.0,6.0,6.0,0.0,2036.424,1030.649,60.359,28.445,28.215,8.519,0.0,0.0
151,3.0,2.0,0.0,7.0,7.0,0.0,2258.293,1094.312,122.689,28.651,28.615,8.61,0.0,0.0
152,3.0,2.0,0.0,8.0,8.0,0.0,2145.626,1114.606,-12.982,28.818,28.728,8.652,0.0,0.0
154,4.0,2.0,0.0,0.0,1.0,0.0,2527.853,955.542,21.847,28.5,28.405,8.556,0.0,0.0
155,4.0,2.0,0.0,1.0,2.0,0.0,2475.244,964.283,5.974,28.547,28.385,8.56,0.0,0.0
156,4.0,2.0,0.0,2.0,3.0,0.0,2432.702,1000.638,19.089,28.533,28.436,8.565,0.0,0.0
158,4.0,2.0,0.0,4.0,5.0,0.0,2583.02,1027.429,76.821,28.402,28.329,8.53,0.0,0.0
159,4.0,2.0,0.0,5.0,7.0,0.0,2553.706,1092.278,44.806,28.437,28.324,8.534,0.0,0.0
160,4.0,2.0,0.0,6.0,9.0,0.0,2762.145,1222.579,76.061,28.942,28.722,8.581,0.0,0.0
161,5.0,2.0,0.0,0.0,0.0,0.0,3058.571,1047.756,0.507,28.37,28.138,8.496,0.0,0.0
162,5.0,2.0,0.0,1.0,1.0,0.0,3369.487,1061.704,107.29,28.93,28.913,8.608,0.0,0.0
163,5.0,2.0,0.0,2.0,2.0,0.0,3369.694,1098.94,-6.899,28.75,28.701,8.638,0.0,0.0
165,6.0,2.0,0.0,1.0,2.0,0.0,3586.584,916.534,45.11,28.157,28.025,8.536,0.0,0.0
166,6.0,2.0,0.0,2.0,3.0,0.0,3900.863,1009.718,-35.521,28.412,28.204,8.513,0.0,0.0
167,6.0,2.0,0.0,3.0,4.0,0.0,3790.66,1025.732,85.501,28.393,28.342,8.53,0.0,0.0
168,6.0,2.0,0.0,4.0,5.0,0.0,3916.856,1098.28,-17.786,28.376,28.193,8.505,0.0,0.0
169,6.0,2.0,0.0,5.0,6.0,0.0,3565.402,1103.018,44.678,28.546,28.388,8.56,0.0,0.0
171,7.0,2.0,0.0,0.0,0.0,0.0,4290.352,843.377,97.368,27.969,27.749,8.466,0.0,0.0
172,7.0,2.0,0.0,1.0,1.0,0.0,4570.117,872.454,11.206,28.541,28.412,8.563,0.0,0.0
173,7.0,2.0,0.0,2.0,2.0,0.0,4595.335,1026.207,80.947,28.506,28.407,8.557,0.0,0.0
174,7.0,2.0,0.0,3.0,3.0,0.0,4402.369,1082.07,-39.811,28.319,28.175,8.494,0.0,0.0
175,7.0,2.0,0.0,4.0,4.0,0.0,4425.047,1111.012,70.446,28.334,28.249,8.507,0.0,0.0
176,7.0,2.0,0.0,5.0,5.0,0.0,4133.415,1195.799,-31.319,29.071,28.88,8.624,0.0,0.0
177,7.0,2.0,0.0,6.0,6.0,0.0,4542.796,1207.287,-20.838,29.018,28.823,8.608,0.0,0.0
178,7.0,2.0,0.0,7.0,7.0,0.0,4338.16,1211.555,71.375,29.032,28.984,8.633,0.0,0.0
180,8.0,2.0,0.0,1.0,2.0,0.0,4898.118,912.607,43.946,28.319,28.217,8.5,0.0,0.0
181,8.0,2.0,0.0,2.0,4.0,0.0,5091.621,1042.493,6.496,28.683,28.389,8.581,0.0,0.0
182,9.0,2.0,0.0,0.0,2.0,0.0,5638.457,920.81,-39.981,28.822,28.562,8.628,0.0,0.0
183,9.0,2.0,0.0,1.0,3.0,0.0,5317.378,1101.803,30.711,28.459,28.246,8.526,0.0,0.0
185,9.0,2.0,0.0,3.0,5.0,0.0,5757.785,1147.783,-6.925,29.241,29.094,8.593,0.0,0.0
186,9.0,2.0,0.0,4.0,6.0,0.0,5226.275,1226.323,3.446,29.178,28.753,8.621,0.0,0.0
187,0.0,3.0,0.0,0.0,0.0,0.0,343.286,1255.367,-32.677,28.622,28.465,8.583,0.0,0.0
188,0.0,3.0,0.0,1.0,1.0,0.0,179.803,1266.127,68.363,28.274,28.2,8.491,0.0,0.0
190,0.0,3.0,0.0,3.0,3.0,0.0,557.273,1341.284,56.518,28.741,28.649,8.629,0.0,0.0
192,0.0,3.0,0.0,5.0,5.0,0.0,373.465,1427.608,95.349,28.266,28.121,8.567,0.0,0.0
193,0.0,3.0,0.0,6.0,6.0,0.0,291.348,1432.126,113.393,27.909,27.825,8.468,0.0,0.0
195,0.0,3.0,0.0,8.0,8.0,0.0,70.374,1482.591,17.574,28.493,28.284,8.537,0.0,0.0
196,0.0,3.0,0.0,9.0,9.0,0.0,425.966,1520.645,33.847,28.848,28.628,8.642,0.0,0.0
197,0.0,3.0,0.0,10.0,10.0,0.0,311.537,1615.41,89.929,28.554,28.463,8.573,0.0,0.0
200,1.0,3.0,0.0,1.0,2.0,0.0,1114.883,1438.758,87.793,28.743,28.674,8.633,0.0,0.0
201,1.0,3.0,0.0,2.0,3.0,0.0,1036.945,1489.455,91.796,28.666,28.585,8.608,0.0,0.0
202,1.0,3.0,0.0,3.0,4.0,0.0,765.276,1616.609,15.328,28.718,28.563,8.613,0.0,0.0
204,2.0,3.0,0.0,1.0,2.0,0.0,1268.405,1332.24,41.613,28.092,27.813,8.494,0.0,0.0
205,2.0,3.0,0.0,2.0,3.0,0.0,1291.317,1419.423,25.943,28.135,27.974,8.525,0.0,0.0
206,2.0,3.0,0.0,3.0,4.0,0.0,1268.119,1490.707,54.35,28.401,28.352,8.533,0.0,0.0
207,3.0,3.0,0.0,0.0,0.0,0.0,2083.321,1259.946,98.261,28.086,27.978,8.519,0.0,0.0
208,3.0,3.0,0.0,1.0,2.0,0.0,1825.803,1376.159,22.834,28.64,28.394,8.575,0.0,0.0
209,3.0,3.0,0.0,2.0,3.0,0.0,1908.982,1432.661,51.21,28.399,28.341,8.531,0.0,0.0
210,3.0,3.0,0.0,3.0,4.0,0.0,1811.839,1464.457,65.85,28.45,28.3,8.532,0.0,0.0
211,3.0,3.0,0.0,4.0,5.0,0.0,1978.122,1512.525,73.852,27.775,27.605,8.414,0.0,0.0
212,3.0,3.0,0.0,5.0,6.0,0.0,2296.794,1523.906,106.254,28.856,28.671,8.561,0.0,0.0
213,3.0,3.0,0.0,6.0,7.0,0.0,1770.535,1587.034,-27.612,28.519,28.417,8.561,0.0,0.0
216,4.0,3.0,0.0,1.0,2.0,0.0,2485.056,1522.719,2.72,28.143,28.003,8.531,0.0,0.0
218,4.0,3.0,0.0,3.0,5.0,0.0,2594.35,1564.046,-42.77,28.567,28.41,8.567,0.0,0.0
219,4.0,3.0,0.0,4.0,6.0,0.0,2396.511,1621.271,-0.701,28.686,28.544,8.516,0.0,0.0
220,5.0,3.0,0.0,0.0,1.0,0.0,3038.386,1584.972,103.012,28.754,28.633,8.54,0.0,0.0
221,5.0,3.0,0.0,1.0,2.0,0.0,3122.139,1616.05,42.4,28.645,28.55,8.599,0.0,0.0
223,6.0,3.0,0.0,1.0,1.0,0.0,3903.31,1357.17,58.023,28.172,28.115,8.552,0.0,0.0
226,6.0,3.0,0.0,4.0,3.0,0.0,3934.757,1414.537,116.74,28.465,28.349,8.542,0.0,0.0
227,6.0,3.0,0.0,5.0,4.0,0.0,3977.528,1460.432,118.588,28.521,28.416,8.561,0.0,0.0
228,6.0,3.0,0.0,6.0,5.0,0.0,3607.579,1471.698,-28.484,28.185,28.038,8.543,0.0,0.0
230,7.0,3.0,0.0,0.0,0.0,0.0,4141.985,1249.072,-41.115,28.431,28.171,8.511,0.0,0.0
231,7.0,3.0,0.0,1.0,1.0,0.0,4170.117,1261.134,46.176,28.252,27.968,8.542,0.0,0.0
232,7.0,3.0,0.0,2.0,2.0,0.0,4296.83,1321.57,75.527,28.369,28.275,8.516,0.0,0.0
233,7.0,3.0,0.0,3.0,3.0,0.0,4567.599,1333.358,14.825,29.152,29.03,8.658,0.0,0.0
234,7.0,3.0,0.0,4.0,4.0,0.0,4351.936,1333.52,84.034,28.512,28.367,8.552,0.0,0.0
235,7.0,3.0,0.0,5.0,5.0,0.0,4081.283,1357.921,47.402,28.469,28.219,8.523,0.0,0.0
236,7.0,3.0,0.0,6.0,6.0,0.0,4534.776,1414.149,106.34,28.838,28.75,8.658,0.0,0.0
237,7.0,3.0,0.0,7.0,7.0,0.0,4227.934,1448.501,92.509,28.268,28.09,8.474,0.0,0.0
238,7.0,3.0,0.0,8.0,8.0,0.0,4156.334,1462.042,25.839,28.42,28.204,8.514,0.0,0.0
239,7.0,3.0,0.0,9.0,9.0,0.0,4487.927,1500.266,6.329,28.322,28.247,8.505,0.0,0.0
242,7.0,3.0,0.0,12.0,13.0,0.0,4249.811,1641.96,3.924,28.774,28.612,8.54,0.0,0.0
243,8.0,3.0,0.0,0.0,0.0,0.0,5098.854,1396.016,80.933,28.784,28.672,8.638,0.0,0.0
244,8.0,3.0,0.0,1.0,1.0,0.0,4747.26,1414.022,79.197,28.09,27.979,8.519,0.0,0.0
245,8.0,3.0,0.0,2.0,2.0,0.0,4970.63,1458.447,56.927,28.658,28.593,8.608,0.0,0.0
246,8.0,3.0,0.0,3.0,3.0,0.0,4815.0,1538.742,87.001,28.553,28.305,8.548,0.0,0.0
247,8.0,3.0,0.0,4.0,4.0,0.0,5053.882,1555.158,42.97,28.489,28.325,8.542,0.0,0.0
248,8.0,3.0,0.0,5.0,5.0,0.0,4819.202,1603.208,-23.963,28.938,28.517,8.551,0.0,0.0
250,8.0,3.0,0.0,7.0,7.0,0.0,5105.94,1614.16,10.403,29.418,29.051,8.614,0.0,0.0
251,8.0,3.0,0.0,8.0,8.0,0.0,4956.464,1628.668,-17.23,28.988,28.555,8.564,0.0,0.0
252,8.0,3.0,0.0,9.0,9.0,0.0,4994.281,1643.502,-1.432,29.697,26.97,8.183,0.0,0.0
253,9.0,3.0,0.0,0.0,1.0,0.0,5458.189,1451.147,45.434,28.369,28.102,8.58,0.0,0.0
254,9.0,3.0,0.0,1.0,2.0,0.0,5611.991,1484.392,20.012,28.53,28.139,8.52,0.0,0.0
255,9.0,3.0,0.0,2.0,3.0,0.0,5452.892,1616.242,43.245,28.487,28.388,8.551,0.0,0.0
256,0.0,4.0,0.0,0.0,0.0,0.0,209.982,1649.998,94.58,28.584,28.372,8.563,0.0,0.0
259,0.0,4.0,0.0,3.0,3.0,0.0,513.386,1857.221,53.956,28.486,28.367,8.548,0.0,0.0
261,0.0,4.0,0.0,5.0,5.0,0.0,204.586,1977.849,93.306,28.516,28.251,8.535,0.0,0.0
262,0.0,4.0,0.0,6.0,6.0,0.0,53.814,2047.22,79.601,28.949,28.793,8.593,0.0,0.0
263,1.0,4.0,0.0,0.0,0.0,0.0,898.705,1737.111,18.023,28.247,28.192,8.486,0.0,0.0
264,1.0,4.0,0.0,1.0,1.0,0.0,787.754,1892.057,12.104,28.347,27.972,9.045,0.0,0.0
265,1.0,4.0,0.0,2.0,1.0,0.0,762.061,1889.007,12.83,27.971,27.865,9.081,0.0,0.0
267,1.0,4.0,0.0,4.0,4.0,0.0,963.086,2050.412,-1.216,29.338,28.206,8.562,0.0,0.0
269,2.0,4.0,0.0,1.0,1.0,0.0,1701.41,1673.132,57.323,28.747,28.58,8.619,0.0,0.0
271,3.0,4.0,0.0,0.0,1.0,0.0,1875.296,1782.924,27.712,29.018,28.803,8.604,0.0,0.0
272,3.0,4.0,0.0,1.0,2.0,0.0,1801.177,1789.96,88.331,28.277,28.156,8.574,0.0,0.0
273,3.0,4.0,0.0,2.0,3.0,0.0,1937.813,1820.817,39.56,28.135,27.979,8.526,0.0,0.0
275,3.0,4.0,0.0,4.0,7.0,0.0,2169.68,2011.627,133.926,28.977,28.642,8.489,0.0,0.0
276,4.0,4.0,0.0,0.0,0.0,0.0,2616.078,1719.004,66.221,27.999,27.894,8.493,0.0,0.0
278,4.0,4.0,0.0,2.0,1.0,0.0,2468.532,1953.131,12.209,29.218,28.503,9.489,0.0,0.0
279,4.0,4.0,0.0,3.0,2.0,0.0,2616.774,1977.279,79.058,28.491,28.251,8.531,0.0,0.0
280,4.0,4.0,0.0,4.0,4.0,0.0,2491.885,2037.902,0.656,28.815,28.593,8.632,0.0,0.0
282,5.0,4.0,0.0,0.0,0.0,0.0,3124.884,1867.71,66.887,28.421,28.306,8.529,0.0,0.0
283,5.0,4.0,0.0,1.0,1.0,0.0,3218.791,1867.413,104.316,28.518,25.088,8.538,0.0,0.0
284,5.0,4.0,0.0,2.0,2.0,0.0,2968.904,1937.028,57.755,28.438,28.339,8.537,0.0,0.0
285,5.0,4.0,0.0,3.0,3.0,0.0,3116.035,1967.625,115.263,28.46,28.269,8.529,0.0,0.0
286,5.0,4.0,0.0,4.0,4.0,0.0,3334.27,1979.016,61.495,28.838,28.746,8.569,0.0,0.0
287,5.0,4.0,0.0,5.0,5.0,0.0,3259.759,1997.289,102.527,28.7,28.639,8.621,0.0,0.0
288,6.0,4.0,0.0,0.0,0.0,0.0,3845.069,1672.475,75.513,28.42,28.162,8.507,0.0,0.0
289,6.0,4.0,0.0,1.0,2.0,0.0,4020.428,1711.652,-39.845,28.652,28.515,8.595,0.0,0.0
291,6.0,4.0,0.0,3.0,4.0,0.0,3761.223,1818.191,16.565,28.284,28.147,8.484,0.0,0.0
292,6.0,4.0,0.0,4.0,5.0,0.0,3648.618,1860.179,76.819,28.492,28.262,8.533,0.0,0.0
298,7.0,4.0,0.0,3.0,5.0,0.0,4590.017,1940.099,118.102,29.228,29.056,8.586,0.0,0.0
299,8.0,4.0,0.0,0.0,2.0,0.0,5195.833,1706.237,91.98,29.885,26.347,8.352,0.0,0.0
300,8.0,4.0,0.0,1.0,3.0,0.0,4628.608,1778.657,34.083,28.533,28.363,8.554,0.0,0.0
301,8.0,4.0,0.0,2.0,4.0,0.0,4728.873,1819.077,30.059,28.027,27.844,8.489,0.0,0.0
302,8.0,4.0,0.0,3.0,5.0,0.0,5155.891,1846.985,8.148,29.007,28.841,8.608,0.0,0.0
303,8.0,4.0,0.0,4.0,6.0,0.0,5060.094,1878.006,10.303,28.512,28.299,8.542,0.0,0.0
304,8.0,4.0,0.0,5.0,7.0,0.0,4772.008,1910.767,129.972,28.314,28.245,8.504,0.0,0.0
305,8.0,4.0,0.0,6.0,8.0,0.0,4887.731,1918.659,29.453,28.703,28.603,8.616,0.0,0.0
306,8.0,4.0,0.0,7.0,9.0,0.0,4930.601,1961.124,93.465,28.938,28.81,8.682,0.0,0.0
307,8.0,4.0,0.0,8.0,10.0,0.0,4842.724,1967.109,31.673,28.499,28.444,8.562,0.0,0.0
309,9.0,4.0,0.0,0.0,1.0,0.0,5587.819,1873.963,-30.098,28.424,28.387,8.542,0.0,0.0
310,9.0,4.0,0.0,1.0,2.0,0.0,5429.202,1943.037,52.278,28.354,28.316,8.52,0.0,0.0
311,0.0,5.0,0.0,0.0,1.0,0.0,532.706,2114.259,116.575,28.706,28.539,8.607,0.0,0.0
315,1.0,5.0,0.0,0.0,2.0,0.0,636.394,2173.602,-32.531,28.151,28.098,8.547,0.0,0.0
316,1.0,5.0,0.0,1.0,3.0,0.0,1030.698,2186.2,-15.504,28.558,28.476,8.575,0.0,0.0
317,1.0,5.0,0.0,2.0,4.0,0.0,807.736,2188.084,25.02,27.981,27.754,8.469,0.0,0.0
320,1.0,5.0,0.0,5.0,8.0,0.0,1046.561,2345.967,-12.216,28.502,28.438,8.561,0.0,0.0
321,2.0,5.0,0.0,0.0,0.0,0.0,1272.075,2123.588,25.12,28.416,28.133,8.592,0.0,0.0
323,2.0,5.0,0.0,2.0,2.0,0.0,1219.819,2230.041,20.72,28.317,28.164,8.492,0.0,0.0
324,2.0,5.0,0.0,3.0,3.0,0.0,1474.642,2236.371,53.689,28.145,28.015,8.444,0.0,0.0
325,2.0,5.0,0.0,4.0,4.0,0.0,1350.229,2339.553,68.234,28.273,28.127,8.48,0.0,0.0
326,2.0,5.0,0.0,5.0,5.0,0.0,1708.633,2411.815,58.662,29.863,29.394,8.48,0.0,0.0
327,3.0,5.0,0.0,0.0,0.0,0.0,2248.284,2114.13,60.994,28.664,28.525,8.598,0.0,0.0
329,3.0,5.0,0.0,2.0,2.0,0.0,1795.993,2161.355,57.152,28.549,28.207,8.533,0.0,0.0
331,3.0,5.0,0.0,4.0,4.0,0.0,1771.711,2289.176,-35.671,28.3,28.223,8.498,0.0,0.0
332,3.0,5.0,0.0,5.0,5.0,0.0,2307.786,2357.668,48.167,29.047,28.9,8.623,0.0,0.0
334,3.0,5.0,0.0,7.0,7.0,0.0,1795.503,2390.306,-21.025,28.925,28.46,8.539,0.0,0.0
335,3.0,5.0,0.0,8.0,8.0,0.0,2037.321,2424.2,132.015,28.507,28.377,8.553,0.0,0.0
337,4.0,5.0,0.0,1.0,3.0,0.0,2769.591,2191.316,97.912,28.512,28.38,8.554,0.0,0.0
338,4.0,5.0,0.0,2.0,4.0,0.0,2715.487,2301.283,110.786,28.542,28.391,8.56,0.0,0.0
339,4.0,5.0,0.0,3.0,8.0,0.0,2550.833,2406.723,113.831,28.67,28.558,8.604,0.0,0.0
340,5.0,5.0,0.0,0.0,1.0,0.0,3449.109,2060.939,123.128,28.917,28.747,8.581,0.0,0.0
343,5.0,5.0,0.0,3.0,4.0,0.0,3117.387,2294.466,82.449,28.357,28.17,8.499,0.0,0.0
344,6.0,5.0,0.0,0.0,1.0,0.0,3835.519,2096.447,23.973,28.39,28.333,8.528,0.0,0.0
345,6.0,5.0,0.0,1.0,2.0,0.0,3497.339,2101.787,28.611,28.531,28.315,8.547,0.0,0.0
346,6.0,5.0,0.0,2.0,3.0,0.0,3569.817,2130.474,26.925,28.653,28.308,8.564,0.0,0.0
347,6.0,5.0,0.0,3.0,4.0,0.0,3615.929,2152.611,51.936,28.268,28.07,8.47,0.0,0.0
349,6.0,5.0,0.0,5.0,6.0,0.0,4014.598,2232.933,52.632,28.389,28.239,8.514,0.0,0.0
350,6.0,5.0,0.0,6.0,7.0,0.0,3854.907,2324.24,130.353,28.533,28.394,8.559,0.0,0.0
351,6.0,5.0,0.0,7.0,8.0,0.0,3755.861,2377.412,120.332,28.266,28.145,8.571,0.0,0.0
353,7.0,5.0,0.0,0.0,0.0,0.0,4084.147,2096.749,121.484,28.752,28.686,8.636,0.0,0.0
355,7.0,5.0,0.0,2.0,2.0,0.0,4567.66,2235.719,-10.84,29.142,28.827,8.626,0.0,0.0
356,7.0,5.0,0.0,3.0,3.0,0.0,4494.671,2269.656,59.064,28.512,28.451,8.564,0.0,0.0
357,7.0,5.0,0.0,4.0,5.0,0.0,4087.905,2348.498,35.893,28.569,28.563,8.59,0.0,0.0
358,7.0,5.0,0.0,5.0,6.0,0.0,4074.174,2376.892,93.444,28.58,28.433,8.572,0.0,0.0
361,8.0,5.0,0.0,0.0,1.0,0.0,5112.367,2092.641,131.338,28.854,28.747,8.572,0.0,0.0
362,8.0,5.0,0.0,1.0,2.0,0.0,4934.466,2224.042,11.732,28.356,28.183,8.591,0.0,0.0
363,8.0,5.0,0.0,2.0,3.0,0.0,4658.622,2255.084,36.676,28.146,28.016,8.533,0.0,0.0
364,8.0,5.0,0.0,3.0,4.0,0.0,4627.905,2334.25,71.438,28.843,28.7,8.933,0.0,0.0
366,8.0,5.0,0.0,5.0,5.0,0.0,5093.695,2380.492,45.443,28.602,28.43,8.575,0.0,0.0
367,8.0,5.0,0.0,6.0,7.0,0.0,4780.196,2436.467,127.523,28.607,28.363,8.565,0.0,0.0
368,9.0,5.0,0.0,0.0,0.0,0.0,5731.501,2225.723,111.873,28.805,28.672,8.642,0.0,0.0
369,9.0,5.0,0.0,1.0,1.0,0.0,5236.092,2283.351,9.041,28.524,28.461,8.568,0.0,0.0
370,9.0,5.0,0.0,2.0,2.0,0.0,5493.09,2332.95,80.095,28.493,28.234,8.529,0.0,0.0
372,0.0,6.0,0.0,1.0,1.0,0.0,337.12,2536.289,84.32,28.446,28.148,9.201,0.0,0.0
373,0.0,6.0,0.0,2.0,1.0,0.0,327.588,2513.256,85.48,28.392,27.964,9.16,0.0,0.0
374,0.0,6.0,0.0,3.0,3.0,0.0,187.43,2660.295,56.972,28.266,28.17,8.485,0.0,0.0
375,0.0,6.0,0.0,4.0,4.0,0.0,544.944,2725.888,15.118,29.093,28.8,8.615,0.0,0.0
376,1.0,6.0,0.0,0.0,1.0,0.0,769.454,2499.408,-6.113,28.185,27.874,8.519,0.0,0.0
377,1.0,6.0,0.0,1.0,2.0,0.0,1035.248,2656.471,124.294,28.664,28.257,8.558,0.0,0.0
379,1.0,6.0,0.0,3.0,4.0,0.0,794.718,2857.457,-7.464,28.468,28.391,8.549,0.0,0.0
380,2.0,6.0,0.0,0.0,1.0,0.0,1328.322,2628.837,5.108,28.357,28.24,8.6,0.0,0.0
382,2.0,6.0,0.0,2.0,3.0,0.0,1502.334,2707.512,102.441,28.646,28.296,8.561,0.0,0.0
386,3.0,6.0,0.0,0.0,0.0,0.0,1866.507,2464.474,84.367,28.248,28.158,8.57,0.0,0.0
387,3.0,6.0,0.0,1.0,1.0,0.0,2127.987,2526.796,108.903,30.118,27.557,8.422,0.0,0.0
388,3.0,6.0,0.0,2.0,2.0,0.0,1751.691,2592.986,59.321,29.023,28.962,8.629,0.0,0.0
390,3.0,6.0,0.0,4.0,4.0,0.0,1912.479,2861.34,28.108,29.278,28.831,8.561,0.0,0.0
391,4.0,6.0,0.0,0.0,0.0,0.0,2747.107,2672.946,-25.634,28.604,28.529,8.59,0.0,0.0
392,4.0,6.0,0.0,1.0,1.0,0.0,2670.953,2782.899,-27.166,28.85,28.729,8.568,0.0,0.0
393,4.0,6.0,0.0,2.0,2.0,0.0,2422.54,2836.722,64.889,28.945,28.636,8.569,0.0,0.0
394,5.0,6.0,0.0,0.0,0.0,0.0,3414.007,2467.866,83.36,28.941,28.715,8.668,0.0,0.0
395,5.0,6.0,0.0,1.0,1.0,0.0,3188.363,2561.087,22.376,28.626,28.5,8.589,0.0,0.0
396,6.0,6.0,0.0,0.0,0.0,0.0,3583.548,2466.497,-34.7,28.234,28.167,8.48,0.0,0.0
397,6.0,6.0,0.0,1.0,1.0,0.0,3692.826,2468.228,19.527,28.733,28.302,8.576,0.0,0.0
399,6.0,6.0,0.0,3.0,3.0,0.0,3511.386,2509.818,26.959,28.775,28.677,8.638,0.0,0.0
400,6.0,6.0,0.0,4.0,4.0,0.0,3941.228,2524.473,-5.231,28.698,28.624,8.619,0.0,0.0
402,6.0,6.0,0.0,6.0,6.0,0.0,3872.595,2645.387,111.127,28.454,28.394,8.547,0.0,0.0
403,7.0,6.0,0.0,0.0,2.0,0.0,4527.032,2515.807,117.934,28.655,28.215,9.596,0.0,0.0
405,7.0,6.0,0.0,2.0,4.0,0.0,4296.081,2511.055,-19.301,28.154,28.078,8.544,0.0,0.0
406,7.0,6.0,0.0,3.0,5.0,0.0,4411.485,2533.104,49.468,28.317,28.168,8.493,0.0,0.0
407,7.0,6.0,0.0,4.0,6.0,0.0,4467.054,2568.327,23.466,28.607,28.458,8.58,0.0,0.0
408,7.0,6.0,0.0,5.0,7.0,0.0,4110.749,2581.833,35.181,28.271,27.928,8.54,0.0,0.0
409,7.0,6.0,0.0,6.0,8.0,0.0,4280.186,2585.133,33.435,28.026,28.005,8.514,0.0,0.0
410,8.0,6.0,0.0,0.0,0.0,0.0,4758.317,2480.608,40.905,28.678,28.331,8.571,0.0,0.0
411,8.0,6.0,0.0,1.0,1.0,0.0,4873.17,2498.616,45.788,28.405,28.192,8.509,0.0,0.0
412,8.0,6.0,0.0,2.0,3.0,0.0,4819.937,2525.31,72.117,28.219,27.947,8.534,0.0,0.0
413,8.0,6.0,0.0,3.0,5.0,0.0,4644.691,2742.494,30.279,28.327,28.264,8.508,0.0,0.0
414,9.0,6.0,0.0,0.0,0.0,0.0,5625.532,2544.607,83.665,28.827,28.594,8.545,0.0,0.0
415,9.0,6.0,0.0,1.0,1.0,0.0,5369.858,2689.872,-33.238,28.045,27.931,8.505,0.0,0.0
417,9.0,6.0,0.0,3.0,3.0,0.0,5224.91,2808.878,13.098,28.848,28.692,8.563,0.0,0.0
418,9.0,6.0,0.0,4.0,4.0,0.0,5524.626,2809.965,60.246,28.663,28.408,8.581,0.0,0.0
419,0.0,7.0,0.0,0.0,0.0,0.0,46.054,2903.591,29.348,28.567,28.262,8.635,0.0,0.0
420,0.0,7.0,0.0,1.0,1.0,0.0,485.903,2953.878,-12.518,28.447,28.303,8.533,0.0,0.0
421,0.0,7.0,0.0,2.0,2.0,0.0,173.268,2998.717,31.687,28.44,28.2,8.516,0.0,0.0
422,0.0,7.0,0.0,3.0,3.0,0.0,232.459,3026.647,12.901,28.027,27.906,8.499,0.0,0.0
428,1.0,7.0,0.0,3.0,4.0,0.0,1158.973,3098.007,24.19,29.443,28.713,8.57,0.0,0.0
429,1.0,7.0,0.0,4.0,5.0,0.0,767.125,3105.494,5.674,27.85,27.791,8.454,0.0,0.0
430,1.0,7.0,0.0,5.0,6.0,0.0,777.634,3148.439,100.857,28.302,28.133,8.485,0.0,0.0
431,2.0,7.0,0.0,0.0,1.0,0.0,1195.646,2969.962,30.858,28.056,27.832,8.492,0.0,0.0
432,2.0,7.0,0.0,1.0,3.0,0.0,1597.829,3219.677,98.824,28.954,28.841,8.6,0.0,0.0
438,3.0,7.0,0.0,5.0,6.0,0.0,2087.469,3225.533,86.195,28.521,28.385,8.556,0.0,0.0
439,3.0,7.0,0.0,6.0,7.0,0.0,1930.351,3256.433,13.057,28.596,28.489,8.583,0.0,0.0
440,3.0,7.0,0.0,7.0,8.0,0.0,1783.542,3276.331,-2.868,30.505,25.591,8.249,0.0,0.0
441,4.0,7.0,0.0,0.0,0.0,0.0,2817.088,2872.147,130.3,29.054,28.696,8.683,0.0,0.0
442,4.0,7.0,0.0,1.0,1.0,0.0,2388.11,2872.477,61.148,28.626,28.435,8.579,0.0,0.0
444,4.0,7.0,0.0,3.0,4.0,0.0,2640.371,3116.724,27.884,28.33,28.134,8.579,0.0,0.0
446,4.0,7.0,0.0,5.0,6.0,0.0,2784.183,3151.26,-4.177,28.887,28.583,8.641,0.0,0.0
447,4.0,7.0,0.0,6.0,7.0,0.0,2567.554,3234.513,118.477,29.138,29.001,8.565,0.0,0.0
448,5.0,7.0,0.0,0.0,0.0,0.0,2937.394,2893.314,37.998,28.765,28.451,8.602,0.0,0.0
449,5.0,7.0,0.0,1.0,1.0,0.0,3085.123,2944.177,47.008,28.544,28.343,8.553,0.0,0.0
450,5.0,7.0,0.0,2.0,2.0,0.0,2987.384,2994.629,23.811,28.318,28.101,8.483,0.0,0.0
452,5.0,7.0,0.0,4.0,4.0,0.0,3098.358,3021.263,42.537,28.334,28.072,8.481,0.0,0.0
454,5.0,7.0,0.0,6.0,6.0,0.0,3039.14,3163.494,119.195,28.513,28.418,8.56,0.0,0.0
458,6.0,7.0,0.0,1.0,1.0,0.0,3997.476,2989.776,-22.448,28.497,28.223,8.528,0.0,0.0
459,6.0,7.0,0.0,2.0,2.0,0.0,3518.095,3050.925,89.821,28.458,28.401,8.549,0.0,0.0
460,7.0,7.0,0.0,0.0,0.0,0.0,4318.702,2935.705,51.866,28.443,28.119,8.504,0.0,0.0
461,7.0,7.0,0.0,1.0,1.0,0.0,4312.523,2967.58,124.854,28.585,28.387,8.566,0.0,0.0
462,7.0,7.0,0.0,2.0,3.0,0.0,4424.675,3097.698,73.948,28.39,28.244,8.515,0.0,0.0
465,8.0,7.0,0.0,0.0,0.0,0.0,4690.397,2973.571,58.48,28.289,28.201,8.493,0.0,0.0
466,8.0,7.0,0.0,1.0,1.0,0.0,5195.133,2996.785,90.414,28.479,27.182,8.366,0.0,0.0
467,8.0,7.0,0.0,2.0,2.0,0.0,4955.263,3034.244,75.992,28.408,28.291,8.525,0.0,0.0
468,9.0,7.0,0.0,0.0,0.0,0.0,5468.593,2965.889,66.165,28.152,27.886,8.426,0.0,0.0
469,9.0,7.0,0.0,1.0,2.0,0.0,5276.795,3001.435,11.255,28.201,27.858,8.428,0.0,0.0
470,9.0,7.0,0.0,2.0,3.0,0.0,5374.249,3044.898,32.244,27.994,27.915,8.495,0.0,0.0
472,9.0,7.0,0.0,4.0,5.0,0.0,5731.138,3113.108,55.788,28.657,28.566,8.515,0.0,0.0
473,9.0,7.0,0.0,5.0,6.0,0.0,5599.926,3151.689,82.326,28.404,28.233,8.515,0.0,0.0
474,9.0,7.0,0.0,6.0,7.0,0.0,5434.966,3217.703,4.981,28.369,28.164,8.5,0.0,0.0
475,0.0,8.0,0.0,0.0,1.0,0.0,166.162,3292.911,-38.616,28.258,28.189,8.487,0.0,0.0
479,0.0,8.0,0.0,4.0,7.0,0.0,45.055,3615.538,45.428,28.629,28.431,8.579,0.0,0.0
481,1.0,8.0,0.0,0.0,1.0,0.0,809.47,3409.684,73.458,27.924,27.883,8.479,0.0,0.0
482,1.0,8.0,0.0,1.0,2.0,0.0,1014.033,3450.67,98.693,28.921,28.492,9.009,0.0,0.0
483,1.0,8.0,0.0,2.0,2.0,0.0,1020.737,3424.35,90.245,27.941,27.75,8.948,0.0,0.0
484,1.0,8.0,0.0,3.0,3.0,0.0,672.875,3454.715,48.644,28.167,28.017,8.537,0.0,0.0
485,1.0,8.0,0.0,4.0,4.0,0.0,1022.329,3546.068,111.842,28.574,28.401,8.566,0.0,0.0
486,1.0,8.0,0.0,5.0,5.0,0.0,651.999,3564.161,-8.364,28.479,28.337,8.543,0.0,0.0
487,1.0,8.0,0.0,6.0,6.0,0.0,764.893,3648.865,91.577,28.689,28.555,8.519,0.0,0.0
488,2.0,8.0,0.0,0.0,0.0,0.0,1481.979,3281.171,49.053,28.592,28.204,8.539,0.0,0.0
489,2.0,8.0,0.0,1.0,1.0,0.0,1444.913,3281.715,73.546,28.381,28.229,8.511,0.0,0.0
490,2.0,8.0,0.0,2.0,2.0,0.0,1231.975,3300.294,32.013,28.271,28.103,8.476,0.0,0.0
491,2.0,8.0,0.0,3.0,3.0,0.0,1635.332,3341.042,-16.886,28.567,28.46,8.574,0.0,0.0
492,2.0,8.0,0.0,4.0,4.0,0.0,1382.385,3363.94,82.767,28.18,27.952,8.528,0.0,0.0
493,2.0,8.0,0.0,5.0,5.0,0.0,1486.832,3406.609,65.788,28.623,28.513,8.59,0.0,0.0
494,2.0,8.0,0.0,6.0,6.0,0.0,1492.28,3507.066,67.921,28.261,28.089,8.562,0.0,0.0
495,2.0,8.0,0.0,7.0,7.0,0.0,1240.104,3511.225,15.234,28.864,28.598,8.64,0.0,0.0
500,2.0,8.0,0.0,12.0,12.0,0.0,1475.212,3568.473,82.131,28.625,28.259,8.466,0.0,0.0
501,2.0,8.0,0.0,13.0,13.0,0.0,1514.695,3626.26,96.285,28.912,28.83,8.681,0.0,0.0
502,3.0,8.0,0.0,0.0,2.0,0.0,2065.696,3292.905,98.713,28.238,27.99,8.543,0.0,0.0
503,3.0,8.0,0.0,1.0,3.0,0.0,1998.29,3352.28,-42.841,27.389,27.085,7.869,0.0,0.0
504,3.0,8.0,0.0,2.0,4.0,0.0,2316.69,3405.244,92.252,29.874,24.911,8.128,0.0,0.0
505,3.0,8.0,0.0,3.0,5.0,0.0,2284.787,3558.135,27.088,28.703,28.443,8.592,0.0,0.0
506,4.0,8.0,0.0,0.0,0.0,0.0,2635.062,3301.678,76.865,28.322,28.05,8.476,0.0,0.0
507,4.0,8.0,0.0,1.0,2.0,0.0,2774.511,3315.833,127.276,28.308,28.17,8.492,0.0,0.0
508,4.0,8.0,0.0,2.0,4.0,0.0,2318.639,3404.867,33.551,28.501,28.402,8.555,0.0,0.0
509,4.0,8.0,0.0,3.0,6.0,0.0,2385.441,3508.728,58.056,28.949,28.601,8.652,0.0,0.0
510,4.0,8.0,0.0,4.0,7.0,0.0,2859.773,3571.835,-13.227,29.11,28.95,8.64,0.0,0.0
511,4.0,8.0,0.0,5.0,8.0,0.0,2614.108,3626.333,80.428,28.598,28.515,8.587,0.0,0.0
512,5.0,8.0,0.0,0.0,0.0,0.0,2897.793,3314.442,22.534,28.677,28.514,8.599,0.0,0.0
513,5.0,8.0,0.0,1.0,1.0,0.0,3418.432,3323.822,122.366,28.684,28.398,8.582,0.0,0.0
514,5.0,8.0,0.0,2.0,2.0,0.0,2901.11,3369.687,15.237,28.96,28.405,8.626,0.0,0.0
515,5.0,8.0,0.0,3.0,3.0,0.0,3087.476,3472.971,-24.412,27.895,27.799,8.462,0.0,0.0
516,5.0,8.0,0.0,4.0,4.0,0.0,3183.16,3490.379,-3.02,28.613,28.475,8.583,0.0,0.0
517,5.0,8.0,0.0,5.0,5.0,0.0,3312.15,3518.499,48.508,28.95,28.535,8.554,0.0,0.0
519,5.0,8.0,0.0,7.0,7.0,0.0,3398.651,3650.605,51.572,30.389,29.988,8.807,0.0,0.0
523,6.0,8.0,0.0,3.0,2.0,0.0,3663.477,3571.596,-3.843,28.78,28.275,8.579,0.0,0.0
524,6.0,8.0,0.0,4.0,3.0,0.0,3614.496,3591.1,-32.902,28.491,28.225,8.527,0.0,0.0
525,6.0,8.0,0.0,5.0,4.0,0.0,3935.555,3641.563,61.253,29.478,28.894,8.6,0.0,0.0
526,7.0,8.0,0.0,0.0,0.0,0.0,4420.977,3426.622,27.282,27.957,27.859,8.481,0.0,0.0
527,7.0,8.0,0.0,1.0,1.0,0.0,4546.033,3489.679,37.282,28.381,28.288,8.52,0.0,0.0
528,7.0,8.0,0.0,2.0,2.0,0.0,4313.503,3531.154,61.926,28.23,28.016,8.546,0.0,0.0
529,7.0,8.0,0.0,3.0,3.0,0.0,4323.994,3645.339,73.773,28.488,28.211,8.525,0.0,0.0
530,8.0,8.0,0.0,0.0,1.0,0.0,4964.425,3403.051,27.942,28.331,28.169,8.495,0.0,0.0
531,8.0,8.0,0.0,1.0,2.0,0.0,5016.031,3475.971,46.202,28.3,28.001,8.554,0.0,0.0
532,8.0,8.0,0.0,2.0,3.0,0.0,4888.934,3540.43,9.197,28.096,27.986,8.521,0.0,0.0
533,9.0,8.0,0.0,0.0,0.0,0.0,5468.189,3289.828,39.631,28.234,28.1,8.559,0.0,0.0
534,9.0,8.0,0.0,1.0,1.0,0.0,5402.311,3290.864,103.75,28.063,27.937,8.509,0.0,0.0
535,9.0,8.0,0.0,2.0,2.0,0.0,5569.722,3308.822,-37.708,29.162,28.19,8.453,0.0,0.0
536,9.0,8.0,0.0,3.0,3.0,0.0,5356.981,3309.076,114.189,28.322,28.196,8.587,0.0,0.0
537,9.0,8.0,0.0,4.0,5.0,0.0,5538.4,3382.201,66.754,28.188,28.02,8.451,0.0,0.0
538,9.0,8.0,0.0,5.0,6.0,0.0,5672.285,3389.442,16.661,28.53,28.279,9.998,0.0,0.0
539,9.0,8.0,0.0,6.0,9.0,0.0,5329.72,3498.777,-33.858,27.908,27.699,8.449,0.0,0.0
540,9.0,8.0,0.0,7.0,11.0,0.0,5640.258,3632.621,45.576,28.71,28.547,8.609,0.0,0.0
541,9.0,8.0,0.0,8.0,12.0,0.0,5734.525,3651.568,39.246,29.492,29.127,8.722,0.0,0.0
542,0.0,9.0,0.0,0.0,1.0,0.0,531.777,3696.54,122.052,28.854,28.613,8.64,0.0,0.0
546,0.0,9.0,0.0,4.0,5.0,0.0,469.307,4030.462,77.058,28.63,28.58,8.602,0.0,0.0
547,0.0,9.0,0.0,5.0,6.0,0.0,570.689,4041.615,8.576,29.51,29.297,8.663,0.0,0.0
549,0.0,9.0,0.0,7.0,8.0,0.0,370.147,4084.908,109.609,28.58,28.455,8.575,0.0,0.0
551,1.0,9.0,0.0,1.0,1.0,0.0,627.64,3785.665,65.54,28.551,28.392,8.561,0.0,0.0
552,1.0,9.0,0.0,2.0,2.0,0.0,1159.57,3812.521,-42.996,28.777,28.607,8.539,0.0,0.0
553,1.0,9.0,0.0,3.0,3.0,0.0,1057.9,4001.669,-31.485,29.058,28.737,8.601,0.0,0.0
556,2.0,9.0,0.0,1.0,1.0,0.0,1509.5,3747.707,85.002,28.62,28.379,8.57,0.0,0.0
557,2.0,9.0,0.0,2.0,3.0,0.0,1233.592,3861.049,-34.185,28.229,27.975,8.451,0.0,0.0
558,2.0,9.0,0.0,3.0,5.0,0.0,1325.97,4027.563,-20.617,28.589,28.367,8.564,0.0,0.0
559,2.0,9.0,0.0,4.0,6.0,0.0,1172.312,4048.018,52.274,28.8,28.641,8.548,0.0,0.0
560,2.0,9.0,0.0,5.0,7.0,0.0,1622.426,4070.035,61.019,29.205,29.03,8.666,0.0,0.0
561,2.0,9.0,0.0,6.0,8.0,0.0,1233.797,4090.803,-3.999,29.33,27.765,8.496,0.0,0.0
563,3.0,9.0,0.0,1.0,1.0,0.0,1815.924,3771.993,55.305,28.699,28.625,8.619,0.0,0.0
564,3.0,9.0,0.0,2.0,2.0,0.0,1910.178,3804.989,37.404,27.901,27.799,8.463,0.0,0.0
565,3.0,9.0,0.0,3.0,3.0,0.0,2040.107,3863.811,77.861,28.282,28.239,8.498,0.0,0.0
567,3.0,9.0,0.0,5.0,6.0,0.0,1759.197,3890.651,56.056,28.647,28.601,8.607,0.0,0.0
568,3.0,9.0,0.0,6.0,7.0,0.0,2097.435,4072.601,-28.933,29.177,28.694,8.611,0.0,0.0
570,4.0,9.0,0.0,1.0,2.0,0.0,2705.387,3778.747,89.777,28.734,28.392,8.588,0.0,0.0
571,4.0,9.0,0.0,2.0,3.0,0.0,2398.573,3844.049,51.086,28.405,28.244,8.517,0.0,0.0
573,4.0,9.0,0.0,4.0,5.0,0.0,2333.343,3897.823,54.811,29.284,28.461,8.425,0.0,0.0
574,4.0,9.0,0.0,5.0,6.0,0.0,2661.775,3929.052,70.005,28.687,28.457,8.504,0.0,0.0
575,4.0,9.0,0.0,6.0,7.0,0.0,2675.965,3974.039,26.495,28.548,28.376,8.559,0.0,0.0
576,5.0,9.0,0.0,0.0,0.0,0.0,3204.786,3735.495,89.245,28.892,27.941,8.458,0.0,0.0
577,5.0,9.0,0.0,1.0,1.0,0.0,2907.799,3736.548,65.395,28.572,28.079,8.606,0.0,0.0
578,5.0,9.0,0.0,2.0,2.0,0.0,3030.943,3741.467,70.813,28.562,28.224,8.537,0.0,0.0
580,5.0,9.0,0.0,4.0,4.0,0.0,3160.469,3939.576,73.26,28.257,27.905,8.444,0.0,0.0
582,5.0,9.0,0.0,6.0,6.0,0.0,3022.942,4065.92,78.659,28.978,28.377,8.536,0.0,0.0
583,6.0,9.0,0.0,0.0,0.0,0.0,3968.296,3705.227,100.57,28.454,28.209,8.519,0.0,0.0
584,6.0,9.0,0.0,1.0,1.0,0.0,3726.444,3707.607,69.97,28.559,28.297,8.548,0.0,0.0
587,6.0,9.0,0.0,4.0,4.0,0.0,3617.509,3763.295,24.044,28.025,27.653,8.956,0.0,0.0
588,6.0,9.0,0.0,5.0,6.0,0.0,3612.055,3796.517,66.746,28.57,28.188,8.533,0.0,0.0
589,6.0,9.0,0.0,6.0,7.0,0.0,3747.059,3830.315,60.901,27.929,27.736,8.369,0.0,0.0
591,6.0,9.0,0.0,8.0,9.0,0.0,3529.405,3869.407,3.646,28.339,27.909,8.547,0.0,0.0
592,6.0,9.0,0.0,9.0,10.0,0.0,3509.472,3950.414,-11.184,28.35,27.149,9.813,0.0,0.0
593,6.0,9.0,0.0,10.0,11.0,0.0,4025.359,3971.822,121.746,28.864,28.648,8.558,0.0,0.0
594,6.0,9.0,0.0,11.0,12.0,0.0,3924.767,4005.895,6.87,28.568,28.453,8.664,0.0,0.0
597,7.0,9.0,0.0,1.0,1.0,0.0,4049.017,3767.929,110.129,28.043,27.769,8.869,0.0,0.0
598,7.0,9.0,0.0,2.0,2.0,0.0,4333.517,3801.504,52.053,28.007,27.569,8.444,0.0,0.0
599,7.0,9.0,0.0,3.0,3.0,0.0,4185.254,3805.623,91.72,28.303,28.106,8.481,0.0,0.0
600,7.0,9.0,0.0,4.0,5.0,0.0,4229.833,4011.075,41.073,28.403,27.625,8.514,0.0,0.0
601,7.0,9.0,0.0,5.0,6.0,0.0,4487.971,4082.294,9.115,29.562,29.242,8.663,0.0,0.0
602,8.0,9.0,0.0,0.0,0.0,0.0,4752.711,3860.85,70.796,28.009,27.667,8.46,0.0,0.0
603,8.0,9.0,0.0,1.0,1.0,0.0,5165.259,3913.276,53.903,28.809,28.135,8.562,0.0,0.0
604,8.0,9.0,0.0,2.0,2.0,0.0,4818.947,3969.656,75.066,28.562,28.134,8.524,0.0,0.0
607,8.0,9.0,0.0,5.0,5.0,0.0,4700.428,4082.223,39.537,28.765,28.276,8.576,0.0,0.0
608,8.0,9.0,0.0,6.0,6.0,0.0,4791.045,4089.895,19.122,28.616,28.305,8.558,0.0,0.0
609,9.0,9.0,0.0,0.0,0.0,0.0,5286.183,3767.725,46.354,28.018,27.802,8.481,0.0,0.0
611,9.0,9.0,0.0,2.0,2.0,0.0,5640.827,3857.194,54.633,28.717,28.203,8.558,0.0,0.0
612,9.0,9.0,0.0,3.0,3.0,0.0,5391.413,3870.515,127.217,28.364,28.256,8.513,0.0,0.0
613,9.0,9.0,0.0,4.0,4.0,0.0,5353.236,3941.498,52.502,28.134,27.9,8.514,0.0,0.0
614,9.0,9.0,0.0,5.0,5.0,0.0,5313.843,3988.183,75.438,28.32,28.162,8.492,0.0,0.0
615,9.0,9.0,0.0,6.0,6.0,0.0,5516.055,4035.508,40.859,28.27,28.059,8.469,0.0,0.0
617,0.0,10.0,0.0,1.0,2.0,0.0,417.702,4124.846,101.745,28.524,28.275,8.54,0.0,0.0
620,0.0,10.0,0.0,4.0,5.0,0.0,587.189,4219.734,91.702,28.744,27.113,8.393,0.0,0.0
621,0.0,10.0,0.0,5.0,6.0,0.0,319.764,4380.629,94.27,28.412,28.286,8.525,0.0,0.0
622,0.0,10.0,0.0,6.0,7.0,0.0,513.304,4413.575,49.297,29.092,28.974,8.641,0.0,0.0
625,2.0,10.0,0.0,0.0,2.0,0.0,1174.968,4146.49,27.278,28.651,28.407,8.579,0.0,0.0
626,2.0,10.0,0.0,1.0,3.0,0.0,1346.064,4149.565,83.846,28.332,28.156,8.493,0.0,0.0
627,2.0,10.0,0.0,2.0,4.0,0.0,1651.632,4350.23,20.17,28.921,28.699,8.574,0.0,0.0
629,3.0,10.0,0.0,1.0,2.0,0.0,1995.272,4188.937,79.511,28.245,28.117,8.474,0.0,0.0
630,3.0,10.0,0.0,2.0,3.0,0.0,1896.721,4239.256,20.287,27.947,27.732,8.46,0.0,0.0
631,3.0,10.0,0.0,3.0,4.0,0.0,1929.762,4243.535,-15.883,28.271,28.2,8.49,0.0,0.0
632,3.0,10.0,0.0,4.0,5.0,0.0,2232.058,4281.018,72.048,28.79,28.176,8.478,0.0,0.0
633,3.0,10.0,0.0,5.0,6.0,0.0,1890.576,4296.004,2.161,28.314,28.235,8.502,0.0,0.0
634,3.0,10.0,0.0,6.0,7.0,0.0,2084.812,4297.538,50.935,28.2,28.054,8.547,0.0,0.0
636,4.0,10.0,0.0,0.0,0.0,0.0,2799.392,4098.694,103.026,28.81,28.373,8.509,0.0,0.0
639,4.0,10.0,0.0,3.0,3.0,0.0,2400.19,4315.813,29.203,28.344,28.129,8.491,0.0,0.0
641,4.0,10.0,0.0,5.0,5.0,0.0,2870.846,4433.037,118.337,29.587,29.41,8.605,0.0,0.0
642,5.0,10.0,0.0,0.0,1.0,0.0,2997.516,4288.624,-5.837,28.117,27.501,8.451,0.0,0.0
643,5.0,10.0,0.0,1.0,2.0,0.0,3094.324,4324.535,-14.769,28.065,27.856,8.497,0.0,0.0
644,5.0,10.0,0.0,2.0,4.0,0.0,3280.095,4500.521,-4.094,29.678,25.515,8.209,0.0,0.0
646,6.0,10.0,0.0,1.0,1.0,0.0,3889.994,4135.6,73.292,28.398,27.755,8.442,0.0,0.0
647,6.0,10.0,0.0,2.0,2.0,0.0,4015.623,4158.233,15.734,28.521,27.618,8.441,0.0,0.0
652,6.0,10.0,0.0,7.0,6.0,0.0,3770.944,4381.003,43.592,28.342,27.658,8.508,0.0,0.0
654,7.0,10.0,0.0,1.0,2.0,0.0,4225.234,4207.487,48.677,28.32,28.052,8.475,0.0,0.0
656,7.0,10.0,0.0,3.0,4.0,0.0,4075.221,4299.714,35.75,28.188,27.875,8.429,0.0,0.0
658,7.0,10.0,0.0,5.0,6.0,0.0,4131.213,4340.947,38.208,28.547,28.164,8.526,0.0,0.0
659,7.0,10.0,0.0,6.0,8.0,0.0,4484.129,4421.019,52.692,28.454,28.18,8.605,0.0,0.0
660,7.0,10.0,0.0,7.0,9.0,0.0,4446.201,4492.071,102.735,28.628,28.447,8.581,0.0,0.0
661,8.0,10.0,0.0,0.0,2.0,0.0,4949.015,4106.199,-41.237,27.838,27.748,8.446,0.0,0.0
662,8.0,10.0,0.0,1.0,3.0,0.0,4769.446,4208.485,37.413,28.175,28.146,8.468,0.0,0.0
663,8.0,10.0,0.0,2.0,4.0,0.0,4779.032,4287.914,66.28,28.24,27.976,8.541,0.0,0.0
664,8.0,10.0,0.0,3.0,5.0,0.0,5080.119,4331.668,39.031,28.301,27.969,8.641,0.0,0.0
668,8.0,10.0,0.0,7.0,7.0,0.0,4640.408,4393.306,19.586,28.392,27.877,8.46,0.0,0.0
669,8.0,10.0,0.0,8.0,8.0,0.0,5158.62,4460.373,63.488,28.95,28.392,8.62,0.0,0.0
670,8.0,10.0,0.0,9.0,9.0,0.0,4668.774,4486.337,72.909,28.963,28.68,8.578,0.0,0.0
672,9.0,10.0,0.0,0.0,1.0,0.0,5435.114,4161.001,-41.392,28.0,27.876,8.49,0.0,0.0
673,9.0,10.0,0.0,1.0,2.0,0.0,5647.45,4206.113,37.252,28.268,28.045,8.556,0.0,0.0
674,9.0,10.0,0.0,2.0,3.0,0.0,5255.131,4358.327,47.384,28.201,27.881,8.521,0.0,0.0
675,9.0,10.0,0.0,3.0,4.0,0.0,5372.261,4393.958,-42.672,28.053,27.653,8.464,0.0,0.0
676,9.0,10.0,0.0,4.0,5.0,0.0,5416.763,4397.588,-26.408,28.502,28.381,8.552,0.0,0.0
678,9.0,10.0,0.0,6.0,7.0,0.0,5488.105,4446.523,37.052,28.552,28.232,8.538,0.0,0.0
679,9.0,10.0,0.0,7.0,8.0,0.0,5579.958,4465.499,40.944,28.637,28.339,8.567,0.0,0.0
682,0.0,11.0,0.0,2.0,2.0,0.0,165.108,4677.51,25.108,28.334,28.206,8.591,0.0,0.0
683,0.0,11.0,0.0,3.0,3.0,0.0,60.597,4811.292,32.005,28.691,28.402,8.496,0.0,0.0
685,1.0,11.0,0.0,1.0,1.0,0.0,923.507,4639.793,53.901,28.31,28.252,8.504,0.0,0.0
686,1.0,11.0,0.0,2.0,2.0,0.0,950.112,4694.178,-7.052,28.631,28.552,8.598,0.0,0.0
687,1.0,11.0,0.0,3.0,3.0,0.0,825.872,4826.761,66.054,28.848,28.772,8.574,0.0,0.0
688,2.0,11.0,0.0,0.0,0.0,0.0,1503.816,4871.641,36.311,28.803,28.609,8.543,0.0,0.0
689,3.0,11.0,0.0,0.0,0.0,0.0,2202.114,4536.226,79.978,28.473,28.063,8.5,0.0,0.0
690,3.0,11.0,0.0,1.0,1.0,0.0,2285.077,4615.883,27.93,28.794,28.717,8.558,0.0,0.0
691,3.0,11.0,0.0,2.0,2.0,0.0,1884.511,4642.981,-15.506,27.815,27.601,8.42,0.0,0.0
695,4.0,11.0,0.0,1.0,1.0,0.0,2494.776,4587.153,28.952,28.33,28.247,8.506,0.0,0.0
696,4.0,11.0,0.0,2.0,2.0,0.0,2806.053,4645.014,77.262,28.44,28.173,8.512,0.0,0.0
697,4.0,11.0,0.0,3.0,3.0,0.0,2450.741,4703.854,41.02,28.372,28.054,8.484,0.0,0.0
698,4.0,11.0,0.0,4.0,4.0,0.0,2826.212,4800.113,33.694,28.613,27.897,8.496,0.0,0.0
699,4.0,11.0,0.0,5.0,5.0,0.0,2342.332,4844.455,59.817,28.609,28.433,8.667,0.0,0.0
700,5.0,11.0,0.0,0.0,1.0,0.0,3204.304,4505.149,-29.071,28.14,27.978,8.527,0.0,0.0
701,5.0,11.0,0.0,1.0,3.0,0.0,2933.364,4576.212,26.401,28.178,27.24,8.42,0.0,0.0
702,5.0,11.0,0.0,2.0,4.0,0.0,3105.791,4606.77,65.621,28.545,28.169,8.527,0.0,0.0
703,5.0,11.0,0.0,3.0,5.0,0.0,3322.422,4676.896,0.51,28.601,28.507,8.586,0.0,0.0
706,6.0,11.0,0.0,0.0,0.0,0.0,3864.592,4505.727,67.965,28.277,27.479,8.564,0.0,0.0
708,6.0,11.0,0.0,2.0,2.0,0.0,3548.01,4678.487,21.591,28.241,27.796,8.515,0.0,0.0
709,6.0,11.0,0.0,3.0,3.0,0.0,3816.733,4741.715,7.161,28.251,27.999,8.547,0.0,0.0
710,6.0,11.0,0.0,4.0,4.0,0.0,3636.407,4793.672,42.561,27.947,27.473,8.42,0.0,0.0
711,6.0,11.0,0.0,5.0,5.0,0.0,3885.665,4810.116,70.44,28.717,27.767,8.493,0.0,0.0
712,6.0,11.0,0.0,6.0,6.0,0.0,3615.216,4865.16,-38.372,28.478,28.22,8.616,0.0,0.0
713,7.0,11.0,0.0,0.0,1.0,0.0,4111.995,4657.882,24.877,28.227,27.628,8.487,0.0,0.0
714,7.0,11.0,0.0,1.0,2.0,0.0,4440.616,4661.061,89.554,27.926,27.624,8.44,0.0,0.0
716,7.0,11.0,0.0,3.0,4.0,0.0,4408.774,4709.57,79.185,28.259,27.525,8.474,0.0,0.0
717,7.0,11.0,0.0,4.0,5.0,0.0,4424.312,4812.09,12.31,28.748,28.554,8.527,0.0,0.0
719,8.0,11.0,0.0,0.0,2.0,0.0,4941.182,4612.831,73.774,27.996,27.605,8.448,0.0,0.0
720,8.0,11.0,0.0,1.0,3.0,0.0,5142.654,4669.596,51.757,28.297,27.986,8.551,0.0,0.0
721,8.0,11.0,0.0,2.0,4.0,0.0,4689.244,4678.387,32.83,28.274,27.759,8.514,0.0,0.0
722,8.0,11.0,0.0,3.0,5.0,0.0,4815.133,4682.591,44.891,27.968,27.624,8.447,0.0,0.0
723,8.0,11.0,0.0,4.0,6.0,0.0,4839.006,4733.055,-11.666,28.074,27.722,8.478,0.0,0.0
724,8.0,11.0,0.0,5.0,7.0,0.0,4881.09,4758.15,43.982,28.372,27.582,8.502,0.0,0.0
725,8.0,11.0,0.0,6.0,8.0,0.0,5012.961,4843.175,-12.353,28.32,28.219,8.591,0.0,0.0
726,9.0,11.0,0.0,0.0,0.0,0.0,5257.372,4503.176,51.212,28.204,27.576,8.474,0.0,0.0
727,9.0,11.0,0.0,1.0,1.0,0.0,5390.824,4548.454,25.867,27.864,27.511,8.414,0.0,0.0
728,9.0,11.0,0.0,2.0,2.0,0.0,5542.206,4582.006,48.043,27.824,27.361,8.97,0.0,0.0
729,9.0,11.0,0.0,3.0,2.0,0.0,5519.956,4569.214,40.831,28.621,27.483,9.001,0.0,0.0
730,9.0,11.0,0.0,4.0,3.0,0.0,5482.852,4577.591,-31.722,28.01,27.703,8.377,0.0,0.0
731,9.0,11.0,0.0,5.0,4.0,0.0,5248.979,4580.984,68.567,27.934,27.654,8.537,0.0,0.0
733,9.0,11.0,0.0,7.0,7.0,0.0,5728.972,4782.992,67.959,28.951,28.443,8.456,0.0,0.0
735,0.0,12.0,0.0,0.0,0.0,0.0,80.276,4959.833,66.45,27.871,25.231,8.072,0.0,0.0
736,0.0,12.0,0.0,1.0,1.0,0.0,383.895,5055.732,70.398,28.352,28.275,8.514,0.0,0.0
737,0.0,12.0,0.0,2.0,2.0,0.0,385.526,5145.959,128.734,28.303,28.06,8.474,0.0,0.0
739,0.0,12.0,0.0,4.0,4.0,0.0,394.423,5281.745,19.847,28.772,28.609,8.539,0.0,0.0
740,0.0,12.0,0.0,5.0,5.0,0.0,94.611,5283.177,95.563,29.055,28.908,8.625,0.0,0.0
741,0.0,12.0,0.0,6.0,6.0,0.0,352.457,5290.519,6.485,29.067,28.839,8.617,0.0,0.0
742,1.0,12.0,0.0,0.0,0.0,0.0,706.504,4986.158,73.476,27.823,27.623,8.425,0.0,0.0
743,1.0,12.0,0.0,1.0,1.0,0.0,880.014,5002.881,40.841,28.569,28.345,8.557,0.0,0.0
744,1.0,12.0,0.0,2.0,2.0,0.0,964.115,5003.148,-34.725,28.801,28.654,8.639,0.0,0.0
745,1.0,12.0,0.0,3.0,3.0,0.0,938.667,5115.411,59.747,28.168,27.98,8.442,0.0,0.0
746,1.0,12.0,0.0,4.0,4.0,0.0,943.775,5176.012,95.227,28.445,28.289,8.53,0.0,0.0
747,1.0,12.0,0.0,5.0,5.0,0.0,702.779,5193.746,118.361,28.236,28.071,8.555,0.0,0.0
748,1.0,12.0,0.0,6.0,7.0,0.0,907.775,5298.616,37.714,28.93,28.799,8.68,0.0,0.0
750,1.0,12.0,0.0,8.0,9.0,0.0,1114.222,5313.428,89.873,30.434,29.452,9.957,0.0,0.0
751,2.0,12.0,0.0,0.0,0.0,0.0,1341.395,5147.157,-26.532,28.649,28.636,8.613,0.0,0.0
752,2.0,12.0,0.0,1.0,2.0,0.0,1354.546,5196.106,33.597,28.565,28.4,8.565,0.0,0.0
753,2.0,12.0,0.0,2.0,3.0,0.0,1545.25,5265.329,102.144,28.713,28.624,8.532,0.0,0.0
754,2.0,12.0,0.0,3.0,4.0,0.0,1206.778,5271.214,-41.175,28.742,28.578,8.53,0.0,0.0
755,2.0,12.0,0.0,4.0,5.0,0.0,1391.239,5303.404,74.539,28.696,28.585,8.612,0.0,0.0
756,3.0,12.0,0.0,0.0,0.0,0.0,2019.456,4918.752,-37.655,28.193,28.096,8.553,0.0,0.0
757,3.0,12.0,0.0,1.0,2.0,0.0,1810.379,4935.499,69.928,28.471,28.354,8.544,0.0,0.0
759,3.0,12.0,0.0,3.0,4.0,0.0,1941.123,5019.19,29.904,28.072,27.941,8.511,0.0,0.0
761,3.0,12.0,0.0,5.0,7.0,0.0,1751.861,5185.559,21.228,28.57,28.347,8.558,0.0,0.0
762,3.0,12.0,0.0,6.0,8.0,0.0,2111.529,5268.821,40.244,28.821,28.651,8.641,0.0,0.0
763,4.0,12.0,0.0,0.0,2.0,0.0,2426.217,5277.206,42.68,28.814,28.62,8.547,0.0,0.0
764,5.0,12.0,0.0,0.0,1.0,0.0,3170.278,4931.031,71.576,28.773,28.002,8.536,0.0,0.0
765,5.0,12.0,0.0,1.0,2.0,0.0,3439.675,4950.648,127.072,28.668,28.434,8.586,0.0,0.0
766,5.0,12.0,0.0,2.0,3.0,0.0,3190.72,4983.975,104.306,28.405,28.193,8.509,0.0,0.0
768,6.0,12.0,0.0,0.0,1.0,0.0,3783.045,5073.671,-44.228,27.9,27.522,8.512,0.0,0.0
770,6.0,12.0,0.0,2.0,3.0,0.0,3544.315,5305.618,-31.688,28.822,28.51,8.531,0.0,0.0
775,8.0,12.0,0.0,2.0,1.0,0.0,4956.539,4980.85,84.696,28.195,28.134,8.559,0.0,0.0
776,8.0,12.0,0.0,3.0,2.0,0.0,4792.993,5001.834,96.377,28.162,27.101,8.395,0.0,0.0
777,8.0,12.0,0.0,4.0,3.0,0.0,5195.62,5067.658,92.973,29.519,26.786,8.366,0.0,0.0
778,8.0,12.0,0.0,5.0,4.0,0.0,5016.669,5091.592,86.252,28.193,27.57,8.472,0.0,0.0
779,8.0,12.0,0.0,6.0,5.0,0.0,4718.435,5215.937,9.532,28.232,27.416,8.367,0.0,0.0
780,8.0,12.0,0.0,7.0,6.0,0.0,4901.389,5236.778,57.751,28.218,27.721,8.499,0.0,0.0
781,8.0,12.0,0.0,8.0,7.0,0.0,4840.845,5281.428,100.247,28.28,27.938,8.541,0.0,0.0
782,9.0,12.0,0.0,0.0,0.0,0.0,5410.297,5020.871,40.623,28.116,27.733,8.486,0.0,0.0
783,9.0,12.0,0.0,1.0,3.0,0.0,5751.561,5144.176,62.703,28.85,28.375,8.604,0.0,0.0
784,9.0,12.0,0.0,2.0,5.0,0.0,5648.355,5259.324,112.362,29.245,28.886,8.564,0.0,0.0
786,9.0,12.0,0.0,4.0,7.0,0.0,5397.319,5281.18,-43.552,28.641,28.486,8.501,0.0,0.0
789,0.0,3.0,0.0,0.0,0.0,0.0,107.906,1464.998,-33.974,28.443,27.932,23.956,4.0,
790,0.0,8.0,0.0,0.0,0.0,0.0,127.906,3684.521,50.391,28.256,27.352,21.967,4.0,
791,1.0,6.0,0.0,0.0,0.0,0.0,1044.114,2708.738,4.198,28.592,27.877,24.003,4.0,
793,2.0,0.0,0.0,0.0,0.0,0.0,1702.49,180.567,65.267,28.603,28.164,24.141,4.0,
795,3.0,0.0,0.0,0.0,0.0,0.0,2065.514,348.894,26.416,28.993,28.32,24.319,4.0,
796,3.0,0.0,0.0,0.0,0.0,0.0,2050.646,343.099,54.015,28.421,28.115,24.031,4.0,
798,3.0,3.0,0.0,0.0,0.0,0.0,2018.118,1364.255,-39.253,30.455,28.378,24.974,4.0,
800,3.0,4.0,0.0,0.0,0.0,0.0,2301.443,2006.106,40.348,28.496,28.415,24.201,4.0,
802,3.0,6.0,0.0,0.0,0.0,0.0,2223.349,2861.852,33.87,28.617,27.632,23.931,4.0,
804,3.0,11.0,0.0,0.0,0.0,0.0,2282.021,4877.733,36.098,28.872,28.099,24.21,4.0,
805,3.0,12.0,0.0,0.0,0.0,0.0,2282.043,4923.69,131.585,28.931,28.444,24.401,4.0,
807,4.0,2.0,0.0,0.0,0.0,0.0,2638.423,1111.412,99.068,29.383,28.683,24.635,4.0,
808,4.0,2.0,0.0,0.0,0.0,0.0,2638.451,1096.65,46.324,28.632,27.606,23.938,4.0,
810,4.0,5.0,0.0,0.0,0.0,0.0,2591.084,2323.81,79.787,27.694,26.414,23.094,4.0,
811,4.0,11.0,0.0,0.0,0.0,0.0,2886.835,4530.089,105.676,28.037,27.488,23.605,4.0,
812,4.0,11.0,0.0,0.0,0.0,0.0,2877.583,4535.574,89.895,27.833,27.15,23.417,4.0,
813,5.0,4.0,0.0,0.0,0.0,0.0,3360.997,2030.171,115.153,29.021,27.988,24.221,4.0,
815,5.0,10.0,0.0,0.0,0.0,0.0,3361.333,4123.624,55.156,29.497,27.303,24.031,4.0,
816,5.0,10.0,0.0,0.0,0.0,0.0,3355.997,4111.923,131.267,28.246,26.682,23.479,4.0,
818,5.0,11.0,0.0,0.0,0.0,0.0,3051.369,4897.245,55.122,28.576,27.787,23.956,4.0,
819,5.0,11.0,0.0,0.0,0.0,0.0,3026.59,4890.201,58.654,28.595,28.45,24.258,4.0,
821,6.0,2.0,0.0,0.0,0.0,0.0,4006.404,1211.24,133.334,28.905,28.413,22.578,4.0,
822,7.0,0.0,0.0,0.0,0.0,0.0,4505.159,95.739,77.323,28.538,27.354,23.731,4.0,
823,7.0,3.0,0.0,0.0,0.0,0.0,4205.131,1527.321,30.894,28.07,27.535,23.603,4.0,
824,7.0,3.0,0.0,0.0,0.0,0.0,4200.64,1523.542,42.94,29.13,27.625,23.99,4.0,
825,7.0,3.0,0.0,0.0,0.0,0.0,4271.859,1561.31,45.077,28.053,25.207,22.691,4.0,
827,7.0,5.0,0.0,0.0,0.0,0.0,4612.621,2401.663,65.086,28.012,27.748,23.725,4.0,
828,8.0,9.0,0.0,0.0,0.0,0.0,4788.775,4053.502,124.308,28.716,28.313,24.238,4.0,
830,9.0,4.0,0.0,0.0,0.0,0.0,5197.406,2024.003,16.802,28.678,28.006,24.102,4.0,
831,9.0,8.0,0.0,0.0,0.0,0.0,5686.126,3402.944,0.137,28.406,28.316,24.124,4.0,
833,9.0,10.0,0.0,0.0,0.0,0.0,5490.489,4110.658,9.401,28.404,27.988,24.001,4.0,
834,9.0,10.0,0.0,0.0,0.0,0.0,5487.786,4096.36,53.702,28.807,27.905,24.053,4.0,
</ResultDatas>,,,,,,,,,,,,,,
<ElementResult>,,,,,,,,,,,,,,
0,0.0,,,,,,,,,,,,,
1,0.0,,,,,,,,,,,,,
2,0.0,,,,,,,,,,,,,
3,0.0,,,,,,,,,,,,,
4,0.0,,,,,,,,,,,,,
5,616.0,,,,,,,,,,,,,
</ElementResult>,,,,,,,,,,,,,,
0,0.0,0.0,0.0,0.0,1.0,0.0,392.39,20.853,82.159,28.419,28.268,8.523,0.0,0.0
1,0.0,0.0,0.0,1.0,2.0,0.0,206.129,23.059,88.791,28.114,28.047,8.444,0.0,0.0
2,0.0,0.0,0.0,2.0,3.0,0.0,108.889,96.363,20.99,28.425,28.32,8.532,0.0,0.0
4,0.0,0.0,0.0,4.0,5.0,0.0,29.375,196.978,14.657,29.107,28.813,8.619,0.0,0.0
6,0.0,0.0,0.0,6.0,8.0,0.0,585.061,288.846,10.434,29.053,28.732,8.688,0.0,0.0
8,1.0,0.0,0.0,0.0,2.0,0.0,914.196,35.546,53.103,28.349,28.181,8.499,0.0,0.0
9,1.0,0.0,0.0,1.0,3.0,0.0,785.869,44.898,63.092,28.295,27.958,8.546,0.0,0.0
10,1.0,0.0,0.0,2.0,5.0,0.0,1075.17,166.79,117.903,28.303,28.185,8.583,0.0,0.0
11,1.0,0.0,0.0,3.0,6.0,0.0,913.536,191.002,106.006,28.593,28.493,8.583,0.0,0.0
12,1.0,0.0,0.0,4.0,9.0,0.0,927.159,391.03,101.779,28.535,28.275,8.541,0.0,0.0
14,2.0,0.0,0.0,1.0,1.0,0.0,1185.541,122.791,48.639,28.088,27.793,8.49,0.0,0.0
15,2.0,0.0,0.0,2.0,2.0,0.0,1455.379,130.017,92.892,27.805,27.672,8.429,0.0,0.0
18,2.0,0.0,0.0,5.0,6.0,0.0,1254.229,328.842,24.499,28.888,28.866,8.594,0.0,0.0
19,2.0,0.0,0.0,6.0,7.0,0.0,1341.284,367.966,83.197,28.329,28.227,8.593,0.0,0.0
21,3.0,0.0,0.0,0.0,0.0,0.0,2023.21,49.154,53.452,28.296,28.14,8.575,0.0,0.0
22,3.0,0.0,0.0,1.0,2.0,0.0,2301.734,104.908,-18.565,29.265,28.817,8.644,0.0,0.0
24,3.0,0.0,0.0,3.0,4.0,0.0,2160.531,348.477,103.908,28.62,28.452,8.581,0.0,0.0
25,3.0,0.0,0.0,4.0,5.0,0.0,1908.518,366.304,79.96,28.364,28.292,8.518,0.0,0.0
26,3.0,0.0,0.0,5.0,6.0,0.0,2300.655,399.108,57.018,30.466,29.452,9.609,0.0,0.0
30,4.0,0.0,0.0,0.0,0.0,0.0,2354.763,19.464,68.441,28.622,28.295,8.557,0.0,0.0
32,4.0,0.0,0.0,2.0,3.0,0.0,2850.179,131.295,10.207,28.537,28.363,8.555,0.0,0.0
34,4.0,0.0,0.0,4.0,5.0,0.0,2652.151,192.448,51.527,28.346,28.014,8.563,0.0,0.0
37,5.0,0.0,0.0,0.0,1.0,0.0,2997.734,25.285,64.418,28.557,28.456,8.572,0.0,0.0
38,5.0,0.0,0.0,1.0,2.0,0.0,3009.622,64.877,-4.285,28.257,28.152,8.481,0.0,0.0
39,5.0,0.0,0.0,2.0,3.0,0.0,2978.355,77.732,77.175,26.429,26.137,8.254,0.0,0.0
40,5.0,0.0,0.0,3.0,4.0,0.0,3427.044,150.746,124.372,28.334,28.283,8.603,0.0,0.0
41,5.0,0.0,0.0,4.0,5.0,0.0,2953.865,202.657,47.393,28.055,28.03,8.522,0.0,0.0
42,5.0,0.0,0.0,5.0,6.0,0.0,3402.139,254.432,-19.62,28.872,28.759,8.665,0.0,0.0
43,5.0,0.0,0.0,6.0,7.0,0.0,2895.892,272.483,-17.953,28.259,28.131,8.568,0.0,0.0
44,5.0,0.0,0.0,7.0,8.0,0.0,3127.771,416.346,71.295,28.696,28.465,8.594,0.0,0.0
45,6.0,0.0,0.0,0.0,0.0,0.0,3706.401,16.166,119.584,28.212,27.992,8.451,0.0,0.0
46,6.0,0.0,0.0,1.0,1.0,0.0,4035.26,144.422,77.49,28.685,28.555,8.606,0.0,0.0
47,6.0,0.0,0.0,2.0,2.0,0.0,3625.226,354.814,85.608,28.911,28.849,8.595,0.0,0.0
48,6.0,0.0,0.0,3.0,3.0,0.0,3952.266,354.743,7.75,29.443,29.236,8.644,0.0,0.0
49,6.0,0.0,0.0,4.0,4.0,0.0,3668.22,368.601,61.351,28.626,28.463,8.583,0.0,0.0
50,7.0,0.0,0.0,0.0,0.0,0.0,4338.971,29.301,-12.664,28.922,28.374,8.616,0.0,0.0
51,7.0,0.0,0.0,1.0,1.0,0.0,4385.827,70.941,70.491,28.354,28.136,8.493,0.0,0.0
52,7.0,0.0,0.0,2.0,3.0,0.0,4563.706,212.349,90.394,28.725,28.693,8.633,0.0,0.0
53,7.0,0.0,0.0,3.0,4.0,0.0,4326.529,236.656,37.922,28.009,27.928,8.499,0.0,0.0
54,7.0,0.0,0.0,4.0,6.0,0.0,4084.845,274.531,93.36,28.624,28.134,8.447,0.0,0.0
56,8.0,0.0,0.0,0.0,0.0,0.0,4737.577,15.586,62.675,28.412,28.251,8.52,0.0,0.0
58,8.0,0.0,0.0,2.0,2.0,0.0,4875.889,183.314,-22.915,28.107,27.939,8.516,0.0,0.0
59,8.0,0.0,0.0,3.0,3.0,0.0,4854.877,322.838,88.955,28.404,28.152,8.593,0.0,0.0
61,9.0,0.0,0.0,1.0,1.0,0.0,5606.859,95.549,130.458,28.41,28.254,8.519,0.0,0.0
64,9.0,0.0,0.0,4.0,4.0,0.0,5246.397,343.322,-36.268,28.596,28.499,8.584,0.0,0.0
65,9.0,0.0,0.0,5.0,5.0,0.0,5215.744,364.154,34.224,29.098,28.932,8.549,0.0,0.0
67,0.0,1.0,0.0,1.0,1.0,0.0,154.698,467.238,84.889,28.489,28.419,8.556,0.0,0.0
72,0.0,1.0,0.0,6.0,5.0,0.0,247.742,571.941,46.446,28.218,28.099,8.557,0.0,0.0
73,0.0,1.0,0.0,7.0,6.0,0.0,467.172,603.864,14.389,28.665,28.496,8.594,0.0,0.0
79,0.0,1.0,0.0,13.0,14.0,0.0,84.79,776.529,8.09,28.67,28.57,8.606,0.0,0.0
80,0.0,1.0,0.0,14.0,15.0,0.0,224.385,785.398,98.62,28.662,28.639,8.615,0.0,0.0
83,1.0,1.0,0.0,1.0,2.0,0.0,726.198,516.67,52.51,28.449,28.341,8.539,0.0,0.0
84,1.0,1.0,0.0,2.0,3.0,0.0,826.612,598.815,-7.168,28.306,28.209,8.497,0.0,0.0
85,1.0,1.0,0.0,3.0,4.0,0.0,656.309,611.495,61.833,28.353,28.204,8.503,0.0,0.0
87,1.0,1.0,0.0,5.0,8.0,0.0,637.014,744.538,-11.509,28.482,28.415,8.555,0.0,0.0
89,2.0,1.0,0.0,1.0,4.0,0.0,1518.87,556.587,82.561,28.322,28.193,8.497,0.0,0.0
91,2.0,1.0,0.0,3.0,6.0,0.0,1680.431,691.689,78.836,28.357,28.276,8.515,0.0,0.0
92,2.0,1.0,0.0,4.0,7.0,0.0,1311.174,727.276,93.551,28.267,27.979,8.457,0.0,0.0
93,2.0,1.0,0.0,5.0,8.0,0.0,1471.2,755.144,100.169,28.848,28.292,9.517,0.0,0.0
94,2.0,1.0,0.0,6.0,8.0,0.0,1468.616,732.514,100.347,28.585,28.025,9.55,0.0,0.0
96,2.0,1.0,0.0,8.0,10.0,0.0,1500.87,827.268,-5.395,29.082,27.198,8.373,0.0,0.0
97,3.0,1.0,0.0,0.0,4.0,0.0,2266.927,456.119,82.692,28.723,28.463,8.598,0.0,0.0
100,3.0,1.0,0.0,3.0,7.0,0.0,2163.925,587.041,-3.869,28.471,28.344,8.542,0.0,0.0
101,3.0,1.0,0.0,4.0,8.0,0.0,2167.462,621.44,132.437,28.368,28.271,8.606,0.0,0.0
102,3.0,1.0,0.0,5.0,9.0,0.0,2013.209,678.108,-12.545,28.258,27.344,8.36,0.0,0.0
103,3.0,1.0,0.0,6.0,10.0,0.0,1786.167,814.212,-27.773,28.79,28.733,8.649,0.0,0.0
104,4.0,1.0,0.0,0.0,1.0,0.0,2676.49,500.115,-17.583,28.299,28.232,8.5,0.0,0.0
105,4.0,1.0,0.0,1.0,2.0,0.0,2832.518,550.007,-27.996,28.738,28.601,8.621,0.0,0.0
107,4.0,1.0,0.0,3.0,4.0,0.0,2743.703,783.783,96.485,28.772,28.652,8.634,0.0,0.0
108,4.0,1.0,0.0,4.0,5.0,0.0,2684.351,812.499,47.749,29.009,28.992,8.631,0.0,0.0
109,4.0,1.0,0.0,5.0,6.0,0.0,2566.834,815.874,16.1,28.674,28.462,8.591,0.0,0.0
111,5.0,1.0,0.0,0.0,1.0,0.0,2897.028,432.261,43.603,29.009,28.829,8.607,0.0,0.0
113,5.0,1.0,0.0,2.0,4.0,0.0,3300.74,702.045,84.825,28.454,28.324,8.536,0.0,0.0
114,5.0,1.0,0.0,3.0,5.0,0.0,3031.74,710.639,107.133,28.469,28.296,8.535,0.0,0.0
116,6.0,1.0,0.0,1.0,1.0,0.0,3876.511,469.522,3.357,28.621,28.562,8.598,0.0,0.0
117,6.0,1.0,0.0,2.0,3.0,0.0,3714.306,566.28,59.998,28.083,27.792,8.49,0.0,0.0
118,6.0,1.0,0.0,3.0,4.0,0.0,3663.855,587.152,9.873,28.254,28.168,8.483,0.0,0.0
119,6.0,1.0,0.0,4.0,6.0,0.0,3925.811,710.089,76.356,28.667,28.498,8.595,0.0,0.0
120,6.0,1.0,0.0,5.0,7.0,0.0,3626.415,738.476,43.885,28.126,28.013,8.53,0.0,0.0
121,6.0,1.0,0.0,6.0,8.0,0.0,3956.15,792.721,19.769,29.152,29.046,8.661,0.0,0.0
122,7.0,1.0,0.0,0.0,1.0,0.0,4519.778,511.852,117.706,28.46,28.288,8.622,0.0,0.0
123,7.0,1.0,0.0,1.0,2.0,0.0,4168.87,528.669,-15.628,28.26,28.193,8.488,0.0,0.0
124,7.0,1.0,0.0,2.0,3.0,0.0,4492.051,595.345,134.42,28.685,28.566,8.608,0.0,0.0
126,7.0,1.0,0.0,4.0,5.0,0.0,4201.898,748.376,-31.446,28.395,28.204,8.51,0.0,0.0
127,7.0,1.0,0.0,5.0,6.0,0.0,4087.421,784.032,-18.063,29.109,28.93,8.637,0.0,0.0
128,7.0,1.0,0.0,6.0,7.0,0.0,4164.597,786.807,-11.752,28.768,28.601,8.626,0.0,0.0
130,8.0,1.0,0.0,0.0,1.0,0.0,4695.352,427.389,51.304,28.503,28.156,8.519,0.0,0.0
131,8.0,1.0,0.0,1.0,2.0,0.0,5095.578,533.617,-20.573,28.983,28.719,8.587,0.0,0.0
132,8.0,1.0,0.0,2.0,3.0,0.0,4883.663,574.815,67.282,28.505,28.307,8.542,0.0,0.0
133,8.0,1.0,0.0,3.0,5.0,0.0,5194.629,835.344,133.201,5.159,3.073,3.663,0.0,0.0
134,8.0,1.0,0.0,4.0,5.0,0.0,5187.939,820.873,31.628,30.102,30.02,8.769,0.0,0.0
135,9.0,1.0,0.0,0.0,0.0,0.0,5724.096,480.402,132.566,28.34,28.073,8.482,0.0,0.0
136,9.0,1.0,0.0,1.0,1.0,0.0,5541.506,516.367,121.878,28.268,28.066,8.559,0.0,0.0
137,9.0,1.0,0.0,2.0,3.0,0.0,5479.744,603.079,112.821,28.584,28.429,8.572,0.0,0.0
139,0.0,2.0,0.0,0.0,1.0,0.0,560.23,902.652,-4.67,29.261,28.876,8.651,0.0,0.0
140,0.0,2.0,0.0,1.0,2.0,0.0,458.085,915.694,5.595,28.831,28.406,8.606,0.0,0.0
141,0.0,2.0,0.0,2.0,3.0,0.0,47.525,925.533,3.402,28.338,28.226,8.595,0.0,0.0
142,0.0,2.0,0.0,3.0,4.0,0.0,294.029,962.716,2.009,28.499,28.442,8.561,0.0,0.0
143,0.0,2.0,0.0,4.0,5.0,0.0,145.373,975.229,64.665,28.022,27.852,8.49,0.0,0.0
144,0.0,2.0,0.0,5.0,6.0,0.0,332.888,977.147,54.714,28.233,28.073,8.555,0.0,0.0
146,0.0,2.0,0.0,7.0,8.0,0.0,392.773,1217.159,92.282,28.814,28.542,8.535,0.0,0.0
147,0.0,2.0,0.0,8.0,9.0,0.0,434.574,1220.789,23.287,29.13,28.993,8.649,0.0,0.0
148,1.0,2.0,0.0,0.0,0.0,0.0,918.19,873.914,89.968,28.339,28.241,8.507,0.0,0.0
149,1.0,2.0,0.0,1.0,1.0,0.0,870.39,911.214,60.323,27.958,27.829,8.476,0.0,0.0
150,1.0,2.0,0.0,2.0,2.0,0.0,648.62,948.101,47.425,28.496,28.312,8.541,0.0,0.0
151,1.0,2.0,0.0,3.0,4.0,0.0,713.036,985.372,120.172,28.401,28.368,8.535,0.0,0.0
152,1.0,2.0,0.0,4.0,5.0,0.0,807.413,1121.794,-5.546,28.396,28.309,8.526,0.0,0.0
154,2.0,2.0,0.0,0.0,1.0,0.0,1370.238,856.815,71.956,28.527,27.885,8.482,0.0,0.0
155,2.0,2.0,0.0,1.0,3.0,0.0,1539.364,953.642,50.181,28.717,28.44,8.593,0.0,0.0
156,2.0,2.0,0.0,2.0,4.0,0.0,1727.065,1147.123,34.989,29.313,29.022,8.681,0.0,0.0
157,2.0,2.0,0.0,3.0,5.0,0.0,1212.38,1225.796,23.866,29.432,28.823,9.244,0.0,0.0
158,2.0,2.0,0.0,4.0,5.0,0.0,1192.536,1209.403,26.535,28.986,28.479,9.227,0.0,0.0
162,3.0,2.0,0.0,1.0,2.0,0.0,1804.722,885.271,21.961,28.357,28.305,8.519,0.0,0.0
163,3.0,2.0,0.0,2.0,3.0,0.0,2014.31,955.679,96.373,28.204,27.994,8.538,0.0,0.0
166,3.0,2.0,0.0,5.0,7.0,0.0,2126.51,1103.507,111.685,29.121,28.94,8.64,0.0,0.0
167,3.0,2.0,0.0,6.0,8.0,0.0,2003.191,1115.854,128.177,28.323,28.193,8.497,0.0,0.0
172,3.0,2.0,0.0,11.0,13.0,0.0,1987.877,1203.812,79.089,28.787,28.466,8.607,0.0,0.0
174,4.0,2.0,0.0,1.0,5.0,0.0,2842.733,1000.168,116.196,28.659,28.509,8.595,0.0,0.0
175,4.0,2.0,0.0,2.0,6.0,0.0,2554.921,1006.815,82.682,28.515,28.253,8.535,0.0,0.0
176,4.0,2.0,0.0,3.0,7.0,0.0,2705.963,1009.3,-29.493,28.607,28.381,8.569,0.0,0.0
178,4.0,2.0,0.0,5.0,12.0,0.0,2787.43,1136.256,103.274,29.408,28.488,9.292,0.0,0.0
179,4.0,2.0,0.0,6.0,13.0,0.0,2545.84,1145.702,16.348,28.672,28.583,8.608,0.0,0.0
180,4.0,2.0,0.0,7.0,14.0,0.0,2874.152,1159.712,116.381,29.223,29.174,8.69,0.0,0.0
181,4.0,2.0,0.0,8.0,16.0,0.0,2427.862,1186.935,7.825,28.681,28.492,8.508,0.0,0.0
184,5.0,2.0,0.0,0.0,0.0,0.0,3049.192,859.483,60.15,28.417,28.297,8.527,0.0,0.0
185,5.0,2.0,0.0,1.0,1.0,0.0,3468.161,873.88,91.299,29.261,26.017,8.036,0.0,0.0
186,5.0,2.0,0.0,2.0,2.0,0.0,3272.66,919.429,94.544,28.578,28.422,8.57,0.0,0.0
189,5.0,2.0,0.0,5.0,5.0,0.0,3325.644,995.753,87.29,29.939,28.06,8.631,0.0,0.0
190,5.0,2.0,0.0,6.0,6.0,0.0,2905.235,1010.127,-20.05,28.416,28.367,8.537,0.0,0.0
191,5.0,2.0,0.0,7.0,8.0,0.0,3147.685,1069.011,25.496,28.74,28.457,9.785,0.0,0.0
192,5.0,2.0,0.0,8.0,8.0,0.0,3130.422,1059.394,55.227,28.557,28.295,9.865,0.0,0.0
193,5.0,2.0,0.0,9.0,9.0,0.0,3087.826,1069.783,20.794,28.557,28.481,8.576,0.0,0.0
194,5.0,2.0,0.0,10.0,11.0,0.0,3323.052,1161.448,123.91,28.545,28.298,8.546,0.0,0.0
195,5.0,2.0,0.0,11.0,12.0,0.0,3195.211,1215.347,107.496,28.518,28.498,8.572,0.0,0.0
197,5.0,2.0,0.0,13.0,14.0,0.0,3071.992,1230.037,101.879,29.056,29.033,8.644,0.0,0.0
198,6.0,2.0,0.0,0.0,0.0,0.0,3935.179,849.152,-12.718,28.525,28.257,8.537,0.0,0.0
199,6.0,2.0,0.0,1.0,1.0,0.0,3899.173,873.589,-29.776,28.746,28.616,8.536,0.0,0.0
200,6.0,2.0,0.0,2.0,3.0,0.0,3933.59,881.51,22.833,28.27,28.24,8.496,0.0,0.0
201,6.0,2.0,0.0,3.0,4.0,0.0,3485.996,1032.262,33.651,28.644,28.457,8.585,0.0,0.0
202,6.0,2.0,0.0,4.0,5.0,0.0,3532.978,1107.284,98.574,28.352,28.301,8.518,0.0,0.0
203,6.0,2.0,0.0,5.0,6.0,0.0,3922.346,1183.94,73.854,28.716,28.58,8.614,0.0,0.0
204,7.0,2.0,0.0,0.0,1.0,0.0,4479.002,846.343,46.658,28.391,28.261,8.518,0.0,0.0
205,7.0,2.0,0.0,1.0,2.0,0.0,4568.626,948.942,21.29,28.613,28.453,8.58,0.0,0.0
206,7.0,2.0,0.0,2.0,3.0,0.0,4526.746,1080.572,50.623,28.827,28.779,8.572,0.0,0.0
207,7.0,2.0,0.0,3.0,4.0,0.0,4316.932,1116.356,106.309,28.154,28.093,8.457,0.0,0.0
208,8.0,2.0,0.0,0.0,1.0,0.0,4801.404,837.912,81.533,28.524,28.288,8.542,0.0,0.0
209,8.0,2.0,0.0,1.0,3.0,0.0,4717.193,882.626,70.91,28.686,28.385,8.581,0.0,0.0
210,8.0,2.0,0.0,2.0,4.0,0.0,4703.066,1026.41,37.042,28.336,28.19,8.589,0.0,0.0
211,8.0,2.0,0.0,3.0,5.0,0.0,4684.702,1188.301,-19.941,28.575,28.496,8.581,0.0,0.0
213,9.0,2.0,0.0,0.0,1.0,0.0,5683.38,966.645,-5.169,28.799,28.634,8.547,0.0,0.0
214,9.0,2.0,0.0,1.0,2.0,0.0,5628.169,979.322,128.492,28.318,28.101,8.572,0.0,0.0
215,9.0,2.0,0.0,2.0,3.0,0.0,5510.922,1022.921,-28.953,28.368,28.293,8.519,0.0,0.0
216,9.0,2.0,0.0,3.0,4.0,0.0,5731.457,1070.84,-13.658,29.337,28.889,9.956,0.0,0.0
217,9.0,2.0,0.0,4.0,5.0,0.0,5657.254,1075.892,4.45,28.97,28.724,8.675,0.0,0.0
218,9.0,2.0,0.0,5.0,6.0,0.0,5351.062,1093.695,44.696,28.104,27.948,8.516,0.0,0.0
219,0.0,3.0,0.0,0.0,2.0,0.0,80.498,1284.649,55.741,28.305,28.194,8.584,0.0,0.0
220,0.0,3.0,0.0,1.0,3.0,0.0,369.408,1291.325,101.806,28.015,27.781,8.478,0.0,0.0
221,0.0,3.0,0.0,2.0,4.0,0.0,508.65,1381.076,129.417,29.027,28.922,8.623,0.0,0.0
222,0.0,3.0,0.0,3.0,5.0,0.0,162.344,1413.345,-20.086,28.148,27.985,8.529,0.0,0.0
223,0.0,3.0,0.0,4.0,6.0,0.0,555.499,1415.252,-21.293,28.943,28.877,8.604,0.0,0.0
224,0.0,3.0,0.0,5.0,7.0,0.0,277.998,1528.641,69.65,28.657,28.546,8.6,0.0,0.0
225,0.0,3.0,0.0,6.0,8.0,0.0,323.874,1558.095,82.295,28.853,28.339,9.405,0.0,0.0
227,0.0,3.0,0.0,8.0,10.0,0.0,357.585,1640.091,-22.612,28.886,28.767,8.579,0.0,0.0
230,1.0,3.0,0.0,2.0,2.0,0.0,664.11,1295.829,108.001,28.731,27.935,9.814,0.0,0.0
231,1.0,3.0,0.0,3.0,3.0,0.0,768.763,1320.754,92.248,28.478,28.349,8.544,0.0,0.0
233,1.0,3.0,0.0,5.0,5.0,0.0,1119.655,1435.051,117.218,28.678,28.382,8.579,0.0,0.0
234,1.0,3.0,0.0,6.0,7.0,0.0,641.434,1582.098,-15.86,28.374,28.335,8.526,0.0,0.0
235,1.0,3.0,0.0,7.0,8.0,0.0,697.302,1643.175,-4.328,29.487,27.333,8.453,0.0,0.0
237,2.0,3.0,0.0,1.0,2.0,0.0,1472.456,1343.267,112.893,28.449,28.329,8.537,0.0,0.0
239,2.0,3.0,0.0,3.0,4.0,0.0,1464.909,1385.852,95.01,28.299,27.991,8.552,0.0,0.0
240,2.0,3.0,0.0,4.0,6.0,0.0,1388.182,1421.079,75.845,27.921,27.862,8.476,0.0,0.0
243,2.0,3.0,0.0,7.0,9.0,0.0,1513.602,1481.25,70.522,28.444,28.393,8.546,0.0,0.0
246,2.0,3.0,0.0,10.0,12.0,0.0,1574.205,1530.264,105.869,28.82,28.605,8.634,0.0,0.0
247,2.0,3.0,0.0,11.0,13.0,0.0,1685.206,1541.31,-15.286,28.996,28.967,8.625,0.0,0.0
248,2.0,3.0,0.0,12.0,14.0,0.0,1499.993,1585.161,45.429,28.947,28.415,9.32,0.0,0.0
249,2.0,3.0,0.0,13.0,14.0,0.0,1486.061,1564.596,52.744,28.742,28.381,9.284,0.0,0.0
250,2.0,3.0,0.0,14.0,15.0,0.0,1415.316,1565.204,53.046,28.622,28.515,8.591,0.0,0.0
251,3.0,3.0,0.0,0.0,0.0,0.0,2291.974,1243.133,-10.103,28.514,28.359,8.551,0.0,0.0
255,3.0,3.0,0.0,4.0,5.0,0.0,1985.193,1364.907,72.965,28.313,28.278,8.598,0.0,0.0
256,3.0,3.0,0.0,5.0,6.0,0.0,2088.511,1435.166,130.13,28.33,28.187,8.497,0.0,0.0
258,3.0,3.0,0.0,7.0,9.0,0.0,2240.873,1592.573,-10.186,28.812,28.674,8.469,0.0,0.0
259,3.0,3.0,0.0,8.0,10.0,0.0,2139.549,1612.736,49.905,28.608,28.408,8.572,0.0,0.0
264,5.0,3.0,0.0,2.0,4.0,0.0,3204.856,1344.034,101.508,28.422,28.239,8.519,0.0,0.0
265,5.0,3.0,0.0,3.0,5.0,0.0,2931.009,1368.408,5.199,27.964,27.887,8.486,0.0,0.0
266,5.0,3.0,0.0,4.0,6.0,0.0,2940.915,1460.357,29.712,28.407,28.252,8.519,0.0,0.0
267,5.0,3.0,0.0,5.0,7.0,0.0,3346.665,1514.993,61.163,28.632,28.333,8.565,0.0,0.0
268,5.0,3.0,0.0,6.0,8.0,0.0,3347.923,1586.714,116.14,29.46,29.228,8.733,0.0,0.0
269,6.0,3.0,0.0,0.0,0.0,0.0,3917.011,1357.805,58.884,28.36,28.252,8.512,0.0,0.0
271,6.0,3.0,0.0,2.0,2.0,0.0,3592.519,1589.491,-26.965,28.178,28.112,8.553,0.0,0.0
272,7.0,3.0,0.0,0.0,0.0,0.0,4512.744,1361.076,112.139,28.838,28.817,8.668,0.0,0.0
274,7.0,3.0,0.0,2.0,2.0,0.0,4517.875,1431.278,1.007,29.05,28.981,8.636,0.0,0.0
275,7.0,3.0,0.0,3.0,3.0,0.0,4246.788,1446.615,78.432,28.185,27.993,8.536,0.0,0.0
276,7.0,3.0,0.0,4.0,4.0,0.0,4554.506,1516.058,12.554,28.936,28.861,8.601,0.0,0.0
280,8.0,3.0,0.0,3.0,5.0,0.0,4705.785,1458.997,12.902,28.256,27.816,8.52,0.0,0.0
281,8.0,3.0,0.0,4.0,6.0,0.0,4991.118,1564.944,-30.024,28.327,28.176,8.495,0.0,0.0
282,8.0,3.0,0.0,5.0,7.0,0.0,4862.062,1613.754,16.147,28.392,28.315,8.526,0.0,0.0
283,8.0,3.0,0.0,6.0,8.0,0.0,5147.256,1630.422,-1.183,29.944,29.455,8.582,0.0,0.0
284,9.0,3.0,0.0,0.0,0.0,0.0,5413.449,1289.555,56.963,28.366,28.275,8.516,0.0,0.0
288,9.0,3.0,0.0,4.0,4.0,0.0,5578.242,1392.509,-5.044,28.561,28.379,8.561,0.0,0.0
289,9.0,3.0,0.0,5.0,5.0,0.0,5533.371,1432.178,23.089,28.386,28.309,8.524,0.0,0.0
290,9.0,3.0,0.0,6.0,6.0,0.0,5452.769,1567.179,99.441,28.52,28.361,8.552,0.0,0.0
291,0.0,4.0,0.0,0.0,1.0,0.0,245.733,1677.198,95.128,28.345,28.079,8.573,0.0,0.0
292,0.0,4.0,0.0,1.0,2.0,0.0,377.47,1808.168,131.512,28.198,28.108,8.555,0.0,0.0
293,0.0,4.0,0.0,2.0,3.0,0.0,579.659,1816.051,-11.479,28.792,28.607,8.63,0.0,0.0
294,0.0,4.0,0.0,3.0,4.0,0.0,114.052,1932.711,58.174,28.018,27.93,8.501,0.0,0.0
295,0.0,4.0,0.0,4.0,5.0,0.0,332.191,1960.229,2.282,28.452,28.354,8.541,0.0,0.0
297,1.0,4.0,0.0,0.0,1.0,0.0,967.331,1647.282,131.345,28.371,28.24,8.602,0.0,0.0
298,1.0,4.0,0.0,1.0,2.0,0.0,878.011,1713.389,119.591,27.901,27.759,8.548,0.0,0.0
299,1.0,4.0,0.0,2.0,3.0,0.0,1067.424,1717.872,117.239,28.439,28.27,8.526,0.0,0.0
301,1.0,4.0,0.0,4.0,6.0,0.0,857.619,1846.695,59.021,28.377,28.307,8.523,0.0,0.0
302,1.0,4.0,0.0,5.0,7.0,0.0,967.72,1889.413,27.418,28.508,28.479,9.506,0.0,0.0
304,1.0,4.0,0.0,7.0,8.0,0.0,1051.448,2001.101,4.248,29.232,28.844,8.732,0.0,0.0
305,2.0,4.0,0.0,0.0,2.0,0.0,1425.145,1939.315,94.601,28.498,28.356,8.548,0.0,0.0
306,3.0,4.0,0.0,0.0,0.0,0.0,2012.532,1750.143,67.386,28.43,28.196,8.604,0.0,0.0
307,3.0,4.0,0.0,1.0,1.0,0.0,2066.283,1795.987,128.119,27.744,26.138,8.91,0.0,0.0
308,3.0,4.0,0.0,2.0,3.0,0.0,1880.604,1893.05,131.81,28.322,28.186,8.496,0.0,0.0
309,3.0,4.0,0.0,3.0,4.0,0.0,2270.304,1919.061,-10.691,28.703,28.604,8.616,0.0,0.0
311,3.0,4.0,0.0,5.0,6.0,0.0,1879.629,2029.697,79.17,28.67,28.488,8.593,0.0,0.0
312,4.0,4.0,0.0,0.0,0.0,0.0,2498.516,1648.645,57.83,28.589,28.475,8.58,0.0,0.0
313,4.0,4.0,0.0,1.0,2.0,0.0,2502.438,1785.084,-0.489,28.117,27.967,8.522,0.0,0.0
314,4.0,4.0,0.0,2.0,3.0,0.0,2607.62,1922.822,26.63,28.364,28.344,8.526,0.0,0.0
315,4.0,4.0,0.0,3.0,4.0,0.0,2840.826,2047.884,45.224,29.039,28.964,8.631,0.0,0.0
316,5.0,4.0,0.0,0.0,0.0,0.0,3212.967,1694.944,118.979,28.216,28.163,8.566,0.0,0.0
317,5.0,4.0,0.0,1.0,1.0,0.0,3398.252,1805.394,30.27,28.47,28.372,8.459,0.0,0.0
318,5.0,4.0,0.0,2.0,2.0,0.0,3388.454,1881.362,61.184,28.65,28.517,8.595,0.0,0.0
319,5.0,4.0,0.0,3.0,3.0,0.0,2939.153,1925.189,20.126,28.534,28.384,8.558,0.0,0.0
320,6.0,4.0,0.0,0.0,1.0,0.0,3561.981,1754.88,-38.391,28.243,28.182,8.573,0.0,0.0
321,6.0,4.0,0.0,1.0,2.0,0.0,3987.744,1819.483,-21.491,28.467,28.394,8.549,0.0,0.0
322,6.0,4.0,0.0,2.0,3.0,0.0,3619.904,1831.918,54.577,28.204,28.071,8.55,0.0,0.0
323,6.0,4.0,0.0,3.0,4.0,0.0,3822.131,1832.513,76.994,28.757,28.675,8.635,0.0,0.0
324,6.0,4.0,0.0,4.0,5.0,0.0,3561.525,1855.81,36.6,28.347,28.124,8.49,0.0,0.0
325,7.0,4.0,0.0,0.0,0.0,0.0,4302.891,1707.877,-26.394,28.051,27.941,8.508,0.0,0.0
326,7.0,4.0,0.0,1.0,1.0,0.0,4059.06,1718.73,39.095,28.639,28.463,8.585,0.0,0.0
327,7.0,4.0,0.0,2.0,2.0,0.0,4200.975,1727.517,28.856,28.219,28.025,8.546,0.0,0.0
328,7.0,4.0,0.0,3.0,3.0,0.0,4306.643,1770.907,78.615,28.421,28.193,8.512,0.0,0.0
329,7.0,4.0,0.0,4.0,4.0,0.0,4071.57,1996.457,89.212,29.018,28.937,8.624,0.0,0.0
330,7.0,4.0,0.0,5.0,5.0,0.0,4243.928,2015.474,3.845,28.659,28.584,8.607,0.0,0.0
331,7.0,4.0,0.0,6.0,6.0,0.0,4423.486,2046.579,110.361,28.716,28.548,8.61,0.0,0.0
332,8.0,4.0,0.0,0.0,1.0,0.0,5185.831,1703.325,-39.431,28.963,28.765,8.59,0.0,0.0
333,8.0,4.0,0.0,1.0,2.0,0.0,4906.655,2018.464,125.361,28.541,28.433,8.566,0.0,0.0
334,9.0,4.0,0.0,0.0,3.0,0.0,5550.997,1976.324,103.644,28.535,28.385,9.256,0.0,0.0
335,0.0,5.0,0.0,0.0,0.0,0.0,573.215,2063.198,-39.696,29.12,28.936,8.639,0.0,0.0
336,0.0,5.0,0.0,1.0,1.0,0.0,256.074,2062.997,60.315,28.535,28.343,8.552,0.0,0.0
337,0.0,5.0,0.0,2.0,2.0,0.0,319.702,2078.067,79.655,28.406,28.27,8.521,0.0,0.0
339,0.0,5.0,0.0,4.0,4.0,0.0,317.1,2204.378,106.033,28.241,28.188,8.574,0.0,0.0
345,1.0,5.0,0.0,3.0,2.0,0.0,680.585,2267.231,96.371,28.285,28.27,8.503,0.0,0.0
346,1.0,5.0,0.0,4.0,3.0,0.0,639.391,2322.658,62.572,28.475,28.345,8.543,0.0,0.0
347,1.0,5.0,0.0,5.0,4.0,0.0,924.701,2328.996,37.122,28.372,28.256,8.514,0.0,0.0
350,1.0,5.0,0.0,8.0,8.0,0.0,942.205,2424.94,85.128,28.744,28.473,8.602,0.0,0.0
351,1.0,5.0,0.0,9.0,9.0,0.0,1029.394,2435.955,124.681,28.753,28.632,8.628,0.0,0.0
352,2.0,5.0,0.0,0.0,0.0,0.0,1703.597,2100.659,130.238,28.79,28.564,8.623,0.0,0.0
356,2.0,5.0,0.0,4.0,4.0,0.0,1589.931,2196.158,108.364,28.418,28.343,9.347,0.0,0.0
358,2.0,5.0,0.0,6.0,6.0,0.0,1388.136,2233.454,89.388,28.398,28.267,8.52,0.0,0.0
360,3.0,5.0,0.0,0.0,1.0,0.0,1888.53,2068.984,53.293,28.701,28.381,8.582,0.0,0.0
363,3.0,5.0,0.0,3.0,4.0,0.0,1984.44,2127.306,99.132,28.617,28.509,8.589,0.0,0.0
365,3.0,5.0,0.0,5.0,7.0,0.0,1900.924,2283.759,41.235,28.425,28.277,8.525,0.0,0.0
366,3.0,5.0,0.0,6.0,8.0,0.0,2044.323,2415.824,62.167,28.639,28.541,8.509,0.0,0.0
367,4.0,5.0,0.0,0.0,1.0,0.0,2368.497,2186.522,27.302,28.38,28.141,8.498,0.0,0.0
368,4.0,5.0,0.0,1.0,3.0,0.0,2643.577,2281.202,86.796,28.466,28.274,8.531,0.0,0.0
369,5.0,5.0,0.0,0.0,0.0,0.0,3248.161,2087.969,18.133,28.508,28.145,8.518,0.0,0.0
370,5.0,5.0,0.0,1.0,1.0,0.0,3385.633,2104.515,-38.753,28.459,28.32,8.537,0.0,0.0
371,5.0,5.0,0.0,2.0,2.0,0.0,3018.164,2221.392,33.049,28.396,28.257,8.518,0.0,0.0
372,5.0,5.0,0.0,3.0,3.0,0.0,2960.454,2302.998,-8.114,28.522,28.43,8.563,0.0,0.0
373,5.0,5.0,0.0,4.0,4.0,0.0,3393.196,2353.143,-19.383,28.773,28.628,8.631,0.0,0.0
374,5.0,5.0,0.0,5.0,5.0,0.0,3270.835,2443.618,60.228,28.906,28.812,8.589,0.0,0.0
375,6.0,5.0,0.0,0.0,0.0,0.0,3608.523,2138.847,66.42,28.304,28.003,8.555,0.0,0.0
376,6.0,5.0,0.0,1.0,1.0,0.0,3968.631,2175.221,-18.691,28.392,28.282,8.521,0.0,0.0
377,6.0,5.0,0.0,2.0,2.0,0.0,3770.917,2182.257,85.388,28.838,27.85,8.522,0.0,0.0
378,6.0,5.0,0.0,3.0,3.0,0.0,3548.867,2187.667,46.275,28.446,28.266,8.527,0.0,0.0
379,6.0,5.0,0.0,4.0,4.0,0.0,3562.406,2298.379,-11.51,28.56,28.076,8.888,0.0,0.0
380,6.0,5.0,0.0,5.0,4.0,0.0,3590.066,2297.158,-8.704,28.129,27.849,8.888,0.0,0.0
381,7.0,5.0,0.0,0.0,1.0,0.0,4473.148,2178.155,-32.035,28.812,28.715,8.649,0.0,0.0
382,7.0,5.0,0.0,1.0,2.0,0.0,4067.392,2203.007,18.574,28.368,28.105,8.581,0.0,0.0
383,7.0,5.0,0.0,2.0,5.0,0.0,4084.457,2396.903,17.146,28.67,28.509,8.597,0.0,0.0
384,8.0,5.0,0.0,0.0,1.0,0.0,5050.659,2129.091,25.037,28.672,28.484,8.594,0.0,0.0
385,8.0,5.0,0.0,1.0,2.0,0.0,4990.413,2149.707,107.756,28.595,28.476,8.581,0.0,0.0
386,8.0,5.0,0.0,2.0,3.0,0.0,4890.191,2195.861,7.076,28.163,28.004,8.535,0.0,0.0
387,8.0,5.0,0.0,3.0,4.0,0.0,4637.073,2326.197,-10.282,28.35,28.295,8.517,0.0,0.0
388,9.0,5.0,0.0,0.0,0.0,0.0,5568.742,2063.79,71.205,28.725,28.616,8.621,0.0,0.0
389,9.0,5.0,0.0,1.0,1.0,0.0,5199.497,2075.677,-5.975,28.925,28.815,8.592,0.0,0.0
390,9.0,5.0,0.0,2.0,2.0,0.0,5672.524,2077.445,9.235,28.701,28.584,8.613,0.0,0.0
393,9.0,5.0,0.0,5.0,5.0,0.0,5481.242,2270.673,-15.226,28.174,28.116,8.463,0.0,0.0
395,9.0,5.0,0.0,7.0,7.0,0.0,5317.701,2416.823,16.461,28.625,28.567,8.599,0.0,0.0
396,0.0,6.0,0.0,0.0,0.0,0.0,551.759,2463.264,107.823,29.064,28.754,8.604,0.0,0.0
397,0.0,6.0,0.0,1.0,2.0,0.0,78.617,2483.795,47.006,28.277,28.105,8.567,0.0,0.0
399,0.0,6.0,0.0,3.0,4.0,0.0,79.17,2724.009,-39.268,28.634,28.357,9.051,0.0,0.0
400,0.0,6.0,0.0,4.0,5.0,0.0,299.966,2760.437,59.828,28.46,28.392,8.548,0.0,0.0
401,1.0,6.0,0.0,0.0,0.0,0.0,745.894,2470.663,91.875,28.641,28.274,8.557,0.0,0.0
402,1.0,6.0,0.0,1.0,1.0,0.0,734.43,2498.271,82.973,28.683,28.537,8.603,0.0,0.0
404,1.0,6.0,0.0,3.0,3.0,0.0,1079.569,2612.341,0.382,28.484,28.241,8.529,0.0,0.0
405,1.0,6.0,0.0,4.0,4.0,0.0,767.547,2618.069,117.104,28.161,27.933,8.523,0.0,0.0
406,1.0,6.0,0.0,5.0,5.0,0.0,961.807,2733.491,-18.584,28.821,28.764,8.658,0.0,0.0
408,1.0,6.0,0.0,7.0,8.0,0.0,703.225,2850.573,-33.179,28.976,28.961,8.622,0.0,0.0
409,1.0,6.0,0.0,8.0,9.0,0.0,648.278,2862.828,-34.637,29.034,28.985,8.634,0.0,0.0
410,2.0,6.0,0.0,0.0,0.0,0.0,1482.308,2466.62,-30.059,28.386,28.242,8.514,0.0,0.0
411,2.0,6.0,0.0,1.0,1.0,0.0,1619.356,2515.843,128.14,28.599,28.247,8.547,0.0,0.0
412,2.0,6.0,0.0,2.0,2.0,0.0,1544.731,2524.436,130.215,28.738,28.587,8.53,0.0,0.0
413,2.0,6.0,0.0,3.0,3.0,0.0,1709.263,2551.969,-5.208,28.882,28.801,8.673,0.0,0.0
415,2.0,6.0,0.0,5.0,5.0,0.0,1611.329,2584.708,38.55,28.737,28.615,8.623,0.0,0.0
416,2.0,6.0,0.0,6.0,6.0,0.0,1649.764,2661.436,-7.827,28.35,28.125,8.491,0.0,0.0
417,2.0,6.0,0.0,7.0,7.0,0.0,1462.551,2689.601,69.409,28.198,28.129,8.558,0.0,0.0
423,3.0,6.0,0.0,3.0,4.0,0.0,2304.981,2677.176,-26.682,28.917,28.789,8.587,0.0,0.0
424,3.0,6.0,0.0,4.0,5.0,0.0,1972.822,2695.347,77.86,28.433,28.302,8.53,0.0,0.0
425,3.0,6.0,0.0,5.0,6.0,0.0,2002.904,2735.644,-14.879,28.561,28.387,8.562,0.0,0.0
426,3.0,6.0,0.0,6.0,7.0,0.0,2041.911,2757.767,73.905,28.255,28.138,8.568,0.0,0.0
428,3.0,6.0,0.0,8.0,9.0,0.0,1964.191,2818.898,114.332,28.955,28.71,8.581,0.0,0.0
429,3.0,6.0,0.0,9.0,10.0,0.0,2049.592,2829.817,42.086,28.638,28.413,8.49,0.0,0.0
430,3.0,6.0,0.0,10.0,11.0,0.0,2152.299,2844.038,131.407,28.801,28.663,8.64,0.0,0.0
431,4.0,6.0,0.0,0.0,0.0,0.0,2846.125,2519.617,108.601,28.625,28.421,8.577,0.0,0.0
432,4.0,6.0,0.0,1.0,2.0,0.0,2804.519,2575.58,-30.247,28.624,28.417,8.576,0.0,0.0
433,4.0,6.0,0.0,2.0,5.0,0.0,2643.795,2752.429,115.22,28.478,28.377,8.548,0.0,0.0
434,4.0,6.0,0.0,3.0,6.0,0.0,2347.949,2771.199,127.192,28.667,28.602,8.611,0.0,0.0
435,5.0,6.0,0.0,0.0,1.0,0.0,3170.694,2555.169,38.728,28.175,28.079,8.458,0.0,0.0
438,5.0,6.0,0.0,3.0,4.0,0.0,3201.664,2595.922,71.657,28.123,28.02,8.53,0.0,0.0
439,5.0,6.0,0.0,4.0,5.0,0.0,2942.204,2700.546,9.792,28.396,28.276,8.521,0.0,0.0
440,5.0,6.0,0.0,5.0,6.0,0.0,2975.144,2746.955,91.027,28.313,28.098,8.571,0.0,0.0
442,6.0,6.0,0.0,0.0,2.0,0.0,3879.326,2651.406,112.519,28.838,28.73,8.567,0.0,0.0
443,6.0,6.0,0.0,1.0,3.0,0.0,3748.997,2742.099,41.426,28.546,28.462,8.571,0.0,0.0
444,6.0,6.0,0.0,2.0,4.0,0.0,3674.545,2787.921,18.29,28.492,28.384,8.551,0.0,0.0
445,6.0,6.0,0.0,3.0,5.0,0.0,3747.318,2816.127,130.515,28.832,28.51,8.621,0.0,0.0
446,6.0,6.0,0.0,4.0,6.0,0.0,3872.609,2839.17,-21.376,29.025,28.958,8.629,0.0,0.0
447,7.0,6.0,0.0,0.0,0.0,0.0,4525.81,2511.603,-42.433,28.73,28.587,8.618,0.0,0.0
452,7.0,6.0,0.0,5.0,5.0,0.0,4124.982,2772.176,-35.081,28.341,28.281,8.513,0.0,0.0
453,7.0,6.0,0.0,6.0,7.0,0.0,4240.721,2815.922,9.935,28.483,28.228,8.527,0.0,0.0
457,8.0,6.0,0.0,3.0,2.0,0.0,4624.006,2785.976,110.124,28.753,28.702,8.55,0.0,0.0
461,9.0,6.0,0.0,1.0,2.0,0.0,5409.912,2524.683,-18.07,27.987,27.944,8.498,0.0,0.0
462,9.0,6.0,0.0,2.0,3.0,0.0,5316.615,2527.127,27.255,28.39,28.302,8.614,0.0,0.0
463,9.0,6.0,0.0,3.0,5.0,0.0,5687.344,2665.518,-30.328,28.896,28.747,8.578,0.0,0.0
465,0.0,7.0,0.0,0.0,0.0,0.0,137.831,2903.316,27.057,28.824,28.622,8.548,0.0,0.0
466,0.0,7.0,0.0,1.0,1.0,0.0,287.367,2949.039,55.171,28.549,28.446,8.569,0.0,0.0
467,0.0,7.0,0.0,2.0,2.0,0.0,95.861,2961.655,54.396,28.164,28.073,8.545,0.0,0.0
471,0.0,7.0,0.0,6.0,8.0,0.0,522.182,3144.66,-0.741,29.171,29.073,8.667,0.0,0.0
472,0.0,7.0,0.0,7.0,9.0,0.0,108.902,3234.456,9.227,28.33,28.221,8.503,0.0,0.0
477,1.0,7.0,0.0,2.0,4.0,0.0,710.305,3070.783,43.005,28.309,28.247,8.503,0.0,0.0
478,1.0,7.0,0.0,3.0,5.0,0.0,873.461,3095.001,4.052,28.558,28.333,8.832,0.0,0.0
479,1.0,7.0,0.0,4.0,6.0,0.0,736.848,3091.732,20.013,28.66,28.437,8.585,0.0,0.0
480,1.0,7.0,0.0,5.0,7.0,0.0,710.856,3192.049,60.588,28.463,28.286,8.532,0.0,0.0
481,1.0,7.0,0.0,6.0,8.0,0.0,649.704,3238.629,-38.699,29.343,29.137,8.703,0.0,0.0
482,2.0,7.0,0.0,0.0,0.0,0.0,1255.095,2872.894,40.536,28.348,28.148,8.584,0.0,0.0
483,2.0,7.0,0.0,1.0,3.0,0.0,1339.967,2943.931,81.763,28.117,27.924,8.515,0.0,0.0
484,2.0,7.0,0.0,2.0,4.0,0.0,1390.466,2971.079,57.913,28.35,28.198,8.592,0.0,0.0
486,2.0,7.0,0.0,4.0,6.0,0.0,1630.035,3023.941,125.737,28.617,28.549,8.595,0.0,0.0
487,2.0,7.0,0.0,5.0,7.0,0.0,1306.925,3036.218,60.893,28.538,28.444,8.567,0.0,0.0
488,2.0,7.0,0.0,6.0,9.0,0.0,1639.225,3133.001,19.671,29.056,28.898,8.624,0.0,0.0
490,2.0,7.0,0.0,8.0,11.0,0.0,1472.049,3199.551,5.786,28.274,28.238,8.587,0.0,0.0
491,2.0,7.0,0.0,9.0,12.0,0.0,1394.818,3214.043,28.254,28.605,28.551,8.593,0.0,0.0
492,2.0,7.0,0.0,10.0,13.0,0.0,1236.077,3250.17,-8.243,28.807,28.712,8.648,0.0,0.0
493,2.0,7.0,0.0,11.0,14.0,0.0,1737.407,3274.612,-4.489,29.83,28.503,8.51,0.0,0.0
494,3.0,7.0,0.0,0.0,3.0,0.0,2243.385,3245.691,31.45,29.051,28.827,8.613,0.0,0.0
495,4.0,7.0,0.0,0.0,0.0,0.0,2405.717,2880.372,50.373,28.34,28.049,8.568,0.0,0.0
496,4.0,7.0,0.0,1.0,1.0,0.0,2382.744,2930.757,-29.866,30.323,27.685,9.163,0.0,0.0
497,4.0,7.0,0.0,2.0,2.0,0.0,2585.942,2929.683,106.135,28.205,28.087,8.553,0.0,0.0
499,4.0,7.0,0.0,4.0,4.0,0.0,2506.736,3101.283,-2.417,28.634,28.579,8.602,0.0,0.0
501,4.0,7.0,0.0,6.0,6.0,0.0,2791.155,3171.853,59.565,28.984,28.914,8.616,0.0,0.0
502,4.0,7.0,0.0,7.0,8.0,0.0,2333.914,3193.432,20.067,28.813,28.734,8.652,0.0,0.0
503,4.0,7.0,0.0,8.0,9.0,0.0,2397.311,3223.619,112.867,28.308,28.251,8.504,0.0,0.0
504,5.0,7.0,0.0,0.0,1.0,0.0,3458.124,2962.784,-15.172,28.749,28.455,8.601,0.0,0.0
505,5.0,7.0,0.0,1.0,2.0,0.0,3443.755,3029.639,-32.313,28.979,28.751,8.591,0.0,0.0
506,5.0,7.0,0.0,2.0,3.0,0.0,3322.02,3068.784,-30.516,28.703,28.587,8.614,0.0,0.0
507,5.0,7.0,0.0,3.0,4.0,0.0,3327.874,3258.075,62.41,29.416,29.053,8.614,0.0,0.0
508,5.0,7.0,0.0,4.0,5.0,0.0,3028.889,3274.194,-2.371,29.014,28.347,8.536,0.0,0.0
509,6.0,7.0,0.0,0.0,1.0,0.0,3913.547,3024.114,-18.734,28.644,28.598,8.607,0.0,0.0
510,6.0,7.0,0.0,1.0,2.0,0.0,3680.497,3037.309,59.299,28.201,28.138,8.56,0.0,0.0
511,6.0,7.0,0.0,2.0,3.0,0.0,3687.062,3110.581,100.727,28.124,27.927,8.516,0.0,0.0
514,6.0,7.0,0.0,5.0,6.0,0.0,3726.452,3201.871,53.163,28.541,28.284,8.544,0.0,0.0
515,6.0,7.0,0.0,6.0,7.0,0.0,3672.401,3252.87,86.473,28.743,28.512,8.52,0.0,0.0
516,6.0,7.0,0.0,7.0,8.0,0.0,3742.388,3275.547,-3.218,29.53,26.952,8.401,0.0,0.0
518,7.0,7.0,0.0,1.0,1.0,0.0,4614.39,3004.684,-18.034,28.617,28.491,8.587,0.0,0.0
519,7.0,7.0,0.0,2.0,2.0,0.0,4275.815,3015.561,53.626,27.835,27.587,8.512,0.0,0.0
521,7.0,7.0,0.0,4.0,4.0,0.0,4191.0,3235.268,35.076,28.4,28.33,8.529,0.0,0.0
522,7.0,7.0,0.0,5.0,5.0,0.0,4464.106,3269.265,91.166,28.923,28.821,8.593,0.0,0.0
523,8.0,7.0,0.0,0.0,0.0,0.0,4881.009,2915.951,7.713,28.127,28.071,8.539,0.0,0.0
525,8.0,7.0,0.0,2.0,3.0,0.0,4901.08,3030.907,103.623,28.354,28.286,8.516,0.0,0.0
526,8.0,7.0,0.0,3.0,5.0,0.0,5018.117,3071.227,-12.516,28.757,28.687,8.637,0.0,0.0
527,8.0,7.0,0.0,4.0,7.0,0.0,5151.218,3159.713,-14.464,29.167,29.155,8.679,0.0,0.0
529,9.0,7.0,0.0,0.0,1.0,0.0,5448.514,2914.988,58.838,28.488,28.277,8.535,0.0,0.0
530,9.0,7.0,0.0,1.0,2.0,0.0,5690.833,2951.737,130.138,28.436,28.145,8.507,0.0,0.0
531,9.0,7.0,0.0,2.0,3.0,0.0,5356.059,2981.721,68.564,28.097,28.013,8.525,0.0,0.0
532,9.0,7.0,0.0,3.0,4.0,0.0,5623.763,3034.858,81.576,28.543,28.451,8.569,0.0,0.0
533,9.0,7.0,0.0,4.0,5.0,0.0,5444.99,3128.683,104.439,28.392,28.349,8.531,0.0,0.0
534,9.0,7.0,0.0,5.0,6.0,0.0,5727.144,3131.186,-40.6,29.135,28.891,8.635,0.0,0.0
535,9.0,7.0,0.0,6.0,7.0,0.0,5348.964,3158.993,75.984,28.355,28.292,8.607,0.0,0.0
536,9.0,7.0,0.0,7.0,8.0,0.0,5290.215,3245.778,112.054,28.588,28.499,8.583,0.0,0.0
537,0.0,8.0,0.0,0.0,1.0,0.0,491.147,3287.393,123.628,28.83,28.719,8.653,0.0,0.0
538,0.0,8.0,0.0,1.0,3.0,0.0,423.734,3320.037,-8.073,28.312,28.185,8.494,0.0,0.0
540,0.0,8.0,0.0,3.0,5.0,0.0,478.316,3323.631,127.122,28.622,28.515,8.591,0.0,0.0
541,0.0,8.0,0.0,4.0,6.0,0.0,247.708,3401.856,0.849,28.259,28.127,8.478,0.0,0.0
542,1.0,8.0,0.0,0.0,0.0,0.0,854.529,3400.745,129.763,28.23,28.079,8.556,0.0,0.0
543,1.0,8.0,0.0,1.0,1.0,0.0,888.135,3453.884,61.219,29.067,28.907,8.627,0.0,0.0
544,1.0,8.0,0.0,2.0,2.0,0.0,1056.899,3481.121,-39.805,28.329,28.275,8.51,0.0,0.0
545,1.0,8.0,0.0,3.0,4.0,0.0,787.01,3664.081,-30.635,28.71,28.555,8.61,0.0,0.0
546,2.0,8.0,0.0,0.0,1.0,0.0,1483.199,3392.45,58.491,28.271,28.248,8.498,0.0,0.0
547,2.0,8.0,0.0,1.0,2.0,0.0,1200.235,3494.921,80.195,28.007,27.937,8.5,0.0,0.0
548,2.0,8.0,0.0,2.0,3.0,0.0,1407.896,3539.825,118.224,28.15,28.011,8.533,0.0,0.0
549,2.0,8.0,0.0,3.0,4.0,0.0,1167.745,3620.847,85.792,28.661,28.589,8.519,0.0,0.0
550,2.0,8.0,0.0,4.0,5.0,0.0,1190.347,3640.796,25.29,28.812,28.742,8.565,0.0,0.0
551,3.0,8.0,0.0,0.0,1.0,0.0,1973.021,3374.503,24.215,28.191,28.114,8.466,0.0,0.0
552,3.0,8.0,0.0,1.0,3.0,0.0,2181.04,3492.746,68.724,28.551,28.336,8.553,0.0,0.0
553,3.0,8.0,0.0,2.0,4.0,0.0,2289.65,3539.877,-20.862,28.784,28.595,8.628,0.0,0.0
554,3.0,8.0,0.0,3.0,5.0,0.0,2180.825,3609.948,126.763,28.534,28.346,8.552,0.0,0.0
555,3.0,8.0,0.0,4.0,6.0,0.0,1870.813,3681.721,41.78,28.571,28.521,8.584,0.0,0.0
556,4.0,8.0,0.0,0.0,0.0,0.0,2808.028,3283.442,-40.028,28.657,28.466,8.589,0.0,0.0
557,4.0,8.0,0.0,1.0,1.0,0.0,2533.954,3292.067,61.795,28.193,28.113,8.555,0.0,0.0
559,4.0,8.0,0.0,3.0,4.0,0.0,2733.072,3474.334,-18.56,29.032,28.909,8.622,0.0,0.0
560,4.0,8.0,0.0,4.0,5.0,0.0,2552.352,3489.756,22.313,28.499,28.396,8.554,0.0,0.0
561,4.0,8.0,0.0,5.0,6.0,0.0,2817.376,3507.074,-40.453,28.774,28.747,8.56,0.0,0.0
563,5.0,8.0,0.0,1.0,4.0,0.0,3257.629,3500.9,-11.576,28.713,28.516,8.604,0.0,0.0
564,5.0,8.0,0.0,2.0,5.0,0.0,3112.9,3505.634,-24.303,28.428,28.366,8.539,0.0,0.0
565,5.0,8.0,0.0,3.0,6.0,0.0,3367.209,3542.959,107.687,28.729,28.677,8.631,0.0,0.0
566,6.0,8.0,0.0,0.0,1.0,0.0,3954.851,3280.791,114.8,28.428,28.242,8.521,0.0,0.0
567,6.0,8.0,0.0,1.0,2.0,0.0,3851.604,3296.19,114.664,28.858,28.658,8.647,0.0,0.0
569,6.0,8.0,0.0,3.0,4.0,0.0,3770.979,3374.797,78.069,28.165,28.106,8.55,0.0,0.0
571,6.0,8.0,0.0,5.0,6.0,0.0,3588.933,3421.303,26.693,28.722,28.486,8.602,0.0,0.0
572,6.0,8.0,0.0,6.0,7.0,0.0,4043.365,3425.534,92.92,29.292,27.014,8.37,0.0,0.0
573,6.0,8.0,0.0,7.0,8.0,0.0,3840.746,3535.846,18.309,28.387,28.353,8.531,0.0,0.0
574,6.0,8.0,0.0,8.0,9.0,0.0,3576.871,3556.004,6.767,28.558,28.487,8.577,0.0,0.0
575,6.0,8.0,0.0,9.0,10.0,0.0,3674.233,3602.519,-9.322,28.441,28.399,8.546,0.0,0.0
576,7.0,8.0,0.0,0.0,2.0,0.0,4618.846,3437.131,93.087,29.457,27.896,8.53,0.0,0.0
578,7.0,8.0,0.0,2.0,7.0,0.0,4142.417,3657.471,43.222,28.901,28.812,8.588,0.0,0.0
580,8.0,8.0,0.0,0.0,0.0,0.0,5013.502,3323.7,116.123,28.519,28.381,8.555,0.0,0.0
581,8.0,8.0,0.0,1.0,2.0,0.0,5076.788,3384.775,70.898,28.814,28.74,8.653,0.0,0.0
582,8.0,8.0,0.0,2.0,5.0,0.0,4728.961,3466.742,58.229,28.408,28.241,8.517,0.0,0.0
583,8.0,8.0,0.0,3.0,6.0,0.0,5144.796,3524.384,-9.216,28.944,28.807,8.683,0.0,0.0
584,8.0,8.0,0.0,4.0,7.0,0.0,4923.532,3540.435,31.475,28.277,28.069,9.516,0.0,0.0
585,9.0,8.0,0.0,0.0,0.0,0.0,5635.608,3313.205,-27.208,28.001,27.968,8.504,0.0,0.0
586,9.0,8.0,0.0,1.0,1.0,0.0,5451.424,3351.319,67.846,28.439,28.139,8.507,0.0,0.0
587,9.0,8.0,0.0,2.0,2.0,0.0,5516.652,3393.709,85.38,28.315,28.099,8.571,0.0,0.0
588,9.0,8.0,0.0,3.0,3.0,0.0,5213.712,3420.274,16.617,28.416,28.304,8.528,0.0,0.0
589,9.0,8.0,0.0,4.0,4.0,0.0,5733.254,3444.43,10.398,28.874,28.825,8.586,0.0,0.0
590,9.0,8.0,0.0,5.0,5.0,0.0,5566.89,3441.665,-2.299,12.06,11.861,6.223,0.0,0.0
591,9.0,8.0,0.0,6.0,5.0,0.0,5559.764,3438.087,44.649,11.591,11.011,6.056,0.0,0.0
592,9.0,8.0,0.0,7.0,6.0,0.0,5437.134,3477.081,97.092,28.844,28.585,8.634,0.0,0.0
593,9.0,8.0,0.0,8.0,7.0,0.0,5343.186,3535.786,-28.162,28.087,27.945,8.514,0.0,0.0
594,9.0,8.0,0.0,9.0,8.0,0.0,5503.298,3684.486,-4.771,29.508,25.43,8.163,0.0,0.0
595,0.0,9.0,0.0,0.0,0.0,0.0,544.783,3687.075,130.27,28.389,28.186,8.506,0.0,0.0
596,0.0,9.0,0.0,1.0,1.0,0.0,302.188,3774.402,-35.014,28.432,28.212,9.696,0.0,0.0
597,0.0,9.0,0.0,2.0,1.0,0.0,322.732,3772.075,14.144,28.742,28.462,9.659,0.0,0.0
600,0.0,9.0,0.0,5.0,4.0,0.0,490.826,3884.919,-5.181,28.237,28.179,8.482,0.0,0.0
602,1.0,9.0,0.0,0.0,1.0,0.0,624.741,3973.88,-15.212,28.402,28.322,8.529,0.0,0.0
603,1.0,9.0,0.0,1.0,2.0,0.0,687.48,3980.952,112.339,12.051,11.83,5.561,0.0,0.0
604,2.0,9.0,0.0,0.0,0.0,0.0,1571.337,3861.277,55.265,28.303,28.204,8.496,0.0,0.0
605,2.0,9.0,0.0,1.0,1.0,0.0,1326.913,3892.604,59.395,28.164,28.08,8.546,0.0,0.0
607,2.0,9.0,0.0,3.0,3.0,0.0,1622.563,3979.773,62.185,28.983,28.847,8.606,0.0,0.0
608,2.0,9.0,0.0,4.0,4.0,0.0,1399.284,4033.112,118.984,28.587,28.359,8.562,0.0,0.0
609,2.0,9.0,0.0,5.0,5.0,0.0,1660.591,4085.837,15.752,29.664,29.454,8.709,0.0,0.0
611,3.0,9.0,0.0,1.0,2.0,0.0,2114.534,3859.831,88.818,28.517,28.388,8.556,0.0,0.0
612,3.0,9.0,0.0,2.0,3.0,0.0,1848.666,3931.889,-6.391,28.506,28.429,8.56,0.0,0.0
613,3.0,9.0,0.0,3.0,4.0,0.0,2114.715,3938.422,119.736,28.755,28.484,8.606,0.0,0.0
614,3.0,9.0,0.0,4.0,5.0,0.0,2202.706,3973.324,-10.71,28.552,28.498,8.578,0.0,0.0
615,3.0,9.0,0.0,5.0,6.0,0.0,1916.356,4009.119,50.938,28.587,28.528,8.587,0.0,0.0
616,4.0,9.0,0.0,0.0,0.0,0.0,2842.583,3702.696,-22.364,28.944,28.773,8.589,0.0,0.0
617,4.0,9.0,0.0,1.0,1.0,0.0,2687.389,3789.714,74.908,28.357,28.28,8.515,0.0,0.0
618,4.0,9.0,0.0,2.0,2.0,0.0,2375.301,3809.868,35.975,28.093,28.008,8.524,0.0,0.0
619,4.0,9.0,0.0,3.0,3.0,0.0,2372.574,3884.487,40.081,28.486,28.323,8.541,0.0,0.0
620,4.0,9.0,0.0,4.0,4.0,0.0,2471.493,4023.239,105.247,28.258,28.188,8.487,0.0,0.0
621,4.0,9.0,0.0,5.0,5.0,0.0,2744.853,4066.121,-7.34,28.9,28.808,8.677,0.0,0.0
622,5.0,9.0,0.0,0.0,0.0,0.0,3307.986,3917.009,80.664,28.891,28.698,8.658,0.0,0.0
624,5.0,9.0,0.0,2.0,2.0,0.0,3130.679,3986.866,31.698,28.604,28.493,8.585,0.0,0.0
625,6.0,9.0,0.0,0.0,0.0,0.0,3784.81,3824.65,105.04,28.389,28.313,8.525,0.0,0.0
626,6.0,9.0,0.0,1.0,1.0,0.0,3918.095,3947.833,14.032,28.547,28.404,8.563,0.0,0.0
627,6.0,9.0,0.0,2.0,2.0,0.0,3706.481,3995.079,122.086,28.63,28.589,8.603,0.0,0.0
628,6.0,9.0,0.0,3.0,3.0,0.0,3773.906,4056.158,132.94,29.035,28.867,8.616,0.0,0.0
629,7.0,9.0,0.0,0.0,1.0,0.0,4306.75,3730.812,-33.998,28.285,28.274,8.504,0.0,0.0
631,7.0,9.0,0.0,2.0,4.0,0.0,4385.901,3885.533,64.733,28.534,28.388,8.558,0.0,0.0
632,7.0,9.0,0.0,3.0,5.0,0.0,4237.891,3893.868,11.874,28.566,28.329,8.554,0.0,0.0
633,7.0,9.0,0.0,4.0,6.0,0.0,4441.923,3939.205,82.931,28.719,28.69,8.631,0.0,0.0
634,7.0,9.0,0.0,5.0,7.0,0.0,4322.321,3995.325,-17.058,28.606,28.562,8.595,0.0,0.0
635,8.0,9.0,0.0,0.0,0.0,0.0,5195.047,3775.064,96.861,29.101,27.435,8.411,0.0,0.0
638,8.0,9.0,0.0,3.0,4.0,0.0,5085.822,3934.611,91.889,28.675,28.559,8.605,0.0,0.0
639,8.0,9.0,0.0,4.0,5.0,0.0,5127.404,3938.353,-2.399,28.916,28.774,8.674,0.0,0.0
640,8.0,9.0,0.0,5.0,6.0,0.0,4654.648,4011.496,38.408,28.615,28.429,8.577,0.0,0.0
642,8.0,9.0,0.0,7.0,8.0,0.0,4679.032,4041.983,116.992,28.889,28.803,8.674,0.0,0.0
643,9.0,9.0,0.0,0.0,3.0,0.0,5418.223,3838.148,70.656,28.146,28.071,8.542,0.0,0.0
649,0.0,10.0,0.0,3.0,2.0,0.0,368.859,4302.412,96.922,28.495,28.373,8.55,0.0,0.0
650,0.0,10.0,0.0,4.0,3.0,0.0,308.701,4317.343,124.105,28.305,28.156,8.489,0.0,0.0
651,0.0,10.0,0.0,5.0,4.0,0.0,498.292,4337.413,-16.712,28.711,28.597,8.616,0.0,0.0
652,0.0,10.0,0.0,6.0,5.0,0.0,438.423,4361.897,93.762,28.831,28.65,8.642,0.0,0.0
653,0.0,10.0,0.0,7.0,6.0,0.0,451.466,4398.962,93.348,28.914,28.694,8.572,0.0,0.0
654,0.0,10.0,0.0,8.0,7.0,0.0,54.373,4450.296,-29.021,28.593,28.449,8.576,0.0,0.0
657,1.0,10.0,0.0,0.0,0.0,0.0,619.808,4102.876,58.337,28.469,28.278,8.622,0.0,0.0
658,2.0,10.0,0.0,0.0,2.0,0.0,1362.441,4149.807,71.397,28.425,28.127,8.592,0.0,0.0
659,2.0,10.0,0.0,1.0,3.0,0.0,1185.355,4157.231,46.091,28.707,28.362,8.58,0.0,0.0
660,2.0,10.0,0.0,2.0,4.0,0.0,1263.669,4290.681,116.248,28.206,28.124,8.469,0.0,0.0
661,2.0,10.0,0.0,3.0,5.0,0.0,1455.696,4292.569,28.276,28.648,28.484,8.59,0.0,0.0
663,2.0,10.0,0.0,5.0,7.0,0.0,1341.237,4446.346,-35.675,28.64,28.51,8.593,0.0,0.0
665,3.0,10.0,0.0,0.0,0.0,0.0,2124.267,4095.239,102.289,28.239,28.125,8.564,0.0,0.0
666,3.0,10.0,0.0,1.0,1.0,0.0,1745.856,4095.912,75.355,28.784,28.548,8.62,0.0,0.0
667,3.0,10.0,0.0,2.0,3.0,0.0,2165.064,4312.084,97.173,28.429,28.331,8.534,0.0,0.0
668,3.0,10.0,0.0,3.0,4.0,0.0,1975.258,4317.183,61.723,27.97,27.943,8.496,0.0,0.0
670,3.0,10.0,0.0,5.0,6.0,0.0,2009.89,4450.735,95.009,28.958,28.717,8.583,0.0,0.0
671,3.0,10.0,0.0,6.0,7.0,0.0,2083.95,4474.467,-23.417,28.795,28.72,8.559,0.0,0.0
672,4.0,10.0,0.0,0.0,0.0,0.0,2635.382,4139.271,33.598,28.275,28.14,8.482,0.0,0.0
673,4.0,10.0,0.0,1.0,1.0,0.0,2327.281,4205.906,12.791,28.424,28.309,8.53,0.0,0.0
674,4.0,10.0,0.0,2.0,2.0,0.0,2589.709,4262.492,12.596,28.369,28.192,8.504,0.0,0.0
675,4.0,10.0,0.0,3.0,3.0,0.0,2467.208,4381.88,109.081,28.448,28.21,8.895,0.0,0.0
677,4.0,10.0,0.0,5.0,4.0,0.0,2546.51,4412.765,90.24,28.652,28.458,8.586,0.0,0.0
678,5.0,10.0,0.0,0.0,0.0,0.0,2984.68,4124.411,74.639,18.335,17.602,6.831,0.0,0.0
679,5.0,10.0,0.0,1.0,1.0,0.0,3343.521,4160.803,-11.953,28.661,28.611,8.611,0.0,0.0
680,5.0,10.0,0.0,2.0,2.0,0.0,3424.01,4246.165,-5.977,28.762,28.647,8.632,0.0,0.0
681,5.0,10.0,0.0,3.0,3.0,0.0,3241.342,4279.994,57.882,28.107,27.969,8.52,0.0,0.0
682,5.0,10.0,0.0,4.0,4.0,0.0,3343.275,4392.432,132.953,28.869,28.778,8.667,0.0,0.0
684,6.0,10.0,0.0,1.0,1.0,0.0,3622.12,4256.889,37.473,27.918,27.74,8.457,0.0,0.0
685,6.0,10.0,0.0,2.0,2.0,0.0,3672.55,4263.045,59.389,28.421,28.306,8.529,0.0,0.0
686,6.0,10.0,0.0,3.0,3.0,0.0,3639.268,4394.21,50.588,28.237,28.109,8.561,0.0,0.0
688,6.0,10.0,0.0,5.0,5.0,0.0,3781.65,4464.851,-1.177,29.134,29.004,8.651,0.0,0.0
689,7.0,10.0,0.0,0.0,0.0,0.0,4412.457,4170.931,39.596,28.41,28.3,8.526,0.0,0.0
690,7.0,10.0,0.0,1.0,1.0,0.0,4382.238,4192.764,60.447,28.366,28.268,8.515,0.0,0.0
691,7.0,10.0,0.0,2.0,2.0,0.0,4561.871,4288.951,19.026,29.15,28.969,8.649,0.0,0.0
692,7.0,10.0,0.0,3.0,3.0,0.0,4620.36,4345.362,92.866,30.104,25.653,8.201,0.0,0.0
693,7.0,10.0,0.0,4.0,4.0,0.0,4251.302,4364.406,37.455,28.434,28.217,8.518,0.0,0.0
694,7.0,10.0,0.0,5.0,5.0,0.0,4177.355,4373.685,-28.339,28.593,28.379,8.566,0.0,0.0
697,8.0,10.0,0.0,0.0,0.0,0.0,4946.843,4139.6,119.182,28.545,28.433,8.567,0.0,0.0
698,8.0,10.0,0.0,1.0,1.0,0.0,4948.875,4230.988,89.465,28.129,27.954,8.521,0.0,0.0
699,8.0,10.0,0.0,2.0,2.0,0.0,4675.784,4277.45,16.408,29.001,28.792,8.6,0.0,0.0
700,8.0,10.0,0.0,3.0,3.0,0.0,5184.27,4280.637,-2.577,28.942,28.417,8.626,0.0,0.0
701,8.0,10.0,0.0,4.0,4.0,0.0,4973.078,4327.781,-2.48,28.508,28.479,8.568,0.0,0.0
702,8.0,10.0,0.0,5.0,6.0,0.0,5154.715,4380.954,-25.031,29.174,28.949,8.65,0.0,0.0
703,9.0,10.0,0.0,0.0,1.0,0.0,5673.643,4147.109,119.091,28.735,28.628,8.624,0.0,0.0
705,9.0,10.0,0.0,2.0,3.0,0.0,5560.628,4215.354,129.203,28.716,28.512,8.604,0.0,0.0
706,9.0,10.0,0.0,3.0,4.0,0.0,5419.547,4218.087,-2.751,28.122,28.002,8.528,0.0,0.0
708,0.0,11.0,0.0,0.0,0.0,0.0,84.359,4735.638,56.019,28.413,28.345,8.534,0.0,0.0
709,0.0,11.0,0.0,1.0,1.0,0.0,415.516,4802.702,122.544,29.145,29.084,8.665,0.0,0.0
710,0.0,11.0,0.0,2.0,3.0,0.0,55.917,4875.359,33.353,29.03,28.877,8.706,0.0,0.0
711,1.0,11.0,0.0,0.0,0.0,0.0,1162.234,4522.784,81.68,28.576,28.187,8.534,0.0,0.0
713,1.0,11.0,0.0,2.0,2.0,0.0,786.163,4577.247,68.934,27.932,27.865,8.478,0.0,0.0
714,1.0,11.0,0.0,3.0,3.0,0.0,1080.317,4655.869,-29.997,28.961,28.434,8.541,0.0,0.0
715,1.0,11.0,0.0,4.0,4.0,0.0,901.893,4761.71,66.177,28.308,28.227,8.59,0.0,0.0
718,2.0,11.0,0.0,1.0,2.0,0.0,1714.43,4621.137,108.261,28.451,28.334,8.538,0.0,0.0
720,2.0,11.0,0.0,3.0,4.0,0.0,1346.559,4747.455,86.323,28.147,27.964,8.525,0.0,0.0
721,2.0,11.0,0.0,4.0,5.0,0.0,1666.794,4774.962,107.718,28.903,28.75,8.579,0.0,0.0
722,2.0,11.0,0.0,5.0,6.0,0.0,1545.908,4856.818,33.293,28.834,28.637,8.641,0.0,0.0
723,2.0,11.0,0.0,6.0,7.0,0.0,1222.479,4870.692,108.605,28.772,28.637,8.543,0.0,0.0
724,2.0,11.0,0.0,7.0,8.0,0.0,1312.345,4905.754,-1.881,28.552,28.361,8.557,0.0,0.0
725,2.0,11.0,0.0,8.0,9.0,0.0,1562.922,4907.317,-4.59,29.322,27.19,8.406,0.0,0.0
727,3.0,11.0,0.0,1.0,2.0,0.0,2302.807,4785.991,23.867,29.314,29.155,8.614,0.0,0.0
728,3.0,11.0,0.0,2.0,3.0,0.0,2148.251,4836.884,-16.682,28.861,28.809,8.582,0.0,0.0
730,4.0,11.0,0.0,0.0,0.0,0.0,2635.475,4524.275,89.976,28.621,28.33,8.562,0.0,0.0
731,4.0,11.0,0.0,1.0,1.0,0.0,2652.246,4617.406,102.801,28.393,28.216,8.511,0.0,0.0
732,4.0,11.0,0.0,2.0,2.0,0.0,2500.433,4620.044,-30.072,28.447,28.354,8.54,0.0,0.0
737,4.0,11.0,0.0,7.0,5.0,0.0,2673.437,4717.755,99.889,28.547,28.363,8.557,0.0,0.0
739,4.0,11.0,0.0,9.0,7.0,0.0,2424.956,4746.868,-9.402,28.721,28.604,8.619,0.0,0.0
740,4.0,11.0,0.0,10.0,8.0,0.0,2620.842,4765.884,21.26,28.488,28.4,8.553,0.0,0.0
741,4.0,11.0,0.0,11.0,9.0,0.0,2445.491,4773.215,48.297,28.057,27.902,8.502,0.0,0.0
743,4.0,11.0,0.0,13.0,13.0,0.0,2429.56,4888.092,-7.495,28.791,28.578,8.626,0.0,0.0
744,5.0,11.0,0.0,0.0,0.0,0.0,3293.825,4508.985,94.088,28.577,28.475,8.578,0.0,0.0
745,5.0,11.0,0.0,1.0,2.0,0.0,2927.127,4577.601,-17.941,28.365,28.229,8.509,0.0,0.0
746,5.0,11.0,0.0,2.0,3.0,0.0,3424.009,4629.857,-35.313,28.715,28.597,8.529,0.0,0.0
747,5.0,11.0,0.0,3.0,4.0,0.0,3078.539,4667.916,89.543,27.72,27.658,8.414,0.0,0.0
748,5.0,11.0,0.0,4.0,5.0,0.0,3162.368,4777.775,55.949,28.481,28.392,8.551,0.0,0.0
749,6.0,11.0,0.0,0.0,0.0,0.0,3941.072,4510.549,66.282,28.507,28.365,8.551,0.0,0.0
751,6.0,11.0,0.0,2.0,2.0,0.0,4018.542,4691.392,-13.476,28.976,28.779,8.684,0.0,0.0
752,6.0,11.0,0.0,3.0,3.0,0.0,3854.499,4753.609,-21.618,28.493,28.392,8.553,0.0,0.0
753,6.0,11.0,0.0,4.0,4.0,0.0,3687.346,4759.055,47.676,28.573,28.473,8.577,0.0,0.0
755,6.0,11.0,0.0,6.0,6.0,0.0,3663.943,4808.765,122.353,28.755,28.669,8.634,0.0,0.0
756,6.0,11.0,0.0,7.0,7.0,0.0,4000.918,4815.219,103.337,28.847,28.779,8.664,0.0,0.0
757,7.0,11.0,0.0,0.0,1.0,0.0,4419.242,4510.852,108.279,28.652,28.522,8.596,0.0,0.0
758,7.0,11.0,0.0,1.0,3.0,0.0,4089.35,4578.462,44.047,28.681,28.534,8.602,0.0,0.0
759,7.0,11.0,0.0,2.0,5.0,0.0,4507.21,4686.238,-25.589,28.571,28.33,8.555,0.0,0.0
761,7.0,11.0,0.0,4.0,7.0,0.0,4157.642,4776.222,48.155,28.663,28.431,8.584,0.0,0.0
762,7.0,11.0,0.0,5.0,8.0,0.0,4425.679,4803.142,121.071,28.366,28.312,8.522,0.0,0.0
763,7.0,11.0,0.0,6.0,9.0,0.0,4522.446,4867.089,94.869,28.72,28.673,8.541,0.0,0.0
764,8.0,11.0,0.0,0.0,0.0,0.0,4732.24,4574.682,44.714,28.647,28.461,8.586,0.0,0.0
765,8.0,11.0,0.0,1.0,1.0,0.0,4635.605,4632.285,7.263,28.604,28.409,8.572,0.0,0.0
766,8.0,11.0,0.0,2.0,2.0,0.0,4840.048,4647.044,39.056,28.385,28.182,8.505,0.0,0.0
768,8.0,11.0,0.0,4.0,4.0,0.0,4744.73,4694.291,46.193,28.565,28.36,8.559,0.0,0.0
769,8.0,11.0,0.0,5.0,5.0,0.0,5005.862,4845.282,121.973,29.296,28.87,8.656,0.0,0.0
770,9.0,11.0,0.0,0.0,0.0,0.0,5407.167,4575.297,72.911,28.714,28.621,8.62,0.0,0.0
771,9.0,11.0,0.0,1.0,1.0,0.0,5609.668,4577.647,107.485,28.676,28.56,8.605,0.0,0.0
772,9.0,11.0,0.0,2.0,2.0,0.0,5243.488,4624.024,-31.033,28.629,28.48,8.587,0.0,0.0
774,0.0,12.0,0.0,0.0,0.0,0.0,389.992,5013.363,79.571,28.514,28.353,8.55,0.0,0.0
775,0.0,12.0,0.0,1.0,1.0,0.0,333.787,5039.788,131.867,28.583,28.453,8.575,0.0,0.0
776,0.0,12.0,0.0,2.0,2.0,0.0,518.996,5045.648,126.218,28.846,28.707,8.564,0.0,0.0
777,0.0,12.0,0.0,3.0,4.0,0.0,62.574,5094.714,31.837,28.653,28.592,8.607,0.0,0.0
778,0.0,12.0,0.0,4.0,5.0,0.0,448.156,5105.443,68.075,28.427,28.294,8.618,0.0,0.0
779,0.0,12.0,0.0,5.0,6.0,0.0,220.491,5148.606,97.68,28.398,28.175,8.506,0.0,0.0
780,0.0,12.0,0.0,6.0,7.0,0.0,55.467,5161.281,19.399,28.578,28.519,8.585,0.0,0.0
782,0.0,12.0,0.0,8.0,9.0,0.0,439.092,5288.355,-5.662,29.141,28.983,8.65,0.0,0.0
784,1.0,12.0,0.0,1.0,2.0,0.0,983.526,5064.688,77.353,28.39,28.337,8.529,0.0,0.0
785,1.0,12.0,0.0,2.0,3.0,0.0,598.985,5077.328,25.244,28.727,28.577,8.616,0.0,0.0
786,1.0,12.0,0.0,3.0,4.0,0.0,1008.174,5207.023,111.282,28.799,28.365,8.871,0.0,0.0
787,1.0,12.0,0.0,4.0,4.0,0.0,1020.39,5181.837,92.315,28.592,28.471,8.96,0.0,0.0
788,1.0,12.0,0.0,5.0,5.0,0.0,773.489,5184.253,106.516,28.351,28.304,8.518,0.0,0.0
789,1.0,12.0,0.0,6.0,6.0,0.0,1088.384,5228.768,68.783,28.784,28.671,8.638,0.0,0.0
790,2.0,12.0,0.0,0.0,2.0,0.0,1434.656,4975.058,83.6,27.947,27.815,8.473,0.0,0.0
791,2.0,12.0,0.0,1.0,4.0,0.0,1436.026,5169.03,-44.359,28.697,28.66,8.624,0.0,0.0
792,2.0,12.0,0.0,2.0,5.0,0.0,1525.931,5194.571,-37.842,28.644,28.588,8.605,0.0,0.0
794,3.0,12.0,0.0,1.0,1.0,0.0,1877.739,5089.476,60.703,28.369,28.283,8.518,0.0,0.0
797,3.0,12.0,0.0,4.0,4.0,0.0,1858.71,5229.567,-44.169,28.86,28.491,8.535,0.0,0.0
798,3.0,12.0,0.0,5.0,5.0,0.0,1984.854,5262.047,16.504,28.364,28.217,8.507,0.0,0.0
799,4.0,12.0,0.0,0.0,2.0,0.0,2384.954,4926.534,39.353,28.466,28.387,8.548,0.0,0.0
800,4.0,12.0,0.0,1.0,3.0,0.0,2698.157,4964.217,103.068,28.502,28.436,8.561,0.0,0.0
801,4.0,12.0,0.0,2.0,4.0,0.0,2801.137,4972.853,112.777,28.76,28.669,8.635,0.0,0.0
803,4.0,12.0,0.0,4.0,6.0,0.0,2496.873,5027.967,101.492,28.691,28.494,8.598,0.0,0.0
804,4.0,12.0,0.0,5.0,7.0,0.0,2563.219,5179.561,108.917,28.461,28.313,8.915,0.0,0.0
805,4.0,12.0,0.0,6.0,8.0,0.0,2466.13,5195.006,-12.086,28.633,28.463,8.868,0.0,0.0
806,4.0,12.0,0.0,7.0,9.0,0.0,2679.324,5226.722,106.096,28.487,28.371,8.549,0.0,0.0
808,4.0,12.0,0.0,9.0,11.0,0.0,2565.879,5268.032,56.077,28.547,28.432,8.567,0.0,0.0
809,5.0,12.0,0.0,0.0,2.0,0.0,3290.965,4925.941,-13.325,28.566,28.461,8.574,0.0,0.0
810,5.0,12.0,0.0,1.0,3.0,0.0,2989.068,4988.795,78.869,27.864,27.59,8.426,0.0,0.0
813,5.0,12.0,0.0,4.0,6.0,0.0,3319.569,5243.541,-18.027,28.681,28.654,8.621,0.0,0.0
814,5.0,12.0,0.0,5.0,7.0,0.0,3365.739,5284.186,43.011,29.634,29.194,8.582,0.0,0.0
816,6.0,12.0,0.0,0.0,0.0,0.0,3632.792,4949.149,89.459,28.251,28.087,8.471,0.0,0.0
818,6.0,12.0,0.0,2.0,2.0,0.0,3810.172,5238.605,43.832,28.313,28.25,8.504,0.0,0.0
819,7.0,12.0,0.0,0.0,0.0,0.0,4546.105,4928.325,-38.706,29.003,28.702,8.587,0.0,0.0
820,7.0,12.0,0.0,1.0,1.0,0.0,4507.249,4975.676,118.045,28.517,28.394,8.557,0.0,0.0
821,7.0,12.0,0.0,2.0,2.0,0.0,4416.408,4977.501,40.519,28.657,28.626,8.613,0.0,0.0
822,7.0,12.0,0.0,3.0,3.0,0.0,4110.025,5127.172,47.006,28.578,28.453,8.575,0.0,0.0
823,7.0,12.0,0.0,4.0,4.0,0.0,4388.431,5225.147,42.209,28.696,28.527,8.604,0.0,0.0
824,7.0,12.0,0.0,5.0,5.0,0.0,4108.548,5275.771,-32.551,29.167,28.859,8.636,0.0,0.0
825,8.0,12.0,0.0,0.0,0.0,0.0,4723.071,5031.367,30.495,28.181,28.019,8.539,0.0,0.0
826,8.0,12.0,0.0,1.0,1.0,0.0,5009.416,5262.511,89.711,29.368,29.223,8.631,0.0,0.0
827,8.0,12.0,0.0,2.0,2.0,0.0,4808.123,5288.557,46.653,28.644,28.592,8.605,0.0,0.0
828,8.0,12.0,0.0,3.0,3.0,0.0,4683.463,5308.364,7.825,29.237,28.954,8.66,0.0,0.0
829,8.0,12.0,0.0,4.0,4.0,0.0,4879.342,5311.892,119.368,28.641,28.582,8.515,0.0,0.0
834,9.0,12.0,0.0,4.0,5.0,0.0,5272.128,5314.815,5.769,29.521,27.895,8.459,0.0,0.0
835,0.0,0.0,0.0,0.0,0.0,0.0,304.49,376.313,52.284,28.84,27.104,23.876,4.0,
836,0.0,0.0,0.0,0.0,0.0,0.0,312.282,366.349,48.929,28.515,26.918,23.769,4.0,
838,0.0,2.0,0.0,0.0,0.0,0.0,458.254,831.767,99.163,29.023,28.088,24.339,4.0,
599,0.0,9.0,0.0,4.0,3.0,0.0,325.037,3820.338,92.821,26.2,25.841,8.172,0.0,0.0
839,1.0,7.0,0.0,0.0,0.0,0.0,845.969,3088.24,-35.438,28.355,28.002,23.943,4.0,
840,1.0,7.0,0.0,0.0,0.0,0.0,836.637,3102.659,103.853,29.036,28.43,24.395,4.0,
841,2.0,0.0,0.0,0.0,0.0,0.0,1722.702,408.145,88.241,28.661,28.286,24.22,4.0,
843,2.0,3.0,0.0,0.0,0.0,0.0,1689.141,1638.875,-9.528,28.35,27.25,23.626,4.0,
844,2.0,5.0,0.0,0.0,0.0,0.0,1590.892,2171.557,91.329,28.266,27.332,23.564,4.0,
845,2.0,5.0,0.0,0.0,0.0,0.0,1583.92,2160.411,-1.594,28.698,28.001,24.157,4.0,
846,3.0,2.0,0.0,0.0,0.0,0.0,2309.198,1066.339,121.724,28.584,26.959,23.683,4.0,
847,3.0,6.0,0.0,0.0,0.0,0.0,2300.077,2801.726,53.125,28.133,27.384,23.711,4.0,
848,3.0,6.0,0.0,0.0,0.0,0.0,2288.108,2809.681,43.482,28.714,27.998,24.163,4.0,
849,3.0,6.0,0.0,0.0,0.0,0.0,2230.297,2855.592,49.751,29.075,27.562,24.174,4.0,
850,3.0,6.0,0.0,0.0,0.0,0.0,2218.145,2869.543,62.504,29.398,29.042,24.856,4.0,
852,4.0,12.0,0.0,0.0,0.0,0.0,2882.527,4910.538,17.338,28.611,27.967,24.065,4.0,
854,5.0,11.0,0.0,0.0,0.0,0.0,3064.42,4536.235,49.403,30.11,27.155,24.151,4.0,
855,5.0,11.0,0.0,0.0,0.0,0.0,3055.957,4525.803,54.947,30.155,27.763,24.391,4.0,
856,7.0,0.0,0.0,0.0,0.0,0.0,4449.462,263.428,60.174,28.314,27.315,23.714,4.0,
858,7.0,0.0,0.0,0.0,0.0,0.0,4291.825,315.676,86.107,28.744,27.788,23.988,4.0,
859,8.0,6.0,0.0,0.0,0.0,0.0,5197.05,2587.617,-26.42,28.425,28.142,22.251,4.0,
860,8.0,8.0,0.0,0.0,0.0,0.0,4940.235,3556.048,90.878,27.907,27.615,23.57,4.0,
861,8.0,8.0,0.0,0.0,0.0,0.0,4940.707,3572.044,51.367,28.448,28.267,17.053,4.0,
862,9.0,2.0,0.0,0.0,0.0,0.0,5712.836,1071.58,-27.462,28.679,28.295,24.216,4.0,
</ResultDatas>,,,,,,,,,,,,,,
<ElementResult>,,,,,,,,,,,,,,
0,0.0,,,,,,,,,,,,,
1,1.0,,,,,,,,,,,,,
2,0.0,,,,,,,,,,,,,
3,3.0,,,,,,,,,,,,,
4,1.0,,,,,,,,,,,,,
5,634.0,,,,,,,,,,,,,
</ElementResult>,,,,,,,,,,,,,,
0,0.0,0.0,0.0,0.0,0.0,0.0,412.763,24.394,91.186,28.666,28.523,8.598,0.0,0.0
2,0.0,0.0,0.0,2.0,2.0,0.0,107.316,76.355,12.067,28.345,28.234,8.597,0.0,0.0
4,0.0,0.0,0.0,4.0,4.0,0.0,392.772,122.498,-6.539,28.589,28.389,8.567,0.0,0.0
7,0.0,0.0,0.0,7.0,7.0,0.0,385.221,353.474,109.162,28.474,28.305,8.537,0.0,0.0
8,1.0,0.0,0.0,0.0,0.0,0.0,720.514,33.866,60.789,28.347,27.98,8.469,0.0,0.0
9,1.0,0.0,0.0,1.0,1.0,0.0,759.75,44.605,59.673,28.186,27.994,8.447,0.0,0.0
10,1.0,0.0,0.0,2.0,2.0,0.0,738.723,69.279,55.623,28.108,27.923,8.513,0.0,0.0
11,1.0,0.0,0.0,3.0,4.0,0.0,1086.155,351.754,90.84,29.801,28.73,8.541,0.0,0.0
12,2.0,0.0,0.0,0.0,0.0,0.0,1716.033,25.03,117.83,28.723,28.642,8.625,0.0,0.0
13,2.0,0.0,0.0,1.0,1.0,0.0,1616.594,188.485,-28.409,28.519,28.377,8.555,0.0,0.0
14,2.0,0.0,0.0,2.0,2.0,0.0,1636.003,218.032,30.875,28.201,28.087,8.553,0.0,0.0
15,2.0,0.0,0.0,3.0,3.0,0.0,1664.371,232.659,29.079,28.393,28.381,8.536,0.0,0.0
16,2.0,0.0,0.0,4.0,5.0,0.0,1380.978,360.698,93.698,28.556,28.46,8.572,0.0,0.0
17,2.0,0.0,0.0,5.0,6.0,0.0,1577.155,378.394,38.6,29.038,28.858,8.616,0.0,0.0
18,3.0,0.0,0.0,0.0,0.0,0.0,1953.215,69.595,40.81,28.057,27.766,8.481,0.0,0.0
19,3.0,0.0,0.0,1.0,1.0,0.0,1865.199,122.623,32.145,28.131,27.879,8.51,0.0,0.0
21,3.0,0.0,0.0,3.0,3.0,0.0,2242.841,211.703,-37.121,28.884,28.725,8.662,0.0,0.0
22,3.0,0.0,0.0,4.0,4.0,0.0,2117.257,224.387,32.582,28.512,28.167,8.799,0.0,0.0
24,3.0,0.0,0.0,6.0,6.0,0.0,1802.341,405.209,-29.608,28.991,28.773,8.596,0.0,0.0
25,3.0,0.0,0.0,7.0,7.0,0.0,2175.141,413.73,-22.917,29.017,28.959,8.627,0.0,0.0
26,4.0,0.0,0.0,0.0,0.0,0.0,2625.012,72.918,131.765,28.055,28.025,8.521,0.0,0.0
27,4.0,0.0,0.0,1.0,1.0,0.0,2806.561,131.228,-9.592,28.374,27.696,8.43,0.0,0.0
31,5.0,0.0,0.0,0.0,0.0,0.0,3421.064,195.856,85.268,28.296,28.169,8.489,0.0,0.0
32,5.0,0.0,0.0,1.0,1.0,0.0,3458.639,208.122,32.031,28.949,28.687,8.577,0.0,0.0
33,5.0,0.0,0.0,2.0,2.0,0.0,3216.521,326.203,39.67,28.246,27.787,8.514,0.0,0.0
34,5.0,0.0,0.0,3.0,3.0,0.0,3448.253,331.276,-8.027,29.146,28.916,9.115,0.0,0.0
37,6.0,0.0,0.0,2.0,1.0,0.0,3608.733,77.235,63.291,28.745,28.272,8.572,0.0,0.0
38,6.0,0.0,0.0,3.0,2.0,0.0,3819.243,98.238,120.106,27.555,27.299,8.715,0.0,0.0
39,6.0,0.0,0.0,4.0,3.0,0.0,3928.172,98.327,10.386,28.637,28.14,8.536,0.0,0.0
40,6.0,0.0,0.0,5.0,4.0,0.0,3620.037,111.361,39.847,28.217,27.907,8.527,0.0,0.0
41,6.0,0.0,0.0,6.0,6.0,0.0,3633.869,208.799,19.18,28.045,27.636,8.461,0.0,0.0
42,6.0,0.0,0.0,7.0,9.0,0.0,3851.906,342.057,37.288,28.331,28.118,8.487,0.0,0.0
43,6.0,0.0,0.0,8.0,10.0,0.0,3538.267,396.405,24.919,28.582,28.295,8.734,0.0,0.0
44,6.0,0.0,0.0,9.0,11.0,0.0,3913.337,402.689,39.889,28.802,28.711,8.647,0.0,0.0
46,7.0,0.0,0.0,1.0,2.0,0.0,4427.069,89.655,117.074,28.603,28.102,8.614,0.0,0.0
47,7.0,0.0,0.0,2.0,3.0,0.0,4109.866,89.068,55.865,28.2,27.926,8.527,0.0,0.0
48,7.0,0.0,0.0,3.0,4.0,0.0,4487.237,135.7,75.473,28.568,27.908,8.579,0.0,0.0
49,7.0,0.0,0.0,4.0,5.0,0.0,4344.458,154.975,-44.691,27.877,27.149,8.275,0.0,0.0
50,7.0,0.0,0.0,5.0,6.0,0.0,4245.035,207.973,64.129,28.469,27.987,8.577,0.0,0.0
52,7.0,0.0,0.0,7.0,8.0,0.0,4131.902,233.975,45.424,27.977,27.502,8.429,0.0,0.0
53,7.0,0.0,0.0,8.0,9.0,0.0,4052.138,266.259,-21.327,28.453,27.776,8.454,0.0,0.0
54,7.0,0.0,0.0,9.0,10.0,0.0,4198.042,300.707,-42.634,27.468,27.14,8.388,0.0,0.0
55,7.0,0.0,0.0,10.0,11.0,0.0,4381.126,383.135,65.578,28.476,28.18,8.518,0.0,0.0
56,8.0,0.0,0.0,0.0,1.0,0.0,5116.74,74.079,109.162,29.197,27.901,9.731,0.0,0.0
57,8.0,0.0,0.0,1.0,2.0,0.0,5161.244,91.944,-9.809,28.471,28.193,8.52,0.0,0.0
58,8.0,0.0,0.0,2.0,3.0,0.0,4843.386,100.181,39.413,27.585,27.206,8.414,0.0,0.0
59,8.0,0.0,0.0,3.0,5.0,0.0,4744.734,262.982,42.488,28.299,28.145,8.487,0.0,0.0
60,8.0,0.0,0.0,4.0,6.0,0.0,5091.591,319.952,-1.823,28.328,28.138,8.49,0.0,0.0
61,8.0,0.0,0.0,5.0,7.0,0.0,5057.271,339.135,110.841,28.812,28.614,8.546,0.0,0.0
62,8.0,0.0,0.0,6.0,8.0,0.0,4713.898,353.76,89.404,28.662,28.078,8.531,0.0,0.0
64,9.0,0.0,0.0,0.0,0.0,0.0,5607.137,69.609,68.673,28.521,28.158,8.522,0.0,0.0
65,9.0,0.0,0.0,1.0,1.0,0.0,5754.537,123.672,39.119,28.503,28.113,8.512,0.0,0.0
66,9.0,0.0,0.0,2.0,3.0,0.0,5529.575,230.197,25.299,28.102,27.646,8.471,0.0,0.0
67,9.0,0.0,0.0,3.0,4.0,0.0,5770.84,262.205,87.017,28.923,27.638,8.415,0.0,0.0
68,9.0,0.0,0.0,4.0,5.0,0.0,5610.82,267.801,87.9,27.844,27.464,8.404,0.0,0.0
69,9.0,0.0,0.0,5.0,6.0,0.0,5653.586,300.741,33.424,28.366,28.047,8.482,0.0,0.0
70,9.0,0.0,0.0,6.0,7.0,0.0,5530.726,362.907,5.56,27.833,27.677,8.434,0.0,0.0
71,0.0,1.0,0.0,0.0,0.0,0.0,224.344,461.723,119.326,27.727,27.68,8.419,0.0,0.0
72,0.0,1.0,0.0,1.0,1.0,0.0,41.88,497.313,73.604,28.175,28.061,8.544,0.0,0.0
73,0.0,1.0,0.0,2.0,2.0,0.0,289.003,545.374,17.484,27.978,27.745,8.379,0.0,0.0
75,0.0,1.0,0.0,4.0,4.0,0.0,489.868,617.12,17.678,28.642,28.34,8.567,0.0,0.0
77,0.0,1.0,0.0,6.0,6.0,0.0,351.998,660.766,-31.46,27.963,27.843,8.479,0.0,0.0
78,1.0,1.0,0.0,0.0,0.0,0.0,753.47,449.333,82.843,28.229,27.964,8.538,0.0,0.0
80,1.0,1.0,0.0,2.0,3.0,0.0,1037.916,585.113,93.001,28.376,28.348,8.529,0.0,0.0
82,1.0,1.0,0.0,4.0,6.0,0.0,1065.897,624.755,110.813,28.659,28.512,8.596,0.0,0.0
83,1.0,1.0,0.0,5.0,8.0,0.0,833.297,718.495,105.352,28.67,28.404,8.581,0.0,0.0
87,3.0,1.0,0.0,0.0,2.0,0.0,2133.425,467.416,128.816,28.699,28.631,8.62,0.0,0.0
88,3.0,1.0,0.0,1.0,3.0,0.0,1908.595,519.917,62.706,27.848,27.698,8.44,0.0,0.0
89,3.0,1.0,0.0,2.0,4.0,0.0,1885.985,542.389,79.912,28.177,27.971,8.531,0.0,0.0
90,3.0,1.0,0.0,3.0,5.0,0.0,1826.142,617.849,75.544,28.208,28.181,8.568,0.0,0.0
91,3.0,1.0,0.0,4.0,6.0,0.0,2146.232,768.118,61.164,28.19,27.981,8.628,0.0,0.0
92,4.0,1.0,0.0,0.0,0.0,0.0,2532.725,446.109,63.274,28.076,27.578,8.456,0.0,0.0
93,4.0,1.0,0.0,1.0,1.0,0.0,2858.676,468.558,80.288,29.317,27.739,8.491,0.0,0.0
94,4.0,1.0,0.0,2.0,2.0,0.0,2473.242,485.379,53.605,27.965,27.756,8.466,0.0,0.0
95,4.0,1.0,0.0,3.0,3.0,0.0,2730.087,500.897,88.424,28.24,27.78,8.51,0.0,0.0
97,4.0,1.0,0.0,5.0,5.0,0.0,2622.97,628.081,82.834,28.223,28.146,8.565,0.0,0.0
98,4.0,1.0,0.0,6.0,6.0,0.0,2521.174,770.861,61.438,28.277,28.212,8.493,0.0,0.0
99,4.0,1.0,0.0,7.0,7.0,0.0,2591.127,804.161,-3.743,28.761,28.625,8.628,0.0,0.0
102,5.0,1.0,0.0,1.0,2.0,0.0,2930.724,477.524,-14.28,28.286,28.166,8.488,0.0,0.0
103,5.0,1.0,0.0,2.0,3.0,0.0,3140.813,517.322,80.619,27.874,27.376,8.484,0.0,0.0
104,5.0,1.0,0.0,3.0,5.0,0.0,3041.345,619.327,66.412,28.139,27.719,8.487,0.0,0.0
107,5.0,1.0,0.0,6.0,8.0,0.0,3319.586,733.468,102.943,28.696,28.483,8.597,0.0,0.0
108,5.0,1.0,0.0,7.0,9.0,0.0,3455.581,742.191,6.115,28.976,28.801,8.598,0.0,0.0
109,6.0,1.0,0.0,0.0,1.0,0.0,3498.197,500.446,33.575,28.017,27.672,8.373,0.0,0.0
110,6.0,1.0,0.0,1.0,2.0,0.0,3870.526,522.757,46.009,28.293,27.914,8.451,0.0,0.0
111,6.0,1.0,0.0,2.0,3.0,0.0,3483.194,568.812,23.577,28.655,28.419,8.581,0.0,0.0
112,6.0,1.0,0.0,3.0,4.0,0.0,3810.233,651.076,51.321,28.059,27.813,8.489,0.0,0.0
113,7.0,1.0,0.0,0.0,0.0,0.0,4547.291,523.538,47.705,28.245,27.721,8.415,0.0,0.0
114,7.0,1.0,0.0,1.0,1.0,0.0,4312.544,580.199,18.798,28.062,27.911,8.505,0.0,0.0
115,7.0,1.0,0.0,2.0,2.0,0.0,4111.238,610.991,31.214,28.25,27.893,8.531,0.0,0.0
116,7.0,1.0,0.0,3.0,3.0,0.0,4591.716,755.445,15.476,28.608,28.466,8.493,0.0,0.0
117,7.0,1.0,0.0,4.0,4.0,0.0,4328.751,809.701,120.507,28.638,27.921,8.503,0.0,0.0
118,7.0,1.0,0.0,5.0,5.0,0.0,4560.096,811.786,70.641,29.298,28.795,8.557,0.0,0.0
119,8.0,1.0,0.0,0.0,0.0,0.0,4813.507,657.521,90.509,28.226,27.524,8.469,0.0,0.0
120,8.0,1.0,0.0,1.0,2.0,0.0,4842.223,783.717,113.134,28.222,28.006,8.543,0.0,0.0
121,9.0,1.0,0.0,0.0,0.0,0.0,5760.378,426.449,-12.887,28.502,28.02,8.412,0.0,0.0
122,9.0,1.0,0.0,1.0,1.0,0.0,5635.568,524.305,-10.502,28.367,28.293,8.519,0.0,0.0
123,9.0,1.0,0.0,2.0,2.0,0.0,5736.955,573.547,123.964,28.686,28.325,8.572,0.0,0.0
124,9.0,1.0,0.0,3.0,3.0,0.0,5535.833,594.64,-3.088,28.238,28.081,8.558,0.0,0.0
128,9.0,1.0,0.0,7.0,9.0,0.0,5265.964,790.459,59.368,28.477,27.889,8.3,0.0,0.0
129,0.0,2.0,0.0,0.0,0.0,0.0,315.034,917.137,59.23,28.565,28.492,8.579,0.0,0.0
130,0.0,2.0,0.0,1.0,1.0,0.0,183.658,947.475,23.231,28.365,28.176,8.501,0.0,0.0
132,0.0,2.0,0.0,3.0,3.0,0.0,496.198,953.517,113.31,28.849,28.729,8.657,0.0,0.0
133,0.0,2.0,0.0,4.0,4.0,0.0,128.552,960.114,34.86,27.96,27.883,8.485,0.0,0.0
135,0.0,2.0,0.0,6.0,7.0,0.0,213.443,1052.553,-18.66,28.766,28.124,9.857,0.0,0.0
136,0.0,2.0,0.0,7.0,7.0,0.0,231.651,1051.689,-19.173,28.727,28.077,9.842,0.0,0.0
137,0.0,2.0,0.0,8.0,8.0,0.0,157.663,1056.715,22.282,28.468,28.261,8.529,0.0,0.0
138,0.0,2.0,0.0,9.0,10.0,0.0,531.409,1212.519,60.947,29.149,29.084,8.665,0.0,0.0
139,1.0,2.0,0.0,0.0,0.0,0.0,895.051,846.175,80.307,28.27,28.048,8.468,0.0,0.0
140,1.0,2.0,0.0,1.0,1.0,0.0,788.437,1039.164,15.823,28.432,28.336,8.535,0.0,0.0
141,1.0,2.0,0.0,2.0,2.0,0.0,991.413,1067.19,22.989,28.328,28.166,8.494,0.0,0.0
142,1.0,2.0,0.0,3.0,3.0,0.0,938.272,1070.331,106.168,28.101,28.067,8.534,0.0,0.0
144,1.0,2.0,0.0,5.0,5.0,0.0,857.626,1110.759,97.543,28.393,28.199,8.509,0.0,0.0
145,1.0,2.0,0.0,6.0,6.0,0.0,1038.883,1146.308,112.086,28.762,28.646,8.543,0.0,0.0
146,2.0,2.0,0.0,0.0,0.0,0.0,1344.444,886.438,36.019,28.351,28.05,8.57,0.0,0.0
147,2.0,2.0,0.0,1.0,1.0,0.0,1410.089,902.28,102.093,28.724,28.526,8.519,0.0,0.0
148,2.0,2.0,0.0,2.0,3.0,0.0,1463.832,942.394,50.994,28.162,28.001,8.534,0.0,0.0
150,2.0,2.0,0.0,4.0,5.0,0.0,1432.054,1067.217,109.779,28.205,28.097,8.555,0.0,0.0
151,2.0,2.0,0.0,5.0,6.0,0.0,1262.0,1068.495,51.452,28.517,28.332,8.547,0.0,0.0
152,2.0,2.0,0.0,6.0,7.0,0.0,1337.513,1159.382,128.086,28.538,28.439,8.567,0.0,0.0
154,3.0,2.0,0.0,0.0,0.0,0.0,2176.455,852.963,85.782,28.198,28.001,8.539,0.0,0.0
155,3.0,2.0,0.0,1.0,1.0,0.0,1821.773,927.619,45.342,28.418,28.198,8.512,0.0,0.0
156,3.0,2.0,0.0,2.0,2.0,0.0,1755.675,931.796,18.95,28.109,27.801,8.495,0.0,0.0
158,3.0,2.0,0.0,4.0,5.0,0.0,1885.457,1148.233,57.909,28.588,28.378,8.565,0.0,0.0
160,4.0,2.0,0.0,1.0,2.0,0.0,2444.815,1025.354,37.082,27.879,27.765,8.455,0.0,0.0
161,4.0,2.0,0.0,2.0,3.0,0.0,2333.521,1080.451,-30.588,28.593,28.424,8.573,0.0,0.0
163,4.0,2.0,0.0,4.0,5.0,0.0,2396.398,1127.292,112.301,28.327,28.267,8.509,0.0,0.0
164,4.0,2.0,0.0,5.0,6.0,0.0,2797.796,1134.811,99.333,28.776,28.564,8.621,0.0,0.0
165,4.0,2.0,0.0,6.0,7.0,0.0,2670.654,1183.636,-44.663,28.592,28.285,8.465,0.0,0.0
167,5.0,2.0,0.0,0.0,0.0,0.0,3167.49,875.952,45.253,27.997,27.427,8.421,0.0,0.0
169,5.0,2.0,0.0,2.0,2.0,0.0,3199.853,1004.399,87.585,28.004,27.589,8.447,0.0,0.0
171,5.0,2.0,0.0,4.0,4.0,0.0,2944.518,1137.057,39.45,28.802,28.31,8.587,0.0,0.0
172,5.0,2.0,0.0,5.0,5.0,0.0,3335.382,1185.628,126.192,28.708,28.689,8.63,0.0,0.0
174,6.0,2.0,0.0,0.0,0.0,0.0,3778.655,838.784,-17.702,27.998,27.616,8.45,0.0,0.0
175,6.0,2.0,0.0,1.0,1.0,0.0,3642.789,898.495,60.853,28.177,27.996,8.535,0.0,0.0
178,6.0,2.0,0.0,4.0,5.0,0.0,3648.585,1213.365,-2.906,28.586,28.449,8.575,0.0,0.0
180,7.0,2.0,0.0,1.0,3.0,0.0,4064.869,968.94,34.0,28.387,28.022,8.571,0.0,0.0
183,7.0,2.0,0.0,4.0,6.0,0.0,4068.895,1053.692,-33.934,28.612,28.053,8.435,0.0,0.0
184,7.0,2.0,0.0,5.0,7.0,0.0,4097.348,1099.798,19.107,28.249,28.025,8.461,0.0,0.0
185,7.0,2.0,0.0,6.0,8.0,0.0,4103.509,1138.232,12.425,28.498,28.363,8.549,0.0,0.0
187,8.0,2.0,0.0,1.0,3.0,0.0,4839.121,1019.438,62.766,28.061,27.603,8.458,0.0,0.0
188,8.0,2.0,0.0,2.0,4.0,0.0,5142.627,1041.001,-41.079,28.943,28.801,8.774,0.0,0.0
189,8.0,2.0,0.0,3.0,6.0,0.0,4965.026,1074.353,0.817,28.405,28.165,8.506,0.0,0.0
191,8.0,2.0,0.0,5.0,8.0,0.0,4819.468,1162.037,22.121,28.437,28.194,8.515,0.0,0.0
193,9.0,2.0,0.0,1.0,1.0,0.0,5261.425,897.114,13.996,28.047,27.839,8.492,0.0,0.0
196,9.0,2.0,0.0,4.0,3.0,0.0,5438.322,1161.766,110.802,28.545,28.167,8.527,0.0,0.0
197,9.0,2.0,0.0,5.0,4.0,0.0,5644.775,1182.733,24.362,28.461,28.043,8.495,0.0,0.0
198,0.0,3.0,0.0,0.0,0.0,0.0,319.202,1242.837,56.074,28.418,28.277,8.614,0.0,0.0
199,0.0,3.0,0.0,1.0,2.0,0.0,78.406,1373.136,34.101,28.408,28.181,8.508,0.0,0.0
201,0.0,3.0,0.0,3.0,4.0,0.0,33.418,1412.802,16.555,28.386,28.202,8.508,0.0,0.0
202,0.0,3.0,0.0,4.0,5.0,0.0,299.338,1521.538,30.766,28.43,28.262,8.614,0.0,0.0
203,1.0,3.0,0.0,0.0,0.0,0.0,671.768,1267.656,60.944,28.485,28.148,8.515,0.0,0.0
204,1.0,3.0,0.0,1.0,1.0,0.0,774.894,1287.388,22.339,28.026,27.777,8.479,0.0,0.0
207,1.0,3.0,0.0,4.0,4.0,0.0,1159.803,1493.596,86.664,29.076,28.993,8.641,0.0,0.0
208,1.0,3.0,0.0,5.0,5.0,0.0,978.826,1593.6,27.563,28.181,27.99,8.535,0.0,0.0
210,2.0,3.0,0.0,0.0,0.0,0.0,1680.077,1245.034,-42.703,28.074,27.978,8.517,0.0,0.0
211,2.0,3.0,0.0,1.0,1.0,0.0,1439.76,1253.2,6.802,28.159,28.1,9.632,0.0,0.0
212,2.0,3.0,0.0,2.0,1.0,0.0,1460.898,1252.923,7.003,28.51,28.118,9.556,0.0,0.0
213,2.0,3.0,0.0,3.0,2.0,0.0,1232.928,1297.502,82.427,28.758,28.55,8.616,0.0,0.0
214,2.0,3.0,0.0,4.0,3.0,0.0,1543.37,1301.672,123.929,28.071,27.926,8.508,0.0,0.0
215,2.0,3.0,0.0,5.0,4.0,0.0,1248.914,1403.577,59.55,28.085,27.987,8.52,0.0,0.0
216,2.0,3.0,0.0,6.0,5.0,0.0,1416.424,1458.323,73.214,27.965,27.838,8.479,0.0,0.0
217,2.0,3.0,0.0,7.0,6.0,0.0,1494.815,1463.863,-17.795,28.31,28.132,8.576,0.0,0.0
218,2.0,3.0,0.0,8.0,8.0,0.0,1224.385,1496.278,16.422,28.354,28.183,8.5,0.0,0.0
219,2.0,3.0,0.0,9.0,9.0,0.0,1391.842,1509.727,27.974,28.477,28.198,8.521,0.0,0.0
221,3.0,3.0,0.0,0.0,0.0,0.0,1785.001,1356.793,30.5,28.229,28.131,8.474,0.0,0.0
222,3.0,3.0,0.0,1.0,1.0,0.0,1940.655,1394.243,47.497,28.122,27.778,9.319,0.0,0.0
223,3.0,3.0,0.0,2.0,1.0,0.0,1934.198,1371.732,74.034,28.297,27.738,9.329,0.0,0.0
224,3.0,3.0,0.0,3.0,2.0,0.0,1806.781,1423.505,4.06,28.147,27.916,8.519,0.0,0.0
230,3.0,3.0,0.0,9.0,7.0,0.0,2035.948,1631.721,-41.813,28.307,28.032,8.56,0.0,0.0
231,4.0,3.0,0.0,0.0,1.0,0.0,2403.695,1480.353,8.128,28.32,28.046,8.565,0.0,0.0
232,4.0,3.0,0.0,1.0,2.0,0.0,2540.92,1491.203,35.657,28.303,28.076,8.477,0.0,0.0
233,4.0,3.0,0.0,2.0,3.0,0.0,2395.11,1576.192,24.198,28.477,28.378,8.548,0.0,0.0
234,4.0,3.0,0.0,3.0,4.0,0.0,2830.123,1597.117,113.549,28.53,28.416,8.562,0.0,0.0
235,4.0,3.0,0.0,4.0,5.0,0.0,2650.083,1642.896,-1.801,28.621,27.428,8.427,0.0,0.0
236,5.0,3.0,0.0,0.0,1.0,0.0,3249.771,1247.704,83.718,28.522,28.452,8.566,0.0,0.0
238,5.0,3.0,0.0,2.0,3.0,0.0,3291.898,1434.478,35.114,28.643,28.368,8.572,0.0,0.0
239,5.0,3.0,0.0,3.0,4.0,0.0,3416.675,1494.858,11.058,28.81,28.585,8.63,0.0,0.0
240,5.0,3.0,0.0,4.0,5.0,0.0,3131.009,1497.891,69.193,27.986,27.669,8.456,0.0,0.0
241,5.0,3.0,0.0,5.0,6.0,0.0,3104.229,1508.8,85.485,27.834,27.635,8.428,0.0,0.0
242,6.0,3.0,0.0,0.0,1.0,0.0,3856.131,1415.096,73.087,28.247,27.782,8.512,0.0,0.0
245,7.0,3.0,0.0,0.0,0.0,0.0,4567.171,1318.902,-44.913,28.059,27.991,8.516,0.0,0.0
247,7.0,3.0,0.0,2.0,2.0,0.0,4540.432,1408.555,133.411,28.115,27.824,8.499,0.0,0.0
249,8.0,3.0,0.0,0.0,0.0,0.0,5051.927,1391.819,85.088,28.589,27.987,8.505,0.0,0.0
250,8.0,3.0,0.0,1.0,1.0,0.0,5134.487,1475.293,110.384,29.152,28.029,8.686,0.0,0.0
252,8.0,3.0,0.0,3.0,3.0,0.0,5176.559,1590.39,32.237,30.327,28.698,8.462,0.0,0.0
253,9.0,3.0,0.0,0.0,0.0,0.0,5730.874,1319.151,-28.191,28.184,28.114,8.465,0.0,0.0
254,9.0,3.0,0.0,1.0,1.0,0.0,5378.603,1400.451,-30.157,28.055,27.866,8.497,0.0,0.0
255,9.0,3.0,0.0,2.0,2.0,0.0,5700.99,1544.464,7.054,28.506,28.485,8.569,0.0,0.0
258,0.0,4.0,0.0,0.0,0.0,0.0,472.282,1806.374,6.271,28.439,28.181,8.604,0.0,0.0
259,0.0,4.0,0.0,1.0,1.0,0.0,283.935,1824.33,80.681,28.309,27.975,8.552,0.0,0.0
260,0.0,4.0,0.0,2.0,2.0,0.0,51.217,1957.097,116.506,28.614,28.219,9.127,0.0,0.0
262,0.0,4.0,0.0,4.0,4.0,0.0,386.894,2012.013,-27.521,28.829,28.711,8.563,0.0,0.0
264,0.0,4.0,0.0,6.0,6.0,0.0,68.684,2043.719,13.365,29.078,28.915,8.63,0.0,0.0
266,1.0,4.0,0.0,1.0,1.0,0.0,1150.475,1691.542,-32.397,28.862,28.743,8.661,0.0,0.0
267,1.0,4.0,0.0,2.0,2.0,0.0,976.796,1762.351,107.874,28.27,28.207,8.491,0.0,0.0
268,1.0,4.0,0.0,3.0,3.0,0.0,614.115,1779.212,14.159,28.414,28.043,8.488,0.0,0.0
269,1.0,4.0,0.0,4.0,4.0,0.0,815.245,1791.765,-20.881,28.288,28.206,8.494,0.0,0.0
270,1.0,4.0,0.0,5.0,5.0,0.0,812.368,1877.1,17.793,28.25,28.138,8.568,0.0,0.0
272,1.0,4.0,0.0,7.0,7.0,0.0,1040.608,2005.344,108.064,29.001,28.902,8.617,0.0,0.0
274,2.0,4.0,0.0,0.0,0.0,0.0,1467.569,1660.087,76.862,28.373,28.104,8.491,0.0,0.0
275,2.0,4.0,0.0,1.0,3.0,0.0,1635.574,1721.122,118.95,28.975,28.922,8.616,0.0,0.0
276,2.0,4.0,0.0,2.0,4.0,0.0,1334.252,1908.452,53.008,28.208,28.094,8.555,0.0,0.0
277,2.0,4.0,0.0,3.0,5.0,0.0,1406.951,2044.425,-18.521,28.505,28.289,8.539,0.0,0.0
278,3.0,4.0,0.0,0.0,1.0,0.0,1756.537,1677.18,43.924,28.254,28.108,8.564,0.0,0.0
279,3.0,4.0,0.0,1.0,2.0,0.0,2251.551,1679.463,98.941,28.735,28.638,8.626,0.0,0.0
280,3.0,4.0,0.0,2.0,3.0,0.0,2247.161,1725.116,129.149,28.744,28.37,8.587,0.0,0.0
281,3.0,4.0,0.0,3.0,4.0,0.0,2048.189,1760.216,98.974,28.387,28.298,8.523,0.0,0.0
282,3.0,4.0,0.0,4.0,5.0,0.0,2147.614,1822.595,-36.44,28.306,28.216,8.498,0.0,0.0
283,3.0,4.0,0.0,5.0,6.0,0.0,2163.045,1871.591,-2.099,28.201,28.086,8.553,0.0,0.0
284,3.0,4.0,0.0,6.0,7.0,0.0,1884.68,1961.561,59.332,28.028,27.973,8.509,0.0,0.0
285,3.0,4.0,0.0,7.0,8.0,0.0,2233.59,1963.298,73.191,28.192,28.076,8.46,0.0,0.0
286,3.0,4.0,0.0,8.0,9.0,0.0,2012.724,2050.828,-6.435,28.994,27.68,8.431,0.0,0.0
287,4.0,4.0,0.0,0.0,1.0,0.0,2451.811,1742.824,99.607,31.936,30.967,8.999,0.0,0.0
288,4.0,4.0,0.0,1.0,2.0,0.0,2835.239,1789.778,36.314,28.408,28.326,8.53,0.0,0.0
290,4.0,4.0,0.0,3.0,4.0,0.0,2694.695,2007.608,89.891,28.768,28.567,8.62,0.0,0.0
291,5.0,4.0,0.0,0.0,0.0,0.0,3363.227,1736.36,-34.316,28.749,27.932,8.439,0.0,0.0
292,5.0,4.0,0.0,1.0,1.0,0.0,3137.064,1765.086,87.902,28.386,28.274,8.519,0.0,0.0
294,5.0,4.0,0.0,3.0,3.0,0.0,3168.713,1810.801,58.153,27.931,27.761,8.462,0.0,0.0
296,6.0,4.0,0.0,0.0,0.0,0.0,4018.841,1659.379,122.267,29.288,27.91,8.351,0.0,0.0
297,6.0,4.0,0.0,1.0,1.0,0.0,3518.93,1660.519,37.925,28.646,28.133,8.536,0.0,0.0
298,6.0,4.0,0.0,2.0,2.0,0.0,3697.044,1711.175,74.834,28.666,28.332,8.569,0.0,0.0
299,6.0,4.0,0.0,3.0,4.0,0.0,3574.718,1791.441,43.692,28.089,27.99,8.521,0.0,0.0
300,6.0,4.0,0.0,4.0,5.0,0.0,3827.207,1933.207,65.52,28.297,28.059,8.473,0.0,0.0
301,6.0,4.0,0.0,5.0,6.0,0.0,3983.445,1975.394,13.117,28.67,28.574,8.607,0.0,0.0
302,7.0,4.0,0.0,0.0,1.0,0.0,4099.798,1691.155,67.835,28.151,27.779,8.498,0.0,0.0
303,7.0,4.0,0.0,1.0,3.0,0.0,4431.55,1748.06,131.216,28.145,27.798,8.411,0.0,0.0
305,7.0,4.0,0.0,3.0,5.0,0.0,4475.311,2036.39,-12.023,28.678,28.431,8.498,0.0,0.0
306,8.0,4.0,0.0,0.0,1.0,0.0,5125.142,1664.641,132.3,27.986,27.789,8.566,0.0,0.0
307,8.0,4.0,0.0,1.0,2.0,0.0,4942.393,1762.253,-30.879,27.982,27.531,8.434,0.0,0.0
308,8.0,4.0,0.0,2.0,3.0,0.0,5123.15,1872.946,27.352,28.468,28.259,8.529,0.0,0.0
309,8.0,4.0,0.0,3.0,4.0,0.0,4990.975,1943.978,52.202,28.125,27.864,8.507,0.0,0.0
310,8.0,4.0,0.0,4.0,5.0,0.0,5163.135,1978.31,5.515,28.976,28.74,8.589,0.0,0.0
311,8.0,4.0,0.0,5.0,6.0,0.0,4899.555,2008.142,48.469,28.353,28.294,8.517,0.0,0.0
313,9.0,4.0,0.0,1.0,3.0,0.0,5705.331,1910.684,5.558,28.653,28.531,8.598,0.0,0.0
314,9.0,4.0,0.0,2.0,4.0,0.0,5555.748,1928.668,102.276,28.491,28.19,8.522,0.0,0.0
315,9.0,4.0,0.0,3.0,5.0,0.0,5652.102,1940.678,-30.638,28.435,28.379,8.542,0.0,0.0
316,9.0,4.0,0.0,4.0,6.0,0.0,5649.043,1971.518,-27.887,28.646,28.401,8.578,0.0,0.0
317,9.0,4.0,0.0,5.0,7.0,0.0,5246.602,2002.485,-16.433,28.589,28.252,8.459,0.0,0.0
318,9.0,4.0,0.0,6.0,8.0,0.0,5539.254,2002.88,123.37,28.381,28.031,8.482,0.0,0.0
319,0.0,5.0,0.0,0.0,1.0,0.0,172.396,2058.297,48.554,28.351,28.197,8.592,0.0,0.0
322,0.0,5.0,0.0,3.0,3.0,0.0,382.999,2132.059,76.241,28.466,28.264,8.529,0.0,0.0
323,0.0,5.0,0.0,4.0,4.0,0.0,393.847,2293.577,84.787,28.238,28.161,8.569,0.0,0.0
324,1.0,5.0,0.0,0.0,1.0,0.0,749.743,2140.491,61.558,28.415,28.162,8.507,0.0,0.0
325,1.0,5.0,0.0,1.0,2.0,0.0,768.295,2196.043,47.223,28.067,27.789,8.487,0.0,0.0
327,1.0,5.0,0.0,3.0,4.0,0.0,1062.704,2398.341,15.255,28.836,28.637,8.642,0.0,0.0
328,2.0,5.0,0.0,0.0,1.0,0.0,1207.562,2060.648,47.054,28.515,28.234,8.532,0.0,0.0
333,2.0,5.0,0.0,5.0,6.0,0.0,1497.939,2255.218,-18.434,28.174,28.095,8.55,0.0,0.0
334,2.0,5.0,0.0,6.0,7.0,0.0,1284.422,2282.908,41.576,28.193,27.994,8.537,0.0,0.0
335,2.0,5.0,0.0,7.0,8.0,0.0,1551.832,2299.556,21.519,28.175,27.939,8.526,0.0,0.0
336,2.0,5.0,0.0,8.0,9.0,0.0,1292.654,2326.225,34.404,28.329,28.105,8.485,0.0,0.0
339,2.0,5.0,0.0,11.0,11.0,0.0,1436.977,2361.0,43.926,28.478,28.38,8.549,0.0,0.0
340,3.0,5.0,0.0,0.0,1.0,0.0,2150.989,2122.959,25.208,28.199,27.995,8.538,0.0,0.0
341,3.0,5.0,0.0,1.0,2.0,0.0,2244.288,2162.318,132.457,28.597,28.372,8.566,0.0,0.0
342,3.0,5.0,0.0,2.0,3.0,0.0,1755.823,2369.957,-14.875,28.783,28.584,8.626,0.0,0.0
343,3.0,5.0,0.0,3.0,4.0,0.0,2230.487,2401.768,63.816,28.48,28.398,8.552,0.0,0.0
344,3.0,5.0,0.0,4.0,5.0,0.0,1804.843,2418.41,126.555,28.588,28.545,8.59,0.0,0.0
345,4.0,5.0,0.0,0.0,0.0,0.0,2455.26,2128.216,45.577,28.392,27.903,8.553,0.0,0.0
346,4.0,5.0,0.0,1.0,1.0,0.0,2599.668,2171.824,-15.318,28.259,28.107,8.475,0.0,0.0
347,4.0,5.0,0.0,2.0,2.0,0.0,2650.569,2198.119,67.556,27.918,27.693,8.45,0.0,0.0
348,4.0,5.0,0.0,3.0,4.0,0.0,2624.576,2259.406,31.129,28.131,27.943,8.52,0.0,0.0
350,4.0,5.0,0.0,5.0,6.0,0.0,2689.942,2290.458,9.499,28.04,27.963,8.509,0.0,0.0
353,4.0,5.0,0.0,8.0,9.0,0.0,2417.809,2337.244,94.902,28.1,27.964,8.518,0.0,0.0
354,4.0,5.0,0.0,9.0,10.0,0.0,2570.768,2355.946,25.703,28.193,28.001,9.762,0.0,0.0
355,4.0,5.0,0.0,10.0,10.0,0.0,2583.911,2340.733,133.437,29.063,27.765,9.688,0.0,0.0
356,4.0,5.0,0.0,11.0,11.0,0.0,2816.968,2392.216,51.857,29.212,29.091,8.676,0.0,0.0
357,4.0,5.0,0.0,12.0,12.0,0.0,2543.363,2396.833,110.924,28.184,27.999,8.536,0.0,0.0
358,4.0,5.0,0.0,13.0,13.0,0.0,2495.983,2411.434,127.976,28.408,28.131,8.591,0.0,0.0
359,4.0,5.0,0.0,14.0,14.0,0.0,2849.065,2412.861,-41.139,29.066,28.897,8.539,0.0,0.0
360,5.0,5.0,0.0,0.0,0.0,0.0,3324.161,2075.654,109.011,28.18,28.079,8.548,0.0,0.0
361,5.0,5.0,0.0,1.0,2.0,0.0,3442.102,2197.64,-14.188,28.627,28.302,8.56,0.0,0.0
362,5.0,5.0,0.0,2.0,3.0,0.0,3352.324,2274.652,-30.59,28.489,28.369,8.549,0.0,0.0
364,5.0,5.0,0.0,4.0,5.0,0.0,3044.323,2370.199,61.908,28.405,28.15,8.503,0.0,0.0
365,5.0,5.0,0.0,5.0,6.0,0.0,3405.729,2383.945,-25.715,29.128,28.745,8.613,0.0,0.0
366,6.0,5.0,0.0,0.0,1.0,0.0,4011.98,2250.569,-22.759,28.664,28.501,8.595,0.0,0.0
368,6.0,5.0,0.0,2.0,3.0,0.0,3723.493,2360.283,-23.663,27.614,27.526,8.378,0.0,0.0
371,7.0,5.0,0.0,0.0,1.0,0.0,4393.193,2073.308,8.637,28.21,28.059,8.46,0.0,0.0
372,7.0,5.0,0.0,1.0,3.0,0.0,4321.57,2158.566,35.905,28.432,28.212,8.517,0.0,0.0
374,7.0,5.0,0.0,3.0,5.0,0.0,4574.135,2303.105,53.175,28.552,28.258,8.541,0.0,0.0
377,8.0,5.0,0.0,0.0,0.0,0.0,4988.82,2082.851,53.479,28.302,27.846,8.531,0.0,0.0
378,8.0,5.0,0.0,1.0,1.0,0.0,5083.911,2117.812,119.237,28.148,28.008,8.532,0.0,0.0
379,8.0,5.0,0.0,2.0,2.0,0.0,4634.971,2121.064,41.593,28.477,28.025,8.495,0.0,0.0
380,8.0,5.0,0.0,3.0,3.0,0.0,4691.722,2206.309,15.226,28.407,27.724,8.439,0.0,0.0
381,8.0,5.0,0.0,4.0,4.0,0.0,4731.515,2240.79,16.458,28.035,27.779,8.481,0.0,0.0
382,8.0,5.0,0.0,5.0,5.0,0.0,4783.688,2408.006,40.906,28.357,28.162,8.497,0.0,0.0
383,8.0,5.0,0.0,6.0,6.0,0.0,4815.732,2425.718,-2.875,28.226,27.849,8.521,0.0,0.0
385,9.0,5.0,0.0,1.0,1.0,0.0,5470.243,2214.649,-2.168,27.58,27.389,8.352,0.0,0.0
386,9.0,5.0,0.0,2.0,2.0,0.0,5506.36,2253.665,50.278,27.939,27.289,8.482,0.0,0.0
388,9.0,5.0,0.0,4.0,4.0,0.0,5206.642,2455.339,44.543,28.99,28.728,8.589,0.0,0.0
389,0.0,6.0,0.0,0.0,0.0,0.0,283.193,2470.929,61.409,28.503,28.252,8.533,0.0,0.0
391,0.0,6.0,0.0,2.0,2.0,0.0,517.492,2614.905,29.16,28.532,28.341,8.551,0.0,0.0
392,0.0,6.0,0.0,3.0,3.0,0.0,187.413,2646.19,121.27,28.319,28.281,8.51,0.0,0.0
393,0.0,6.0,0.0,4.0,4.0,0.0,356.651,2794.2,74.304,28.559,28.175,8.53,0.0,0.0
395,1.0,6.0,0.0,0.0,0.0,0.0,1009.428,2509.666,108.273,29.988,27.406,8.46,0.0,0.0
396,1.0,6.0,0.0,1.0,0.0,0.0,1006.199,2478.256,-43.057,28.092,27.257,8.409,0.0,0.0
397,1.0,6.0,0.0,2.0,1.0,0.0,1160.392,2633.433,6.498,28.774,28.364,8.591,0.0,0.0
398,1.0,6.0,0.0,3.0,2.0,0.0,975.204,2717.388,83.741,28.418,28.253,8.52,0.0,0.0
399,1.0,6.0,0.0,4.0,3.0,0.0,704.597,2754.936,89.17,28.381,28.364,8.532,0.0,0.0
402,1.0,6.0,0.0,7.0,6.0,0.0,728.603,2809.137,-41.574,28.583,28.436,8.573,0.0,0.0
403,1.0,6.0,0.0,8.0,7.0,0.0,1147.269,2827.434,-28.723,29.221,29.014,8.666,0.0,0.0
406,2.0,6.0,0.0,0.0,2.0,0.0,1739.945,2500.641,90.891,29.512,26.132,8.271,0.0,0.0
407,2.0,6.0,0.0,1.0,3.0,0.0,1455.776,2541.344,-25.344,28.467,28.293,9.472,0.0,0.0
408,2.0,6.0,0.0,2.0,5.0,0.0,1199.95,2772.321,-6.444,28.722,28.247,8.566,0.0,0.0
410,2.0,6.0,0.0,4.0,7.0,0.0,1328.703,2792.188,37.59,28.179,28.158,8.56,0.0,0.0
411,2.0,6.0,0.0,5.0,9.0,0.0,1219.819,2807.507,17.569,28.667,28.615,8.612,0.0,0.0
412,2.0,6.0,0.0,6.0,11.0,0.0,1368.343,2840.082,52.456,28.742,28.579,8.618,0.0,0.0
413,3.0,6.0,0.0,0.0,1.0,0.0,2184.37,2470.288,129.765,28.777,28.615,8.629,0.0,0.0
416,4.0,6.0,0.0,0.0,0.0,0.0,2706.806,2512.236,87.07,28.581,27.967,8.416,0.0,0.0
417,4.0,6.0,0.0,1.0,1.0,0.0,2584.242,2765.625,104.051,28.512,28.449,8.564,0.0,0.0
418,4.0,6.0,0.0,2.0,2.0,0.0,2351.295,2779.264,-17.201,28.588,28.564,8.593,0.0,0.0
419,4.0,6.0,0.0,3.0,3.0,0.0,2535.811,2830.581,-36.441,28.51,28.397,8.556,0.0,0.0
420,4.0,6.0,0.0,4.0,4.0,0.0,2504.81,2834.988,8.078,28.274,28.11,8.568,0.0,0.0
422,5.0,6.0,0.0,0.0,0.0,0.0,3110.63,2521.984,77.722,28.134,27.861,8.508,0.0,0.0
423,5.0,6.0,0.0,1.0,1.0,0.0,3169.164,2589.063,43.498,28.199,28.05,8.546,0.0,0.0
425,5.0,6.0,0.0,3.0,3.0,0.0,3168.616,2646.106,82.295,27.888,27.718,8.449,0.0,0.0
426,5.0,6.0,0.0,4.0,4.0,0.0,3256.392,2653.564,-0.882,28.635,28.54,8.596,0.0,0.0
429,5.0,6.0,0.0,7.0,7.0,0.0,3273.557,2761.19,12.59,28.08,27.845,8.497,0.0,0.0
430,5.0,6.0,0.0,8.0,8.0,0.0,3060.074,2764.234,33.589,27.78,27.632,8.419,0.0,0.0
431,5.0,6.0,0.0,9.0,9.0,0.0,2997.314,2780.672,-2.112,28.348,27.889,8.455,0.0,0.0
432,5.0,6.0,0.0,10.0,10.0,0.0,3313.007,2856.709,110.318,29.102,28.958,8.553,0.0,0.0
434,6.0,6.0,0.0,1.0,2.0,0.0,4002.505,2601.756,22.991,28.848,28.415,8.61,0.0,0.0
435,6.0,6.0,0.0,2.0,3.0,0.0,3855.34,2608.72,64.924,28.672,28.485,8.593,0.0,0.0
436,6.0,6.0,0.0,3.0,4.0,0.0,3853.339,2835.185,-35.906,28.288,28.174,8.489,0.0,0.0
437,6.0,6.0,0.0,4.0,5.0,0.0,3867.766,2864.433,54.123,28.927,28.57,8.556,0.0,0.0
438,7.0,6.0,0.0,0.0,0.0,0.0,4049.223,2467.839,50.392,28.468,28.108,8.506,0.0,0.0
439,7.0,6.0,0.0,1.0,2.0,0.0,4158.266,2656.04,17.585,28.39,28.166,8.503,0.0,0.0
440,7.0,6.0,0.0,2.0,3.0,0.0,4583.248,2839.342,18.145,29.37,29.308,8.644,0.0,0.0
441,8.0,6.0,0.0,0.0,1.0,0.0,4948.287,2484.326,29.765,27.856,27.646,8.433,0.0,0.0
442,8.0,6.0,0.0,1.0,2.0,0.0,4849.106,2592.334,75.505,27.767,27.381,8.469,0.0,0.0
443,8.0,6.0,0.0,2.0,3.0,0.0,4658.972,2667.52,21.538,28.703,27.5,8.453,0.0,0.0
444,8.0,6.0,0.0,3.0,4.0,0.0,5165.246,2779.152,-6.326,28.945,28.745,8.674,0.0,0.0
445,8.0,6.0,0.0,4.0,5.0,0.0,4918.917,2805.359,-1.411,28.134,27.682,8.304,0.0,0.0
446,9.0,6.0,0.0,0.0,1.0,0.0,5233.173,2548.059,42.718,28.141,27.976,8.526,0.0,0.0
447,9.0,6.0,0.0,1.0,2.0,0.0,5767.361,2557.686,0.545,28.576,28.037,8.513,0.0,0.0
449,9.0,6.0,0.0,3.0,4.0,0.0,5719.296,2711.045,6.003,28.219,27.918,8.53,0.0,0.0
450,9.0,6.0,0.0,4.0,5.0,0.0,5410.681,2802.676,46.773,28.013,27.994,8.51,0.0,0.0
451,9.0,6.0,0.0,5.0,6.0,0.0,5636.462,2864.307,46.239,28.663,28.307,8.565,0.0,0.0
453,0.0,7.0,0.0,0.0,0.0,0.0,466.265,2885.889,101.545,28.249,28.054,8.465,0.0,0.0
454,0.0,7.0,0.0,1.0,1.0,0.0,190.741,2932.528,116.402,28.004,27.793,8.478,0.0,0.0
455,0.0,7.0,0.0,2.0,2.0,0.0,518.222,2963.075,80.493,28.779,28.602,8.627,0.0,0.0
456,0.0,7.0,0.0,3.0,3.0,0.0,123.861,3015.555,62.821,28.233,28.085,8.557,0.0,0.0
457,0.0,7.0,0.0,4.0,4.0,0.0,227.068,3111.878,133.095,28.36,28.285,8.517,0.0,0.0
458,0.0,7.0,0.0,5.0,5.0,0.0,341.87,3189.002,-10.795,28.585,28.442,8.574,0.0,0.0
460,1.0,7.0,0.0,0.0,1.0,0.0,814.893,3126.799,78.23,27.956,27.874,8.483,0.0,0.0
461,1.0,7.0,0.0,1.0,2.0,0.0,1140.877,3192.614,10.429,28.747,28.714,8.639,0.0,0.0
462,2.0,7.0,0.0,0.0,0.0,0.0,1242.15,2992.849,42.489,28.286,28.058,8.471,0.0,0.0
464,2.0,7.0,0.0,2.0,2.0,0.0,1716.548,3136.396,72.259,28.296,28.092,8.478,0.0,0.0
465,2.0,7.0,0.0,3.0,3.0,0.0,1383.22,3148.361,62.095,28.316,28.214,8.499,0.0,0.0
466,2.0,7.0,0.0,4.0,4.0,0.0,1304.708,3167.052,-29.201,28.232,28.046,8.551,0.0,0.0
467,3.0,7.0,0.0,0.0,0.0,0.0,2190.005,2918.909,-24.843,28.212,28.04,8.547,0.0,0.0
470,3.0,7.0,0.0,3.0,3.0,0.0,2066.345,3107.893,108.586,28.195,27.987,8.536,0.0,0.0
471,3.0,7.0,0.0,4.0,4.0,0.0,1887.42,3159.154,50.594,28.01,27.958,8.504,0.0,0.0
472,4.0,7.0,0.0,0.0,0.0,0.0,2476.35,3086.077,52.972,28.204,28.104,8.555,0.0,0.0
473,4.0,7.0,0.0,1.0,1.0,0.0,2336.019,3160.964,26.234,28.699,28.398,8.585,0.0,0.0
474,4.0,7.0,0.0,2.0,2.0,0.0,2672.768,3175.382,108.719,28.443,28.301,8.531,0.0,0.0
475,4.0,7.0,0.0,3.0,3.0,0.0,2892.84,3183.085,94.568,30.011,24.805,8.206,0.0,0.0
476,4.0,7.0,0.0,4.0,4.0,0.0,2837.164,3198.335,66.865,29.274,29.103,8.6,0.0,0.0
479,5.0,7.0,0.0,0.0,1.0,0.0,2933.968,2938.996,45.531,28.278,28.073,8.562,0.0,0.0
481,6.0,7.0,0.0,0.0,1.0,0.0,3539.394,2940.485,65.697,27.834,27.649,8.43,0.0,0.0
482,6.0,7.0,0.0,1.0,2.0,0.0,3612.337,2945.177,51.245,28.405,28.182,8.508,0.0,0.0
483,6.0,7.0,0.0,2.0,3.0,0.0,3665.75,3067.853,76.789,28.385,28.289,8.521,0.0,0.0
484,6.0,7.0,0.0,3.0,4.0,0.0,3628.21,3207.509,65.688,28.447,28.347,8.539,0.0,0.0
485,7.0,7.0,0.0,0.0,0.0,0.0,4355.541,3063.316,47.219,28.484,28.142,8.514,0.0,0.0
488,7.0,7.0,0.0,3.0,3.0,0.0,4492.195,3225.356,115.2,28.424,28.376,8.54,0.0,0.0
489,8.0,7.0,0.0,0.0,0.0,0.0,4749.748,2910.135,37.498,28.105,27.556,8.457,0.0,0.0
490,8.0,7.0,0.0,1.0,1.0,0.0,5113.664,3166.317,47.873,28.52,28.138,8.519,0.0,0.0
491,9.0,7.0,0.0,0.0,1.0,0.0,5725.391,2870.843,-18.604,28.806,28.546,8.624,0.0,0.0
492,9.0,7.0,0.0,1.0,2.0,0.0,5498.025,2873.187,83.426,27.513,27.248,8.41,0.0,0.0
493,9.0,7.0,0.0,2.0,3.0,0.0,5254.371,2926.225,35.076,28.275,27.954,8.544,0.0,0.0
494,9.0,7.0,0.0,3.0,4.0,0.0,5759.353,2947.849,-11.881,28.299,28.24,8.501,0.0,0.0
495,9.0,7.0,0.0,4.0,5.0,0.0,5595.574,2963.798,6.047,28.088,27.913,8.509,0.0,0.0
496,9.0,7.0,0.0,5.0,6.0,0.0,5381.633,3020.938,34.372,27.814,27.19,8.448,0.0,0.0
497,9.0,7.0,0.0,6.0,7.0,0.0,5749.259,3052.774,-0.582,28.599,28.419,8.573,0.0,0.0
498,9.0,7.0,0.0,7.0,8.0,0.0,5538.636,3083.013,-3.528,28.342,28.237,8.507,0.0,0.0
499,9.0,7.0,0.0,8.0,9.0,0.0,5552.429,3275.333,-1.234,29.06,27.199,8.369,0.0,0.0
500,0.0,8.0,0.0,0.0,1.0,0.0,135.674,3293.733,71.187,27.765,27.63,8.417,0.0,0.0
501,0.0,8.0,0.0,1.0,2.0,0.0,16.715,3374.035,29.691,28.332,28.138,8.49,0.0,0.0
502,0.0,8.0,0.0,2.0,3.0,0.0,301.941,3375.291,7.888,28.379,28.317,8.524,0.0,0.0
503,0.0,8.0,0.0,3.0,4.0,0.0,343.011,3379.698,-38.177,28.505,28.42,8.559,0.0,0.0
505,0.0,8.0,0.0,5.0,6.0,0.0,67.016,3422.126,-29.722,11.456,11.172,5.896,0.0,0.0
506,0.0,8.0,0.0,6.0,6.0,0.0,59.729,3418.408,41.958,10.702,10.515,5.898,0.0,0.0
507,0.0,8.0,0.0,7.0,7.0,0.0,509.704,3512.677,133.089,28.566,28.38,8.562,0.0,0.0
508,1.0,8.0,0.0,0.0,0.0,0.0,1048.091,3583.785,45.469,28.733,28.715,8.637,0.0,0.0
509,1.0,8.0,0.0,1.0,1.0,0.0,1045.232,3664.829,130.974,28.926,28.661,8.57,0.0,0.0
510,2.0,8.0,0.0,0.0,0.0,0.0,1391.712,3304.808,83.856,28.003,27.95,8.502,0.0,0.0
511,2.0,8.0,0.0,1.0,1.0,0.0,1446.831,3415.543,49.504,28.186,27.901,8.522,0.0,0.0
512,2.0,8.0,0.0,2.0,2.0,0.0,1476.162,3474.893,-16.286,28.485,28.414,8.555,0.0,0.0
513,2.0,8.0,0.0,3.0,3.0,0.0,1244.423,3486.977,102.88,28.236,28.099,8.56,0.0,0.0
515,2.0,8.0,0.0,5.0,5.0,0.0,1327.348,3631.083,53.246,28.531,28.38,8.647,0.0,0.0
516,2.0,8.0,0.0,6.0,5.0,0.0,1314.395,3605.23,27.185,28.866,28.546,8.723,0.0,0.0
517,2.0,8.0,0.0,7.0,6.0,0.0,1471.024,3607.497,91.31,27.941,27.886,8.482,0.0,0.0
519,2.0,8.0,0.0,9.0,8.0,0.0,1426.312,3653.529,-19.599,28.188,28.15,8.56,0.0,0.0
520,2.0,8.0,0.0,10.0,9.0,0.0,1457.143,3671.305,43.941,28.386,28.293,8.522,0.0,0.0
521,3.0,8.0,0.0,0.0,0.0,0.0,2088.838,3317.806,104.204,28.282,28.104,8.567,0.0,0.0
522,3.0,8.0,0.0,1.0,1.0,0.0,1891.164,3325.602,53.767,28.551,28.367,8.558,0.0,0.0
523,3.0,8.0,0.0,2.0,2.0,0.0,2046.753,3515.16,121.339,28.353,28.271,8.603,0.0,0.0
524,3.0,8.0,0.0,3.0,3.0,0.0,1836.951,3626.812,56.186,28.616,28.393,8.571,0.0,0.0
525,4.0,8.0,0.0,0.0,0.0,0.0,2358.098,3321.133,61.249,28.253,27.997,8.547,0.0,0.0
526,4.0,8.0,0.0,1.0,1.0,0.0,2631.726,3321.623,106.945,28.135,27.919,8.517,0.0,0.0
527,4.0,8.0,0.0,2.0,2.0,0.0,2849.268,3454.067,59.926,28.493,28.37,8.549,0.0,0.0
528,4.0,8.0,0.0,3.0,3.0,0.0,2535.243,3463.042,58.142,28.269,28.171,8.576,0.0,0.0
529,4.0,8.0,0.0,4.0,4.0,0.0,2808.878,3573.403,-38.362,29.136,28.873,8.632,0.0,0.0
530,5.0,8.0,0.0,0.0,0.0,0.0,2950.796,3303.494,47.623,28.284,28.063,8.472,0.0,0.0
531,5.0,8.0,0.0,1.0,1.0,0.0,3251.184,3349.328,123.661,28.212,28.153,8.564,0.0,0.0
532,5.0,8.0,0.0,2.0,2.0,0.0,3181.413,3382.834,31.298,28.356,28.228,8.508,0.0,0.0
533,5.0,8.0,0.0,3.0,3.0,0.0,3024.408,3424.902,0.31,28.385,28.148,8.5,0.0,0.0
534,5.0,8.0,0.0,4.0,4.0,0.0,3435.302,3584.889,-32.49,29.03,28.757,8.689,0.0,0.0
535,5.0,8.0,0.0,5.0,5.0,0.0,2914.899,3602.17,-7.694,28.61,28.439,8.577,0.0,0.0
537,6.0,8.0,0.0,0.0,0.0,0.0,3523.065,3396.733,58.008,27.809,27.491,8.493,0.0,0.0
538,6.0,8.0,0.0,1.0,1.0,0.0,3536.601,3568.881,62.993,28.26,28.008,8.549,0.0,0.0
540,6.0,8.0,0.0,3.0,3.0,0.0,3867.192,3662.553,28.434,28.814,28.476,8.614,0.0,0.0
541,7.0,8.0,0.0,0.0,0.0,0.0,4086.722,3279.247,83.552,28.208,27.472,8.461,0.0,0.0
542,7.0,8.0,0.0,1.0,1.0,0.0,4464.385,3385.993,29.901,28.738,28.452,9.412,0.0,0.0
543,7.0,8.0,0.0,2.0,1.0,0.0,4443.035,3377.733,46.211,28.097,27.916,9.462,0.0,0.0
544,7.0,8.0,0.0,3.0,2.0,0.0,4415.923,3392.906,73.918,28.327,28.112,8.486,0.0,0.0
545,7.0,8.0,0.0,4.0,3.0,0.0,4215.694,3467.887,31.367,28.3,28.034,8.56,0.0,0.0
546,7.0,8.0,0.0,5.0,4.0,0.0,4319.4,3580.167,124.318,28.221,28.132,8.473,0.0,0.0
547,7.0,8.0,0.0,6.0,5.0,0.0,4239.308,3640.024,100.48,28.203,27.928,8.528,0.0,0.0
548,8.0,8.0,0.0,0.0,0.0,0.0,5183.434,3309.359,-12.454,28.573,28.394,8.565,0.0,0.0
549,8.0,8.0,0.0,1.0,1.0,0.0,5132.074,3332.089,6.379,28.411,28.045,8.579,0.0,0.0
550,8.0,8.0,0.0,2.0,2.0,0.0,5079.708,3457.088,46.431,28.025,27.974,8.509,0.0,0.0
552,8.0,8.0,0.0,4.0,4.0,0.0,4873.978,3536.02,64.585,28.032,27.844,8.49,0.0,0.0
553,8.0,8.0,0.0,5.0,5.0,0.0,4854.269,3587.304,33.889,27.942,27.808,8.471,0.0,0.0
554,8.0,8.0,0.0,6.0,6.0,0.0,4990.592,3643.974,73.7,28.713,28.379,8.583,0.0,0.0
557,9.0,8.0,0.0,2.0,4.0,0.0,5604.38,3396.618,120.292,28.208,28.09,8.554,0.0,0.0
558,9.0,8.0,0.0,3.0,5.0,0.0,5538.529,3454.744,78.962,28.522,28.295,8.543,0.0,0.0
559,9.0,8.0,0.0,4.0,6.0,0.0,5345.941,3470.386,46.375,27.902,27.617,8.436,0.0,0.0
560,9.0,8.0,0.0,5.0,7.0,0.0,5451.748,3510.558,-10.998,28.19,27.993,8.537,0.0,0.0
561,9.0,8.0,0.0,6.0,8.0,0.0,5433.68,3534.508,-3.467,28.392,28.328,8.528,0.0,0.0
562,9.0,8.0,0.0,7.0,9.0,0.0,5477.277,3546.69,43.131,28.359,28.295,8.518,0.0,0.0
563,9.0,8.0,0.0,8.0,10.0,0.0,5569.354,3562.098,-39.692,28.12,27.839,8.502,0.0,0.0
564,0.0,9.0,0.0,0.0,2.0,0.0,344.881,4036.132,34.546,28.843,28.662,8.646,0.0,0.0
566,1.0,9.0,0.0,1.0,2.0,0.0,686.005,3707.036,51.409,28.483,28.201,8.612,0.0,0.0
567,1.0,9.0,0.0,2.0,3.0,0.0,708.183,3732.922,50.36,28.44,28.212,8.518,0.0,0.0
568,1.0,9.0,0.0,3.0,4.0,0.0,759.568,3816.754,49.467,28.337,28.177,8.497,0.0,0.0
575,3.0,9.0,0.0,0.0,0.0,0.0,2161.335,3696.58,112.95,28.461,28.268,8.529,0.0,0.0
580,3.0,9.0,0.0,5.0,4.0,0.0,2000.665,3807.436,86.964,28.166,27.976,8.441,0.0,0.0
581,3.0,9.0,0.0,6.0,5.0,0.0,2207.407,3966.379,48.082,28.444,28.375,8.543,0.0,0.0
583,4.0,9.0,0.0,0.0,0.0,0.0,2372.018,3729.693,33.892,28.81,28.492,8.527,0.0,0.0
584,4.0,9.0,0.0,1.0,1.0,0.0,2410.525,3807.224,100.756,27.906,27.887,8.477,0.0,0.0
586,4.0,9.0,0.0,3.0,3.0,0.0,2532.133,3895.701,57.203,27.884,27.612,8.432,0.0,0.0
587,4.0,9.0,0.0,4.0,4.0,0.0,2439.291,3914.474,36.782,28.091,27.965,8.517,0.0,0.0
588,4.0,9.0,0.0,5.0,5.0,0.0,2627.831,3976.431,-4.002,28.183,27.961,8.441,0.0,0.0
589,5.0,9.0,0.0,0.0,0.0,0.0,3004.208,3720.047,49.595,28.661,28.4,8.579,0.0,0.0
590,5.0,9.0,0.0,1.0,1.0,0.0,3442.436,3768.259,131.66,28.301,28.156,8.488,0.0,0.0
591,5.0,9.0,0.0,2.0,2.0,0.0,3092.03,3812.03,17.353,28.268,28.205,8.491,0.0,0.0
592,5.0,9.0,0.0,3.0,3.0,0.0,3267.979,3814.012,71.428,28.192,28.099,8.553,0.0,0.0
593,5.0,9.0,0.0,4.0,4.0,0.0,3198.738,3817.28,36.694,27.901,27.698,8.448,0.0,0.0
594,5.0,9.0,0.0,5.0,5.0,0.0,3086.522,3915.503,39.788,28.052,27.925,8.505,0.0,0.0
595,5.0,9.0,0.0,6.0,6.0,0.0,3306.991,3920.39,27.073,28.053,27.938,8.507,0.0,0.0
597,5.0,9.0,0.0,8.0,8.0,0.0,2987.461,4032.033,-43.696,28.495,28.322,8.543,0.0,0.0
598,5.0,9.0,0.0,9.0,9.0,0.0,2914.512,4067.166,119.463,28.818,28.78,8.571,0.0,0.0
599,6.0,9.0,0.0,0.0,1.0,0.0,3586.95,3824.38,31.439,28.193,27.905,8.524,0.0,0.0
600,6.0,9.0,0.0,1.0,2.0,0.0,3860.715,3858.553,-26.401,30.349,30.181,8.829,0.0,0.0
601,6.0,9.0,0.0,2.0,3.0,0.0,3907.182,3863.263,-1.05,28.819,28.746,8.655,0.0,0.0
602,6.0,9.0,0.0,3.0,4.0,0.0,3986.681,3968.344,78.339,29.47,28.519,9.895,0.0,0.0
603,6.0,9.0,0.0,4.0,5.0,0.0,3746.455,3982.939,43.613,28.215,27.619,8.484,0.0,0.0
606,7.0,9.0,0.0,1.0,1.0,0.0,4455.662,3764.638,82.885,27.96,27.527,8.431,0.0,0.0
607,7.0,9.0,0.0,2.0,2.0,0.0,4247.016,3834.209,32.862,27.979,27.759,8.469,0.0,0.0
610,8.0,9.0,0.0,1.0,1.0,0.0,4753.246,3861.278,59.157,27.803,27.674,8.429,0.0,0.0
613,8.0,9.0,0.0,4.0,4.0,0.0,4931.847,3974.668,30.884,28.196,28.12,8.467,0.0,0.0
614,8.0,9.0,0.0,5.0,5.0,0.0,4834.838,3980.481,70.127,28.797,28.217,9.876,0.0,0.0
617,8.0,9.0,0.0,8.0,8.0,0.0,5037.654,4085.739,60.186,28.948,28.692,8.577,0.0,0.0
618,9.0,9.0,0.0,0.0,0.0,0.0,5416.096,3769.597,72.006,27.837,27.605,8.424,0.0,0.0
619,9.0,9.0,0.0,1.0,1.0,0.0,5528.931,3795.479,69.97,28.011,27.459,8.428,0.0,0.0
620,9.0,9.0,0.0,2.0,2.0,0.0,5460.427,3805.578,15.409,28.095,27.939,8.514,0.0,0.0
621,9.0,9.0,0.0,3.0,3.0,0.0,5728.107,3806.16,116.513,28.79,28.517,8.528,0.0,0.0
623,9.0,9.0,0.0,5.0,5.0,0.0,5490.724,3929.859,65.862,28.317,28.034,8.472,0.0,0.0
625,0.0,10.0,0.0,0.0,0.0,0.0,285.538,4111.611,77.449,28.359,28.058,8.572,0.0,0.0
626,0.0,10.0,0.0,1.0,1.0,0.0,173.727,4127.847,78.671,28.343,28.078,8.483,0.0,0.0
627,0.0,10.0,0.0,2.0,2.0,0.0,60.73,4195.861,18.073,28.493,28.318,8.542,0.0,0.0
628,0.0,10.0,0.0,3.0,3.0,0.0,414.83,4196.338,39.908,28.494,28.309,8.54,0.0,0.0
629,0.0,10.0,0.0,4.0,4.0,0.0,364.48,4231.627,-27.955,28.67,27.641,8.378,0.0,0.0
631,1.0,10.0,0.0,0.0,0.0,0.0,1091.47,4166.174,15.757,28.855,28.714,8.656,0.0,0.0
632,1.0,10.0,0.0,1.0,1.0,0.0,1126.398,4194.845,38.586,28.73,28.57,8.527,0.0,0.0
633,1.0,10.0,0.0,2.0,2.0,0.0,840.518,4218.846,112.474,28.528,28.373,8.555,0.0,0.0
634,1.0,10.0,0.0,3.0,3.0,0.0,1156.782,4247.814,9.771,28.963,28.79,8.684,0.0,0.0
635,1.0,10.0,0.0,4.0,4.0,0.0,736.732,4260.917,61.103,28.321,28.169,8.493,0.0,0.0
636,1.0,10.0,0.0,5.0,5.0,0.0,952.292,4348.956,100.323,28.338,28.044,8.566,0.0,0.0
638,2.0,10.0,0.0,0.0,1.0,0.0,1514.15,4139.438,91.219,28.205,27.998,8.539,0.0,0.0
639,2.0,10.0,0.0,1.0,2.0,0.0,1332.569,4178.875,41.031,28.051,27.949,8.509,0.0,0.0
640,2.0,10.0,0.0,2.0,3.0,0.0,1210.625,4223.934,28.469,28.781,28.505,8.613,0.0,0.0
641,2.0,10.0,0.0,3.0,5.0,0.0,1528.011,4332.186,55.775,28.428,28.238,8.52,0.0,0.0
642,2.0,10.0,0.0,4.0,6.0,0.0,1512.828,4401.625,-33.932,28.42,28.348,8.535,0.0,0.0
644,2.0,10.0,0.0,6.0,8.0,0.0,1186.614,4500.328,-1.823,30.377,25.645,8.325,0.0,0.0
646,3.0,10.0,0.0,1.0,1.0,0.0,2184.972,4149.696,105.717,28.197,28.057,8.547,0.0,0.0
647,3.0,10.0,0.0,2.0,2.0,0.0,2136.761,4196.528,80.629,28.448,28.335,8.537,0.0,0.0
650,3.0,10.0,0.0,5.0,5.0,0.0,2078.45,4347.41,-8.166,28.437,28.352,8.538,0.0,0.0
651,3.0,10.0,0.0,6.0,6.0,0.0,2133.998,4422.714,100.239,28.908,28.772,8.672,0.0,0.0
653,4.0,10.0,0.0,0.0,0.0,0.0,2856.471,4385.116,118.18,28.797,28.638,8.547,0.0,0.0
654,4.0,10.0,0.0,1.0,1.0,0.0,2547.126,4418.715,118.083,28.735,28.468,8.6,0.0,0.0
655,4.0,10.0,0.0,2.0,2.0,0.0,2809.586,4453.688,94.588,29.126,28.862,8.629,0.0,0.0
656,4.0,10.0,0.0,3.0,3.0,0.0,2464.973,4470.271,62.93,28.787,28.687,8.641,0.0,0.0
657,4.0,10.0,0.0,4.0,4.0,0.0,2415.696,4483.33,-0.866,28.868,28.692,8.654,0.0,0.0
658,5.0,10.0,0.0,0.0,0.0,0.0,2977.55,4402.086,-2.195,28.214,27.98,8.539,0.0,0.0
660,6.0,10.0,0.0,1.0,3.0,0.0,3514.911,4244.423,5.64,28.327,28.167,8.494,0.0,0.0
662,6.0,10.0,0.0,3.0,5.0,0.0,3543.021,4338.267,118.994,28.612,28.466,8.582,0.0,0.0
663,6.0,10.0,0.0,4.0,6.0,0.0,3917.919,4392.867,25.459,28.54,27.906,8.487,0.0,0.0
664,6.0,10.0,0.0,5.0,7.0,0.0,3994.275,4475.293,-21.955,28.944,28.643,8.57,0.0,0.0
665,7.0,10.0,0.0,0.0,0.0,0.0,4474.699,4138.448,123.174,28.256,28.089,8.561,0.0,0.0
668,7.0,10.0,0.0,3.0,3.0,0.0,4335.769,4316.406,69.011,28.562,28.425,8.568,0.0,0.0
669,7.0,10.0,0.0,4.0,4.0,0.0,4182.84,4316.783,40.326,27.89,27.777,8.458,0.0,0.0
670,7.0,10.0,0.0,5.0,5.0,0.0,4500.719,4322.065,86.585,28.443,28.061,8.495,0.0,0.0
671,7.0,10.0,0.0,6.0,6.0,0.0,4132.005,4407.067,2.575,28.375,28.258,8.515,0.0,0.0
672,8.0,10.0,0.0,0.0,1.0,0.0,4872.12,4175.373,-8.148,28.243,28.142,8.478,0.0,0.0
673,8.0,10.0,0.0,1.0,2.0,0.0,5169.999,4235.381,19.973,27.941,27.785,8.467,0.0,0.0
674,8.0,10.0,0.0,2.0,3.0,0.0,4871.587,4242.754,62.573,27.863,27.555,8.42,0.0,0.0
675,8.0,10.0,0.0,3.0,4.0,0.0,4885.755,4494.973,-19.233,28.558,28.343,8.555,0.0,0.0
677,9.0,10.0,0.0,1.0,2.0,0.0,5573.743,4296.892,-42.812,28.499,28.312,8.542,0.0,0.0
678,9.0,10.0,0.0,2.0,3.0,0.0,5327.768,4369.868,61.299,28.232,28.133,8.564,0.0,0.0
680,9.0,10.0,0.0,4.0,5.0,0.0,5380.969,4476.343,22.534,28.385,28.179,8.505,0.0,0.0
681,0.0,11.0,0.0,0.0,0.0,0.0,109.801,4558.319,61.178,28.512,28.278,8.539,0.0,0.0
682,0.0,11.0,0.0,1.0,1.0,0.0,559.581,4598.951,66.765,28.535,28.443,8.567,0.0,0.0
683,0.0,11.0,0.0,2.0,2.0,0.0,495.3,4796.054,131.033,29.005,28.807,8.603,0.0,0.0
684,1.0,11.0,0.0,0.0,0.0,0.0,618.052,4618.957,27.713,28.629,28.503,8.59,0.0,0.0
685,1.0,11.0,0.0,1.0,1.0,0.0,698.301,4755.714,59.655,28.356,28.119,8.58,0.0,0.0
686,2.0,11.0,0.0,0.0,1.0,0.0,1471.16,4516.168,-30.411,29.188,29.002,8.659,0.0,0.0
687,2.0,11.0,0.0,1.0,2.0,0.0,1194.751,4578.283,60.004,27.861,27.745,8.449,0.0,0.0
690,2.0,11.0,0.0,4.0,5.0,0.0,1614.87,4825.535,125.087,28.965,28.834,8.601,0.0,0.0
691,3.0,11.0,0.0,0.0,0.0,0.0,1974.21,4536.01,82.281,28.26,28.205,8.579,0.0,0.0
692,3.0,11.0,0.0,1.0,1.0,0.0,2164.172,4559.273,85.168,28.567,28.457,8.573,0.0,0.0
694,3.0,11.0,0.0,3.0,3.0,0.0,2056.489,4806.549,116.577,28.265,28.244,8.496,0.0,0.0
695,3.0,11.0,0.0,4.0,4.0,0.0,1958.978,4834.134,8.522,28.674,28.604,8.612,0.0,0.0
697,3.0,11.0,0.0,6.0,6.0,0.0,2155.419,4901.349,28.159,29.152,28.959,8.647,0.0,0.0
698,3.0,11.0,0.0,7.0,7.0,0.0,1937.981,4902.996,129.355,29.559,28.958,8.537,0.0,0.0
699,4.0,11.0,0.0,0.0,1.0,0.0,2508.896,4586.548,61.38,27.976,27.894,8.489,0.0,0.0
700,4.0,11.0,0.0,1.0,2.0,0.0,2439.227,4588.059,59.804,28.116,27.961,8.52,0.0,0.0
701,4.0,11.0,0.0,2.0,3.0,0.0,2839.898,4594.365,7.949,28.277,28.184,8.489,0.0,0.0
702,4.0,11.0,0.0,3.0,4.0,0.0,2581.303,4695.149,72.622,28.29,28.196,8.493,0.0,0.0
703,4.0,11.0,0.0,4.0,5.0,0.0,2476.087,4696.556,61.662,28.311,28.293,8.51,0.0,0.0
704,4.0,11.0,0.0,5.0,6.0,0.0,2770.872,4702.184,94.103,28.121,28.046,8.534,0.0,0.0
705,4.0,11.0,0.0,6.0,7.0,0.0,2450.702,4717.086,29.927,28.547,28.38,8.559,0.0,0.0
706,4.0,11.0,0.0,7.0,8.0,0.0,2771.434,4783.644,-23.983,28.473,28.458,8.56,0.0,0.0
707,4.0,11.0,0.0,8.0,9.0,0.0,2462.955,4794.815,90.817,28.64,28.368,8.571,0.0,0.0
708,4.0,11.0,0.0,9.0,10.0,0.0,2873.226,4829.983,94.535,29.507,28.987,9.741,0.0,0.0
709,4.0,11.0,0.0,10.0,11.0,0.0,2764.09,4841.488,55.565,28.784,28.72,8.646,0.0,0.0
711,5.0,11.0,0.0,1.0,1.0,0.0,2923.425,4559.995,37.689,28.555,28.198,8.533,0.0,0.0
713,5.0,11.0,0.0,3.0,3.0,0.0,2994.311,4730.992,36.409,28.175,28.073,8.546,0.0,0.0
714,5.0,11.0,0.0,4.0,4.0,0.0,3287.892,4800.052,0.11,28.821,28.646,8.551,0.0,0.0
715,5.0,11.0,0.0,5.0,5.0,0.0,3190.984,4814.86,-14.861,28.318,28.271,8.598,0.0,0.0
716,5.0,11.0,0.0,6.0,7.0,0.0,3135.051,4840.455,70.185,28.619,28.333,8.563,0.0,0.0
717,5.0,11.0,0.0,7.0,8.0,0.0,3340.04,4867.438,-24.841,29.333,28.539,8.529,0.0,0.0
718,5.0,11.0,0.0,8.0,9.0,0.0,2991.07,4886.26,69.309,28.805,28.721,8.561,0.0,0.0
720,6.0,11.0,0.0,1.0,1.0,0.0,3887.274,4712.011,116.83,28.511,28.298,8.541,0.0,0.0
721,6.0,11.0,0.0,2.0,2.0,0.0,3625.155,4714.463,26.348,28.189,28.07,8.548,0.0,0.0
722,6.0,11.0,0.0,3.0,3.0,0.0,3835.323,4820.23,50.485,28.47,28.083,8.504,0.0,0.0
723,6.0,11.0,0.0,4.0,5.0,0.0,3554.041,4872.999,31.499,28.613,28.35,8.564,0.0,0.0
724,6.0,11.0,0.0,5.0,6.0,0.0,3635.813,4907.883,-1.257,29.561,26.354,8.312,0.0,0.0
726,7.0,11.0,0.0,1.0,1.0,0.0,4419.074,4715.176,67.853,27.902,27.672,8.444,0.0,0.0
727,7.0,11.0,0.0,2.0,2.0,0.0,4418.899,4757.298,46.866,28.458,28.316,8.536,0.0,0.0
728,7.0,11.0,0.0,3.0,3.0,0.0,4258.141,4848.057,37.217,28.229,28.142,8.565,0.0,0.0
729,7.0,11.0,0.0,4.0,4.0,0.0,4515.679,4860.56,132.863,28.688,28.432,8.588,0.0,0.0
730,7.0,11.0,0.0,5.0,5.0,0.0,4618.801,4880.656,89.978,29.894,28.085,8.455,0.0,0.0
731,7.0,11.0,0.0,6.0,6.0,0.0,4128.477,4902.597,-28.563,28.695,28.553,8.607,0.0,0.0
732,8.0,11.0,0.0,0.0,1.0,0.0,4854.395,4505.024,69.667,28.569,28.087,8.518,0.0,0.0
733,8.0,11.0,0.0,1.0,2.0,0.0,5061.761,4754.572,67.017,28.125,28.058,8.536,0.0,0.0
738,9.0,11.0,0.0,4.0,4.0,0.0,5576.707,4782.742,55.945,28.335,28.015,8.561,0.0,0.0
742,1.0,12.0,0.0,0.0,0.0,0.0,920.557,4995.384,123.391,27.913,27.833,8.47,0.0,0.0
743,1.0,12.0,0.0,1.0,1.0,0.0,851.917,5007.273,124.164,28.708,28.029,8.445,0.0,0.0
744,1.0,12.0,0.0,2.0,2.0,0.0,1053.783,5047.826,-38.048,28.503,28.467,8.565,0.0,0.0
745,1.0,12.0,0.0,3.0,3.0,0.0,610.196,5130.039,51.221,28.129,27.944,8.52,0.0,0.0
747,1.0,12.0,0.0,5.0,6.0,0.0,965.089,5308.962,77.072,28.89,28.808,8.586,0.0,0.0
748,2.0,12.0,0.0,0.0,0.0,0.0,1472.611,4925.82,56.547,28.52,28.443,8.565,0.0,0.0
749,2.0,12.0,0.0,1.0,1.0,0.0,1282.25,4928.859,60.623,28.195,27.903,8.523,0.0,0.0
750,2.0,12.0,0.0,2.0,2.0,0.0,1576.757,4947.369,107.041,28.629,28.423,8.578,0.0,0.0
751,2.0,12.0,0.0,3.0,3.0,0.0,1603.954,4971.676,51.616,28.236,28.179,8.572,0.0,0.0
752,2.0,12.0,0.0,4.0,4.0,0.0,1230.202,5177.963,45.123,28.44,28.272,8.527,0.0,0.0
756,3.0,12.0,0.0,3.0,6.0,0.0,1958.252,5199.103,127.507,28.371,28.304,8.521,0.0,0.0
757,3.0,12.0,0.0,4.0,7.0,0.0,1850.78,5200.836,29.443,28.464,28.342,8.541,0.0,0.0
758,4.0,12.0,0.0,0.0,0.0,0.0,2365.683,5026.575,10.92,28.337,28.141,8.492,0.0,0.0
759,4.0,12.0,0.0,1.0,2.0,0.0,2478.304,5059.207,40.168,28.126,27.969,8.523,0.0,0.0
760,4.0,12.0,0.0,2.0,3.0,0.0,2541.219,5140.191,52.587,28.027,27.914,8.5,0.0,0.0
764,5.0,12.0,0.0,0.0,1.0,0.0,2933.579,4936.676,64.989,28.502,28.309,8.542,0.0,0.0
767,5.0,12.0,0.0,3.0,4.0,0.0,2945.692,5007.907,82.03,28.618,28.542,8.594,0.0,0.0
768,5.0,12.0,0.0,4.0,5.0,0.0,3086.274,5023.224,46.107,28.122,28.028,8.442,0.0,0.0
769,5.0,12.0,0.0,5.0,6.0,0.0,2922.293,5123.354,34.798,28.539,28.436,8.566,0.0,0.0
770,5.0,12.0,0.0,6.0,7.0,0.0,3322.416,5238.427,58.324,28.742,28.676,8.633,0.0,0.0
771,5.0,12.0,0.0,7.0,8.0,0.0,3419.606,5304.358,-18.927,29.033,28.816,8.608,0.0,0.0
773,6.0,12.0,0.0,1.0,2.0,0.0,3500.826,4976.67,42.666,28.615,28.53,8.592,0.0,0.0
775,6.0,12.0,0.0,3.0,4.0,0.0,3577.587,5010.154,48.491,28.297,28.166,8.489,0.0,0.0
776,6.0,12.0,0.0,4.0,5.0,0.0,3855.24,5069.225,50.117,28.354,28.259,8.512,0.0,0.0
777,6.0,12.0,0.0,5.0,6.0,0.0,3574.65,5114.518,121.739,28.371,28.249,8.603,0.0,0.0
778,6.0,12.0,0.0,6.0,7.0,0.0,3842.907,5204.707,92.872,28.319,28.262,8.507,0.0,0.0
780,7.0,12.0,0.0,1.0,2.0,0.0,4200.847,4956.448,50.272,28.489,28.166,8.518,0.0,0.0
781,8.0,12.0,0.0,0.0,0.0,0.0,5104.799,4958.502,122.482,28.208,28.111,8.468,0.0,0.0
782,8.0,12.0,0.0,1.0,1.0,0.0,4746.632,5040.713,32.504,28.41,28.067,8.492,0.0,0.0
784,8.0,12.0,0.0,3.0,3.0,0.0,4670.239,5066.431,29.144,28.667,28.351,8.573,0.0,0.0
785,8.0,12.0,0.0,4.0,4.0,0.0,4819.109,5077.854,-31.377,28.127,27.982,8.525,0.0,0.0
786,8.0,12.0,0.0,5.0,5.0,0.0,4762.517,5122.833,48.427,28.448,28.173,8.514,0.0,0.0
788,8.0,12.0,0.0,7.0,6.0,0.0,4681.581,5129.92,56.848,28.51,28.117,8.991,0.0,0.0
790,9.0,12.0,0.0,1.0,1.0,0.0,5446.599,4971.012,62.948,28.297,28.183,8.582,0.0,0.0
791,9.0,12.0,0.0,2.0,2.0,0.0,5656.445,5035.371,129.925,28.183,27.885,8.519,0.0,0.0
792,9.0,12.0,0.0,3.0,3.0,0.0,5588.014,5077.558,114.004,28.049,27.96,8.51,0.0,0.0
793,9.0,12.0,0.0,4.0,4.0,0.0,5363.051,5119.433,50.765,28.517,28.439,8.563,0.0,0.0
795,9.0,12.0,0.0,6.0,6.0,0.0,5614.511,5268.03,5.88,28.735,28.538,8.611,0.0,0.0
797,0.0,2.0,0.0,0.0,0.0,0.0,11.08,1003.845,-3.47,28.5,28.355,24.167,4.0,
504,0.0,8.0,0.0,4.0,5.0,0.0,233.406,3425.121,17.385,28.181,28.158,8.56,0.0,0.0
799,1.0,0.0,0.0,0.0,0.0,0.0,1136.572,286.893,-40.736,28.71,27.568,23.98,4.0,
801,1.0,10.0,0.0,0.0,0.0,0.0,686.31,4357.441,31.165,28.698,26.555,23.788,4.0,
802,1.0,10.0,0.0,0.0,0.0,0.0,678.571,4368.471,15.13,28.422,26.809,23.611,4.0,
804,1.0,12.0,0.0,0.0,0.0,0.0,589.632,5225.322,33.297,28.363,27.987,23.993,4.0,
806,2.0,5.0,0.0,0.0,0.0,0.0,1720.181,2456.812,80.473,28.226,28.106,23.956,4.0,
807,2.0,6.0,0.0,0.0,0.0,0.0,1353.584,2808.715,2.558,28.13,27.6,23.651,4.0,
808,2.0,6.0,0.0,0.0,0.0,0.0,1368.237,2801.553,64.046,28.217,27.964,23.923,4.0,
809,3.0,12.0,0.0,0.0,0.0,0.0,2317.505,5037.105,42.312,28.359,28.139,24.023,4.0,
811,4.0,3.0,0.0,0.0,0.0,0.0,2361.86,1253.541,44.551,28.814,28.428,24.332,4.0,
812,5.0,2.0,0.0,0.0,0.0,0.0,3457.22,1225.82,-32.563,27.967,27.645,23.686,4.0,
813,5.0,2.0,0.0,0.0,0.0,0.0,3465.089,1239.646,71.696,30.05,28.107,24.3,4.0,
814,5.0,8.0,0.0,0.0,0.0,0.0,3293.569,3631.165,57.727,27.883,26.68,23.337,4.0,
815,5.0,8.0,0.0,0.0,0.0,0.0,3285.878,3637.522,16.92,28.398,27.809,23.921,4.0,
816,5.0,12.0,0.0,0.0,0.0,0.0,3235.917,4941.485,-35.064,30.724,28.306,24.881,4.0,
817,5.0,12.0,0.0,0.0,0.0,0.0,3233.462,4943.081,-21.127,28.027,27.799,23.719,4.0,
819,6.0,4.0,0.0,0.0,0.0,0.0,3567.885,1719.976,41.364,29.243,27.189,24.217,4.0,
820,6.0,4.0,0.0,0.0,0.0,0.0,3557.368,1725.629,113.149,29.203,28.269,24.435,4.0,
821,6.0,8.0,0.0,0.0,0.0,0.0,3701.362,3596.669,32.793,28.292,27.181,23.737,4.0,
822,6.0,8.0,0.0,0.0,0.0,0.0,3695.52,3606.662,-9.091,28.554,27.998,24.074,4.0,
823,6.0,9.0,0.0,0.0,0.0,0.0,3984.824,3950.3,14.747,28.829,27.857,24.181,4.0,
825,7.0,4.0,0.0,0.0,0.0,0.0,4566.49,1647.799,42.598,28.063,27.724,20.55,4.0,
826,7.0,9.0,0.0,0.0,0.0,0.0,4482.571,3704.576,109.519,26.653,26.155,22.436,4.0,
827,9.0,5.0,0.0,0.0,0.0,0.0,5242.634,2131.261,82.442,24.149,21.86,17.988,4.0,
828,9.0,12.0,0.0,0.0,0.0,0.0,5494.22,5249.053,64.173,29.07,27.718,24.3,4.0,
829,9.0,12.0,0.0,0.0,0.0,0.0,5484.821,5251.032,96.057,28.448,27.052,23.734,4.0,
</ResultDatas>,,,,,,,,,,,,,,
<ElementResult>,,,,,,,,,,,,,,
0,0.0,,,,,,,,,,,,,
1,0.0,,,,,,,,,,,,,
2,0.0,,,,,,,,,,,,,
3,2.0,,,,,,,,,,,,,
4,0.0,,,,,,,,,,,,,
5,620.0,,,,,,,,,,,,,
</ElementResult>,,,,,,,,,,,,,,
