No,ImageNoX,ImageNoY,ImageNoZ,ElpsLabel,ObjLabel,Average,GravX,GravY,Angle,MjrAx,MnrAx,X2,Status,DepthAve
0,0.0,0.0,1.0,0.0,2.0,0.0,376.467,58.755,-15.311,30.609,30.46,8.908,0.0,0.0
1,0.0,0.0,1.0,1.0,4.0,0.0,506.819,170.095,0.683,30.82,30.466,9.96,0.0,0.0
2,0.0,0.0,1.0,2.0,4.0,0.0,529.901,163.653,-16.367,31.093,30.763,9.932,0.0,0.0
3,0.0,0.0,1.0,3.0,5.0,0.0,212.652,222.404,110.252,30.448,30.399,8.875,0.0,0.0
4,0.0,0.0,1.0,4.0,6.0,0.0,457.468,276.305,115.926,30.218,29.952,8.863,0.0,0.0
5,0.0,0.0,1.0,5.0,7.0,0.0,520.301,418.908,-2.477,31.574,28.592,8.692,0.0,0.0
6,1.0,0.0,1.0,0.0,1.0,0.0,882.768,123.138,109.952,30.191,30.103,8.882,0.0,0.0
7,1.0,0.0,1.0,1.0,2.0,0.0,842.238,157.117,17.388,30.39,30.341,8.858,0.0,0.0
8,1.0,0.0,1.0,2.0,3.0,0.0,1123.148,289.051,56.608,30.807,30.713,8.887,0.0,0.0
9,1.0,0.0,1.0,3.0,4.0,0.0,889.481,338.353,75.199,30.416,30.227,8.845,0.0,0.0
10,1.0,0.0,1.0,4.0,5.0,0.0,1064.012,340.643,52.994,30.673,30.377,8.904,0.0,0.0
11,1.0,0.0,1.0,5.0,6.0,0.0,701.185,409.067,-12.63,30.906,30.644,8.891,0.0,0.0
12,2.0,0.0,1.0,0.0,0.0,0.0,1436.295,237.815,72.457,30.14,29.991,8.771,0.0,0.0
13,2.0,0.0,1.0,1.0,1.0,0.0,1675.997,268.237,44.126,31.05,30.936,8.954,0.0,0.0
14,2.0,0.0,1.0,2.0,2.0,0.0,1702.52,295.889,51.542,30.51,30.391,8.883,0.0,0.0
15,2.0,0.0,1.0,3.0,3.0,0.0,1212.85,372.12,69.801,30.706,30.485,8.839,0.0,0.0
16,3.0,0.0,1.0,0.0,1.0,0.0,2074.051,288.802,85.861,29.85,29.782,8.785,0.0,0.0
18,3.0,0.0,1.0,2.0,3.0,0.0,1753.257,408.8,58.87,30.814,30.583,8.869,0.0,0.0
20,4.0,0.0,1.0,1.0,1.0,0.0,2433.845,72.525,56.949,30.009,29.844,8.73,0.0,0.0
21,4.0,0.0,1.0,2.0,2.0,0.0,2736.34,199.122,92.401,30.254,29.971,8.784,0.0,0.0
22,4.0,0.0,1.0,3.0,3.0,0.0,2676.904,257.975,29.195,29.599,29.436,8.697,0.0,0.0
23,4.0,0.0,1.0,4.0,4.0,0.0,2557.556,264.247,48.904,30.274,30.193,8.82,0.0,0.0
26,5.0,0.0,1.0,0.0,1.0,0.0,3366.607,245.853,39.498,30.32,30.28,8.839,0.0,0.0
27,5.0,0.0,1.0,1.0,2.0,0.0,2958.161,280.644,75.036,30.628,30.52,8.833,0.0,0.0
28,6.0,0.0,1.0,0.0,1.0,0.0,3713.502,120.555,22.177,30.119,30.046,8.776,0.0,0.0
30,6.0,0.0,1.0,2.0,3.0,0.0,3925.203,253.217,-35.095,30.509,30.468,8.894,0.0,0.0
31,6.0,0.0,1.0,3.0,4.0,0.0,3527.633,264.635,-30.413,30.951,30.413,9.88,0.0,0.0
32,6.0,0.0,1.0,4.0,6.0,0.0,3551.769,322.708,95.959,30.338,30.239,8.836,0.0,0.0
33,6.0,0.0,1.0,5.0,7.0,0.0,3798.738,323.209,38.045,30.653,30.596,8.848,0.0,0.0
35,7.0,0.0,1.0,0.0,1.0,0.0,4572.795,120.774,129.116,30.664,30.492,8.834,0.0,0.0
36,7.0,0.0,1.0,1.0,2.0,0.0,4210.259,126.78,30.197,30.562,30.467,8.902,0.0,0.0
38,7.0,0.0,1.0,3.0,5.0,0.0,4195.462,252.322,24.222,30.359,30.238,8.839,0.0,0.0
39,7.0,0.0,1.0,4.0,6.0,0.0,4370.581,386.949,29.488,31.154,30.96,8.888,0.0,0.0
40,7.0,0.0,1.0,5.0,7.0,0.0,4496.742,387.743,79.953,30.947,30.662,8.899,0.0,0.0
41,8.0,0.0,1.0,0.0,0.0,0.0,4872.29,170.307,21.046,31.036,30.7,9.377,0.0,0.0
42,8.0,0.0,1.0,1.0,0.0,0.0,4851.276,150.15,35.814,31.159,30.821,9.412,0.0,0.0
45,8.0,0.0,1.0,4.0,3.0,0.0,4944.738,342.677,47.806,30.424,30.224,8.846,0.0,0.0
46,8.0,0.0,1.0,5.0,4.0,0.0,4680.293,366.193,38.301,30.844,30.712,8.892,0.0,0.0
48,8.0,0.0,1.0,7.0,5.0,0.0,4770.718,404.203,52.326,31.741,31.34,9.896,0.0,0.0
49,9.0,0.0,1.0,0.0,0.0,0.0,5272.316,42.855,37.305,30.331,30.261,8.838,0.0,0.0
50,9.0,0.0,1.0,1.0,1.0,0.0,5486.167,45.961,66.762,30.461,30.276,8.859,0.0,0.0
51,9.0,0.0,1.0,2.0,2.0,0.0,5307.013,73.147,80.451,30.788,30.626,8.872,0.0,0.0
52,9.0,0.0,1.0,3.0,3.0,0.0,5607.7,148.669,49.485,30.13,30.108,8.786,0.0,0.0
53,9.0,0.0,1.0,4.0,4.0,0.0,5523.455,169.779,80.511,30.206,30.0,8.782,0.0,0.0
54,9.0,0.0,1.0,5.0,5.0,0.0,5659.061,210.954,-39.505,30.248,30.152,8.81,0.0,0.0
55,9.0,0.0,1.0,6.0,6.0,0.0,5279.33,305.897,63.498,30.556,30.359,8.885,0.0,0.0
56,9.0,0.0,1.0,7.0,7.0,0.0,5324.263,321.728,60.078,31.134,31.115,8.992,0.0,0.0
57,9.0,0.0,1.0,8.0,9.0,0.0,5710.32,354.198,-7.537,30.887,30.731,8.901,0.0,0.0
58,9.0,0.0,1.0,9.0,10.0,0.0,5575.701,393.2,37.507,30.618,30.487,8.913,0.0,0.0
59,0.0,1.0,1.0,0.0,1.0,0.0,123.631,521.514,85.581,30.693,30.562,8.935,0.0,0.0
60,0.0,1.0,1.0,1.0,2.0,0.0,178.698,527.601,89.345,30.41,30.075,8.822,0.0,0.0
61,0.0,1.0,1.0,2.0,3.0,0.0,107.47,805.754,13.201,30.399,30.296,8.853,0.0,0.0
62,0.0,1.0,1.0,3.0,4.0,0.0,403.234,824.496,22.869,30.942,30.888,8.931,0.0,0.0
63,1.0,1.0,1.0,0.0,1.0,0.0,1023.474,473.27,85.684,30.673,30.626,8.855,0.0,0.0
64,1.0,1.0,1.0,1.0,2.0,0.0,850.417,605.41,44.39,32.15,31.958,9.087,0.0,0.0
65,1.0,1.0,1.0,2.0,3.0,0.0,696.785,671.987,23.28,31.053,30.895,8.949,0.0,0.0
66,1.0,1.0,1.0,3.0,5.0,0.0,983.149,700.283,-29.755,30.36,30.023,8.807,0.0,0.0
67,1.0,1.0,1.0,4.0,6.0,0.0,691.031,742.334,129.516,30.597,30.467,8.907,0.0,0.0
68,1.0,1.0,1.0,5.0,7.0,0.0,871.4,760.856,55.557,30.873,30.802,8.909,0.0,0.0
69,2.0,1.0,1.0,0.0,1.0,0.0,1465.966,506.29,52.287,30.092,29.991,8.764,0.0,0.0
71,2.0,1.0,1.0,2.0,4.0,0.0,1624.376,773.154,91.994,30.856,30.786,8.904,0.0,0.0
72,2.0,1.0,1.0,3.0,5.0,0.0,1233.697,817.195,76.998,30.756,30.673,8.874,0.0,0.0
73,3.0,1.0,1.0,0.0,1.0,0.0,2088.496,481.076,0.917,30.81,30.253,9.684,0.0,0.0
74,3.0,1.0,1.0,1.0,1.0,0.0,2063.068,479.959,31.448,30.572,30.4,9.798,0.0,0.0
75,3.0,1.0,1.0,2.0,2.0,0.0,1770.592,505.233,60.162,30.123,30.027,8.861,0.0,0.0
77,3.0,1.0,1.0,4.0,4.0,0.0,2106.67,634.512,39.4,29.555,29.457,8.693,0.0,0.0
78,3.0,1.0,1.0,5.0,5.0,0.0,1872.025,683.131,114.793,30.298,30.168,8.82,0.0,0.0
80,4.0,1.0,1.0,0.0,0.0,0.0,2416.135,525.862,33.562,30.347,30.308,8.847,0.0,0.0
81,4.0,1.0,1.0,1.0,1.0,0.0,2526.419,674.147,93.325,30.536,30.459,8.897,0.0,0.0
82,4.0,1.0,1.0,2.0,2.0,0.0,2637.432,747.27,53.696,30.318,30.128,8.817,0.0,0.0
83,4.0,1.0,1.0,3.0,3.0,0.0,2594.075,756.702,48.51,30.576,30.36,8.888,0.0,0.0
84,5.0,1.0,1.0,0.0,0.0,0.0,2999.891,425.368,107.238,30.437,30.317,8.862,0.0,0.0
85,5.0,1.0,1.0,1.0,1.0,0.0,3316.916,497.836,46.533,30.672,30.48,8.834,0.0,0.0
86,5.0,1.0,1.0,2.0,2.0,0.0,3451.642,631.184,54.231,30.486,30.378,8.792,0.0,0.0
87,5.0,1.0,1.0,3.0,3.0,0.0,3389.668,651.124,-10.659,30.706,30.498,8.841,0.0,0.0
88,5.0,1.0,1.0,4.0,4.0,0.0,3136.237,659.355,54.853,30.694,30.567,8.935,0.0,0.0
89,6.0,1.0,1.0,0.0,1.0,0.0,3732.366,490.018,14.954,30.42,30.371,8.867,0.0,0.0
91,6.0,1.0,1.0,2.0,7.0,0.0,3516.062,713.547,27.622,30.257,30.188,8.817,0.0,0.0
93,7.0,1.0,1.0,0.0,0.0,0.0,4045.695,476.492,44.297,4.214,3.583,3.077,0.0,0.0
94,7.0,1.0,1.0,1.0,1.0,0.0,4502.221,555.838,78.577,30.548,30.462,8.813,0.0,0.0
95,7.0,1.0,1.0,2.0,2.0,0.0,4497.25,727.562,57.477,30.918,30.733,8.906,0.0,0.0
96,8.0,1.0,1.0,0.0,1.0,0.0,4937.087,594.336,-17.296,30.13,30.036,8.776,0.0,0.0
99,8.0,1.0,1.0,3.0,4.0,0.0,4811.954,685.156,-39.073,30.704,30.429,8.831,0.0,0.0
101,9.0,1.0,1.0,0.0,0.0,0.0,5550.94,599.604,109.351,29.875,29.797,8.791,0.0,0.0
102,9.0,1.0,1.0,1.0,1.0,0.0,5367.156,657.209,5.072,30.563,30.376,8.889,0.0,0.0
103,9.0,1.0,1.0,2.0,2.0,0.0,5228.393,767.928,75.487,30.494,30.449,8.889,0.0,0.0
105,0.0,2.0,1.0,1.0,4.0,0.0,137.742,962.53,22.302,30.472,30.189,8.848,0.0,0.0
106,0.0,2.0,1.0,2.0,5.0,0.0,568.833,1001.057,-6.884,30.475,30.328,8.869,0.0,0.0
107,0.0,2.0,1.0,3.0,6.0,0.0,292.869,1169.773,9.742,25.669,25.179,8.077,0.0,0.0
108,0.0,2.0,1.0,4.0,7.0,0.0,421.807,1202.99,34.574,31.095,30.989,8.968,0.0,0.0
109,0.0,2.0,1.0,5.0,8.0,0.0,441.025,1234.315,-0.833,31.468,29.344,8.786,0.0,0.0
112,1.0,2.0,1.0,2.0,2.0,0.0,925.516,1036.742,2.791,29.774,29.631,8.751,0.0,0.0
113,1.0,2.0,1.0,3.0,3.0,0.0,641.593,1124.694,-7.456,30.686,30.342,8.902,0.0,0.0
114,2.0,2.0,1.0,0.0,1.0,0.0,1698.458,838.63,-27.788,30.6,30.45,8.905,0.0,0.0
115,2.0,2.0,1.0,1.0,2.0,0.0,1300.265,937.746,25.767,30.229,30.187,8.812,0.0,0.0
116,2.0,2.0,1.0,2.0,3.0,0.0,1707.072,992.821,-21.356,31.258,31.16,8.931,0.0,0.0
117,2.0,2.0,1.0,3.0,5.0,0.0,1453.403,1116.783,-41.435,30.15,30.079,8.785,0.0,0.0
118,2.0,2.0,1.0,4.0,6.0,0.0,1496.323,1130.067,-7.132,30.305,30.221,8.828,0.0,0.0
119,2.0,2.0,1.0,5.0,7.0,0.0,1241.504,1162.762,77.992,31.687,30.903,9.306,0.0,0.0
120,3.0,2.0,1.0,0.0,0.0,0.0,1905.268,998.596,68.998,30.796,30.523,8.858,0.0,0.0
121,3.0,2.0,1.0,1.0,1.0,0.0,2298.444,1182.151,12.865,31.034,30.893,8.946,0.0,0.0
122,3.0,2.0,1.0,2.0,2.0,0.0,1757.424,1216.19,52.027,31.039,30.868,8.858,0.0,0.0
124,4.0,2.0,1.0,0.0,0.0,0.0,2487.289,918.022,-17.382,30.317,30.306,8.843,0.0,0.0
125,5.0,2.0,1.0,0.0,0.0,0.0,3411.822,976.138,-1.706,30.884,30.773,8.907,0.0,0.0
126,5.0,2.0,1.0,1.0,2.0,0.0,2974.006,1126.685,-7.307,30.458,30.296,8.862,0.0,0.0
127,5.0,2.0,1.0,2.0,3.0,0.0,3020.279,1162.089,-13.852,30.612,30.595,8.842,0.0,0.0
128,6.0,2.0,1.0,0.0,0.0,0.0,3686.52,867.002,37.647,30.454,30.272,8.858,0.0,0.0
129,6.0,2.0,1.0,1.0,1.0,0.0,3888.042,880.889,20.494,30.59,30.457,8.905,0.0,0.0
130,6.0,2.0,1.0,2.0,2.0,0.0,3868.354,953.208,-5.153,30.722,30.653,8.866,0.0,0.0
131,7.0,2.0,1.0,0.0,0.0,0.0,4365.691,868.873,14.934,30.022,29.853,8.821,0.0,0.0
132,7.0,2.0,1.0,1.0,1.0,0.0,4398.278,1003.967,125.856,30.135,29.918,8.759,0.0,0.0
133,7.0,2.0,1.0,2.0,2.0,0.0,4092.829,1043.197,59.8,30.412,30.283,8.853,0.0,0.0
134,7.0,2.0,1.0,3.0,3.0,0.0,4521.785,1110.036,101.44,30.722,30.672,8.869,0.0,0.0
138,8.0,2.0,1.0,2.0,1.0,0.0,5097.626,1116.373,76.039,30.829,30.429,8.763,0.0,0.0
140,9.0,2.0,1.0,0.0,0.0,0.0,5574.573,886.125,105.05,30.654,30.529,8.838,0.0,0.0
141,9.0,2.0,1.0,1.0,1.0,0.0,5636.434,911.774,114.25,31.091,31.042,8.975,0.0,0.0
142,9.0,2.0,1.0,2.0,2.0,0.0,5359.914,1025.622,15.146,30.129,29.97,8.766,0.0,0.0
143,9.0,2.0,1.0,3.0,3.0,0.0,5769.946,1044.539,89.335,30.847,29.525,8.719,0.0,0.0
144,9.0,2.0,1.0,4.0,4.0,0.0,5737.523,1095.247,34.618,30.574,30.473,8.905,0.0,0.0
145,9.0,2.0,1.0,5.0,5.0,0.0,5594.152,1174.641,0.409,30.583,30.501,8.91,0.0,0.0
146,9.0,2.0,1.0,6.0,6.0,0.0,5726.867,1177.513,69.009,30.863,30.772,8.903,0.0,0.0
147,0.0,3.0,1.0,0.0,1.0,0.0,341.505,1243.183,129.818,30.078,29.862,8.743,0.0,0.0
148,0.0,3.0,1.0,1.0,2.0,0.0,551.847,1272.29,113.111,30.574,30.375,8.804,0.0,0.0
149,0.0,3.0,1.0,2.0,3.0,0.0,278.219,1285.798,-11.485,30.731,30.631,8.864,0.0,0.0
150,0.0,3.0,1.0,3.0,4.0,0.0,147.469,1332.841,26.474,30.493,30.363,8.877,0.0,0.0
151,0.0,3.0,1.0,4.0,5.0,0.0,207.747,1423.962,103.631,30.255,30.175,8.814,0.0,0.0
152,1.0,3.0,1.0,0.0,0.0,0.0,1047.717,1328.911,129.399,30.824,30.488,8.857,0.0,0.0
153,1.0,3.0,1.0,1.0,1.0,0.0,977.056,1405.293,11.302,29.959,29.929,8.735,0.0,0.0
154,1.0,3.0,1.0,2.0,2.0,0.0,696.937,1520.6,89.309,30.637,30.565,8.841,0.0,0.0
155,1.0,3.0,1.0,3.0,3.0,0.0,714.584,1623.102,62.299,30.848,30.81,8.907,0.0,0.0
156,2.0,3.0,1.0,0.0,0.0,0.0,1422.898,1291.39,110.548,30.409,30.316,8.857,0.0,0.0
157,2.0,3.0,1.0,1.0,1.0,0.0,1520.292,1315.365,14.493,30.229,30.101,8.715,0.0,0.0
158,2.0,3.0,1.0,2.0,2.0,0.0,1682.479,1353.237,125.682,31.077,30.663,8.835,0.0,0.0
159,2.0,3.0,1.0,3.0,3.0,0.0,1251.239,1446.595,-37.411,30.155,30.08,8.786,0.0,0.0
160,2.0,3.0,1.0,4.0,4.0,0.0,1209.65,1453.382,-1.042,30.217,30.03,8.788,0.0,0.0
161,2.0,3.0,1.0,5.0,5.0,0.0,1686.363,1547.012,37.5,31.232,31.116,8.921,0.0,0.0
162,2.0,3.0,1.0,6.0,6.0,0.0,1498.646,1644.887,-4.644,32.264,25.196,8.27,0.0,0.0
163,3.0,3.0,1.0,0.0,1.0,0.0,1899.08,1287.761,15.184,30.436,30.316,8.862,0.0,0.0
164,3.0,3.0,1.0,1.0,2.0,0.0,2058.92,1487.374,99.912,30.045,29.967,8.753,0.0,0.0
166,4.0,3.0,1.0,1.0,1.0,0.0,2477.221,1356.983,121.748,31.059,30.502,9.765,0.0,0.0
167,4.0,3.0,1.0,2.0,1.0,0.0,2488.379,1334.696,-42.109,30.198,30.118,9.811,0.0,0.0
168,4.0,3.0,1.0,3.0,2.0,0.0,2862.617,1397.441,1.169,30.896,30.728,8.902,0.0,0.0
169,4.0,3.0,1.0,4.0,3.0,0.0,2742.936,1494.181,25.861,30.29,30.167,8.818,0.0,0.0
170,4.0,3.0,1.0,5.0,4.0,0.0,2832.987,1566.668,0.493,31.042,30.935,8.868,0.0,0.0
171,4.0,3.0,1.0,6.0,5.0,0.0,2841.63,1603.029,50.34,31.122,30.76,8.939,0.0,0.0
172,5.0,3.0,1.0,0.0,0.0,0.0,3419.372,1248.982,58.832,30.325,30.211,8.83,0.0,0.0
173,5.0,3.0,1.0,1.0,1.0,0.0,3250.181,1408.809,-26.648,30.059,30.012,8.762,0.0,0.0
174,5.0,3.0,1.0,2.0,2.0,0.0,3306.399,1537.057,19.672,30.679,30.421,8.912,0.0,0.0
175,5.0,3.0,1.0,3.0,3.0,0.0,3098.824,1627.776,-6.316,31.312,30.61,9.817,0.0,0.0
176,6.0,3.0,1.0,0.0,0.0,0.0,3995.643,1245.084,-23.517,31.318,31.229,8.949,0.0,0.0
177,6.0,3.0,1.0,1.0,1.0,0.0,3509.138,1250.707,38.906,30.69,30.499,8.839,0.0,0.0
178,6.0,3.0,1.0,2.0,2.0,0.0,3675.799,1318.182,71.222,30.445,30.413,8.877,0.0,0.0
179,6.0,3.0,1.0,3.0,3.0,0.0,3823.731,1388.472,120.969,30.398,30.26,8.848,0.0,0.0
180,6.0,3.0,1.0,4.0,4.0,0.0,3900.135,1522.526,28.741,30.348,30.157,8.826,0.0,0.0
181,6.0,3.0,1.0,5.0,5.0,0.0,3788.822,1588.513,60.564,30.737,30.541,8.852,0.0,0.0
182,6.0,3.0,1.0,6.0,6.0,0.0,3808.102,1634.157,32.743,30.847,30.609,8.964,0.0,0.0
184,7.0,3.0,1.0,1.0,1.0,0.0,4610.523,1312.654,125.812,30.621,30.576,8.84,0.0,0.0
185,7.0,3.0,1.0,2.0,2.0,0.0,4449.05,1314.318,102.945,30.557,30.39,8.89,0.0,0.0
187,7.0,3.0,1.0,4.0,4.0,0.0,4529.08,1324.339,-26.695,30.71,30.509,8.843,0.0,0.0
188,7.0,3.0,1.0,5.0,5.0,0.0,4403.724,1341.408,125.903,36.161,34.33,9.559,0.0,0.0
190,7.0,3.0,1.0,7.0,7.0,0.0,4246.259,1385.09,50.913,30.352,30.146,8.824,0.0,0.0
191,7.0,3.0,1.0,8.0,8.0,0.0,4466.854,1434.848,-17.334,30.078,29.932,9.425,0.0,0.0
193,7.0,3.0,1.0,10.0,9.0,0.0,4525.357,1531.987,95.032,30.517,30.223,8.859,0.0,0.0
194,8.0,3.0,1.0,0.0,3.0,0.0,4733.899,1346.427,-3.462,30.265,30.217,8.822,0.0,0.0
195,8.0,3.0,1.0,1.0,4.0,0.0,4893.215,1438.095,4.65,30.03,29.796,8.814,0.0,0.0
197,8.0,3.0,1.0,3.0,6.0,0.0,4688.206,1572.807,-4.458,30.662,30.516,8.837,0.0,0.0
198,9.0,3.0,1.0,0.0,1.0,0.0,5323.203,1263.864,51.818,30.54,30.336,8.879,0.0,0.0
199,9.0,3.0,1.0,1.0,2.0,0.0,5709.994,1304.946,37.966,30.674,30.559,8.932,0.0,0.0
200,9.0,3.0,1.0,2.0,3.0,0.0,5452.314,1308.518,97.861,30.613,30.504,8.914,0.0,0.0
201,9.0,3.0,1.0,3.0,4.0,0.0,5223.727,1375.166,17.712,30.733,30.496,8.845,0.0,0.0
202,9.0,3.0,1.0,4.0,6.0,0.0,5393.239,1439.344,2.834,30.213,30.106,8.798,0.0,0.0
203,9.0,3.0,1.0,5.0,7.0,0.0,5489.901,1492.3,87.237,30.111,30.044,8.774,0.0,0.0
204,9.0,3.0,1.0,6.0,8.0,0.0,5589.532,1528.275,59.857,30.465,30.372,8.874,0.0,0.0
205,9.0,3.0,1.0,7.0,9.0,0.0,5627.85,1534.042,-29.84,30.349,30.273,8.843,0.0,0.0
206,9.0,3.0,1.0,8.0,10.0,0.0,5253.105,1590.945,43.152,30.79,30.705,8.883,0.0,0.0
208,0.0,4.0,1.0,0.0,0.0,0.0,428.375,1652.491,61.361,30.799,30.744,8.89,0.0,0.0
209,0.0,4.0,1.0,1.0,1.0,0.0,30.624,1654.02,60.157,30.85,30.671,8.887,0.0,0.0
210,0.0,4.0,1.0,2.0,3.0,0.0,412.33,1736.147,45.389,31.07,30.479,9.652,0.0,0.0
211,0.0,4.0,1.0,3.0,3.0,0.0,392.002,1719.856,62.423,30.605,30.489,9.703,0.0,0.0
212,0.0,4.0,1.0,4.0,4.0,0.0,301.772,1759.376,75.532,30.555,30.491,8.904,0.0,0.0
213,0.0,4.0,1.0,5.0,5.0,0.0,230.083,1773.618,55.437,30.318,30.159,8.821,0.0,0.0
214,0.0,4.0,1.0,6.0,6.0,0.0,476.099,1805.815,17.322,30.675,30.637,8.943,0.0,0.0
215,0.0,4.0,1.0,7.0,7.0,0.0,441.669,1885.728,67.772,29.92,29.869,8.808,0.0,0.0
216,0.0,4.0,1.0,8.0,8.0,0.0,456.768,2021.206,-44.924,7.356,3.748,3.68,0.0,0.0
217,1.0,4.0,1.0,0.0,1.0,0.0,756.691,1772.686,1.708,30.385,30.316,8.854,0.0,0.0
218,1.0,4.0,1.0,1.0,2.0,0.0,1090.594,1909.143,37.024,30.826,30.499,8.859,0.0,0.0
219,1.0,4.0,1.0,2.0,3.0,0.0,995.77,1917.006,19.809,30.584,30.324,8.715,0.0,0.0
221,2.0,4.0,1.0,0.0,0.0,0.0,1498.85,1647.919,108.423,30.68,30.528,8.842,0.0,0.0
222,2.0,4.0,1.0,1.0,1.0,0.0,1210.106,1692.835,68.549,30.394,30.193,8.837,0.0,0.0
223,2.0,4.0,1.0,2.0,2.0,0.0,1227.095,1780.168,38.158,30.331,30.181,8.826,0.0,0.0
224,3.0,4.0,1.0,0.0,0.0,0.0,1892.247,1702.994,37.891,30.73,30.508,8.846,0.0,0.0
225,3.0,4.0,1.0,1.0,1.0,0.0,1838.835,1744.646,69.425,30.471,30.458,8.887,0.0,0.0
226,3.0,4.0,1.0,2.0,2.0,0.0,2139.76,1777.598,75.175,30.217,30.179,8.81,0.0,0.0
227,3.0,4.0,1.0,3.0,3.0,0.0,2160.87,1847.587,67.347,30.376,30.211,8.837,0.0,0.0
228,3.0,4.0,1.0,4.0,4.0,0.0,2232.178,1908.944,32.392,30.64,30.54,8.924,0.0,0.0
229,3.0,4.0,1.0,5.0,5.0,0.0,2076.713,1909.125,65.081,30.169,29.85,8.755,0.0,0.0
230,3.0,4.0,1.0,6.0,6.0,0.0,2041.702,1970.025,71.543,30.405,30.253,8.848,0.0,0.0
231,3.0,4.0,1.0,7.0,7.0,0.0,1887.551,1987.047,90.842,30.865,30.772,8.904,0.0,0.0
234,4.0,4.0,1.0,1.0,1.0,0.0,2362.451,1718.784,32.734,30.567,30.262,8.873,0.0,0.0
235,4.0,4.0,1.0,2.0,2.0,0.0,2852.143,1763.091,94.353,31.237,31.022,8.908,0.0,0.0
236,4.0,4.0,1.0,3.0,3.0,0.0,2822.358,1785.719,127.38,31.204,31.048,8.992,0.0,0.0
240,4.0,4.0,1.0,7.0,6.0,0.0,2456.109,1872.963,-29.23,30.206,30.138,8.802,0.0,0.0
241,4.0,4.0,1.0,8.0,8.0,0.0,2634.337,1969.713,99.613,30.412,30.264,8.85,0.0,0.0
242,5.0,4.0,1.0,0.0,1.0,0.0,3199.647,1734.18,-5.356,30.516,30.273,8.867,0.0,0.0
243,5.0,4.0,1.0,1.0,3.0,0.0,3280.54,1804.526,50.361,30.862,30.544,8.87,0.0,0.0
244,5.0,4.0,1.0,2.0,4.0,0.0,2896.331,1876.121,24.151,30.537,30.358,8.882,0.0,0.0
245,5.0,4.0,1.0,3.0,5.0,0.0,3176.091,1933.624,53.785,30.291,30.103,8.809,0.0,0.0
246,5.0,4.0,1.0,4.0,6.0,0.0,3463.728,1996.157,24.327,30.922,30.765,8.911,0.0,0.0
247,6.0,4.0,1.0,0.0,1.0,0.0,3702.822,1719.386,38.833,30.181,29.95,8.687,0.0,0.0
248,6.0,4.0,1.0,1.0,2.0,0.0,3958.231,1744.732,-14.981,31.023,30.916,8.947,0.0,0.0
249,6.0,4.0,1.0,2.0,3.0,0.0,3481.283,1799.391,23.045,30.616,30.483,8.912,0.0,0.0
250,6.0,4.0,1.0,3.0,4.0,0.0,3862.013,1974.566,27.176,30.205,30.087,8.882,0.0,0.0
251,6.0,4.0,1.0,4.0,5.0,0.0,4018.401,1983.881,-16.352,31.099,30.935,8.961,0.0,0.0
252,7.0,4.0,1.0,0.0,0.0,0.0,4390.336,1741.764,-12.723,30.219,30.162,8.807,0.0,0.0
253,7.0,4.0,1.0,1.0,1.0,0.0,4550.38,1768.747,15.001,30.452,30.157,8.841,0.0,0.0
254,7.0,4.0,1.0,2.0,2.0,0.0,4247.406,1869.21,-5.547,30.723,30.556,8.852,0.0,0.0
255,7.0,4.0,1.0,3.0,3.0,0.0,4592.237,1879.331,76.887,31.1,31.007,8.971,0.0,0.0
256,7.0,4.0,1.0,4.0,5.0,0.0,4168.584,1955.351,31.863,30.212,30.115,8.887,0.0,0.0
258,8.0,4.0,1.0,1.0,1.0,0.0,5054.028,1770.145,84.723,30.424,30.263,8.852,0.0,0.0
259,8.0,4.0,1.0,2.0,2.0,0.0,4914.42,1871.467,-29.796,30.545,30.381,8.887,0.0,0.0
260,8.0,4.0,1.0,3.0,3.0,0.0,4626.299,1881.835,19.643,30.807,30.669,8.88,0.0,0.0
261,8.0,4.0,1.0,4.0,4.0,0.0,4834.738,1984.428,52.165,30.285,29.973,8.789,0.0,0.0
262,8.0,4.0,1.0,5.0,5.0,0.0,4824.286,2040.671,129.792,30.806,30.652,8.878,0.0,0.0
263,9.0,4.0,1.0,0.0,1.0,0.0,5757.291,1692.631,67.868,30.807,30.76,8.894,0.0,0.0
264,9.0,4.0,1.0,1.0,2.0,0.0,5507.31,1890.022,51.843,29.912,29.822,8.8,0.0,0.0
265,9.0,4.0,1.0,2.0,3.0,0.0,5743.841,2044.579,41.166,31.236,31.003,8.991,0.0,0.0
266,9.0,4.0,1.0,3.0,4.0,0.0,5272.076,2046.342,76.138,31.052,30.957,8.873,0.0,0.0
269,0.0,5.0,1.0,2.0,2.0,0.0,296.838,2204.156,71.6,30.315,30.17,8.822,0.0,0.0
270,0.0,5.0,1.0,3.0,3.0,0.0,529.3,2285.426,43.842,30.592,30.524,8.828,0.0,0.0
271,0.0,5.0,1.0,4.0,4.0,0.0,56.791,2362.835,36.005,30.872,30.686,8.892,0.0,0.0
272,0.0,5.0,1.0,5.0,5.0,0.0,208.126,2376.913,4.172,30.738,30.666,8.87,0.0,0.0
273,0.0,5.0,1.0,6.0,6.0,0.0,76.801,2421.667,67.495,30.813,30.563,8.866,0.0,0.0
274,1.0,5.0,1.0,0.0,1.0,0.0,1049.497,2132.91,32.194,30.532,30.457,8.896,0.0,0.0
275,1.0,5.0,1.0,1.0,2.0,0.0,1128.039,2215.47,-25.104,30.611,30.596,8.928,0.0,0.0
276,1.0,5.0,1.0,2.0,3.0,0.0,844.941,2244.156,110.348,30.208,30.138,8.802,0.0,0.0
277,1.0,5.0,1.0,3.0,4.0,0.0,821.277,2453.839,-39.778,30.638,30.41,8.819,0.0,0.0
278,2.0,5.0,1.0,0.0,0.0,0.0,1529.88,2071.898,104.377,30.398,30.219,8.842,0.0,0.0
279,2.0,5.0,1.0,1.0,1.0,0.0,1342.916,2133.293,8.389,30.597,30.411,8.899,0.0,0.0
280,2.0,5.0,1.0,2.0,2.0,0.0,1545.449,2150.411,102.136,30.451,30.349,8.868,0.0,0.0
281,2.0,5.0,1.0,3.0,3.0,0.0,1604.629,2228.246,64.787,30.771,30.605,8.866,0.0,0.0
282,2.0,5.0,1.0,4.0,4.0,0.0,1602.677,2326.767,13.517,30.666,29.933,9.72,0.0,0.0
283,2.0,5.0,1.0,5.0,4.0,0.0,1580.183,2316.828,17.437,30.475,30.32,9.886,0.0,0.0
284,3.0,5.0,1.0,0.0,0.0,0.0,2133.597,2206.881,75.049,30.103,29.933,8.844,0.0,0.0
287,3.0,5.0,1.0,3.0,3.0,0.0,2263.092,2372.222,63.966,30.66,30.466,8.83,0.0,0.0
289,4.0,5.0,1.0,1.0,1.0,0.0,2646.931,2358.915,19.412,30.429,30.289,8.857,0.0,0.0
291,5.0,5.0,1.0,1.0,1.0,0.0,2979.205,2236.677,101.279,30.282,30.12,8.81,0.0,0.0
293,6.0,5.0,1.0,1.0,1.0,0.0,3992.31,2361.304,6.909,30.71,30.545,8.848,0.0,0.0
294,6.0,5.0,1.0,2.0,2.0,0.0,3735.509,2378.128,1.478,30.444,30.382,8.872,0.0,0.0
295,6.0,5.0,1.0,3.0,3.0,0.0,3663.38,2390.887,53.925,30.823,30.518,8.861,0.0,0.0
296,6.0,5.0,1.0,4.0,4.0,0.0,3974.753,2401.822,-31.938,30.889,30.842,8.917,0.0,0.0
297,7.0,5.0,1.0,0.0,1.0,0.0,4389.828,2275.329,-20.937,29.581,29.37,8.684,0.0,0.0
298,7.0,5.0,1.0,1.0,2.0,0.0,4596.487,2313.092,0.478,30.922,30.878,8.927,0.0,0.0
299,7.0,5.0,1.0,2.0,3.0,0.0,4427.17,2327.082,-38.923,30.248,30.007,8.789,0.0,0.0
300,7.0,5.0,1.0,3.0,4.0,0.0,4385.11,2354.437,-6.119,30.632,30.495,8.916,0.0,0.0
301,8.0,5.0,1.0,0.0,2.0,0.0,5191.327,2293.614,4.46,30.698,30.644,8.861,0.0,0.0
303,9.0,5.0,1.0,0.0,2.0,0.0,5486.882,2087.217,126.323,30.318,30.027,8.802,0.0,0.0
304,9.0,5.0,1.0,1.0,3.0,0.0,5589.358,2102.39,107.862,30.129,30.046,8.777,0.0,0.0
306,9.0,5.0,1.0,3.0,7.0,0.0,5326.529,2324.471,12.797,30.504,30.438,8.889,0.0,0.0
308,9.0,5.0,1.0,5.0,9.0,0.0,5383.076,2402.719,96.563,30.486,30.34,8.872,0.0,0.0
309,9.0,5.0,1.0,6.0,10.0,0.0,5267.379,2415.45,73.217,30.778,30.674,8.877,0.0,0.0
310,0.0,6.0,1.0,0.0,0.0,0.0,217.611,2484.277,86.11,30.721,30.479,8.926,0.0,0.0
311,0.0,6.0,1.0,1.0,1.0,0.0,431.264,2643.222,75.021,30.12,29.839,8.832,0.0,0.0
312,0.0,6.0,1.0,2.0,4.0,0.0,24.874,2846.508,-42.377,30.771,30.607,8.866,0.0,0.0
313,1.0,6.0,1.0,0.0,1.0,0.0,721.383,2482.626,79.592,30.68,30.628,8.856,0.0,0.0
314,1.0,6.0,1.0,1.0,2.0,0.0,670.557,2494.958,-38.437,4.371,2.622,2.652,0.0,0.0
315,1.0,6.0,1.0,2.0,3.0,0.0,923.103,2519.558,90.947,30.367,30.193,8.833,0.0,0.0
316,1.0,6.0,1.0,3.0,4.0,0.0,813.949,2627.18,28.796,29.901,29.839,8.801,0.0,0.0
317,1.0,6.0,1.0,4.0,6.0,0.0,1025.698,2714.666,130.699,30.572,30.542,8.914,0.0,0.0
318,2.0,6.0,1.0,0.0,0.0,0.0,1360.097,2530.623,73.261,30.503,30.286,8.867,0.0,0.0
319,2.0,6.0,1.0,1.0,1.0,0.0,1578.663,2666.723,63.577,29.893,29.697,8.778,0.0,0.0
321,2.0,6.0,1.0,3.0,3.0,0.0,1592.143,2762.427,25.656,30.833,30.69,8.887,0.0,0.0
322,2.0,6.0,1.0,4.0,4.0,0.0,1664.996,2821.786,50.256,30.783,30.677,8.878,0.0,0.0
323,3.0,6.0,1.0,0.0,0.0,0.0,2123.366,2552.558,125.682,30.534,30.326,8.877,0.0,0.0
324,3.0,6.0,1.0,1.0,1.0,0.0,2141.839,2596.925,19.737,30.355,30.157,8.827,0.0,0.0
328,3.0,6.0,1.0,5.0,5.0,0.0,2305.581,2798.027,61.514,30.718,30.622,8.861,0.0,0.0
329,3.0,6.0,1.0,6.0,6.0,0.0,2115.942,2831.29,30.442,30.562,30.25,8.87,0.0,0.0
330,4.0,6.0,1.0,0.0,0.0,0.0,2680.123,2491.1,48.984,30.419,30.279,8.853,0.0,0.0
331,4.0,6.0,1.0,1.0,1.0,0.0,2646.807,2533.942,95.784,30.827,30.691,8.887,0.0,0.0
332,4.0,6.0,1.0,2.0,2.0,0.0,2408.028,2561.771,86.816,30.498,30.473,8.893,0.0,0.0
334,4.0,6.0,1.0,4.0,5.0,0.0,2795.029,2809.362,21.047,30.352,30.278,8.844,0.0,0.0
335,4.0,6.0,1.0,5.0,6.0,0.0,2582.77,2823.217,44.817,30.695,30.593,8.94,0.0,0.0
336,5.0,6.0,1.0,0.0,1.0,0.0,3099.74,2684.727,28.523,30.648,30.59,8.846,0.0,0.0
337,5.0,6.0,1.0,1.0,2.0,0.0,3218.344,2730.003,1.5,29.978,29.879,8.731,0.0,0.0
339,6.0,6.0,1.0,0.0,0.0,0.0,3732.128,2507.413,-35.364,30.263,30.208,8.82,0.0,0.0
341,6.0,6.0,1.0,2.0,4.0,0.0,3499.779,2638.316,11.619,30.57,30.327,8.797,0.0,0.0
342,6.0,6.0,1.0,3.0,5.0,0.0,3668.156,2797.464,32.378,30.398,30.183,8.837,0.0,0.0
343,6.0,6.0,1.0,4.0,6.0,0.0,3971.062,2806.368,24.914,30.681,30.527,8.928,0.0,0.0
344,6.0,6.0,1.0,5.0,7.0,0.0,3763.685,2808.456,60.95,30.553,30.311,8.878,0.0,0.0
345,6.0,6.0,1.0,6.0,8.0,0.0,3837.104,2813.871,93.925,30.876,30.811,8.911,0.0,0.0
346,6.0,6.0,1.0,7.0,9.0,0.0,3580.548,2865.163,-6.043,30.872,30.404,8.851,0.0,0.0
347,7.0,6.0,1.0,0.0,0.0,0.0,4368.479,2566.928,-21.239,30.369,30.192,8.834,0.0,0.0
348,7.0,6.0,1.0,1.0,2.0,0.0,4409.749,2711.762,92.017,29.698,29.628,8.74,0.0,0.0
349,7.0,6.0,1.0,2.0,3.0,0.0,4162.791,2726.844,102.422,30.66,30.433,8.911,0.0,0.0
350,7.0,6.0,1.0,3.0,4.0,0.0,4118.78,2754.331,89.092,30.538,30.418,8.891,0.0,0.0
352,8.0,6.0,1.0,0.0,0.0,0.0,4940.989,2796.108,6.714,30.409,30.288,8.853,0.0,0.0
353,8.0,6.0,1.0,1.0,1.0,0.0,5016.592,2854.484,45.5,30.357,30.266,8.843,0.0,0.0
356,9.0,6.0,1.0,2.0,2.0,0.0,5536.979,2641.947,128.414,29.79,29.747,8.771,0.0,0.0
358,0.0,7.0,1.0,0.0,1.0,0.0,584.984,2876.576,106.938,30.848,30.609,8.877,0.0,0.0
359,0.0,7.0,1.0,1.0,2.0,0.0,427.278,2895.894,123.791,30.692,30.449,8.918,0.0,0.0
360,1.0,7.0,1.0,0.0,1.0,0.0,1141.468,2878.731,118.423,31.096,30.924,8.959,0.0,0.0
361,1.0,7.0,1.0,1.0,2.0,0.0,659.598,2942.606,62.805,30.539,30.351,8.796,0.0,0.0
362,1.0,7.0,1.0,2.0,3.0,0.0,1082.728,2987.976,-23.187,30.586,30.554,8.832,0.0,0.0
363,1.0,7.0,1.0,3.0,4.0,0.0,745.542,3077.658,20.574,30.418,30.353,8.864,0.0,0.0
364,1.0,7.0,1.0,4.0,5.0,0.0,869.249,3159.701,45.689,30.402,30.349,8.861,0.0,0.0
365,1.0,7.0,1.0,5.0,6.0,0.0,673.083,3217.317,113.546,31.174,31.067,8.991,0.0,0.0
366,1.0,7.0,1.0,6.0,7.0,0.0,1066.782,3223.05,41.262,31.16,31.013,8.981,0.0,0.0
367,1.0,7.0,1.0,7.0,8.0,0.0,1036.897,3252.077,63.813,31.003,30.757,8.921,0.0,0.0
368,2.0,7.0,1.0,0.0,1.0,0.0,1545.608,2957.756,93.306,30.647,30.158,8.868,0.0,0.0
369,2.0,7.0,1.0,1.0,2.0,0.0,1256.869,2973.757,33.179,30.001,29.946,8.744,0.0,0.0
370,2.0,7.0,1.0,2.0,3.0,0.0,1227.976,3171.587,118.881,31.241,31.151,9.013,0.0,0.0
372,3.0,7.0,1.0,1.0,1.0,0.0,1930.11,2932.977,46.835,30.889,30.739,8.902,0.0,0.0
373,3.0,7.0,1.0,2.0,2.0,0.0,2197.32,3271.644,31.0,31.098,30.992,8.969,0.0,0.0
374,4.0,7.0,1.0,0.0,0.0,0.0,2378.713,2876.988,28.286,30.739,30.58,8.858,0.0,0.0
376,4.0,7.0,1.0,2.0,2.0,0.0,2817.78,2886.498,79.706,31.116,30.7,8.929,0.0,0.0
377,4.0,7.0,1.0,3.0,3.0,0.0,2460.711,2954.288,43.183,30.517,30.319,8.874,0.0,0.0
378,4.0,7.0,1.0,4.0,4.0,0.0,2587.056,3053.923,85.78,30.547,30.387,8.888,0.0,0.0
379,4.0,7.0,1.0,5.0,5.0,0.0,2658.684,3089.198,77.572,29.592,29.271,8.671,0.0,0.0
380,4.0,7.0,1.0,6.0,6.0,0.0,2400.634,3091.706,103.687,31.173,31.105,8.996,0.0,0.0
382,4.0,7.0,1.0,8.0,8.0,0.0,2538.983,3165.285,26.791,29.942,29.881,9.188,0.0,0.0
383,4.0,7.0,1.0,9.0,9.0,0.0,2773.665,3170.069,80.199,30.658,30.537,8.926,0.0,0.0
385,4.0,7.0,1.0,11.0,11.0,0.0,2475.411,3266.642,116.236,30.308,30.121,8.814,0.0,0.0
386,4.0,7.0,1.0,12.0,12.0,0.0,2354.604,3270.844,20.339,30.806,30.772,8.895,0.0,0.0
387,5.0,7.0,1.0,0.0,0.0,0.0,3307.015,2915.592,27.463,30.777,30.689,8.879,0.0,0.0
388,5.0,7.0,1.0,1.0,1.0,0.0,3188.764,3006.875,25.165,30.401,30.356,8.862,0.0,0.0
389,5.0,7.0,1.0,2.0,2.0,0.0,3092.034,3052.3,33.345,30.703,30.484,8.925,0.0,0.0
390,5.0,7.0,1.0,3.0,3.0,0.0,3273.818,3094.789,-44.049,29.924,29.833,8.803,0.0,0.0
391,5.0,7.0,1.0,4.0,4.0,0.0,2996.999,3129.639,7.985,30.835,30.593,8.873,0.0,0.0
393,6.0,7.0,1.0,0.0,1.0,0.0,3841.2,2985.077,30.251,30.42,30.374,8.782,0.0,0.0
394,6.0,7.0,1.0,1.0,2.0,0.0,3900.652,3021.869,92.548,30.365,30.199,8.834,0.0,0.0
396,6.0,7.0,1.0,3.0,4.0,0.0,3656.237,3031.668,-31.321,30.649,30.277,8.716,0.0,0.0
397,6.0,7.0,1.0,4.0,5.0,0.0,3593.213,3149.025,52.848,30.753,30.55,8.855,0.0,0.0
399,6.0,7.0,1.0,6.0,7.0,0.0,3641.66,3237.011,131.462,30.381,30.196,8.836,0.0,0.0
400,6.0,7.0,1.0,7.0,8.0,0.0,3983.806,3240.224,71.48,31.132,31.022,8.978,0.0,0.0
404,7.0,7.0,1.0,2.0,4.0,0.0,4155.812,3114.418,2.087,30.158,30.089,8.788,0.0,0.0
405,7.0,7.0,1.0,3.0,5.0,0.0,4545.723,3158.344,108.537,30.81,30.684,8.883,0.0,0.0
406,7.0,7.0,1.0,4.0,7.0,0.0,4353.281,3224.782,132.033,30.574,30.482,8.906,0.0,0.0
407,7.0,7.0,1.0,5.0,8.0,0.0,4470.491,3256.047,23.789,31.025,30.854,8.939,0.0,0.0
408,8.0,7.0,1.0,0.0,1.0,0.0,4635.976,2963.729,28.639,30.75,30.652,8.87,0.0,0.0
409,8.0,7.0,1.0,1.0,3.0,0.0,4924.316,2975.656,111.45,30.368,30.303,8.85,0.0,0.0
410,8.0,7.0,1.0,2.0,4.0,0.0,4639.154,3020.553,9.914,30.627,30.419,8.818,0.0,0.0
411,8.0,7.0,1.0,3.0,5.0,0.0,4817.912,3034.441,57.542,30.358,30.215,8.835,0.0,0.0
412,8.0,7.0,1.0,4.0,6.0,0.0,5085.201,3060.929,86.63,30.274,30.172,8.817,0.0,0.0
414,8.0,7.0,1.0,6.0,8.0,0.0,5005.624,3126.877,59.801,29.848,29.763,8.781,0.0,0.0
415,8.0,7.0,1.0,7.0,9.0,0.0,4772.991,3239.164,36.779,30.485,30.434,8.886,0.0,0.0
416,8.0,7.0,1.0,8.0,10.0,0.0,4867.673,3244.78,118.252,30.701,30.625,8.945,0.0,0.0
417,9.0,7.0,1.0,0.0,0.0,0.0,5366.706,2910.988,65.599,30.586,30.373,8.891,0.0,0.0
418,9.0,7.0,1.0,1.0,2.0,0.0,5584.097,2952.424,90.524,30.394,30.259,8.847,0.0,0.0
419,9.0,7.0,1.0,2.0,4.0,0.0,5709.271,3005.106,-3.59,30.848,30.77,8.901,0.0,0.0
420,9.0,7.0,1.0,3.0,5.0,0.0,5763.325,3071.184,88.869,30.627,30.515,8.832,0.0,0.0
421,9.0,7.0,1.0,4.0,6.0,0.0,5473.301,3128.202,76.126,30.364,30.243,8.84,0.0,0.0
422,0.0,8.0,1.0,0.0,0.0,0.0,335.346,3406.972,58.698,30.3,29.998,8.795,0.0,0.0
423,0.0,8.0,1.0,1.0,1.0,0.0,297.814,3463.78,89.431,30.119,30.041,8.862,0.0,0.0
424,0.0,8.0,1.0,2.0,2.0,0.0,534.088,3573.056,99.967,30.602,30.451,8.819,0.0,0.0
425,0.0,8.0,1.0,3.0,3.0,0.0,437.934,3647.044,34.254,31.008,30.697,8.914,0.0,0.0
426,1.0,8.0,1.0,0.0,1.0,0.0,672.197,3455.588,33.522,30.584,30.47,8.905,0.0,0.0
427,1.0,8.0,1.0,1.0,2.0,0.0,687.824,3542.852,73.721,30.401,30.361,8.863,0.0,0.0
428,1.0,8.0,1.0,2.0,3.0,0.0,1101.196,3553.225,112.278,30.729,30.581,8.857,0.0,0.0
429,2.0,8.0,1.0,0.0,0.0,0.0,1533.353,3323.959,108.098,30.685,30.585,8.851,0.0,0.0
430,2.0,8.0,1.0,1.0,1.0,0.0,1407.46,3450.251,67.238,30.714,30.549,8.936,0.0,0.0
431,2.0,8.0,1.0,2.0,2.0,0.0,1318.445,3616.626,17.629,30.586,30.481,8.738,0.0,0.0
432,3.0,8.0,1.0,0.0,2.0,0.0,2187.007,3527.948,56.509,30.826,30.67,8.883,0.0,0.0
433,3.0,8.0,1.0,1.0,3.0,0.0,2262.426,3555.091,112.434,30.426,30.405,8.873,0.0,0.0
434,4.0,8.0,1.0,0.0,3.0,0.0,2743.483,3353.32,-7.637,30.935,30.745,8.91,0.0,0.0
436,4.0,8.0,1.0,2.0,5.0,0.0,2394.853,3637.266,0.073,30.563,30.459,8.901,0.0,0.0
437,5.0,8.0,1.0,0.0,0.0,0.0,3062.569,3315.497,78.09,30.244,30.158,8.81,0.0,0.0
438,5.0,8.0,1.0,1.0,1.0,0.0,3440.726,3379.726,-10.871,30.583,30.121,8.855,0.0,0.0
440,5.0,8.0,1.0,3.0,3.0,0.0,2970.563,3608.702,62.636,30.805,30.598,8.87,0.0,0.0
441,6.0,8.0,1.0,0.0,1.0,0.0,3780.046,3311.154,134.077,30.683,30.638,8.944,0.0,0.0
442,6.0,8.0,1.0,1.0,2.0,0.0,3679.814,3420.502,8.042,30.492,30.431,8.886,0.0,0.0
443,6.0,8.0,1.0,2.0,3.0,0.0,3744.945,3481.806,67.914,30.367,30.3,8.849,0.0,0.0
444,6.0,8.0,1.0,3.0,4.0,0.0,4026.822,3484.762,29.999,31.135,31.014,8.978,0.0,0.0
447,7.0,8.0,1.0,2.0,5.0,0.0,4251.677,3431.783,50.624,30.661,30.181,8.707,0.0,0.0
448,7.0,8.0,1.0,3.0,5.0,0.0,4233.607,3406.007,56.982,30.736,30.629,8.95,0.0,0.0
449,7.0,8.0,1.0,4.0,6.0,0.0,4318.503,3440.6,64.152,29.997,29.857,8.731,0.0,0.0
450,7.0,8.0,1.0,5.0,8.0,0.0,4469.795,3499.157,34.606,30.513,30.366,8.88,0.0,0.0
451,7.0,8.0,1.0,6.0,9.0,0.0,4513.518,3547.067,48.523,30.694,30.538,8.845,0.0,0.0
454,8.0,8.0,1.0,2.0,4.0,0.0,4948.996,3424.505,81.657,30.281,30.185,8.82,0.0,0.0
455,8.0,8.0,1.0,3.0,5.0,0.0,5148.526,3478.316,44.22,30.995,30.865,8.936,0.0,0.0
456,8.0,8.0,1.0,4.0,6.0,0.0,5074.906,3498.04,105.771,30.208,30.11,8.798,0.0,0.0
457,8.0,8.0,1.0,5.0,7.0,0.0,5026.548,3649.959,76.197,30.787,30.518,8.942,0.0,0.0
458,8.0,8.0,1.0,6.0,8.0,0.0,4644.623,3657.971,-38.119,31.014,30.944,8.95,0.0,0.0
459,9.0,8.0,1.0,0.0,0.0,0.0,5543.978,3300.144,100.182,30.944,30.796,8.918,0.0,0.0
460,9.0,8.0,1.0,1.0,3.0,0.0,5276.022,3428.865,90.97,30.649,30.617,8.85,0.0,0.0
461,9.0,8.0,1.0,2.0,4.0,0.0,5506.235,3524.534,38.747,29.854,29.649,8.766,0.0,0.0
462,9.0,8.0,1.0,3.0,5.0,0.0,5554.207,3667.227,34.762,30.588,30.422,8.899,0.0,0.0
463,0.0,9.0,1.0,0.0,0.0,0.0,129.375,3734.074,31.176,30.521,30.456,8.894,0.0,0.0
464,0.0,9.0,1.0,1.0,1.0,0.0,312.254,3819.124,-5.916,30.319,30.151,9.288,0.0,0.0
465,0.0,9.0,1.0,2.0,2.0,0.0,553.16,3827.256,44.504,30.839,30.762,8.898,0.0,0.0
466,0.0,9.0,1.0,3.0,3.0,0.0,264.513,4014.279,57.709,31.03,30.829,8.936,0.0,0.0
467,0.0,9.0,1.0,4.0,4.0,0.0,438.433,4035.834,60.534,30.765,30.686,8.877,0.0,0.0
468,0.0,9.0,1.0,5.0,5.0,0.0,294.066,4046.417,110.811,31.045,31.02,8.965,0.0,0.0
469,0.0,9.0,1.0,6.0,6.0,0.0,94.153,4063.168,115.73,30.988,30.886,8.853,0.0,0.0
470,0.0,9.0,1.0,7.0,7.0,0.0,139.42,4069.126,100.83,30.571,30.512,8.824,0.0,0.0
471,1.0,9.0,1.0,0.0,0.0,0.0,839.689,3812.014,30.181,30.506,30.276,9.54,0.0,0.0
472,1.0,9.0,1.0,1.0,0.0,0.0,813.892,3803.312,18.98,30.805,30.312,9.587,0.0,0.0
473,1.0,9.0,1.0,2.0,1.0,0.0,1069.817,3885.415,107.85,30.588,30.353,8.889,0.0,0.0
474,1.0,9.0,1.0,3.0,2.0,0.0,979.452,3894.992,33.603,29.957,29.829,8.72,0.0,0.0
475,1.0,9.0,1.0,4.0,3.0,0.0,1087.827,4086.278,87.736,30.914,30.758,8.909,0.0,0.0
476,2.0,9.0,1.0,0.0,0.0,0.0,1605.267,3810.835,96.768,30.017,29.993,8.84,0.0,0.0
477,2.0,9.0,1.0,1.0,1.0,0.0,1711.93,3907.302,-13.09,30.96,30.905,8.937,0.0,0.0
479,2.0,9.0,1.0,3.0,3.0,0.0,1263.099,4032.399,-23.117,30.755,30.593,8.862,0.0,0.0
480,2.0,9.0,1.0,4.0,4.0,0.0,1429.136,4092.612,-3.534,31.934,25.526,8.361,0.0,0.0
482,3.0,9.0,1.0,1.0,2.0,0.0,2307.22,3847.527,55.374,30.855,30.714,8.894,0.0,0.0
483,3.0,9.0,1.0,2.0,3.0,0.0,1916.626,3911.008,2.149,30.643,30.387,8.816,0.0,0.0
484,3.0,9.0,1.0,3.0,5.0,0.0,1885.601,3983.115,72.35,30.283,30.029,8.797,0.0,0.0
485,4.0,9.0,1.0,0.0,0.0,0.0,2327.746,3806.07,39.978,30.823,30.639,8.878,0.0,0.0
486,4.0,9.0,1.0,1.0,1.0,0.0,2807.225,3817.353,-0.233,30.289,30.203,8.823,0.0,0.0
487,4.0,9.0,1.0,2.0,2.0,0.0,2407.475,3843.546,98.686,30.428,30.353,8.866,0.0,0.0
488,4.0,9.0,1.0,3.0,4.0,0.0,2373.783,3869.197,8.633,30.752,30.682,8.874,0.0,0.0
489,4.0,9.0,1.0,4.0,7.0,0.0,2374.249,3900.753,61.966,30.177,30.107,8.793,0.0,0.0
490,4.0,9.0,1.0,5.0,8.0,0.0,2328.095,3979.172,53.495,30.758,30.717,8.88,0.0,0.0
491,4.0,9.0,1.0,6.0,9.0,0.0,2781.629,3986.427,17.418,30.904,30.825,8.917,0.0,0.0
492,4.0,9.0,1.0,7.0,10.0,0.0,2633.126,3996.439,109.557,30.049,29.972,8.842,0.0,0.0
493,4.0,9.0,1.0,8.0,11.0,0.0,2694.553,4013.124,-27.674,30.352,30.29,8.845,0.0,0.0
498,4.0,9.0,1.0,13.0,15.0,0.0,2672.133,4073.018,42.228,30.873,30.734,8.899,0.0,0.0
500,5.0,9.0,1.0,0.0,0.0,0.0,3294.713,3690.476,63.427,30.545,30.439,8.809,0.0,0.0
501,5.0,9.0,1.0,1.0,1.0,0.0,3132.926,3870.803,45.786,30.269,30.234,8.825,0.0,0.0
502,5.0,9.0,1.0,2.0,2.0,0.0,3295.486,3900.963,74.387,29.971,29.813,8.72,0.0,0.0
503,5.0,9.0,1.0,3.0,3.0,0.0,3263.605,3978.186,53.402,30.209,30.167,8.807,0.0,0.0
504,5.0,9.0,1.0,4.0,4.0,0.0,3002.817,4020.625,100.852,30.691,30.649,8.861,0.0,0.0
505,6.0,9.0,1.0,0.0,0.0,0.0,3878.404,3813.768,72.44,30.517,30.398,8.799,0.0,0.0
506,6.0,9.0,1.0,1.0,1.0,0.0,3978.378,3916.218,45.75,30.899,30.808,8.914,0.0,0.0
507,6.0,9.0,1.0,2.0,2.0,0.0,3947.217,3941.249,67.783,30.827,30.655,8.881,0.0,0.0
508,7.0,9.0,1.0,0.0,0.0,0.0,4483.543,3920.311,49.793,30.759,30.709,8.879,0.0,0.0
509,7.0,9.0,1.0,1.0,1.0,0.0,4235.474,3923.441,-38.412,30.093,29.929,8.842,0.0,0.0
510,8.0,9.0,1.0,0.0,1.0,0.0,4684.828,3854.106,32.013,30.596,30.324,8.8,0.0,0.0
511,8.0,9.0,1.0,1.0,2.0,0.0,4806.166,3907.437,78.437,30.726,30.58,8.856,0.0,0.0
513,9.0,9.0,1.0,0.0,1.0,0.0,5659.916,3699.525,97.584,30.762,30.656,8.958,0.0,0.0
514,9.0,9.0,1.0,1.0,2.0,0.0,5252.042,3855.932,31.143,30.625,30.475,8.912,0.0,0.0
515,0.0,10.0,1.0,0.0,1.0,0.0,575.299,4103.283,105.367,31.093,30.662,8.92,0.0,0.0
516,0.0,10.0,1.0,1.0,2.0,0.0,372.935,4182.178,-4.711,30.77,30.647,8.872,0.0,0.0
517,0.0,10.0,1.0,2.0,3.0,0.0,400.435,4289.215,-0.472,30.053,29.81,8.732,0.0,0.0
518,0.0,10.0,1.0,3.0,4.0,0.0,36.225,4321.217,45.305,31.039,31.019,8.964,0.0,0.0
519,0.0,10.0,1.0,4.0,5.0,0.0,243.851,4361.499,-24.534,30.72,30.574,8.854,0.0,0.0
520,0.0,10.0,1.0,5.0,6.0,0.0,92.316,4417.929,133.723,31.066,30.875,8.948,0.0,0.0
521,1.0,10.0,1.0,0.0,2.0,0.0,722.243,4167.392,9.426,30.626,30.493,8.915,0.0,0.0
522,1.0,10.0,1.0,1.0,3.0,0.0,1110.872,4196.905,73.994,30.711,30.587,8.855,0.0,0.0
523,1.0,10.0,1.0,2.0,4.0,0.0,642.343,4422.06,97.55,30.75,30.673,8.873,0.0,0.0
524,1.0,10.0,1.0,3.0,5.0,0.0,893.712,4438.985,30.998,30.869,30.782,8.906,0.0,0.0
527,2.0,10.0,1.0,2.0,4.0,0.0,1426.101,4407.84,67.545,30.766,30.585,8.862,0.0,0.0
528,2.0,10.0,1.0,3.0,6.0,0.0,1191.492,4470.029,81.964,31.121,31.002,8.889,0.0,0.0
529,2.0,10.0,1.0,4.0,7.0,0.0,1730.891,4477.13,13.854,31.148,30.973,8.974,0.0,0.0
531,3.0,10.0,1.0,0.0,2.0,0.0,2287.373,4208.269,110.133,30.535,30.486,8.901,0.0,0.0
532,3.0,10.0,1.0,1.0,3.0,0.0,1931.227,4224.176,66.69,30.463,30.336,8.868,0.0,0.0
533,3.0,10.0,1.0,2.0,4.0,0.0,1951.691,4416.014,20.627,30.533,30.413,8.89,0.0,0.0
534,3.0,10.0,1.0,3.0,5.0,0.0,2156.692,4462.76,45.031,30.736,30.726,8.878,0.0,0.0
535,3.0,10.0,1.0,4.0,7.0,0.0,1817.337,4492.707,41.953,31.194,31.087,8.911,0.0,0.0
537,4.0,10.0,1.0,1.0,3.0,0.0,2713.887,4107.141,96.826,30.79,30.678,8.879,0.0,0.0
538,4.0,10.0,1.0,2.0,5.0,0.0,2506.164,4191.568,79.653,30.279,30.195,8.821,0.0,0.0
539,4.0,10.0,1.0,3.0,6.0,0.0,2361.687,4210.148,68.364,30.681,30.442,8.829,0.0,0.0
540,4.0,10.0,1.0,4.0,7.0,0.0,2860.102,4307.619,59.093,30.795,30.606,8.87,0.0,0.0
541,4.0,10.0,1.0,5.0,8.0,0.0,2388.887,4337.262,88.558,30.855,30.766,8.901,0.0,0.0
543,4.0,10.0,1.0,7.0,10.0,0.0,2547.464,4452.025,101.915,30.648,30.582,8.845,0.0,0.0
545,5.0,10.0,1.0,0.0,0.0,0.0,3050.214,4154.127,20.596,30.362,30.304,8.849,0.0,0.0
546,5.0,10.0,1.0,1.0,1.0,0.0,3390.976,4181.937,121.436,30.706,30.48,8.838,0.0,0.0
547,5.0,10.0,1.0,2.0,2.0,0.0,3022.625,4197.339,90.815,30.864,30.755,8.901,0.0,0.0
548,5.0,10.0,1.0,3.0,3.0,0.0,3187.614,4370.199,87.413,30.527,30.314,8.874,0.0,0.0
549,5.0,10.0,1.0,4.0,4.0,0.0,3419.625,4397.275,6.763,30.997,30.818,8.93,0.0,0.0
550,5.0,10.0,1.0,5.0,5.0,0.0,3131.246,4409.754,86.649,30.482,30.428,8.884,0.0,0.0
551,5.0,10.0,1.0,6.0,6.0,0.0,3149.379,4461.612,109.112,30.811,30.502,8.943,0.0,0.0
552,6.0,10.0,1.0,0.0,0.0,0.0,3904.072,4176.66,79.37,30.99,30.712,9.371,0.0,0.0
553,6.0,10.0,1.0,1.0,1.0,0.0,3497.649,4271.953,47.861,30.638,30.516,8.834,0.0,0.0
554,6.0,10.0,1.0,2.0,2.0,0.0,3721.36,4315.818,52.44,30.643,30.506,8.919,0.0,0.0
555,6.0,10.0,1.0,3.0,3.0,0.0,3714.933,4357.554,85.802,30.933,30.735,8.908,0.0,0.0
557,6.0,10.0,1.0,5.0,5.0,0.0,3684.601,4446.286,106.847,30.48,30.386,8.878,0.0,0.0
558,7.0,10.0,1.0,0.0,0.0,0.0,4450.057,4116.047,125.974,30.94,30.813,8.92,0.0,0.0
559,7.0,10.0,1.0,1.0,1.0,0.0,4617.797,4119.375,91.609,30.807,29.631,8.812,0.0,0.0
562,7.0,10.0,1.0,4.0,4.0,0.0,4376.271,4284.097,48.833,30.078,29.896,8.835,0.0,0.0
563,8.0,10.0,1.0,0.0,2.0,0.0,4785.387,4146.188,72.955,30.556,30.403,8.891,0.0,0.0
564,8.0,10.0,1.0,1.0,3.0,0.0,4843.937,4166.431,39.909,30.412,30.358,8.864,0.0,0.0
565,8.0,10.0,1.0,2.0,4.0,0.0,5103.132,4189.572,112.472,30.299,30.19,8.823,0.0,0.0
567,8.0,10.0,1.0,4.0,6.0,0.0,5114.887,4297.991,-10.47,30.553,30.458,8.899,0.0,0.0
568,8.0,10.0,1.0,5.0,7.0,0.0,4845.293,4305.847,-38.511,30.496,30.481,8.894,0.0,0.0
569,8.0,10.0,1.0,6.0,8.0,0.0,5041.719,4418.517,109.824,30.568,30.456,8.815,0.0,0.0
570,9.0,10.0,1.0,0.0,0.0,0.0,5333.159,4194.451,107.163,30.74,30.437,8.923,0.0,0.0
571,9.0,10.0,1.0,1.0,2.0,0.0,5401.458,4252.381,19.377,30.228,30.09,8.798,0.0,0.0
573,0.0,11.0,1.0,0.0,0.0,0.0,88.225,4603.001,-37.251,30.719,30.695,8.871,0.0,0.0
574,0.0,11.0,1.0,1.0,1.0,0.0,435.499,4654.253,49.55,30.374,30.306,9.03,0.0,0.0
575,0.0,11.0,1.0,2.0,2.0,0.0,242.144,4776.384,-20.488,30.672,30.624,8.941,0.0,0.0
576,0.0,11.0,1.0,3.0,4.0,0.0,287.859,4861.368,-14.905,30.514,30.385,8.797,0.0,0.0
577,1.0,11.0,1.0,0.0,0.0,0.0,801.421,4594.035,68.821,30.813,30.582,8.869,0.0,0.0
578,1.0,11.0,1.0,1.0,1.0,0.0,1051.334,4693.095,-18.966,30.795,30.641,8.875,0.0,0.0
579,1.0,11.0,1.0,2.0,3.0,0.0,962.693,4843.421,14.62,30.156,30.006,8.863,0.0,0.0
580,1.0,11.0,1.0,3.0,4.0,0.0,624.664,4907.16,-0.643,31.201,27.891,8.523,0.0,0.0
582,2.0,11.0,1.0,1.0,4.0,0.0,1335.88,4752.395,-44.315,30.611,29.887,9.38,0.0,0.0
583,2.0,11.0,1.0,2.0,4.0,0.0,1356.093,4734.059,-38.649,30.627,30.479,9.593,0.0,0.0
584,2.0,11.0,1.0,3.0,5.0,0.0,1168.993,4752.49,15.033,30.851,30.644,8.883,0.0,0.0
586,3.0,11.0,1.0,0.0,1.0,0.0,2161.494,4521.488,-44.634,30.596,30.49,8.91,0.0,0.0
587,3.0,11.0,1.0,1.0,2.0,0.0,2018.908,4524.939,124.391,30.548,30.517,8.907,0.0,0.0
588,3.0,11.0,1.0,2.0,3.0,0.0,2142.079,4548.638,77.174,30.761,30.68,8.875,0.0,0.0
589,3.0,11.0,1.0,3.0,4.0,0.0,2057.81,4602.502,44.763,30.396,30.178,8.835,0.0,0.0
591,3.0,11.0,1.0,5.0,6.0,0.0,2247.34,4711.191,93.935,30.851,30.782,8.903,0.0,0.0
592,3.0,11.0,1.0,6.0,8.0,0.0,2227.024,4803.627,9.888,30.842,30.677,8.887,0.0,0.0
594,4.0,11.0,1.0,1.0,1.0,0.0,2552.915,4588.41,37.562,30.895,30.766,8.907,0.0,0.0
596,4.0,11.0,1.0,3.0,4.0,0.0,2613.825,4764.865,60.734,30.365,30.166,8.829,0.0,0.0
597,5.0,11.0,1.0,0.0,0.0,0.0,3391.578,4539.992,112.019,31.123,31.024,8.977,0.0,0.0
598,5.0,11.0,1.0,1.0,1.0,0.0,2978.603,4642.059,46.414,30.589,30.532,8.915,0.0,0.0
599,5.0,11.0,1.0,2.0,3.0,0.0,3190.874,4655.249,32.669,30.381,30.27,8.847,0.0,0.0
600,5.0,11.0,1.0,3.0,4.0,0.0,3177.571,4800.571,38.878,30.828,30.627,8.964,0.0,0.0
601,5.0,11.0,1.0,4.0,5.0,0.0,3117.82,4836.248,106.679,30.444,30.316,8.863,0.0,0.0
602,5.0,11.0,1.0,5.0,6.0,0.0,3282.995,4885.432,117.859,30.639,30.553,8.925,0.0,0.0
603,6.0,11.0,1.0,0.0,0.0,0.0,3759.674,4517.22,75.04,30.245,30.08,8.799,0.0,0.0
604,6.0,11.0,1.0,1.0,1.0,0.0,3802.561,4541.369,12.212,30.631,30.544,8.923,0.0,0.0
605,6.0,11.0,1.0,2.0,2.0,0.0,3650.137,4629.822,46.54,30.409,30.055,9.392,0.0,0.0
606,6.0,11.0,1.0,3.0,3.0,0.0,3490.614,4640.594,-25.821,30.667,30.525,8.84,0.0,0.0
608,6.0,11.0,1.0,5.0,5.0,0.0,3576.427,4796.499,-16.792,30.61,30.502,8.828,0.0,0.0
611,7.0,11.0,1.0,0.0,0.0,0.0,4279.744,4528.388,-35.363,30.455,30.313,8.864,0.0,0.0
612,7.0,11.0,1.0,1.0,1.0,0.0,4070.781,4549.713,36.957,30.833,30.489,8.945,0.0,0.0
613,7.0,11.0,1.0,2.0,2.0,0.0,4524.751,4636.949,-25.515,30.763,30.723,8.969,0.0,0.0
614,7.0,11.0,1.0,3.0,3.0,0.0,4266.62,4640.477,32.37,30.268,30.172,8.816,0.0,0.0
615,8.0,11.0,1.0,0.0,0.0,0.0,5036.183,4665.003,-24.472,30.536,30.444,8.895,0.0,0.0
616,8.0,11.0,1.0,1.0,1.0,0.0,4890.798,4793.782,109.544,30.485,30.429,8.885,0.0,0.0
617,9.0,11.0,1.0,0.0,0.0,0.0,5373.704,4557.155,108.471,30.496,30.357,8.876,0.0,0.0
618,9.0,11.0,1.0,1.0,1.0,0.0,5289.125,4585.072,7.01,30.247,30.179,8.814,0.0,0.0
619,9.0,11.0,1.0,2.0,2.0,0.0,5432.484,4662.32,61.418,30.394,30.307,8.854,0.0,0.0
621,9.0,11.0,1.0,4.0,4.0,0.0,5237.597,4681.498,74.409,30.047,30.005,8.759,0.0,0.0
622,9.0,11.0,1.0,5.0,5.0,0.0,5691.094,4731.439,38.466,30.702,30.36,8.738,0.0,0.0
623,9.0,11.0,1.0,6.0,6.0,0.0,5264.042,4857.955,18.212,31.192,31.075,8.995,0.0,0.0
624,9.0,11.0,1.0,7.0,7.0,0.0,5585.486,4861.081,-7.528,30.708,30.556,8.85,0.0,0.0
625,0.0,12.0,1.0,0.0,0.0,0.0,277.009,5151.228,46.937,30.425,30.307,8.859,0.0,0.0
626,0.0,12.0,1.0,1.0,1.0,0.0,86.782,5157.958,35.065,30.242,30.156,8.81,0.0,0.0
629,0.0,12.0,1.0,4.0,3.0,0.0,508.101,5313.487,3.061,31.459,30.284,8.92,0.0,0.0
630,1.0,12.0,1.0,0.0,1.0,0.0,1150.897,4919.984,80.725,30.979,30.883,8.936,0.0,0.0
631,1.0,12.0,1.0,1.0,2.0,0.0,693.609,4926.781,106.72,30.937,30.78,8.915,0.0,0.0
632,1.0,12.0,1.0,2.0,3.0,0.0,749.174,4978.502,110.994,30.662,30.593,8.848,0.0,0.0
633,1.0,12.0,1.0,3.0,5.0,0.0,640.985,5229.573,-10.435,30.514,30.396,8.885,0.0,0.0
634,1.0,12.0,1.0,4.0,6.0,0.0,828.773,5312.908,3.279,31.309,30.98,8.913,0.0,0.0
635,2.0,12.0,1.0,0.0,1.0,0.0,1543.448,4920.393,106.752,30.758,30.674,8.874,0.0,0.0
636,2.0,12.0,1.0,1.0,2.0,0.0,1704.989,4925.743,-24.93,31.315,31.134,8.936,0.0,0.0
637,2.0,12.0,1.0,2.0,3.0,0.0,1648.63,4935.685,95.93,31.413,31.186,9.042,0.0,0.0
638,2.0,12.0,1.0,3.0,4.0,0.0,1197.646,5000.142,33.713,30.317,30.132,8.817,0.0,0.0
639,2.0,12.0,1.0,4.0,5.0,0.0,1665.994,5035.05,-24.66,30.56,30.44,8.898,0.0,0.0
640,2.0,12.0,1.0,5.0,6.0,0.0,1318.885,5237.287,-32.598,30.969,30.85,8.93,0.0,0.0
641,3.0,12.0,1.0,0.0,1.0,0.0,1832.289,4942.204,66.589,31.043,30.956,8.956,0.0,0.0
642,3.0,12.0,1.0,1.0,2.0,0.0,2047.386,4943.591,56.126,30.587,30.391,8.809,0.0,0.0
643,3.0,12.0,1.0,2.0,3.0,0.0,1979.829,5142.491,25.856,30.478,30.387,8.878,0.0,0.0
644,3.0,12.0,1.0,3.0,7.0,0.0,1974.244,5246.331,98.595,30.676,30.575,8.848,0.0,0.0
645,4.0,12.0,1.0,0.0,0.0,0.0,2807.814,4928.837,109.737,30.866,30.663,8.888,0.0,0.0
646,4.0,12.0,1.0,1.0,1.0,0.0,2890.194,5034.19,89.886,31.217,29.343,8.743,0.0,0.0
647,4.0,12.0,1.0,2.0,2.0,0.0,2336.077,5199.611,96.825,30.835,30.727,8.893,0.0,0.0
648,4.0,12.0,1.0,3.0,3.0,0.0,2794.702,5218.514,88.664,30.997,30.892,8.94,0.0,0.0
649,4.0,12.0,1.0,4.0,4.0,0.0,2557.461,5259.182,54.81,30.933,30.855,8.925,0.0,0.0
650,5.0,12.0,1.0,0.0,1.0,0.0,3047.378,4939.863,93.27,30.68,30.548,8.931,0.0,0.0
651,5.0,12.0,1.0,1.0,2.0,0.0,3427.659,4976.387,-43.777,30.929,30.786,8.915,0.0,0.0
652,5.0,12.0,1.0,2.0,3.0,0.0,2932.535,5026.312,65.961,31.024,30.859,8.939,0.0,0.0
653,5.0,12.0,1.0,3.0,5.0,0.0,2954.766,5053.491,55.189,30.831,30.506,8.86,0.0,0.0
654,5.0,12.0,1.0,4.0,6.0,0.0,2904.247,5272.669,-8.764,30.783,30.66,8.876,0.0,0.0
655,6.0,12.0,1.0,0.0,2.0,0.0,3698.885,4912.522,58.306,30.65,30.597,8.847,0.0,0.0
656,6.0,12.0,1.0,1.0,3.0,0.0,3573.259,4997.616,-13.841,30.531,30.468,8.898,0.0,0.0
657,6.0,12.0,1.0,2.0,4.0,0.0,3877.923,5051.159,24.039,30.028,29.164,8.72,0.0,0.0
658,6.0,12.0,1.0,3.0,5.0,0.0,3693.354,5079.987,-37.879,31.028,30.933,8.951,0.0,0.0
659,6.0,12.0,1.0,4.0,6.0,0.0,3717.255,5145.884,113.628,30.138,29.984,8.77,0.0,0.0
661,7.0,12.0,1.0,0.0,0.0,0.0,4501.025,4961.034,-15.097,30.721,30.597,8.944,0.0,0.0
662,7.0,12.0,1.0,1.0,1.0,0.0,4381.414,5032.293,17.966,30.483,30.427,8.884,0.0,0.0
664,7.0,12.0,1.0,3.0,3.0,0.0,4449.559,5140.624,119.431,30.673,30.361,8.902,0.0,0.0
665,8.0,12.0,1.0,0.0,0.0,0.0,4725.173,5185.663,105.461,31.319,30.191,8.647,0.0,0.0
667,8.0,12.0,1.0,2.0,2.0,0.0,5157.994,5239.046,-40.012,30.841,30.671,8.886,0.0,0.0
668,9.0,12.0,1.0,0.0,0.0,0.0,5613.942,5003.794,109.959,30.662,30.313,8.981,0.0,0.0
669,9.0,12.0,1.0,1.0,1.0,0.0,5332.852,5061.619,-33.023,30.409,30.375,8.866,0.0,0.0
671,9.0,12.0,1.0,3.0,3.0,0.0,5270.084,5148.697,-27.557,30.794,30.721,8.886,0.0,0.0
672,9.0,12.0,1.0,4.0,4.0,0.0,5303.342,5148.573,63.347,30.46,30.422,8.88,0.0,0.0
673,0.0,6.0,1.0,0.0,0.0,0.0,9.963,2750.472,57.79,31.456,30.556,26.431,4.0,
675,0.0,6.0,1.0,0.0,0.0,0.0,566.094,2673.707,-5.425,31.19,29.739,25.844,4.0,
676,0.0,6.0,1.0,0.0,0.0,0.0,571.024,2660.333,26.813,31.433,30.102,26.343,4.0,
677,1.0,4.0,1.0,0.0,0.0,0.0,904.633,2031.991,-8.128,30.855,29.996,25.817,4.0,
678,1.0,4.0,1.0,0.0,0.0,0.0,916.398,2035.743,108.402,30.34,29.231,23.596,4.0,
679,2.0,2.0,1.0,0.0,0.0,0.0,1466.127,1052.245,131.233,30.467,29.314,25.543,4.0,
680,2.0,2.0,1.0,0.0,0.0,0.0,1455.745,1045.433,12.318,30.4,29.75,25.525,4.0,
681,2.0,10.0,1.0,0.0,0.0,0.0,1573.106,4474.883,97.122,45.368,44.357,38.143,4.0,
683,3.0,0.0,1.0,0.0,0.0,0.0,1928.63,13.635,97.096,30.902,30.053,23.952,4.0,
684,2.0,6.0,1.0,0.0,0.0,0.0,1742.094,2729.779,10.673,31.478,30.702,26.352,4.0,
686,3.0,8.0,1.0,0.0,0.0,0.0,1985.272,3402.198,-43.863,31.302,30.84,26.412,4.0,
687,3.0,10.0,1.0,0.0,0.0,0.0,1779.638,4148.868,-26.721,31.285,30.242,26.08,4.0,
688,3.0,10.0,1.0,0.0,0.0,0.0,1758.756,4154.099,-37.579,30.822,30.521,26.066,4.0,
689,3.0,10.0,1.0,0.0,0.0,0.0,1751.807,4152.043,88.798,30.387,28.951,25.349,4.0,
690,3.0,12.0,1.0,0.0,0.0,0.0,2165.232,5169.331,29.544,31.663,30.995,26.653,4.0,
691,3.0,12.0,1.0,0.0,0.0,0.0,2167.011,5191.585,102.729,31.339,30.919,26.473,4.0,
692,4.0,0.0,1.0,0.0,0.0,0.0,2474.59,36.115,41.234,30.803,29.83,25.729,4.0,
693,4.0,0.0,1.0,0.0,0.0,0.0,2461.076,33.907,45.905,30.724,29.585,25.631,4.0,
694,4.0,7.0,1.0,0.0,0.0,0.0,2895.055,3217.41,-13.124,33.62,31.486,25.468,4.0,
696,5.0,2.0,1.0,0.0,0.0,0.0,3334.095,1087.418,-22.266,31.238,30.36,24.222,4.0,
697,5.0,12.0,1.0,0.0,0.0,0.0,2891.145,5033.604,89.286,30.624,30.16,22.407,4.0,
698,6.0,11.0,1.0,0.0,0.0,0.0,3903.264,4912.048,-18.451,34.296,31.553,28.08,4.0,
699,6.0,11.0,1.0,0.0,0.0,0.0,3908.217,4907.318,-29.172,33.175,30.373,24.728,4.0,
700,6.0,12.0,1.0,0.0,0.0,0.0,3712.973,5319.727,-39.509,32.004,29.147,25.986,4.0,
702,6.0,12.0,1.0,0.0,0.0,0.0,3948.699,5323.98,83.867,31.69,31.01,24.638,4.0,
703,7.0,7.0,1.0,0.0,0.0,0.0,4120.177,3160.797,39.516,30.837,29.193,25.622,4.0,
704,7.0,7.0,1.0,0.0,0.0,0.0,4108.855,3176.523,-22.826,31.284,30.308,26.151,4.0,
705,7.0,8.0,1.0,0.0,0.0,0.0,4100.751,3343.242,56.15,31.974,31.197,26.922,4.0,
706,7.0,8.0,1.0,0.0,0.0,0.0,4083.394,3359.517,65.715,31.236,30.442,26.282,4.0,
707,8.0,0.0,1.0,0.0,0.0,0.0,4784.778,426.517,68.893,31.573,30.316,26.129,4.0,
708,8.0,2.0,1.0,0.0,0.0,0.0,4975.146,1074.107,32.693,31.302,31.032,26.508,4.0,
710,8.0,4.0,1.0,0.0,0.0,0.0,4621.322,2048.415,-36.167,30.689,30.347,22.483,4.0,
711,8.0,7.0,1.0,0.0,0.0,0.0,4694.08,2966.943,124.722,31.151,30.083,26.061,4.0,
713,8.0,7.0,1.0,0.0,0.0,0.0,4620.295,3277.388,63.465,30.875,29.836,23.971,4.0,
714,8.0,8.0,1.0,0.0,0.0,0.0,5172.852,3416.243,123.015,31.634,31.13,26.656,4.0,
715,8.0,8.0,1.0,0.0,0.0,0.0,5178.63,3400.157,56.361,30.477,30.308,23.938,4.0,
717,9.0,4.0,1.0,0.0,0.0,0.0,5305.04,1656.479,-32.507,31.823,30.786,26.603,4.0,
718,9.0,3.0,1.0,0.0,0.0,0.0,5293.109,1626.675,134.561,30.681,29.497,25.545,4.0,
719,9.0,6.0,1.0,0.0,0.0,0.0,5723.838,2685.953,130.625,31.127,30.434,26.132,4.0,
720,9.0,8.0,1.0,0.0,0.0,0.0,5699.283,3344.334,113.856,31.378,31.115,26.567,4.0,
</ResultDatas>,,,,,,,,,,,,,,
<ElementResult>,,,,,,,,,,,,,,
0,1.0,,,,,,,,,,,,,
1,2.0,,,,,,,,,,,,,
2,0.0,,,,,,,,,,,,,
3,0.0,,,,,,,,,,,,,
4,0.0,,,,,,,,,,,,,
5,598.0,,,,,,,,,,,,,
</ElementResult>,,,,,,,,,,,,,,
0,0.0,0.0,1.0,0.0,0.0,0.0,371.769,40.006,45.64,30.066,30.022,8.765,0.0,0.0
1,0.0,0.0,1.0,1.0,1.0,0.0,288.193,46.206,104.109,30.801,30.712,8.886,0.0,0.0
2,0.0,0.0,1.0,2.0,2.0,0.0,78.861,107.667,32.779,30.288,30.203,8.824,0.0,0.0
3,0.0,0.0,1.0,3.0,4.0,0.0,130.335,170.026,-32.946,30.33,30.202,8.829,0.0,0.0
4,0.0,0.0,1.0,4.0,6.0,0.0,181.46,313.221,-6.503,30.542,30.474,8.9,0.0,0.0
5,0.0,0.0,1.0,5.0,7.0,0.0,46.858,352.372,14.847,30.654,30.567,8.93,0.0,0.0
6,0.0,0.0,1.0,6.0,8.0,0.0,397.349,398.866,9.772,31.4,30.778,8.816,0.0,0.0
7,1.0,0.0,1.0,0.0,0.0,0.0,659.605,32.386,38.815,30.46,30.341,8.868,0.0,0.0
8,1.0,0.0,1.0,1.0,1.0,0.0,1042.913,41.147,111.203,30.69,30.571,8.935,0.0,0.0
9,1.0,0.0,1.0,2.0,2.0,0.0,922.046,60.108,-23.61,30.329,30.19,8.828,0.0,0.0
10,1.0,0.0,1.0,3.0,3.0,0.0,765.04,64.95,0.808,30.434,30.257,8.853,0.0,0.0
11,1.0,0.0,1.0,4.0,4.0,0.0,850.138,162.83,74.631,30.106,29.814,8.826,0.0,0.0
12,1.0,0.0,1.0,5.0,5.0,0.0,690.067,165.097,45.061,30.427,30.363,8.867,0.0,0.0
13,1.0,0.0,1.0,6.0,6.0,0.0,608.097,306.484,38.903,30.434,30.405,8.874,0.0,0.0
14,1.0,0.0,1.0,7.0,7.0,0.0,675.584,322.029,60.777,30.703,30.543,8.847,0.0,0.0
15,1.0,0.0,1.0,8.0,8.0,0.0,1154.777,341.696,42.228,31.106,30.994,8.971,0.0,0.0
16,1.0,0.0,1.0,9.0,9.0,0.0,1079.852,412.725,28.605,31.463,31.295,8.98,0.0,0.0
19,2.0,0.0,1.0,2.0,2.0,0.0,1710.054,200.495,-28.109,30.745,30.684,8.874,0.0,0.0
20,2.0,0.0,1.0,3.0,3.0,0.0,1459.089,278.204,37.0,30.453,30.254,8.855,0.0,0.0
21,2.0,0.0,1.0,4.0,4.0,0.0,1191.268,314.457,67.116,30.942,30.751,8.912,0.0,0.0
22,2.0,0.0,1.0,5.0,5.0,0.0,1276.925,337.654,30.379,30.837,30.756,8.897,0.0,0.0
23,3.0,0.0,1.0,0.0,0.0,0.0,2046.287,60.965,120.087,30.138,29.974,8.768,0.0,0.0
25,3.0,0.0,1.0,2.0,2.0,0.0,2210.362,152.992,130.811,30.233,30.103,8.801,0.0,0.0
27,3.0,0.0,1.0,4.0,4.0,0.0,2182.916,267.128,91.056,30.669,30.647,8.944,0.0,0.0
28,3.0,0.0,1.0,5.0,6.0,0.0,2074.894,354.938,-1.355,31.243,30.457,9.563,0.0,0.0
29,3.0,0.0,1.0,6.0,6.0,0.0,2047.272,353.269,50.43,30.83,30.707,9.664,0.0,0.0
30,3.0,0.0,1.0,7.0,7.0,0.0,1780.927,367.87,-14.895,31.039,30.951,8.955,0.0,0.0
31,3.0,0.0,1.0,8.0,8.0,0.0,2023.281,394.116,51.221,30.909,30.879,8.926,0.0,0.0
32,4.0,0.0,1.0,0.0,0.0,0.0,2377.071,29.733,121.189,31.058,29.127,8.778,0.0,0.0
33,4.0,0.0,1.0,1.0,1.0,0.0,2361.246,94.352,38.413,30.405,30.256,8.848,0.0,0.0
35,4.0,0.0,1.0,3.0,3.0,0.0,2667.751,196.91,86.885,30.055,29.813,8.733,0.0,0.0
36,4.0,0.0,1.0,4.0,4.0,0.0,2761.129,206.784,57.18,30.558,30.383,8.889,0.0,0.0
37,4.0,0.0,1.0,5.0,6.0,0.0,2465.704,245.701,110.393,30.288,30.144,8.815,0.0,0.0
38,4.0,0.0,1.0,6.0,7.0,0.0,2329.819,307.146,130.12,30.471,30.385,8.791,0.0,0.0
39,4.0,0.0,1.0,7.0,8.0,0.0,2450.737,360.63,86.949,30.813,30.598,8.871,0.0,0.0
40,5.0,0.0,1.0,0.0,0.0,0.0,3359.983,132.249,114.992,30.597,30.307,9.065,0.0,0.0
41,5.0,0.0,1.0,1.0,1.0,0.0,3261.854,198.839,83.723,30.088,29.836,8.741,0.0,0.0
42,5.0,0.0,1.0,2.0,2.0,0.0,3205.437,244.122,57.102,29.996,29.867,8.818,0.0,0.0
43,5.0,0.0,1.0,3.0,3.0,0.0,3423.204,363.894,118.475,31.152,31.115,8.995,0.0,0.0
44,6.0,0.0,1.0,0.0,2.0,0.0,3550.851,20.039,42.9,30.586,30.456,8.818,0.0,0.0
45,6.0,0.0,1.0,1.0,3.0,0.0,3540.109,260.648,58.707,30.655,30.558,8.842,0.0,0.0
46,6.0,0.0,1.0,2.0,4.0,0.0,3925.823,341.028,-9.298,30.329,30.275,8.84,0.0,0.0
47,6.0,0.0,1.0,3.0,5.0,0.0,4005.951,342.173,41.636,30.814,30.678,8.883,0.0,0.0
49,7.0,0.0,1.0,0.0,0.0,0.0,4145.717,43.211,-30.096,30.635,30.62,8.849,0.0,0.0
50,7.0,0.0,1.0,1.0,1.0,0.0,4104.647,60.208,51.22,30.437,30.271,8.855,0.0,0.0
51,7.0,0.0,1.0,2.0,2.0,0.0,4517.716,100.227,56.819,30.239,30.111,8.803,0.0,0.0
52,7.0,0.0,1.0,3.0,3.0,0.0,4553.188,181.078,43.936,31.042,30.944,8.954,0.0,0.0
53,7.0,0.0,1.0,4.0,4.0,0.0,4468.152,383.94,51.739,30.932,30.714,8.905,0.0,0.0
54,7.0,0.0,1.0,5.0,5.0,0.0,4078.884,416.225,85.823,30.97,30.935,8.942,0.0,0.0
55,8.0,0.0,1.0,0.0,0.0,0.0,5156.41,32.289,-5.133,31.112,30.958,8.966,0.0,0.0
58,8.0,0.0,1.0,3.0,2.0,0.0,4728.37,294.995,-0.708,30.952,30.924,8.938,0.0,0.0
59,9.0,0.0,1.0,0.0,0.0,0.0,5755.939,23.914,45.249,30.689,30.659,8.948,0.0,0.0
60,9.0,0.0,1.0,1.0,1.0,0.0,5293.466,73.584,46.087,30.404,30.191,8.839,0.0,0.0
62,9.0,0.0,1.0,3.0,3.0,0.0,5504.903,391.185,110.187,30.586,30.503,8.911,0.0,0.0
63,0.0,1.0,1.0,0.0,1.0,0.0,536.438,433.266,95.613,30.703,30.582,8.853,0.0,0.0
64,0.0,1.0,1.0,1.0,2.0,0.0,22.046,558.741,83.752,30.457,30.429,8.881,0.0,0.0
65,0.0,1.0,1.0,2.0,3.0,0.0,277.971,735.024,6.22,30.55,30.245,8.868,0.0,0.0
66,0.0,1.0,1.0,3.0,4.0,0.0,520.464,747.188,45.036,32.103,31.929,9.077,0.0,0.0
67,0.0,1.0,1.0,4.0,5.0,0.0,489.958,796.408,20.066,30.704,30.52,8.931,0.0,0.0
68,1.0,1.0,1.0,0.0,1.0,0.0,913.107,565.22,-20.9,30.266,30.09,8.804,0.0,0.0
69,1.0,1.0,1.0,1.0,2.0,0.0,877.879,641.757,-10.878,29.856,29.766,8.783,0.0,0.0
70,1.0,1.0,1.0,2.0,3.0,0.0,1049.556,689.193,-10.06,30.418,30.229,8.846,0.0,0.0
73,1.0,1.0,1.0,5.0,5.0,0.0,1152.776,772.253,-17.052,30.769,30.633,8.87,0.0,0.0
74,2.0,1.0,1.0,0.0,0.0,0.0,1583.677,465.852,-43.622,30.903,30.725,8.902,0.0,0.0
75,2.0,1.0,1.0,1.0,1.0,0.0,1349.607,564.522,70.087,30.566,30.381,9.567,0.0,0.0
78,2.0,1.0,1.0,4.0,3.0,0.0,1236.329,631.247,46.042,30.81,30.55,8.95,0.0,0.0
80,2.0,1.0,1.0,6.0,5.0,0.0,1314.597,698.279,1.705,30.494,30.372,8.878,0.0,0.0
81,2.0,1.0,1.0,7.0,6.0,0.0,1643.342,729.334,-27.121,30.526,30.453,8.809,0.0,0.0
84,2.0,1.0,1.0,10.0,9.0,0.0,1431.504,793.318,110.623,30.5,30.4,8.883,0.0,0.0
85,4.0,1.0,1.0,0.0,0.0,0.0,2611.053,450.726,73.57,30.734,30.493,8.844,0.0,0.0
86,4.0,1.0,1.0,1.0,1.0,0.0,2658.939,461.985,97.891,30.544,30.38,8.886,0.0,0.0
87,5.0,1.0,1.0,0.0,0.0,0.0,3057.366,451.762,67.755,30.557,30.398,8.805,0.0,0.0
88,5.0,1.0,1.0,1.0,1.0,0.0,3294.829,495.383,1.514,30.442,30.331,8.865,0.0,0.0
89,5.0,1.0,1.0,2.0,3.0,0.0,2952.188,520.666,34.505,31.046,30.861,8.943,0.0,0.0
91,5.0,1.0,1.0,4.0,5.0,0.0,3306.516,747.13,16.704,30.584,30.503,8.91,0.0,0.0
93,6.0,1.0,1.0,1.0,2.0,0.0,3845.498,511.308,113.746,30.357,30.217,8.835,0.0,0.0
94,6.0,1.0,1.0,2.0,3.0,0.0,3731.107,573.253,52.644,30.513,30.303,8.871,0.0,0.0
96,6.0,1.0,1.0,4.0,5.0,0.0,3829.873,821.546,93.569,30.702,30.567,8.937,0.0,0.0
97,7.0,1.0,1.0,0.0,1.0,0.0,4545.423,554.195,-26.957,30.604,30.537,8.832,0.0,0.0
98,7.0,1.0,1.0,1.0,2.0,0.0,4127.645,574.743,14.799,30.298,30.238,8.83,0.0,0.0
99,7.0,1.0,1.0,2.0,3.0,0.0,4364.259,630.76,-0.446,29.819,29.761,8.777,0.0,0.0
100,7.0,1.0,1.0,3.0,4.0,0.0,4531.375,689.074,33.762,30.469,30.329,8.868,0.0,0.0
101,7.0,1.0,1.0,4.0,6.0,0.0,4397.47,740.666,36.041,30.747,30.448,8.84,0.0,0.0
102,7.0,1.0,1.0,5.0,7.0,0.0,4128.439,747.134,-1.398,30.621,30.539,8.921,0.0,0.0
103,7.0,1.0,1.0,6.0,8.0,0.0,4355.711,763.636,26.832,30.773,30.608,8.953,0.0,0.0
104,7.0,1.0,1.0,7.0,9.0,0.0,4232.463,794.035,27.72,30.878,30.78,8.907,0.0,0.0
105,7.0,1.0,1.0,8.0,10.0,0.0,4139.78,808.939,86.287,31.098,31.052,8.893,0.0,0.0
106,7.0,1.0,1.0,9.0,11.0,0.0,4199.038,809.09,130.5,30.915,30.865,8.924,0.0,0.0
107,8.0,1.0,1.0,0.0,0.0,0.0,4734.938,435.106,112.137,30.88,29.391,8.627,0.0,0.0
108,8.0,1.0,1.0,1.0,1.0,0.0,5107.343,564.844,93.643,30.253,29.993,8.788,0.0,0.0
109,8.0,1.0,1.0,2.0,2.0,0.0,4823.684,579.889,-32.972,31.641,29.643,9.377,0.0,0.0
110,8.0,1.0,1.0,3.0,3.0,0.0,4627.308,710.184,26.487,30.836,30.772,8.899,0.0,0.0
111,8.0,1.0,1.0,4.0,4.0,0.0,4772.055,770.341,80.831,30.55,30.461,8.899,0.0,0.0
112,9.0,1.0,1.0,0.0,0.0,0.0,5561.706,458.018,99.514,30.584,30.459,8.904,0.0,0.0
113,9.0,1.0,1.0,1.0,1.0,0.0,5612.211,464.167,62.799,30.516,30.354,8.879,0.0,0.0
114,9.0,1.0,1.0,2.0,2.0,0.0,5755.808,484.025,106.882,30.45,30.294,8.86,0.0,0.0
115,9.0,1.0,1.0,3.0,4.0,0.0,5275.366,705.981,89.839,30.585,30.452,8.817,0.0,0.0
116,9.0,1.0,1.0,4.0,5.0,0.0,5530.265,766.333,-3.86,30.774,30.668,8.876,0.0,0.0
117,9.0,1.0,1.0,5.0,6.0,0.0,5505.412,823.39,123.326,30.487,30.462,8.89,0.0,0.0
118,9.0,1.0,1.0,6.0,7.0,0.0,5356.263,825.147,2.78,31.242,30.655,8.856,0.0,0.0
119,0.0,2.0,1.0,0.0,0.0,0.0,45.571,845.176,-42.717,30.759,30.745,8.884,0.0,0.0
120,0.0,2.0,1.0,1.0,1.0,0.0,107.547,871.046,30.165,31.098,31.032,8.975,0.0,0.0
121,0.0,2.0,1.0,2.0,2.0,0.0,405.232,917.185,39.783,30.37,30.306,8.85,0.0,0.0
123,0.0,2.0,1.0,4.0,4.0,0.0,241.326,1003.868,67.12,30.142,30.034,8.777,0.0,0.0
124,0.0,2.0,1.0,5.0,5.0,0.0,208.657,1054.506,7.565,30.162,29.99,8.774,0.0,0.0
125,0.0,2.0,1.0,6.0,6.0,0.0,65.336,1133.966,15.748,30.658,30.562,8.843,0.0,0.0
126,0.0,2.0,1.0,7.0,7.0,0.0,197.977,1136.745,-42.536,30.409,30.362,8.864,0.0,0.0
127,1.0,2.0,1.0,0.0,1.0,0.0,998.819,849.739,23.314,30.418,30.336,8.776,0.0,0.0
128,1.0,2.0,1.0,1.0,3.0,0.0,705.116,1041.854,79.832,30.88,30.601,8.881,0.0,0.0
129,1.0,2.0,1.0,2.0,4.0,0.0,1086.081,1049.631,21.733,31.16,31.085,8.992,0.0,0.0
132,1.0,2.0,1.0,5.0,7.0,0.0,1141.56,1149.36,-11.971,31.313,31.096,8.93,0.0,0.0
133,1.0,2.0,1.0,6.0,8.0,0.0,943.416,1172.597,-19.219,30.517,30.423,8.889,0.0,0.0
134,2.0,2.0,1.0,0.0,1.0,0.0,1208.942,992.009,132.777,30.335,30.22,8.833,0.0,0.0
135,2.0,2.0,1.0,1.0,2.0,0.0,1695.539,1033.04,56.36,30.983,30.966,8.949,0.0,0.0
136,2.0,2.0,1.0,2.0,3.0,0.0,1605.881,1051.75,69.458,30.309,30.174,8.822,0.0,0.0
138,3.0,2.0,1.0,0.0,0.0,0.0,1988.564,855.654,53.997,30.974,30.872,8.849,0.0,0.0
140,3.0,2.0,1.0,2.0,2.0,0.0,2297.353,903.387,129.43,30.644,30.54,8.838,0.0,0.0
141,3.0,2.0,1.0,3.0,3.0,0.0,1833.793,919.644,59.331,30.669,30.602,8.937,0.0,0.0
142,3.0,2.0,1.0,4.0,4.0,0.0,2047.58,947.915,96.757,30.228,30.115,8.802,0.0,0.0
143,3.0,2.0,1.0,5.0,5.0,0.0,2055.961,1047.979,92.626,30.197,30.052,8.788,0.0,0.0
144,3.0,2.0,1.0,6.0,6.0,0.0,2267.384,1094.878,19.102,30.857,30.767,8.902,0.0,0.0
145,3.0,2.0,1.0,7.0,7.0,0.0,2152.983,1125.41,83.383,30.449,30.27,8.856,0.0,0.0
146,4.0,2.0,1.0,0.0,0.0,0.0,2319.814,866.554,52.572,30.832,30.503,8.86,0.0,0.0
147,4.0,2.0,1.0,1.0,2.0,0.0,2551.116,975.649,55.741,30.077,29.994,8.849,0.0,0.0
148,4.0,2.0,1.0,2.0,3.0,0.0,2490.637,983.549,108.43,30.631,30.54,8.836,0.0,0.0
149,4.0,2.0,1.0,3.0,4.0,0.0,2455.791,1009.127,-3.37,30.68,30.536,8.929,0.0,0.0
150,4.0,2.0,1.0,4.0,5.0,0.0,2588.087,1043.636,94.194,30.652,30.456,8.827,0.0,0.0
151,4.0,2.0,1.0,5.0,6.0,0.0,2646.358,1098.909,39.872,30.485,30.266,8.775,0.0,0.0
152,4.0,2.0,1.0,6.0,7.0,0.0,2562.555,1122.979,70.958,30.164,30.052,8.783,0.0,0.0
153,4.0,2.0,1.0,7.0,8.0,0.0,2651.19,1131.695,37.076,30.416,30.199,8.841,0.0,0.0
154,5.0,2.0,1.0,0.0,1.0,0.0,3070.069,1053.75,120.684,30.381,30.155,8.83,0.0,0.0
155,5.0,2.0,1.0,1.0,2.0,0.0,3386.539,1119.047,20.672,30.971,30.924,8.941,0.0,0.0
157,6.0,2.0,1.0,0.0,2.0,0.0,3794.702,841.208,24.309,31.285,30.904,8.984,0.0,0.0
159,6.0,2.0,1.0,2.0,4.0,0.0,3615.207,939.087,24.157,30.746,30.63,8.866,0.0,0.0
160,6.0,2.0,1.0,3.0,5.0,0.0,3801.544,1036.3,0.613,30.025,29.96,8.75,0.0,0.0
161,6.0,2.0,1.0,4.0,6.0,0.0,3901.373,1042.306,31.163,29.743,29.676,8.753,0.0,0.0
162,6.0,2.0,1.0,5.0,7.0,0.0,3582.23,1116.729,-43.312,30.52,30.437,8.891,0.0,0.0
163,6.0,2.0,1.0,6.0,8.0,0.0,3934.256,1119.14,8.792,30.703,30.675,8.866,0.0,0.0
164,6.0,2.0,1.0,7.0,9.0,0.0,4010.937,1217.026,68.373,31.44,31.393,8.99,0.0,0.0
165,7.0,2.0,1.0,0.0,2.0,0.0,4301.796,863.875,66.276,30.288,30.158,8.817,0.0,0.0
166,7.0,2.0,1.0,1.0,3.0,0.0,4592.188,889.76,113.995,30.852,30.631,8.881,0.0,0.0
167,7.0,2.0,1.0,2.0,4.0,0.0,4617.107,1047.237,93.811,30.361,30.249,8.841,0.0,0.0
168,7.0,2.0,1.0,3.0,5.0,0.0,4409.98,1107.428,85.198,29.982,29.843,8.726,0.0,0.0
169,7.0,2.0,1.0,4.0,6.0,0.0,4471.648,1112.577,94.019,30.231,30.149,8.807,0.0,0.0
170,7.0,2.0,1.0,5.0,7.0,0.0,4351.274,1217.763,63.093,30.753,30.489,8.847,0.0,0.0
173,8.0,2.0,1.0,1.0,1.0,0.0,4903.809,948.823,85.463,30.569,30.323,8.881,0.0,0.0
174,8.0,2.0,1.0,2.0,3.0,0.0,5100.146,1064.187,69.551,30.19,29.984,8.777,0.0,0.0
175,9.0,2.0,1.0,0.0,3.0,0.0,5666.853,948.791,89.48,30.935,30.794,8.917,0.0,0.0
176,9.0,2.0,1.0,1.0,4.0,0.0,5340.931,1135.864,85.002,30.355,30.336,8.852,0.0,0.0
177,0.0,3.0,1.0,0.0,0.0,0.0,335.366,1257.672,134.523,30.746,30.661,8.87,0.0,0.0
178,0.0,3.0,1.0,1.0,1.0,0.0,180.991,1264.221,47.567,30.575,30.375,8.89,0.0,0.0
179,0.0,3.0,1.0,2.0,2.0,0.0,565.082,1343.326,120.175,30.555,30.472,8.902,0.0,0.0
180,0.0,3.0,1.0,3.0,3.0,0.0,308.225,1417.207,93.837,30.109,29.949,8.76,0.0,0.0
181,0.0,3.0,1.0,4.0,4.0,0.0,384.704,1421.301,128.571,30.018,29.937,8.745,0.0,0.0
182,0.0,3.0,1.0,5.0,5.0,0.0,60.716,1487.395,32.435,30.838,30.735,8.894,0.0,0.0
183,0.0,3.0,1.0,6.0,6.0,0.0,99.078,1493.178,-24.904,30.526,30.401,8.887,0.0,0.0
184,0.0,3.0,1.0,7.0,7.0,0.0,437.827,1524.238,127.375,30.369,30.179,8.831,0.0,0.0
185,0.0,3.0,1.0,8.0,8.0,0.0,314.238,1623.919,72.051,31.206,30.957,8.979,0.0,0.0
186,1.0,3.0,1.0,0.0,0.0,0.0,765.269,1245.08,71.837,30.639,30.479,8.829,0.0,0.0
188,1.0,3.0,1.0,2.0,3.0,0.0,1134.183,1451.148,-2.432,30.718,30.648,8.865,0.0,0.0
189,1.0,3.0,1.0,3.0,4.0,0.0,1049.562,1499.759,68.814,30.281,30.076,8.803,0.0,0.0
192,1.0,3.0,1.0,6.0,7.0,0.0,779.537,1624.503,129.562,30.4,30.152,8.832,0.0,0.0
193,2.0,3.0,1.0,0.0,0.0,0.0,1290.174,1336.358,-4.919,30.672,30.504,8.837,0.0,0.0
194,2.0,3.0,1.0,1.0,2.0,0.0,1300.948,1427.665,54.234,30.408,30.305,8.856,0.0,0.0
195,2.0,3.0,1.0,2.0,3.0,0.0,1268.524,1501.987,91.442,30.912,30.846,8.836,0.0,0.0
196,3.0,3.0,1.0,0.0,0.0,0.0,2092.108,1267.518,126.169,30.324,30.201,8.828,0.0,0.0
197,3.0,3.0,1.0,1.0,1.0,0.0,2025.524,1360.497,111.631,30.322,30.189,8.826,0.0,0.0
199,3.0,3.0,1.0,3.0,3.0,0.0,1844.818,1395.886,-22.534,30.36,30.103,8.82,0.0,0.0
200,3.0,3.0,1.0,4.0,4.0,0.0,1938.784,1438.141,17.311,30.538,30.494,8.816,0.0,0.0
202,3.0,3.0,1.0,6.0,6.0,0.0,1821.222,1460.395,-18.23,30.62,30.533,8.92,0.0,0.0
203,3.0,3.0,1.0,7.0,7.0,0.0,2303.069,1535.11,119.474,30.883,30.597,8.797,0.0,0.0
204,3.0,3.0,1.0,8.0,8.0,0.0,1988.352,1535.055,72.423,30.287,30.148,8.815,0.0,0.0
205,3.0,3.0,1.0,9.0,9.0,0.0,1790.875,1578.523,-6.97,30.592,30.453,8.818,0.0,0.0
206,4.0,3.0,1.0,0.0,0.0,0.0,2777.994,1243.668,117.307,30.364,30.216,8.836,0.0,0.0
209,4.0,3.0,1.0,3.0,5.0,0.0,2491.601,1564.191,104.32,30.597,30.537,8.831,0.0,0.0
210,4.0,3.0,1.0,4.0,6.0,0.0,2609.386,1575.619,91.683,30.823,30.716,8.889,0.0,0.0
211,4.0,3.0,1.0,5.0,7.0,0.0,2408.142,1636.236,62.878,30.644,30.568,8.842,0.0,0.0
212,5.0,3.0,1.0,0.0,1.0,0.0,3058.505,1577.897,-28.46,30.745,30.586,8.859,0.0,0.0
213,5.0,3.0,1.0,1.0,2.0,0.0,3127.275,1626.156,84.307,30.562,30.478,8.817,0.0,0.0
218,6.0,3.0,1.0,3.0,3.0,0.0,3901.475,1378.719,53.181,30.318,30.288,8.84,0.0,0.0
219,6.0,3.0,1.0,4.0,4.0,0.0,3940.593,1430.581,-23.678,30.315,30.192,8.826,0.0,0.0
220,6.0,3.0,1.0,5.0,5.0,0.0,3976.961,1474.443,6.316,30.756,30.677,8.874,0.0,0.0
221,6.0,3.0,1.0,6.0,6.0,0.0,3609.006,1492.986,46.042,30.521,30.463,8.895,0.0,0.0
224,7.0,3.0,1.0,0.0,2.0,0.0,4565.869,1243.109,110.607,30.662,30.537,8.926,0.0,0.0
225,7.0,3.0,1.0,1.0,3.0,0.0,4192.892,1284.067,28.855,30.661,30.356,8.9,0.0,0.0
226,7.0,3.0,1.0,2.0,4.0,0.0,4367.486,1335.863,102.572,30.746,30.632,8.866,0.0,0.0
227,7.0,3.0,1.0,3.0,5.0,0.0,4312.288,1346.394,57.052,30.37,30.278,8.846,0.0,0.0
228,7.0,3.0,1.0,4.0,6.0,0.0,4583.149,1366.466,94.157,30.915,30.851,8.922,0.0,0.0
229,7.0,3.0,1.0,5.0,7.0,0.0,4113.434,1377.759,70.369,30.511,30.406,8.885,0.0,0.0
230,7.0,3.0,1.0,6.0,8.0,0.0,4539.416,1425.897,104.597,30.564,30.456,8.9,0.0,0.0
231,7.0,3.0,1.0,7.0,9.0,0.0,4231.987,1462.476,32.579,30.726,30.61,8.86,0.0,0.0
232,7.0,3.0,1.0,8.0,10.0,0.0,4150.812,1487.541,5.784,30.539,30.427,8.893,0.0,0.0
233,7.0,3.0,1.0,9.0,11.0,0.0,4506.014,1507.609,-39.193,30.179,30.076,8.877,0.0,0.0
235,7.0,3.0,1.0,11.0,13.0,0.0,4294.827,1569.226,93.904,30.453,30.425,8.88,0.0,0.0
236,8.0,3.0,1.0,0.0,0.0,0.0,5107.329,1415.442,-32.467,30.684,30.54,8.844,0.0,0.0
238,8.0,3.0,1.0,2.0,2.0,0.0,4967.115,1486.634,-33.976,29.917,29.829,8.715,0.0,0.0
239,8.0,3.0,1.0,3.0,3.0,0.0,4833.142,1560.706,58.47,30.845,30.629,8.88,0.0,0.0
240,8.0,3.0,1.0,4.0,6.0,0.0,5077.856,1570.534,31.496,30.889,30.68,8.894,0.0,0.0
241,8.0,3.0,1.0,5.0,7.0,0.0,4840.535,1602.127,17.49,30.727,30.629,8.863,0.0,0.0
242,8.0,3.0,1.0,6.0,8.0,0.0,4997.049,1631.205,42.096,30.666,30.508,8.923,0.0,0.0
243,8.0,3.0,1.0,7.0,9.0,0.0,5106.233,1631.842,40.597,31.045,30.76,8.928,0.0,0.0
244,9.0,3.0,1.0,0.0,0.0,0.0,5237.047,1242.922,36.666,30.836,30.459,8.856,0.0,0.0
245,9.0,3.0,1.0,1.0,1.0,0.0,5486.448,1480.262,7.001,29.82,29.381,8.635,0.0,0.0
246,9.0,3.0,1.0,2.0,2.0,0.0,5630.425,1489.647,13.018,29.982,29.877,8.818,0.0,0.0
247,0.0,4.0,1.0,0.0,1.0,0.0,228.211,1652.108,53.885,30.493,30.381,8.879,0.0,0.0
248,0.0,4.0,1.0,1.0,2.0,0.0,507.298,1862.596,9.224,31.066,30.543,8.9,0.0,0.0
250,0.0,4.0,1.0,3.0,4.0,0.0,214.931,2003.682,58.015,30.819,30.596,8.872,0.0,0.0
251,1.0,4.0,1.0,0.0,2.0,0.0,917.068,1749.872,116.245,30.994,30.502,8.8,0.0,0.0
253,2.0,4.0,1.0,0.0,0.0,0.0,1709.3,1679.143,-43.631,30.79,30.673,8.879,0.0,0.0
254,3.0,4.0,1.0,0.0,0.0,0.0,1810.003,1788.29,34.203,30.759,30.638,8.869,0.0,0.0
255,3.0,4.0,1.0,1.0,1.0,0.0,1875.051,1794.606,80.415,30.637,30.42,8.906,0.0,0.0
256,3.0,4.0,1.0,2.0,2.0,0.0,1950.931,1820.361,49.895,30.602,30.424,8.901,0.0,0.0
258,3.0,4.0,1.0,4.0,4.0,0.0,2179.164,2017.848,19.353,31.338,30.731,8.722,0.0,0.0
259,3.0,4.0,1.0,5.0,5.0,0.0,2314.86,2027.488,89.648,31.819,28.563,8.958,0.0,0.0
262,4.0,4.0,1.0,2.0,2.0,0.0,2631.587,1745.527,67.704,30.348,30.323,8.85,0.0,0.0
264,4.0,4.0,1.0,4.0,4.0,0.0,2462.262,1971.392,115.74,31.346,31.284,8.961,0.0,0.0
265,4.0,4.0,1.0,5.0,5.0,0.0,2615.77,1999.569,129.652,30.764,30.705,8.879,0.0,0.0
266,4.0,4.0,1.0,6.0,7.0,0.0,2508.49,2038.855,29.82,30.851,30.779,8.903,0.0,0.0
268,5.0,4.0,1.0,1.0,3.0,0.0,3246.737,1874.254,117.847,29.704,29.571,8.732,0.0,0.0
269,5.0,4.0,1.0,2.0,4.0,0.0,3136.731,1881.956,91.898,30.581,30.418,8.897,0.0,0.0
270,5.0,4.0,1.0,3.0,5.0,0.0,2976.038,1946.893,68.979,30.692,30.569,8.849,0.0,0.0
271,5.0,4.0,1.0,4.0,6.0,0.0,3135.53,1985.302,-25.304,30.691,30.638,8.859,0.0,0.0
272,5.0,4.0,1.0,5.0,7.0,0.0,3353.345,1993.902,92.793,31.315,31.186,8.943,0.0,0.0
273,5.0,4.0,1.0,6.0,8.0,0.0,3269.06,2010.018,69.373,30.277,30.199,8.821,0.0,0.0
274,5.0,4.0,1.0,7.0,9.0,0.0,3368.93,2042.649,-11.825,31.273,31.191,8.938,0.0,0.0
276,6.0,4.0,1.0,1.0,1.0,0.0,3873.823,1690.18,129.136,30.793,30.615,8.787,0.0,0.0
277,6.0,4.0,1.0,2.0,2.0,0.0,4034.966,1739.815,120.625,30.778,30.634,8.871,0.0,0.0
278,6.0,4.0,1.0,3.0,3.0,0.0,3763.914,1831.2,40.898,30.018,29.604,8.614,0.0,0.0
279,6.0,4.0,1.0,4.0,4.0,0.0,3673.163,1878.258,-29.17,30.734,30.608,8.861,0.0,0.0
280,7.0,4.0,1.0,0.0,0.0,0.0,4257.744,1653.469,71.134,30.605,30.433,8.903,0.0,0.0
281,7.0,4.0,1.0,1.0,3.0,0.0,4615.003,1967.825,25.264,30.962,30.811,8.923,0.0,0.0
283,8.0,4.0,1.0,0.0,2.0,0.0,4979.87,1662.058,102.551,30.263,29.928,8.866,0.0,0.0
284,8.0,4.0,1.0,1.0,4.0,0.0,4642.46,1789.482,25.94,30.544,30.395,8.803,0.0,0.0
285,8.0,4.0,1.0,2.0,5.0,0.0,4746.039,1833.632,25.091,30.286,30.092,8.807,0.0,0.0
286,8.0,4.0,1.0,3.0,6.0,0.0,5153.552,1857.492,-36.737,30.645,30.595,8.933,0.0,0.0
287,8.0,4.0,1.0,4.0,7.0,0.0,5088.772,1879.488,61.305,30.485,30.403,8.881,0.0,0.0
288,8.0,4.0,1.0,5.0,8.0,0.0,4776.297,1904.688,24.392,30.461,30.405,8.878,0.0,0.0
289,8.0,4.0,1.0,6.0,9.0,0.0,4897.904,1942.105,128.895,30.541,30.432,8.893,0.0,0.0
290,8.0,4.0,1.0,7.0,11.0,0.0,4851.165,1971.045,73.014,30.659,30.509,8.922,0.0,0.0
291,8.0,4.0,1.0,8.0,12.0,0.0,4952.274,1974.976,25.033,30.674,30.528,8.841,0.0,0.0
292,9.0,4.0,1.0,0.0,0.0,0.0,5470.094,1652.649,80.659,30.556,30.333,8.796,0.0,0.0
293,9.0,4.0,1.0,1.0,1.0,0.0,5209.586,1726.689,21.694,30.558,30.282,8.875,0.0,0.0
294,9.0,4.0,1.0,2.0,3.0,0.0,5611.486,1910.388,112.571,30.191,29.928,8.769,0.0,0.0
295,9.0,4.0,1.0,3.0,4.0,0.0,5445.411,1974.874,-17.883,30.375,30.214,8.926,0.0,0.0
296,9.0,4.0,1.0,4.0,5.0,0.0,5207.669,2043.919,-11.141,31.412,31.289,8.972,0.0,0.0
297,0.0,5.0,1.0,0.0,0.0,0.0,60.467,2061.333,-2.557,30.268,30.209,8.821,0.0,0.0
298,0.0,5.0,1.0,1.0,1.0,0.0,540.642,2126.791,-27.524,30.938,30.81,8.92,0.0,0.0
302,1.0,5.0,1.0,1.0,1.0,0.0,989.049,2066.196,58.185,30.893,30.805,8.912,0.0,0.0
303,1.0,5.0,1.0,2.0,2.0,0.0,637.382,2185.347,24.465,30.573,30.507,8.909,0.0,0.0
304,1.0,5.0,1.0,3.0,3.0,0.0,1035.196,2188.175,-14.089,30.756,30.744,8.884,0.0,0.0
305,1.0,5.0,1.0,4.0,4.0,0.0,806.056,2193.994,-25.102,30.369,30.308,8.851,0.0,0.0
306,1.0,5.0,1.0,5.0,5.0,0.0,1046.722,2342.864,-4.675,30.68,30.61,8.853,0.0,0.0
307,2.0,5.0,1.0,0.0,0.0,0.0,1269.608,2119.941,44.467,30.752,30.54,8.854,0.0,0.0
308,2.0,5.0,1.0,1.0,1.0,0.0,1477.727,2241.694,-15.694,29.943,29.796,8.714,0.0,0.0
309,2.0,5.0,1.0,2.0,2.0,0.0,1231.036,2242.979,34.092,30.553,30.308,8.877,0.0,0.0
310,2.0,5.0,1.0,3.0,3.0,0.0,1371.836,2361.315,76.793,30.489,30.412,8.883,0.0,0.0
311,2.0,5.0,1.0,4.0,4.0,0.0,1718.243,2406.246,21.583,31.061,30.848,8.943,0.0,0.0
312,3.0,5.0,1.0,0.0,0.0,0.0,2271.252,2120.694,57.374,30.764,30.634,8.869,0.0,0.0
313,3.0,5.0,1.0,1.0,1.0,0.0,1815.548,2184.818,43.969,30.345,30.052,8.809,0.0,0.0
314,3.0,5.0,1.0,2.0,2.0,0.0,1786.085,2300.359,-44.911,30.434,30.376,8.87,0.0,0.0
315,3.0,5.0,1.0,3.0,3.0,0.0,2312.998,2369.646,92.765,31.04,30.624,8.907,0.0,0.0
316,3.0,5.0,1.0,4.0,4.0,0.0,1805.217,2394.421,124.772,31.088,31.014,8.971,0.0,0.0
317,3.0,5.0,1.0,5.0,5.0,0.0,2050.695,2405.123,26.06,30.856,30.699,8.892,0.0,0.0
318,3.0,5.0,1.0,6.0,7.0,0.0,1875.231,2458.343,-2.047,30.997,29.049,8.671,0.0,0.0
320,4.0,5.0,1.0,1.0,2.0,0.0,2772.332,2210.933,68.279,30.833,30.739,8.894,0.0,0.0
321,4.0,5.0,1.0,2.0,3.0,0.0,2730.617,2307.666,106.597,30.167,30.041,8.869,0.0,0.0
322,4.0,5.0,1.0,3.0,4.0,0.0,2610.492,2340.473,44.204,30.265,30.07,8.801,0.0,0.0
323,4.0,5.0,1.0,4.0,6.0,0.0,2564.636,2413.032,121.229,30.748,30.624,8.865,0.0,0.0
324,5.0,5.0,1.0,0.0,1.0,0.0,3455.667,2086.618,102.891,30.888,30.785,8.909,0.0,0.0
325,5.0,5.0,1.0,1.0,2.0,0.0,3126.615,2306.838,35.177,30.168,30.08,8.788,0.0,0.0
326,5.0,5.0,1.0,2.0,3.0,0.0,3441.169,2459.213,-2.977,31.743,28.189,8.571,0.0,0.0
327,6.0,5.0,1.0,0.0,1.0,0.0,3500.982,2112.888,37.952,30.917,30.762,8.91,0.0,0.0
328,6.0,5.0,1.0,1.0,2.0,0.0,3849.62,2121.317,87.731,31.002,30.768,8.923,0.0,0.0
329,6.0,5.0,1.0,2.0,4.0,0.0,4018.672,2249.889,12.934,30.506,30.427,8.888,0.0,0.0
330,6.0,5.0,1.0,3.0,5.0,0.0,3859.021,2326.829,42.987,30.142,30.005,8.773,0.0,0.0
331,6.0,5.0,1.0,4.0,6.0,0.0,3753.262,2398.381,43.608,31.002,30.83,8.932,0.0,0.0
332,7.0,5.0,1.0,0.0,0.0,0.0,4099.507,2084.503,54.999,30.902,30.59,8.883,0.0,0.0
334,7.0,5.0,1.0,2.0,2.0,0.0,4572.834,2240.694,59.207,31.384,31.249,8.962,0.0,0.0
335,7.0,5.0,1.0,3.0,3.0,0.0,4520.377,2306.371,54.986,30.448,30.282,8.858,0.0,0.0
336,7.0,5.0,1.0,4.0,5.0,0.0,4117.055,2366.139,-9.243,30.998,30.946,8.948,0.0,0.0
337,7.0,5.0,1.0,5.0,6.0,0.0,4078.885,2385.514,-3.052,30.905,30.767,8.909,0.0,0.0
339,8.0,5.0,1.0,0.0,2.0,0.0,5126.407,2095.807,-33.529,30.864,30.732,8.898,0.0,0.0
340,8.0,5.0,1.0,1.0,3.0,0.0,4936.466,2233.443,126.819,30.102,30.058,8.775,0.0,0.0
341,8.0,5.0,1.0,2.0,4.0,0.0,4660.306,2265.18,71.483,30.685,30.564,8.848,0.0,0.0
342,8.0,5.0,1.0,3.0,5.0,0.0,4628.316,2356.796,68.791,31.091,30.977,8.966,0.0,0.0
343,8.0,5.0,1.0,4.0,6.0,0.0,5112.57,2393.441,133.958,30.66,30.605,8.85,0.0,0.0
344,8.0,5.0,1.0,5.0,7.0,0.0,4645.835,2415.336,17.987,31.22,30.786,8.872,0.0,0.0
346,9.0,5.0,1.0,0.0,2.0,0.0,5762.8,2252.173,11.996,31.099,30.973,8.967,0.0,0.0
349,9.0,5.0,1.0,3.0,4.0,0.0,5249.477,2302.477,50.171,31.124,30.999,8.974,0.0,0.0
350,9.0,5.0,1.0,4.0,5.0,0.0,5506.182,2355.297,37.287,30.4,30.313,8.856,0.0,0.0
352,0.0,6.0,1.0,1.0,1.0,0.0,349.806,2545.588,81.919,30.508,30.056,9.609,0.0,0.0
353,0.0,6.0,1.0,2.0,1.0,0.0,345.213,2519.51,94.877,30.426,30.2,9.625,0.0,0.0
354,0.0,6.0,1.0,3.0,4.0,0.0,560.377,2737.847,-33.51,31.3,31.195,8.942,0.0,0.0
355,1.0,6.0,1.0,0.0,0.0,0.0,779.195,2487.526,-8.018,30.759,30.704,8.879,0.0,0.0
359,1.0,6.0,1.0,4.0,5.0,0.0,1051.561,2659.118,27.891,30.369,30.347,8.856,0.0,0.0
360,1.0,6.0,1.0,5.0,6.0,0.0,1044.699,2727.897,33.974,30.641,30.599,8.846,0.0,0.0
361,1.0,6.0,1.0,6.0,7.0,0.0,796.041,2864.319,-43.263,30.545,30.461,8.898,0.0,0.0
362,2.0,6.0,1.0,0.0,1.0,0.0,1347.228,2624.523,49.173,30.299,30.209,8.826,0.0,0.0
363,2.0,6.0,1.0,1.0,2.0,0.0,1512.061,2704.906,-36.471,29.581,29.478,8.7,0.0,0.0
364,3.0,6.0,1.0,0.0,1.0,0.0,2117.491,2530.863,-38.405,30.738,30.716,8.877,0.0,0.0
366,3.0,6.0,1.0,2.0,3.0,0.0,1761.748,2610.271,-14.094,31.007,30.893,8.942,0.0,0.0
367,3.0,6.0,1.0,3.0,4.0,0.0,1938.234,2843.314,87.894,31.402,31.255,8.965,0.0,0.0
368,3.0,6.0,1.0,4.0,5.0,0.0,2231.392,2865.127,-3.499,31.148,30.612,8.836,0.0,0.0
369,4.0,6.0,1.0,0.0,1.0,0.0,2679.19,2799.525,40.308,30.504,30.439,8.889,0.0,0.0
370,4.0,6.0,1.0,1.0,2.0,0.0,2418.484,2843.22,-42.081,31.285,31.216,8.943,0.0,0.0
371,5.0,6.0,1.0,0.0,1.0,0.0,3199.828,2577.032,93.546,30.363,30.189,8.832,0.0,0.0
375,6.0,6.0,1.0,0.0,0.0,0.0,3582.523,2477.935,67.448,30.667,30.361,8.816,0.0,0.0
376,6.0,6.0,1.0,1.0,1.0,0.0,3711.387,2482.473,77.575,30.808,30.37,8.838,0.0,0.0
377,6.0,6.0,1.0,2.0,2.0,0.0,3526.995,2508.029,34.51,30.375,30.289,8.849,0.0,0.0
378,6.0,6.0,1.0,3.0,3.0,0.0,3962.89,2558.411,49.144,30.557,30.424,8.895,0.0,0.0
379,6.0,6.0,1.0,4.0,4.0,0.0,3885.281,2662.365,60.321,30.135,29.235,8.746,0.0,0.0
383,7.0,6.0,1.0,0.0,2.0,0.0,4292.284,2536.228,19.877,30.724,30.641,8.864,0.0,0.0
384,7.0,6.0,1.0,1.0,3.0,0.0,4429.467,2546.235,99.885,30.637,30.357,8.811,0.0,0.0
385,7.0,6.0,1.0,2.0,4.0,0.0,4550.489,2548.638,72.973,30.996,30.767,8.922,0.0,0.0
386,7.0,6.0,1.0,3.0,6.0,0.0,4126.329,2599.509,-0.507,30.898,30.839,8.918,0.0,0.0
387,7.0,6.0,1.0,4.0,7.0,0.0,4294.857,2610.512,-13.31,30.564,30.495,8.906,0.0,0.0
390,8.0,6.0,1.0,1.0,2.0,0.0,4765.193,2503.933,54.08,30.615,30.392,8.899,0.0,0.0
391,8.0,6.0,1.0,2.0,3.0,0.0,4886.794,2529.527,67.648,30.564,30.477,8.904,0.0,0.0
392,8.0,6.0,1.0,3.0,4.0,0.0,4809.464,2548.982,37.914,30.393,30.262,8.847,0.0,0.0
393,8.0,6.0,1.0,4.0,5.0,0.0,4664.024,2762.189,13.368,30.355,30.186,8.831,0.0,0.0
394,9.0,6.0,1.0,0.0,0.0,0.0,5639.097,2570.554,91.888,30.328,30.288,8.841,0.0,0.0
395,9.0,6.0,1.0,1.0,1.0,0.0,5379.799,2710.422,45.538,30.257,30.114,8.806,0.0,0.0
396,9.0,6.0,1.0,2.0,2.0,0.0,5229.231,2830.465,30.277,31.01,30.724,8.918,0.0,0.0
397,9.0,6.0,1.0,3.0,3.0,0.0,5534.62,2835.657,62.456,30.603,30.365,8.893,0.0,0.0
398,0.0,7.0,1.0,0.0,1.0,0.0,55.294,2911.517,39.605,30.561,30.438,8.897,0.0,0.0
400,0.0,7.0,1.0,2.0,3.0,0.0,492.086,2955.637,117.366,30.709,30.538,8.933,0.0,0.0
401,0.0,7.0,1.0,3.0,4.0,0.0,180.525,2964.387,29.148,30.752,30.612,8.864,0.0,0.0
403,0.0,7.0,1.0,5.0,6.0,0.0,234.517,3030.448,79.172,30.36,30.253,8.841,0.0,0.0
405,1.0,7.0,1.0,0.0,1.0,0.0,1157.475,3106.366,-36.88,30.237,30.201,8.816,0.0,0.0
406,1.0,7.0,1.0,1.0,2.0,0.0,771.324,3149.984,94.466,30.355,30.113,8.997,0.0,0.0
407,1.0,7.0,1.0,2.0,2.0,0.0,774.22,3119.087,116.614,31.076,30.712,9.011,0.0,0.0
408,2.0,7.0,1.0,0.0,0.0,0.0,1198.925,2972.318,43.432,30.539,30.431,8.893,0.0,0.0
409,2.0,7.0,1.0,1.0,2.0,0.0,1599.638,3243.578,43.499,31.048,30.725,8.923,0.0,0.0
411,3.0,7.0,1.0,1.0,3.0,0.0,2078.768,3224.35,73.061,30.564,30.452,8.9,0.0,0.0
412,3.0,7.0,1.0,2.0,4.0,0.0,1800.392,3264.155,123.039,31.254,30.95,8.985,0.0,0.0
413,4.0,7.0,1.0,0.0,0.0,0.0,2408.207,2895.173,83.871,30.694,30.432,8.915,0.0,0.0
414,4.0,7.0,1.0,1.0,1.0,0.0,2833.601,2902.058,93.405,30.653,30.563,8.843,0.0,0.0
415,4.0,7.0,1.0,2.0,4.0,0.0,2644.685,3127.362,121.835,29.934,29.918,8.817,0.0,0.0
416,4.0,7.0,1.0,3.0,6.0,0.0,2782.673,3168.096,60.279,30.598,30.544,8.918,0.0,0.0
417,4.0,7.0,1.0,4.0,7.0,0.0,2567.97,3261.675,81.707,30.745,30.546,8.854,0.0,0.0
418,5.0,7.0,1.0,0.0,0.0,0.0,2939.759,2913.018,64.055,30.476,30.297,8.864,0.0,0.0
419,5.0,7.0,1.0,1.0,1.0,0.0,3083.107,2982.006,88.123,30.46,30.367,8.872,0.0,0.0
420,5.0,7.0,1.0,2.0,2.0,0.0,2983.944,3004.564,51.467,30.689,30.233,8.886,0.0,0.0
421,5.0,7.0,1.0,3.0,3.0,0.0,3113.473,3035.792,40.508,30.175,30.08,8.789,0.0,0.0
423,5.0,7.0,1.0,5.0,5.0,0.0,3047.736,3183.5,10.723,30.506,30.422,8.887,0.0,0.0
424,5.0,7.0,1.0,6.0,6.0,0.0,3351.317,3217.267,26.787,31.0,30.877,8.938,0.0,0.0
427,6.0,7.0,1.0,0.0,0.0,0.0,4010.796,2996.414,-14.823,30.919,30.796,8.915,0.0,0.0
428,6.0,7.0,1.0,1.0,1.0,0.0,3515.029,3082.151,-43.961,30.639,30.423,8.907,0.0,0.0
429,7.0,7.0,1.0,0.0,0.0,0.0,4319.484,2957.734,-30.336,30.859,30.698,8.892,0.0,0.0
430,7.0,7.0,1.0,1.0,1.0,0.0,4319.995,2993.386,77.818,29.904,29.835,8.8,0.0,0.0
432,7.0,7.0,1.0,3.0,3.0,0.0,4440.311,3131.613,40.03,30.102,30.038,8.772,0.0,0.0
433,8.0,7.0,1.0,0.0,0.0,0.0,4699.302,2996.872,105.672,30.471,30.347,8.871,0.0,0.0
434,8.0,7.0,1.0,1.0,2.0,0.0,4969.438,3045.695,94.176,30.38,30.186,8.834,0.0,0.0
435,9.0,7.0,1.0,0.0,0.0,0.0,5494.435,2984.491,75.112,30.315,30.212,8.828,0.0,0.0
436,9.0,7.0,1.0,1.0,1.0,0.0,5201.868,3026.034,121.583,30.499,30.442,8.889,0.0,0.0
437,9.0,7.0,1.0,2.0,2.0,0.0,5287.264,3028.061,32.125,29.93,29.839,8.805,0.0,0.0
438,9.0,7.0,1.0,3.0,3.0,0.0,5372.675,3053.048,16.769,30.377,30.299,8.85,0.0,0.0
439,9.0,7.0,1.0,4.0,5.0,0.0,5602.1,3181.252,16.217,30.549,30.502,8.905,0.0,0.0
440,9.0,7.0,1.0,5.0,6.0,0.0,5452.908,3250.93,104.225,32.873,30.334,8.811,0.0,0.0
441,0.0,8.0,1.0,0.0,3.0,0.0,25.375,3626.535,43.348,30.567,30.402,8.893,0.0,0.0
442,0.0,8.0,1.0,1.0,4.0,0.0,130.834,3657.965,95.497,30.865,30.799,8.908,0.0,0.0
443,1.0,8.0,1.0,0.0,0.0,0.0,826.059,3424.254,58.817,30.456,30.368,8.872,0.0,0.0
444,1.0,8.0,1.0,1.0,1.0,0.0,1037.571,3428.014,-3.014,30.067,29.93,8.751,0.0,0.0
445,1.0,8.0,1.0,2.0,2.0,0.0,681.779,3452.983,30.12,30.343,30.162,8.825,0.0,0.0
446,1.0,8.0,1.0,3.0,3.0,0.0,1014.572,3459.472,113.321,30.576,30.534,8.914,0.0,0.0
447,1.0,8.0,1.0,4.0,4.0,0.0,1009.789,3563.517,97.555,30.775,30.52,8.854,0.0,0.0
448,1.0,8.0,1.0,5.0,5.0,0.0,656.624,3570.457,83.469,30.616,30.53,8.833,0.0,0.0
451,1.0,8.0,1.0,8.0,8.0,0.0,757.118,3651.841,56.323,30.927,30.725,8.906,0.0,0.0
456,2.0,8.0,1.0,1.0,1.0,0.0,1235.476,3301.674,49.35,30.745,30.48,8.844,0.0,0.0
459,2.0,8.0,1.0,4.0,4.0,0.0,1381.108,3357.71,69.819,30.554,30.242,8.867,0.0,0.0
460,2.0,8.0,1.0,5.0,5.0,0.0,1631.486,3368.072,106.356,30.604,30.482,8.91,0.0,0.0
461,2.0,8.0,1.0,6.0,6.0,0.0,1499.174,3411.175,110.653,30.121,29.975,8.766,0.0,0.0
463,2.0,8.0,1.0,8.0,8.0,0.0,1226.358,3519.015,-10.832,30.622,30.466,8.911,0.0,0.0
464,2.0,8.0,1.0,9.0,9.0,0.0,1494.474,3529.001,23.167,29.824,29.619,8.757,0.0,0.0
465,2.0,8.0,1.0,10.0,10.0,0.0,1485.189,3573.283,-40.067,30.229,30.015,8.787,0.0,0.0
467,2.0,8.0,1.0,12.0,12.0,0.0,1519.646,3641.582,-4.717,31.333,31.268,8.957,0.0,0.0
468,3.0,8.0,1.0,0.0,1.0,0.0,1934.702,3284.609,55.944,30.85,30.65,8.884,0.0,0.0
469,3.0,8.0,1.0,1.0,2.0,0.0,2069.595,3324.185,62.962,30.369,30.292,8.848,0.0,0.0
470,3.0,8.0,1.0,2.0,3.0,0.0,2000.076,3370.228,130.209,30.644,30.602,8.933,0.0,0.0
473,3.0,8.0,1.0,5.0,6.0,0.0,2287.57,3576.718,3.566,30.788,30.639,8.873,0.0,0.0
474,4.0,8.0,1.0,0.0,1.0,0.0,2643.164,3320.859,106.252,30.357,30.055,8.811,0.0,0.0
475,4.0,8.0,1.0,1.0,2.0,0.0,2786.749,3335.473,58.357,30.661,30.601,8.936,0.0,0.0
476,4.0,8.0,1.0,2.0,3.0,0.0,2886.652,3341.606,77.271,31.053,31.0,8.964,0.0,0.0
477,4.0,8.0,1.0,3.0,5.0,0.0,2319.814,3422.848,58.701,30.632,30.595,8.844,0.0,0.0
478,4.0,8.0,1.0,4.0,6.0,0.0,2383.687,3526.735,40.04,30.958,30.85,8.928,0.0,0.0
479,4.0,8.0,1.0,5.0,7.0,0.0,2874.455,3581.302,52.575,30.762,30.696,8.878,0.0,0.0
480,4.0,8.0,1.0,6.0,8.0,0.0,2618.361,3631.498,-32.869,30.731,30.659,8.868,0.0,0.0
481,5.0,8.0,1.0,0.0,3.0,0.0,3440.66,3344.186,3.261,30.633,30.545,8.837,0.0,0.0
482,5.0,8.0,1.0,1.0,4.0,0.0,2902.63,3384.317,33.6,30.689,30.509,8.927,0.0,0.0
483,5.0,8.0,1.0,2.0,5.0,0.0,3098.445,3480.412,55.042,30.559,30.481,8.903,0.0,0.0
484,5.0,8.0,1.0,3.0,6.0,0.0,3187.225,3512.566,67.851,30.028,29.989,8.754,0.0,0.0
485,5.0,8.0,1.0,4.0,7.0,0.0,3316.846,3540.876,12.653,30.126,29.854,8.836,0.0,0.0
488,6.0,8.0,1.0,2.0,3.0,0.0,3665.321,3591.288,53.059,30.56,30.471,8.816,0.0,0.0
489,6.0,8.0,1.0,3.0,4.0,0.0,3631.438,3609.908,43.413,30.715,30.515,8.845,0.0,0.0
490,6.0,8.0,1.0,4.0,5.0,0.0,3948.402,3647.817,55.134,31.236,31.114,9.007,0.0,0.0
491,7.0,8.0,1.0,0.0,0.0,0.0,4434.098,3433.204,-14.421,30.034,29.915,8.832,0.0,0.0
492,7.0,8.0,1.0,1.0,1.0,0.0,4552.232,3522.028,-23.139,30.977,30.641,8.901,0.0,0.0
493,7.0,8.0,1.0,2.0,2.0,0.0,4324.246,3562.827,55.963,30.301,29.94,8.787,0.0,0.0
495,7.0,8.0,1.0,4.0,4.0,0.0,4322.119,3657.856,-44.962,30.995,30.921,8.944,0.0,0.0
496,8.0,8.0,1.0,0.0,0.0,0.0,4964.933,3404.594,110.206,30.437,30.24,8.85,0.0,0.0
497,8.0,8.0,1.0,1.0,1.0,0.0,5033.127,3485.81,74.466,30.354,30.207,8.834,0.0,0.0
498,8.0,8.0,1.0,2.0,2.0,0.0,4902.258,3556.442,70.806,30.304,30.127,8.815,0.0,0.0
500,9.0,8.0,1.0,0.0,1.0,0.0,5472.775,3291.201,44.056,30.514,30.349,8.877,0.0,0.0
501,9.0,8.0,1.0,1.0,2.0,0.0,5406.972,3310.35,57.552,30.774,30.524,8.854,0.0,0.0
502,9.0,8.0,1.0,2.0,3.0,0.0,5580.386,3340.272,41.873,30.454,30.296,8.861,0.0,0.0
503,9.0,8.0,1.0,3.0,4.0,0.0,5372.39,3347.458,81.657,30.828,30.574,8.87,0.0,0.0
504,9.0,8.0,1.0,4.0,6.0,0.0,5544.425,3410.025,71.531,30.222,30.067,8.794,0.0,0.0
505,9.0,8.0,1.0,5.0,7.0,0.0,5324.385,3522.177,21.746,30.368,30.253,8.842,0.0,0.0
507,9.0,8.0,1.0,7.0,9.0,0.0,5656.211,3667.526,11.022,30.682,30.614,8.941,0.0,0.0
508,9.0,8.0,1.0,8.0,10.0,0.0,5766.64,3669.738,19.843,31.072,30.838,8.943,0.0,0.0
509,0.0,9.0,1.0,0.0,0.0,0.0,541.095,3696.339,118.345,30.824,30.785,8.9,0.0,0.0
511,0.0,9.0,1.0,2.0,4.0,0.0,469.25,4034.786,45.777,30.99,30.789,8.924,0.0,0.0
512,0.0,9.0,1.0,3.0,5.0,0.0,566.416,4048.616,51.808,30.953,30.579,8.889,0.0,0.0
513,0.0,9.0,1.0,4.0,6.0,0.0,393.122,4090.999,-3.32,31.316,28.295,8.608,0.0,0.0
514,1.0,9.0,1.0,0.0,2.0,0.0,621.923,3791.214,24.226,30.619,30.428,8.905,0.0,0.0
515,1.0,9.0,1.0,1.0,4.0,0.0,1056.723,4021.074,47.972,30.931,30.819,8.92,0.0,0.0
517,2.0,9.0,1.0,0.0,0.0,0.0,1503.623,3758.529,29.723,30.748,30.587,8.86,0.0,0.0
518,2.0,9.0,1.0,1.0,1.0,0.0,1169.113,3820.626,21.421,30.407,30.347,8.862,0.0,0.0
519,2.0,9.0,1.0,2.0,2.0,0.0,1228.339,3868.609,99.632,30.299,29.872,8.776,0.0,0.0
520,2.0,9.0,1.0,3.0,6.0,0.0,1329.658,4041.228,92.166,30.624,30.518,8.918,0.0,0.0
521,2.0,9.0,1.0,4.0,8.0,0.0,1252.401,4081.812,30.576,31.087,30.985,8.967,0.0,0.0
522,2.0,9.0,1.0,5.0,9.0,0.0,1630.169,4085.89,91.257,30.719,30.598,8.857,0.0,0.0
523,3.0,9.0,1.0,0.0,0.0,0.0,1821.641,3792.916,23.915,30.372,30.31,8.851,0.0,0.0
524,3.0,9.0,1.0,1.0,1.0,0.0,1919.767,3824.273,84.903,30.313,30.039,8.803,0.0,0.0
525,3.0,9.0,1.0,2.0,2.0,0.0,2034.262,3879.187,98.859,29.897,29.777,8.791,0.0,0.0
526,3.0,9.0,1.0,3.0,3.0,0.0,1760.376,3887.188,15.39,30.655,30.375,8.902,0.0,0.0
527,3.0,9.0,1.0,4.0,5.0,0.0,2089.034,4091.098,-1.52,31.369,28.181,8.598,0.0,0.0
528,4.0,9.0,1.0,0.0,1.0,0.0,2719.407,3792.943,33.982,30.46,30.365,8.872,0.0,0.0
529,4.0,9.0,1.0,1.0,2.0,0.0,2399.502,3853.466,31.93,30.956,30.71,8.908,0.0,0.0
530,4.0,9.0,1.0,2.0,3.0,0.0,2339.174,3911.77,39.362,30.765,30.564,8.859,0.0,0.0
531,4.0,9.0,1.0,3.0,4.0,0.0,2661.157,3945.322,45.672,30.435,30.232,8.849,0.0,0.0
532,4.0,9.0,1.0,4.0,5.0,0.0,2680.852,3994.031,48.149,30.46,30.147,8.84,0.0,0.0
535,5.0,9.0,1.0,1.0,1.0,0.0,2914.204,3732.149,52.266,30.944,30.75,8.912,0.0,0.0
536,5.0,9.0,1.0,2.0,3.0,0.0,3209.891,3764.288,71.663,30.243,30.023,8.791,0.0,0.0
537,5.0,9.0,1.0,3.0,4.0,0.0,3040.032,3774.302,33.998,30.087,29.844,8.829,0.0,0.0
540,5.0,9.0,1.0,6.0,8.0,0.0,3161.971,3941.851,73.561,30.397,30.181,8.836,0.0,0.0
541,5.0,9.0,1.0,7.0,10.0,0.0,3028.404,4085.784,54.686,30.934,30.767,8.913,0.0,0.0
543,6.0,9.0,1.0,1.0,1.0,0.0,3966.579,3718.427,-44.766,30.466,30.372,8.874,0.0,0.0
544,6.0,9.0,1.0,2.0,2.0,0.0,3721.605,3728.546,67.609,30.468,30.38,8.875,0.0,0.0
546,6.0,9.0,1.0,4.0,5.0,0.0,3637.159,3784.232,84.324,30.659,30.426,8.824,0.0,0.0
547,6.0,9.0,1.0,5.0,6.0,0.0,3609.579,3816.019,63.955,30.725,30.533,8.849,0.0,0.0
548,6.0,9.0,1.0,6.0,7.0,0.0,3769.24,3847.15,40.707,29.971,29.715,8.792,0.0,0.0
549,6.0,9.0,1.0,7.0,8.0,0.0,3544.903,3876.265,44.808,30.554,30.331,8.881,0.0,0.0
550,6.0,9.0,1.0,8.0,9.0,0.0,3521.118,3954.786,10.505,30.584,30.476,8.82,0.0,0.0
551,6.0,9.0,1.0,9.0,10.0,0.0,4024.555,3983.608,42.17,30.809,30.681,8.969,0.0,0.0
552,6.0,9.0,1.0,10.0,11.0,0.0,3948.439,4003.93,106.917,30.639,30.522,8.835,0.0,0.0
553,7.0,9.0,1.0,0.0,1.0,0.0,4055.275,3782.433,16.799,30.674,30.493,8.836,0.0,0.0
554,7.0,9.0,1.0,1.0,2.0,0.0,4337.189,3808.415,102.152,30.308,30.279,8.837,0.0,0.0
555,7.0,9.0,1.0,2.0,3.0,0.0,4194.582,3820.793,69.723,30.16,30.106,8.791,0.0,0.0
557,7.0,9.0,1.0,4.0,7.0,0.0,4252.564,4032.555,64.518,30.898,30.685,8.896,0.0,0.0
558,8.0,9.0,1.0,0.0,1.0,0.0,4758.075,3892.744,72.564,30.741,30.511,8.934,0.0,0.0
560,8.0,9.0,1.0,2.0,3.0,0.0,5161.79,3931.355,17.997,30.958,30.785,8.919,0.0,0.0
561,8.0,9.0,1.0,3.0,4.0,0.0,4828.035,3999.663,68.118,30.32,30.174,8.824,0.0,0.0
562,8.0,9.0,1.0,4.0,5.0,0.0,4793.665,4069.201,12.743,30.746,30.594,8.861,0.0,0.0
563,9.0,9.0,1.0,0.0,2.0,0.0,5290.146,3767.605,37.636,30.668,30.532,8.927,0.0,0.0
564,9.0,9.0,1.0,1.0,3.0,0.0,5649.832,3863.043,102.436,30.743,30.657,8.869,0.0,0.0
567,9.0,9.0,1.0,4.0,6.0,0.0,5412.386,3901.727,131.704,30.15,29.941,8.765,0.0,0.0
568,9.0,9.0,1.0,5.0,7.0,0.0,5361.547,3967.159,56.95,30.605,30.539,8.832,0.0,0.0
569,9.0,9.0,1.0,6.0,8.0,0.0,5306.023,3979.934,-27.412,31.22,31.14,8.923,0.0,0.0
570,9.0,9.0,1.0,7.0,9.0,0.0,5518.672,4038.527,62.848,30.395,30.348,8.86,0.0,0.0
571,0.0,10.0,1.0,0.0,1.0,0.0,408.803,4141.783,67.703,30.569,30.131,8.683,0.0,0.0
572,0.0,10.0,1.0,1.0,3.0,0.0,585.712,4237.389,96.14,30.627,29.665,8.791,0.0,0.0
575,0.0,10.0,1.0,4.0,5.0,0.0,332.97,4394.529,44.711,30.352,30.292,8.846,0.0,0.0
576,0.0,10.0,1.0,5.0,6.0,0.0,531.772,4395.173,7.648,30.675,30.604,8.852,0.0,0.0
579,2.0,10.0,1.0,0.0,2.0,0.0,1356.358,4157.702,56.967,30.615,30.382,8.811,0.0,0.0
580,2.0,10.0,1.0,1.0,3.0,0.0,1189.275,4173.751,37.171,30.673,30.424,8.826,0.0,0.0
582,2.0,10.0,1.0,3.0,5.0,0.0,1651.009,4367.689,23.945,31.105,31.071,8.982,0.0,0.0
583,3.0,10.0,1.0,0.0,1.0,0.0,1982.962,4201.451,95.667,30.209,30.138,8.802,0.0,0.0
584,3.0,10.0,1.0,1.0,2.0,0.0,1939.632,4242.776,10.574,30.739,30.444,9.196,0.0,0.0
585,3.0,10.0,1.0,2.0,2.0,0.0,1908.955,4243.044,-13.623,31.202,30.835,9.229,0.0,0.0
586,3.0,10.0,1.0,3.0,3.0,0.0,2233.317,4288.2,-14.178,30.776,30.657,8.874,0.0,0.0
587,3.0,10.0,1.0,4.0,4.0,0.0,1886.692,4307.461,119.862,30.242,30.116,8.804,0.0,0.0
588,3.0,10.0,1.0,5.0,5.0,0.0,2095.086,4321.373,62.595,29.649,29.542,8.72,0.0,0.0
590,4.0,10.0,1.0,0.0,0.0,0.0,2791.664,4109.023,122.368,30.425,30.346,8.864,0.0,0.0
592,4.0,10.0,1.0,2.0,4.0,0.0,2390.226,4319.616,63.44,30.709,30.594,8.855,0.0,0.0
594,4.0,10.0,1.0,4.0,6.0,0.0,2859.337,4439.855,2.39,30.792,30.622,8.872,0.0,0.0
598,5.0,10.0,1.0,2.0,3.0,0.0,2985.079,4294.715,18.618,30.848,30.62,8.879,0.0,0.0
599,5.0,10.0,1.0,3.0,4.0,0.0,3075.534,4332.505,68.943,30.529,30.417,8.89,0.0,0.0
602,6.0,10.0,1.0,0.0,0.0,0.0,3915.441,4161.592,96.897,31.16,30.993,8.893,0.0,0.0
603,6.0,10.0,1.0,1.0,1.0,0.0,4019.919,4187.725,106.689,30.63,30.518,8.833,0.0,0.0
604,6.0,10.0,1.0,2.0,2.0,0.0,3497.117,4197.153,-3.697,35.806,34.051,9.475,0.0,0.0
607,6.0,10.0,1.0,5.0,5.0,0.0,3766.434,4406.155,-31.291,30.478,30.379,8.791,0.0,0.0
608,7.0,10.0,1.0,0.0,0.0,0.0,4484.209,4097.554,52.851,30.665,30.605,8.851,0.0,0.0
609,7.0,10.0,1.0,1.0,2.0,0.0,4233.883,4227.123,63.745,30.702,30.477,8.838,0.0,0.0
612,7.0,10.0,1.0,4.0,4.0,0.0,4091.037,4320.297,80.245,30.477,30.35,8.872,0.0,0.0
613,7.0,10.0,1.0,5.0,5.0,0.0,4142.601,4365.836,-16.65,30.471,30.351,8.872,0.0,0.0
614,7.0,10.0,1.0,6.0,7.0,0.0,4500.847,4419.37,65.629,30.844,30.719,8.893,0.0,0.0
615,8.0,10.0,1.0,0.0,1.0,0.0,4732.672,4103.157,65.623,30.423,30.184,8.84,0.0,0.0
616,8.0,10.0,1.0,1.0,2.0,0.0,4809.871,4108.877,79.428,30.582,30.483,8.907,0.0,0.0
617,8.0,10.0,1.0,2.0,3.0,0.0,4952.355,4112.406,73.456,30.352,30.225,8.836,0.0,0.0
619,8.0,10.0,1.0,4.0,5.0,0.0,4776.162,4252.144,74.009,30.438,30.224,8.848,0.0,0.0
620,8.0,10.0,1.0,5.0,6.0,0.0,4797.765,4307.66,83.495,30.768,30.669,8.875,0.0,0.0
621,8.0,10.0,1.0,6.0,7.0,0.0,5084.464,4342.349,132.406,30.609,30.53,8.832,0.0,0.0
622,8.0,10.0,1.0,7.0,8.0,0.0,4642.361,4407.275,-2.618,30.712,30.545,8.849,0.0,0.0
623,8.0,10.0,1.0,8.0,9.0,0.0,5158.335,4482.632,49.504,31.23,30.984,8.987,0.0,0.0
624,8.0,10.0,1.0,9.0,10.0,0.0,4673.871,4490.058,58.597,31.067,30.951,8.959,0.0,0.0
625,9.0,10.0,1.0,0.0,2.0,0.0,5430.751,4184.464,89.6,30.474,30.224,8.853,0.0,0.0
626,9.0,10.0,1.0,1.0,3.0,0.0,5645.081,4235.125,130.345,30.29,30.276,8.834,0.0,0.0
627,9.0,10.0,1.0,2.0,4.0,0.0,5254.547,4386.439,132.672,30.944,30.38,8.776,0.0,0.0
628,9.0,10.0,1.0,3.0,5.0,0.0,5416.647,4394.951,38.318,30.543,30.496,8.903,0.0,0.0
629,9.0,10.0,1.0,4.0,6.0,0.0,5376.874,4432.39,98.94,30.944,30.784,8.917,0.0,0.0
630,9.0,10.0,1.0,5.0,7.0,0.0,5499.682,4483.102,63.147,30.864,30.684,8.891,0.0,0.0
631,9.0,10.0,1.0,6.0,8.0,0.0,5579.606,4487.957,132.838,30.621,30.554,8.837,0.0,0.0
632,0.0,11.0,1.0,0.0,0.0,0.0,162.591,4690.55,35.905,30.575,30.281,9.244,0.0,0.0
633,0.0,11.0,1.0,1.0,1.0,0.0,56.949,4820.227,-19.795,30.818,30.511,8.859,0.0,0.0
635,1.0,11.0,1.0,1.0,2.0,0.0,930.957,4637.29,-29.474,30.455,30.375,8.873,0.0,0.0
637,1.0,11.0,1.0,3.0,4.0,0.0,955.577,4700.304,-22.894,30.22,29.738,8.746,0.0,0.0
638,1.0,11.0,1.0,4.0,5.0,0.0,829.244,4841.428,97.924,30.57,30.435,8.812,0.0,0.0
643,2.0,11.0,1.0,2.0,2.0,0.0,1517.129,4883.308,91.666,30.783,30.624,8.87,0.0,0.0
644,3.0,11.0,1.0,0.0,0.0,0.0,2214.125,4538.077,81.237,30.925,30.711,8.903,0.0,0.0
645,3.0,11.0,1.0,1.0,1.0,0.0,2288.847,4624.891,-10.462,30.969,30.774,8.919,0.0,0.0
646,3.0,11.0,1.0,2.0,4.0,0.0,1879.197,4654.533,51.273,30.342,30.277,8.842,0.0,0.0
647,3.0,11.0,1.0,3.0,5.0,0.0,2281.918,4878.378,5.941,31.503,31.359,8.995,0.0,0.0
649,4.0,11.0,1.0,1.0,2.0,0.0,2472.834,4600.533,69.187,30.612,30.468,8.909,0.0,0.0
650,4.0,11.0,1.0,2.0,3.0,0.0,2823.178,4661.663,14.202,30.748,30.604,8.862,0.0,0.0
651,4.0,11.0,1.0,3.0,4.0,0.0,2447.215,4727.192,58.346,30.483,30.363,8.875,0.0,0.0
652,4.0,11.0,1.0,4.0,5.0,0.0,2340.93,4842.68,65.432,30.872,30.754,8.902,0.0,0.0
653,4.0,11.0,1.0,5.0,6.0,0.0,2833.443,4842.362,51.674,30.678,30.591,8.85,0.0,0.0
654,5.0,11.0,1.0,0.0,0.0,0.0,3282.528,4517.006,76.481,30.702,30.494,8.84,0.0,0.0
655,5.0,11.0,1.0,1.0,1.0,0.0,3206.588,4519.233,121.412,30.555,30.434,8.896,0.0,0.0
657,5.0,11.0,1.0,3.0,4.0,0.0,2937.275,4606.759,37.492,30.603,30.448,8.905,0.0,0.0
658,5.0,11.0,1.0,4.0,5.0,0.0,3100.924,4628.415,73.641,30.421,30.011,8.814,0.0,0.0
659,5.0,11.0,1.0,5.0,6.0,0.0,3332.611,4705.867,-44.734,30.103,29.939,8.758,0.0,0.0
660,5.0,11.0,1.0,6.0,8.0,0.0,3007.237,4890.941,95.406,31.059,30.675,8.918,0.0,0.0
661,6.0,11.0,1.0,0.0,0.0,0.0,3866.049,4512.828,91.87,30.243,30.181,8.814,0.0,0.0
664,6.0,11.0,1.0,3.0,2.0,0.0,3546.896,4708.264,36.316,30.469,30.261,8.858,0.0,0.0
665,6.0,11.0,1.0,4.0,3.0,0.0,3822.274,4765.222,86.939,29.946,29.735,8.705,0.0,0.0
666,6.0,11.0,1.0,5.0,4.0,0.0,3640.569,4806.799,91.765,30.775,30.712,8.882,0.0,0.0
667,6.0,11.0,1.0,6.0,5.0,0.0,3883.577,4838.317,-12.054,30.533,30.375,8.885,0.0,0.0
668,6.0,11.0,1.0,7.0,6.0,0.0,3619.244,4885.551,76.214,30.688,30.329,8.9,0.0,0.0
670,7.0,11.0,1.0,1.0,1.0,0.0,4115.763,4673.593,-44.684,30.561,30.431,8.896,0.0,0.0
671,7.0,11.0,1.0,2.0,2.0,0.0,4432.139,4678.108,127.096,31.194,29.716,9.443,0.0,0.0
672,7.0,11.0,1.0,3.0,3.0,0.0,4428.643,4718.698,91.06,29.663,29.079,8.568,0.0,0.0
673,7.0,11.0,1.0,4.0,4.0,0.0,4445.547,4824.649,-9.569,30.575,30.474,8.905,0.0,0.0
674,8.0,11.0,1.0,0.0,2.0,0.0,4946.665,4626.626,54.073,30.532,30.346,8.88,0.0,0.0
675,8.0,11.0,1.0,1.0,3.0,0.0,4686.064,4694.408,11.927,30.277,30.12,8.81,0.0,0.0
676,8.0,11.0,1.0,2.0,4.0,0.0,5126.871,4698.628,123.003,30.298,30.252,8.832,0.0,0.0
677,8.0,11.0,1.0,3.0,5.0,0.0,4830.094,4707.95,42.087,31.102,31.042,8.977,0.0,0.0
678,8.0,11.0,1.0,4.0,6.0,0.0,4854.224,4745.203,66.091,30.616,30.493,8.913,0.0,0.0
679,8.0,11.0,1.0,5.0,7.0,0.0,4876.319,4778.44,66.525,30.732,30.43,8.835,0.0,0.0
680,8.0,11.0,1.0,6.0,8.0,0.0,5008.042,4867.286,111.797,30.771,30.711,8.881,0.0,0.0
681,9.0,11.0,1.0,0.0,3.0,0.0,5275.983,4538.495,49.437,30.398,30.045,8.816,0.0,0.0
683,9.0,11.0,1.0,2.0,5.0,0.0,5404.618,4572.242,86.897,30.406,30.209,8.841,0.0,0.0
684,9.0,11.0,1.0,3.0,7.0,0.0,5241.903,4595.185,29.553,30.208,30.122,8.8,0.0,0.0
685,9.0,11.0,1.0,4.0,8.0,0.0,5496.359,4602.717,62.562,30.723,30.705,8.873,0.0,0.0
688,9.0,11.0,1.0,7.0,11.0,0.0,5726.245,4812.692,128.561,30.914,30.884,8.927,0.0,0.0
689,0.0,12.0,1.0,0.0,0.0,0.0,85.347,4962.859,130.464,30.737,30.448,9.012,0.0,0.0
691,0.0,12.0,1.0,2.0,2.0,0.0,382.72,5071.345,0.674,30.131,30.111,8.787,0.0,0.0
692,0.0,12.0,1.0,3.0,3.0,0.0,389.567,5139.408,20.999,29.64,29.399,8.611,0.0,0.0
693,0.0,12.0,1.0,4.0,4.0,0.0,400.618,5283.002,-41.931,30.816,30.774,8.897,0.0,0.0
694,0.0,12.0,1.0,5.0,5.0,0.0,98.864,5295.774,46.922,30.866,30.652,8.886,0.0,0.0
695,0.0,12.0,1.0,6.0,6.0,0.0,356.224,5303.83,108.428,30.834,30.73,8.893,0.0,0.0
696,1.0,12.0,1.0,0.0,0.0,0.0,711.864,4990.669,36.945,30.4,30.277,8.85,0.0,0.0
697,1.0,12.0,1.0,1.0,1.0,0.0,947.481,5011.429,87.008,30.187,30.095,8.793,0.0,0.0
698,1.0,12.0,1.0,2.0,2.0,0.0,882.84,5018.903,84.448,30.738,30.53,8.936,0.0,0.0
699,1.0,12.0,1.0,3.0,3.0,0.0,948.271,5100.142,-34.404,30.521,30.221,8.86,0.0,0.0
700,1.0,12.0,1.0,4.0,4.0,0.0,950.466,5173.193,134.821,29.941,29.843,8.807,0.0,0.0
701,1.0,12.0,1.0,5.0,5.0,0.0,702.218,5207.805,120.194,30.35,30.142,8.823,0.0,0.0
704,2.0,12.0,1.0,0.0,0.0,0.0,1351.651,5158.248,11.788,30.285,30.233,8.827,0.0,0.0
705,2.0,12.0,1.0,1.0,1.0,0.0,1357.442,5202.84,102.24,30.404,30.374,8.865,0.0,0.0
706,2.0,12.0,1.0,2.0,3.0,0.0,1213.499,5271.001,110.064,30.485,30.383,8.793,0.0,0.0
707,2.0,12.0,1.0,3.0,4.0,0.0,1547.215,5295.438,95.234,30.079,29.894,8.835,0.0,0.0
708,2.0,12.0,1.0,4.0,5.0,0.0,1390.113,5299.29,100.605,30.561,30.373,8.888,0.0,0.0
709,3.0,12.0,1.0,0.0,0.0,0.0,2022.926,4919.947,50.406,30.687,30.542,8.845,0.0,0.0
710,3.0,12.0,1.0,1.0,1.0,0.0,1804.059,4946.54,55.461,31.221,31.107,8.918,0.0,0.0
711,3.0,12.0,1.0,2.0,3.0,0.0,2295.293,4964.624,97.122,30.723,30.593,8.857,0.0,0.0
713,3.0,12.0,1.0,4.0,5.0,0.0,1925.503,5017.449,48.75,30.234,30.003,8.786,0.0,0.0
714,3.0,12.0,1.0,5.0,6.0,0.0,1759.09,5208.085,-17.257,30.724,30.578,8.855,0.0,0.0
715,3.0,12.0,1.0,6.0,7.0,0.0,2098.278,5280.461,42.278,30.636,30.255,8.795,0.0,0.0
716,4.0,12.0,1.0,0.0,1.0,0.0,2409.921,5300.998,65.08,31.273,31.059,8.919,0.0,0.0
717,5.0,12.0,1.0,0.0,1.0,0.0,3046.885,4923.515,46.102,30.529,29.983,8.826,0.0,0.0
718,5.0,12.0,1.0,1.0,2.0,0.0,3172.732,4954.729,55.866,30.195,30.089,8.793,0.0,0.0
719,5.0,12.0,1.0,2.0,3.0,0.0,3445.999,4977.601,100.066,30.945,30.904,8.934,0.0,0.0
721,5.0,12.0,1.0,4.0,5.0,0.0,3178.273,5006.748,64.389,30.313,30.133,8.817,0.0,0.0
723,6.0,12.0,1.0,1.0,3.0,0.0,3779.729,5087.509,-43.833,30.442,30.298,8.774,0.0,0.0
726,8.0,12.0,1.0,0.0,0.0,0.0,4954.002,5012.602,118.782,30.272,30.157,8.814,0.0,0.0
727,8.0,12.0,1.0,1.0,1.0,0.0,4797.03,5021.923,80.14,30.377,30.149,8.828,0.0,0.0
728,8.0,12.0,1.0,2.0,3.0,0.0,5008.619,5112.611,2.632,29.904,29.707,8.782,0.0,0.0
730,8.0,12.0,1.0,4.0,5.0,0.0,4708.548,5236.494,79.378,30.716,30.395,8.913,0.0,0.0
731,8.0,12.0,1.0,5.0,6.0,0.0,4915.919,5273.74,63.48,30.739,30.513,8.934,0.0,0.0
732,8.0,12.0,1.0,6.0,7.0,0.0,4847.634,5297.6,32.095,30.976,30.949,8.945,0.0,0.0
735,9.0,12.0,1.0,1.0,1.0,0.0,5387.778,5045.176,73.917,30.371,30.267,8.845,0.0,0.0
736,9.0,12.0,1.0,2.0,2.0,0.0,5215.726,5071.615,-4.429,31.159,30.956,8.973,0.0,0.0
737,9.0,12.0,1.0,3.0,3.0,0.0,5762.639,5161.616,5.163,31.393,31.088,8.94,0.0,0.0
739,9.0,12.0,1.0,5.0,6.0,0.0,5635.978,5276.973,23.823,30.733,30.353,8.824,0.0,0.0
741,0.0,6.0,1.0,0.0,0.0,0.0,194.785,2646.211,-43.313,31.943,30.638,26.46,4.0,
743,0.0,6.0,1.0,0.0,0.0,0.0,7.936,2601.111,-0.272,32.005,30.907,24.703,4.0,
745,0.0,7.0,1.0,0.0,0.0,0.0,14.701,3258.305,10.694,31.823,31.088,24.772,4.0,
747,0.0,8.0,1.0,0.0,0.0,0.0,170.012,3303.542,-25.855,31.344,30.489,26.268,4.0,
748,1.0,4.0,1.0,0.0,0.0,0.0,788.257,1905.152,88.098,30.11,30.062,25.583,4.0,
749,1.0,4.0,1.0,0.0,0.0,0.0,790.065,1898.831,104.933,32.11,29.809,26.102,4.0,
750,1.0,9.0,1.0,0.0,0.0,0.0,1164.383,4054.187,22.568,31.564,30.924,24.548,4.0,
751,1.0,12.0,1.0,0.0,0.0,0.0,1118.932,5317.697,54.884,31.171,30.316,24.206,4.0,
752,2.0,8.0,1.0,0.0,0.0,0.0,1472.063,3295.724,70.098,31.78,31.106,26.688,4.0,
753,2.0,8.0,1.0,0.0,0.0,0.0,1472.648,3303.408,47.61,31.435,30.466,26.317,4.0,
754,4.0,6.0,1.0,0.0,0.0,0.0,2761.297,2672.002,77.695,31.654,30.841,26.505,4.0,
755,4.0,11.0,1.0,0.0,0.0,0.0,2881.333,4551.727,116.16,31.424,30.86,26.454,4.0,
756,4.0,11.0,1.0,0.0,0.0,0.0,2883.824,4542.769,123.778,30.749,30.658,26.105,4.0,
757,5.0,2.0,1.0,0.0,0.0,0.0,3378.882,1069.308,85.702,31.644,31.119,26.661,4.0,
758,5.0,10.0,1.0,0.0,0.0,0.0,3345.159,4124.731,-11.855,30.608,29.829,25.767,4.0,
759,5.0,10.0,1.0,0.0,0.0,0.0,3347.621,4129.127,126.79,30.783,30.187,25.977,4.0,
761,6.0,5.0,1.0,0.0,0.0,0.0,3601.093,2161.867,30.735,31.073,29.959,25.912,4.0,
762,6.0,5.0,1.0,0.0,0.0,0.0,3618.151,2175.798,30.367,31.709,30.269,24.345,4.0,
763,7.0,2.0,1.0,0.0,0.0,0.0,4142.936,1233.872,54.284,31.226,30.715,24.373,4.0,
764,7.0,3.0,1.0,0.0,0.0,0.0,4153.963,1256.844,48.794,31.635,31.117,24.684,4.0,
765,7.0,3.0,1.0,0.0,0.0,0.0,4207.275,1541.911,129.672,32.231,30.437,26.479,4.0,
766,7.0,3.0,1.0,0.0,0.0,0.0,4210.779,1536.405,-36.136,30.177,30.101,23.728,4.0,
767,7.0,6.0,1.0,0.0,0.0,0.0,4466.862,2593.081,73.515,30.704,29.612,23.808,4.0,
768,8.0,3.0,1.0,0.0,0.0,0.0,4754.055,1432.829,10.475,31.005,30.132,26.051,4.0,
769,8.0,5.0,1.0,0.0,0.0,0.0,4793.335,2463.754,84.329,32.512,30.475,24.583,4.0,
771,9.0,7.0,1.0,0.0,0.0,0.0,5778.719,3141.377,-7.512,32.139,30.592,24.529,4.0,
773,9.0,8.0,1.0,0.0,0.0,0.0,5695.296,3401.044,-16.184,30.931,30.395,22.569,4.0,
774,9.0,8.0,1.0,0.0,0.0,0.0,5684.726,3419.022,73.057,30.427,30.381,23.941,4.0,
775,9.0,10.0,1.0,0.0,0.0,0.0,5494.089,4135.011,68.782,32.211,31.16,26.927,4.0,
776,9.0,10.0,1.0,0.0,0.0,0.0,5496.235,4115.582,-2.909,30.876,30.148,26.046,4.0,
777,9.0,11.0,1.0,0.0,0.0,0.0,5528.54,4589.646,65.258,31.372,31.027,24.549,4.0,
778,9.0,11.0,1.0,0.0,0.0,0.0,5542.041,4607.183,131.436,31.258,30.91,24.485,4.0,
780,9.0,12.0,1.0,0.0,0.0,0.0,5414.027,5327.931,41.725,31.817,31.051,26.778,4.0,
</ResultDatas>,,,,,,,,,,,,,,
<ElementResult>,,,,,,,,,,,,,,
0,0.0,,,,,,,,,,,,,
1,0.0,,,,,,,,,,,,,
2,0.0,,,,,,,,,,,,,
3,0.0,,,,,,,,,,,,,
4,0.0,,,,,,,,,,,,,
5,618.0,,,,,,,,,,,,,
</ElementResult>,,,,,,,,,,,,,,
0,0.0,0.0,1.0,0.0,0.0,0.0,387.069,34.868,88.885,30.74,30.551,8.853,0.0,0.0
1,0.0,0.0,1.0,1.0,1.0,0.0,196.398,54.788,81.014,30.29,30.186,8.821,0.0,0.0
2,0.0,0.0,1.0,2.0,2.0,0.0,81.923,115.768,88.828,30.904,30.682,8.896,0.0,0.0
3,0.0,0.0,1.0,3.0,3.0,0.0,47.556,232.638,34.861,31.495,31.354,8.993,0.0,0.0
4,0.0,0.0,1.0,4.0,4.0,0.0,566.371,290.101,66.196,31.144,30.99,8.89,0.0,0.0
6,1.0,0.0,1.0,0.0,0.0,0.0,698.318,32.84,57.315,30.662,30.457,8.829,0.0,0.0
7,1.0,0.0,1.0,1.0,1.0,0.0,910.275,56.273,90.25,30.678,30.596,8.851,0.0,0.0
8,1.0,0.0,1.0,2.0,2.0,0.0,771.914,68.084,84.771,30.494,30.401,8.882,0.0,0.0
9,1.0,0.0,1.0,3.0,4.0,0.0,910.556,203.106,115.928,30.206,30.058,8.79,0.0,0.0
10,1.0,0.0,1.0,4.0,6.0,0.0,915.797,404.019,64.152,31.008,30.828,8.932,0.0,0.0
12,2.0,0.0,1.0,0.0,0.0,0.0,1173.539,128.943,33.643,31.096,30.945,8.962,0.0,0.0
13,2.0,0.0,1.0,1.0,1.0,0.0,1438.366,166.7,36.4,30.357,30.309,8.849,0.0,0.0
14,2.0,0.0,1.0,2.0,2.0,0.0,1246.253,332.959,52.968,30.921,30.754,8.909,0.0,0.0
15,2.0,0.0,1.0,3.0,3.0,0.0,1324.646,370.746,8.12,31.174,31.032,8.9,0.0,0.0
16,3.0,0.0,1.0,0.0,2.0,0.0,1995.921,74.609,120.764,30.873,30.745,8.901,0.0,0.0
17,3.0,0.0,1.0,1.0,3.0,0.0,2296.874,129.802,79.129,30.457,30.419,8.879,0.0,0.0
19,3.0,0.0,1.0,3.0,5.0,0.0,1922.204,392.993,90.511,30.798,30.384,9.011,0.0,0.0
21,3.0,0.0,1.0,5.0,6.0,0.0,2158.679,382.066,70.734,30.726,30.531,8.849,0.0,0.0
22,3.0,0.0,1.0,6.0,7.0,0.0,2288.38,403.309,40.686,31.287,30.992,8.911,0.0,0.0
23,4.0,0.0,1.0,0.0,0.0,0.0,2331.572,51.691,26.541,30.816,30.687,8.884,0.0,0.0
25,4.0,0.0,1.0,2.0,3.0,0.0,2854.968,145.994,66.634,30.924,30.626,8.891,0.0,0.0
26,4.0,0.0,1.0,3.0,5.0,0.0,2625.918,216.392,84.173,30.284,30.142,8.814,0.0,0.0
27,4.0,0.0,1.0,4.0,6.0,0.0,2877.717,284.167,-28.719,30.678,30.489,8.922,0.0,0.0
29,5.0,0.0,1.0,0.0,0.0,0.0,3106.779,24.84,60.339,30.738,30.45,8.839,0.0,0.0
30,5.0,0.0,1.0,1.0,1.0,0.0,2975.031,41.097,70.872,30.721,30.543,8.85,0.0,0.0
32,5.0,0.0,1.0,3.0,3.0,0.0,3416.541,178.898,45.149,30.688,30.62,8.856,0.0,0.0
33,5.0,0.0,1.0,4.0,4.0,0.0,2929.947,213.783,-0.821,30.799,30.535,8.86,0.0,0.0
34,5.0,0.0,1.0,5.0,6.0,0.0,3395.42,287.041,84.572,30.837,30.778,8.816,0.0,0.0
36,5.0,0.0,1.0,7.0,9.0,0.0,3116.286,417.737,-5.367,30.997,29.868,8.791,0.0,0.0
37,6.0,0.0,1.0,0.0,0.0,0.0,3715.041,47.841,86.995,30.355,30.173,8.829,0.0,0.0
38,6.0,0.0,1.0,1.0,1.0,0.0,4033.645,182.31,43.112,30.997,30.841,8.933,0.0,0.0
39,6.0,0.0,1.0,2.0,3.0,0.0,3941.21,355.66,81.195,31.014,30.894,8.943,0.0,0.0
40,6.0,0.0,1.0,3.0,4.0,0.0,3615.76,370.523,33.58,31.272,31.123,8.845,0.0,0.0
41,6.0,0.0,1.0,4.0,6.0,0.0,3637.873,399.011,59.597,31.116,30.972,8.969,0.0,0.0
42,7.0,0.0,1.0,0.0,0.0,0.0,4337.904,73.027,43.03,30.512,30.23,8.86,0.0,0.0
43,7.0,0.0,1.0,1.0,1.0,0.0,4366.714,96.098,-22.712,30.399,30.274,8.85,0.0,0.0
46,7.0,0.0,1.0,4.0,5.0,0.0,4562.547,244.896,-2.292,30.882,30.77,8.906,0.0,0.0
48,7.0,0.0,1.0,6.0,7.0,0.0,4313.149,267.473,71.886,30.41,30.27,8.851,0.0,0.0
49,7.0,0.0,1.0,7.0,8.0,0.0,4080.336,270.261,-2.545,30.669,30.501,8.836,0.0,0.0
50,7.0,0.0,1.0,8.0,9.0,0.0,4428.265,293.748,99.847,29.942,29.869,8.811,0.0,0.0
51,7.0,0.0,1.0,9.0,10.0,0.0,4273.56,352.661,-35.668,30.523,30.488,8.899,0.0,0.0
52,8.0,0.0,1.0,0.0,1.0,0.0,4713.926,43.769,37.975,30.345,30.111,8.818,0.0,0.0
53,8.0,0.0,1.0,1.0,2.0,0.0,4854.697,209.158,100.562,30.031,29.901,8.829,0.0,0.0
55,8.0,0.0,1.0,3.0,4.0,0.0,4840.446,363.263,96.943,30.714,30.632,8.862,0.0,0.0
56,9.0,0.0,1.0,0.0,0.0,0.0,5608.522,116.097,20.994,30.991,30.872,8.936,0.0,0.0
57,9.0,0.0,1.0,1.0,1.0,0.0,5240.754,362.558,125.531,30.93,30.824,8.921,0.0,0.0
58,9.0,0.0,1.0,2.0,2.0,0.0,5206.007,370.842,8.083,31.282,31.144,9.018,0.0,0.0
59,0.0,1.0,1.0,0.0,1.0,0.0,148.77,463.681,14.926,30.798,30.743,8.89,0.0,0.0
60,0.0,1.0,1.0,1.0,2.0,0.0,235.065,595.638,98.581,30.658,30.528,8.839,0.0,0.0
61,0.0,1.0,1.0,2.0,3.0,0.0,438.98,619.335,-30.253,30.329,30.139,8.82,0.0,0.0
62,0.0,1.0,1.0,3.0,4.0,0.0,203.823,788.189,-13.631,30.971,30.506,8.796,0.0,0.0
63,0.0,1.0,1.0,4.0,5.0,0.0,67.263,789.573,-12.634,31.145,30.9,8.878,0.0,0.0
64,1.0,1.0,1.0,0.0,2.0,0.0,701.817,515.336,91.817,30.783,30.474,8.849,0.0,0.0
65,1.0,1.0,1.0,1.0,3.0,0.0,803.824,608.571,-0.331,30.516,30.388,8.798,0.0,0.0
66,1.0,1.0,1.0,2.0,4.0,0.0,645.36,639.656,109.985,30.777,30.712,8.882,0.0,0.0
68,1.0,1.0,1.0,4.0,6.0,0.0,614.034,770.748,-17.968,31.063,30.997,8.965,0.0,0.0
69,2.0,1.0,1.0,0.0,0.0,0.0,1723.886,429.017,10.307,30.913,30.788,8.913,0.0,0.0
70,2.0,1.0,1.0,1.0,1.0,0.0,1509.254,560.524,96.704,30.139,30.117,8.789,0.0,0.0
74,2.0,1.0,1.0,5.0,5.0,0.0,1655.357,708.07,61.997,30.386,30.364,8.861,0.0,0.0
75,2.0,1.0,1.0,6.0,6.0,0.0,1314.801,731.045,3.663,30.758,30.668,8.873,0.0,0.0
76,2.0,1.0,1.0,7.0,7.0,0.0,1460.62,737.1,48.248,30.506,30.359,8.878,0.0,0.0
77,2.0,1.0,1.0,8.0,8.0,0.0,1458.558,773.479,98.212,31.761,30.691,8.935,0.0,0.0
78,3.0,1.0,1.0,0.0,2.0,0.0,2257.813,483.76,123.243,30.743,30.415,8.835,0.0,0.0
80,3.0,1.0,1.0,2.0,4.0,0.0,1989.023,698.935,105.405,30.083,30.016,8.766,0.0,0.0
81,4.0,1.0,1.0,0.0,0.0,0.0,2882.019,448.401,-3.9,30.781,30.662,8.876,0.0,0.0
82,4.0,1.0,1.0,1.0,1.0,0.0,2811.21,570.06,117.45,30.731,30.502,8.845,0.0,0.0
84,4.0,1.0,1.0,3.0,2.0,0.0,2567.913,598.856,112.938,15.54,13.746,6.284,0.0,0.0
85,4.0,1.0,1.0,4.0,3.0,0.0,2728.71,808.519,-34.376,31.329,31.262,8.956,0.0,0.0
86,4.0,1.0,1.0,5.0,5.0,0.0,2550.771,820.379,100.83,31.074,30.957,8.96,0.0,0.0
87,5.0,1.0,1.0,0.0,2.0,0.0,3287.85,713.729,-12.464,30.368,30.333,8.854,0.0,0.0
88,5.0,1.0,1.0,1.0,3.0,0.0,3027.28,730.885,124.949,30.825,30.761,8.896,0.0,0.0
90,6.0,1.0,1.0,0.0,1.0,0.0,3856.082,500.895,81.425,31.027,30.819,8.934,0.0,0.0
93,6.0,1.0,1.0,3.0,3.0,0.0,3701.297,591.769,91.969,30.507,30.381,8.881,0.0,0.0
94,6.0,1.0,1.0,4.0,4.0,0.0,3660.424,619.245,49.297,30.39,30.33,8.857,0.0,0.0
95,6.0,1.0,1.0,5.0,5.0,0.0,3903.295,745.57,114.643,30.588,30.5,8.91,0.0,0.0
96,6.0,1.0,1.0,6.0,6.0,0.0,3597.005,763.043,133.535,30.638,30.519,8.834,0.0,0.0
97,6.0,1.0,1.0,7.0,7.0,0.0,3963.408,828.952,-4.606,32.029,25.289,8.265,0.0,0.0
98,7.0,1.0,1.0,0.0,0.0,0.0,4488.974,532.718,8.523,30.84,30.717,8.892,0.0,0.0
99,7.0,1.0,1.0,1.0,1.0,0.0,4148.488,551.869,-42.703,31.014,30.907,8.945,0.0,0.0
100,7.0,1.0,1.0,2.0,2.0,0.0,4465.679,633.946,105.865,30.043,29.991,8.757,0.0,0.0
101,7.0,1.0,1.0,3.0,3.0,0.0,4193.645,772.266,99.369,30.321,30.223,8.831,0.0,0.0
102,7.0,1.0,1.0,4.0,4.0,0.0,4078.23,783.372,-4.58,30.942,30.82,8.922,0.0,0.0
103,7.0,1.0,1.0,5.0,5.0,0.0,4160.282,799.464,-4.393,30.557,30.41,8.893,0.0,0.0
105,8.0,1.0,1.0,0.0,0.0,0.0,4675.542,453.775,72.317,30.836,30.781,8.901,0.0,0.0
106,8.0,1.0,1.0,1.0,1.0,0.0,5080.242,550.472,123.731,30.759,30.681,8.875,0.0,0.0
107,8.0,1.0,1.0,2.0,2.0,0.0,4880.558,599.779,-4.459,30.471,30.371,8.789,0.0,0.0
108,9.0,1.0,1.0,0.0,0.0,0.0,5713.311,504.187,92.129,31.198,31.028,8.988,0.0,0.0
109,9.0,1.0,1.0,1.0,1.0,0.0,5533.548,547.198,26.907,29.846,29.827,8.791,0.0,0.0
110,9.0,1.0,1.0,2.0,2.0,0.0,5768.414,593.27,-13.9,30.972,30.829,8.928,0.0,0.0
111,9.0,1.0,1.0,3.0,3.0,0.0,5479.846,629.437,102.722,30.208,30.157,8.805,0.0,0.0
112,0.0,2.0,1.0,0.0,0.0,0.0,442.083,850.686,116.036,30.7,30.625,8.859,0.0,0.0
113,0.0,2.0,1.0,1.0,1.0,0.0,454.187,928.988,55.077,30.935,30.807,8.919,0.0,0.0
114,0.0,2.0,1.0,2.0,2.0,0.0,564.536,940.434,116.926,31.237,30.944,8.897,0.0,0.0
115,0.0,2.0,1.0,3.0,3.0,0.0,27.187,944.465,9.571,31.104,30.988,8.969,0.0,0.0
116,0.0,2.0,1.0,4.0,4.0,0.0,288.056,976.934,25.654,30.22,29.98,8.781,0.0,0.0
117,0.0,2.0,1.0,5.0,5.0,0.0,120.376,978.675,13.429,31.007,30.72,8.917,0.0,0.0
118,0.0,2.0,1.0,6.0,6.0,0.0,316.286,993.453,106.518,30.505,30.437,8.889,0.0,0.0
119,0.0,2.0,1.0,7.0,7.0,0.0,411.498,1221.507,-40.353,31.486,31.363,8.993,0.0,0.0
120,1.0,2.0,1.0,0.0,0.0,0.0,911.706,885.687,53.153,30.308,30.291,8.839,0.0,0.0
121,1.0,2.0,1.0,1.0,1.0,0.0,842.894,933.571,-8.519,30.163,30.101,8.79,0.0,0.0
122,1.0,2.0,1.0,2.0,3.0,0.0,636.944,962.909,17.06,30.517,30.457,8.894,0.0,0.0
123,1.0,2.0,1.0,3.0,4.0,0.0,655.8,1022.525,76.245,31.767,31.571,9.062,0.0,0.0
124,1.0,2.0,1.0,4.0,5.0,0.0,779.345,1140.733,20.187,30.696,30.509,8.842,0.0,0.0
125,1.0,2.0,1.0,5.0,6.0,0.0,1162.316,1212.48,90.738,32.197,29.618,8.757,0.0,0.0
126,2.0,2.0,1.0,0.0,0.0,0.0,1505.273,838.159,60.589,31.078,30.844,8.945,0.0,0.0
127,2.0,2.0,1.0,1.0,2.0,0.0,1353.188,920.575,85.232,30.25,30.13,8.807,0.0,0.0
128,2.0,2.0,1.0,2.0,3.0,0.0,1517.602,979.517,119.818,30.581,30.372,8.891,0.0,0.0
129,2.0,2.0,1.0,3.0,4.0,0.0,1699.685,1178.26,22.868,31.141,30.929,8.882,0.0,0.0
130,3.0,2.0,1.0,0.0,0.0,0.0,1778.736,846.149,21.477,30.69,30.579,8.851,0.0,0.0
131,3.0,2.0,1.0,1.0,1.0,0.0,1789.087,900.08,33.177,30.799,30.608,8.871,0.0,0.0
132,3.0,2.0,1.0,2.0,2.0,0.0,2003.124,983.066,37.187,30.357,30.26,8.842,0.0,0.0
133,3.0,2.0,1.0,3.0,3.0,0.0,2285.331,1067.72,-17.542,30.996,30.885,8.939,0.0,0.0
134,3.0,2.0,1.0,4.0,4.0,0.0,2099.699,1117.25,-35.274,29.845,29.773,8.783,0.0,0.0
135,3.0,2.0,1.0,5.0,5.0,0.0,1968.834,1124.48,89.631,30.464,30.378,8.874,0.0,0.0
136,3.0,2.0,1.0,6.0,6.0,0.0,1978.022,1227.388,71.603,31.235,31.123,8.922,0.0,0.0
137,4.0,2.0,1.0,0.0,4.0,0.0,2821.397,1029.96,35.951,30.78,30.747,8.888,0.0,0.0
138,4.0,2.0,1.0,1.0,5.0,0.0,2688.165,1034.892,13.884,29.727,29.582,8.737,0.0,0.0
139,4.0,2.0,1.0,2.0,6.0,0.0,2538.299,1041.473,55.693,30.19,30.089,8.793,0.0,0.0
140,4.0,2.0,1.0,3.0,7.0,0.0,2779.589,1154.96,128.509,31.044,30.949,8.955,0.0,0.0
143,4.0,2.0,1.0,6.0,9.0,0.0,2865.6,1164.344,17.557,30.949,30.803,8.92,0.0,0.0
144,4.0,2.0,1.0,7.0,10.0,0.0,2509.961,1179.167,80.809,31.12,30.882,8.956,0.0,0.0
145,4.0,2.0,1.0,8.0,11.0,0.0,2403.383,1192.444,99.195,31.09,31.011,8.971,0.0,0.0
146,5.0,2.0,1.0,0.0,0.0,0.0,3040.85,875.876,47.814,30.656,30.408,8.821,0.0,0.0
147,5.0,2.0,1.0,1.0,2.0,0.0,3271.927,942.903,106.55,30.421,30.287,8.855,0.0,0.0
148,5.0,2.0,1.0,2.0,3.0,0.0,2897.277,1027.731,-17.537,31.022,30.665,8.911,0.0,0.0
149,5.0,2.0,1.0,3.0,4.0,0.0,3321.423,1029.464,97.922,30.425,30.269,8.853,0.0,0.0
150,5.0,2.0,1.0,4.0,5.0,0.0,3467.436,1048.51,92.329,32.089,27.676,8.535,0.0,0.0
152,5.0,2.0,1.0,6.0,7.0,0.0,3076.632,1096.739,51.607,30.699,30.497,8.84,0.0,0.0
153,5.0,2.0,1.0,7.0,8.0,0.0,3291.123,1194.451,38.199,31.275,30.928,8.9,0.0,0.0
154,5.0,2.0,1.0,8.0,9.0,0.0,3071.558,1218.615,-5.375,30.879,30.857,8.918,0.0,0.0
155,5.0,2.0,1.0,9.0,10.0,0.0,3167.512,1229.242,80.664,30.817,30.772,8.897,0.0,0.0
156,6.0,2.0,1.0,0.0,0.0,0.0,3963.627,832.165,108.374,30.839,30.558,8.868,0.0,0.0
157,6.0,2.0,1.0,1.0,1.0,0.0,3906.612,867.083,105.647,30.838,30.694,8.888,0.0,0.0
158,6.0,2.0,1.0,2.0,2.0,0.0,3476.505,895.579,12.259,30.964,30.723,8.911,0.0,0.0
159,6.0,2.0,1.0,3.0,3.0,0.0,3886.772,913.35,49.386,30.519,30.456,8.894,0.0,0.0
160,6.0,2.0,1.0,4.0,6.0,0.0,3521.445,1132.912,26.621,30.743,30.567,8.856,0.0,0.0
162,6.0,2.0,1.0,6.0,8.0,0.0,3919.997,1191.202,54.406,30.858,30.772,8.903,0.0,0.0
163,7.0,2.0,1.0,0.0,0.0,0.0,4478.464,856.143,-31.542,30.534,30.391,8.887,0.0,0.0
166,7.0,2.0,1.0,3.0,3.0,0.0,4553.427,972.316,24.841,30.515,30.453,8.893,0.0,0.0
170,7.0,2.0,1.0,7.0,6.0,0.0,4514.027,1101.962,78.983,30.767,30.738,8.885,0.0,0.0
171,7.0,2.0,1.0,8.0,7.0,0.0,4291.49,1117.01,115.436,30.437,30.413,8.876,0.0,0.0
172,8.0,2.0,1.0,0.0,0.0,0.0,5164.704,848.808,41.015,31.18,31.104,8.997,0.0,0.0
173,8.0,2.0,1.0,1.0,1.0,0.0,4805.99,867.978,34.978,30.827,30.686,8.886,0.0,0.0
174,8.0,2.0,1.0,2.0,2.0,0.0,4713.739,888.774,55.103,30.758,30.626,8.867,0.0,0.0
176,8.0,2.0,1.0,4.0,4.0,0.0,4693.014,1042.826,41.981,30.517,30.379,8.883,0.0,0.0
179,8.0,2.0,1.0,7.0,7.0,0.0,4651.148,1210.243,31.434,30.786,30.732,8.886,0.0,0.0
181,9.0,2.0,1.0,0.0,0.0,0.0,5667.825,987.82,27.629,30.482,30.394,8.88,0.0,0.0
182,9.0,2.0,1.0,1.0,1.0,0.0,5629.703,1024.196,111.392,30.158,30.105,8.79,0.0,0.0
183,9.0,2.0,1.0,2.0,2.0,0.0,5508.274,1028.691,132.024,30.328,30.081,8.811,0.0,0.0
184,9.0,2.0,1.0,3.0,4.0,0.0,5354.497,1091.372,19.145,30.652,30.617,8.937,0.0,0.0
185,9.0,2.0,1.0,4.0,5.0,0.0,5637.702,1108.946,74.967,30.809,30.709,8.887,0.0,0.0
186,0.0,3.0,1.0,0.0,1.0,0.0,364.597,1248.615,126.409,30.754,30.685,8.875,0.0,0.0
187,0.0,3.0,1.0,1.0,2.0,0.0,69.28,1294.93,40.946,30.789,30.733,8.887,0.0,0.0
188,0.0,3.0,1.0,2.0,3.0,0.0,340.15,1313.142,125.475,30.66,30.619,8.852,0.0,0.0
189,0.0,3.0,1.0,3.0,4.0,0.0,476.864,1397.345,129.143,30.761,30.717,8.881,0.0,0.0
190,0.0,3.0,1.0,4.0,5.0,0.0,533.344,1408.099,40.863,31.22,31.105,8.918,0.0,0.0
191,0.0,3.0,1.0,5.0,6.0,0.0,146.75,1423.293,82.912,30.673,30.5,8.923,0.0,0.0
192,0.0,3.0,1.0,6.0,7.0,0.0,264.931,1526.648,124.402,30.907,30.822,8.833,0.0,0.0
193,0.0,3.0,1.0,7.0,9.0,0.0,309.926,1565.852,-21.439,30.793,30.453,8.848,0.0,0.0
194,1.0,3.0,1.0,0.0,1.0,0.0,657.826,1291.794,56.429,30.458,30.278,8.773,0.0,0.0
196,1.0,3.0,1.0,2.0,3.0,0.0,735.614,1335.924,24.148,30.452,30.366,8.871,0.0,0.0
198,1.0,3.0,1.0,4.0,5.0,0.0,1114.849,1442.301,21.395,30.754,30.667,8.872,0.0,0.0
200,1.0,3.0,1.0,6.0,8.0,0.0,635.668,1586.971,5.999,30.775,30.574,8.862,0.0,0.0
201,2.0,3.0,1.0,0.0,1.0,0.0,1209.228,1270.691,56.586,30.784,30.567,8.862,0.0,0.0
202,2.0,3.0,1.0,1.0,2.0,0.0,1453.795,1355.172,34.198,30.605,30.455,8.906,0.0,0.0
203,2.0,3.0,1.0,2.0,3.0,0.0,1451.334,1405.559,3.471,30.476,30.272,8.861,0.0,0.0
204,2.0,3.0,1.0,3.0,4.0,0.0,1372.127,1436.998,18.536,30.867,30.755,8.902,0.0,0.0
205,2.0,3.0,1.0,4.0,5.0,0.0,1482.509,1471.941,111.297,29.92,29.778,8.708,0.0,0.0
206,2.0,3.0,1.0,5.0,6.0,0.0,1535.842,1551.776,69.108,30.702,30.474,8.837,0.0,0.0
207,2.0,3.0,1.0,6.0,7.0,0.0,1664.939,1558.094,61.738,31.267,31.115,9.011,0.0,0.0
208,2.0,3.0,1.0,7.0,8.0,0.0,1479.412,1589.617,65.5,31.227,30.757,9.833,0.0,0.0
209,2.0,3.0,1.0,8.0,8.0,0.0,1467.901,1567.295,14.857,31.036,30.815,9.943,0.0,0.0
210,2.0,3.0,1.0,9.0,9.0,0.0,1394.849,1585.051,120.512,31.177,31.016,8.899,0.0,0.0
212,2.0,3.0,1.0,11.0,11.0,0.0,1659.174,1642.897,-3.13,32.008,28.674,8.678,0.0,0.0
213,3.0,3.0,1.0,0.0,1.0,0.0,2251.522,1258.525,-40.547,31.272,30.952,8.989,0.0,0.0
214,3.0,3.0,1.0,1.0,2.0,0.0,1967.401,1377.876,87.358,30.406,30.286,8.853,0.0,0.0
215,3.0,3.0,1.0,2.0,3.0,0.0,2070.006,1467.78,109.071,30.165,30.005,8.777,0.0,0.0
216,3.0,3.0,1.0,3.0,4.0,0.0,2131.531,1625.149,81.915,30.795,30.564,8.863,0.0,0.0
217,3.0,3.0,1.0,4.0,5.0,0.0,2226.003,1633.184,84.471,31.43,31.324,8.979,0.0,0.0
218,5.0,3.0,1.0,0.0,2.0,0.0,3195.456,1365.604,53.415,30.78,30.594,8.866,0.0,0.0
219,5.0,3.0,1.0,1.0,3.0,0.0,2911.804,1386.628,23.619,31.0,30.837,8.933,0.0,0.0
220,5.0,3.0,1.0,2.0,4.0,0.0,2923.202,1471.966,2.558,30.526,30.435,8.892,0.0,0.0
222,5.0,3.0,1.0,4.0,6.0,0.0,3349.133,1571.987,59.981,31.069,30.767,8.932,0.0,0.0
223,5.0,3.0,1.0,5.0,7.0,0.0,3313.134,1606.165,11.055,30.765,30.758,8.887,0.0,0.0
224,6.0,3.0,1.0,0.0,0.0,0.0,3910.114,1370.51,37.988,30.694,30.583,8.852,0.0,0.0
226,6.0,3.0,1.0,2.0,2.0,0.0,3585.094,1607.855,24.53,30.656,30.601,8.849,0.0,0.0
228,7.0,3.0,1.0,1.0,1.0,0.0,4489.607,1388.271,-18.557,30.064,30.012,8.763,0.0,0.0
229,7.0,3.0,1.0,2.0,2.0,0.0,4501.545,1460.517,-42.156,30.568,30.488,8.82,0.0,0.0
230,7.0,3.0,1.0,3.0,3.0,0.0,4249.276,1475.129,3.989,30.26,30.03,8.794,0.0,0.0
231,7.0,3.0,1.0,4.0,4.0,0.0,4535.383,1539.688,84.506,31.023,30.972,8.955,0.0,0.0
232,8.0,3.0,1.0,0.0,2.0,0.0,4707.043,1501.148,-0.327,30.664,30.482,8.833,0.0,0.0
233,8.0,3.0,1.0,1.0,3.0,0.0,4993.724,1583.745,123.597,30.395,30.325,8.857,0.0,0.0
234,8.0,3.0,1.0,2.0,4.0,0.0,4849.482,1643.949,-2.595,31.684,26.731,8.423,0.0,0.0
235,9.0,3.0,1.0,0.0,0.0,0.0,5390.369,1308.926,70.754,30.523,30.371,8.882,0.0,0.0
236,9.0,3.0,1.0,1.0,1.0,0.0,5554.761,1401.776,105.162,30.164,30.11,8.792,0.0,0.0
237,9.0,3.0,1.0,2.0,2.0,0.0,5523.338,1447.211,-28.086,29.911,29.775,8.793,0.0,0.0
238,9.0,3.0,1.0,3.0,4.0,0.0,5443.444,1584.384,69.822,31.19,31.134,9.003,0.0,0.0
239,0.0,4.0,1.0,0.0,0.0,0.0,347.846,1650.634,38.862,30.555,30.382,8.888,0.0,0.0
240,0.0,4.0,1.0,1.0,1.0,0.0,225.627,1706.753,131.704,30.491,30.343,8.873,0.0,0.0
241,0.0,4.0,1.0,2.0,2.0,0.0,360.74,1811.707,11.462,30.176,30.103,8.792,0.0,0.0
242,0.0,4.0,1.0,3.0,3.0,0.0,543.192,1844.736,-12.01,30.621,30.392,8.9,0.0,0.0
243,0.0,4.0,1.0,4.0,4.0,0.0,85.959,1943.677,75.784,30.786,30.687,8.88,0.0,0.0
244,0.0,4.0,1.0,5.0,5.0,0.0,300.212,1970.256,-7.052,31.098,31.015,8.973,0.0,0.0
245,0.0,4.0,1.0,6.0,6.0,0.0,247.888,2051.831,-2.879,31.467,26.835,8.495,0.0,0.0
246,1.0,4.0,1.0,0.0,0.0,0.0,949.678,1654.844,85.851,30.977,30.897,8.938,0.0,0.0
247,1.0,4.0,1.0,1.0,1.0,0.0,692.532,1663.307,67.632,31.052,30.739,8.925,0.0,0.0
248,1.0,4.0,1.0,2.0,2.0,0.0,850.075,1721.057,14.15,30.769,30.617,8.867,0.0,0.0
249,1.0,4.0,1.0,3.0,3.0,0.0,1032.955,1748.646,-30.591,31.045,30.709,8.921,0.0,0.0
250,1.0,4.0,1.0,4.0,4.0,0.0,823.966,1846.854,-1.968,30.533,30.348,8.794,0.0,0.0
251,1.0,4.0,1.0,5.0,5.0,0.0,954.038,1897.381,96.087,30.304,30.237,8.83,0.0,0.0
252,1.0,4.0,1.0,6.0,6.0,0.0,1030.105,2025.703,72.294,30.6,30.38,8.894,0.0,0.0
256,2.0,4.0,1.0,3.0,4.0,0.0,1414.744,1946.105,-5.446,30.796,30.298,8.744,0.0,0.0
257,3.0,4.0,1.0,0.0,2.0,0.0,1997.666,1774.655,77.174,30.096,29.881,8.748,0.0,0.0
258,3.0,4.0,1.0,1.0,3.0,0.0,2042.87,1803.001,25.082,30.449,30.391,8.874,0.0,0.0
259,3.0,4.0,1.0,2.0,4.0,0.0,1854.573,1917.021,79.137,31.079,30.948,8.96,0.0,0.0
260,3.0,4.0,1.0,3.0,5.0,0.0,2246.772,1941.929,-10.721,30.857,30.707,8.893,0.0,0.0
261,4.0,4.0,1.0,0.0,0.0,0.0,2473.528,1661.746,75.411,30.143,30.092,8.786,0.0,0.0
262,4.0,4.0,1.0,1.0,1.0,0.0,2480.75,1786.505,-31.266,30.67,30.57,8.846,0.0,0.0
263,4.0,4.0,1.0,2.0,2.0,0.0,2598.046,1957.545,63.19,30.596,30.356,8.89,0.0,0.0
264,5.0,4.0,1.0,0.0,0.0,0.0,3191.822,1716.563,-17.14,30.609,30.532,8.918,0.0,0.0
265,5.0,4.0,1.0,1.0,1.0,0.0,3372.072,1833.815,-38.265,30.439,30.299,8.86,0.0,0.0
266,5.0,4.0,1.0,2.0,2.0,0.0,3406.355,1876.796,-32.035,30.88,30.635,8.886,0.0,0.0
267,5.0,4.0,1.0,3.0,3.0,0.0,2923.645,1955.388,123.181,30.43,30.383,8.87,0.0,0.0
272,6.0,4.0,1.0,3.0,3.0,0.0,3537.224,1779.733,-43.767,30.868,30.776,8.905,0.0,0.0
273,6.0,4.0,1.0,4.0,4.0,0.0,3982.641,1829.021,112.117,30.755,30.626,8.867,0.0,0.0
274,6.0,4.0,1.0,5.0,5.0,0.0,3798.008,1845.202,-18.292,30.224,30.145,8.806,0.0,0.0
275,6.0,4.0,1.0,6.0,6.0,0.0,3602.767,1846.86,16.119,30.863,30.819,8.91,0.0,0.0
276,6.0,4.0,1.0,7.0,7.0,0.0,3537.824,1882.636,77.957,30.731,30.57,8.941,0.0,0.0
277,7.0,4.0,1.0,0.0,0.0,0.0,4278.98,1730.739,82.749,30.1,29.915,8.754,0.0,0.0
278,7.0,4.0,1.0,1.0,1.0,0.0,4061.588,1741.285,13.364,30.556,30.289,8.875,0.0,0.0
279,7.0,4.0,1.0,2.0,2.0,0.0,4170.443,1767.314,115.234,30.665,30.481,8.919,0.0,0.0
280,7.0,4.0,1.0,3.0,3.0,0.0,4287.424,1791.112,-41.503,29.927,29.813,8.801,0.0,0.0
281,7.0,4.0,1.0,4.0,5.0,0.0,4053.566,2020.131,-16.352,30.773,30.573,8.861,0.0,0.0
282,7.0,4.0,1.0,5.0,6.0,0.0,4232.833,2031.812,81.212,30.997,30.89,8.94,0.0,0.0
283,8.0,4.0,1.0,0.0,1.0,0.0,5133.734,1669.733,116.147,31.002,30.946,8.949,0.0,0.0
284,8.0,4.0,1.0,1.0,2.0,0.0,5166.6,1714.677,110.215,31.187,31.116,9.0,0.0,0.0
286,9.0,4.0,1.0,0.0,0.0,0.0,5768.017,1892.363,32.368,30.898,30.84,8.918,0.0,0.0
287,9.0,4.0,1.0,1.0,1.0,0.0,5538.42,2020.094,24.33,30.926,30.777,8.913,0.0,0.0
288,0.0,5.0,1.0,0.0,1.0,0.0,560.894,2075.574,128.953,30.933,30.763,8.912,0.0,0.0
289,0.0,5.0,1.0,1.0,2.0,0.0,302.884,2088.12,-25.728,30.698,30.573,8.937,0.0,0.0
293,0.0,5.0,1.0,5.0,5.0,0.0,302.084,2205.952,-38.661,30.135,29.993,8.771,0.0,0.0
295,1.0,5.0,1.0,1.0,1.0,0.0,658.633,2288.058,40.367,30.672,30.529,8.841,0.0,0.0
296,1.0,5.0,1.0,2.0,2.0,0.0,625.908,2334.655,132.501,31.114,30.931,8.877,0.0,0.0
297,1.0,5.0,1.0,3.0,3.0,0.0,885.591,2360.177,74.222,30.377,30.155,8.744,0.0,0.0
299,1.0,5.0,1.0,5.0,5.0,0.0,926.263,2446.831,65.309,30.925,30.684,8.9,0.0,0.0
300,2.0,5.0,1.0,0.0,0.0,0.0,1691.746,2108.455,31.25,30.912,30.746,8.907,0.0,0.0
301,2.0,5.0,1.0,1.0,1.0,0.0,1555.843,2150.352,130.457,30.641,30.559,8.841,0.0,0.0
303,2.0,5.0,1.0,3.0,3.0,0.0,1366.431,2259.191,29.862,30.303,30.261,8.834,0.0,0.0
304,3.0,5.0,1.0,0.0,0.0,0.0,1873.924,2089.701,102.796,30.769,30.487,9.615,0.0,0.0
305,3.0,5.0,1.0,1.0,0.0,0.0,1868.275,2063.117,92.335,31.107,30.866,9.726,0.0,0.0
306,3.0,5.0,1.0,2.0,1.0,0.0,1954.964,2158.793,15.374,30.672,30.16,8.788,0.0,0.0
307,3.0,5.0,1.0,3.0,3.0,0.0,1883.136,2303.382,8.152,30.808,30.587,8.869,0.0,0.0
308,3.0,5.0,1.0,4.0,4.0,0.0,2029.936,2415.28,24.334,30.808,30.659,8.879,0.0,0.0
309,4.0,5.0,1.0,0.0,0.0,0.0,2822.158,2085.156,97.671,31.104,30.936,8.877,0.0,0.0
310,4.0,5.0,1.0,1.0,1.0,0.0,2335.807,2215.78,-15.019,30.638,30.39,8.902,0.0,0.0
311,4.0,5.0,1.0,2.0,2.0,0.0,2619.862,2287.79,88.765,30.052,29.954,8.753,0.0,0.0
313,5.0,5.0,1.0,0.0,0.0,0.0,3237.388,2108.741,116.593,30.302,30.215,8.827,0.0,0.0
314,5.0,5.0,1.0,1.0,1.0,0.0,3360.151,2136.837,117.603,30.673,30.571,8.933,0.0,0.0
315,5.0,5.0,1.0,2.0,3.0,0.0,3011.093,2226.347,10.355,30.432,30.075,8.826,0.0,0.0
316,5.0,5.0,1.0,3.0,4.0,0.0,2936.513,2325.187,4.662,30.504,30.441,8.89,0.0,0.0
317,5.0,5.0,1.0,4.0,5.0,0.0,3379.472,2354.135,36.368,30.605,30.4,8.812,0.0,0.0
321,5.0,5.0,1.0,8.0,9.0,0.0,3275.569,2458.669,-4.126,30.728,28.732,8.673,0.0,0.0
324,6.0,5.0,1.0,0.0,1.0,0.0,3596.528,2170.818,66.389,30.713,30.567,8.938,0.0,0.0
325,6.0,5.0,1.0,1.0,2.0,0.0,3947.834,2196.294,85.434,30.452,30.354,8.869,0.0,0.0
326,6.0,5.0,1.0,2.0,3.0,0.0,3749.835,2205.524,87.169,30.397,30.182,8.836,0.0,0.0
327,6.0,5.0,1.0,3.0,4.0,0.0,3532.278,2209.588,18.476,30.609,30.427,8.817,0.0,0.0
328,6.0,5.0,1.0,4.0,6.0,0.0,3549.071,2319.321,-10.89,31.018,30.746,9.92,0.0,0.0
329,6.0,5.0,1.0,5.0,6.0,0.0,3571.539,2309.556,-4.845,31.174,30.68,9.931,0.0,0.0
330,7.0,5.0,1.0,0.0,1.0,0.0,4414.585,2091.288,92.116,30.604,30.447,8.819,0.0,0.0
331,7.0,5.0,1.0,1.0,2.0,0.0,4456.404,2191.693,120.027,30.738,30.676,8.871,0.0,0.0
332,7.0,5.0,1.0,2.0,3.0,0.0,4061.29,2216.806,31.858,30.335,30.144,8.821,0.0,0.0
333,7.0,5.0,1.0,3.0,4.0,0.0,4614.923,2351.126,52.072,31.09,31.015,8.971,0.0,0.0
334,7.0,5.0,1.0,4.0,5.0,0.0,4071.075,2418.563,35.637,30.512,30.391,8.883,0.0,0.0
335,8.0,5.0,1.0,0.0,0.0,0.0,4877.422,2059.283,62.04,30.312,30.077,8.808,0.0,0.0
336,8.0,5.0,1.0,1.0,1.0,0.0,5187.891,2086.877,79.31,30.984,30.903,8.94,0.0,0.0
337,8.0,5.0,1.0,2.0,2.0,0.0,5025.953,2159.231,77.048,30.33,30.232,8.834,0.0,0.0
338,8.0,5.0,1.0,3.0,3.0,0.0,4986.152,2178.445,80.871,30.323,30.237,8.833,0.0,0.0
339,8.0,5.0,1.0,4.0,4.0,0.0,4877.293,2208.831,122.83,30.697,30.271,8.808,0.0,0.0
341,9.0,5.0,1.0,0.0,0.0,0.0,5542.848,2079.317,-26.453,30.837,30.613,8.877,0.0,0.0
342,9.0,5.0,1.0,1.0,1.0,0.0,5644.822,2081.117,121.289,30.451,30.416,8.878,0.0,0.0
343,9.0,5.0,1.0,2.0,3.0,0.0,5476.435,2310.649,114.192,29.925,29.619,8.772,0.0,0.0
346,9.0,5.0,1.0,5.0,6.0,0.0,5293.89,2453.722,-26.733,30.713,30.542,8.935,0.0,0.0
347,0.0,6.0,1.0,0.0,0.0,0.0,510.211,2481.441,117.558,30.456,30.228,8.852,0.0,0.0
348,0.0,6.0,1.0,1.0,1.0,0.0,56.27,2513.132,28.067,30.532,30.389,8.8,0.0,0.0
349,0.0,6.0,1.0,2.0,2.0,0.0,60.891,2742.848,15.994,30.86,30.66,8.887,0.0,0.0
350,0.0,6.0,1.0,3.0,3.0,0.0,273.705,2756.874,52.227,30.311,30.246,8.833,0.0,0.0
351,1.0,6.0,1.0,0.0,1.0,0.0,1009.427,2468.441,114.795,30.901,30.591,8.883,0.0,0.0
352,1.0,6.0,1.0,1.0,3.0,0.0,745.209,2624.853,8.892,30.743,30.608,8.862,0.0,0.0
353,1.0,6.0,1.0,2.0,4.0,0.0,1065.632,2627.292,59.722,30.558,30.481,8.903,0.0,0.0
354,1.0,6.0,1.0,3.0,5.0,0.0,961.583,2748.457,131.816,29.767,29.427,8.72,0.0,0.0
355,2.0,6.0,1.0,0.0,0.0,0.0,1458.332,2481.653,24.966,30.505,30.279,8.866,0.0,0.0
356,2.0,6.0,1.0,1.0,1.0,0.0,1632.499,2533.704,-20.806,30.482,30.366,8.875,0.0,0.0
357,2.0,6.0,1.0,2.0,2.0,0.0,1534.411,2535.332,45.034,30.51,30.387,8.883,0.0,0.0
358,2.0,6.0,1.0,3.0,3.0,0.0,1451.34,2554.095,84.122,30.623,30.493,8.914,0.0,0.0
359,2.0,6.0,1.0,4.0,4.0,0.0,1702.349,2555.138,-26.557,30.545,30.308,8.876,0.0,0.0
360,2.0,6.0,1.0,5.0,5.0,0.0,1589.726,2618.064,92.943,30.451,30.209,8.848,0.0,0.0
361,2.0,6.0,1.0,6.0,6.0,0.0,1612.932,2662.801,8.183,30.323,30.241,8.834,0.0,0.0
362,2.0,6.0,1.0,7.0,7.0,0.0,1452.18,2718.152,22.18,30.272,30.064,8.801,0.0,0.0
364,3.0,6.0,1.0,1.0,1.0,0.0,1957.292,2709.413,85.278,30.993,30.972,8.951,0.0,0.0
365,3.0,6.0,1.0,2.0,2.0,0.0,2277.262,2712.081,-24.197,31.163,31.036,8.985,0.0,0.0
366,3.0,6.0,1.0,3.0,3.0,0.0,1986.385,2754.648,29.98,30.673,30.542,8.843,0.0,0.0
367,3.0,6.0,1.0,4.0,5.0,0.0,2016.416,2787.181,-13.216,30.814,30.766,8.895,0.0,0.0
368,3.0,6.0,1.0,5.0,6.0,0.0,1948.469,2822.088,129.015,31.105,30.738,8.848,0.0,0.0
369,3.0,6.0,1.0,6.0,7.0,0.0,2283.848,2837.892,16.845,31.08,30.734,9.699,0.0,0.0
370,3.0,6.0,1.0,7.0,7.0,0.0,2256.289,2836.286,27.562,31.307,31.062,9.681,0.0,0.0
371,3.0,6.0,1.0,8.0,8.0,0.0,2037.748,2837.72,-17.094,30.742,30.66,8.87,0.0,0.0
372,3.0,6.0,1.0,9.0,9.0,0.0,2198.425,2856.129,-26.868,31.211,31.035,9.775,0.0,0.0
375,4.0,6.0,1.0,2.0,2.0,0.0,2825.589,2528.608,107.212,30.675,30.411,8.824,0.0,0.0
377,4.0,6.0,1.0,4.0,4.0,0.0,2789.892,2608.414,103.565,30.723,30.575,8.855,0.0,0.0
379,4.0,6.0,1.0,6.0,7.0,0.0,2337.751,2778.166,52.686,30.359,30.238,8.839,0.0,0.0
380,4.0,6.0,1.0,7.0,8.0,0.0,2647.85,2783.171,22.813,30.475,30.298,8.865,0.0,0.0
381,5.0,6.0,1.0,0.0,4.0,0.0,3142.389,2575.842,6.418,30.662,30.531,8.926,0.0,0.0
382,5.0,6.0,1.0,1.0,5.0,0.0,3176.147,2604.656,131.376,30.088,29.996,8.764,0.0,0.0
383,5.0,6.0,1.0,2.0,7.0,0.0,2914.23,2724.923,96.839,30.549,30.459,8.899,0.0,0.0
385,5.0,6.0,1.0,4.0,9.0,0.0,2946.757,2768.895,-5.072,31.145,31.118,8.909,0.0,0.0
386,6.0,6.0,1.0,0.0,0.0,0.0,3860.186,2667.558,119.954,29.994,29.867,8.818,0.0,0.0
387,6.0,6.0,1.0,1.0,1.0,0.0,3717.093,2740.423,104.877,30.715,30.687,8.87,0.0,0.0
388,6.0,6.0,1.0,2.0,2.0,0.0,3645.617,2812.698,30.135,30.761,30.622,8.867,0.0,0.0
390,6.0,6.0,1.0,4.0,4.0,0.0,3741.782,2841.121,117.148,30.324,30.14,8.819,0.0,0.0
391,6.0,6.0,1.0,5.0,5.0,0.0,3842.424,2867.521,-3.433,31.799,27.612,8.578,0.0,0.0
392,7.0,6.0,1.0,0.0,0.0,0.0,4509.543,2527.877,-30.515,30.841,30.692,8.889,0.0,0.0
393,7.0,6.0,1.0,1.0,1.0,0.0,4101.995,2785.696,-22.948,30.748,30.465,8.842,0.0,0.0
394,7.0,6.0,1.0,2.0,2.0,0.0,4594.578,2800.477,-18.976,31.164,30.94,8.971,0.0,0.0
395,7.0,6.0,1.0,3.0,3.0,0.0,4219.586,2835.85,81.631,30.803,30.592,8.869,0.0,0.0
396,8.0,6.0,1.0,0.0,0.0,0.0,5166.613,2605.295,-29.297,30.666,30.547,8.929,0.0,0.0
399,9.0,6.0,1.0,1.0,2.0,0.0,5301.235,2533.598,28.274,30.707,30.578,8.939,0.0,0.0
400,9.0,6.0,1.0,2.0,3.0,0.0,5772.405,2542.211,91.498,32.451,25.77,8.365,0.0,0.0
401,9.0,6.0,1.0,3.0,4.0,0.0,5369.627,2551.053,102.933,30.291,30.122,8.812,0.0,0.0
402,9.0,6.0,1.0,4.0,5.0,0.0,5666.934,2701.482,13.73,30.33,30.258,8.837,0.0,0.0
403,0.0,7.0,1.0,0.0,0.0,0.0,123.269,2919.81,57.52,30.868,30.793,8.907,0.0,0.0
404,0.0,7.0,1.0,1.0,1.0,0.0,270.602,2952.808,37.367,30.594,30.533,8.83,0.0,0.0
405,0.0,7.0,1.0,2.0,2.0,0.0,63.331,2976.347,43.568,30.612,30.413,8.815,0.0,0.0
407,0.0,7.0,1.0,4.0,5.0,0.0,490.784,3157.201,-16.361,30.981,30.775,8.921,0.0,0.0
408,0.0,7.0,1.0,5.0,7.0,0.0,80.254,3260.998,68.359,31.142,31.109,8.907,0.0,0.0
409,1.0,7.0,1.0,0.0,0.0,0.0,681.604,2874.608,70.227,30.497,30.33,8.872,0.0,0.0
410,1.0,7.0,1.0,1.0,1.0,0.0,640.343,2879.785,53.463,30.977,30.72,8.912,0.0,0.0
414,1.0,7.0,1.0,5.0,5.0,0.0,684.57,3081.277,-22.337,30.806,30.682,8.882,0.0,0.0
415,1.0,7.0,1.0,6.0,6.0,0.0,848.522,3099.534,53.881,30.605,30.417,8.901,0.0,0.0
416,1.0,7.0,1.0,7.0,7.0,0.0,724.193,3101.268,53.695,30.863,30.718,8.895,0.0,0.0
418,1.0,7.0,1.0,9.0,10.0,0.0,664.979,3199.174,27.327,30.551,30.332,8.794,0.0,0.0
419,1.0,7.0,1.0,10.0,11.0,0.0,599.621,3251.075,3.972,31.275,31.164,8.934,0.0,0.0
420,2.0,7.0,1.0,0.0,0.0,0.0,1237.228,2894.129,65.208,31.172,30.996,8.98,0.0,0.0
421,2.0,7.0,1.0,1.0,1.0,0.0,1300.213,2959.887,27.231,30.68,30.565,8.933,0.0,0.0
422,2.0,7.0,1.0,2.0,2.0,0.0,1376.899,2988.022,25.604,30.673,30.622,8.854,0.0,0.0
425,2.0,7.0,1.0,5.0,4.0,0.0,1287.293,3044.06,26.193,30.218,30.078,8.795,0.0,0.0
426,2.0,7.0,1.0,6.0,5.0,0.0,1612.704,3045.542,119.212,30.652,30.505,8.834,0.0,0.0
427,2.0,7.0,1.0,7.0,6.0,0.0,1608.962,3160.911,87.762,30.461,30.082,8.831,0.0,0.0
428,2.0,7.0,1.0,8.0,7.0,0.0,1460.884,3224.719,114.436,30.932,30.585,8.886,0.0,0.0
429,2.0,7.0,1.0,9.0,8.0,0.0,1378.098,3231.354,55.152,30.759,30.691,8.877,0.0,0.0
430,3.0,7.0,1.0,0.0,1.0,0.0,2134.865,2877.105,-9.095,30.475,30.437,8.885,0.0,0.0
433,3.0,7.0,1.0,3.0,8.0,0.0,2308.13,3226.117,44.646,31.525,31.077,8.957,0.0,0.0
434,3.0,7.0,1.0,4.0,9.0,0.0,2214.375,3259.015,88.546,31.007,30.903,8.943,0.0,0.0
435,4.0,7.0,1.0,0.0,0.0,0.0,2386.128,2895.297,67.008,30.635,30.433,8.822,0.0,0.0
436,4.0,7.0,1.0,1.0,1.0,0.0,2353.194,2952.676,49.909,30.451,30.251,8.854,0.0,0.0
437,4.0,7.0,1.0,2.0,2.0,0.0,2584.936,2957.601,92.426,30.803,30.637,8.875,0.0,0.0
439,4.0,7.0,1.0,4.0,4.0,0.0,2497.658,3120.591,87.126,30.39,30.321,8.855,0.0,0.0
440,4.0,7.0,1.0,5.0,5.0,0.0,2758.536,3199.882,64.772,30.631,29.192,8.726,0.0,0.0
441,4.0,7.0,1.0,6.0,8.0,0.0,2362.145,3238.382,127.529,30.865,30.738,8.899,0.0,0.0
442,5.0,7.0,1.0,0.0,0.0,0.0,3423.354,2973.265,85.63,31.033,30.979,8.958,0.0,0.0
443,5.0,7.0,1.0,1.0,1.0,0.0,3420.847,3050.977,132.669,30.832,30.687,8.887,0.0,0.0
444,5.0,7.0,1.0,2.0,2.0,0.0,3298.203,3092.745,124.501,30.113,29.921,8.757,0.0,0.0
445,5.0,7.0,1.0,3.0,3.0,0.0,3299.155,3275.87,-3.121,31.83,27.046,8.499,0.0,0.0
446,6.0,7.0,1.0,0.0,2.0,0.0,3878.601,3041.481,80.32,30.092,30.058,8.774,0.0,0.0
447,6.0,7.0,1.0,1.0,3.0,0.0,3663.164,3046.01,76.524,30.355,30.215,9.014,0.0,0.0
448,6.0,7.0,1.0,2.0,4.0,0.0,3662.813,3139.172,-31.783,30.751,30.732,8.881,0.0,0.0
449,6.0,7.0,1.0,3.0,5.0,0.0,3700.991,3209.413,76.725,30.79,30.608,8.869,0.0,0.0
450,6.0,7.0,1.0,4.0,6.0,0.0,4007.324,3269.035,89.095,22.972,22.521,6.572,0.0,0.0
451,7.0,7.0,1.0,0.0,0.0,0.0,4586.154,3019.367,-30.728,30.333,30.245,8.924,0.0,0.0
452,7.0,7.0,1.0,1.0,1.0,0.0,4258.031,3042.807,41.545,30.229,30.09,8.798,0.0,0.0
454,7.0,7.0,1.0,3.0,3.0,0.0,4160.826,3265.498,37.564,30.718,30.665,8.867,0.0,0.0
455,8.0,7.0,1.0,0.0,0.0,0.0,4862.223,2939.964,85.299,30.609,30.467,8.823,0.0,0.0
456,8.0,7.0,1.0,1.0,2.0,0.0,4867.123,3061.843,129.798,30.396,30.198,8.839,0.0,0.0
457,8.0,7.0,1.0,2.0,4.0,0.0,4998.599,3099.265,31.059,29.677,29.571,8.728,0.0,0.0
459,8.0,7.0,1.0,4.0,6.0,0.0,5131.164,3171.214,48.882,31.296,31.019,8.916,0.0,0.0
461,9.0,7.0,1.0,0.0,0.0,0.0,5447.358,2954.928,110.572,30.414,30.196,8.84,0.0,0.0
462,9.0,7.0,1.0,1.0,1.0,0.0,5686.892,2984.944,125.334,30.863,30.775,8.904,0.0,0.0
463,9.0,7.0,1.0,2.0,2.0,0.0,5343.049,2993.823,9.486,30.554,30.352,8.884,0.0,0.0
464,9.0,7.0,1.0,3.0,3.0,0.0,5612.174,3062.897,-39.17,30.399,30.295,8.853,0.0,0.0
465,9.0,7.0,1.0,4.0,4.0,0.0,5408.072,3159.706,106.955,30.276,30.169,8.817,0.0,0.0
466,9.0,7.0,1.0,5.0,5.0,0.0,5697.424,3164.266,91.204,30.541,30.348,8.881,0.0,0.0
467,9.0,7.0,1.0,6.0,6.0,0.0,5335.66,3175.128,105.06,30.794,30.733,8.888,0.0,0.0
469,0.0,8.0,1.0,1.0,2.0,0.0,400.125,3338.636,47.841,30.572,30.481,8.819,0.0,0.0
470,0.0,8.0,1.0,2.0,3.0,0.0,213.874,3382.227,-10.105,30.442,30.234,8.851,0.0,0.0
471,1.0,8.0,1.0,0.0,0.0,0.0,827.574,3428.5,81.344,30.195,30.041,8.786,0.0,0.0
472,1.0,8.0,1.0,1.0,1.0,0.0,870.874,3475.199,87.322,30.302,30.125,8.814,0.0,0.0
473,1.0,8.0,1.0,2.0,2.0,0.0,1018.355,3498.373,124.407,30.241,30.186,8.814,0.0,0.0
475,1.0,8.0,1.0,4.0,6.0,0.0,770.245,3660.57,46.501,30.88,30.772,8.906,0.0,0.0
476,2.0,8.0,1.0,0.0,0.0,0.0,1713.269,3305.213,134.48,31.103,30.931,8.961,0.0,0.0
477,2.0,8.0,1.0,1.0,1.0,0.0,1446.226,3411.927,81.97,30.185,30.024,8.782,0.0,0.0
478,2.0,8.0,1.0,2.0,2.0,0.0,1171.039,3505.863,2.158,30.674,30.539,8.929,0.0,0.0
480,2.0,8.0,1.0,4.0,4.0,0.0,1364.917,3552.976,70.916,30.762,30.713,8.88,0.0,0.0
483,3.0,8.0,1.0,0.0,1.0,0.0,1954.432,3396.976,90.023,30.432,30.221,8.847,0.0,0.0
484,3.0,8.0,1.0,1.0,2.0,0.0,2166.489,3512.929,4.591,30.315,30.198,8.827,0.0,0.0
485,3.0,8.0,1.0,2.0,3.0,0.0,2263.181,3561.551,39.253,31.183,31.02,8.9,0.0,0.0
486,3.0,8.0,1.0,3.0,4.0,0.0,2159.285,3639.81,84.076,30.392,30.308,8.768,0.0,0.0
487,4.0,8.0,1.0,0.0,0.0,0.0,2773.651,3322.696,128.456,30.527,30.462,8.896,0.0,0.0
488,4.0,8.0,1.0,1.0,1.0,0.0,2498.916,3328.808,75.451,30.548,30.392,8.889,0.0,0.0
489,4.0,8.0,1.0,2.0,2.0,0.0,2681.349,3485.491,-38.131,30.119,30.011,8.771,0.0,0.0
490,4.0,8.0,1.0,3.0,4.0,0.0,2775.447,3526.918,-17.967,30.468,30.407,8.879,0.0,0.0
493,5.0,8.0,1.0,0.0,1.0,0.0,3014.951,3282.207,134.76,30.639,30.596,8.932,0.0,0.0
494,5.0,8.0,1.0,1.0,2.0,0.0,3243.419,3519.749,73.617,30.059,29.949,8.753,0.0,0.0
495,5.0,8.0,1.0,2.0,3.0,0.0,3099.184,3528.482,14.526,30.474,30.437,8.885,0.0,0.0
496,5.0,8.0,1.0,3.0,4.0,0.0,3329.461,3566.571,-39.031,30.874,30.739,8.9,0.0,0.0
497,6.0,8.0,1.0,0.0,0.0,0.0,3669.929,3286.041,46.731,30.794,30.384,8.923,0.0,0.0
498,6.0,8.0,1.0,1.0,1.0,0.0,3719.0,3303.55,97.026,30.424,30.378,8.869,0.0,0.0
499,6.0,8.0,1.0,2.0,2.0,0.0,3825.283,3310.689,129.464,30.886,30.661,8.891,0.0,0.0
500,6.0,8.0,1.0,3.0,3.0,0.0,3942.053,3311.942,118.966,30.759,30.453,8.842,0.0,0.0
502,6.0,8.0,1.0,5.0,5.0,0.0,3740.498,3398.723,-40.518,30.501,30.473,8.894,0.0,0.0
503,6.0,8.0,1.0,6.0,6.0,0.0,3559.4,3432.207,2.327,30.801,30.722,8.887,0.0,0.0
505,6.0,8.0,1.0,8.0,7.0,0.0,4016.157,3450.803,71.9,30.96,30.55,9.76,0.0,0.0
506,6.0,8.0,1.0,9.0,8.0,0.0,3815.025,3562.802,105.278,30.306,30.214,8.828,0.0,0.0
507,6.0,8.0,1.0,10.0,9.0,0.0,3543.362,3594.498,43.505,31.581,31.266,8.993,0.0,0.0
508,6.0,8.0,1.0,11.0,10.0,0.0,3648.385,3626.35,121.732,30.647,30.58,8.844,0.0,0.0
509,7.0,8.0,1.0,0.0,1.0,0.0,4442.292,3296.585,121.453,30.699,30.466,8.836,0.0,0.0
510,7.0,8.0,1.0,1.0,2.0,0.0,4586.604,3444.302,53.67,31.028,30.922,8.864,0.0,0.0
514,7.0,8.0,1.0,5.0,5.0,0.0,4119.415,3668.064,31.364,31.04,30.904,8.948,0.0,0.0
516,8.0,8.0,1.0,0.0,0.0,0.0,4999.755,3349.775,126.272,30.16,30.083,8.787,0.0,0.0
517,8.0,8.0,1.0,1.0,1.0,0.0,5048.435,3405.944,63.626,30.483,30.321,8.869,0.0,0.0
518,8.0,8.0,1.0,2.0,2.0,0.0,5179.781,3444.338,3.502,31.163,30.908,8.967,0.0,0.0
520,8.0,8.0,1.0,4.0,5.0,0.0,4714.107,3526.59,25.281,30.421,30.267,8.852,0.0,0.0
521,8.0,8.0,1.0,5.0,6.0,0.0,5129.292,3566.953,-6.604,31.193,30.587,9.478,0.0,0.0
523,8.0,8.0,1.0,7.0,7.0,0.0,4900.436,3562.191,83.659,31.077,30.855,9.507,0.0,0.0
526,9.0,8.0,1.0,2.0,2.0,0.0,5408.042,3381.735,-40.428,30.599,30.501,8.912,0.0,0.0
527,9.0,8.0,1.0,3.0,3.0,0.0,5504.375,3425.992,95.958,30.157,30.051,8.782,0.0,0.0
528,9.0,8.0,1.0,4.0,6.0,0.0,5706.382,3463.162,117.567,30.646,30.594,8.846,0.0,0.0
529,9.0,8.0,1.0,5.0,7.0,0.0,5411.52,3519.524,49.126,30.558,30.429,8.896,0.0,0.0
530,9.0,8.0,1.0,6.0,8.0,0.0,5323.126,3566.514,133.992,30.375,30.351,8.858,0.0,0.0
531,0.0,9.0,1.0,0.0,0.0,0.0,499.752,3689.868,-40.36,31.363,31.237,8.957,0.0,0.0
532,0.0,9.0,1.0,1.0,1.0,0.0,305.107,3782.021,73.812,30.389,30.272,8.848,0.0,0.0
533,0.0,9.0,1.0,2.0,2.0,0.0,269.069,3800.868,93.304,30.626,30.566,8.839,0.0,0.0
534,0.0,9.0,1.0,3.0,3.0,0.0,280.688,3897.55,103.203,27.895,27.532,8.422,0.0,0.0
535,0.0,9.0,1.0,4.0,4.0,0.0,461.626,3904.259,116.779,30.379,30.178,8.833,0.0,0.0
539,1.0,9.0,1.0,0.0,2.0,0.0,633.84,4009.218,0.125,14.146,13.593,5.681,0.0,0.0
543,2.0,9.0,1.0,3.0,4.0,0.0,1536.386,3884.039,17.825,29.92,29.518,8.756,0.0,0.0
544,2.0,9.0,1.0,4.0,5.0,0.0,1301.308,3918.008,109.413,30.649,30.539,8.925,0.0,0.0
545,2.0,9.0,1.0,5.0,6.0,0.0,1584.341,3995.195,104.813,30.922,30.773,8.912,0.0,0.0
546,2.0,9.0,1.0,6.0,7.0,0.0,1372.704,4068.327,2.674,30.628,30.551,8.837,0.0,0.0
547,3.0,9.0,1.0,0.0,0.0,0.0,1838.143,3707.637,53.055,30.824,30.634,8.878,0.0,0.0
548,3.0,9.0,1.0,1.0,1.0,0.0,1836.486,3938.052,4.972,30.643,30.212,8.791,0.0,0.0
549,3.0,9.0,1.0,2.0,2.0,0.0,2109.957,3963.839,69.484,30.451,30.262,8.856,0.0,0.0
550,3.0,9.0,1.0,3.0,3.0,0.0,2176.631,3971.626,83.943,30.603,30.493,8.826,0.0,0.0
551,3.0,9.0,1.0,4.0,4.0,0.0,1895.856,4027.282,40.064,30.926,30.833,8.921,0.0,0.0
552,4.0,9.0,1.0,0.0,0.0,0.0,2821.403,3722.298,73.623,30.608,30.536,8.832,0.0,0.0
553,4.0,9.0,1.0,1.0,1.0,0.0,2679.033,3806.336,-2.367,30.58,30.453,8.903,0.0,0.0
554,4.0,9.0,1.0,2.0,2.0,0.0,2341.988,3825.813,9.077,30.602,30.474,8.909,0.0,0.0
555,4.0,9.0,1.0,3.0,3.0,0.0,2354.689,3908.867,-41.103,30.51,30.405,8.885,0.0,0.0
556,4.0,9.0,1.0,4.0,4.0,0.0,2450.098,4041.872,84.226,30.69,30.633,8.858,0.0,0.0
558,5.0,9.0,1.0,0.0,0.0,0.0,3290.706,3944.338,52.826,30.264,30.208,8.821,0.0,0.0
559,5.0,9.0,1.0,1.0,1.0,0.0,3096.097,4009.581,-7.374,30.722,30.621,8.861,0.0,0.0
560,6.0,9.0,1.0,0.0,1.0,0.0,3758.472,3841.169,-42.323,30.668,30.276,9.159,0.0,0.0
561,6.0,9.0,1.0,1.0,3.0,0.0,3888.232,3966.272,119.113,30.31,30.198,8.826,0.0,0.0
562,6.0,9.0,1.0,2.0,5.0,0.0,3689.871,4008.776,73.252,30.843,30.788,8.903,0.0,0.0
564,7.0,9.0,1.0,0.0,1.0,0.0,4275.32,3739.203,-24.188,30.34,30.189,8.829,0.0,0.0
565,7.0,9.0,1.0,1.0,2.0,0.0,4366.57,3897.463,110.859,30.021,29.856,8.734,0.0,0.0
566,7.0,9.0,1.0,2.0,3.0,0.0,4217.58,3934.432,37.548,30.378,30.288,8.849,0.0,0.0
567,7.0,9.0,1.0,3.0,4.0,0.0,4417.479,3949.324,72.659,30.027,29.702,8.799,0.0,0.0
569,7.0,9.0,1.0,5.0,6.0,0.0,4295.712,4021.618,61.89,30.83,30.809,8.904,0.0,0.0
573,8.0,9.0,1.0,3.0,2.0,0.0,5189.367,3813.895,-5.345,30.445,30.349,8.868,0.0,0.0
575,8.0,9.0,1.0,5.0,4.0,0.0,5071.447,3952.586,51.234,30.433,30.239,8.85,0.0,0.0
576,8.0,9.0,1.0,6.0,5.0,0.0,5095.632,3978.788,95.7,31.033,30.87,8.942,0.0,0.0
577,8.0,9.0,1.0,7.0,7.0,0.0,4627.472,4043.268,116.247,30.979,30.837,8.929,0.0,0.0
578,8.0,9.0,1.0,8.0,10.0,0.0,4651.809,4077.846,7.559,31.001,30.86,8.936,0.0,0.0
579,9.0,9.0,1.0,0.0,0.0,0.0,5489.978,3721.525,110.26,30.204,30.118,8.799,0.0,0.0
580,9.0,9.0,1.0,1.0,2.0,0.0,5408.547,3815.679,2.055,30.657,30.575,8.932,0.0,0.0
581,0.0,10.0,1.0,0.0,1.0,0.0,289.905,4316.224,66.101,30.167,30.134,8.796,0.0,0.0
582,0.0,10.0,1.0,1.0,2.0,0.0,351.507,4322.957,-42.009,29.81,29.521,8.74,0.0,0.0
583,0.0,10.0,1.0,2.0,3.0,0.0,463.162,4369.311,87.348,30.696,30.632,8.859,0.0,0.0
584,0.0,10.0,1.0,3.0,4.0,0.0,393.789,4370.082,-15.47,30.524,30.286,8.784,0.0,0.0
585,0.0,10.0,1.0,4.0,5.0,0.0,431.764,4415.656,44.373,30.481,30.285,8.863,0.0,0.0
586,0.0,10.0,1.0,5.0,6.0,0.0,46.18,4449.75,-5.188,30.821,30.761,8.896,0.0,0.0
587,1.0,10.0,1.0,0.0,0.0,0.0,595.796,4112.474,7.031,30.436,30.364,8.783,0.0,0.0
588,2.0,10.0,1.0,0.0,1.0,0.0,1650.404,4105.801,84.924,30.554,30.339,8.882,0.0,0.0
589,2.0,10.0,1.0,1.0,2.0,0.0,1730.848,4127.601,-39.202,31.033,30.88,8.944,0.0,0.0
590,2.0,10.0,1.0,2.0,3.0,0.0,1178.002,4170.227,6.018,30.887,30.744,8.903,0.0,0.0
592,2.0,10.0,1.0,4.0,5.0,0.0,1335.467,4175.077,38.05,30.278,30.247,8.828,0.0,0.0
593,2.0,10.0,1.0,5.0,6.0,0.0,1234.188,4302.929,42.443,30.303,30.186,8.823,0.0,0.0
594,2.0,10.0,1.0,6.0,7.0,0.0,1409.341,4330.648,67.251,30.491,30.281,8.864,0.0,0.0
596,2.0,10.0,1.0,8.0,9.0,0.0,1308.199,4451.566,123.116,30.923,30.846,8.923,0.0,0.0
599,3.0,10.0,1.0,0.0,0.0,0.0,2084.943,4115.837,-12.984,30.57,30.439,8.899,0.0,0.0
600,3.0,10.0,1.0,1.0,2.0,0.0,2294.669,4209.604,-21.471,30.878,30.607,8.882,0.0,0.0
601,3.0,10.0,1.0,2.0,3.0,0.0,1965.335,4310.42,-17.278,17.932,17.901,6.815,0.0,0.0
602,3.0,10.0,1.0,3.0,4.0,0.0,2135.467,4322.45,132.571,29.811,29.607,8.753,0.0,0.0
603,3.0,10.0,1.0,4.0,5.0,0.0,2060.684,4482.492,60.822,31.045,30.947,8.955,0.0,0.0
604,3.0,10.0,1.0,5.0,6.0,0.0,1978.489,4497.165,-1.011,31.139,30.5,8.905,0.0,0.0
605,4.0,10.0,1.0,0.0,1.0,0.0,2757.099,4122.238,-4.041,30.709,30.589,8.941,0.0,0.0
606,4.0,10.0,1.0,1.0,2.0,0.0,2626.096,4155.099,96.211,30.086,29.969,8.76,0.0,0.0
607,4.0,10.0,1.0,2.0,5.0,0.0,2563.495,4279.467,35.744,30.682,30.482,8.835,0.0,0.0
608,4.0,10.0,1.0,3.0,6.0,0.0,2440.189,4412.396,94.787,30.235,30.101,8.801,0.0,0.0
609,4.0,10.0,1.0,4.0,7.0,0.0,2503.646,4428.815,113.716,30.684,30.603,8.853,0.0,0.0
611,5.0,10.0,1.0,1.0,2.0,0.0,3320.842,4192.444,118.432,30.171,30.028,8.781,0.0,0.0
613,5.0,10.0,1.0,3.0,4.0,0.0,3394.294,4262.437,-27.641,31.31,27.774,8.618,0.0,0.0
614,5.0,10.0,1.0,4.0,5.0,0.0,3222.271,4302.332,125.206,29.781,29.516,8.735,0.0,0.0
615,5.0,10.0,1.0,5.0,6.0,0.0,3322.436,4421.782,58.777,30.635,30.501,8.831,0.0,0.0
618,6.0,10.0,1.0,0.0,0.0,0.0,3749.258,4095.808,81.595,30.222,30.131,8.803,0.0,0.0
619,6.0,10.0,1.0,1.0,1.0,0.0,3607.33,4270.046,46.953,30.404,30.158,8.834,0.0,0.0
620,6.0,10.0,1.0,2.0,2.0,0.0,3651.889,4279.617,74.859,30.268,30.167,8.815,0.0,0.0
622,6.0,10.0,1.0,4.0,4.0,0.0,3611.403,4403.144,92.057,30.556,30.385,8.803,0.0,0.0
623,6.0,10.0,1.0,5.0,5.0,0.0,3753.082,4491.406,54.552,30.99,30.709,8.828,0.0,0.0
624,7.0,10.0,1.0,0.0,0.0,0.0,4385.234,4193.134,64.602,30.838,30.641,8.881,0.0,0.0
625,7.0,10.0,1.0,1.0,1.0,0.0,4352.689,4199.449,47.051,30.833,30.661,8.883,0.0,0.0
626,7.0,10.0,1.0,2.0,3.0,0.0,4528.668,4320.864,-31.744,30.862,30.772,8.903,0.0,0.0
627,7.0,10.0,1.0,3.0,4.0,0.0,4609.995,4369.607,-6.339,31.099,30.834,8.947,0.0,0.0
628,7.0,10.0,1.0,4.0,5.0,0.0,4234.619,4378.774,15.837,30.897,30.68,8.895,0.0,0.0
629,7.0,10.0,1.0,5.0,6.0,0.0,4135.921,4390.288,-28.516,30.831,30.762,8.897,0.0,0.0
632,8.0,10.0,1.0,2.0,3.0,0.0,4915.525,4172.722,104.546,30.241,30.075,8.798,0.0,0.0
633,8.0,10.0,1.0,3.0,4.0,0.0,4926.617,4253.867,48.139,30.607,29.786,8.727,0.0,0.0
634,8.0,10.0,1.0,4.0,5.0,0.0,5155.505,4310.143,-37.241,30.618,30.395,8.9,0.0,0.0
635,8.0,10.0,1.0,5.0,6.0,0.0,4657.696,4314.137,74.733,30.615,30.561,8.923,0.0,0.0
636,8.0,10.0,1.0,6.0,8.0,0.0,4931.794,4377.36,42.046,30.606,30.553,8.835,0.0,0.0
637,8.0,10.0,1.0,7.0,9.0,0.0,5140.802,4407.328,-19.194,31.002,30.691,8.828,0.0,0.0
639,9.0,10.0,1.0,0.0,1.0,0.0,5641.856,4170.654,115.482,30.62,30.39,8.813,0.0,0.0
640,9.0,10.0,1.0,1.0,2.0,0.0,5539.53,4234.54,-3.943,30.252,30.153,8.811,0.0,0.0
641,9.0,10.0,1.0,2.0,3.0,0.0,5400.116,4241.108,83.724,30.747,30.637,8.867,0.0,0.0
643,0.0,11.0,1.0,1.0,1.0,0.0,70.964,4773.329,29.341,30.593,30.546,8.832,0.0,0.0
644,0.0,11.0,1.0,2.0,2.0,0.0,402.566,4807.762,17.205,30.498,30.376,8.879,0.0,0.0
646,0.0,11.0,1.0,4.0,4.0,0.0,25.277,4896.213,4.59,31.078,30.996,8.967,0.0,0.0
648,1.0,11.0,1.0,0.0,0.0,0.0,1134.506,4550.678,114.175,30.775,30.559,8.946,0.0,0.0
649,1.0,11.0,1.0,1.0,2.0,0.0,733.121,4611.831,97.627,30.152,29.922,8.762,0.0,0.0
650,1.0,11.0,1.0,2.0,3.0,0.0,1043.474,4679.911,70.456,30.488,30.353,8.874,0.0,0.0
652,1.0,11.0,1.0,4.0,5.0,0.0,891.982,4777.31,102.766,30.297,30.199,8.824,0.0,0.0
655,2.0,11.0,1.0,2.0,3.0,0.0,1683.097,4640.314,-25.837,30.83,30.683,8.886,0.0,0.0
656,2.0,11.0,1.0,3.0,4.0,0.0,1304.831,4755.537,-17.151,30.233,30.132,8.805,0.0,0.0
657,2.0,11.0,1.0,4.0,5.0,0.0,1639.485,4784.629,122.943,30.466,30.414,8.88,0.0,0.0
658,2.0,11.0,1.0,5.0,6.0,0.0,1519.445,4869.72,-26.04,30.635,30.512,8.919,0.0,0.0
659,2.0,11.0,1.0,6.0,7.0,0.0,1187.117,4900.149,-16.217,30.777,30.638,8.872,0.0,0.0
663,3.0,11.0,1.0,3.0,4.0,0.0,2259.517,4814.461,120.386,31.077,30.803,8.853,0.0,0.0
664,3.0,11.0,1.0,4.0,5.0,0.0,2112.594,4862.719,128.822,30.964,30.881,8.934,0.0,0.0
665,4.0,11.0,1.0,0.0,0.0,0.0,2609.851,4536.52,93.999,30.194,30.153,8.802,0.0,0.0
668,4.0,11.0,1.0,3.0,3.0,0.0,2605.205,4630.103,123.696,30.465,30.364,8.873,0.0,0.0
669,4.0,11.0,1.0,4.0,4.0,0.0,2472.55,4635.515,-36.206,30.66,30.562,8.844,0.0,0.0
670,4.0,11.0,1.0,5.0,5.0,0.0,2648.887,4757.292,-40.021,30.023,29.875,8.737,0.0,0.0
671,4.0,11.0,1.0,6.0,6.0,0.0,2411.894,4784.127,21.795,31.561,30.751,9.874,0.0,0.0
672,4.0,11.0,1.0,7.0,7.0,0.0,2608.094,4784.032,7.113,30.531,30.433,8.806,0.0,0.0
673,4.0,11.0,1.0,8.0,8.0,0.0,2402.462,4906.697,-2.0,31.717,28.741,8.642,0.0,0.0
674,5.0,11.0,1.0,0.0,1.0,0.0,3272.581,4534.196,117.517,30.56,30.372,8.888,0.0,0.0
675,5.0,11.0,1.0,1.0,2.0,0.0,3044.923,4548.137,13.164,31.219,30.698,9.824,0.0,0.0
676,5.0,11.0,1.0,2.0,3.0,0.0,2925.642,4593.06,34.339,30.316,30.148,8.819,0.0,0.0
677,5.0,11.0,1.0,3.0,4.0,0.0,3409.287,4650.891,88.71,31.072,30.665,9.474,0.0,0.0
678,5.0,11.0,1.0,4.0,5.0,0.0,3066.661,4688.736,61.863,30.375,30.289,8.849,0.0,0.0
679,5.0,11.0,1.0,5.0,6.0,0.0,3140.273,4804.064,82.177,30.602,30.458,8.82,0.0,0.0
681,6.0,11.0,1.0,0.0,1.0,0.0,3916.523,4527.215,130.625,30.821,30.644,8.879,0.0,0.0
684,6.0,11.0,1.0,3.0,5.0,0.0,3991.431,4707.859,-34.816,31.532,30.32,9.489,0.0,0.0
685,6.0,11.0,1.0,4.0,6.0,0.0,3840.934,4768.012,9.237,30.064,29.832,8.736,0.0,0.0
686,6.0,11.0,1.0,5.0,7.0,0.0,3662.582,4778.756,44.924,30.641,30.531,8.923,0.0,0.0
687,6.0,11.0,1.0,6.0,8.0,0.0,3632.24,4821.991,-25.179,30.868,30.188,8.82,0.0,0.0
688,6.0,11.0,1.0,7.0,9.0,0.0,3969.861,4846.026,7.896,31.073,30.829,8.942,0.0,0.0
689,7.0,11.0,1.0,0.0,1.0,0.0,4061.174,4604.435,22.829,30.663,30.376,8.903,0.0,0.0
690,7.0,11.0,1.0,1.0,2.0,0.0,4617.113,4645.96,102.187,30.72,30.344,8.821,0.0,0.0
691,7.0,11.0,1.0,2.0,3.0,0.0,4475.14,4718.841,86.059,30.194,30.127,8.799,0.0,0.0
692,7.0,11.0,1.0,3.0,4.0,0.0,4139.093,4797.184,55.753,31.049,30.849,8.941,0.0,0.0
693,7.0,11.0,1.0,4.0,5.0,0.0,4399.139,4819.578,64.752,30.657,30.533,8.839,0.0,0.0
694,7.0,11.0,1.0,5.0,6.0,0.0,4510.079,4906.333,-1.377,31.027,29.191,8.698,0.0,0.0
695,8.0,11.0,1.0,0.0,0.0,0.0,4698.113,4609.348,45.24,30.559,30.426,8.895,0.0,0.0
696,8.0,11.0,1.0,1.0,3.0,0.0,4812.235,4655.321,34.232,30.791,30.758,8.891,0.0,0.0
697,8.0,11.0,1.0,2.0,4.0,0.0,4737.194,4716.971,31.405,30.549,30.394,8.889,0.0,0.0
698,8.0,11.0,1.0,3.0,7.0,0.0,4973.566,4890.939,133.277,30.563,30.519,8.91,0.0,0.0
699,9.0,11.0,1.0,0.0,0.0,0.0,5556.402,4605.269,23.64,30.29,30.198,8.823,0.0,0.0
700,9.0,11.0,1.0,1.0,1.0,0.0,5377.35,4607.081,81.743,30.688,30.488,8.837,0.0,0.0
701,9.0,11.0,1.0,2.0,2.0,0.0,5232.219,4644.321,45.582,30.379,30.286,8.849,0.0,0.0
704,0.0,12.0,1.0,0.0,2.0,0.0,343.406,5041.258,124.916,30.478,30.418,8.882,0.0,0.0
706,0.0,12.0,1.0,2.0,4.0,0.0,299.949,5062.081,-12.624,30.238,29.875,8.686,0.0,0.0
707,0.0,12.0,1.0,3.0,5.0,0.0,495.487,5069.354,102.808,30.804,30.615,8.872,0.0,0.0
708,0.0,12.0,1.0,4.0,6.0,0.0,572.037,5089.621,10.172,30.667,30.568,8.846,0.0,0.0
709,0.0,12.0,1.0,5.0,7.0,0.0,423.623,5113.16,53.786,29.648,29.24,8.675,0.0,0.0
710,0.0,12.0,1.0,6.0,8.0,0.0,36.666,5125.647,113.156,30.953,30.807,8.921,0.0,0.0
711,0.0,12.0,1.0,7.0,9.0,0.0,197.759,5171.322,-4.715,30.645,30.443,8.824,0.0,0.0
712,0.0,12.0,1.0,8.0,10.0,0.0,34.011,5179.547,-28.594,30.835,30.756,8.897,0.0,0.0
713,0.0,12.0,1.0,9.0,11.0,0.0,388.868,5298.514,63.067,31.039,30.911,8.949,0.0,0.0
715,1.0,12.0,1.0,1.0,1.0,0.0,956.331,5078.482,-7.922,29.832,29.57,8.751,0.0,0.0
716,1.0,12.0,1.0,2.0,4.0,0.0,981.309,5212.861,125.97,30.909,30.588,9.65,0.0,0.0
717,1.0,12.0,1.0,3.0,4.0,0.0,993.748,5189.099,127.452,30.63,30.181,9.54,0.0,0.0
718,1.0,12.0,1.0,4.0,5.0,0.0,1059.21,5244.772,8.127,31.166,30.962,8.975,0.0,0.0
719,2.0,12.0,1.0,0.0,1.0,0.0,1288.343,4914.894,53.647,30.858,30.679,8.889,0.0,0.0
720,2.0,12.0,1.0,1.0,2.0,0.0,1534.655,4924.136,104.166,30.558,30.42,8.894,0.0,0.0
721,2.0,12.0,1.0,2.0,3.0,0.0,1387.533,5001.124,-20.164,30.358,30.342,8.854,0.0,0.0
722,2.0,12.0,1.0,3.0,4.0,0.0,1409.221,5183.811,-34.217,30.532,30.392,8.801,0.0,0.0
723,2.0,12.0,1.0,4.0,5.0,0.0,1495.113,5230.874,131.462,30.702,30.562,8.85,0.0,0.0
724,3.0,12.0,1.0,0.0,0.0,0.0,1836.081,5102.03,47.199,30.78,30.556,8.86,0.0,0.0
725,3.0,12.0,1.0,1.0,1.0,0.0,1816.229,5258.356,16.074,30.849,30.688,8.889,0.0,0.0
726,3.0,12.0,1.0,2.0,2.0,0.0,1966.534,5270.631,68.54,30.483,30.394,8.88,0.0,0.0
727,4.0,12.0,1.0,0.0,1.0,0.0,2863.217,4943.516,-7.496,30.822,30.757,8.895,0.0,0.0
728,4.0,12.0,1.0,1.0,2.0,0.0,2356.371,4952.389,46.351,30.773,30.582,8.863,0.0,0.0
729,4.0,12.0,1.0,2.0,3.0,0.0,2686.103,4986.231,-15.676,30.419,30.353,8.864,0.0,0.0
730,4.0,12.0,1.0,3.0,4.0,0.0,2771.038,5007.39,72.19,30.477,30.359,8.874,0.0,0.0
731,4.0,12.0,1.0,4.0,5.0,0.0,2464.192,5046.324,76.366,30.698,30.582,8.852,0.0,0.0
732,4.0,12.0,1.0,5.0,6.0,0.0,2530.226,5174.944,-14.807,30.575,30.448,8.901,0.0,0.0
733,4.0,12.0,1.0,6.0,7.0,0.0,2432.284,5203.436,121.117,31.285,31.235,8.946,0.0,0.0
734,4.0,12.0,1.0,7.0,10.0,0.0,2657.447,5259.959,54.817,30.617,30.42,8.903,0.0,0.0
737,4.0,12.0,1.0,10.0,12.0,0.0,2534.854,5304.194,54.211,30.887,30.812,8.913,0.0,0.0
739,5.0,12.0,1.0,1.0,2.0,0.0,3254.198,4965.334,98.073,30.743,30.606,8.862,0.0,0.0
740,5.0,12.0,1.0,2.0,3.0,0.0,2956.283,5013.015,8.089,30.426,30.265,8.853,0.0,0.0
743,5.0,12.0,1.0,5.0,9.0,0.0,3295.587,5274.176,52.577,30.899,30.705,8.899,0.0,0.0
744,5.0,12.0,1.0,6.0,10.0,0.0,3344.754,5306.954,72.172,31.008,30.909,8.944,0.0,0.0
745,6.0,12.0,1.0,0.0,1.0,0.0,3600.634,4977.585,104.895,30.15,30.098,8.788,0.0,0.0
748,6.0,12.0,1.0,3.0,5.0,0.0,3791.11,5258.516,131.97,30.355,30.287,8.845,0.0,0.0
750,7.0,12.0,1.0,1.0,3.0,0.0,4517.286,4959.327,85.66,30.547,30.449,8.897,0.0,0.0
752,7.0,12.0,1.0,3.0,6.0,0.0,4473.949,4999.632,70.296,30.573,30.387,8.806,0.0,0.0
753,7.0,12.0,1.0,4.0,7.0,0.0,4366.733,5008.65,39.946,30.277,30.116,8.809,0.0,0.0
754,7.0,12.0,1.0,5.0,8.0,0.0,4084.786,5137.644,4.989,30.805,30.675,8.881,0.0,0.0
755,7.0,12.0,1.0,6.0,9.0,0.0,4371.047,5247.428,-12.952,30.652,30.564,8.843,0.0,0.0
756,7.0,12.0,1.0,7.0,10.0,0.0,4085.949,5307.802,-41.033,30.828,30.727,8.892,0.0,0.0
757,8.0,12.0,1.0,0.0,1.0,0.0,4695.947,5058.256,34.865,30.607,30.449,8.906,0.0,0.0
758,8.0,12.0,1.0,1.0,2.0,0.0,4967.95,5284.938,128.542,31.844,29.847,8.527,0.0,0.0
759,8.0,12.0,1.0,2.0,3.0,0.0,4773.219,5306.525,56.434,31.38,30.961,9.672,0.0,0.0
762,0.0,0.0,1.0,0.0,0.0,0.0,294.604,389.615,90.467,30.96,30.829,24.315,4.0,
763,0.0,0.0,1.0,0.0,0.0,0.0,295.09,398.579,-4.335,31.16,30.547,26.3,4.0,
764,0.0,8.0,1.0,0.0,0.0,0.0,468.398,3310.302,52.5,30.762,28.837,23.652,4.0,
765,0.0,8.0,1.0,0.0,0.0,0.0,461.169,3317.121,61.866,30.722,30.037,23.97,4.0,
767,1.0,6.0,1.0,0.0,0.0,0.0,722.367,2487.392,85.783,31.696,30.283,22.75,4.0,
768,1.0,6.0,1.0,0.0,0.0,0.0,722.369,2510.646,113.476,31.616,31.483,24.836,4.0,
769,1.0,7.0,1.0,0.0,0.0,0.0,818.941,3122.041,108.849,31.665,29.139,26.112,4.0,
770,1.0,7.0,1.0,0.0,0.0,0.0,802.162,3114.037,36.804,31.121,30.911,24.398,4.0,
772,1.0,8.0,1.0,0.0,0.0,0.0,1159.496,3670.524,28.205,31.496,31.128,23.051,4.0,
773,1.0,8.0,1.0,0.0,0.0,0.0,1138.373,3655.366,11.951,31.59,29.973,26.056,4.0,
774,0.0,9.0,1.0,0.0,0.0,0.0,578.926,4058.419,-40.91,13.26,12.837,11.086,4.0,
775,0.0,9.0,1.0,0.0,0.0,0.0,576.683,3977.944,-0.941,13.021,11.795,10.547,4.0,
777,1.0,12.0,1.0,0.0,0.0,0.0,734.702,5187.723,-37.154,31.487,30.803,24.471,4.0,
778,2.0,5.0,1.0,0.0,0.0,0.0,1587.465,2183.607,25.31,31.156,29.583,23.988,4.0,
779,2.0,5.0,1.0,0.0,0.0,0.0,1578.151,2191.681,-22.561,31.924,30.585,22.92,4.0,
780,3.0,1.0,1.0,0.0,0.0,0.0,2159.381,619.83,43.177,31.522,31.077,26.657,4.0,
781,3.0,1.0,1.0,0.0,0.0,0.0,2163.9,606.723,-23.698,30.611,30.047,23.882,4.0,
782,3.0,7.0,1.0,0.0,0.0,0.0,2189.514,2881.685,-29.222,32.649,31.758,27.391,4.0,
784,3.0,10.0,1.0,0.0,0.0,0.0,1948.589,4233.795,7.773,14.465,14.302,12.218,4.0,
785,3.0,10.0,1.0,0.0,0.0,0.0,1964.276,4232.093,98.168,13.917,13.454,11.641,4.0,
786,4.0,1.0,1.0,0.0,0.0,0.0,2601.777,600.679,90.511,14.949,13.635,12.189,4.0,
787,4.0,1.0,1.0,0.0,0.0,0.0,2601.673,571.2,98.934,16.409,14.102,13.051,4.0,
788,4.0,1.0,1.0,0.0,0.0,0.0,2665.368,822.412,114.736,30.767,30.269,24.05,4.0,
790,4.0,8.0,1.0,0.0,0.0,0.0,2524.319,3504.028,20.978,30.938,30.22,25.999,4.0,
791,4.0,11.0,1.0,0.0,0.0,0.0,2389.745,4773.993,-8.035,31.926,30.756,24.593,4.0,
792,5.0,0.0,1.0,0.0,0.0,0.0,3007.427,72.011,41.007,28.648,27.453,22.218,4.0,
793,5.0,0.0,1.0,0.0,0.0,0.0,2998.144,81.051,-30.325,30.475,29.808,25.59,4.0,
795,5.0,2.0,1.0,0.0,0.0,0.0,3127.649,1081.352,1.622,31.124,28.652,22.094,4.0,
796,5.0,2.0,1.0,0.0,0.0,0.0,3131.56,1076.354,40.524,30.07,27.105,24.67,4.0,
797,5.0,11.0,1.0,0.0,0.0,0.0,3019.078,4553.586,56.322,31.245,30.607,26.339,4.0,
799,7.0,2.0,1.0,0.0,0.0,0.0,4212.368,862.946,33.58,33.471,32.355,25.815,4.0,
801,7.0,11.0,1.0,0.0,0.0,0.0,4396.759,4543.381,58.907,30.325,28.123,25.108,4.0,
802,8.0,8.0,1.0,0.0,0.0,0.0,4904.316,3590.228,125.14,31.26,29.508,21.25,4.0,
803,8.0,8.0,1.0,0.0,0.0,0.0,4918.416,3601.339,96.065,30.917,30.16,24.079,4.0,
804,9.0,2.0,1.0,0.0,0.0,0.0,5690.025,1103.803,-19.435,31.801,30.767,26.564,4.0,
805,9.0,2.0,1.0,0.0,0.0,0.0,5708.092,1088.988,38.992,31.219,29.83,24.106,4.0,
806,9.0,8.0,1.0,0.0,0.0,0.0,5285.919,3290.023,79.159,30.486,28.108,25.094,4.0,
808,9.0,8.0,1.0,0.0,0.0,0.0,5620.106,3361.395,117.677,32.129,30.063,24.274,4.0,
</ResultDatas>,,,,,,,,,,,,,,
<ElementResult>,,,,,,,,,,,,,,
0,0.0,,,,,,,,,,,,,
1,0.0,,,,,,,,,,,,,
2,0.0,,,,,,,,,,,,,
3,8.0,,,,,,,,,,,,,
4,1.0,,,,,,,,,,,,,
5,633.0,,,,,,,,,,,,,
</ElementResult>,,,,,,,,,,,,,,
0,0.0,0.0,1.0,0.0,0.0,0.0,413.036,41.095,86.052,30.672,30.555,8.844,0.0,0.0
1,0.0,0.0,1.0,1.0,1.0,0.0,109.553,85.518,32.009,31.065,30.879,8.948,0.0,0.0
2,0.0,0.0,1.0,2.0,2.0,0.0,374.899,145.282,89.188,30.705,30.467,8.836,0.0,0.0
3,0.0,0.0,1.0,3.0,3.0,0.0,364.719,379.681,75.334,30.308,30.229,8.83,0.0,0.0
4,1.0,0.0,1.0,0.0,1.0,0.0,681.046,37.188,87.884,30.671,30.449,8.829,0.0,0.0
5,1.0,0.0,1.0,1.0,3.0,0.0,734.893,85.655,66.951,30.701,30.466,8.922,0.0,0.0
6,1.0,0.0,1.0,2.0,4.0,0.0,1123.934,298.456,60.428,30.571,30.499,8.822,0.0,0.0
7,1.0,0.0,1.0,3.0,5.0,0.0,1080.242,376.591,113.65,31.079,30.965,8.877,0.0,0.0
8,2.0,0.0,1.0,0.0,1.0,0.0,1694.625,48.022,-18.326,30.897,30.668,8.893,0.0,0.0
9,2.0,0.0,1.0,1.0,3.0,0.0,1600.226,193.608,3.484,30.177,30.131,8.797,0.0,0.0
10,2.0,0.0,1.0,2.0,4.0,0.0,1635.936,246.83,41.224,31.481,30.981,9.688,0.0,0.0
11,2.0,0.0,1.0,3.0,4.0,0.0,1614.554,231.698,85.135,30.803,30.666,9.88,0.0,0.0
12,2.0,0.0,1.0,4.0,5.0,0.0,1359.613,383.862,70.872,30.468,30.302,8.864,0.0,0.0
13,2.0,0.0,1.0,5.0,6.0,0.0,1561.88,407.697,72.281,30.739,30.656,8.869,0.0,0.0
14,3.0,0.0,1.0,0.0,0.0,0.0,1937.929,79.789,-44.653,30.222,30.045,8.791,0.0,0.0
15,3.0,0.0,1.0,1.0,1.0,0.0,1875.061,135.081,70.386,30.571,30.346,8.885,0.0,0.0
16,3.0,0.0,1.0,2.0,2.0,0.0,2224.514,225.503,34.64,30.797,30.465,8.85,0.0,0.0
21,3.0,0.0,1.0,7.0,6.0,0.0,2152.681,419.804,-5.075,31.936,27.119,8.524,0.0,0.0
23,4.0,0.0,1.0,1.0,1.0,0.0,2611.3,77.336,71.221,30.293,30.215,8.826,0.0,0.0
24,4.0,0.0,1.0,2.0,2.0,0.0,2794.409,152.47,-41.87,30.293,30.214,8.826,0.0,0.0
25,5.0,0.0,1.0,0.0,1.0,0.0,3403.013,214.897,54.802,30.809,30.579,8.868,0.0,0.0
26,5.0,0.0,1.0,1.0,2.0,0.0,3464.518,238.826,42.622,30.873,30.81,8.91,0.0,0.0
27,5.0,0.0,1.0,2.0,3.0,0.0,3201.663,344.137,32.708,30.433,30.227,8.848,0.0,0.0
28,5.0,0.0,1.0,3.0,4.0,0.0,3456.919,346.756,47.046,30.92,30.646,8.893,0.0,0.0
30,6.0,0.0,1.0,1.0,2.0,0.0,3905.476,130.577,16.068,30.568,30.534,8.913,0.0,0.0
31,6.0,0.0,1.0,2.0,4.0,0.0,3642.871,241.855,40.802,30.432,30.341,8.864,0.0,0.0
32,6.0,0.0,1.0,3.0,7.0,0.0,3847.132,351.54,90.792,31.405,31.205,8.959,0.0,0.0
33,6.0,0.0,1.0,4.0,8.0,0.0,3535.52,420.053,-0.633,32.175,26.421,8.442,0.0,0.0
34,7.0,0.0,1.0,0.0,1.0,0.0,4614.221,39.36,-7.53,30.769,30.719,8.882,0.0,0.0
35,7.0,0.0,1.0,1.0,2.0,0.0,4091.709,116.506,47.18,30.8,30.561,8.864,0.0,0.0
36,7.0,0.0,1.0,2.0,3.0,0.0,4420.062,135.213,71.569,30.579,30.293,8.878,0.0,0.0
38,7.0,0.0,1.0,4.0,5.0,0.0,4500.836,153.866,86.657,30.678,30.465,8.918,0.0,0.0
39,7.0,0.0,1.0,5.0,6.0,0.0,4333.146,196.599,55.647,30.755,30.595,8.862,0.0,0.0
40,7.0,0.0,1.0,6.0,7.0,0.0,4235.487,221.402,-25.285,30.497,28.957,8.671,0.0,0.0
41,7.0,0.0,1.0,7.0,8.0,0.0,4129.042,264.453,84.045,30.656,30.635,8.854,0.0,0.0
42,7.0,0.0,1.0,8.0,10.0,0.0,4193.292,317.03,31.443,30.337,30.257,8.838,0.0,0.0
43,8.0,0.0,1.0,0.0,1.0,0.0,5111.038,99.509,49.83,30.845,30.665,8.885,0.0,0.0
44,8.0,0.0,1.0,1.0,2.0,0.0,5155.579,117.116,29.725,30.723,30.594,8.857,0.0,0.0
45,8.0,0.0,1.0,2.0,3.0,0.0,4856.012,131.53,102.127,30.017,29.889,8.738,0.0,0.0
48,8.0,0.0,1.0,5.0,6.0,0.0,4735.96,297.102,95.082,30.88,30.707,8.896,0.0,0.0
49,8.0,0.0,1.0,6.0,7.0,0.0,5096.774,350.669,84.402,30.88,30.567,8.876,0.0,0.0
50,8.0,0.0,1.0,7.0,8.0,0.0,5060.775,359.757,73.263,30.7,30.529,8.845,0.0,0.0
51,8.0,0.0,1.0,8.0,10.0,0.0,4716.831,398.433,124.821,30.707,30.595,8.855,0.0,0.0
52,9.0,0.0,1.0,0.0,1.0,0.0,5757.718,151.85,122.024,30.725,30.598,8.858,0.0,0.0
53,9.0,0.0,1.0,1.0,2.0,0.0,5526.463,265.426,53.059,29.818,29.639,8.759,0.0,0.0
54,9.0,0.0,1.0,2.0,3.0,0.0,5724.724,296.521,-37.129,31.08,30.829,8.859,0.0,0.0
55,9.0,0.0,1.0,3.0,4.0,0.0,5610.487,305.624,49.982,30.889,30.716,8.986,0.0,0.0
56,9.0,0.0,1.0,4.0,5.0,0.0,5645.576,321.699,52.194,30.849,30.803,8.906,0.0,0.0
57,9.0,0.0,1.0,5.0,6.0,0.0,5521.88,394.932,35.352,31.019,30.915,8.946,0.0,0.0
58,0.0,1.0,1.0,0.0,0.0,0.0,214.551,474.042,89.161,31.052,30.746,8.927,0.0,0.0
59,0.0,1.0,1.0,1.0,1.0,0.0,34.868,516.819,31.167,30.226,29.977,8.869,0.0,0.0
60,0.0,1.0,1.0,2.0,2.0,0.0,269.545,563.099,123.071,30.49,30.359,8.876,0.0,0.0
61,0.0,1.0,1.0,3.0,3.0,0.0,486.966,638.441,122.257,30.467,30.351,8.871,0.0,0.0
62,0.0,1.0,1.0,4.0,4.0,0.0,351.71,675.661,-29.481,30.037,29.86,8.737,0.0,0.0
63,1.0,1.0,1.0,0.0,0.0,0.0,730.874,486.52,56.52,30.297,30.195,8.823,0.0,0.0
64,1.0,1.0,1.0,1.0,1.0,0.0,1046.646,637.612,97.47,31.253,30.541,9.909,0.0,0.0
65,1.0,1.0,1.0,2.0,2.0,0.0,814.793,728.035,-27.048,30.232,30.108,8.801,0.0,0.0
66,3.0,1.0,1.0,0.0,1.0,0.0,1785.25,426.188,105.797,30.731,30.527,8.849,0.0,0.0
67,3.0,1.0,1.0,1.0,2.0,0.0,2133.31,475.1,76.68,30.554,30.447,8.898,0.0,0.0
68,3.0,1.0,1.0,2.0,3.0,0.0,1867.648,569.498,-21.288,30.41,30.089,8.74,0.0,0.0
69,3.0,1.0,1.0,3.0,3.0,0.0,1894.014,552.747,-40.381,30.673,30.24,8.885,0.0,0.0
72,3.0,1.0,1.0,6.0,6.0,0.0,1812.435,632.719,10.309,30.516,30.457,8.894,0.0,0.0
73,3.0,1.0,1.0,7.0,7.0,0.0,2140.697,781.315,89.207,30.641,30.455,8.911,0.0,0.0
74,4.0,1.0,1.0,0.0,0.0,0.0,2853.877,470.52,-31.797,30.756,30.66,8.872,0.0,0.0
75,4.0,1.0,1.0,1.0,1.0,0.0,2516.001,477.222,66.987,30.58,30.446,8.901,0.0,0.0
76,4.0,1.0,1.0,2.0,2.0,0.0,2468.671,511.612,47.016,31.033,30.876,8.943,0.0,0.0
77,4.0,1.0,1.0,3.0,3.0,0.0,2710.004,528.595,3.615,30.409,30.386,8.868,0.0,0.0
78,4.0,1.0,1.0,4.0,4.0,0.0,2602.52,651.207,125.449,29.966,29.743,8.796,0.0,0.0
79,4.0,1.0,1.0,5.0,5.0,0.0,2514.843,790.16,-20.264,30.811,30.699,8.885,0.0,0.0
80,4.0,1.0,1.0,6.0,6.0,0.0,2588.759,827.27,-4.559,31.383,27.887,8.557,0.0,0.0
81,5.0,1.0,1.0,0.0,1.0,0.0,3134.483,559.58,65.135,29.966,29.736,8.709,0.0,0.0
83,5.0,1.0,1.0,2.0,3.0,0.0,3036.086,649.028,77.223,30.479,30.36,8.874,0.0,0.0
84,5.0,1.0,1.0,3.0,4.0,0.0,3313.682,769.614,36.796,30.61,30.353,8.892,0.0,0.0
85,5.0,1.0,1.0,4.0,5.0,0.0,3453.504,777.653,16.852,30.828,30.634,8.879,0.0,0.0
86,6.0,1.0,1.0,0.0,1.0,0.0,3935.061,439.786,46.838,30.798,30.652,8.877,0.0,0.0
87,6.0,1.0,1.0,1.0,2.0,0.0,3474.313,530.154,26.909,30.433,30.228,8.848,0.0,0.0
88,6.0,1.0,1.0,2.0,3.0,0.0,3864.649,557.456,115.377,30.034,29.86,8.736,0.0,0.0
89,6.0,1.0,1.0,3.0,5.0,0.0,3807.374,691.142,-1.444,29.291,29.087,8.688,0.0,0.0
91,7.0,1.0,1.0,0.0,1.0,0.0,4385.425,425.151,91.268,30.702,30.333,8.817,0.0,0.0
92,7.0,1.0,1.0,1.0,4.0,0.0,4546.438,553.044,85.395,30.984,30.877,8.936,0.0,0.0
93,7.0,1.0,1.0,2.0,5.0,0.0,4304.025,597.882,94.049,30.537,30.255,8.867,0.0,0.0
94,7.0,1.0,1.0,3.0,6.0,0.0,4093.447,645.9,71.258,31.074,30.896,8.951,0.0,0.0
95,7.0,1.0,1.0,4.0,7.0,0.0,4586.289,805.587,-1.843,32.737,30.979,9.033,0.0,0.0
96,7.0,1.0,1.0,5.0,8.0,0.0,4319.104,826.609,-5.459,31.501,28.978,8.648,0.0,0.0
97,8.0,1.0,1.0,0.0,3.0,0.0,4800.146,671.211,69.45,30.691,30.495,8.924,0.0,0.0
99,8.0,1.0,1.0,2.0,5.0,0.0,4840.83,809.044,78.491,30.789,30.741,8.888,0.0,0.0
100,9.0,1.0,1.0,0.0,0.0,0.0,5743.417,471.598,111.407,30.827,30.337,8.835,0.0,0.0
101,9.0,1.0,1.0,1.0,1.0,0.0,5625.691,557.129,57.665,31.028,30.949,8.953,0.0,0.0
102,9.0,1.0,1.0,2.0,2.0,0.0,5739.908,595.657,-41.006,30.498,30.375,8.879,0.0,0.0
103,9.0,1.0,1.0,3.0,3.0,0.0,5550.299,628.507,24.868,29.439,29.221,8.729,0.0,0.0
104,9.0,1.0,1.0,4.0,4.0,0.0,5261.202,804.837,18.979,31.835,31.295,8.951,0.0,0.0
105,0.0,2.0,1.0,0.0,0.0,0.0,302.98,916.266,-22.68,30.329,30.274,8.84,0.0,0.0
106,0.0,2.0,1.0,1.0,1.0,0.0,169.1,957.259,21.318,30.458,30.309,8.864,0.0,0.0
107,0.0,2.0,1.0,2.0,2.0,0.0,475.73,969.716,99.631,30.163,30.102,8.79,0.0,0.0
108,0.0,2.0,1.0,3.0,3.0,0.0,131.01,993.647,12.916,30.434,30.264,8.854,0.0,0.0
109,0.0,2.0,1.0,4.0,5.0,0.0,191.512,1073.303,122.513,30.612,30.534,9.945,0.0,0.0
110,0.0,2.0,1.0,5.0,5.0,0.0,209.326,1058.672,-42.841,30.771,30.547,9.968,0.0,0.0
111,0.0,2.0,1.0,6.0,6.0,0.0,139.006,1078.311,48.799,30.853,30.764,8.901,0.0,0.0
112,0.0,2.0,1.0,7.0,7.0,0.0,524.29,1225.151,32.585,30.824,30.703,8.888,0.0,0.0
113,1.0,2.0,1.0,0.0,0.0,0.0,882.941,866.303,47.101,30.416,30.394,8.87,0.0,0.0
114,1.0,2.0,1.0,1.0,1.0,0.0,757.282,1045.909,12.715,30.851,30.816,8.908,0.0,0.0
115,1.0,2.0,1.0,2.0,2.0,0.0,980.726,1082.049,97.602,30.65,30.379,8.902,0.0,0.0
116,1.0,2.0,1.0,3.0,3.0,0.0,919.543,1086.273,88.908,30.25,29.962,8.782,0.0,0.0
117,1.0,2.0,1.0,4.0,4.0,0.0,842.382,1137.438,46.735,30.885,30.78,8.908,0.0,0.0
118,1.0,2.0,1.0,5.0,5.0,0.0,1037.416,1168.464,51.595,30.658,30.556,8.842,0.0,0.0
119,2.0,2.0,1.0,0.0,0.0,0.0,1337.908,898.087,79.465,30.955,30.864,8.93,0.0,0.0
120,2.0,2.0,1.0,1.0,1.0,0.0,1394.958,906.899,85.182,30.426,30.243,8.849,0.0,0.0
121,2.0,2.0,1.0,2.0,3.0,0.0,1450.573,944.017,-43.891,30.142,30.001,8.773,0.0,0.0
123,2.0,2.0,1.0,4.0,5.0,0.0,1266.002,1082.465,-40.636,30.769,30.651,8.872,0.0,0.0
124,2.0,2.0,1.0,5.0,6.0,0.0,1417.664,1095.726,16.392,30.38,30.25,8.844,0.0,0.0
125,2.0,2.0,1.0,6.0,7.0,0.0,1325.939,1159.561,-19.669,30.94,30.742,8.91,0.0,0.0
126,3.0,2.0,1.0,0.0,0.0,0.0,2170.931,877.684,115.822,30.453,30.296,8.861,0.0,0.0
127,3.0,2.0,1.0,1.0,1.0,0.0,1820.074,934.941,42.444,31.062,30.814,8.938,0.0,0.0
128,3.0,2.0,1.0,2.0,2.0,0.0,1757.732,936.69,29.72,30.459,30.257,8.856,0.0,0.0
129,3.0,2.0,1.0,3.0,4.0,0.0,1883.165,1175.207,67.471,30.5,30.42,8.886,0.0,0.0
131,4.0,2.0,1.0,0.0,1.0,0.0,2431.467,1048.46,39.304,30.433,30.193,8.843,0.0,0.0
132,4.0,2.0,1.0,1.0,2.0,0.0,2324.83,1099.842,-12.811,30.998,30.344,8.861,0.0,0.0
133,4.0,2.0,1.0,2.0,3.0,0.0,2788.891,1164.007,-21.232,30.596,30.586,8.838,0.0,0.0
134,4.0,2.0,1.0,3.0,4.0,0.0,2407.632,1164.563,-0.786,30.934,30.67,8.899,0.0,0.0
135,4.0,2.0,1.0,4.0,5.0,0.0,2670.598,1212.086,52.697,30.434,30.321,8.862,0.0,0.0
136,5.0,2.0,1.0,0.0,1.0,0.0,3161.359,901.972,103.847,30.68,30.5,8.838,0.0,0.0
137,5.0,2.0,1.0,1.0,2.0,0.0,3193.601,1051.662,110.712,30.348,30.177,8.828,0.0,0.0
138,5.0,2.0,1.0,2.0,3.0,0.0,2953.143,1164.871,87.135,30.569,30.534,8.913,0.0,0.0
139,5.0,2.0,1.0,3.0,4.0,0.0,3344.24,1210.279,87.951,30.956,30.879,8.932,0.0,0.0
140,6.0,2.0,1.0,0.0,1.0,0.0,3768.265,872.202,85.045,30.737,30.663,8.869,0.0,0.0
141,6.0,2.0,1.0,1.0,2.0,0.0,3635.59,913.662,35.296,30.356,30.148,8.825,0.0,0.0
142,6.0,2.0,1.0,2.0,5.0,0.0,3628.438,1226.945,-39.062,30.916,30.694,8.9,0.0,0.0
143,7.0,2.0,1.0,0.0,2.0,0.0,4559.6,851.215,-44.054,30.666,30.509,8.837,0.0,0.0
145,7.0,2.0,1.0,2.0,4.0,0.0,4058.304,997.691,38.838,30.386,30.281,8.849,0.0,0.0
146,7.0,2.0,1.0,3.0,5.0,0.0,4067.079,1088.441,43.433,31.046,30.895,8.947,0.0,0.0
147,7.0,2.0,1.0,4.0,6.0,0.0,4086.531,1127.369,88.226,30.518,30.405,8.801,0.0,0.0
148,7.0,2.0,1.0,5.0,7.0,0.0,4099.524,1159.409,-34.724,30.512,30.444,8.805,0.0,0.0
151,8.0,2.0,1.0,2.0,3.0,0.0,5124.053,1063.365,52.935,30.811,30.698,8.885,0.0,0.0
152,8.0,2.0,1.0,3.0,4.0,0.0,4826.905,1064.545,77.824,30.11,29.989,8.766,0.0,0.0
153,8.0,2.0,1.0,4.0,5.0,0.0,4964.236,1109.135,48.264,29.864,29.748,8.782,0.0,0.0
154,8.0,2.0,1.0,5.0,6.0,0.0,4778.917,1213.157,-41.659,30.978,30.867,8.934,0.0,0.0
155,9.0,2.0,1.0,0.0,2.0,0.0,5250.634,944.476,-1.681,30.633,30.516,8.833,0.0,0.0
156,9.0,2.0,1.0,1.0,3.0,0.0,5426.852,1198.075,90.958,31.059,30.868,8.861,0.0,0.0
157,9.0,2.0,1.0,2.0,4.0,0.0,5643.461,1217.905,40.424,30.518,30.343,8.877,0.0,0.0
158,0.0,3.0,1.0,0.0,1.0,0.0,306.796,1249.166,63.496,31.129,30.977,8.971,0.0,0.0
162,0.0,3.0,1.0,4.0,5.0,0.0,56.166,1371.441,77.685,30.641,30.625,8.85,0.0,0.0
163,0.0,3.0,1.0,5.0,6.0,0.0,24.775,1416.867,10.162,30.679,30.556,8.932,0.0,0.0
164,0.0,3.0,1.0,6.0,7.0,0.0,279.481,1534.85,2.721,30.459,30.353,8.87,0.0,0.0
165,1.0,3.0,1.0,0.0,0.0,0.0,673.981,1284.241,64.419,30.528,30.282,8.784,0.0,0.0
166,1.0,3.0,1.0,1.0,1.0,0.0,740.312,1316.206,95.107,30.712,30.622,8.86,0.0,0.0
167,1.0,3.0,1.0,2.0,2.0,0.0,1133.883,1507.823,-18.896,30.993,30.843,8.933,0.0,0.0
168,1.0,3.0,1.0,3.0,3.0,0.0,959.838,1608.693,131.297,30.685,30.627,8.857,0.0,0.0
169,2.0,3.0,1.0,0.0,0.0,0.0,1680.204,1265.452,-40.625,30.94,30.772,8.914,0.0,0.0
171,2.0,3.0,1.0,2.0,2.0,0.0,1216.976,1290.371,1.151,30.731,30.67,8.87,0.0,0.0
172,2.0,3.0,1.0,3.0,3.0,0.0,1550.044,1314.905,60.169,30.641,30.556,8.926,0.0,0.0
173,2.0,3.0,1.0,4.0,4.0,0.0,1243.464,1433.411,20.081,30.454,30.187,8.846,0.0,0.0
174,2.0,3.0,1.0,5.0,5.0,0.0,1403.909,1480.456,38.871,30.48,30.47,8.89,0.0,0.0
175,2.0,3.0,1.0,6.0,6.0,0.0,1482.843,1489.609,-9.947,29.912,29.689,8.781,0.0,0.0
176,2.0,3.0,1.0,7.0,7.0,0.0,1223.925,1521.717,-22.652,30.427,30.236,8.849,0.0,0.0
177,2.0,3.0,1.0,8.0,8.0,0.0,1375.557,1534.089,60.787,30.987,30.498,8.882,0.0,0.0
178,3.0,3.0,1.0,0.0,1.0,0.0,1776.909,1383.639,-44.266,30.315,30.263,8.836,0.0,0.0
179,3.0,3.0,1.0,1.0,3.0,0.0,1784.028,1450.022,49.835,30.618,30.433,8.819,0.0,0.0
180,4.0,3.0,1.0,0.0,1.0,0.0,2350.771,1284.638,38.167,30.935,30.615,8.891,0.0,0.0
181,4.0,3.0,1.0,1.0,2.0,0.0,2396.85,1514.403,50.388,30.312,30.269,8.836,0.0,0.0
182,4.0,3.0,1.0,2.0,3.0,0.0,2541.458,1516.628,49.287,30.309,30.185,8.824,0.0,0.0
183,4.0,3.0,1.0,3.0,5.0,0.0,2372.79,1602.97,119.802,31.104,30.546,8.905,0.0,0.0
184,4.0,3.0,1.0,4.0,6.0,0.0,2828.673,1630.783,-31.041,31.871,31.172,8.938,0.0,0.0
187,5.0,3.0,1.0,1.0,1.0,0.0,3228.391,1260.029,58.149,30.861,30.714,8.895,0.0,0.0
188,5.0,3.0,1.0,2.0,2.0,0.0,3283.787,1466.506,-25.293,29.723,29.652,8.747,0.0,0.0
189,5.0,3.0,1.0,3.0,3.0,0.0,3400.978,1512.169,75.559,30.581,30.202,8.865,0.0,0.0
190,5.0,3.0,1.0,4.0,4.0,0.0,3102.0,1536.499,14.672,30.404,30.11,8.827,0.0,0.0
191,5.0,3.0,1.0,5.0,5.0,0.0,3129.794,1552.317,40.374,30.729,30.544,8.851,0.0,0.0
193,6.0,3.0,1.0,1.0,3.0,0.0,4018.311,1418.67,112.76,15.399,13.622,4.568,0.0,0.0
194,6.0,3.0,1.0,2.0,4.0,0.0,3839.264,1440.125,-37.644,30.0,29.649,8.787,0.0,0.0
195,7.0,3.0,1.0,0.0,0.0,0.0,4570.655,1339.068,109.589,30.679,30.409,8.824,0.0,0.0
196,7.0,3.0,1.0,1.0,1.0,0.0,4529.201,1442.341,0.448,30.117,30.048,8.776,0.0,0.0
197,8.0,3.0,1.0,0.0,1.0,0.0,5040.89,1427.531,93.485,29.912,29.765,8.705,0.0,0.0
198,8.0,3.0,1.0,1.0,2.0,0.0,5127.028,1505.946,118.972,31.121,31.019,8.976,0.0,0.0
199,8.0,3.0,1.0,2.0,3.0,0.0,5163.403,1609.225,3.741,30.918,30.771,8.911,0.0,0.0
200,9.0,3.0,1.0,0.0,1.0,0.0,5714.957,1369.579,111.291,30.838,30.688,8.888,0.0,0.0
201,9.0,3.0,1.0,1.0,2.0,0.0,5375.445,1431.488,-29.891,30.638,30.584,8.93,0.0,0.0
202,9.0,3.0,1.0,2.0,4.0,0.0,5705.334,1570.539,31.053,31.027,30.832,8.936,0.0,0.0
206,0.0,4.0,1.0,3.0,3.0,0.0,456.976,1814.826,81.588,30.541,30.528,8.908,0.0,0.0
209,0.0,4.0,1.0,6.0,6.0,0.0,269.326,1861.907,67.969,30.42,30.298,8.771,0.0,0.0
210,0.0,4.0,1.0,7.0,7.0,0.0,39.809,1989.723,15.48,31.06,30.967,8.96,0.0,0.0
211,0.0,4.0,1.0,8.0,8.0,0.0,362.121,2031.311,100.658,31.827,31.553,8.984,0.0,0.0
212,0.0,4.0,1.0,9.0,9.0,0.0,44.013,2047.938,133.398,31.317,31.127,8.935,0.0,0.0
213,0.0,4.0,1.0,10.0,10.0,0.0,146.056,2049.451,0.646,30.921,30.103,8.815,0.0,0.0
214,1.0,4.0,1.0,0.0,0.0,0.0,1130.462,1707.513,124.56,30.862,30.793,8.906,0.0,0.0
215,1.0,4.0,1.0,1.0,1.0,0.0,596.306,1779.873,20.269,30.819,30.663,8.881,0.0,0.0
216,1.0,4.0,1.0,2.0,2.0,0.0,946.284,1785.657,-8.384,30.291,30.201,8.824,0.0,0.0
217,1.0,4.0,1.0,3.0,3.0,0.0,796.693,1819.362,-11.341,30.766,30.684,8.877,0.0,0.0
219,1.0,4.0,1.0,5.0,5.0,0.0,787.367,1898.184,81.727,30.622,30.532,8.834,0.0,0.0
220,1.0,4.0,1.0,6.0,6.0,0.0,1029.704,2033.179,17.826,31.178,31.115,8.999,0.0,0.0
221,2.0,4.0,1.0,0.0,0.0,0.0,1456.17,1675.306,111.079,31.102,30.91,8.958,0.0,0.0
222,2.0,4.0,1.0,1.0,1.0,0.0,1737.464,1712.567,90.725,31.351,30.241,8.812,0.0,0.0
223,2.0,4.0,1.0,2.0,2.0,0.0,1618.0,1752.792,95.867,31.027,30.811,8.848,0.0,0.0
225,2.0,4.0,1.0,4.0,4.0,0.0,1339.638,1923.4,75.423,30.844,30.634,8.88,0.0,0.0
228,3.0,4.0,1.0,0.0,0.0,0.0,2027.58,1665.993,67.995,30.388,30.184,8.835,0.0,0.0
229,3.0,4.0,1.0,1.0,1.0,0.0,2238.0,1743.902,98.655,31.148,30.764,9.303,0.0,0.0
230,3.0,4.0,1.0,2.0,3.0,0.0,2045.235,1775.936,94.712,30.429,30.323,8.861,0.0,0.0
232,3.0,4.0,1.0,4.0,5.0,0.0,2142.781,1873.902,75.227,30.41,30.029,9.705,0.0,0.0
233,3.0,4.0,1.0,5.0,5.0,0.0,2130.418,1852.337,89.304,30.172,30.048,9.794,0.0,0.0
234,3.0,4.0,1.0,6.0,7.0,0.0,1869.494,1978.286,91.682,30.717,30.522,8.846,0.0,0.0
235,3.0,4.0,1.0,7.0,8.0,0.0,2216.314,1983.9,104.049,31.086,31.003,8.969,0.0,0.0
238,4.0,4.0,1.0,0.0,1.0,0.0,2650.601,1659.563,68.088,30.767,30.567,8.86,0.0,0.0
239,4.0,4.0,1.0,1.0,2.0,0.0,2817.545,1809.186,126.129,30.704,30.559,8.85,0.0,0.0
240,4.0,4.0,1.0,2.0,5.0,0.0,2674.733,2032.436,-9.086,31.066,30.899,8.951,0.0,0.0
242,5.0,4.0,1.0,1.0,1.0,0.0,3117.388,1776.854,94.121,30.512,30.446,8.806,0.0,0.0
243,5.0,4.0,1.0,2.0,2.0,0.0,3363.827,1787.492,2.778,31.065,30.972,8.961,0.0,0.0
246,5.0,4.0,1.0,5.0,4.0,0.0,3156.37,1840.211,82.674,30.579,30.237,8.87,0.0,0.0
247,6.0,4.0,1.0,0.0,0.0,0.0,4003.764,1675.636,131.547,31.16,31.112,8.995,0.0,0.0
248,6.0,4.0,1.0,1.0,1.0,0.0,3507.77,1687.912,11.548,30.599,30.444,8.904,0.0,0.0
249,6.0,4.0,1.0,2.0,2.0,0.0,3692.435,1737.255,104.175,30.783,30.639,8.873,0.0,0.0
250,6.0,4.0,1.0,3.0,3.0,0.0,3563.593,1740.313,55.061,30.593,30.498,8.825,0.0,0.0
251,6.0,4.0,1.0,4.0,4.0,0.0,3534.717,1780.163,-37.237,30.804,30.74,8.89,0.0,0.0
252,6.0,4.0,1.0,5.0,5.0,0.0,3566.637,1808.786,72.857,30.488,30.404,8.796,0.0,0.0
253,6.0,4.0,1.0,6.0,6.0,0.0,3818.484,1957.74,81.004,30.57,30.299,8.878,0.0,0.0
254,6.0,4.0,1.0,7.0,7.0,0.0,3973.282,1995.615,7.714,30.94,30.736,8.91,0.0,0.0
256,7.0,4.0,1.0,1.0,1.0,0.0,4555.524,1684.217,61.698,30.505,30.416,8.886,0.0,0.0
257,7.0,4.0,1.0,2.0,2.0,0.0,4097.051,1715.833,60.45,30.582,30.223,8.869,0.0,0.0
258,7.0,4.0,1.0,3.0,3.0,0.0,4424.988,1770.404,125.084,30.759,30.604,8.864,0.0,0.0
259,8.0,4.0,1.0,0.0,0.0,0.0,5111.473,1704.42,92.26,30.588,30.387,8.894,0.0,0.0
260,8.0,4.0,1.0,1.0,1.0,0.0,4941.903,1797.152,114.585,30.494,30.282,8.865,0.0,0.0
261,8.0,4.0,1.0,2.0,2.0,0.0,5103.611,1905.742,-34.461,30.867,30.734,8.899,0.0,0.0
262,8.0,4.0,1.0,3.0,3.0,0.0,4971.264,1991.705,-21.347,30.58,30.527,8.913,0.0,0.0
263,8.0,4.0,1.0,4.0,4.0,0.0,5147.759,2004.107,33.948,31.243,31.043,8.997,0.0,0.0
264,8.0,4.0,1.0,5.0,5.0,0.0,4883.162,2031.516,74.615,30.738,30.611,8.862,0.0,0.0
265,9.0,4.0,1.0,0.0,1.0,0.0,5710.451,1955.866,-11.548,30.824,30.748,8.894,0.0,0.0
266,9.0,4.0,1.0,1.0,2.0,0.0,5563.532,1958.903,70.015,30.716,30.588,8.856,0.0,0.0
267,9.0,4.0,1.0,2.0,3.0,0.0,5644.26,1974.671,-12.138,31.09,30.906,8.871,0.0,0.0
268,9.0,4.0,1.0,3.0,4.0,0.0,5629.904,2009.429,70.422,30.806,30.732,8.889,0.0,0.0
269,9.0,4.0,1.0,4.0,5.0,0.0,5532.484,2030.756,64.776,31.361,31.187,8.95,0.0,0.0
270,9.0,4.0,1.0,5.0,6.0,0.0,5247.801,2037.59,38.143,30.762,30.57,8.86,0.0,0.0
271,0.0,5.0,1.0,0.0,3.0,0.0,362.77,2149.677,89.964,30.676,30.389,8.821,0.0,0.0
272,0.0,5.0,1.0,1.0,4.0,0.0,376.17,2297.079,108.91,29.332,29.166,8.617,0.0,0.0
274,1.0,5.0,1.0,0.0,2.0,0.0,736.117,2153.951,40.843,30.631,30.546,8.837,0.0,0.0
275,1.0,5.0,1.0,1.0,3.0,0.0,759.857,2225.893,50.703,30.889,30.795,8.91,0.0,0.0
276,1.0,5.0,1.0,2.0,4.0,0.0,1045.527,2411.332,56.538,31.176,30.997,8.981,0.0,0.0
278,1.0,5.0,1.0,4.0,6.0,0.0,752.712,2442.028,-42.664,31.1,30.865,8.951,0.0,0.0
279,2.0,5.0,1.0,0.0,1.0,0.0,1388.551,2058.086,15.002,30.687,30.631,8.857,0.0,0.0
281,2.0,5.0,1.0,2.0,3.0,0.0,1177.059,2081.203,29.68,30.583,30.507,8.911,0.0,0.0
282,2.0,5.0,1.0,3.0,5.0,0.0,1493.916,2276.113,63.193,29.628,29.419,8.699,0.0,0.0
283,2.0,5.0,1.0,4.0,6.0,0.0,1278.1,2290.544,-20.624,30.34,30.241,8.837,0.0,0.0
284,2.0,5.0,1.0,5.0,7.0,0.0,1527.871,2317.589,132.317,29.987,29.858,8.729,0.0,0.0
285,2.0,5.0,1.0,6.0,8.0,0.0,1321.545,2356.981,111.402,5.661,2.953,3.361,0.0,0.0
286,2.0,5.0,1.0,7.0,8.0,0.0,1285.848,2361.772,-30.772,31.685,29.836,8.8,0.0,0.0
287,2.0,5.0,1.0,8.0,9.0,0.0,1416.175,2363.434,65.733,30.401,30.255,8.847,0.0,0.0
288,2.0,5.0,1.0,9.0,10.0,0.0,1735.319,2398.889,31.067,31.45,31.217,8.967,0.0,0.0
290,3.0,5.0,1.0,0.0,1.0,0.0,1988.283,2081.393,71.994,30.418,30.413,8.873,0.0,0.0
291,3.0,5.0,1.0,1.0,2.0,0.0,2138.151,2145.965,27.106,30.629,30.506,8.831,0.0,0.0
292,3.0,5.0,1.0,2.0,3.0,0.0,2230.535,2183.902,126.87,30.727,30.664,8.868,0.0,0.0
294,3.0,5.0,1.0,4.0,6.0,0.0,2226.144,2404.835,88.232,30.748,30.633,8.867,0.0,0.0
295,3.0,5.0,1.0,5.0,7.0,0.0,1766.889,2438.4,125.238,30.983,30.799,8.925,0.0,0.0
298,4.0,5.0,1.0,2.0,2.0,0.0,2434.02,2146.658,20.886,30.865,30.801,8.908,0.0,0.0
299,4.0,5.0,1.0,3.0,3.0,0.0,2580.246,2186.272,88.915,30.547,30.424,8.808,0.0,0.0
300,4.0,5.0,1.0,4.0,4.0,0.0,2633.136,2233.155,71.801,30.112,29.999,8.768,0.0,0.0
301,4.0,5.0,1.0,5.0,5.0,0.0,2619.917,2284.875,101.913,29.804,29.731,8.77,0.0,0.0
302,4.0,5.0,1.0,6.0,6.0,0.0,2674.54,2327.429,111.712,30.13,29.929,8.76,0.0,0.0
303,4.0,5.0,1.0,7.0,7.0,0.0,2417.53,2358.887,54.443,31.153,30.985,8.976,0.0,0.0
305,4.0,5.0,1.0,9.0,9.0,0.0,2812.843,2405.981,41.159,31.502,31.285,8.984,0.0,0.0
306,4.0,5.0,1.0,10.0,10.0,0.0,2541.158,2408.213,-33.874,30.89,30.689,8.895,0.0,0.0
307,4.0,5.0,1.0,11.0,11.0,0.0,2842.179,2434.58,25.83,30.914,30.777,8.911,0.0,0.0
308,4.0,5.0,1.0,12.0,12.0,0.0,2482.39,2438.835,34.665,31.468,31.298,8.981,0.0,0.0
309,5.0,5.0,1.0,0.0,0.0,0.0,3331.11,2110.658,84.731,30.598,30.421,8.814,0.0,0.0
310,5.0,5.0,1.0,1.0,1.0,0.0,3423.403,2209.568,-8.842,30.835,30.787,8.902,0.0,0.0
311,5.0,5.0,1.0,2.0,2.0,0.0,3347.926,2301.688,128.519,30.699,30.589,8.853,0.0,0.0
312,5.0,5.0,1.0,3.0,3.0,0.0,3030.347,2389.528,116.56,30.825,30.747,8.894,0.0,0.0
313,5.0,5.0,1.0,4.0,4.0,0.0,3403.278,2397.657,32.167,30.745,30.649,8.869,0.0,0.0
315,6.0,5.0,1.0,0.0,0.0,0.0,3843.368,2060.135,61.095,30.782,30.67,8.877,0.0,0.0
316,6.0,5.0,1.0,1.0,1.0,0.0,3999.481,2282.04,35.566,30.788,30.703,8.882,0.0,0.0
319,6.0,5.0,1.0,4.0,4.0,0.0,3717.368,2383.056,-13.76,30.722,30.529,8.848,0.0,0.0
320,7.0,5.0,1.0,0.0,0.0,0.0,4466.557,2076.805,109.845,30.908,30.784,8.912,0.0,0.0
321,7.0,5.0,1.0,1.0,1.0,0.0,4392.625,2095.021,-23.195,30.458,30.381,8.874,0.0,0.0
322,7.0,5.0,1.0,2.0,3.0,0.0,4303.629,2191.216,131.597,30.755,30.642,8.956,0.0,0.0
323,7.0,5.0,1.0,3.0,4.0,0.0,4565.639,2323.75,61.598,30.758,30.667,8.873,0.0,0.0
324,8.0,5.0,1.0,0.0,1.0,0.0,4995.216,2107.508,110.928,30.768,30.702,8.879,0.0,0.0
326,8.0,5.0,1.0,2.0,3.0,0.0,5086.896,2156.236,111.999,30.774,30.552,8.859,0.0,0.0
327,8.0,5.0,1.0,3.0,4.0,0.0,4633.367,2156.878,54.415,30.383,30.298,8.851,0.0,0.0
328,8.0,5.0,1.0,4.0,5.0,0.0,4678.854,2243.267,88.849,30.605,30.459,8.907,0.0,0.0
329,8.0,5.0,1.0,5.0,6.0,0.0,4713.328,2281.074,9.745,30.975,30.822,8.927,0.0,0.0
331,8.0,5.0,1.0,7.0,10.0,0.0,4803.484,2460.591,1.115,33.036,25.376,9.005,0.0,0.0
332,8.0,5.0,1.0,8.0,10.0,0.0,4784.033,2443.822,87.702,31.011,30.909,9.723,0.0,0.0
333,9.0,5.0,1.0,0.0,2.0,0.0,5237.413,2165.926,30.362,30.488,30.382,8.879,0.0,0.0
334,9.0,5.0,1.0,1.0,3.0,0.0,5450.487,2253.981,119.816,30.414,30.297,8.855,0.0,0.0
335,9.0,5.0,1.0,2.0,4.0,0.0,5503.565,2273.3,130.336,30.309,29.989,8.795,0.0,0.0
337,0.0,6.0,1.0,0.0,0.0,0.0,275.644,2512.133,93.324,30.593,30.461,8.819,0.0,0.0
338,0.0,6.0,1.0,1.0,1.0,0.0,500.535,2637.699,59.845,30.743,30.46,8.841,0.0,0.0
339,0.0,6.0,1.0,2.0,2.0,0.0,168.859,2671.165,46.294,30.295,30.222,8.827,0.0,0.0
340,0.0,6.0,1.0,3.0,3.0,0.0,339.339,2816.239,75.41,30.92,30.741,8.907,0.0,0.0
341,1.0,6.0,1.0,0.0,1.0,0.0,999.734,2498.345,110.732,30.854,30.598,8.877,0.0,0.0
342,1.0,6.0,1.0,1.0,2.0,0.0,996.214,2531.332,113.29,30.901,30.588,8.882,0.0,0.0
343,1.0,6.0,1.0,2.0,3.0,0.0,1158.918,2657.778,-43.342,30.935,30.738,8.909,0.0,0.0
344,1.0,6.0,1.0,3.0,4.0,0.0,953.422,2749.073,38.615,30.137,30.029,8.776,0.0,0.0
345,1.0,6.0,1.0,4.0,5.0,0.0,684.661,2773.584,125.198,30.541,30.473,8.9,0.0,0.0
346,1.0,6.0,1.0,5.0,7.0,0.0,727.734,2835.833,33.336,30.687,30.626,8.857,0.0,0.0
347,1.0,6.0,1.0,6.0,9.0,0.0,1144.436,2858.969,56.856,31.123,30.789,8.943,0.0,0.0
348,2.0,6.0,1.0,0.0,1.0,0.0,1443.593,2571.809,43.1,30.141,30.092,8.873,0.0,0.0
349,4.0,6.0,1.0,0.0,1.0,0.0,2688.37,2533.864,49.493,30.556,30.428,8.895,0.0,0.0
350,4.0,6.0,1.0,1.0,2.0,0.0,2552.146,2783.492,56.928,30.416,30.233,8.846,0.0,0.0
351,4.0,6.0,1.0,2.0,3.0,0.0,2328.95,2818.987,102.201,30.821,30.66,8.881,0.0,0.0
352,5.0,6.0,1.0,0.0,1.0,0.0,3100.861,2561.071,83.072,30.23,30.114,8.802,0.0,0.0
353,5.0,6.0,1.0,1.0,2.0,0.0,3154.607,2655.842,69.761,30.508,30.446,9.682,0.0,0.0
354,5.0,6.0,1.0,2.0,2.0,0.0,3158.016,2629.071,99.103,31.23,30.454,9.56,0.0,0.0
355,5.0,6.0,1.0,3.0,3.0,0.0,3251.504,2685.68,81.71,29.37,29.119,8.703,0.0,0.0
356,5.0,6.0,1.0,4.0,4.0,0.0,3260.677,2784.613,80.404,30.618,30.48,8.912,0.0,0.0
357,5.0,6.0,1.0,5.0,5.0,0.0,3054.692,2787.743,76.22,30.976,30.792,8.922,0.0,0.0
358,5.0,6.0,1.0,6.0,6.0,0.0,2980.533,2803.935,49.757,30.673,30.62,8.854,0.0,0.0
359,6.0,6.0,1.0,0.0,0.0,0.0,4041.34,2508.631,98.42,30.967,30.218,8.838,0.0,0.0
361,6.0,6.0,1.0,2.0,2.0,0.0,3979.037,2615.344,-8.201,30.682,30.575,8.849,0.0,0.0
362,6.0,6.0,1.0,3.0,3.0,0.0,3845.963,2655.311,83.906,29.488,29.397,8.675,0.0,0.0
364,7.0,6.0,1.0,0.0,2.0,0.0,4151.572,2686.783,-18.168,30.422,30.326,8.861,0.0,0.0
365,8.0,6.0,1.0,0.0,2.0,0.0,4926.252,2519.375,56.885,30.276,30.224,8.825,0.0,0.0
366,8.0,6.0,1.0,1.0,4.0,0.0,4819.219,2617.995,83.832,30.774,30.675,8.876,0.0,0.0
367,8.0,6.0,1.0,2.0,5.0,0.0,4644.6,2694.516,-10.897,30.763,30.715,8.881,0.0,0.0
369,8.0,6.0,1.0,4.0,7.0,0.0,5152.157,2813.625,64.333,30.733,30.644,8.952,0.0,0.0
370,8.0,6.0,1.0,5.0,8.0,0.0,4926.016,2864.247,76.147,30.988,30.779,8.922,0.0,0.0
371,9.0,6.0,1.0,0.0,0.0,0.0,5201.6,2486.155,39.226,30.493,30.377,8.793,0.0,0.0
372,9.0,6.0,1.0,1.0,1.0,0.0,5217.1,2579.581,50.925,30.951,30.326,9.206,0.0,0.0
373,9.0,6.0,1.0,2.0,2.0,0.0,5760.814,2587.821,-26.379,30.836,30.781,8.901,0.0,0.0
374,9.0,6.0,1.0,3.0,3.0,0.0,5683.22,2754.429,98.159,30.76,30.718,8.881,0.0,0.0
376,9.0,6.0,1.0,5.0,5.0,0.0,5398.971,2834.135,88.046,30.297,30.223,8.827,0.0,0.0
377,0.0,7.0,1.0,0.0,0.0,0.0,462.137,2916.291,75.271,30.61,30.485,8.825,0.0,0.0
378,0.0,7.0,1.0,1.0,1.0,0.0,188.941,2954.599,-34.837,30.714,30.634,8.862,0.0,0.0
379,0.0,7.0,1.0,2.0,2.0,0.0,498.72,2980.059,85.363,30.659,30.551,8.842,0.0,0.0
380,0.0,7.0,1.0,3.0,3.0,0.0,114.308,3032.448,0.329,30.73,30.62,8.862,0.0,0.0
381,0.0,7.0,1.0,4.0,4.0,0.0,199.532,3133.825,67.481,30.302,30.196,8.824,0.0,0.0
382,0.0,7.0,1.0,5.0,5.0,0.0,327.51,3224.872,63.006,30.447,30.32,8.863,0.0,0.0
384,1.0,7.0,1.0,1.0,2.0,0.0,806.292,3165.596,60.425,30.572,30.413,8.895,0.0,0.0
385,1.0,7.0,1.0,2.0,3.0,0.0,1119.165,3205.327,36.637,30.637,30.49,8.83,0.0,0.0
386,2.0,7.0,1.0,0.0,1.0,0.0,1342.883,2888.005,91.471,30.86,30.15,8.898,0.0,0.0
387,2.0,7.0,1.0,1.0,2.0,0.0,1229.034,3015.514,7.702,30.764,30.523,8.853,0.0,0.0
389,2.0,7.0,1.0,3.0,4.0,0.0,1380.287,3155.256,-43.459,30.627,30.555,8.924,0.0,0.0
390,2.0,7.0,1.0,4.0,5.0,0.0,1708.684,3172.06,50.871,30.841,30.737,8.895,0.0,0.0
391,2.0,7.0,1.0,5.0,6.0,0.0,1288.311,3182.403,39.014,30.784,30.658,8.875,0.0,0.0
392,3.0,7.0,1.0,0.0,0.0,0.0,2189.546,2934.506,86.956,30.473,30.259,8.858,0.0,0.0
394,3.0,7.0,1.0,2.0,3.0,0.0,2040.97,3126.53,102.593,30.146,30.087,8.786,0.0,0.0
395,3.0,7.0,1.0,3.0,4.0,0.0,1879.097,3177.815,-20.332,30.574,30.414,8.81,0.0,0.0
397,4.0,7.0,1.0,0.0,1.0,0.0,2464.068,3097.101,24.201,30.804,30.722,8.888,0.0,0.0
400,4.0,7.0,1.0,3.0,4.0,0.0,2323.187,3184.787,-0.619,30.208,30.137,8.802,0.0,0.0
401,4.0,7.0,1.0,4.0,5.0,0.0,2659.608,3205.55,-37.885,30.622,30.568,8.839,0.0,0.0
402,4.0,7.0,1.0,5.0,7.0,0.0,2833.097,3226.422,-30.004,31.11,31.069,8.982,0.0,0.0
403,5.0,7.0,1.0,0.0,0.0,0.0,3293.815,2907.637,117.375,31.047,30.934,8.953,0.0,0.0
404,5.0,7.0,1.0,1.0,1.0,0.0,2926.837,2963.325,45.44,30.5,30.265,8.863,0.0,0.0
407,6.0,7.0,1.0,1.0,1.0,0.0,3621.874,2940.234,5.515,31.06,30.93,8.955,0.0,0.0
408,6.0,7.0,1.0,2.0,2.0,0.0,3519.727,2968.76,51.428,30.685,30.658,8.861,0.0,0.0
409,6.0,7.0,1.0,3.0,3.0,0.0,3652.958,3092.9,119.918,30.352,30.103,8.818,0.0,0.0
410,6.0,7.0,1.0,4.0,4.0,0.0,3622.186,3244.995,124.587,30.417,30.291,8.855,0.0,0.0
411,7.0,7.0,1.0,0.0,0.0,0.0,4567.912,2874.84,113.151,31.075,30.876,8.949,0.0,0.0
412,7.0,7.0,1.0,1.0,1.0,0.0,4356.044,3084.374,123.537,29.792,29.721,8.767,0.0,0.0
413,7.0,7.0,1.0,2.0,2.0,0.0,4483.666,3266.005,51.362,31.057,30.893,8.949,0.0,0.0
414,8.0,7.0,1.0,0.0,1.0,0.0,4742.361,2929.295,39.869,30.608,30.447,8.906,0.0,0.0
415,8.0,7.0,1.0,1.0,2.0,0.0,5107.14,3192.168,35.833,30.957,30.84,8.927,0.0,0.0
416,9.0,7.0,1.0,0.0,0.0,0.0,5717.932,2886.76,62.741,30.975,30.951,8.945,0.0,0.0
417,9.0,7.0,1.0,1.0,1.0,0.0,5626.726,2887.156,80.058,30.964,30.79,8.921,0.0,0.0
418,9.0,7.0,1.0,2.0,2.0,0.0,5469.651,2910.777,-19.025,30.342,30.23,8.835,0.0,0.0
419,9.0,7.0,1.0,3.0,3.0,0.0,5221.933,2950.157,53.615,30.625,30.457,8.91,0.0,0.0
420,9.0,7.0,1.0,4.0,4.0,0.0,5753.432,2968.856,116.485,31.001,30.863,8.936,0.0,0.0
423,9.0,7.0,1.0,7.0,6.0,0.0,5584.765,3000.7,-21.487,30.488,30.352,8.874,0.0,0.0
424,9.0,7.0,1.0,8.0,7.0,0.0,5382.24,3051.598,114.018,30.664,30.635,8.855,0.0,0.0
425,9.0,7.0,1.0,9.0,8.0,0.0,5728.671,3062.754,-6.275,30.577,30.464,8.904,0.0,0.0
426,9.0,7.0,1.0,10.0,9.0,0.0,5517.512,3108.436,80.241,29.912,29.787,8.708,0.0,0.0
428,0.0,8.0,1.0,0.0,2.0,0.0,335.037,3396.313,102.559,30.559,30.536,8.825,0.0,0.0
429,0.0,8.0,1.0,1.0,3.0,0.0,278.376,3397.198,54.174,30.432,30.305,8.859,0.0,0.0
430,0.0,8.0,1.0,2.0,4.0,0.0,208.511,3432.914,113.21,30.525,30.328,8.876,0.0,0.0
431,0.0,8.0,1.0,3.0,5.0,0.0,483.786,3541.964,126.205,30.764,30.707,8.88,0.0,0.0
432,1.0,8.0,1.0,0.0,0.0,0.0,1021.518,3596.178,10.329,31.082,30.973,8.964,0.0,0.0
433,2.0,8.0,1.0,0.0,0.0,0.0,1362.794,3325.484,90.757,30.927,30.659,8.896,0.0,0.0
434,2.0,8.0,1.0,1.0,1.0,0.0,1422.182,3441.892,83.126,30.853,30.761,8.9,0.0,0.0
435,2.0,8.0,1.0,2.0,2.0,0.0,1461.074,3499.881,17.704,30.142,29.995,8.772,0.0,0.0
436,2.0,8.0,1.0,3.0,3.0,0.0,1219.124,3527.808,11.641,30.556,30.344,9.159,0.0,0.0
437,2.0,8.0,1.0,4.0,4.0,0.0,1297.548,3611.019,-24.622,31.15,30.877,8.96,0.0,0.0
438,2.0,8.0,1.0,5.0,5.0,0.0,1454.825,3640.162,77.149,30.556,30.181,8.859,0.0,0.0
439,2.0,8.0,1.0,6.0,6.0,0.0,1299.45,3660.146,132.704,30.793,30.766,8.892,0.0,0.0
440,2.0,8.0,1.0,7.0,7.0,0.0,1406.468,3679.049,16.271,31.291,31.132,8.932,0.0,0.0
442,3.0,8.0,1.0,1.0,1.0,0.0,2072.193,3334.752,101.746,30.264,30.215,8.822,0.0,0.0
443,3.0,8.0,1.0,2.0,3.0,0.0,1883.177,3349.254,-43.517,30.287,30.227,8.827,0.0,0.0
444,3.0,8.0,1.0,3.0,4.0,0.0,2036.888,3558.937,116.611,30.075,29.937,8.753,0.0,0.0
445,3.0,8.0,1.0,4.0,5.0,0.0,1829.314,3639.166,127.954,30.875,30.712,8.896,0.0,0.0
446,4.0,8.0,1.0,0.0,0.0,0.0,2337.423,3341.331,46.268,30.805,30.685,8.882,0.0,0.0
447,4.0,8.0,1.0,1.0,1.0,0.0,2607.422,3352.106,115.827,30.023,29.775,8.809,0.0,0.0
448,4.0,8.0,1.0,2.0,2.0,0.0,2852.802,3477.277,128.573,30.712,30.624,8.86,0.0,0.0
449,4.0,8.0,1.0,3.0,3.0,0.0,2514.938,3496.655,72.991,30.976,30.772,8.92,0.0,0.0
450,4.0,8.0,1.0,4.0,4.0,0.0,2790.716,3601.423,101.604,30.85,30.792,8.904,0.0,0.0
451,5.0,8.0,1.0,0.0,1.0,0.0,2934.953,3324.195,61.4,30.314,30.217,8.829,0.0,0.0
452,5.0,8.0,1.0,1.0,3.0,0.0,3252.905,3373.651,29.418,30.593,30.447,8.904,0.0,0.0
453,5.0,8.0,1.0,2.0,4.0,0.0,3149.616,3395.988,6.767,30.941,30.874,8.929,0.0,0.0
454,5.0,8.0,1.0,3.0,5.0,0.0,3016.433,3472.614,-38.717,30.621,30.538,8.835,0.0,0.0
455,5.0,8.0,1.0,4.0,6.0,0.0,3432.976,3597.963,25.014,30.736,30.587,8.858,0.0,0.0
456,5.0,8.0,1.0,5.0,7.0,0.0,2902.902,3631.589,-27.706,30.538,30.371,8.885,0.0,0.0
458,6.0,8.0,1.0,0.0,0.0,0.0,3507.256,3430.936,39.984,30.434,30.401,8.874,0.0,0.0
460,6.0,8.0,1.0,2.0,2.0,0.0,3503.101,3603.37,124.801,30.729,30.677,8.957,0.0,0.0
461,6.0,8.0,1.0,3.0,3.0,0.0,3686.814,3608.345,46.302,30.828,30.756,8.896,0.0,0.0
463,6.0,8.0,1.0,5.0,5.0,0.0,3681.901,3663.156,84.192,30.812,30.591,8.87,0.0,0.0
464,7.0,8.0,1.0,0.0,1.0,0.0,4069.891,3308.368,47.977,30.111,29.871,8.749,0.0,0.0
465,7.0,8.0,1.0,1.0,2.0,0.0,4439.579,3430.619,112.374,30.917,30.693,9.563,0.0,0.0
466,7.0,8.0,1.0,2.0,2.0,0.0,4457.439,3410.351,46.756,30.708,30.649,9.637,0.0,0.0
467,7.0,8.0,1.0,3.0,3.0,0.0,4407.809,3423.822,110.308,30.618,30.336,8.89,0.0,0.0
468,7.0,8.0,1.0,4.0,4.0,0.0,4197.439,3502.634,71.632,30.593,30.522,8.914,0.0,0.0
469,7.0,8.0,1.0,5.0,5.0,0.0,4299.02,3596.188,129.793,30.896,30.83,8.917,0.0,0.0
470,7.0,8.0,1.0,6.0,6.0,0.0,4219.38,3678.819,77.548,30.743,30.582,8.859,0.0,0.0
471,8.0,8.0,1.0,0.0,0.0,0.0,5169.668,3341.463,-17.632,30.808,30.639,8.876,0.0,0.0
472,8.0,8.0,1.0,1.0,1.0,0.0,5129.284,3364.97,-34.334,30.744,30.505,8.934,0.0,0.0
473,8.0,8.0,1.0,2.0,3.0,0.0,5071.369,3484.625,105.292,30.336,30.146,8.822,0.0,0.0
474,8.0,8.0,1.0,3.0,4.0,0.0,4872.77,3574.795,4.9,30.49,30.361,8.876,0.0,0.0
475,8.0,8.0,1.0,4.0,5.0,0.0,4831.441,3616.908,87.872,30.382,30.317,8.854,0.0,0.0
476,8.0,8.0,1.0,5.0,6.0,0.0,5000.305,3682.188,-0.45,31.229,29.445,8.764,0.0,0.0
477,9.0,8.0,1.0,0.0,0.0,0.0,5523.647,3299.542,95.562,30.647,30.491,8.832,0.0,0.0
479,9.0,8.0,1.0,2.0,2.0,0.0,5583.311,3419.895,45.445,30.272,30.21,8.822,0.0,0.0
481,9.0,8.0,1.0,4.0,4.0,0.0,5514.779,3486.359,-32.801,30.187,29.959,8.773,0.0,0.0
482,9.0,8.0,1.0,5.0,5.0,0.0,5321.51,3510.308,69.329,30.557,30.392,8.89,0.0,0.0
483,9.0,8.0,1.0,6.0,6.0,0.0,5441.196,3539.119,88.553,30.862,30.619,8.881,0.0,0.0
484,9.0,8.0,1.0,7.0,7.0,0.0,5407.359,3563.34,40.733,30.743,30.553,8.854,0.0,0.0
485,9.0,8.0,1.0,8.0,8.0,0.0,5460.862,3582.227,51.087,30.507,30.411,8.886,0.0,0.0
486,9.0,8.0,1.0,9.0,9.0,0.0,5558.801,3586.449,12.668,30.2,30.128,8.8,0.0,0.0
488,1.0,9.0,1.0,0.0,0.0,0.0,698.447,3736.382,22.014,30.863,30.475,9.314,0.0,0.0
489,1.0,9.0,1.0,1.0,0.0,0.0,669.97,3728.628,43.819,31.192,30.799,9.416,0.0,0.0
490,1.0,9.0,1.0,2.0,1.0,0.0,721.714,3831.803,131.465,30.676,30.288,9.689,0.0,0.0
494,2.0,9.0,1.0,0.0,2.0,0.0,1432.766,3707.382,53.306,30.514,30.407,8.886,0.0,0.0
496,3.0,9.0,1.0,0.0,0.0,0.0,2139.091,3689.203,102.34,30.711,30.683,8.869,0.0,0.0
498,3.0,9.0,1.0,2.0,4.0,0.0,1985.443,3819.543,99.964,30.223,30.117,8.801,0.0,0.0
499,3.0,9.0,1.0,3.0,5.0,0.0,2195.679,3984.404,107.773,30.697,30.472,8.836,0.0,0.0
500,4.0,9.0,1.0,0.0,0.0,0.0,2340.708,3756.116,38.944,30.639,30.599,8.846,0.0,0.0
501,4.0,9.0,1.0,1.0,1.0,0.0,2410.662,3817.803,72.767,30.402,30.343,8.86,0.0,0.0
502,4.0,9.0,1.0,2.0,2.0,0.0,2531.165,3925.992,-1.387,30.233,30.09,8.799,0.0,0.0
503,4.0,9.0,1.0,3.0,3.0,0.0,2416.137,3942.281,127.858,30.481,30.317,8.868,0.0,0.0
504,4.0,9.0,1.0,4.0,4.0,0.0,2608.245,3982.285,76.368,30.492,30.386,8.88,0.0,0.0
505,5.0,9.0,1.0,0.0,1.0,0.0,2970.972,3755.853,80.749,30.279,30.174,8.818,0.0,0.0
506,5.0,9.0,1.0,1.0,2.0,0.0,3442.694,3785.589,-13.815,30.506,30.431,8.889,0.0,0.0
507,5.0,9.0,1.0,2.0,3.0,0.0,3071.405,3839.35,62.653,30.448,30.417,8.878,0.0,0.0
508,5.0,9.0,1.0,3.0,4.0,0.0,3198.345,3851.959,52.472,30.03,29.839,8.819,0.0,0.0
509,5.0,9.0,1.0,4.0,5.0,0.0,3253.019,3851.992,92.348,30.335,30.203,8.83,0.0,0.0
510,5.0,9.0,1.0,5.0,6.0,0.0,3064.925,3939.174,49.187,31.077,30.921,8.956,0.0,0.0
511,5.0,9.0,1.0,6.0,7.0,0.0,3282.957,3951.705,133.036,29.763,29.589,8.743,0.0,0.0
513,5.0,9.0,1.0,8.0,9.0,0.0,2968.499,4055.353,108.896,31.063,31.009,8.966,0.0,0.0
514,6.0,9.0,1.0,0.0,1.0,0.0,3863.297,3707.487,35.34,31.029,30.895,8.945,0.0,0.0
515,6.0,9.0,1.0,1.0,2.0,0.0,3595.923,3840.928,-8.089,30.742,30.704,8.876,0.0,0.0
516,6.0,9.0,1.0,2.0,3.0,0.0,3872.618,3845.398,25.022,36.06,36.055,9.618,0.0,0.0
517,6.0,9.0,1.0,3.0,4.0,0.0,3895.832,3886.278,89.654,29.815,29.729,8.772,0.0,0.0
519,6.0,9.0,1.0,5.0,6.0,0.0,3992.391,3985.961,39.693,30.995,30.642,9.789,0.0,0.0
520,6.0,9.0,1.0,6.0,6.0,0.0,3966.206,3985.68,13.587,30.824,30.527,9.739,0.0,0.0
521,6.0,9.0,1.0,7.0,7.0,0.0,3734.646,4004.643,45.952,30.176,29.87,8.845,0.0,0.0
522,7.0,9.0,1.0,0.0,1.0,0.0,4468.284,3737.066,117.825,30.539,30.457,8.811,0.0,0.0
523,7.0,9.0,1.0,1.0,2.0,0.0,4450.66,3781.098,100.782,30.982,30.812,8.926,0.0,0.0
525,7.0,9.0,1.0,3.0,4.0,0.0,4226.355,3870.88,57.758,30.184,30.075,8.789,0.0,0.0
528,8.0,9.0,1.0,0.0,1.0,0.0,4736.852,3906.511,59.931,30.259,30.135,8.809,0.0,0.0
529,8.0,9.0,1.0,1.0,2.0,0.0,4816.957,4000.483,-37.184,30.776,30.667,8.962,0.0,0.0
530,8.0,9.0,1.0,2.0,3.0,0.0,4913.334,4015.81,116.98,30.464,30.408,8.879,0.0,0.0
531,9.0,9.0,1.0,0.0,1.0,0.0,5417.543,3797.443,49.572,30.969,30.858,8.931,0.0,0.0
532,9.0,9.0,1.0,1.0,2.0,0.0,5430.852,3835.076,31.828,30.574,30.516,8.911,0.0,0.0
533,9.0,9.0,1.0,2.0,3.0,0.0,5508.272,3844.055,110.051,30.477,30.433,8.884,0.0,0.0
534,9.0,9.0,1.0,3.0,4.0,0.0,5705.408,3852.866,102.437,31.109,30.877,8.954,0.0,0.0
536,9.0,9.0,1.0,5.0,6.0,0.0,5471.382,3972.859,81.881,30.419,30.265,8.851,0.0,0.0
537,0.0,10.0,1.0,0.0,0.0,0.0,277.653,4121.608,104.381,31.195,30.554,8.836,0.0,0.0
538,0.0,10.0,1.0,1.0,1.0,0.0,143.934,4140.334,97.361,30.493,30.308,8.957,0.0,0.0
539,0.0,10.0,1.0,2.0,2.0,0.0,41.595,4204.119,-9.855,30.552,30.315,8.878,0.0,0.0
540,0.0,10.0,1.0,3.0,3.0,0.0,406.635,4207.091,-34.301,30.4,30.141,8.831,0.0,0.0
541,0.0,10.0,1.0,4.0,4.0,0.0,340.711,4239.021,101.618,30.423,30.282,8.854,0.0,0.0
544,1.0,10.0,1.0,2.0,2.0,0.0,1060.496,4186.395,103.531,30.604,30.215,8.785,0.0,0.0
545,1.0,10.0,1.0,3.0,3.0,0.0,1088.963,4219.895,-41.677,30.666,30.373,8.817,0.0,0.0
546,1.0,10.0,1.0,4.0,4.0,0.0,820.711,4246.05,-39.622,30.5,30.421,8.8,0.0,0.0
547,1.0,10.0,1.0,5.0,5.0,0.0,1143.397,4262.874,21.83,30.903,30.654,8.892,0.0,0.0
548,1.0,10.0,1.0,6.0,6.0,0.0,711.557,4300.385,11.831,30.619,30.578,8.84,0.0,0.0
549,1.0,10.0,1.0,7.0,9.0,0.0,925.612,4364.84,10.279,30.052,29.772,8.726,0.0,0.0
550,1.0,10.0,1.0,8.0,10.0,0.0,655.125,4384.368,23.598,31.006,30.492,9.994,0.0,0.0
551,2.0,10.0,1.0,0.0,0.0,0.0,1505.405,4172.449,122.71,30.443,30.332,8.865,0.0,0.0
552,2.0,10.0,1.0,1.0,2.0,0.0,1310.283,4204.712,-26.73,30.935,29.794,8.613,0.0,0.0
553,2.0,10.0,1.0,2.0,3.0,0.0,1189.21,4240.247,36.994,30.605,30.41,8.814,0.0,0.0
554,2.0,10.0,1.0,3.0,5.0,0.0,1516.232,4346.774,9.255,29.694,29.422,8.709,0.0,0.0
555,3.0,10.0,1.0,0.0,0.0,0.0,2119.11,4201.041,102.843,30.379,30.148,8.828,0.0,0.0
556,3.0,10.0,1.0,1.0,1.0,0.0,2160.955,4202.953,96.3,30.905,30.571,8.88,0.0,0.0
557,3.0,10.0,1.0,2.0,3.0,0.0,2060.795,4389.948,105.924,30.256,30.197,8.818,0.0,0.0
560,3.0,10.0,1.0,5.0,7.0,0.0,2109.038,4448.947,85.091,30.763,30.51,8.851,0.0,0.0
563,4.0,10.0,1.0,2.0,2.0,0.0,2847.075,4397.417,34.909,30.837,30.726,8.893,0.0,0.0
564,4.0,10.0,1.0,3.0,3.0,0.0,2528.047,4455.185,123.866,30.398,30.324,8.857,0.0,0.0
565,4.0,10.0,1.0,4.0,4.0,0.0,2777.181,4480.52,94.483,30.899,30.7,8.898,0.0,0.0
566,4.0,10.0,1.0,5.0,5.0,0.0,2445.381,4492.501,119.402,30.841,30.617,8.878,0.0,0.0
570,5.0,10.0,1.0,3.0,4.0,0.0,2947.06,4433.162,12.496,30.606,30.544,8.833,0.0,0.0
572,6.0,10.0,1.0,0.0,0.0,0.0,3505.345,4255.633,4.394,30.454,30.405,8.877,0.0,0.0
573,6.0,10.0,1.0,1.0,1.0,0.0,3521.836,4353.152,0.553,31.273,31.227,8.943,0.0,0.0
574,6.0,10.0,1.0,2.0,2.0,0.0,3908.723,4416.235,60.132,30.523,30.329,8.876,0.0,0.0
576,7.0,10.0,1.0,0.0,1.0,0.0,4461.788,4158.107,80.893,30.759,30.594,8.863,0.0,0.0
578,7.0,10.0,1.0,2.0,3.0,0.0,4158.127,4340.521,123.642,30.308,30.259,8.834,0.0,0.0
579,7.0,10.0,1.0,3.0,4.0,0.0,4317.163,4340.387,29.77,30.314,30.225,8.83,0.0,0.0
580,7.0,10.0,1.0,4.0,5.0,0.0,4478.391,4343.542,19.622,30.37,30.33,8.854,0.0,0.0
581,7.0,10.0,1.0,5.0,6.0,0.0,4093.015,4461.184,82.119,31.255,31.003,8.908,0.0,0.0
582,8.0,10.0,1.0,0.0,0.0,0.0,5008.311,4130.998,46.896,30.566,30.517,8.91,0.0,0.0
583,8.0,10.0,1.0,1.0,1.0,0.0,4856.428,4199.835,35.529,30.446,30.126,8.835,0.0,0.0
584,8.0,10.0,1.0,2.0,2.0,0.0,5159.161,4259.081,-37.351,30.582,30.253,8.787,0.0,0.0
585,8.0,10.0,1.0,3.0,3.0,0.0,4860.621,4276.444,114.999,29.945,29.854,8.809,0.0,0.0
587,9.0,10.0,1.0,1.0,2.0,0.0,5557.649,4324.636,71.895,30.089,29.761,8.816,0.0,0.0
588,9.0,10.0,1.0,2.0,3.0,0.0,5304.917,4420.424,98.833,30.619,30.509,8.916,0.0,0.0
589,0.0,11.0,1.0,0.0,0.0,0.0,58.587,4575.065,28.063,30.487,30.304,8.781,0.0,0.0
590,0.0,11.0,1.0,1.0,1.0,0.0,575.017,4596.833,-25.976,32.022,31.871,9.057,0.0,0.0
591,0.0,11.0,1.0,2.0,2.0,0.0,467.111,4796.973,92.212,30.862,30.703,8.809,0.0,0.0
592,1.0,11.0,1.0,0.0,0.0,0.0,1162.622,4519.946,89.919,31.374,28.787,8.679,0.0,0.0
593,1.0,11.0,1.0,1.0,1.0,0.0,1159.715,4592.999,-37.802,30.702,30.415,8.828,0.0,0.0
594,1.0,11.0,1.0,2.0,3.0,0.0,678.193,4785.836,-7.102,30.67,30.538,8.928,0.0,0.0
595,2.0,11.0,1.0,0.0,1.0,0.0,1450.812,4538.27,97.237,30.823,30.618,8.875,0.0,0.0
596,2.0,11.0,1.0,1.0,3.0,0.0,1579.366,4837.795,39.296,30.325,30.25,8.836,0.0,0.0
597,3.0,11.0,1.0,0.0,0.0,0.0,1947.804,4550.081,10.003,30.613,30.508,8.915,0.0,0.0
598,3.0,11.0,1.0,1.0,1.0,0.0,2147.316,4580.513,118.881,31.051,30.999,8.963,0.0,0.0
599,3.0,11.0,1.0,2.0,2.0,0.0,2026.65,4807.07,78.526,30.665,30.558,8.844,0.0,0.0
600,3.0,11.0,1.0,3.0,3.0,0.0,1947.766,4849.081,119.054,30.923,30.795,8.915,0.0,0.0
601,3.0,11.0,1.0,4.0,4.0,0.0,1913.825,4898.433,-41.302,30.696,30.597,8.854,0.0,0.0
602,4.0,11.0,1.0,0.0,2.0,0.0,2392.816,4506.041,63.443,31.06,30.731,8.926,0.0,0.0
603,4.0,11.0,1.0,1.0,4.0,0.0,2479.809,4602.344,-31.705,30.325,30.296,8.842,0.0,0.0
604,4.0,11.0,1.0,2.0,5.0,0.0,2809.189,4616.354,124.63,30.731,30.497,8.93,0.0,0.0
606,4.0,11.0,1.0,4.0,6.0,0.0,2428.324,4632.728,77.877,30.433,30.341,8.865,0.0,0.0
607,4.0,11.0,1.0,5.0,7.0,0.0,2761.267,4722.443,78.349,30.394,30.331,8.857,0.0,0.0
608,4.0,11.0,1.0,6.0,8.0,0.0,2564.676,4728.955,93.196,29.858,29.795,8.788,0.0,0.0
609,4.0,11.0,1.0,7.0,10.0,0.0,2757.087,4790.617,124.804,30.619,30.544,8.835,0.0,0.0
610,4.0,11.0,1.0,8.0,11.0,0.0,2443.953,4814.718,-32.617,30.592,30.526,8.915,0.0,0.0
611,4.0,11.0,1.0,9.0,12.0,0.0,2859.014,4866.972,-6.202,31.15,30.744,8.941,0.0,0.0
612,4.0,11.0,1.0,10.0,13.0,0.0,2751.104,4877.893,97.371,30.999,30.829,8.931,0.0,0.0
613,5.0,11.0,1.0,0.0,1.0,0.0,2910.042,4584.485,52.539,30.9,30.638,8.889,0.0,0.0
614,5.0,11.0,1.0,1.0,2.0,0.0,2967.261,4758.719,108.754,30.801,30.718,8.887,0.0,0.0
616,5.0,11.0,1.0,3.0,4.0,0.0,3255.966,4825.617,45.436,30.712,30.53,8.933,0.0,0.0
617,5.0,11.0,1.0,4.0,5.0,0.0,3180.319,4846.137,58.086,31.243,31.098,8.92,0.0,0.0
618,5.0,11.0,1.0,5.0,6.0,0.0,3116.892,4879.441,91.105,30.494,30.211,8.854,0.0,0.0
619,5.0,11.0,1.0,6.0,7.0,0.0,3306.733,4895.593,42.581,30.82,30.735,8.892,0.0,0.0
620,6.0,11.0,1.0,0.0,0.0,0.0,3979.235,4503.869,92.495,30.863,30.746,8.9,0.0,0.0
621,6.0,11.0,1.0,1.0,1.0,0.0,3601.722,4734.077,41.484,30.507,30.298,8.869,0.0,0.0
622,6.0,11.0,1.0,2.0,2.0,0.0,3876.362,4758.035,-37.218,30.173,29.853,8.843,0.0,0.0
624,6.0,11.0,1.0,4.0,4.0,0.0,3823.873,4861.885,102.92,30.69,30.551,8.847,0.0,0.0
625,6.0,11.0,1.0,5.0,5.0,0.0,3539.189,4885.143,34.514,30.933,30.714,8.905,0.0,0.0
628,7.0,11.0,1.0,2.0,2.0,0.0,4406.31,4784.049,76.178,30.393,29.77,9.132,0.0,0.0
629,7.0,11.0,1.0,3.0,2.0,0.0,4399.578,4755.216,77.768,30.055,29.921,9.209,0.0,0.0
630,7.0,11.0,1.0,4.0,3.0,0.0,4237.265,4857.329,128.985,30.613,30.536,8.919,0.0,0.0
631,7.0,11.0,1.0,5.0,4.0,0.0,4513.065,4897.606,39.395,30.546,30.464,8.899,0.0,0.0
632,8.0,11.0,1.0,0.0,0.0,0.0,4874.926,4530.614,114.394,30.646,30.49,8.917,0.0,0.0
633,8.0,11.0,1.0,1.0,1.0,0.0,4830.379,4539.752,86.423,30.95,30.689,8.904,0.0,0.0
634,8.0,11.0,1.0,2.0,2.0,0.0,5046.633,4793.139,52.25,30.832,30.772,8.899,0.0,0.0
635,9.0,11.0,1.0,0.0,0.0,0.0,5382.559,4507.06,91.383,30.853,30.714,8.893,0.0,0.0
637,9.0,11.0,1.0,2.0,3.0,0.0,5558.524,4827.386,63.776,30.36,30.267,8.843,0.0,0.0
640,0.0,12.0,1.0,2.0,2.0,0.0,587.437,5121.323,91.934,32.011,27.603,8.587,0.0,0.0
642,0.0,12.0,1.0,4.0,5.0,0.0,573.318,5244.841,30.046,31.434,31.068,8.943,0.0,0.0
647,1.0,12.0,1.0,1.0,1.0,0.0,906.234,5013.849,64.95,30.412,30.298,8.855,0.0,0.0
649,1.0,12.0,1.0,3.0,3.0,0.0,826.253,5037.672,-36.905,30.248,30.21,8.819,0.0,0.0
650,1.0,12.0,1.0,4.0,4.0,0.0,1033.207,5061.636,118.337,30.708,30.561,8.851,0.0,0.0
651,2.0,12.0,1.0,0.0,0.0,0.0,1252.561,4944.154,35.065,30.399,30.28,8.851,0.0,0.0
652,2.0,12.0,1.0,1.0,1.0,0.0,1459.612,4946.825,95.074,30.469,30.356,8.872,0.0,0.0
653,2.0,12.0,1.0,2.0,2.0,0.0,1542.001,4977.417,-19.372,30.801,30.681,8.881,0.0,0.0
654,2.0,12.0,1.0,3.0,3.0,0.0,1579.901,4983.98,98.871,30.69,30.596,8.939,0.0,0.0
655,2.0,12.0,1.0,4.0,4.0,0.0,1201.792,5198.13,46.094,30.689,30.574,8.85,0.0,0.0
657,3.0,12.0,1.0,0.0,1.0,0.0,2122.645,4917.805,-27.715,30.488,30.315,8.869,0.0,0.0
659,3.0,12.0,1.0,2.0,3.0,0.0,2308.85,5053.147,-6.309,30.865,30.451,8.857,0.0,0.0
660,3.0,12.0,1.0,3.0,4.0,0.0,1935.864,5218.413,20.971,30.665,30.568,8.845,0.0,0.0
661,3.0,12.0,1.0,4.0,5.0,0.0,1830.958,5232.158,38.212,30.611,30.46,8.822,0.0,0.0
663,4.0,12.0,1.0,1.0,3.0,0.0,2359.734,5063.144,58.026,30.746,30.66,8.87,0.0,0.0
664,4.0,12.0,1.0,2.0,4.0,0.0,2458.729,5105.027,-9.121,30.549,30.469,8.814,0.0,0.0
666,4.0,12.0,1.0,4.0,7.0,0.0,2520.198,5154.982,29.927,30.684,30.617,8.855,0.0,0.0
668,5.0,12.0,1.0,0.0,1.0,0.0,2975.454,4926.207,66.368,30.855,30.595,8.877,0.0,0.0
669,5.0,12.0,1.0,1.0,3.0,0.0,2908.991,4973.969,38.552,30.296,30.208,8.825,0.0,0.0
670,5.0,12.0,1.0,2.0,5.0,0.0,2925.491,5029.807,111.954,30.847,30.828,8.909,0.0,0.0
671,5.0,12.0,1.0,3.0,6.0,0.0,3065.358,5039.256,122.151,30.589,30.445,8.902,0.0,0.0
672,5.0,12.0,1.0,4.0,7.0,0.0,2914.573,5133.402,2.318,30.714,30.506,8.843,0.0,0.0
673,5.0,12.0,1.0,5.0,8.0,0.0,3307.063,5264.815,0.816,31.33,31.104,9.019,0.0,0.0
674,6.0,12.0,1.0,0.0,1.0,0.0,3612.264,4930.93,90.459,30.538,30.394,8.888,0.0,0.0
675,6.0,12.0,1.0,1.0,2.0,0.0,3558.137,5000.96,36.516,30.687,30.642,8.859,0.0,0.0
676,6.0,12.0,1.0,2.0,3.0,0.0,3484.982,5018.762,40.047,30.374,30.368,8.86,0.0,0.0
677,6.0,12.0,1.0,3.0,4.0,0.0,3834.519,5103.136,-24.731,30.353,30.1,8.818,0.0,0.0
678,6.0,12.0,1.0,4.0,5.0,0.0,3563.961,5128.323,20.238,30.994,30.773,8.923,0.0,0.0
680,6.0,12.0,1.0,6.0,7.0,0.0,3825.525,5222.407,-18.956,30.82,30.485,8.942,0.0,0.0
681,7.0,12.0,1.0,0.0,1.0,0.0,4599.593,4919.103,134.771,30.942,30.797,8.918,0.0,0.0
682,7.0,12.0,1.0,1.0,2.0,0.0,4115.037,4927.942,58.044,30.824,30.695,8.887,0.0,0.0
683,7.0,12.0,1.0,2.0,3.0,0.0,4183.883,5003.845,39.075,30.396,30.182,8.836,0.0,0.0
685,8.0,12.0,1.0,0.0,1.0,0.0,5078.755,4982.901,90.418,30.531,30.425,8.891,0.0,0.0
686,8.0,12.0,1.0,1.0,2.0,0.0,5026.55,4990.728,89.647,29.812,29.321,8.711,0.0,0.0
687,8.0,12.0,1.0,2.0,3.0,0.0,4732.092,5062.605,-2.606,30.416,30.161,8.836,0.0,0.0
688,8.0,12.0,1.0,3.0,4.0,0.0,4656.615,5085.676,27.884,30.857,30.711,8.894,0.0,0.0
689,8.0,12.0,1.0,4.0,5.0,0.0,4797.257,5106.533,68.89,30.534,30.45,8.895,0.0,0.0
690,8.0,12.0,1.0,5.0,6.0,0.0,4756.768,5158.476,41.496,30.716,30.66,8.866,0.0,0.0
691,8.0,12.0,1.0,6.0,7.0,0.0,4675.956,5162.466,43.952,31.467,30.756,8.823,0.0,0.0
692,9.0,12.0,1.0,0.0,0.0,0.0,5427.796,5006.688,65.486,30.442,30.313,8.862,0.0,0.0
693,9.0,12.0,1.0,1.0,1.0,0.0,5625.659,5063.317,101.259,30.47,30.416,8.881,0.0,0.0
694,9.0,12.0,1.0,2.0,2.0,0.0,5570.415,5129.839,131.582,29.734,29.523,8.729,0.0,0.0
695,9.0,12.0,1.0,3.0,3.0,0.0,5347.092,5155.079,9.896,30.264,30.167,8.815,0.0,0.0
697,9.0,12.0,1.0,5.0,5.0,0.0,5606.229,5298.319,52.649,30.878,30.693,8.894,0.0,0.0
699,0.0,8.0,1.0,0.0,0.0,0.0,122.572,3330.594,12.346,30.641,29.685,25.746,4.0,
700,0.0,8.0,1.0,0.0,0.0,0.0,96.347,3402.42,130.704,12.654,11.459,10.254,4.0,
701,0.0,8.0,1.0,0.0,0.0,0.0,125.98,3413.964,-21.137,13.634,13.279,11.431,4.0,
702,0.0,9.0,1.0,0.0,0.0,0.0,323.555,4056.465,116.776,31.96,30.847,26.704,4.0,
703,1.0,0.0,1.0,0.0,0.0,0.0,728.151,51.375,-29.82,31.447,30.543,26.297,4.0,
704,1.0,0.0,1.0,0.0,0.0,0.0,745.725,42.989,34.133,31.283,30.843,24.476,4.0,
705,1.0,1.0,1.0,0.0,0.0,0.0,1047.742,613.931,25.615,31.161,31.063,26.472,4.0,
706,1.0,10.0,1.0,0.0,0.0,0.0,679.365,4384.307,-7.083,31.688,31.029,26.593,4.0,
707,2.0,3.0,1.0,0.0,0.0,0.0,1452.806,1277.001,52.259,30.701,30.439,26.021,4.0,
708,2.0,3.0,1.0,0.0,0.0,0.0,1439.135,1280.066,-24.988,31.456,30.657,24.395,4.0,
712,2.0,6.0,1.0,0.0,0.0,0.0,1705.479,2497.88,22.747,31.296,30.827,26.437,4.0,
713,2.0,6.0,1.0,0.0,0.0,0.0,1716.134,2525.827,86.819,31.33,30.916,24.515,4.0,
714,2.0,6.0,1.0,0.0,0.0,0.0,1320.522,2810.601,0.513,31.213,30.195,26.181,4.0,
715,2.0,6.0,1.0,0.0,0.0,0.0,1349.884,2806.872,-28.495,31.252,30.725,24.404,4.0,
716,2.0,6.0,1.0,0.0,0.0,0.0,1315.981,2831.986,94.379,31.328,30.758,24.415,4.0,
717,2.0,6.0,1.0,0.0,0.0,0.0,1187.759,2815.315,116.604,31.384,30.976,24.546,4.0,
718,2.0,6.0,1.0,0.0,0.0,0.0,1188.285,2837.912,105.525,31.997,30.899,26.738,4.0,
719,2.0,10.0,1.0,0.0,0.0,0.0,1481.67,4410.853,76.174,31.965,30.695,26.542,4.0,
721,3.0,3.0,1.0,0.0,0.0,0.0,1905.592,1409.161,4.916,31.231,30.891,26.435,4.0,
722,3.0,3.0,1.0,0.0,0.0,0.0,1909.56,1397.744,114.654,30.778,30.39,25.968,4.0,
723,3.0,4.0,1.0,0.0,0.0,0.0,2239.885,1713.548,106.301,31.256,30.866,22.875,4.0,
725,3.0,6.0,1.0,0.0,0.0,0.0,2171.835,2522.13,81.741,31.188,30.772,26.39,4.0,
726,4.0,5.0,1.0,0.0,0.0,0.0,2574.128,2362.549,68.572,31.751,30.305,26.228,4.0,
727,4.0,5.0,1.0,0.0,0.0,0.0,2576.938,2371.403,88.539,31.734,30.369,26.288,4.0,
729,4.0,6.0,1.0,0.0,0.0,0.0,2508.619,2856.782,-32.702,31.502,30.901,24.557,4.0,
730,4.0,6.0,1.0,0.0,0.0,0.0,2484.417,2855.587,15.69,31.289,31.009,26.499,4.0,
731,4.0,7.0,1.0,0.0,0.0,0.0,2869.205,3213.876,-16.985,31.193,30.21,26.152,4.0,
732,4.0,10.0,1.0,0.0,0.0,0.0,2893.433,4097.569,111.692,31.576,30.682,24.579,4.0,
733,4.0,11.0,1.0,0.0,0.0,0.0,2450.383,4736.4,86.055,30.842,30.26,26.049,4.0,
734,4.0,11.0,1.0,0.0,0.0,0.0,2439.318,4742.647,-27.053,32.719,31.543,27.217,4.0,
735,5.0,1.0,1.0,0.0,0.0,0.0,3470.575,600.451,12.113,31.292,30.642,22.754,4.0,
736,5.0,3.0,1.0,0.0,0.0,0.0,3448.283,1249.378,-36.917,32.086,30.995,26.724,4.0,
737,5.0,3.0,1.0,0.0,0.0,0.0,3453.963,1244.452,51.376,30.934,28.991,23.835,4.0,
738,5.0,8.0,1.0,0.0,0.0,0.0,3288.708,3669.832,87.53,30.59,29.384,25.612,4.0,
739,5.0,8.0,1.0,0.0,0.0,0.0,3277.138,3667.656,96.562,30.956,29.347,25.784,4.0,
740,5.0,12.0,1.0,0.0,0.0,0.0,3397.314,5327.625,36.824,31.493,28.896,25.744,4.0,
742,5.0,12.0,1.0,0.0,0.0,0.0,3217.923,4961.109,99.852,30.814,30.275,24.077,4.0,
743,5.0,12.0,1.0,0.0,0.0,0.0,3198.56,4967.413,98.172,31.004,29.622,22.374,4.0,
745,6.0,0.0,1.0,0.0,0.0,0.0,3600.684,144.981,129.826,45.417,44.955,35.59,4.0,
746,6.0,0.0,1.0,0.0,0.0,0.0,3600.182,124.296,121.479,30.897,30.436,24.123,4.0,
747,6.0,7.0,1.0,0.0,0.0,0.0,3849.115,2874.851,51.868,32.433,32.107,25.457,4.0,
748,7.0,0.0,1.0,0.0,0.0,0.0,4064.503,287.153,-26.394,30.892,30.339,26.026,4.0,
749,9.0,0.0,1.0,0.0,0.0,0.0,5601.917,113.267,-30.435,31.116,30.781,26.32,4.0,
750,9.0,12.0,1.0,0.0,0.0,0.0,5470.352,5279.855,27.842,32.492,30.497,26.606,4.0,
751,9.0,12.0,1.0,0.0,0.0,0.0,5477.94,5285.213,132.389,29.721,29.315,25.142,4.0,
</ResultDatas>,,,,,,,,,,,,,,
<ElementResult>,,,,,,,,,,,,,,
0,1.0,,,,,,,,,,,,,
1,0.0,,,,,,,,,,,,,
2,0.0,,,,,,,,,,,,,
3,3.0,,,,,,,,,,,,,
4,0.0,,,,,,,,,,,,,
5,615.0,,,,,,,,,,,,,
</ElementResult>,,,,,,,,,,,,,,
