No,ImageNoX,ImageNoY,ImageNoZ,ElpsLabel,ObjLabel,Average,GravX,GravY,Angle,MjrAx,MnrAx,X2,Status,DepthAve
0,0.0,0.0,0.0,0.0,1.0,0.0,379.226,53.332,103.682,29.483,29.295,8.659,0.0,0.0
2,0.0,0.0,0.0,2.0,3.0,0.0,202.166,217.372,80.487,29.603,29.518,8.709,0.0,0.0
3,0.0,0.0,0.0,3.0,4.0,0.0,458.186,270.061,-30.772,30.302,30.246,8.832,0.0,0.0
4,0.0,0.0,0.0,4.0,5.0,0.0,524.736,415.571,-21.751,30.847,30.656,9.555,0.0,0.0
5,1.0,0.0,0.0,0.0,1.0,0.0,880.379,113.739,39.997,29.483,29.285,8.745,0.0,0.0
6,1.0,0.0,0.0,1.0,2.0,0.0,840.036,153.079,87.71,29.658,29.546,8.722,0.0,0.0
7,1.0,0.0,0.0,2.0,3.0,0.0,1118.596,276.795,95.84,30.335,30.131,8.82,0.0,0.0
8,1.0,0.0,0.0,3.0,4.0,0.0,886.009,330.021,123.911,29.735,29.612,8.743,0.0,0.0
9,1.0,0.0,0.0,4.0,5.0,0.0,1068.262,330.196,54.311,29.954,29.843,8.809,0.0,0.0
10,1.0,0.0,0.0,5.0,6.0,0.0,699.105,398.326,16.52,29.956,29.87,8.813,0.0,0.0
11,2.0,0.0,0.0,0.0,0.0,0.0,1431.136,230.712,52.826,29.837,29.797,8.785,0.0,0.0
12,2.0,0.0,0.0,1.0,1.0,0.0,1669.904,264.712,10.641,29.939,29.931,8.733,0.0,0.0
13,2.0,0.0,0.0,2.0,2.0,0.0,1705.742,291.104,-3.599,30.416,30.205,8.842,0.0,0.0
14,2.0,0.0,0.0,3.0,3.0,0.0,1208.333,362.097,49.512,30.169,30.085,8.789,0.0,0.0
15,3.0,0.0,0.0,0.0,0.0,0.0,1930.667,18.367,75.264,29.861,29.664,8.769,0.0,0.0
16,3.0,0.0,0.0,1.0,1.0,0.0,2078.891,276.855,-8.535,29.831,29.731,8.774,0.0,0.0
17,3.0,0.0,0.0,2.0,2.0,0.0,1748.454,397.747,-34.845,30.0,29.829,8.814,0.0,0.0
18,4.0,0.0,0.0,0.0,0.0,0.0,2476.648,27.747,15.056,29.98,29.678,9.941,0.0,0.0
19,4.0,0.0,0.0,1.0,1.0,0.0,2432.324,52.961,69.337,30.005,29.727,8.799,0.0,0.0
21,4.0,0.0,0.0,3.0,3.0,0.0,2733.484,188.317,93.11,30.161,30.036,8.781,0.0,0.0
23,4.0,0.0,0.0,5.0,5.0,0.0,2680.157,251.65,65.79,29.84,29.704,8.772,0.0,0.0
24,4.0,0.0,0.0,6.0,6.0,0.0,2558.328,259.68,35.133,29.919,29.871,8.808,0.0,0.0
26,5.0,0.0,0.0,1.0,4.0,0.0,3369.061,242.299,31.111,29.666,29.589,8.729,0.0,0.0
27,5.0,0.0,0.0,2.0,5.0,0.0,2962.676,267.369,5.075,29.987,29.9,8.822,0.0,0.0
28,5.0,0.0,0.0,3.0,6.0,0.0,2999.448,414.685,95.486,30.235,30.105,8.801,0.0,0.0
29,6.0,0.0,0.0,0.0,0.0,0.0,3706.778,114.085,67.535,29.243,29.145,8.689,0.0,0.0
30,6.0,0.0,0.0,1.0,1.0,0.0,3924.166,242.53,13.982,30.186,30.157,8.802,0.0,0.0
32,6.0,0.0,0.0,3.0,2.0,0.0,3529.089,252.668,27.65,30.185,30.077,9.923,0.0,0.0
33,6.0,0.0,0.0,4.0,3.0,0.0,3549.684,306.581,45.814,29.78,29.636,8.753,0.0,0.0
34,6.0,0.0,0.0,5.0,4.0,0.0,3800.945,316.98,118.706,29.96,29.806,8.804,0.0,0.0
36,7.0,0.0,0.0,0.0,1.0,0.0,4577.691,111.59,-18.933,29.758,29.69,8.757,0.0,0.0
37,7.0,0.0,0.0,1.0,2.0,0.0,4207.651,135.015,30.162,29.424,29.373,8.749,0.0,0.0
38,7.0,0.0,0.0,2.0,3.0,0.0,4191.927,245.824,114.383,29.876,29.753,8.784,0.0,0.0
41,7.0,0.0,0.0,5.0,7.0,0.0,4366.311,387.498,97.536,33.701,28.633,8.422,0.0,0.0
42,7.0,0.0,0.0,6.0,8.0,0.0,4505.587,383.563,39.234,30.291,30.237,8.829,0.0,0.0
44,8.0,0.0,0.0,0.0,0.0,0.0,4843.049,147.276,42.416,29.642,29.439,8.792,0.0,0.0
45,8.0,0.0,0.0,1.0,1.0,0.0,4872.18,166.651,53.688,29.556,29.416,8.687,0.0,0.0
46,8.0,0.0,0.0,2.0,3.0,0.0,4945.261,347.529,127.195,30.327,30.059,8.808,0.0,0.0
47,8.0,0.0,0.0,3.0,4.0,0.0,4687.576,359.465,20.291,30.166,30.108,8.792,0.0,0.0
48,8.0,0.0,0.0,4.0,5.0,0.0,4764.421,393.322,22.594,30.029,29.865,8.823,0.0,0.0
49,8.0,0.0,0.0,5.0,6.0,0.0,4785.82,420.209,-2.601,31.122,26.104,8.329,0.0,0.0
50,9.0,0.0,0.0,0.0,0.0,0.0,5490.225,28.206,88.206,29.807,29.408,8.723,0.0,0.0
51,9.0,0.0,0.0,1.0,1.0,0.0,5265.07,33.487,49.534,29.96,29.78,8.8,0.0,0.0
53,9.0,0.0,0.0,3.0,3.0,0.0,5310.277,73.272,14.812,29.967,29.692,8.789,0.0,0.0
54,9.0,0.0,0.0,4.0,4.0,0.0,5606.373,139.847,66.981,29.649,29.522,8.717,0.0,0.0
55,9.0,0.0,0.0,5.0,5.0,0.0,5529.018,160.919,105.945,29.89,29.787,8.791,0.0,0.0
56,9.0,0.0,0.0,6.0,6.0,0.0,5662.099,203.431,132.199,30.104,30.045,8.774,0.0,0.0
57,9.0,0.0,0.0,7.0,8.0,0.0,5284.348,294.048,57.905,29.793,29.698,8.764,0.0,0.0
58,9.0,0.0,0.0,8.0,9.0,0.0,5329.522,314.792,92.614,29.582,29.559,8.712,0.0,0.0
59,9.0,0.0,0.0,9.0,10.0,0.0,5713.362,343.587,26.717,30.544,29.942,8.739,0.0,0.0
60,9.0,0.0,0.0,10.0,11.0,0.0,5577.381,384.765,-10.098,30.206,30.102,8.797,0.0,0.0
61,0.0,1.0,0.0,0.0,1.0,0.0,131.072,513.978,4.521,29.73,29.609,8.741,0.0,0.0
62,0.0,1.0,0.0,1.0,2.0,0.0,183.847,517.69,29.108,29.582,29.542,8.71,0.0,0.0
63,0.0,1.0,0.0,2.0,3.0,0.0,104.311,799.824,-10.799,29.993,29.924,8.74,0.0,0.0
64,0.0,1.0,0.0,3.0,4.0,0.0,406.49,818.746,-13.546,30.205,30.139,8.802,0.0,0.0
65,1.0,1.0,0.0,0.0,1.0,0.0,1024.869,460.973,69.777,29.677,29.581,8.729,0.0,0.0
66,1.0,1.0,0.0,1.0,2.0,0.0,839.843,586.255,70.845,30.835,30.701,8.889,0.0,0.0
67,1.0,1.0,0.0,2.0,3.0,0.0,700.783,664.061,78.968,30.143,30.07,8.783,0.0,0.0
68,1.0,1.0,0.0,3.0,4.0,0.0,977.626,694.334,95.239,30.012,29.732,8.801,0.0,0.0
69,1.0,1.0,0.0,4.0,5.0,0.0,686.685,743.237,24.779,29.506,29.382,8.675,0.0,0.0
70,1.0,1.0,0.0,5.0,6.0,0.0,869.305,749.563,-41.375,29.442,29.359,8.75,0.0,0.0
71,2.0,1.0,0.0,0.0,1.0,0.0,1461.883,497.299,39.012,29.326,29.243,8.716,0.0,0.0
72,2.0,1.0,0.0,1.0,2.0,0.0,1629.564,764.168,53.644,30.269,30.172,8.816,0.0,0.0
73,2.0,1.0,0.0,2.0,3.0,0.0,1232.097,805.221,-39.303,29.916,29.737,8.788,0.0,0.0
74,2.0,1.0,0.0,3.0,4.0,0.0,1693.781,824.144,31.359,30.753,30.324,8.824,0.0,0.0
75,3.0,1.0,0.0,0.0,1.0,0.0,2057.89,467.73,94.76,29.831,29.637,8.76,0.0,0.0
76,3.0,1.0,0.0,1.0,2.0,0.0,2092.515,471.24,97.4,29.928,29.698,8.784,0.0,0.0
77,3.0,1.0,0.0,2.0,3.0,0.0,1784.409,496.485,64.943,29.51,29.387,8.764,0.0,0.0
78,3.0,1.0,0.0,3.0,4.0,0.0,2101.147,626.353,109.255,29.997,29.828,8.813,0.0,0.0
79,3.0,1.0,0.0,4.0,5.0,0.0,1872.618,689.636,45.436,29.108,28.904,8.633,0.0,0.0
81,4.0,1.0,0.0,1.0,1.0,0.0,2418.712,520.194,44.31,29.472,29.33,8.662,0.0,0.0
83,4.0,1.0,0.0,3.0,3.0,0.0,2528.884,665.858,52.625,29.459,29.362,8.753,0.0,0.0
85,4.0,1.0,0.0,5.0,5.0,0.0,2645.604,735.253,-21.592,30.148,30.032,8.778,0.0,0.0
86,4.0,1.0,0.0,6.0,6.0,0.0,2599.156,755.14,30.084,29.672,29.574,8.728,0.0,0.0
89,5.0,1.0,0.0,0.0,1.0,0.0,3316.027,488.384,97.277,29.741,29.526,8.731,0.0,0.0
90,5.0,1.0,0.0,1.0,2.0,0.0,3457.85,610.616,117.51,29.875,29.487,8.745,0.0,0.0
91,5.0,1.0,0.0,2.0,3.0,0.0,3395.534,649.71,18.728,30.084,29.958,8.845,0.0,0.0
92,5.0,1.0,0.0,3.0,4.0,0.0,3144.526,651.394,-21.479,29.876,29.785,8.789,0.0,0.0
93,6.0,1.0,0.0,0.0,1.0,0.0,3727.578,480.268,76.536,29.261,29.089,8.683,0.0,0.0
94,6.0,1.0,0.0,1.0,3.0,0.0,3515.36,700.312,66.62,30.256,30.151,8.811,0.0,0.0
95,7.0,1.0,0.0,0.0,1.0,0.0,4510.435,548.817,-30.128,29.646,29.551,8.72,0.0,0.0
96,7.0,1.0,0.0,1.0,3.0,0.0,4502.123,720.438,-0.474,29.539,29.475,8.694,0.0,0.0
97,8.0,1.0,0.0,0.0,1.0,0.0,4938.1,591.734,-15.177,29.482,29.442,8.769,0.0,0.0
98,8.0,1.0,0.0,1.0,2.0,0.0,4808.279,674.582,-0.239,29.601,29.455,8.7,0.0,0.0
100,8.0,1.0,0.0,3.0,4.0,0.0,4626.972,817.687,55.415,22.227,19.01,9.334,0.0,0.0
103,9.0,1.0,0.0,2.0,2.0,0.0,5542.745,593.575,97.106,29.645,29.477,8.709,0.0,0.0
105,9.0,1.0,0.0,4.0,4.0,0.0,5367.094,653.426,88.452,29.581,29.493,8.791,0.0,0.0
106,9.0,1.0,0.0,5.0,5.0,0.0,5229.306,748.304,66.765,29.681,29.602,8.733,0.0,0.0
109,0.0,2.0,0.0,1.0,3.0,0.0,137.142,957.578,28.55,29.422,29.27,8.734,0.0,0.0
110,0.0,2.0,0.0,2.0,4.0,0.0,570.453,990.897,62.899,30.279,30.148,8.814,0.0,0.0
111,0.0,2.0,0.0,3.0,5.0,0.0,232.888,1166.555,-3.783,25.339,24.817,8.062,0.0,0.0
112,0.0,2.0,0.0,4.0,6.0,0.0,418.775,1198.309,122.086,29.525,29.449,8.688,0.0,0.0
113,0.0,2.0,0.0,5.0,7.0,0.0,443.823,1227.534,8.497,30.062,29.847,8.826,0.0,0.0
114,0.0,2.0,0.0,6.0,8.0,0.0,348.82,1234.518,-2.23,30.636,28.73,8.658,0.0,0.0
115,1.0,2.0,0.0,0.0,1.0,0.0,923.531,1031.991,-43.4,29.735,29.636,8.746,0.0,0.0
116,1.0,2.0,0.0,1.0,2.0,0.0,641.452,1119.686,65.203,30.013,29.87,8.821,0.0,0.0
117,2.0,2.0,0.0,0.0,2.0,0.0,1297.376,928.994,58.297,29.411,29.346,8.744,0.0,0.0
118,2.0,2.0,0.0,1.0,3.0,0.0,1709.914,991.533,129.428,30.277,30.113,8.809,0.0,0.0
120,2.0,2.0,0.0,3.0,5.0,0.0,1456.496,1099.66,104.444,29.613,29.468,8.703,0.0,0.0
121,2.0,2.0,0.0,4.0,6.0,0.0,1499.008,1115.977,52.682,29.987,29.913,8.824,0.0,0.0
122,2.0,2.0,0.0,5.0,7.0,0.0,1242.376,1157.71,15.621,30.124,29.758,8.822,0.0,0.0
123,3.0,2.0,0.0,0.0,0.0,0.0,1909.837,987.956,75.472,29.787,29.633,8.753,0.0,0.0
127,3.0,2.0,0.0,4.0,4.0,0.0,2294.17,1172.26,133.091,30.41,30.239,8.847,0.0,0.0
128,3.0,2.0,0.0,5.0,5.0,0.0,1763.182,1205.93,91.336,30.319,30.149,8.82,0.0,0.0
129,4.0,2.0,0.0,0.0,0.0,0.0,2482.709,907.471,55.987,29.607,29.472,8.703,0.0,0.0
131,5.0,2.0,0.0,0.0,1.0,0.0,3409.456,958.532,107.21,29.616,29.497,8.708,0.0,0.0
132,5.0,2.0,0.0,1.0,2.0,0.0,3333.498,1089.869,-16.973,29.725,29.547,8.732,0.0,0.0
133,5.0,2.0,0.0,2.0,3.0,0.0,2973.088,1124.569,29.34,29.972,29.843,8.812,0.0,0.0
134,5.0,2.0,0.0,3.0,4.0,0.0,3016.709,1160.546,35.784,29.964,29.805,8.805,0.0,0.0
136,6.0,2.0,0.0,0.0,0.0,0.0,3688.946,863.784,97.1,29.476,29.403,8.762,0.0,0.0
137,6.0,2.0,0.0,1.0,1.0,0.0,3890.804,876.685,91.572,30.353,30.167,8.828,0.0,0.0
138,6.0,2.0,0.0,2.0,2.0,0.0,3872.182,948.666,-13.378,29.658,29.6,8.729,0.0,0.0
141,7.0,2.0,0.0,0.0,1.0,0.0,4365.618,867.703,99.543,29.598,29.466,8.701,0.0,0.0
142,7.0,2.0,0.0,1.0,2.0,0.0,4403.225,995.28,-25.116,29.985,29.659,8.7,0.0,0.0
143,7.0,2.0,0.0,2.0,3.0,0.0,4094.464,1038.845,108.093,29.745,29.682,8.755,0.0,0.0
144,7.0,2.0,0.0,3.0,4.0,0.0,4517.636,1102.627,126.595,30.319,30.084,8.811,0.0,0.0
145,8.0,2.0,0.0,0.0,1.0,0.0,4972.636,1063.87,78.93,29.781,29.627,8.751,0.0,0.0
146,8.0,2.0,0.0,1.0,2.0,0.0,5103.559,1101.591,43.01,30.075,29.975,8.846,0.0,0.0
148,9.0,2.0,0.0,0.0,1.0,0.0,5578.702,883.239,56.441,29.919,29.871,8.721,0.0,0.0
149,9.0,2.0,0.0,1.0,2.0,0.0,5635.245,911.161,-7.421,29.759,29.72,8.762,0.0,0.0
152,9.0,2.0,0.0,4.0,4.0,0.0,5360.037,1016.419,-39.842,29.582,29.249,9.681,0.0,0.0
153,9.0,2.0,0.0,5.0,5.0,0.0,5765.746,1031.976,77.978,30.208,30.086,8.795,0.0,0.0
156,9.0,2.0,0.0,8.0,9.0,0.0,5731.51,1169.888,4.822,30.929,30.805,8.918,0.0,0.0
157,9.0,2.0,0.0,9.0,10.0,0.0,5595.814,1172.717,106.377,30.152,30.098,8.788,0.0,0.0
159,0.0,3.0,0.0,0.0,2.0,0.0,552.046,1261.604,119.111,30.256,30.088,8.802,0.0,0.0
160,0.0,3.0,0.0,1.0,3.0,0.0,277.428,1286.517,101.567,29.654,29.417,8.702,0.0,0.0
161,0.0,3.0,0.0,2.0,4.0,0.0,140.48,1322.606,61.967,29.717,29.59,8.737,0.0,0.0
163,0.0,3.0,0.0,4.0,6.0,0.0,201.678,1417.377,100.573,29.399,29.349,8.742,0.0,0.0
164,0.0,3.0,0.0,5.0,7.0,0.0,423.185,1643.681,-4.151,31.021,27.219,8.405,0.0,0.0
165,1.0,3.0,0.0,0.0,0.0,0.0,1040.293,1331.715,56.805,29.763,29.696,8.759,0.0,0.0
166,1.0,3.0,0.0,1.0,1.0,0.0,980.519,1389.61,73.741,29.503,29.379,8.674,0.0,0.0
167,1.0,3.0,0.0,2.0,2.0,0.0,703.183,1507.211,85.939,29.368,29.355,8.738,0.0,0.0
168,1.0,3.0,0.0,3.0,3.0,0.0,710.234,1611.826,-44.052,29.755,29.57,8.739,0.0,0.0
170,2.0,3.0,0.0,0.0,0.0,0.0,1421.378,1285.341,116.041,29.553,29.475,8.696,0.0,0.0
171,2.0,3.0,0.0,1.0,1.0,0.0,1527.628,1309.09,7.614,29.923,29.861,8.807,0.0,0.0
172,2.0,3.0,0.0,2.0,2.0,0.0,1689.368,1336.306,-35.434,30.224,30.09,8.797,0.0,0.0
173,2.0,3.0,0.0,3.0,3.0,0.0,1248.561,1433.479,75.067,29.668,29.626,8.735,0.0,0.0
174,2.0,3.0,0.0,4.0,4.0,0.0,1207.906,1446.272,72.373,29.591,29.475,8.701,0.0,0.0
175,2.0,3.0,0.0,5.0,5.0,0.0,1686.781,1544.869,113.97,30.341,30.286,8.843,0.0,0.0
176,2.0,3.0,0.0,6.0,6.0,0.0,1503.559,1637.608,6.42,30.149,30.065,8.783,0.0,0.0
177,3.0,3.0,0.0,0.0,0.0,0.0,1894.896,1282.51,38.008,29.767,29.706,8.761,0.0,0.0
178,3.0,3.0,0.0,1.0,1.0,0.0,2061.609,1476.177,91.626,29.721,29.621,8.742,0.0,0.0
180,4.0,3.0,0.0,1.0,1.0,0.0,2857.051,1392.709,-36.268,29.935,29.854,8.721,0.0,0.0
181,4.0,3.0,0.0,2.0,2.0,0.0,2746.054,1484.398,124.609,29.893,29.716,8.781,0.0,0.0
182,4.0,3.0,0.0,3.0,3.0,0.0,2841.994,1594.868,73.982,30.422,30.122,8.918,0.0,0.0
183,4.0,3.0,0.0,4.0,3.0,0.0,2833.036,1565.585,107.115,30.27,30.112,8.985,0.0,0.0
185,5.0,3.0,0.0,1.0,2.0,0.0,3247.085,1399.645,-25.928,29.824,29.729,8.773,0.0,0.0
186,5.0,3.0,0.0,2.0,3.0,0.0,3306.732,1534.379,-44.224,30.015,29.921,8.829,0.0,0.0
187,5.0,3.0,0.0,3.0,4.0,0.0,3106.806,1619.467,31.789,30.396,30.309,8.855,0.0,0.0
188,6.0,3.0,0.0,0.0,1.0,0.0,3507.411,1243.837,58.505,29.756,29.489,8.727,0.0,0.0
189,6.0,3.0,0.0,1.0,2.0,0.0,3678.842,1311.466,95.07,30.136,29.91,8.758,0.0,0.0
190,6.0,3.0,0.0,2.0,3.0,0.0,3819.743,1378.518,55.778,30.052,30.002,8.847,0.0,0.0
191,6.0,3.0,0.0,3.0,4.0,0.0,3899.538,1511.92,7.191,29.683,29.553,8.726,0.0,0.0
192,6.0,3.0,0.0,4.0,5.0,0.0,3794.677,1579.961,119.354,30.118,29.989,8.767,0.0,0.0
193,6.0,3.0,0.0,5.0,6.0,0.0,3809.715,1622.266,16.569,29.803,29.753,8.773,0.0,0.0
194,7.0,3.0,0.0,0.0,0.0,0.0,4449.509,1308.152,74.924,29.881,29.75,8.784,0.0,0.0
195,7.0,3.0,0.0,1.0,1.0,0.0,4612.948,1312.003,2.451,30.263,30.084,8.802,0.0,0.0
196,7.0,3.0,0.0,2.0,2.0,0.0,4526.482,1319.079,118.142,29.709,29.707,8.753,0.0,0.0
197,7.0,3.0,0.0,3.0,3.0,0.0,4245.658,1378.298,17.582,29.695,29.41,8.707,0.0,0.0
198,7.0,3.0,0.0,4.0,4.0,0.0,4474.994,1422.17,-31.876,29.578,29.538,8.709,0.0,0.0
199,7.0,3.0,0.0,5.0,5.0,0.0,4528.825,1517.574,-5.168,30.511,30.325,8.874,0.0,0.0
200,8.0,3.0,0.0,0.0,1.0,0.0,4737.551,1339.514,-25.366,29.5,29.36,8.671,0.0,0.0
201,8.0,3.0,0.0,1.0,2.0,0.0,4889.057,1426.792,114.046,29.63,29.528,8.715,0.0,0.0
202,8.0,3.0,0.0,2.0,3.0,0.0,4688.874,1561.723,23.982,30.232,30.126,8.804,0.0,0.0
203,9.0,3.0,0.0,0.0,0.0,0.0,5321.043,1248.947,68.761,29.984,29.658,8.785,0.0,0.0
204,9.0,3.0,0.0,1.0,1.0,0.0,5714.785,1300.174,128.451,30.264,30.168,8.815,0.0,0.0
205,9.0,3.0,0.0,2.0,2.0,0.0,5452.077,1300.854,58.179,29.712,29.617,8.74,0.0,0.0
206,9.0,3.0,0.0,3.0,3.0,0.0,5230.759,1369.493,13.055,29.928,29.862,8.808,0.0,0.0
207,9.0,3.0,0.0,4.0,4.0,0.0,5389.444,1429.676,15.226,29.85,29.597,8.757,0.0,0.0
208,9.0,3.0,0.0,5.0,6.0,0.0,5637.182,1513.881,-23.17,30.088,30.01,8.853,0.0,0.0
209,9.0,3.0,0.0,6.0,7.0,0.0,5598.856,1519.662,54.234,30.024,29.908,8.742,0.0,0.0
210,9.0,3.0,0.0,7.0,8.0,0.0,5257.353,1586.443,33.212,30.057,29.949,8.753,0.0,0.0
211,9.0,3.0,0.0,8.0,9.0,0.0,5311.992,1642.239,5.162,30.369,28.958,9.012,0.0,0.0
212,9.0,3.0,0.0,9.0,9.0,0.0,5293.038,1621.459,12.458,29.973,29.731,9.27,0.0,0.0
213,0.0,4.0,0.0,0.0,1.0,0.0,23.408,1650.36,106.866,30.096,30.063,8.775,0.0,0.0
214,0.0,4.0,0.0,1.0,3.0,0.0,407.833,1719.475,26.306,30.373,30.089,9.712,0.0,0.0
215,0.0,4.0,0.0,2.0,3.0,0.0,389.207,1704.207,29.391,29.902,29.403,9.754,0.0,0.0
216,0.0,4.0,0.0,3.0,4.0,0.0,308.307,1759.275,5.883,29.716,29.641,8.744,0.0,0.0
217,0.0,4.0,0.0,4.0,5.0,0.0,232.388,1768.498,-2.235,29.389,29.336,8.739,0.0,0.0
218,0.0,4.0,0.0,5.0,6.0,0.0,480.178,1802.261,42.956,29.719,29.556,8.732,0.0,0.0
219,0.0,4.0,0.0,6.0,7.0,0.0,450.655,1883.118,43.905,30.019,29.758,8.719,0.0,0.0
220,1.0,4.0,0.0,0.0,0.0,0.0,758.948,1764.181,-9.18,29.414,29.264,8.732,0.0,0.0
221,1.0,4.0,0.0,1.0,1.0,0.0,1080.709,1808.764,-15.892,15.051,14.53,6.163,0.0,0.0
222,1.0,4.0,0.0,2.0,2.0,0.0,998.42,1896.2,41.073,29.428,29.283,8.649,0.0,0.0
223,1.0,4.0,0.0,3.0,3.0,0.0,1092.238,1900.719,-30.535,30.15,30.034,8.866,0.0,0.0
224,1.0,4.0,0.0,4.0,4.0,0.0,910.07,2025.387,6.998,38.108,30.78,9.332,0.0,0.0
225,2.0,4.0,0.0,0.0,1.0,0.0,1212.722,1675.947,61.383,30.187,29.859,8.758,0.0,0.0
226,2.0,4.0,0.0,1.0,2.0,0.0,1227.686,1773.289,-5.799,29.368,29.162,8.71,0.0,0.0
227,3.0,4.0,0.0,0.0,0.0,0.0,1889.505,1690.325,43.678,29.87,29.74,8.781,0.0,0.0
228,3.0,4.0,0.0,1.0,1.0,0.0,1833.808,1730.886,24.547,29.44,29.296,8.741,0.0,0.0
229,3.0,4.0,0.0,2.0,2.0,0.0,2151.28,1766.954,113.612,29.896,29.865,8.804,0.0,0.0
230,3.0,4.0,0.0,3.0,3.0,0.0,2160.151,1835.036,107.654,30.205,29.903,8.768,0.0,0.0
231,3.0,4.0,0.0,4.0,4.0,0.0,2074.346,1893.761,-11.226,29.61,29.513,8.71,0.0,0.0
232,3.0,4.0,0.0,5.0,5.0,0.0,2224.612,1896.035,76.004,30.138,29.943,8.85,0.0,0.0
233,3.0,4.0,0.0,6.0,6.0,0.0,2034.795,1956.817,-40.996,29.883,29.816,8.795,0.0,0.0
234,3.0,4.0,0.0,7.0,7.0,0.0,1891.74,1984.143,20.585,29.598,29.504,8.706,0.0,0.0
237,4.0,4.0,0.0,0.0,0.0,0.0,2359.799,1712.029,36.189,30.002,29.687,8.793,0.0,0.0
238,4.0,4.0,0.0,1.0,1.0,0.0,2851.465,1757.876,128.634,30.226,30.016,8.787,0.0,0.0
239,4.0,4.0,0.0,2.0,2.0,0.0,2825.342,1777.814,-44.957,30.185,29.958,8.86,0.0,0.0
240,4.0,4.0,0.0,3.0,3.0,0.0,2464.92,1857.779,41.034,29.714,29.445,8.715,0.0,0.0
242,4.0,4.0,0.0,5.0,5.0,0.0,2636.379,1958.75,-43.144,29.815,29.735,8.773,0.0,0.0
243,5.0,4.0,0.0,0.0,0.0,0.0,3201.916,1728.161,21.682,29.532,29.348,8.854,0.0,0.0
244,5.0,4.0,0.0,1.0,2.0,0.0,3283.538,1801.906,2.064,29.344,29.254,8.72,0.0,0.0
245,5.0,4.0,0.0,2.0,4.0,0.0,3171.083,1922.078,-40.05,29.753,29.623,8.747,0.0,0.0
246,5.0,4.0,0.0,3.0,5.0,0.0,3465.467,1987.331,84.337,30.6,30.014,8.755,0.0,0.0
247,6.0,4.0,0.0,0.0,1.0,0.0,3703.417,1713.931,52.985,30.058,29.771,8.727,0.0,0.0
248,6.0,4.0,0.0,1.0,2.0,0.0,3962.858,1736.462,97.107,29.928,29.82,8.802,0.0,0.0
250,6.0,4.0,0.0,3.0,4.0,0.0,3474.318,1789.646,130.204,30.079,29.971,8.759,0.0,0.0
251,6.0,4.0,0.0,4.0,5.0,0.0,3865.451,1962.779,-9.814,30.007,29.883,8.823,0.0,0.0
252,6.0,4.0,0.0,5.0,6.0,0.0,4018.181,1971.34,116.492,30.454,30.421,8.879,0.0,0.0
253,7.0,4.0,0.0,0.0,0.0,0.0,4389.401,1741.679,104.868,29.669,29.596,8.731,0.0,0.0
254,7.0,4.0,0.0,1.0,1.0,0.0,4551.558,1762.178,130.158,29.9,29.852,8.802,0.0,0.0
255,7.0,4.0,0.0,2.0,2.0,0.0,4594.971,1866.837,11.891,30.598,30.519,8.915,0.0,0.0
256,7.0,4.0,0.0,3.0,3.0,0.0,4258.522,1866.975,33.057,29.452,29.291,8.654,0.0,0.0
257,7.0,4.0,0.0,4.0,5.0,0.0,4174.046,1946.199,30.748,29.832,29.669,8.765,0.0,0.0
258,8.0,4.0,0.0,0.0,0.0,0.0,5063.324,1765.716,51.398,29.957,29.835,8.722,0.0,0.0
259,8.0,4.0,0.0,1.0,1.0,0.0,4922.142,1861.381,108.263,29.769,29.597,8.745,0.0,0.0
260,8.0,4.0,0.0,2.0,2.0,0.0,4625.607,1874.097,1.123,29.759,29.55,8.737,0.0,0.0
262,8.0,4.0,0.0,4.0,4.0,0.0,4836.599,1976.348,-24.206,29.92,29.798,8.798,0.0,0.0
263,8.0,4.0,0.0,5.0,5.0,0.0,4831.004,2035.054,1.134,29.933,29.9,8.727,0.0,0.0
264,8.0,4.0,0.0,6.0,6.0,0.0,4628.233,2044.464,-11.834,30.696,30.372,8.822,0.0,0.0
265,9.0,4.0,0.0,0.0,1.0,0.0,5754.203,1681.307,134.225,29.918,29.91,8.727,0.0,0.0
267,9.0,4.0,0.0,2.0,3.0,0.0,5507.615,1886.283,84.499,29.486,29.383,8.76,0.0,0.0
269,9.0,4.0,0.0,4.0,5.0,0.0,5269.467,2037.913,11.23,30.261,30.108,8.806,0.0,0.0
271,0.0,5.0,0.0,1.0,1.0,0.0,294.03,2196.647,59.367,29.523,29.354,8.673,0.0,0.0
272,0.0,5.0,0.0,2.0,2.0,0.0,533.956,2269.924,45.86,30.271,30.066,8.801,0.0,0.0
273,0.0,5.0,0.0,3.0,3.0,0.0,58.889,2353.176,33.785,29.601,29.545,8.713,0.0,0.0
274,0.0,5.0,0.0,4.0,4.0,0.0,210.326,2375.802,58.351,29.657,29.568,8.725,0.0,0.0
275,0.0,5.0,0.0,5.0,5.0,0.0,83.679,2412.968,9.512,30.1,29.96,8.76,0.0,0.0
276,1.0,5.0,0.0,0.0,0.0,0.0,1059.779,2133.615,92.977,29.432,29.36,8.661,0.0,0.0
277,1.0,5.0,0.0,1.0,1.0,0.0,1126.177,2205.277,125.743,30.599,29.112,8.553,0.0,0.0
278,1.0,5.0,0.0,2.0,2.0,0.0,843.848,2233.802,37.764,29.397,29.16,8.714,0.0,0.0
279,1.0,5.0,0.0,3.0,3.0,0.0,827.013,2444.222,109.12,29.958,29.754,8.796,0.0,0.0
280,2.0,5.0,0.0,0.0,0.0,0.0,1530.059,2060.906,41.77,29.547,29.486,8.696,0.0,0.0
281,2.0,5.0,0.0,1.0,1.0,0.0,1345.263,2116.819,67.121,29.594,29.402,8.691,0.0,0.0
282,2.0,5.0,0.0,2.0,2.0,0.0,1555.684,2117.107,106.154,29.814,29.538,8.743,0.0,0.0
283,2.0,5.0,0.0,3.0,3.0,0.0,1612.768,2222.47,15.609,29.611,29.503,8.708,0.0,0.0
284,2.0,5.0,0.0,4.0,4.0,0.0,1595.195,2323.613,127.684,29.922,29.859,9.727,0.0,0.0
285,2.0,5.0,0.0,5.0,4.0,0.0,1579.362,2305.18,102.267,29.915,29.644,9.692,0.0,0.0
286,3.0,5.0,0.0,0.0,1.0,0.0,2141.414,2201.178,134.85,29.926,29.775,8.795,0.0,0.0
287,3.0,5.0,0.0,1.0,2.0,0.0,2260.676,2362.976,52.782,29.938,29.787,8.798,0.0,0.0
288,4.0,5.0,0.0,0.0,0.0,0.0,2736.913,2290.399,101.767,10.245,10.046,4.983,0.0,0.0
289,4.0,5.0,0.0,1.0,1.0,0.0,2643.747,2349.458,121.817,30.108,29.711,8.726,0.0,0.0
290,5.0,5.0,0.0,0.0,0.0,0.0,2984.493,2218.474,-8.829,29.653,29.609,8.73,0.0,0.0
291,6.0,5.0,0.0,0.0,0.0,0.0,3989.758,2350.619,-21.167,30.012,29.923,8.829,0.0,0.0
292,6.0,5.0,0.0,1.0,1.0,0.0,3736.894,2370.778,15.915,30.036,29.943,8.749,0.0,0.0
293,6.0,5.0,0.0,2.0,2.0,0.0,3660.265,2382.997,121.837,30.258,30.22,8.821,0.0,0.0
294,6.0,5.0,0.0,3.0,3.0,0.0,3977.053,2396.47,111.386,30.206,30.087,8.794,0.0,0.0
296,7.0,5.0,0.0,0.0,1.0,0.0,4393.658,2263.563,53.784,29.631,29.601,8.726,0.0,0.0
297,7.0,5.0,0.0,1.0,3.0,0.0,4424.637,2321.713,53.128,29.731,29.604,8.741,0.0,0.0
298,7.0,5.0,0.0,2.0,4.0,0.0,4391.03,2340.176,37.949,30.242,30.143,8.808,0.0,0.0
302,8.0,5.0,0.0,2.0,4.0,0.0,5191.838,2286.19,26.605,30.311,30.24,8.832,0.0,0.0
303,9.0,5.0,0.0,0.0,1.0,0.0,5486.854,2074.219,61.819,30.115,29.985,8.766,0.0,0.0
304,9.0,5.0,0.0,1.0,2.0,0.0,5590.501,2089.796,96.402,29.882,29.767,8.787,0.0,0.0
305,9.0,5.0,0.0,2.0,4.0,0.0,5335.856,2309.651,65.934,29.196,29.095,8.674,0.0,0.0
307,9.0,5.0,0.0,4.0,6.0,0.0,5387.418,2395.394,111.228,30.264,30.05,8.798,0.0,0.0
308,9.0,5.0,0.0,5.0,7.0,0.0,5274.063,2402.692,107.65,29.793,29.736,8.769,0.0,0.0
309,0.0,6.0,0.0,0.0,0.0,0.0,221.376,2470.497,93.725,29.55,29.498,8.699,0.0,0.0
310,0.0,6.0,0.0,1.0,1.0,0.0,430.554,2642.539,-26.3,30.279,30.14,8.813,0.0,0.0
311,0.0,6.0,0.0,2.0,5.0,0.0,24.397,2838.442,19.976,29.724,29.658,8.748,0.0,0.0
312,1.0,6.0,0.0,0.0,1.0,0.0,722.164,2472.16,47.768,29.365,29.154,8.708,0.0,0.0
313,1.0,6.0,0.0,1.0,2.0,0.0,920.311,2510.073,73.145,29.802,29.515,8.738,0.0,0.0
314,1.0,6.0,0.0,2.0,3.0,0.0,814.558,2624.948,82.115,29.483,29.314,8.662,0.0,0.0
315,1.0,6.0,0.0,3.0,5.0,0.0,1023.614,2702.73,60.44,29.845,29.597,8.756,0.0,0.0
316,2.0,6.0,0.0,0.0,0.0,0.0,1367.665,2524.886,75.008,29.441,29.344,8.66,0.0,0.0
317,2.0,6.0,0.0,1.0,1.0,0.0,1570.171,2659.183,134.735,29.749,29.593,8.656,0.0,0.0
318,2.0,6.0,0.0,2.0,2.0,0.0,1736.568,2723.665,15.146,30.489,30.233,8.857,0.0,0.0
319,2.0,6.0,0.0,3.0,3.0,0.0,1588.336,2761.221,56.931,29.86,29.708,8.775,0.0,0.0
320,2.0,6.0,0.0,4.0,4.0,0.0,1664.779,2816.876,0.905,30.245,30.025,8.791,0.0,0.0
321,3.0,6.0,0.0,0.0,0.0,0.0,2117.763,2552.815,50.433,29.881,29.824,8.795,0.0,0.0
322,3.0,6.0,0.0,1.0,1.0,0.0,2136.918,2585.409,64.489,29.68,29.321,8.692,0.0,0.0
323,3.0,6.0,0.0,2.0,3.0,0.0,2316.025,2786.717,92.17,31.066,26.517,8.382,0.0,0.0
324,3.0,6.0,0.0,3.0,4.0,0.0,2111.816,2825.004,93.676,29.554,29.512,8.701,0.0,0.0
325,4.0,6.0,0.0,0.0,0.0,0.0,2679.117,2488.354,99.786,29.958,29.868,8.813,0.0,0.0
326,4.0,6.0,0.0,1.0,1.0,0.0,2644.695,2527.402,13.409,30.114,29.648,8.719,0.0,0.0
327,4.0,6.0,0.0,2.0,2.0,0.0,2410.423,2550.542,66.293,30.102,29.913,8.754,0.0,0.0
329,4.0,6.0,0.0,4.0,5.0,0.0,2793.466,2797.091,134.043,30.412,30.185,8.839,0.0,0.0
330,4.0,6.0,0.0,5.0,6.0,0.0,2581.783,2817.834,131.408,29.772,29.671,8.757,0.0,0.0
331,5.0,6.0,0.0,0.0,0.0,0.0,3102.015,2672.734,74.862,30.121,29.995,8.769,0.0,0.0
332,5.0,6.0,0.0,1.0,1.0,0.0,3218.09,2716.873,-37.328,29.838,29.716,8.773,0.0,0.0
334,6.0,6.0,0.0,1.0,3.0,0.0,3725.771,2500.748,60.295,29.685,29.51,8.72,0.0,0.0
335,6.0,6.0,0.0,2.0,4.0,0.0,3497.787,2628.347,52.353,29.555,29.447,8.692,0.0,0.0
337,6.0,6.0,0.0,4.0,6.0,0.0,3761.16,2790.412,-43.917,29.813,29.656,8.761,0.0,0.0
338,6.0,6.0,0.0,5.0,7.0,0.0,3664.527,2790.783,-35.202,29.744,29.64,8.748,0.0,0.0
339,6.0,6.0,0.0,6.0,8.0,0.0,3971.558,2798.044,106.614,30.195,30.047,8.787,0.0,0.0
340,6.0,6.0,0.0,7.0,9.0,0.0,3831.736,2807.996,2.92,29.838,29.785,8.783,0.0,0.0
341,6.0,6.0,0.0,8.0,10.0,0.0,3588.949,2862.432,-43.448,30.168,29.994,8.775,0.0,0.0
343,7.0,6.0,0.0,1.0,1.0,0.0,4363.322,2560.794,76.366,29.692,29.53,8.724,0.0,0.0
344,7.0,6.0,0.0,2.0,2.0,0.0,4409.507,2698.123,103.016,29.717,29.621,8.741,0.0,0.0
345,7.0,6.0,0.0,3.0,3.0,0.0,4171.661,2718.512,-15.656,29.649,29.529,8.718,0.0,0.0
346,7.0,6.0,0.0,4.0,4.0,0.0,4118.699,2751.403,-25.662,29.973,29.802,8.806,0.0,0.0
348,8.0,6.0,0.0,0.0,0.0,0.0,4944.215,2785.617,120.552,29.79,29.65,8.756,0.0,0.0
349,8.0,6.0,0.0,1.0,1.0,0.0,5009.053,2844.135,66.415,29.964,29.86,8.813,0.0,0.0
351,9.0,6.0,0.0,1.0,1.0,0.0,5537.046,2636.387,74.115,30.111,30.02,8.771,0.0,0.0
352,9.0,6.0,0.0,2.0,2.0,0.0,5724.676,2685.172,22.317,30.712,30.646,8.863,0.0,0.0
354,0.0,7.0,0.0,0.0,1.0,0.0,431.49,2890.542,-25.215,29.866,29.71,8.776,0.0,0.0
355,1.0,7.0,0.0,0.0,1.0,0.0,1146.653,2876.823,-17.189,30.191,30.035,8.785,0.0,0.0
356,1.0,7.0,0.0,1.0,2.0,0.0,666.509,2929.338,-10.847,29.878,29.763,8.786,0.0,0.0
357,1.0,7.0,0.0,2.0,3.0,0.0,1084.91,2982.814,90.742,29.633,29.44,8.702,0.0,0.0
358,1.0,7.0,0.0,3.0,4.0,0.0,750.601,3070.402,30.917,29.667,29.542,8.722,0.0,0.0
359,1.0,7.0,0.0,4.0,5.0,0.0,872.277,3158.101,61.82,29.478,29.381,8.671,0.0,0.0
360,1.0,7.0,0.0,5.0,6.0,0.0,677.803,3201.875,-29.552,30.413,30.312,8.857,0.0,0.0
361,1.0,7.0,0.0,6.0,7.0,0.0,1068.681,3214.457,-30.268,30.179,29.948,8.77,0.0,0.0
362,1.0,7.0,0.0,7.0,8.0,0.0,1038.644,3243.726,9.417,30.3,30.209,8.826,0.0,0.0
363,2.0,7.0,0.0,0.0,1.0,0.0,1549.021,2952.892,121.759,29.407,29.235,8.726,0.0,0.0
364,2.0,7.0,0.0,1.0,2.0,0.0,1255.455,2961.868,62.862,29.612,29.399,8.693,0.0,0.0
365,2.0,7.0,0.0,2.0,3.0,0.0,1238.643,3162.975,73.648,29.649,29.452,8.706,0.0,0.0
366,3.0,7.0,0.0,0.0,0.0,0.0,1937.276,2925.067,90.713,29.504,29.304,8.751,0.0,0.0
367,3.0,7.0,0.0,1.0,1.0,0.0,2183.603,3260.521,19.689,30.372,30.269,8.845,0.0,0.0
368,4.0,7.0,0.0,0.0,0.0,0.0,2379.704,2875.081,18.695,30.13,29.998,8.77,0.0,0.0
369,4.0,7.0,0.0,1.0,1.0,0.0,2816.504,2878.95,96.444,30.33,30.211,8.831,0.0,0.0
370,4.0,7.0,0.0,2.0,2.0,0.0,2468.483,2952.255,5.253,29.624,29.423,8.698,0.0,0.0
372,4.0,7.0,0.0,4.0,4.0,0.0,2592.449,3040.542,133.483,29.767,29.688,8.759,0.0,0.0
373,4.0,7.0,0.0,5.0,5.0,0.0,2659.952,3080.246,72.773,29.609,29.432,8.698,0.0,0.0
374,4.0,7.0,0.0,6.0,6.0,0.0,2406.17,3080.486,40.868,29.794,29.561,8.744,0.0,0.0
375,4.0,7.0,0.0,7.0,7.0,0.0,2543.661,3157.208,47.214,29.545,29.485,8.696,0.0,0.0
376,4.0,7.0,0.0,8.0,8.0,0.0,2775.966,3158.394,-25.286,30.364,30.198,8.834,0.0,0.0
377,4.0,7.0,0.0,9.0,9.0,0.0,2488.074,3248.274,4.537,30.24,30.22,8.819,0.0,0.0
378,4.0,7.0,0.0,10.0,10.0,0.0,2351.056,3263.748,-35.025,30.214,30.151,8.805,0.0,0.0
379,5.0,7.0,0.0,0.0,0.0,0.0,3313.013,2901.772,119.726,29.601,29.302,8.677,0.0,0.0
380,5.0,7.0,0.0,1.0,1.0,0.0,3188.639,2997.535,62.719,29.633,29.584,8.724,0.0,0.0
381,5.0,7.0,0.0,2.0,2.0,0.0,3089.97,3039.938,105.969,29.82,29.754,8.776,0.0,0.0
383,5.0,7.0,0.0,4.0,4.0,0.0,3274.371,3093.34,106.385,29.849,29.774,8.783,0.0,0.0
384,5.0,7.0,0.0,5.0,5.0,0.0,2995.078,3122.051,-8.493,29.448,29.264,8.737,0.0,0.0
385,5.0,7.0,0.0,6.0,6.0,0.0,2952.268,3159.575,128.024,30.15,29.564,8.798,0.0,0.0
388,6.0,7.0,0.0,2.0,2.0,0.0,3842.462,2976.286,127.829,29.994,29.94,8.742,0.0,0.0
389,6.0,7.0,0.0,3.0,3.0,0.0,3655.668,3019.876,-26.072,29.681,29.574,8.729,0.0,0.0
390,6.0,7.0,0.0,4.0,4.0,0.0,3893.929,3024.382,74.228,29.64,29.448,8.704,0.0,0.0
392,6.0,7.0,0.0,6.0,6.0,0.0,3604.054,3134.679,40.358,29.829,29.644,8.761,0.0,0.0
393,6.0,7.0,0.0,7.0,7.0,0.0,3643.801,3227.926,-15.183,30.091,29.861,8.832,0.0,0.0
394,6.0,7.0,0.0,8.0,8.0,0.0,3980.922,3238.169,18.084,30.608,30.483,8.825,0.0,0.0
397,7.0,7.0,0.0,2.0,4.0,0.0,4156.543,3104.458,-33.049,29.381,29.371,8.655,0.0,0.0
398,7.0,7.0,0.0,3.0,6.0,0.0,4542.515,3147.638,-36.08,30.184,30.059,8.787,0.0,0.0
399,7.0,7.0,0.0,4.0,7.0,0.0,4351.671,3224.109,54.549,29.968,29.899,8.819,0.0,0.0
400,7.0,7.0,0.0,5.0,8.0,0.0,4468.75,3251.272,-9.957,30.241,30.141,8.808,0.0,0.0
401,7.0,7.0,0.0,6.0,9.0,0.0,4619.285,3265.512,99.071,31.637,27.959,8.516,0.0,0.0
402,8.0,7.0,0.0,0.0,0.0,0.0,4634.571,2956.555,70.369,29.785,29.633,8.753,0.0,0.0
403,8.0,7.0,0.0,1.0,1.0,0.0,4691.443,2959.051,66.714,29.952,29.819,8.805,0.0,0.0
404,8.0,7.0,0.0,2.0,2.0,0.0,4917.43,2970.898,5.178,29.701,29.604,8.736,0.0,0.0
405,8.0,7.0,0.0,3.0,3.0,0.0,4643.106,3011.904,80.308,29.565,29.459,8.695,0.0,0.0
406,8.0,7.0,0.0,4.0,4.0,0.0,4819.636,3021.237,75.098,29.617,29.498,8.708,0.0,0.0
407,8.0,7.0,0.0,5.0,5.0,0.0,5090.349,3051.074,131.36,29.983,29.971,8.745,0.0,0.0
408,8.0,7.0,0.0,6.0,7.0,0.0,5006.137,3118.751,129.417,29.759,29.662,8.754,0.0,0.0
409,8.0,7.0,0.0,7.0,8.0,0.0,4770.331,3227.178,95.978,29.675,29.574,8.728,0.0,0.0
410,8.0,7.0,0.0,8.0,9.0,0.0,4867.093,3237.78,-4.336,29.675,29.666,8.742,0.0,0.0
411,9.0,7.0,0.0,0.0,0.0,0.0,5368.891,2898.819,91.857,29.939,29.64,8.776,0.0,0.0
412,9.0,7.0,0.0,1.0,1.0,0.0,5583.738,2943.197,100.615,30.014,29.949,8.746,0.0,0.0
413,9.0,7.0,0.0,2.0,2.0,0.0,5710.55,3011.185,-33.545,29.993,29.748,8.801,0.0,0.0
414,9.0,7.0,0.0,3.0,3.0,0.0,5765.126,3064.119,110.529,30.259,30.127,8.808,0.0,0.0
415,9.0,7.0,0.0,4.0,4.0,0.0,5478.294,3120.706,70.038,29.81,29.74,8.772,0.0,0.0
416,0.0,8.0,0.0,0.0,0.0,0.0,338.728,3393.809,-39.407,29.934,29.796,8.799,0.0,0.0
417,0.0,8.0,0.0,1.0,1.0,0.0,301.369,3454.883,103.73,29.222,29.17,8.689,0.0,0.0
418,0.0,8.0,0.0,2.0,2.0,0.0,543.713,3555.981,130.842,30.507,30.378,8.881,0.0,0.0
421,0.0,8.0,0.0,5.0,4.0,0.0,423.953,3637.515,45.861,29.896,29.788,8.792,0.0,0.0
422,1.0,8.0,0.0,0.0,0.0,0.0,667.888,3445.329,63.641,29.629,29.484,8.708,0.0,0.0
423,1.0,8.0,0.0,1.0,1.0,0.0,680.597,3537.133,65.112,29.478,29.391,8.672,0.0,0.0
424,1.0,8.0,0.0,2.0,2.0,0.0,1103.033,3541.632,68.337,30.232,30.059,8.794,0.0,0.0
425,2.0,8.0,0.0,0.0,0.0,0.0,1534.765,3312.385,87.176,29.829,29.648,8.762,0.0,0.0
426,2.0,8.0,0.0,1.0,1.0,0.0,1409.581,3436.655,-6.385,29.906,29.813,8.798,0.0,0.0
427,2.0,8.0,0.0,2.0,2.0,0.0,1321.697,3610.446,1.826,29.51,29.346,8.67,0.0,0.0
428,3.0,8.0,0.0,0.0,1.0,0.0,1974.245,3397.837,84.559,29.201,29.071,8.671,0.0,0.0
429,3.0,8.0,0.0,1.0,2.0,0.0,2194.019,3516.191,93.556,30.287,29.456,8.715,0.0,0.0
430,3.0,8.0,0.0,2.0,3.0,0.0,2260.917,3540.368,-16.347,30.093,29.918,8.841,0.0,0.0
431,4.0,8.0,0.0,0.0,1.0,0.0,2745.009,3336.669,111.05,29.862,29.632,8.764,0.0,0.0
432,4.0,8.0,0.0,1.0,2.0,0.0,2391.356,3619.035,14.499,29.919,29.722,8.786,0.0,0.0
433,5.0,8.0,0.0,0.0,0.0,0.0,3067.34,3298.161,74.794,29.658,29.467,8.71,0.0,0.0
434,5.0,8.0,0.0,1.0,1.0,0.0,3445.91,3367.316,117.377,30.011,29.926,8.743,0.0,0.0
436,5.0,8.0,0.0,3.0,3.0,0.0,2969.942,3606.043,85.155,29.846,29.772,8.782,0.0,0.0
437,5.0,8.0,0.0,4.0,4.0,0.0,3298.087,3683.576,-4.181,31.211,27.304,8.534,0.0,0.0
438,6.0,8.0,0.0,0.0,0.0,0.0,3773.109,3300.989,96.255,29.756,29.554,8.737,0.0,0.0
439,6.0,8.0,0.0,1.0,2.0,0.0,3687.929,3418.592,30.228,29.692,29.617,8.737,0.0,0.0
440,6.0,8.0,0.0,2.0,3.0,0.0,3746.608,3467.842,77.426,29.756,29.717,8.761,0.0,0.0
441,6.0,8.0,0.0,3.0,4.0,0.0,4032.389,3479.811,-25.032,29.907,29.761,8.79,0.0,0.0
445,7.0,8.0,0.0,0.0,1.0,0.0,4103.345,3325.886,62.433,30.276,30.124,8.81,0.0,0.0
446,7.0,8.0,0.0,1.0,2.0,0.0,4077.569,3349.291,72.602,29.829,29.489,8.738,0.0,0.0
447,7.0,8.0,0.0,2.0,3.0,0.0,4255.233,3422.469,61.331,29.675,29.362,9.063,0.0,0.0
448,7.0,8.0,0.0,3.0,3.0,0.0,4241.265,3397.202,64.342,29.642,29.316,9.051,0.0,0.0
449,7.0,8.0,0.0,4.0,4.0,0.0,4321.182,3435.66,58.732,29.522,29.486,8.693,0.0,0.0
450,7.0,8.0,0.0,5.0,6.0,0.0,4473.01,3490.166,-24.492,29.607,29.499,8.707,0.0,0.0
451,7.0,8.0,0.0,6.0,7.0,0.0,4520.254,3529.348,-1.951,30.121,30.091,8.783,0.0,0.0
452,8.0,8.0,0.0,0.0,3.0,0.0,4947.178,3422.61,78.88,29.716,29.399,8.708,0.0,0.0
453,8.0,8.0,0.0,1.0,4.0,0.0,5150.366,3470.302,-7.031,30.181,30.113,8.795,0.0,0.0
454,8.0,8.0,0.0,2.0,5.0,0.0,5070.02,3486.422,-31.624,29.822,29.692,8.767,0.0,0.0
455,8.0,8.0,0.0,3.0,6.0,0.0,5035.581,3642.701,44.685,29.984,29.937,8.827,0.0,0.0
456,8.0,8.0,0.0,4.0,7.0,0.0,4655.726,3645.358,29.722,30.063,29.945,8.753,0.0,0.0
457,9.0,8.0,0.0,0.0,0.0,0.0,5546.276,3288.349,77.928,30.066,29.84,8.824,0.0,0.0
458,9.0,8.0,0.0,1.0,1.0,0.0,5701.049,3332.057,89.776,29.917,29.835,8.716,0.0,0.0
459,9.0,8.0,0.0,2.0,3.0,0.0,5279.328,3412.907,92.276,29.569,29.377,8.771,0.0,0.0
460,9.0,8.0,0.0,3.0,4.0,0.0,5514.941,3522.241,32.005,29.752,29.547,8.736,0.0,0.0
461,9.0,8.0,0.0,4.0,5.0,0.0,5566.843,3654.738,-14.825,29.979,29.887,8.819,0.0,0.0
462,0.0,9.0,0.0,0.0,0.0,0.0,126.433,3728.007,23.856,29.666,29.524,8.72,0.0,0.0
463,0.0,9.0,0.0,1.0,1.0,0.0,543.915,3812.378,75.207,30.06,29.998,8.76,0.0,0.0
464,0.0,9.0,0.0,2.0,2.0,0.0,313.386,3815.784,48.891,29.14,28.947,8.644,0.0,0.0
465,0.0,9.0,0.0,3.0,3.0,0.0,252.9,3992.893,92.874,30.342,30.207,8.832,0.0,0.0
466,0.0,9.0,0.0,4.0,4.0,0.0,443.127,4020.188,133.367,30.103,30.09,8.78,0.0,0.0
467,0.0,9.0,0.0,5.0,5.0,0.0,299.587,4042.02,17.213,30.128,30.05,8.778,0.0,0.0
468,0.0,9.0,0.0,6.0,6.0,0.0,97.38,4056.618,1.099,30.412,30.027,8.903,0.0,0.0
469,0.0,9.0,0.0,7.0,7.0,0.0,142.467,4059.498,-2.491,29.871,29.716,8.778,0.0,0.0
471,1.0,9.0,0.0,1.0,1.0,0.0,836.6,3803.445,36.816,30.026,29.399,9.425,0.0,0.0
472,1.0,9.0,0.0,2.0,1.0,0.0,816.676,3787.714,80.491,29.55,29.372,9.585,0.0,0.0
473,1.0,9.0,0.0,3.0,2.0,0.0,1078.289,3883.782,-13.706,29.797,29.537,8.741,0.0,0.0
474,1.0,9.0,0.0,4.0,3.0,0.0,990.427,3887.007,52.381,30.045,29.918,8.746,0.0,0.0
475,1.0,9.0,0.0,5.0,4.0,0.0,1088.721,4079.779,62.683,30.7,30.584,8.853,0.0,0.0
476,2.0,9.0,0.0,0.0,0.0,0.0,1605.072,3797.886,30.303,29.675,29.586,8.73,0.0,0.0
477,2.0,9.0,0.0,1.0,1.0,0.0,1712.261,3897.709,0.187,30.425,30.261,8.852,0.0,0.0
478,2.0,9.0,0.0,2.0,2.0,0.0,1261.584,4023.459,-21.477,29.989,29.802,8.808,0.0,0.0
479,2.0,9.0,0.0,3.0,3.0,0.0,1431.209,4080.432,67.518,29.866,29.605,8.761,0.0,0.0
480,3.0,9.0,0.0,0.0,1.0,0.0,2304.451,3844.662,103.679,29.799,29.72,8.768,0.0,0.0
481,3.0,9.0,0.0,1.0,2.0,0.0,1916.985,3902.906,68.493,29.559,29.518,8.703,0.0,0.0
482,3.0,9.0,0.0,2.0,4.0,0.0,1884.163,3971.27,50.486,29.961,29.843,8.81,0.0,0.0
483,4.0,9.0,0.0,0.0,0.0,0.0,2320.969,3799.764,81.711,30.015,29.92,8.829,0.0,0.0
484,4.0,9.0,0.0,1.0,1.0,0.0,2812.49,3807.806,-8.549,29.723,29.608,8.74,0.0,0.0
485,4.0,9.0,0.0,2.0,2.0,0.0,2405.558,3829.253,29.045,29.387,29.282,8.643,0.0,0.0
486,4.0,9.0,0.0,3.0,4.0,0.0,2371.047,3857.95,74.022,29.772,29.649,8.754,0.0,0.0
487,4.0,9.0,0.0,4.0,5.0,0.0,2376.762,3892.371,25.455,29.616,29.495,8.708,0.0,0.0
488,4.0,9.0,0.0,5.0,6.0,0.0,2332.542,3969.191,14.8,29.99,29.914,8.738,0.0,0.0
489,4.0,9.0,0.0,6.0,7.0,0.0,2630.833,3978.257,-4.742,29.908,29.864,8.805,0.0,0.0
490,4.0,9.0,0.0,7.0,8.0,0.0,2783.807,3984.366,-37.119,30.243,30.166,8.811,0.0,0.0
491,4.0,9.0,0.0,8.0,9.0,0.0,2694.166,4015.459,133.688,30.257,30.092,8.803,0.0,0.0
492,4.0,9.0,0.0,9.0,10.0,0.0,2675.526,4063.097,119.749,30.3,30.076,8.807,0.0,0.0
494,5.0,9.0,0.0,0.0,1.0,0.0,3131.085,3863.256,117.136,29.724,29.643,8.746,0.0,0.0
495,5.0,9.0,0.0,1.0,2.0,0.0,3299.029,3888.923,49.121,29.72,29.655,8.747,0.0,0.0
496,5.0,9.0,0.0,2.0,3.0,0.0,3268.27,3966.041,21.32,30.099,30.058,8.775,0.0,0.0
497,5.0,9.0,0.0,3.0,4.0,0.0,2995.909,4015.182,30.867,29.959,29.86,8.812,0.0,0.0
498,6.0,9.0,0.0,0.0,0.0,0.0,3879.927,3800.285,27.241,30.59,29.704,8.715,0.0,0.0
499,6.0,9.0,0.0,1.0,1.0,0.0,3975.976,3909.722,-31.584,30.135,29.983,8.856,0.0,0.0
500,6.0,9.0,0.0,2.0,2.0,0.0,3948.102,3924.036,115.815,29.958,29.848,8.81,0.0,0.0
504,7.0,9.0,0.0,2.0,2.0,0.0,4488.591,3907.518,-9.939,30.02,29.909,8.828,0.0,0.0
505,7.0,9.0,0.0,3.0,3.0,0.0,4240.11,3911.105,134.256,29.726,29.638,8.745,0.0,0.0
507,8.0,9.0,0.0,0.0,0.0,0.0,4687.106,3841.685,31.241,29.903,29.675,8.777,0.0,0.0
508,8.0,9.0,0.0,1.0,1.0,0.0,4807.92,3898.211,27.398,29.69,29.633,8.739,0.0,0.0
509,9.0,9.0,0.0,0.0,0.0,0.0,5659.619,3704.039,17.722,29.979,29.833,8.811,0.0,0.0
510,9.0,9.0,0.0,1.0,1.0,0.0,5251.21,3850.94,34.459,29.78,29.738,8.768,0.0,0.0
513,0.0,10.0,0.0,0.0,0.0,0.0,572.033,4095.85,-24.512,29.987,29.801,8.808,0.0,0.0
514,0.0,10.0,0.0,1.0,1.0,0.0,370.26,4170.465,83.64,29.823,29.626,8.757,0.0,0.0
515,0.0,10.0,0.0,2.0,3.0,0.0,38.661,4313.415,54.485,29.814,29.724,8.771,0.0,0.0
516,0.0,10.0,0.0,3.0,4.0,0.0,238.51,4357.306,71.246,29.879,29.826,8.795,0.0,0.0
517,0.0,10.0,0.0,4.0,5.0,0.0,89.24,4405.45,53.254,29.664,29.631,8.735,0.0,0.0
519,1.0,10.0,0.0,0.0,2.0,0.0,721.314,4152.067,57.93,29.998,29.875,8.82,0.0,0.0
520,1.0,10.0,0.0,1.0,3.0,0.0,1109.846,4185.763,117.063,30.044,29.877,8.827,0.0,0.0
521,1.0,10.0,0.0,2.0,4.0,0.0,639.01,4411.402,103.356,30.94,30.022,8.726,0.0,0.0
522,1.0,10.0,0.0,3.0,5.0,0.0,882.479,4429.484,64.001,29.957,29.627,8.777,0.0,0.0
523,2.0,10.0,0.0,0.0,2.0,0.0,1420.401,4390.052,-24.274,29.891,29.737,8.784,0.0,0.0
524,2.0,10.0,0.0,1.0,3.0,0.0,1729.23,4465.791,15.921,31.014,30.722,8.834,0.0,0.0
525,2.0,10.0,0.0,2.0,4.0,0.0,1198.282,4466.294,121.398,29.766,29.67,8.756,0.0,0.0
526,2.0,10.0,0.0,3.0,5.0,0.0,1572.775,4472.361,-43.851,30.406,30.122,8.744,0.0,0.0
527,3.0,10.0,0.0,0.0,0.0,0.0,1782.631,4144.821,9.283,29.97,29.439,8.929,0.0,0.0
528,3.0,10.0,0.0,1.0,1.0,0.0,2282.105,4192.248,40.748,30.102,30.006,8.768,0.0,0.0
529,3.0,10.0,0.0,2.0,2.0,0.0,1934.991,4209.373,48.33,29.382,29.296,8.732,0.0,0.0
531,3.0,10.0,0.0,4.0,4.0,0.0,1945.48,4402.663,112.213,29.794,29.748,8.771,0.0,0.0
532,3.0,10.0,0.0,5.0,5.0,0.0,2170.679,4448.295,50.993,30.164,30.047,8.782,0.0,0.0
533,3.0,10.0,0.0,6.0,7.0,0.0,1821.844,4478.446,-28.532,30.351,30.272,8.843,0.0,0.0
534,4.0,10.0,0.0,0.0,1.0,0.0,2506.11,4187.676,-42.984,29.577,29.47,8.698,0.0,0.0
535,4.0,10.0,0.0,1.0,2.0,0.0,2359.646,4194.983,62.292,29.809,29.683,8.764,0.0,0.0
536,4.0,10.0,0.0,2.0,3.0,0.0,2862.025,4299.872,-2.403,29.854,29.78,8.785,0.0,0.0
537,4.0,10.0,0.0,3.0,4.0,0.0,2394.047,4325.744,67.922,29.941,29.787,8.798,0.0,0.0
538,4.0,10.0,0.0,4.0,5.0,0.0,2547.296,4446.228,68.7,29.698,29.498,8.721,0.0,0.0
539,5.0,10.0,0.0,0.0,0.0,0.0,3048.64,4145.605,101.503,29.563,29.382,8.683,0.0,0.0
540,5.0,10.0,0.0,1.0,1.0,0.0,3395.335,4168.455,114.806,29.788,29.714,8.765,0.0,0.0
541,5.0,10.0,0.0,2.0,2.0,0.0,3021.405,4181.083,75.144,29.85,29.693,8.771,0.0,0.0
542,5.0,10.0,0.0,3.0,3.0,0.0,3181.495,4353.548,84.349,29.886,29.766,8.787,0.0,0.0
543,5.0,10.0,0.0,4.0,4.0,0.0,3432.778,4385.178,41.768,30.39,30.26,8.846,0.0,0.0
544,5.0,10.0,0.0,5.0,5.0,0.0,3126.56,4402.188,80.609,29.356,29.281,8.726,0.0,0.0
546,5.0,10.0,0.0,7.0,7.0,0.0,3131.518,4492.727,131.83,30.229,30.104,8.8,0.0,0.0
547,6.0,10.0,0.0,0.0,0.0,0.0,3906.074,4164.929,-40.228,30.254,30.009,8.79,0.0,0.0
548,6.0,10.0,0.0,1.0,1.0,0.0,3505.932,4257.458,13.769,29.394,29.358,8.743,0.0,0.0
549,6.0,10.0,0.0,2.0,2.0,0.0,3720.095,4306.297,76.666,29.487,29.387,8.673,0.0,0.0
550,6.0,10.0,0.0,3.0,3.0,0.0,3724.319,4344.511,-21.84,29.909,29.793,8.795,0.0,0.0
554,6.0,10.0,0.0,7.0,7.0,0.0,3681.604,4439.941,90.531,29.863,29.793,8.788,0.0,0.0
555,7.0,10.0,0.0,0.0,0.0,0.0,4614.216,4101.983,-14.355,29.929,29.809,8.8,0.0,0.0
556,7.0,10.0,0.0,1.0,1.0,0.0,4443.625,4108.044,72.105,29.562,29.333,8.764,0.0,0.0
558,7.0,10.0,0.0,3.0,3.0,0.0,4382.57,4280.128,50.365,29.436,29.381,8.665,0.0,0.0
560,8.0,10.0,0.0,0.0,2.0,0.0,4778.796,4134.69,39.966,29.702,29.561,8.73,0.0,0.0
561,8.0,10.0,0.0,1.0,3.0,0.0,4853.886,4150.96,-40.022,29.999,29.822,8.813,0.0,0.0
563,8.0,10.0,0.0,3.0,5.0,0.0,5097.974,4173.219,111.529,29.72,29.6,8.739,0.0,0.0
564,8.0,10.0,0.0,4.0,6.0,0.0,5111.313,4287.02,96.95,30.34,30.234,8.835,0.0,0.0
565,8.0,10.0,0.0,5.0,7.0,0.0,4844.461,4298.194,-15.194,29.413,29.291,8.736,0.0,0.0
566,8.0,10.0,0.0,6.0,8.0,0.0,5046.204,4404.115,-43.459,29.841,29.749,8.778,0.0,0.0
571,0.0,11.0,0.0,0.0,0.0,0.0,83.99,4586.215,55.843,29.925,29.649,8.776,0.0,0.0
572,0.0,11.0,0.0,1.0,1.0,0.0,434.41,4649.992,-24.967,29.828,29.714,8.771,0.0,0.0
573,0.0,11.0,0.0,2.0,2.0,0.0,245.411,4767.694,62.942,29.729,29.553,8.733,0.0,0.0
574,0.0,11.0,0.0,3.0,4.0,0.0,294.416,4853.138,90.168,30.322,30.043,8.805,0.0,0.0
575,1.0,11.0,0.0,0.0,0.0,0.0,806.538,4588.861,60.134,29.843,29.72,8.774,0.0,0.0
576,1.0,11.0,0.0,1.0,1.0,0.0,1053.012,4691.388,55.396,29.875,29.633,8.766,0.0,0.0
577,1.0,11.0,0.0,2.0,3.0,0.0,956.854,4824.207,87.239,29.799,29.556,8.744,0.0,0.0
578,1.0,11.0,0.0,3.0,4.0,0.0,630.708,4898.849,-8.504,30.217,30.11,8.799,0.0,0.0
579,1.0,11.0,0.0,4.0,5.0,0.0,1151.307,4907.065,-2.241,30.739,28.238,8.516,0.0,0.0
580,2.0,11.0,0.0,0.0,0.0,0.0,1337.403,4741.182,129.165,30.122,29.595,8.974,0.0,0.0
581,2.0,11.0,0.0,1.0,0.0,0.0,1356.424,4719.094,107.143,29.463,29.452,9.048,0.0,0.0
582,2.0,11.0,0.0,2.0,1.0,0.0,1173.665,4747.531,87.953,29.774,29.654,8.755,0.0,0.0
583,2.0,11.0,0.0,3.0,2.0,0.0,1540.102,4906.347,0.62,30.643,29.193,8.729,0.0,0.0
584,3.0,11.0,0.0,0.0,1.0,0.0,2172.018,4515.605,124.35,29.856,29.589,8.757,0.0,0.0
585,3.0,11.0,0.0,1.0,2.0,0.0,2010.735,4518.777,64.05,29.913,29.782,8.794,0.0,0.0
586,3.0,11.0,0.0,2.0,3.0,0.0,2135.103,4536.565,70.488,29.755,29.71,8.76,0.0,0.0
587,3.0,11.0,0.0,3.0,4.0,0.0,2055.873,4595.24,73.48,29.583,29.502,8.704,0.0,0.0
588,3.0,11.0,0.0,4.0,5.0,0.0,2245.143,4704.819,16.526,30.133,29.726,8.818,0.0,0.0
589,3.0,11.0,0.0,5.0,6.0,0.0,2220.749,4788.966,3.572,29.886,29.576,8.76,0.0,0.0
590,4.0,11.0,0.0,0.0,0.0,0.0,2558.759,4586.393,81.009,29.96,29.861,8.812,0.0,0.0
591,4.0,11.0,0.0,1.0,1.0,0.0,2628.051,4761.031,-7.284,29.936,29.789,8.799,0.0,0.0
592,5.0,11.0,0.0,0.0,1.0,0.0,3394.392,4525.555,118.632,30.062,29.806,8.819,0.0,0.0
593,5.0,11.0,0.0,1.0,2.0,0.0,2986.076,4635.998,44.226,29.494,29.458,8.684,0.0,0.0
594,5.0,11.0,0.0,2.0,4.0,0.0,3192.282,4643.361,127.539,29.732,29.596,8.74,0.0,0.0
595,5.0,11.0,0.0,3.0,5.0,0.0,3180.673,4799.204,20.843,29.849,29.683,8.77,0.0,0.0
596,5.0,11.0,0.0,4.0,6.0,0.0,3113.012,4826.248,-3.499,29.935,29.901,8.815,0.0,0.0
597,5.0,11.0,0.0,5.0,7.0,0.0,3282.002,4876.211,11.382,30.426,30.3,8.858,0.0,0.0
598,6.0,11.0,0.0,0.0,0.0,0.0,3755.715,4504.871,64.033,29.606,29.411,8.694,0.0,0.0
599,6.0,11.0,0.0,1.0,1.0,0.0,3810.695,4537.822,98.906,30.043,29.933,8.835,0.0,0.0
600,6.0,11.0,0.0,2.0,2.0,0.0,3650.498,4617.35,66.779,29.601,29.463,8.701,0.0,0.0
601,6.0,11.0,0.0,3.0,3.0,0.0,3491.003,4635.548,45.997,29.962,29.738,8.794,0.0,0.0
602,6.0,11.0,0.0,4.0,5.0,0.0,3572.981,4795.229,119.1,30.159,30.006,8.863,0.0,0.0
604,6.0,11.0,0.0,6.0,7.0,0.0,3698.109,4901.612,70.576,30.353,30.171,8.828,0.0,0.0
606,7.0,11.0,0.0,0.0,0.0,0.0,4292.163,4519.141,72.781,29.646,29.364,8.693,0.0,0.0
607,7.0,11.0,0.0,1.0,1.0,0.0,4070.931,4538.446,27.586,29.932,29.813,8.801,0.0,0.0
610,7.0,11.0,0.0,4.0,5.0,0.0,4524.845,4636.993,95.525,30.102,30.025,8.77,0.0,0.0
611,7.0,11.0,0.0,5.0,6.0,0.0,4265.22,4637.103,52.884,29.822,29.712,8.77,0.0,0.0
614,8.0,11.0,0.0,1.0,2.0,0.0,5035.806,4658.375,128.183,29.847,29.791,8.786,0.0,0.0
618,8.0,11.0,0.0,5.0,6.0,0.0,4892.318,4792.672,77.198,29.647,29.562,8.722,0.0,0.0
619,9.0,11.0,0.0,0.0,1.0,0.0,5375.541,4557.568,57.394,29.813,29.696,8.767,0.0,0.0
620,9.0,11.0,0.0,1.0,2.0,0.0,5290.345,4584.929,7.947,29.33,29.272,8.721,0.0,0.0
621,9.0,11.0,0.0,2.0,3.0,0.0,5432.093,4651.922,82.106,29.667,29.588,8.729,0.0,0.0
622,9.0,11.0,0.0,3.0,4.0,0.0,5237.741,4674.86,38.332,29.987,29.715,8.795,0.0,0.0
623,9.0,11.0,0.0,4.0,5.0,0.0,5692.902,4717.751,73.486,29.846,29.71,8.773,0.0,0.0
624,9.0,11.0,0.0,5.0,6.0,0.0,5263.978,4841.636,112.017,29.978,29.933,8.739,0.0,0.0
625,9.0,11.0,0.0,6.0,7.0,0.0,5589.327,4851.068,20.421,29.95,29.895,8.816,0.0,0.0
628,0.0,12.0,0.0,2.0,2.0,0.0,279.767,5139.631,103.282,29.486,29.403,8.763,0.0,0.0
629,0.0,12.0,0.0,3.0,3.0,0.0,78.671,5147.13,13.988,29.363,29.21,8.716,0.0,0.0
631,0.0,12.0,0.0,5.0,5.0,0.0,503.885,5305.588,36.075,30.503,30.2,8.769,0.0,0.0
632,1.0,12.0,0.0,0.0,2.0,0.0,700.466,4917.882,66.611,29.59,29.489,8.703,0.0,0.0
633,1.0,12.0,0.0,1.0,3.0,0.0,746.959,4966.051,61.958,29.779,29.492,8.731,0.0,0.0
634,1.0,12.0,0.0,2.0,4.0,0.0,631.012,5221.102,24.038,29.583,29.469,8.699,0.0,0.0
635,1.0,12.0,0.0,3.0,5.0,0.0,832.294,5300.018,109.574,30.093,29.929,8.755,0.0,0.0
636,2.0,12.0,0.0,0.0,2.0,0.0,1706.023,4922.594,-25.541,30.13,29.853,8.837,0.0,0.0
637,2.0,12.0,0.0,1.0,3.0,0.0,1651.017,4938.361,94.978,29.982,29.828,8.811,0.0,0.0
638,2.0,12.0,0.0,2.0,4.0,0.0,1201.243,4986.737,47.81,29.459,29.449,8.678,0.0,0.0
639,2.0,12.0,0.0,3.0,5.0,0.0,1666.241,5037.149,-10.977,30.448,30.424,8.879,0.0,0.0
640,2.0,12.0,0.0,4.0,6.0,0.0,1321.695,5222.106,55.667,29.365,29.31,8.731,0.0,0.0
641,3.0,12.0,0.0,0.0,0.0,0.0,2049.08,4923.118,90.249,29.987,29.801,8.807,0.0,0.0
642,3.0,12.0,0.0,1.0,1.0,0.0,1830.808,4930.741,78.865,29.766,29.668,8.755,0.0,0.0
643,3.0,12.0,0.0,2.0,2.0,0.0,1982.01,5135.602,8.753,29.341,29.209,8.713,0.0,0.0
644,3.0,12.0,0.0,3.0,5.0,0.0,1984.383,5227.145,-39.318,29.854,29.786,8.786,0.0,0.0
645,4.0,12.0,0.0,0.0,0.0,0.0,2810.521,4921.295,95.282,30.082,29.923,8.753,0.0,0.0
647,4.0,12.0,0.0,2.0,2.0,0.0,2337.942,5193.595,-22.674,29.961,29.793,8.803,0.0,0.0
648,4.0,12.0,0.0,3.0,3.0,0.0,2795.647,5209.589,-33.261,30.216,30.082,8.795,0.0,0.0
649,4.0,12.0,0.0,4.0,4.0,0.0,2551.461,5251.338,103.988,29.609,29.47,8.703,0.0,0.0
650,5.0,12.0,0.0,0.0,0.0,0.0,3046.798,4934.949,51.145,30.007,29.9,8.825,0.0,0.0
651,5.0,12.0,0.0,1.0,1.0,0.0,3421.628,4961.185,126.758,29.875,29.68,8.773,0.0,0.0
652,5.0,12.0,0.0,2.0,2.0,0.0,2936.869,5013.393,79.308,29.756,29.603,8.744,0.0,0.0
653,5.0,12.0,0.0,3.0,4.0,0.0,2957.951,5042.771,51.386,29.634,29.483,8.709,0.0,0.0
654,5.0,12.0,0.0,4.0,5.0,0.0,2901.109,5266.481,116.215,30.3,30.255,8.833,0.0,0.0
655,6.0,12.0,0.0,0.0,2.0,0.0,3577.198,4983.249,17.673,29.671,29.554,8.725,0.0,0.0
656,6.0,12.0,0.0,1.0,3.0,0.0,3875.525,5041.608,81.388,29.691,29.587,8.732,0.0,0.0
657,6.0,12.0,0.0,2.0,4.0,0.0,3700.24,5079.435,53.643,29.521,29.453,8.688,0.0,0.0
658,6.0,12.0,0.0,3.0,5.0,0.0,3720.224,5138.447,79.661,29.497,29.272,8.745,0.0,0.0
662,6.0,12.0,0.0,7.0,9.0,0.0,3951.96,5316.141,-2.802,31.171,26.472,8.318,0.0,0.0
663,6.0,12.0,0.0,8.0,10.0,0.0,3721.706,5316.945,-3.632,31.999,24.971,8.283,0.0,0.0
664,7.0,12.0,0.0,0.0,0.0,0.0,4500.296,4954.356,-25.315,29.912,29.826,8.8,0.0,0.0
665,7.0,12.0,0.0,1.0,1.0,0.0,4382.204,5026.316,80.516,29.884,29.728,8.781,0.0,0.0
666,7.0,12.0,0.0,2.0,2.0,0.0,4453.3,5134.698,34.424,30.041,29.936,8.835,0.0,0.0
669,8.0,12.0,0.0,1.0,1.0,0.0,4727.708,5170.302,92.18,29.846,29.694,8.771,0.0,0.0
670,8.0,12.0,0.0,2.0,2.0,0.0,5151.32,5235.916,23.094,30.661,30.488,8.833,0.0,0.0
672,9.0,12.0,0.0,1.0,1.0,0.0,5613.16,4996.399,105.987,29.694,29.446,8.712,0.0,0.0
673,9.0,12.0,0.0,2.0,2.0,0.0,5334.384,5050.208,63.039,29.387,29.175,8.714,0.0,0.0
677,0.0,0.0,0.0,0.0,0.0,0.0,512.417,164.228,68.159,29.492,28.714,24.818,4.0,
678,0.0,0.0,0.0,0.0,0.0,0.0,525.604,161.694,27.153,30.397,29.502,22.071,4.0,
679,0.0,6.0,0.0,0.0,0.0,0.0,6.521,2739.25,86.836,30.338,27.859,23.154,4.0,
680,0.0,6.0,0.0,0.0,0.0,0.0,567.096,2669.863,48.484,30.398,28.862,20.733,4.0,
681,0.0,6.0,0.0,0.0,0.0,0.0,576.621,2654.044,-35.959,29.733,29.265,20.457,4.0,
683,0.0,6.0,0.0,0.0,0.0,0.0,585.084,2871.471,89.242,30.119,29.377,25.213,4.0,
684,0.0,7.0,0.0,0.0,0.0,0.0,585.767,2871.156,-14.228,30.531,29.032,21.875,4.0,
686,0.0,7.0,0.0,0.0,0.0,0.0,4.061,2944.431,-0.095,30.631,29.983,23.8,4.0,
688,0.0,10.0,0.0,0.0,0.0,0.0,391.987,4285.712,11.788,30.206,29.759,22.104,4.0,
689,1.0,7.0,0.0,0.0,0.0,0.0,586.024,2871.12,78.133,30.752,27.996,23.178,4.0,
690,2.0,2.0,0.0,0.0,0.0,0.0,1459.201,1036.887,126.008,29.431,28.925,19.28,4.0,
691,2.0,2.0,0.0,0.0,0.0,0.0,1462.954,1040.094,129.61,29.042,27.945,21.051,4.0,
692,3.0,10.0,0.0,0.0,0.0,0.0,1752.647,4144.016,62.01,29.792,28.378,22.898,4.0,
693,3.0,10.0,0.0,0.0,0.0,0.0,1751.121,4152.158,56.649,29.523,29.098,23.079,4.0,
695,3.0,12.0,0.0,0.0,0.0,0.0,2156.0,5163.996,-9.357,30.106,29.121,21.831,4.0,
696,3.0,12.0,0.0,0.0,0.0,0.0,2168.773,5181.113,42.867,29.772,29.142,21.652,4.0,
697,4.0,0.0,0.0,0.0,0.0,0.0,2456.529,27.492,-33.839,30.101,29.243,23.321,4.0,
698,4.0,3.0,0.0,0.0,0.0,0.0,2481.541,1337.748,61.746,29.854,29.743,25.353,4.0,
699,4.0,3.0,0.0,0.0,0.0,0.0,2488.185,1327.509,39.976,29.116,28.325,22.715,4.0,
700,4.0,4.0,0.0,0.0,0.0,0.0,2894.254,1875.884,17.369,30.82,29.834,22.285,4.0,
702,4.0,6.0,0.0,0.0,0.0,0.0,2317.53,2786.404,8.267,29.536,28.781,20.259,4.0,
703,4.0,9.0,0.0,0.0,0.0,0.0,2716.435,4094.334,18.267,29.86,28.871,23.195,4.0,
704,4.0,12.0,0.0,0.0,0.0,0.0,2892.521,5024.848,94.229,30.461,30.118,23.861,4.0,
705,5.0,2.0,0.0,0.0,0.0,0.0,3420.913,1238.029,86.568,30.029,29.75,23.506,4.0,
706,6.0,2.0,0.0,0.0,0.0,0.0,3993.749,1237.415,89.239,30.813,29.736,22.234,4.0,
707,6.0,11.0,0.0,0.0,0.0,0.0,3910.194,4902.172,-12.277,29.71,29.14,23.154,4.0,
708,6.0,11.0,0.0,0.0,0.0,0.0,3902.509,4908.708,69.797,30.165,28.928,23.253,4.0,
710,7.0,5.0,0.0,0.0,0.0,0.0,4590.505,2304.748,-4.48,29.84,29.168,21.706,4.0,
711,7.0,7.0,0.0,0.0,0.0,0.0,4123.806,3146.267,40.195,30.129,29.254,20.71,4.0,
712,7.0,7.0,0.0,0.0,0.0,0.0,4112.91,3160.799,31.719,30.126,29.181,21.937,4.0,
714,8.0,7.0,0.0,0.0,0.0,0.0,4620.528,3265.05,29.7,29.983,29.442,20.631,4.0,
716,8.0,8.0,0.0,0.0,0.0,0.0,5175.07,3389.726,29.395,29.257,28.438,21.304,4.0,
715,8.0,8.0,0.0,0.0,0.0,0.0,5171.69,3405.191,-5.055,30.836,29.264,25.712,4.0,
717,9.0,3.0,0.0,0.0,0.0,0.0,5487.634,1482.921,108.567,30.543,30.297,25.856,4.0,
718,9.0,4.0,0.0,0.0,0.0,0.0,5742.421,2027.633,25.366,29.952,28.824,23.042,4.0,
719,9.0,10.0,0.0,0.0,0.0,0.0,5342.417,4175.979,94.078,29.694,28.867,21.617,4.0,
720,9.0,10.0,0.0,0.0,0.0,0.0,5410.658,4250.802,90.753,29.842,29.564,25.241,4.0,
721,9.0,12.0,0.0,0.0,0.0,0.0,5269.848,5134.781,133.575,29.592,28.164,24.662,4.0,
722,9.0,12.0,0.0,0.0,0.0,0.0,5299.286,5142.482,81.86,29.747,29.019,23.183,4.0,
</ResultDatas>,,,,,,,,,,,,,,
<ElementResult>,,,,,,,,,,,,,,
0,0.0,,,,,,,,,,,,,
1,0.0,,,,,,,,,,,,,
2,0.0,,,,,,,,,,,,,
3,2.0,,,,,,,,,,,,,
4,1.0,,,,,,,,,,,,,
5,598.0,,,,,,,,,,,,,
</ElementResult>,,,,,,,,,,,,,,
0,0.0,0.0,0.0,0.0,0.0,0.0,377.402,27.075,116.343,29.611,29.515,8.71,0.0,0.0
1,0.0,0.0,0.0,1.0,1.0,0.0,286.727,49.52,107.95,30.244,30.088,8.8,0.0,0.0
2,0.0,0.0,0.0,2.0,2.0,0.0,77.408,98.758,29.94,29.819,29.674,8.678,0.0,0.0
3,0.0,0.0,0.0,3.0,4.0,0.0,133.242,162.439,62.977,30.022,29.963,8.836,0.0,0.0
4,0.0,0.0,0.0,4.0,6.0,0.0,184.404,302.515,24.151,30.132,29.595,8.629,0.0,0.0
5,0.0,0.0,0.0,5.0,7.0,0.0,48.408,343.822,-6.934,30.301,30.232,8.83,0.0,0.0
6,0.0,0.0,0.0,6.0,8.0,0.0,396.774,400.966,25.321,30.188,30.139,8.799,0.0,0.0
7,1.0,0.0,0.0,0.0,0.0,0.0,657.989,25.588,48.063,29.806,29.569,8.747,0.0,0.0
8,1.0,0.0,0.0,1.0,1.0,0.0,1045.142,31.889,112.589,30.201,30.026,8.785,0.0,0.0
9,1.0,0.0,0.0,2.0,2.0,0.0,921.566,55.145,-27.233,29.789,29.683,8.761,0.0,0.0
10,1.0,0.0,0.0,3.0,3.0,0.0,776.239,62.081,71.286,29.426,29.168,8.719,0.0,0.0
11,1.0,0.0,0.0,4.0,4.0,0.0,680.856,154.351,30.305,29.919,29.625,8.772,0.0,0.0
12,1.0,0.0,0.0,5.0,5.0,0.0,850.405,155.041,63.202,29.988,29.895,8.821,0.0,0.0
13,1.0,0.0,0.0,6.0,6.0,0.0,611.247,294.781,40.568,30.266,30.179,8.817,0.0,0.0
14,1.0,0.0,0.0,7.0,7.0,0.0,673.751,314.264,-3.996,30.021,30.002,8.842,0.0,0.0
15,1.0,0.0,0.0,8.0,8.0,0.0,1154.356,333.419,46.091,31.166,31.115,8.829,0.0,0.0
16,1.0,0.0,0.0,9.0,9.0,0.0,1074.462,404.399,74.742,31.733,30.558,9.441,0.0,0.0
17,2.0,0.0,0.0,0.0,0.0,0.0,1716.198,187.191,51.96,30.556,30.529,8.91,0.0,0.0
18,2.0,0.0,0.0,1.0,1.0,0.0,1455.607,275.162,-14.234,29.94,29.707,8.787,0.0,0.0
19,2.0,0.0,0.0,2.0,2.0,0.0,1192.027,310.817,-5.952,30.07,29.673,8.802,0.0,0.0
20,2.0,0.0,0.0,3.0,3.0,0.0,1270.263,321.496,-11.471,29.876,29.793,8.79,0.0,0.0
22,3.0,0.0,0.0,0.0,0.0,0.0,2052.729,51.791,37.182,29.382,29.132,8.708,0.0,0.0
23,3.0,0.0,0.0,1.0,1.0,0.0,2213.704,146.2,-30.038,30.037,29.841,8.821,0.0,0.0
25,3.0,0.0,0.0,3.0,4.0,0.0,2186.006,255.641,109.24,30.044,29.894,8.829,0.0,0.0
26,3.0,0.0,0.0,4.0,6.0,0.0,2078.622,349.592,12.654,30.346,29.928,9.792,0.0,0.0
27,3.0,0.0,0.0,5.0,6.0,0.0,2054.995,345.255,128.862,30.431,30.187,9.865,0.0,0.0
28,3.0,0.0,0.0,6.0,7.0,0.0,1784.78,364.575,25.766,30.201,30.08,8.793,0.0,0.0
29,3.0,0.0,0.0,7.0,8.0,0.0,2028.238,387.325,126.419,30.436,30.362,8.868,0.0,0.0
30,4.0,0.0,0.0,0.0,0.0,0.0,2379.028,15.658,67.411,29.968,29.757,8.798,0.0,0.0
31,4.0,0.0,0.0,1.0,1.0,0.0,2357.959,87.667,-37.58,29.698,29.492,8.719,0.0,0.0
32,4.0,0.0,0.0,2.0,3.0,0.0,2663.694,188.21,123.739,29.707,29.611,8.738,0.0,0.0
33,4.0,0.0,0.0,3.0,4.0,0.0,2761.305,197.351,-4.774,30.251,30.091,8.802,0.0,0.0
34,4.0,0.0,0.0,4.0,5.0,0.0,2466.968,236.636,76.545,29.35,29.319,8.73,0.0,0.0
36,4.0,0.0,0.0,6.0,7.0,0.0,2331.931,304.977,-19.648,29.749,29.662,8.752,0.0,0.0
37,4.0,0.0,0.0,7.0,8.0,0.0,2452.727,349.418,108.562,30.126,29.933,8.847,0.0,0.0
38,5.0,0.0,0.0,0.0,0.0,0.0,3360.822,119.351,123.089,30.302,30.151,8.818,0.0,0.0
39,5.0,0.0,0.0,1.0,1.0,0.0,3268.99,188.788,30.937,29.816,29.798,8.782,0.0,0.0
40,5.0,0.0,0.0,2.0,2.0,0.0,3213.479,238.535,83.537,30.19,30.027,8.783,0.0,0.0
42,5.0,0.0,0.0,4.0,4.0,0.0,3429.015,354.825,24.143,30.75,30.488,8.846,0.0,0.0
44,6.0,0.0,0.0,0.0,1.0,0.0,3544.222,256.597,26.963,30.011,29.868,8.821,0.0,0.0
46,6.0,0.0,0.0,2.0,4.0,0.0,4005.654,330.497,-35.183,30.541,30.046,8.838,0.0,0.0
47,6.0,0.0,0.0,3.0,5.0,0.0,3919.14,332.214,81.316,30.015,29.972,8.75,0.0,0.0
49,7.0,0.0,0.0,1.0,1.0,0.0,4144.165,32.005,53.925,29.848,29.671,8.768,0.0,0.0
50,7.0,0.0,0.0,2.0,2.0,0.0,4109.353,47.533,35.003,29.54,29.488,8.696,0.0,0.0
51,7.0,0.0,0.0,3.0,3.0,0.0,4519.297,97.217,41.218,30.111,29.671,8.721,0.0,0.0
52,7.0,0.0,0.0,4.0,4.0,0.0,4552.301,171.574,-28.458,29.993,29.827,8.812,0.0,0.0
53,7.0,0.0,0.0,5.0,5.0,0.0,4470.873,371.079,90.416,30.667,30.416,8.824,0.0,0.0
54,7.0,0.0,0.0,6.0,6.0,0.0,4077.014,411.578,18.196,30.808,30.671,8.881,0.0,0.0
55,8.0,0.0,0.0,0.0,1.0,0.0,4729.93,290.225,-23.004,29.693,29.533,8.725,0.0,0.0
56,9.0,0.0,0.0,0.0,1.0,0.0,5290.302,66.27,65.275,29.619,29.543,8.715,0.0,0.0
58,9.0,0.0,0.0,2.0,3.0,0.0,5501.556,391.403,8.054,30.431,30.285,8.856,0.0,0.0
59,9.0,0.0,0.0,3.0,4.0,0.0,5670.569,408.55,18.989,9.415,4.863,5.232,0.0,0.0
60,0.0,1.0,0.0,0.0,2.0,0.0,534.832,425.88,111.06,30.233,29.89,8.77,0.0,0.0
62,0.0,1.0,0.0,2.0,5.0,0.0,273.373,726.804,90.208,30.029,29.975,8.839,0.0,0.0
63,0.0,1.0,0.0,3.0,6.0,0.0,524.696,742.182,96.035,31.368,31.25,8.96,0.0,0.0
64,0.0,1.0,0.0,4.0,7.0,0.0,491.106,784.787,77.247,30.443,30.259,8.768,0.0,0.0
66,1.0,1.0,0.0,1.0,2.0,0.0,908.465,566.382,95.966,29.744,29.675,8.753,0.0,0.0
67,1.0,1.0,0.0,2.0,3.0,0.0,872.911,634.418,66.976,30.075,29.918,8.838,0.0,0.0
68,1.0,1.0,0.0,3.0,4.0,0.0,1049.093,681.156,13.785,30.364,30.257,8.842,0.0,0.0
69,2.0,1.0,0.0,0.0,0.0,0.0,1585.903,454.145,71.724,30.078,30.001,8.85,0.0,0.0
70,2.0,1.0,0.0,1.0,1.0,0.0,1352.253,558.063,126.288,30.35,29.144,8.935,0.0,0.0
74,2.0,1.0,0.0,5.0,4.0,0.0,1237.354,627.313,5.159,29.939,29.807,8.802,0.0,0.0
75,2.0,1.0,0.0,6.0,5.0,0.0,1321.342,691.116,40.881,29.403,29.33,8.74,0.0,0.0
76,2.0,1.0,0.0,7.0,6.0,0.0,1641.283,725.407,-37.099,29.826,29.733,8.774,0.0,0.0
78,2.0,1.0,0.0,9.0,9.0,0.0,1437.792,780.706,24.677,30.076,30.055,8.771,0.0,0.0
82,4.0,1.0,0.0,0.0,0.0,0.0,2612.412,441.635,77.695,29.993,29.859,8.817,0.0,0.0
84,4.0,1.0,0.0,2.0,2.0,0.0,2659.772,451.64,119.297,29.82,29.574,8.749,0.0,0.0
86,5.0,1.0,0.0,0.0,0.0,0.0,3057.179,444.888,108.892,30.013,29.905,8.827,0.0,0.0
87,5.0,1.0,0.0,1.0,1.0,0.0,3293.939,489.717,111.389,30.338,30.069,8.811,0.0,0.0
88,5.0,1.0,0.0,2.0,2.0,0.0,2958.863,510.294,-41.929,29.654,29.567,8.724,0.0,0.0
92,5.0,1.0,0.0,6.0,5.0,0.0,3303.03,734.906,-8.339,29.976,29.808,8.807,0.0,0.0
93,6.0,1.0,0.0,0.0,0.0,0.0,3841.542,507.644,-34.974,30.09,29.891,8.749,0.0,0.0
96,6.0,1.0,0.0,3.0,3.0,0.0,3730.622,566.625,21.404,29.63,29.565,8.72,0.0,0.0
100,6.0,1.0,0.0,7.0,7.0,0.0,3760.34,700.018,53.79,15.848,15.664,6.436,0.0,0.0
101,6.0,1.0,0.0,8.0,8.0,0.0,3829.443,804.104,67.164,30.724,30.597,8.858,0.0,0.0
102,6.0,1.0,0.0,9.0,9.0,0.0,3776.982,826.036,-6.445,30.558,29.197,8.629,0.0,0.0
104,7.0,1.0,0.0,1.0,2.0,0.0,4543.781,551.819,99.233,30.063,30.023,8.851,0.0,0.0
105,7.0,1.0,0.0,2.0,3.0,0.0,4119.032,560.055,27.653,29.593,29.278,8.673,0.0,0.0
106,7.0,1.0,0.0,3.0,4.0,0.0,4366.276,621.863,88.119,29.946,29.701,8.7,0.0,0.0
107,7.0,1.0,0.0,4.0,5.0,0.0,4531.984,678.119,118.596,30.119,30.019,8.859,0.0,0.0
110,7.0,1.0,0.0,7.0,8.0,0.0,4395.493,729.079,103.64,30.003,29.738,9.716,0.0,0.0
111,7.0,1.0,0.0,8.0,9.0,0.0,4122.635,742.954,79.589,29.802,29.66,8.759,0.0,0.0
113,7.0,1.0,0.0,10.0,11.0,0.0,4361.005,756.274,-35.422,29.993,29.912,8.825,0.0,0.0
114,7.0,1.0,0.0,11.0,12.0,0.0,4197.548,794.666,17.561,30.633,30.46,8.911,0.0,0.0
115,7.0,1.0,0.0,12.0,13.0,0.0,4231.305,794.595,-24.903,30.469,30.303,8.779,0.0,0.0
116,7.0,1.0,0.0,13.0,14.0,0.0,4143.344,797.972,23.792,30.099,30.009,8.768,0.0,0.0
117,8.0,1.0,0.0,0.0,0.0,0.0,4734.346,426.731,36.134,29.878,29.74,8.783,0.0,0.0
118,8.0,1.0,0.0,1.0,1.0,0.0,5107.579,559.868,100.204,29.97,29.917,8.822,0.0,0.0
119,8.0,1.0,0.0,2.0,2.0,0.0,4822.111,571.61,80.75,29.841,29.624,8.76,0.0,0.0
120,8.0,1.0,0.0,3.0,3.0,0.0,4627.506,698.661,25.428,30.319,30.266,8.837,0.0,0.0
121,8.0,1.0,0.0,4.0,4.0,0.0,4777.537,756.634,-4.52,30.233,30.109,8.802,0.0,0.0
122,9.0,1.0,0.0,0.0,0.0,0.0,5563.659,448.465,35.246,30.039,29.976,8.841,0.0,0.0
123,9.0,1.0,0.0,1.0,1.0,0.0,5617.144,450.116,-35.261,29.976,29.857,8.814,0.0,0.0
124,9.0,1.0,0.0,2.0,2.0,0.0,5758.51,475.357,-30.819,30.257,30.044,8.796,0.0,0.0
126,9.0,1.0,0.0,4.0,4.0,0.0,5273.492,690.904,6.734,29.92,29.695,8.782,0.0,0.0
128,9.0,1.0,0.0,6.0,6.0,0.0,5528.847,755.156,81.4,29.734,29.664,8.75,0.0,0.0
129,9.0,1.0,0.0,7.0,7.0,0.0,5507.685,815.477,111.952,30.378,30.375,8.776,0.0,0.0
130,9.0,1.0,0.0,8.0,8.0,0.0,5360.017,822.372,65.687,30.31,30.227,8.745,0.0,0.0
131,0.0,2.0,0.0,0.0,0.0,0.0,49.568,842.241,19.824,30.161,30.05,8.782,0.0,0.0
132,0.0,2.0,0.0,1.0,1.0,0.0,106.273,870.317,61.995,29.84,29.637,8.762,0.0,0.0
133,0.0,2.0,0.0,2.0,2.0,0.0,403.35,912.498,44.733,29.983,29.604,8.693,0.0,0.0
134,0.0,2.0,0.0,3.0,3.0,0.0,236.679,991.325,92.984,29.683,29.53,8.723,0.0,0.0
136,0.0,2.0,0.0,5.0,5.0,0.0,209.043,1051.228,5.384,30.58,30.218,8.869,0.0,0.0
137,0.0,2.0,0.0,6.0,6.0,0.0,202.505,1129.077,-15.647,30.347,30.272,8.842,0.0,0.0
138,0.0,2.0,0.0,7.0,7.0,0.0,66.951,1132.057,-21.184,30.153,30.123,8.88,0.0,0.0
140,1.0,2.0,0.0,0.0,0.0,0.0,1018.885,848.936,-35.963,29.842,29.728,8.776,0.0,0.0
141,1.0,2.0,0.0,1.0,2.0,0.0,701.237,1030.149,8.47,29.833,29.62,8.758,0.0,0.0
142,1.0,2.0,0.0,2.0,3.0,0.0,1146.012,1143.507,97.431,30.722,30.508,8.845,0.0,0.0
143,1.0,2.0,0.0,3.0,4.0,0.0,951.237,1159.633,27.752,29.92,29.879,8.809,0.0,0.0
145,2.0,2.0,0.0,0.0,1.0,0.0,1205.563,972.128,-0.762,30.223,30.068,8.882,0.0,0.0
146,2.0,2.0,0.0,1.0,2.0,0.0,1695.079,1030.893,119.921,30.147,29.97,8.769,0.0,0.0
147,2.0,2.0,0.0,2.0,3.0,0.0,1610.451,1042.176,114.169,29.909,29.42,8.739,0.0,0.0
148,3.0,2.0,0.0,0.0,0.0,0.0,1989.83,842.955,52.001,30.059,29.74,8.723,0.0,0.0
149,3.0,2.0,0.0,1.0,2.0,0.0,2301.713,898.987,107.014,30.467,30.407,8.879,0.0,0.0
150,3.0,2.0,0.0,2.0,3.0,0.0,1844.417,908.503,28.531,29.776,29.641,8.753,0.0,0.0
151,3.0,2.0,0.0,3.0,4.0,0.0,2040.059,941.893,112.393,29.663,29.353,8.693,0.0,0.0
152,3.0,2.0,0.0,4.0,5.0,0.0,2054.359,1037.222,123.126,30.21,30.002,8.783,0.0,0.0
153,3.0,2.0,0.0,5.0,6.0,0.0,2268.916,1089.656,72.701,30.455,29.852,8.712,0.0,0.0
154,3.0,2.0,0.0,6.0,7.0,0.0,2156.164,1117.821,5.765,30.415,30.268,8.851,0.0,0.0
156,4.0,2.0,0.0,0.0,0.0,0.0,2322.437,854.072,78.565,30.431,30.291,8.857,0.0,0.0
157,4.0,2.0,0.0,1.0,2.0,0.0,2547.293,964.183,85.912,29.673,29.6,8.732,0.0,0.0
158,4.0,2.0,0.0,2.0,3.0,0.0,2490.455,970.777,123.311,29.567,29.415,8.689,0.0,0.0
159,4.0,2.0,0.0,3.0,4.0,0.0,2450.259,1001.607,19.125,29.624,29.47,8.705,0.0,0.0
160,4.0,2.0,0.0,4.0,5.0,0.0,2592.736,1034.502,86.269,29.849,29.801,8.787,0.0,0.0
161,4.0,2.0,0.0,5.0,7.0,0.0,2563.275,1105.364,-40.849,29.737,29.684,8.754,0.0,0.0
162,4.0,2.0,0.0,6.0,8.0,0.0,2777.888,1230.513,-41.553,30.862,30.575,8.71,0.0,0.0
163,5.0,2.0,0.0,0.0,0.0,0.0,3071.486,1049.267,84.001,29.671,29.552,8.724,0.0,0.0
164,5.0,2.0,0.0,1.0,1.0,0.0,3379.31,1063.354,-40.109,30.657,30.51,8.836,0.0,0.0
165,5.0,2.0,0.0,2.0,2.0,0.0,3384.541,1106.295,134.459,29.967,29.79,8.716,0.0,0.0
167,6.0,2.0,0.0,0.0,2.0,0.0,3607.553,928.37,122.854,29.451,29.328,8.659,0.0,0.0
168,6.0,2.0,0.0,1.0,3.0,0.0,3909.123,1024.678,114.745,30.122,30.038,8.775,0.0,0.0
169,6.0,2.0,0.0,2.0,4.0,0.0,3803.214,1031.2,118.234,29.494,29.371,8.759,0.0,0.0
170,6.0,2.0,0.0,3.0,5.0,0.0,3580.189,1109.29,88.599,30.094,29.994,8.765,0.0,0.0
171,6.0,2.0,0.0,4.0,6.0,0.0,3932.788,1109.527,122.424,30.291,30.268,8.833,0.0,0.0
173,7.0,2.0,0.0,0.0,0.0,0.0,4305.037,853.687,54.661,30.34,29.33,8.544,0.0,0.0
174,7.0,2.0,0.0,1.0,1.0,0.0,4587.743,881.173,97.245,30.496,30.407,8.883,0.0,0.0
175,7.0,2.0,0.0,2.0,2.0,0.0,4612.01,1038.086,-2.438,30.942,30.237,8.839,0.0,0.0
176,7.0,2.0,0.0,3.0,3.0,0.0,4413.661,1096.04,133.446,29.89,29.747,8.785,0.0,0.0
177,7.0,2.0,0.0,4.0,4.0,0.0,4454.465,1114.655,103.3,30.147,29.952,8.766,0.0,0.0
178,7.0,2.0,0.0,5.0,5.0,0.0,4351.982,1215.42,121.896,29.895,29.729,8.784,0.0,0.0
179,7.0,2.0,0.0,6.0,6.0,0.0,4146.355,1215.883,59.755,30.106,30.08,8.779,0.0,0.0
180,7.0,2.0,0.0,7.0,7.0,0.0,4561.51,1227.1,124.814,31.147,30.573,9.571,0.0,0.0
183,8.0,2.0,0.0,2.0,1.0,0.0,4908.948,933.482,79.068,30.151,29.908,8.847,0.0,0.0
184,8.0,2.0,0.0,3.0,3.0,0.0,5103.399,1055.345,124.222,30.267,30.144,8.812,0.0,0.0
186,9.0,2.0,0.0,0.0,3.0,0.0,5658.944,937.959,57.311,30.263,30.167,8.814,0.0,0.0
187,9.0,2.0,0.0,1.0,4.0,0.0,5337.59,1121.361,-4.149,29.931,29.807,8.801,0.0,0.0
188,9.0,2.0,0.0,2.0,6.0,0.0,5238.874,1233.971,0.676,31.237,29.655,8.711,0.0,0.0
190,0.0,3.0,0.0,0.0,0.0,0.0,343.407,1250.944,-42.636,29.789,29.718,8.766,0.0,0.0
191,0.0,3.0,0.0,1.0,1.0,0.0,185.637,1259.427,-15.56,30.113,29.998,8.768,0.0,0.0
192,0.0,3.0,0.0,2.0,2.0,0.0,565.573,1337.851,8.499,30.142,30.086,8.785,0.0,0.0
193,0.0,3.0,0.0,3.0,3.0,0.0,384.862,1418.356,116.368,29.834,29.736,8.775,0.0,0.0
194,0.0,3.0,0.0,4.0,4.0,0.0,307.032,1419.379,-32.967,29.42,29.356,8.747,0.0,0.0
195,0.0,3.0,0.0,5.0,5.0,0.0,108.322,1473.096,88.924,29.895,29.868,8.804,0.0,0.0
196,0.0,3.0,0.0,6.0,6.0,0.0,69.993,1478.856,49.211,30.049,29.891,8.743,0.0,0.0
197,0.0,3.0,0.0,7.0,7.0,0.0,438.007,1516.698,43.358,30.062,29.867,8.741,0.0,0.0
200,0.0,3.0,0.0,10.0,10.0,0.0,318.544,1612.078,127.751,29.893,29.822,8.797,0.0,0.0
201,0.0,3.0,0.0,11.0,11.0,0.0,224.737,1640.077,40.697,30.237,30.107,8.802,0.0,0.0
202,1.0,3.0,0.0,0.0,2.0,0.0,1132.496,1441.973,4.606,30.696,30.617,8.857,0.0,0.0
203,1.0,3.0,0.0,1.0,3.0,0.0,1049.164,1488.841,105.165,29.915,29.86,8.806,0.0,0.0
204,1.0,3.0,0.0,2.0,4.0,0.0,777.375,1616.411,116.289,30.197,30.008,8.782,0.0,0.0
205,2.0,3.0,0.0,0.0,0.0,0.0,1285.59,1331.502,14.021,29.592,29.496,8.705,0.0,0.0
207,2.0,3.0,0.0,2.0,2.0,0.0,1303.539,1418.924,83.159,29.704,29.586,8.734,0.0,0.0
208,2.0,3.0,0.0,3.0,3.0,0.0,1273.225,1492.858,77.409,29.75,29.708,8.759,0.0,0.0
211,3.0,3.0,0.0,0.0,0.0,0.0,2093.414,1261.167,96.041,29.756,29.72,8.762,0.0,0.0
212,3.0,3.0,0.0,1.0,1.0,0.0,2027.355,1359.342,12.782,29.753,29.661,8.753,0.0,0.0
213,3.0,3.0,0.0,2.0,2.0,0.0,1841.006,1384.367,65.232,30.055,29.85,8.738,0.0,0.0
214,3.0,3.0,0.0,3.0,3.0,0.0,1930.426,1430.049,36.314,30.002,29.887,8.735,0.0,0.0
215,3.0,3.0,0.0,4.0,4.0,0.0,1823.947,1459.107,14.159,30.002,29.878,8.734,0.0,0.0
216,3.0,3.0,0.0,5.0,5.0,0.0,1991.563,1521.381,127.963,30.029,29.78,8.724,0.0,0.0
217,3.0,3.0,0.0,6.0,6.0,0.0,2304.807,1522.908,-27.288,30.204,30.155,8.804,0.0,0.0
218,3.0,3.0,0.0,7.0,7.0,0.0,1788.422,1577.853,11.696,30.333,30.259,8.838,0.0,0.0
222,4.0,3.0,0.0,3.0,5.0,0.0,2494.157,1542.829,16.0,29.753,29.729,8.762,0.0,0.0
223,4.0,3.0,0.0,4.0,6.0,0.0,2608.254,1565.702,86.555,29.738,29.645,8.748,0.0,0.0
224,4.0,3.0,0.0,5.0,7.0,0.0,2407.863,1625.616,16.572,30.2,30.045,8.788,0.0,0.0
230,5.0,3.0,0.0,4.0,3.0,0.0,3055.276,1578.346,76.772,29.724,29.627,8.743,0.0,0.0
231,5.0,3.0,0.0,5.0,4.0,0.0,3129.539,1618.904,91.237,30.068,29.905,8.835,0.0,0.0
232,6.0,3.0,0.0,0.0,1.0,0.0,3908.198,1366.413,-31.263,30.228,30.064,8.795,0.0,0.0
233,6.0,3.0,0.0,1.0,2.0,0.0,3943.763,1421.708,-32.768,29.725,29.597,8.739,0.0,0.0
234,6.0,3.0,0.0,2.0,3.0,0.0,3984.041,1465.876,-9.151,30.54,30.466,8.899,0.0,0.0
236,6.0,3.0,0.0,4.0,5.0,0.0,3614.51,1481.809,97.882,29.348,29.157,8.706,0.0,0.0
237,7.0,3.0,0.0,0.0,3.0,0.0,4155.564,1252.015,62.514,29.866,29.717,8.777,0.0,0.0
238,7.0,3.0,0.0,1.0,4.0,0.0,4189.91,1274.497,65.674,29.389,29.286,8.731,0.0,0.0
240,7.0,3.0,0.0,3.0,6.0,0.0,4311.747,1333.623,77.184,29.873,29.83,8.795,0.0,0.0
241,7.0,3.0,0.0,4.0,7.0,0.0,4367.157,1335.73,85.121,29.872,29.744,8.782,0.0,0.0
242,7.0,3.0,0.0,5.0,8.0,0.0,4578.772,1350.255,129.499,30.484,30.223,8.855,0.0,0.0
243,7.0,3.0,0.0,6.0,9.0,0.0,4105.046,1367.725,57.847,29.75,29.697,8.757,0.0,0.0
244,7.0,3.0,0.0,7.0,10.0,0.0,4543.799,1418.865,78.803,30.217,30.136,8.718,0.0,0.0
245,7.0,3.0,0.0,8.0,11.0,0.0,4236.474,1454.746,98.41,29.551,29.467,8.694,0.0,0.0
246,7.0,3.0,0.0,9.0,12.0,0.0,4160.637,1475.056,10.085,30.204,29.982,8.779,0.0,0.0
247,7.0,3.0,0.0,10.0,13.0,0.0,4504.865,1502.861,119.148,30.015,29.931,8.744,0.0,0.0
248,7.0,3.0,0.0,11.0,14.0,0.0,4212.044,1530.571,104.235,34.648,30.602,9.156,0.0,0.0
249,7.0,3.0,0.0,12.0,15.0,0.0,4293.628,1563.085,11.466,29.955,29.734,8.793,0.0,0.0
250,7.0,3.0,0.0,13.0,16.0,0.0,4261.203,1643.538,-2.26,31.086,27.255,8.418,0.0,0.0
251,8.0,3.0,0.0,0.0,1.0,0.0,5111.826,1407.399,46.252,29.948,29.847,8.809,0.0,0.0
252,8.0,3.0,0.0,1.0,2.0,0.0,4757.627,1424.242,43.041,29.554,29.164,8.738,0.0,0.0
253,8.0,3.0,0.0,2.0,3.0,0.0,4974.193,1472.398,56.033,29.89,29.865,8.716,0.0,0.0
254,8.0,3.0,0.0,3.0,4.0,0.0,4829.661,1550.552,18.637,29.952,29.871,8.813,0.0,0.0
255,8.0,3.0,0.0,4.0,5.0,0.0,5072.918,1562.034,65.635,30.361,30.17,8.829,0.0,0.0
256,8.0,3.0,0.0,5.0,6.0,0.0,4838.445,1602.115,-4.98,30.388,30.258,8.846,0.0,0.0
259,9.0,3.0,0.0,1.0,3.0,0.0,5480.448,1467.508,113.203,29.836,29.724,8.774,0.0,0.0
260,9.0,3.0,0.0,2.0,4.0,0.0,5629.013,1485.591,43.171,30.003,29.977,8.836,0.0,0.0
262,9.0,3.0,0.0,4.0,6.0,0.0,5469.965,1636.627,-27.529,30.491,30.437,8.887,0.0,0.0
266,0.0,4.0,0.0,3.0,4.0,0.0,513.516,1854.883,-40.208,30.14,30.057,8.78,0.0,0.0
267,0.0,4.0,0.0,4.0,6.0,0.0,61.204,2048.383,57.665,30.724,30.48,8.758,0.0,0.0
269,1.0,4.0,0.0,1.0,1.0,0.0,912.575,1737.548,-42.737,29.797,29.694,8.764,0.0,0.0
271,1.0,4.0,0.0,3.0,4.0,0.0,981.155,2052.105,-4.215,31.259,26.524,8.422,0.0,0.0
272,2.0,4.0,0.0,0.0,0.0,0.0,1711.005,1672.954,125.015,30.338,30.178,8.827,0.0,0.0
276,3.0,4.0,0.0,0.0,1.0,0.0,1881.276,1784.713,18.432,30.017,29.898,8.739,0.0,0.0
277,3.0,4.0,0.0,1.0,2.0,0.0,1809.266,1785.384,59.81,29.802,29.589,8.749,0.0,0.0
278,3.0,4.0,0.0,2.0,3.0,0.0,1951.257,1814.519,44.268,29.665,29.554,8.724,0.0,0.0
280,3.0,4.0,0.0,4.0,5.0,0.0,2178.879,2009.891,-44.788,30.381,30.258,8.845,0.0,0.0
281,4.0,4.0,0.0,0.0,2.0,0.0,2629.806,1730.131,90.238,29.557,29.316,8.673,0.0,0.0
283,4.0,4.0,0.0,2.0,4.0,0.0,2470.921,1960.464,-11.637,30.55,30.381,8.888,0.0,0.0
284,4.0,4.0,0.0,3.0,5.0,0.0,2621.314,1985.358,114.267,30.396,30.274,8.849,0.0,0.0
285,4.0,4.0,0.0,4.0,7.0,0.0,2505.18,2033.806,-26.596,30.03,29.865,8.736,0.0,0.0
286,5.0,4.0,0.0,0.0,0.0,0.0,3383.032,1779.462,39.068,33.712,33.313,9.248,0.0,0.0
288,5.0,4.0,0.0,2.0,2.0,0.0,3238.714,1870.413,47.543,30.129,29.937,8.848,0.0,0.0
289,5.0,4.0,0.0,3.0,3.0,0.0,3137.277,1872.49,-10.044,29.445,29.359,8.751,0.0,0.0
290,5.0,4.0,0.0,4.0,4.0,0.0,2977.739,1937.475,119.717,30.506,29.819,8.716,0.0,0.0
291,5.0,4.0,0.0,5.0,5.0,0.0,3132.028,1975.346,96.821,29.857,29.783,8.786,0.0,0.0
292,5.0,4.0,0.0,6.0,6.0,0.0,3350.347,1986.011,45.846,30.506,30.461,8.807,0.0,0.0
293,5.0,4.0,0.0,7.0,7.0,0.0,3271.792,2000.046,1.673,30.312,30.062,8.806,0.0,0.0
294,5.0,4.0,0.0,8.0,8.0,0.0,3370.809,2035.612,130.806,30.935,30.853,8.759,0.0,0.0
296,6.0,4.0,0.0,1.0,1.0,0.0,3865.038,1679.348,72.506,30.122,30.019,8.772,0.0,0.0
297,6.0,4.0,0.0,2.0,2.0,0.0,4032.863,1724.109,125.359,30.307,29.98,8.794,0.0,0.0
300,6.0,4.0,0.0,5.0,5.0,0.0,3767.922,1822.275,131.124,29.438,29.283,8.738,0.0,0.0
301,6.0,4.0,0.0,6.0,6.0,0.0,3667.663,1865.756,53.804,30.048,29.892,8.83,0.0,0.0
303,7.0,4.0,0.0,1.0,5.0,0.0,4609.958,1953.71,21.145,30.475,30.392,8.792,0.0,0.0
307,8.0,4.0,0.0,0.0,3.0,0.0,4641.316,1784.247,23.653,30.165,30.046,8.783,0.0,0.0
308,8.0,4.0,0.0,1.0,4.0,0.0,4744.446,1824.316,8.567,30.105,30.048,8.861,0.0,0.0
309,8.0,4.0,0.0,2.0,5.0,0.0,5161.112,1854.446,-8.308,30.267,30.173,8.816,0.0,0.0
310,8.0,4.0,0.0,3.0,6.0,0.0,5082.672,1877.785,45.877,30.333,30.229,8.834,0.0,0.0
311,8.0,4.0,0.0,4.0,7.0,0.0,4780.132,1906.741,97.725,29.734,29.706,8.756,0.0,0.0
312,8.0,4.0,0.0,5.0,8.0,0.0,4898.351,1929.852,62.646,29.822,29.678,8.765,0.0,0.0
313,8.0,4.0,0.0,6.0,10.0,0.0,4946.731,1967.042,126.669,30.235,30.183,8.813,0.0,0.0
314,8.0,4.0,0.0,7.0,11.0,0.0,4853.353,1967.829,131.597,30.427,29.858,8.709,0.0,0.0
315,9.0,4.0,0.0,0.0,1.0,0.0,5210.999,1718.143,56.451,29.851,29.518,8.746,0.0,0.0
316,9.0,4.0,0.0,1.0,2.0,0.0,5606.906,1891.438,8.87,30.214,30.154,8.805,0.0,0.0
317,9.0,4.0,0.0,2.0,3.0,0.0,5442.142,1960.746,98.055,29.616,29.456,8.702,0.0,0.0
318,9.0,4.0,0.0,3.0,4.0,0.0,5209.594,2035.267,-33.745,30.151,29.958,8.768,0.0,0.0
319,0.0,5.0,0.0,0.0,1.0,0.0,541.273,2115.282,6.442,30.302,30.166,8.82,0.0,0.0
322,1.0,5.0,0.0,0.0,1.0,0.0,640.408,2172.64,34.95,29.824,29.734,8.774,0.0,0.0
323,1.0,5.0,0.0,1.0,2.0,0.0,1036.497,2182.399,122.429,30.262,30.134,8.81,0.0,0.0
324,1.0,5.0,0.0,2.0,3.0,0.0,811.272,2183.348,19.744,30.138,30.031,8.777,0.0,0.0
325,1.0,5.0,0.0,3.0,4.0,0.0,1049.015,2339.013,128.688,30.22,30.055,8.792,0.0,0.0
327,2.0,5.0,0.0,0.0,0.0,0.0,1276.249,2116.041,50.508,29.885,29.666,8.773,0.0,0.0
329,2.0,5.0,0.0,2.0,2.0,0.0,1231.641,2231.931,7.139,30.13,29.974,8.767,0.0,0.0
330,2.0,5.0,0.0,3.0,3.0,0.0,1481.558,2235.704,113.044,29.765,29.701,8.76,0.0,0.0
331,2.0,5.0,0.0,4.0,4.0,0.0,1366.415,2347.609,24.14,29.843,29.787,8.698,0.0,0.0
332,2.0,5.0,0.0,5.0,5.0,0.0,1719.169,2405.582,-31.521,30.916,30.737,9.272,0.0,0.0
333,3.0,5.0,0.0,0.0,0.0,0.0,2267.52,2113.381,-41.076,30.293,30.075,8.806,0.0,0.0
335,3.0,5.0,0.0,2.0,2.0,0.0,1813.266,2170.02,63.344,29.843,29.646,8.764,0.0,0.0
336,3.0,5.0,0.0,3.0,4.0,0.0,1785.592,2291.718,-38.503,29.742,29.704,8.757,0.0,0.0
337,3.0,5.0,0.0,4.0,5.0,0.0,2314.128,2359.496,93.995,30.748,29.34,8.677,0.0,0.0
338,3.0,5.0,0.0,5.0,6.0,0.0,1805.832,2386.277,83.426,30.498,30.275,8.864,0.0,0.0
339,3.0,5.0,0.0,6.0,8.0,0.0,2049.494,2409.985,87.701,30.008,29.928,8.829,0.0,0.0
340,3.0,5.0,0.0,7.0,9.0,0.0,1876.408,2458.172,-2.743,30.544,29.183,8.713,0.0,0.0
341,4.0,5.0,0.0,0.0,1.0,0.0,2775.712,2197.602,87.171,30.292,30.226,8.827,0.0,0.0
343,4.0,5.0,0.0,2.0,3.0,0.0,2727.642,2300.892,54.446,29.994,29.931,8.828,0.0,0.0
344,4.0,5.0,0.0,3.0,4.0,0.0,2607.204,2327.884,96.662,29.849,29.757,8.781,0.0,0.0
345,4.0,5.0,0.0,4.0,6.0,0.0,2562.559,2406.626,85.97,30.094,30.039,8.771,0.0,0.0
346,5.0,5.0,0.0,0.0,1.0,0.0,3457.188,2074.917,13.302,30.24,30.141,8.807,0.0,0.0
347,5.0,5.0,0.0,1.0,2.0,0.0,3128.955,2299.979,21.439,29.645,29.581,8.725,0.0,0.0
350,6.0,5.0,0.0,1.0,2.0,0.0,3504.033,2105.597,73.161,30.156,30.06,8.783,0.0,0.0
351,6.0,5.0,0.0,2.0,3.0,0.0,3591.083,2146.427,49.364,29.892,29.842,8.8,0.0,0.0
352,6.0,5.0,0.0,3.0,4.0,0.0,3625.949,2163.174,46.973,30.079,29.817,8.737,0.0,0.0
353,6.0,5.0,0.0,4.0,5.0,0.0,4022.941,2240.088,-20.515,30.52,30.376,8.883,0.0,0.0
354,6.0,5.0,0.0,5.0,6.0,0.0,3861.946,2323.688,132.536,30.176,30.048,8.784,0.0,0.0
355,6.0,5.0,0.0,6.0,8.0,0.0,3760.104,2387.192,108.12,30.122,30.022,8.773,0.0,0.0
357,7.0,5.0,0.0,0.0,1.0,0.0,4099.75,2086.599,36.842,30.221,29.894,8.768,0.0,0.0
358,7.0,5.0,0.0,1.0,2.0,0.0,4577.06,2237.183,-28.903,30.194,30.117,8.797,0.0,0.0
359,7.0,5.0,0.0,2.0,4.0,0.0,4514.498,2287.744,-42.917,30.214,30.099,8.797,0.0,0.0
360,7.0,5.0,0.0,3.0,6.0,0.0,4107.196,2355.073,78.935,30.415,30.368,8.866,0.0,0.0
361,7.0,5.0,0.0,4.0,7.0,0.0,4083.843,2381.669,55.379,30.066,29.977,8.758,0.0,0.0
362,8.0,5.0,0.0,0.0,1.0,0.0,5125.866,2092.509,-5.14,30.137,30.04,8.955,0.0,0.0
363,8.0,5.0,0.0,1.0,2.0,0.0,4939.627,2229.834,2.931,29.912,29.705,8.783,0.0,0.0
364,8.0,5.0,0.0,2.0,3.0,0.0,4663.666,2259.514,47.628,30.108,29.983,8.765,0.0,0.0
365,8.0,5.0,0.0,3.0,4.0,0.0,4634.463,2345.032,0.808,30.113,29.993,8.767,0.0,0.0
366,8.0,5.0,0.0,4.0,5.0,0.0,5109.174,2386.612,-19.719,30.873,30.679,8.892,0.0,0.0
367,8.0,5.0,0.0,5.0,6.0,0.0,4635.041,2407.508,-19.919,30.482,30.208,8.852,0.0,0.0
368,8.0,5.0,0.0,6.0,7.0,0.0,4791.609,2450.63,-20.168,30.251,30.142,8.809,0.0,0.0
369,9.0,5.0,0.0,0.0,1.0,0.0,5753.872,2240.716,-8.879,30.502,30.389,8.882,0.0,0.0
370,9.0,5.0,0.0,1.0,2.0,0.0,5249.094,2293.683,28.492,30.125,30.032,8.775,0.0,0.0
372,9.0,5.0,0.0,3.0,4.0,0.0,5506.077,2345.579,13.201,29.851,29.694,8.772,0.0,0.0
375,0.0,6.0,0.0,1.0,1.0,0.0,346.768,2535.778,85.855,30.368,29.948,9.571,0.0,0.0
376,0.0,6.0,0.0,2.0,1.0,0.0,341.609,2510.527,78.301,29.698,29.54,9.632,0.0,0.0
377,0.0,6.0,0.0,3.0,3.0,0.0,195.819,2644.424,45.82,30.373,30.252,8.843,0.0,0.0
378,0.0,6.0,0.0,4.0,4.0,0.0,556.812,2727.337,97.76,30.65,30.534,8.838,0.0,0.0
379,1.0,6.0,0.0,0.0,0.0,0.0,779.874,2486.54,58.922,29.704,29.599,8.736,0.0,0.0
383,1.0,6.0,0.0,4.0,4.0,0.0,1045.875,2652.621,89.488,30.175,29.928,8.767,0.0,0.0
384,1.0,6.0,0.0,5.0,5.0,0.0,1047.541,2714.748,-21.949,30.263,30.049,8.797,0.0,0.0
385,1.0,6.0,0.0,6.0,6.0,0.0,650.417,2743.562,42.648,32.02,29.905,8.946,0.0,0.0
387,1.0,6.0,0.0,8.0,8.0,0.0,799.408,2853.292,81.579,29.729,29.615,8.742,0.0,0.0
388,2.0,6.0,0.0,0.0,1.0,0.0,1343.485,2620.658,111.915,29.6,29.548,8.713,0.0,0.0
389,2.0,6.0,0.0,1.0,2.0,0.0,1512.146,2701.842,8.864,29.949,29.814,8.804,0.0,0.0
391,3.0,6.0,0.0,0.0,1.0,0.0,2125.635,2524.048,109.819,30.086,29.863,8.831,0.0,0.0
392,3.0,6.0,0.0,1.0,2.0,0.0,1761.18,2598.963,-25.712,29.865,29.801,8.79,0.0,0.0
393,3.0,6.0,0.0,2.0,3.0,0.0,1931.86,2846.531,19.785,30.626,30.562,8.839,0.0,0.0
394,3.0,6.0,0.0,3.0,4.0,0.0,2232.105,2858.745,47.727,30.935,30.704,8.82,0.0,0.0
397,4.0,6.0,0.0,2.0,2.0,0.0,2760.398,2668.563,39.301,30.518,30.209,8.858,0.0,0.0
398,4.0,6.0,0.0,3.0,3.0,0.0,2679.542,2790.09,-29.069,30.339,30.17,8.826,0.0,0.0
399,4.0,6.0,0.0,4.0,4.0,0.0,2424.243,2837.631,116.62,30.142,30.122,8.79,0.0,0.0
400,5.0,6.0,0.0,0.0,1.0,0.0,3198.55,2565.366,36.289,30.099,29.909,8.753,0.0,0.0
401,6.0,6.0,0.0,0.0,0.0,0.0,3589.924,2469.438,85.069,29.576,29.52,8.706,0.0,0.0
402,6.0,6.0,0.0,1.0,1.0,0.0,3707.319,2472.474,91.303,29.696,29.53,8.725,0.0,0.0
403,6.0,6.0,0.0,2.0,2.0,0.0,3524.115,2505.219,70.678,29.948,29.862,8.811,0.0,0.0
404,6.0,6.0,0.0,3.0,3.0,0.0,3957.819,2541.737,87.47,30.824,30.027,8.875,0.0,0.0
405,6.0,6.0,0.0,4.0,4.0,0.0,3884.967,2651.543,11.05,29.801,29.663,8.76,0.0,0.0
410,7.0,6.0,0.0,0.0,0.0,0.0,4298.253,2521.711,90.603,29.736,29.65,8.748,0.0,0.0
411,7.0,6.0,0.0,1.0,1.0,0.0,4536.707,2524.606,-43.871,30.46,29.898,9.686,0.0,0.0
412,7.0,6.0,0.0,2.0,2.0,0.0,4427.259,2540.736,-4.924,29.894,29.759,8.788,0.0,0.0
413,7.0,6.0,0.0,3.0,3.0,0.0,4472.669,2579.996,94.746,30.172,30.137,8.797,0.0,0.0
414,7.0,6.0,0.0,4.0,4.0,0.0,4121.578,2591.993,-43.282,29.842,29.836,8.791,0.0,0.0
415,7.0,6.0,0.0,5.0,5.0,0.0,4293.113,2598.901,89.78,29.187,29.08,8.671,0.0,0.0
417,8.0,6.0,0.0,1.0,2.0,0.0,4766.475,2491.799,84.206,29.768,29.408,8.805,0.0,0.0
418,8.0,6.0,0.0,2.0,3.0,0.0,4887.482,2514.743,61.176,29.822,29.745,8.775,0.0,0.0
419,8.0,6.0,0.0,3.0,4.0,0.0,4820.916,2536.887,17.962,29.752,29.594,8.743,0.0,0.0
422,8.0,6.0,0.0,6.0,7.0,0.0,4658.328,2751.961,40.288,29.911,29.873,8.72,0.0,0.0
424,9.0,6.0,0.0,1.0,2.0,0.0,5639.174,2559.693,74.289,29.619,29.48,8.706,0.0,0.0
425,9.0,6.0,0.0,2.0,3.0,0.0,5381.136,2700.584,59.807,29.659,29.492,8.714,0.0,0.0
426,9.0,6.0,0.0,3.0,5.0,0.0,5231.795,2820.976,-0.928,30.39,30.275,8.849,0.0,0.0
427,9.0,6.0,0.0,4.0,6.0,0.0,5533.148,2823.77,48.056,30.174,30.086,8.79,0.0,0.0
428,0.0,7.0,0.0,0.0,0.0,0.0,54.777,2902.233,47.295,30.241,30.098,8.801,0.0,0.0
429,0.0,7.0,0.0,1.0,1.0,0.0,492.713,2948.761,-39.597,29.82,29.718,8.771,0.0,0.0
430,0.0,7.0,0.0,2.0,2.0,0.0,181.657,2970.472,-21.458,29.604,29.582,8.719,0.0,0.0
431,0.0,7.0,0.0,3.0,3.0,0.0,236.081,3023.441,67.202,29.758,29.611,8.746,0.0,0.0
432,0.0,7.0,0.0,4.0,4.0,0.0,17.055,3246.775,-10.479,30.714,30.652,8.865,0.0,0.0
434,1.0,7.0,0.0,1.0,2.0,0.0,1161.107,3099.148,106.596,30.641,30.001,8.76,0.0,0.0
435,1.0,7.0,0.0,2.0,3.0,0.0,772.848,3108.871,110.798,29.716,29.68,8.75,0.0,0.0
436,1.0,7.0,0.0,3.0,4.0,0.0,775.988,3144.135,10.54,30.036,29.915,8.832,0.0,0.0
437,2.0,7.0,0.0,0.0,0.0,0.0,1201.33,2966.992,37.499,30.106,30.044,8.774,0.0,0.0
439,2.0,7.0,0.0,2.0,3.0,0.0,1602.495,3227.932,80.498,30.657,30.529,8.755,0.0,0.0
441,3.0,7.0,0.0,1.0,3.0,0.0,2087.229,3222.427,5.159,29.968,29.947,8.739,0.0,0.0
442,3.0,7.0,0.0,2.0,4.0,0.0,1796.204,3265.326,123.952,30.799,30.749,8.891,0.0,0.0
443,3.0,7.0,0.0,3.0,5.0,0.0,1937.309,3266.623,114.641,30.447,30.075,8.828,0.0,0.0
444,4.0,7.0,0.0,0.0,0.0,0.0,2403.847,2880.816,49.109,29.683,29.535,8.724,0.0,0.0
445,4.0,7.0,0.0,1.0,1.0,0.0,2831.59,2884.803,128.466,30.17,29.949,8.769,0.0,0.0
446,4.0,7.0,0.0,2.0,2.0,0.0,2646.888,3119.381,133.828,29.957,29.735,8.794,0.0,0.0
447,4.0,7.0,0.0,3.0,3.0,0.0,2786.725,3156.548,28.703,30.076,29.802,8.734,0.0,0.0
448,4.0,7.0,0.0,4.0,4.0,0.0,2570.052,3245.713,19.494,29.812,29.781,8.779,0.0,0.0
449,5.0,7.0,0.0,0.0,0.0,0.0,2940.911,2901.131,21.179,29.93,29.871,8.81,0.0,0.0
450,5.0,7.0,0.0,1.0,1.0,0.0,3085.127,2962.023,108.864,29.712,29.639,8.743,0.0,0.0
451,5.0,7.0,0.0,2.0,2.0,0.0,2989.484,2997.405,7.894,30.111,29.878,8.75,0.0,0.0
452,5.0,7.0,0.0,3.0,3.0,0.0,3112.205,3028.019,20.026,29.642,29.536,8.718,0.0,0.0
454,5.0,7.0,0.0,5.0,5.0,0.0,3048.422,3169.855,-39.713,29.904,29.77,8.791,0.0,0.0
455,5.0,7.0,0.0,6.0,6.0,0.0,3352.944,3215.081,-43.593,30.199,30.085,8.881,0.0,0.0
457,6.0,7.0,0.0,0.0,0.0,0.0,4009.404,2991.445,-35.666,30.312,30.02,8.801,0.0,0.0
459,6.0,7.0,0.0,2.0,2.0,0.0,3520.592,3063.841,-9.879,29.928,29.701,8.784,0.0,0.0
460,7.0,7.0,0.0,0.0,0.0,0.0,4323.431,2946.428,62.447,30.135,29.811,8.744,0.0,0.0
461,7.0,7.0,0.0,1.0,1.0,0.0,4320.986,2978.835,100.731,29.732,29.44,8.717,0.0,0.0
462,7.0,7.0,0.0,2.0,2.0,0.0,4436.05,3113.936,6.169,29.648,29.523,8.717,0.0,0.0
463,8.0,7.0,0.0,0.0,0.0,0.0,4698.762,2982.823,32.779,29.851,29.608,8.759,0.0,0.0
464,8.0,7.0,0.0,1.0,2.0,0.0,4967.085,3040.851,123.85,29.785,29.679,8.76,0.0,0.0
465,9.0,7.0,0.0,0.0,0.0,0.0,5487.084,2977.512,73.775,29.703,29.633,8.741,0.0,0.0
466,9.0,7.0,0.0,1.0,1.0,0.0,5201.822,3011.634,72.234,30.086,30.028,8.768,0.0,0.0
467,9.0,7.0,0.0,2.0,2.0,0.0,5286.704,3015.024,92.523,29.654,29.517,8.717,0.0,0.0
468,9.0,7.0,0.0,3.0,3.0,0.0,5377.511,3050.219,23.423,30.003,29.904,8.825,0.0,0.0
469,9.0,7.0,0.0,4.0,4.0,0.0,5759.395,3128.251,4.866,30.637,30.421,8.906,0.0,0.0
471,9.0,7.0,0.0,6.0,6.0,0.0,5605.093,3167.456,-30.083,29.973,29.801,8.806,0.0,0.0
474,9.0,7.0,0.0,9.0,9.0,0.0,5447.972,3235.84,61.443,30.057,29.95,8.753,0.0,0.0
475,0.0,8.0,0.0,0.0,0.0,0.0,172.041,3291.268,81.745,29.862,29.635,8.764,0.0,0.0
477,0.0,8.0,0.0,2.0,2.0,0.0,37.972,3613.994,132.788,30.183,30.027,8.782,0.0,0.0
478,0.0,8.0,0.0,3.0,3.0,0.0,130.422,3662.784,29.277,30.487,30.295,8.78,0.0,0.0
479,1.0,8.0,0.0,0.0,0.0,0.0,820.225,3412.761,64.769,29.771,29.629,8.75,0.0,0.0
480,1.0,8.0,0.0,1.0,1.0,0.0,1034.019,3420.825,-36.659,29.712,29.573,8.733,0.0,0.0
481,1.0,8.0,0.0,2.0,2.0,0.0,679.917,3446.27,12.176,30.108,30.004,8.768,0.0,0.0
482,1.0,8.0,0.0,3.0,3.0,0.0,1016.2,3452.523,109.995,30.15,29.886,8.757,0.0,0.0
484,1.0,8.0,0.0,5.0,5.0,0.0,1018.528,3550.333,-30.044,30.194,30.162,8.804,0.0,0.0
485,1.0,8.0,0.0,6.0,6.0,0.0,657.292,3562.829,33.129,29.875,29.819,8.794,0.0,0.0
486,1.0,8.0,0.0,7.0,7.0,0.0,813.446,3605.224,98.605,32.476,32.118,9.073,0.0,0.0
487,1.0,8.0,0.0,8.0,8.0,0.0,762.738,3645.494,102.635,30.212,30.04,8.788,0.0,0.0
489,2.0,8.0,0.0,0.0,1.0,0.0,1237.224,3295.528,65.477,30.241,30.155,8.81,0.0,0.0
490,2.0,8.0,0.0,1.0,3.0,0.0,1637.305,3352.074,-39.984,30.404,30.343,8.861,0.0,0.0
491,2.0,8.0,0.0,2.0,4.0,0.0,1495.512,3404.72,91.887,29.945,29.89,8.814,0.0,0.0
493,2.0,8.0,0.0,4.0,6.0,0.0,1233.946,3510.244,-43.569,30.125,29.987,8.855,0.0,0.0
494,2.0,8.0,0.0,5.0,7.0,0.0,1496.895,3513.961,74.396,29.833,29.714,8.772,0.0,0.0
496,2.0,8.0,0.0,7.0,10.0,0.0,1518.53,3630.108,133.774,30.707,30.522,8.845,0.0,0.0
497,3.0,8.0,0.0,0.0,2.0,0.0,2072.209,3305.998,133.528,29.642,29.53,8.717,0.0,0.0
498,3.0,8.0,0.0,1.0,3.0,0.0,2001.952,3358.171,94.679,30.34,30.005,8.802,0.0,0.0
500,3.0,8.0,0.0,3.0,6.0,0.0,2290.142,3563.181,85.166,30.135,30.098,8.786,0.0,0.0
501,4.0,8.0,0.0,0.0,0.0,0.0,2642.586,3308.728,92.747,29.695,29.532,8.725,0.0,0.0
502,4.0,8.0,0.0,1.0,1.0,0.0,2784.661,3323.663,113.841,30.223,29.931,8.774,0.0,0.0
503,4.0,8.0,0.0,2.0,2.0,0.0,2891.694,3325.886,93.175,31.561,26.86,8.261,0.0,0.0
504,4.0,8.0,0.0,3.0,4.0,0.0,2322.967,3410.261,94.979,30.102,29.981,8.764,0.0,0.0
505,4.0,8.0,0.0,4.0,5.0,0.0,2385.956,3514.168,57.315,30.033,29.952,8.75,0.0,0.0
508,4.0,8.0,0.0,7.0,8.0,0.0,2869.856,3573.688,66.034,30.412,30.042,8.733,0.0,0.0
509,4.0,8.0,0.0,8.0,9.0,0.0,2619.033,3625.909,1.271,30.442,30.377,8.871,0.0,0.0
510,5.0,8.0,0.0,0.0,1.0,0.0,3434.567,3332.362,-26.009,30.496,29.966,8.82,0.0,0.0
511,5.0,8.0,0.0,1.0,2.0,0.0,2906.642,3373.865,34.206,29.843,29.59,8.755,0.0,0.0
512,5.0,8.0,0.0,2.0,3.0,0.0,3096.926,3474.747,94.188,29.734,29.499,8.726,0.0,0.0
513,5.0,8.0,0.0,3.0,4.0,0.0,3190.134,3499.059,49.325,29.92,29.835,8.716,0.0,0.0
514,5.0,8.0,0.0,4.0,5.0,0.0,3318.908,3527.57,27.103,29.947,29.782,9.486,0.0,0.0
515,5.0,8.0,0.0,5.0,5.0,0.0,3345.833,3527.294,53.023,31.798,29.72,9.674,0.0,0.0
518,6.0,8.0,0.0,2.0,2.0,0.0,3666.873,3578.438,-35.506,30.149,29.872,8.755,0.0,0.0
519,6.0,8.0,0.0,3.0,3.0,0.0,3627.848,3600.645,-39.576,29.872,29.758,8.784,0.0,0.0
521,6.0,8.0,0.0,5.0,5.0,0.0,3946.889,3642.519,23.071,30.292,30.063,8.804,0.0,0.0
522,7.0,8.0,0.0,0.0,0.0,0.0,4432.405,3426.231,59.51,29.762,29.683,8.757,0.0,0.0
523,7.0,8.0,0.0,1.0,1.0,0.0,4552.504,3505.624,34.849,30.451,30.34,8.867,0.0,0.0
524,7.0,8.0,0.0,2.0,2.0,0.0,4322.111,3545.911,-7.844,30.076,30.027,8.854,0.0,0.0
527,7.0,8.0,0.0,5.0,5.0,0.0,4326.366,3650.113,76.33,30.738,30.379,8.828,0.0,0.0
529,8.0,8.0,0.0,1.0,1.0,0.0,4969.88,3403.471,42.385,29.717,29.66,8.747,0.0,0.0
530,8.0,8.0,0.0,2.0,2.0,0.0,5028.52,3480.756,32.547,30.066,29.821,8.735,0.0,0.0
531,8.0,8.0,0.0,3.0,3.0,0.0,4897.933,3548.583,116.596,29.902,29.8,8.795,0.0,0.0
532,9.0,8.0,0.0,0.0,0.0,0.0,5473.318,3290.721,96.298,29.822,29.631,8.758,0.0,0.0
533,9.0,8.0,0.0,1.0,1.0,0.0,5408.62,3302.223,69.308,30.029,29.95,8.836,0.0,0.0
534,9.0,8.0,0.0,2.0,2.0,0.0,5579.662,3325.427,89.347,29.895,29.75,8.786,0.0,0.0
535,9.0,8.0,0.0,3.0,3.0,0.0,5368.956,3328.796,95.132,29.822,29.659,8.762,0.0,0.0
536,9.0,8.0,0.0,4.0,4.0,0.0,5546.421,3398.806,51.775,29.773,29.598,8.746,0.0,0.0
538,9.0,8.0,0.0,6.0,6.0,0.0,5327.853,3511.547,68.05,29.955,29.781,8.8,0.0,0.0
539,9.0,8.0,0.0,7.0,7.0,0.0,5653.506,3652.856,115.598,30.518,30.137,8.762,0.0,0.0
540,0.0,9.0,0.0,0.0,1.0,0.0,539.541,3690.682,112.689,30.032,29.849,8.821,0.0,0.0
544,0.0,9.0,0.0,4.0,5.0,0.0,470.1,4026.179,26.315,30.869,30.786,8.906,0.0,0.0
545,0.0,9.0,0.0,5.0,6.0,0.0,568.277,4038.106,16.887,30.678,30.449,8.83,0.0,0.0
546,0.0,9.0,0.0,6.0,7.0,0.0,384.169,4082.214,-37.01,31.036,30.536,8.811,0.0,0.0
547,1.0,9.0,0.0,0.0,1.0,0.0,625.975,3782.388,5.869,30.019,29.775,8.809,0.0,0.0
550,1.0,9.0,0.0,3.0,4.0,0.0,1058.417,4007.761,63.687,30.307,30.231,8.83,0.0,0.0
551,2.0,9.0,0.0,0.0,0.0,0.0,1509.966,3748.306,117.71,30.246,30.212,8.819,0.0,0.0
552,2.0,9.0,0.0,1.0,3.0,0.0,1232.6,3858.349,46.618,29.89,29.729,8.696,0.0,0.0
554,2.0,9.0,0.0,3.0,6.0,0.0,1329.927,4029.195,72.28,29.617,29.538,8.714,0.0,0.0
555,2.0,9.0,0.0,4.0,7.0,0.0,1169.339,4046.859,113.921,30.465,30.385,8.79,0.0,0.0
556,2.0,9.0,0.0,5.0,8.0,0.0,1629.469,4073.215,107.886,30.469,30.382,8.79,0.0,0.0
557,2.0,9.0,0.0,6.0,9.0,0.0,1246.303,4079.968,12.154,30.198,30.061,8.79,0.0,0.0
558,3.0,9.0,0.0,0.0,0.0,0.0,1822.094,3781.47,26.602,29.714,29.564,8.733,0.0,0.0
559,3.0,9.0,0.0,1.0,1.0,0.0,1918.816,3808.628,41.023,29.628,29.518,8.713,0.0,0.0
560,3.0,9.0,0.0,2.0,2.0,0.0,2041.096,3867.827,89.16,29.829,29.68,8.766,0.0,0.0
561,3.0,9.0,0.0,3.0,3.0,0.0,1761.038,3885.076,-43.613,29.91,29.876,8.721,0.0,0.0
562,3.0,9.0,0.0,4.0,5.0,0.0,2094.542,4080.558,49.816,30.459,30.196,8.848,0.0,0.0
563,4.0,9.0,0.0,0.0,1.0,0.0,2716.127,3781.977,6.154,30.101,29.972,8.85,0.0,0.0
564,4.0,9.0,0.0,1.0,2.0,0.0,2403.267,3844.982,112.246,29.883,29.718,8.78,0.0,0.0
565,4.0,9.0,0.0,2.0,3.0,0.0,2338.314,3902.808,5.768,30.069,29.951,8.842,0.0,0.0
566,4.0,9.0,0.0,3.0,4.0,0.0,2662.561,3934.455,-23.076,29.734,29.604,8.741,0.0,0.0
567,4.0,9.0,0.0,4.0,5.0,0.0,2680.819,3982.755,53.545,30.224,29.873,8.765,0.0,0.0
568,5.0,9.0,0.0,0.0,0.0,0.0,3447.282,3715.197,60.558,33.311,32.741,9.277,0.0,0.0
569,5.0,9.0,0.0,1.0,1.0,0.0,2913.4,3730.296,36.406,30.256,29.97,8.872,0.0,0.0
570,5.0,9.0,0.0,2.0,2.0,0.0,3208.484,3748.107,128.533,30.204,29.163,8.572,0.0,0.0
571,5.0,9.0,0.0,3.0,3.0,0.0,3038.655,3755.204,16.97,30.023,29.793,8.812,0.0,0.0
572,5.0,9.0,0.0,4.0,4.0,0.0,3163.681,3938.371,44.33,29.589,29.323,8.949,0.0,0.0
574,5.0,9.0,0.0,6.0,6.0,0.0,3028.708,4073.201,-22.617,30.53,30.474,8.812,0.0,0.0
575,6.0,9.0,0.0,0.0,0.0,0.0,3970.931,3709.768,104.51,30.172,29.91,8.764,0.0,0.0
576,6.0,9.0,0.0,1.0,1.0,0.0,3725.486,3715.175,79.247,29.603,29.41,8.693,0.0,0.0
577,6.0,9.0,0.0,2.0,4.0,0.0,3629.475,3773.376,34.291,30.11,30.065,8.777,0.0,0.0
578,6.0,9.0,0.0,3.0,6.0,0.0,3613.304,3803.946,-43.41,29.603,29.538,8.712,0.0,0.0
579,6.0,9.0,0.0,4.0,7.0,0.0,3761.152,3839.546,15.109,29.98,29.94,8.827,0.0,0.0
580,6.0,9.0,0.0,5.0,8.0,0.0,3540.326,3869.615,-1.272,29.92,29.698,8.783,0.0,0.0
581,6.0,9.0,0.0,6.0,9.0,0.0,3516.951,3949.577,-6.415,29.931,29.899,8.727,0.0,0.0
582,6.0,9.0,0.0,7.0,10.0,0.0,4027.206,3975.988,-19.216,30.987,30.822,8.844,0.0,0.0
583,6.0,9.0,0.0,8.0,11.0,0.0,3940.496,4001.006,103.58,30.228,30.124,8.803,0.0,0.0
586,7.0,9.0,0.0,2.0,2.0,0.0,4056.199,3772.515,-29.392,30.121,29.945,8.762,0.0,0.0
587,7.0,9.0,0.0,3.0,3.0,0.0,4337.098,3803.084,85.806,30.175,29.976,8.861,0.0,0.0
588,7.0,9.0,0.0,4.0,4.0,0.0,4193.031,3812.303,54.777,29.689,29.659,8.743,0.0,0.0
589,7.0,9.0,0.0,5.0,6.0,0.0,4244.518,4021.272,119.582,29.913,29.869,8.72,0.0,0.0
592,8.0,9.0,0.0,1.0,1.0,0.0,4757.697,3876.737,38.495,29.874,29.796,8.79,0.0,0.0
593,8.0,9.0,0.0,2.0,2.0,0.0,5167.892,3922.942,101.368,30.361,30.175,8.83,0.0,0.0
595,8.0,9.0,0.0,4.0,4.0,0.0,4826.169,3985.106,67.868,30.189,30.072,8.877,0.0,0.0
597,8.0,9.0,0.0,6.0,6.0,0.0,4793.87,4059.412,-35.189,30.035,29.961,8.751,0.0,0.0
598,8.0,9.0,0.0,7.0,7.0,0.0,4721.724,4092.374,-1.912,31.699,25.726,8.352,0.0,0.0
599,9.0,9.0,0.0,0.0,1.0,0.0,5290.367,3772.811,70.964,29.862,29.487,8.743,0.0,0.0
600,9.0,9.0,0.0,1.0,2.0,0.0,5648.053,3860.769,5.797,30.423,30.193,8.842,0.0,0.0
601,9.0,9.0,0.0,2.0,3.0,0.0,5405.415,3886.871,56.225,29.731,29.635,8.745,0.0,0.0
602,9.0,9.0,0.0,3.0,4.0,0.0,5360.235,3956.237,120.654,30.115,30.051,8.776,0.0,0.0
603,9.0,9.0,0.0,4.0,5.0,0.0,5311.131,3983.2,49.088,30.048,29.863,8.826,0.0,0.0
604,9.0,9.0,0.0,5.0,6.0,0.0,5520.913,4037.434,117.076,30.306,30.202,8.826,0.0,0.0
608,0.0,10.0,0.0,2.0,3.0,0.0,253.696,4125.901,111.286,32.909,31.465,9.125,0.0,0.0
609,0.0,10.0,0.0,3.0,4.0,0.0,414.683,4126.898,-27.485,29.756,29.536,8.734,0.0,0.0
610,0.0,10.0,0.0,4.0,6.0,0.0,326.63,4381.766,120.192,29.837,29.749,8.778,0.0,0.0
611,0.0,10.0,0.0,5.0,7.0,0.0,526.119,4396.177,40.143,30.501,30.386,8.881,0.0,0.0
613,2.0,10.0,0.0,0.0,2.0,0.0,1353.387,4148.134,53.785,29.837,29.527,8.745,0.0,0.0
614,2.0,10.0,0.0,1.0,3.0,0.0,1183.977,4156.501,16.622,29.848,29.661,8.767,0.0,0.0
615,2.0,10.0,0.0,2.0,4.0,0.0,1652.943,4355.671,115.024,30.387,30.197,8.751,0.0,0.0
618,3.0,10.0,0.0,1.0,2.0,0.0,1992.928,4190.667,69.899,29.824,29.101,8.679,0.0,0.0
619,3.0,10.0,0.0,2.0,3.0,0.0,1938.148,4237.877,13.759,29.982,29.864,8.729,0.0,0.0
620,3.0,10.0,0.0,3.0,4.0,0.0,1904.499,4240.248,31.146,29.918,29.786,8.795,0.0,0.0
621,3.0,10.0,0.0,4.0,6.0,0.0,2236.14,4281.232,-18.217,30.63,30.507,8.918,0.0,0.0
622,3.0,10.0,0.0,5.0,7.0,0.0,1892.023,4298.212,71.002,29.903,29.78,8.792,0.0,0.0
623,3.0,10.0,0.0,6.0,8.0,0.0,2092.221,4305.111,93.625,29.997,29.9,8.824,0.0,0.0
626,4.0,10.0,0.0,0.0,0.0,0.0,2798.17,4100.622,134.617,30.25,30.115,8.805,0.0,0.0
629,4.0,10.0,0.0,3.0,3.0,0.0,2396.758,4315.533,11.463,29.978,29.815,8.808,0.0,0.0
631,4.0,10.0,0.0,5.0,5.0,0.0,2866.845,4433.598,-9.852,30.715,30.46,8.837,0.0,0.0
633,5.0,10.0,0.0,1.0,2.0,0.0,2991.261,4288.656,-14.007,29.497,29.365,8.671,0.0,0.0
634,5.0,10.0,0.0,2.0,3.0,0.0,3086.203,4326.315,-13.833,29.813,29.702,8.767,0.0,0.0
635,6.0,10.0,0.0,0.0,0.0,0.0,3906.401,4147.513,115.947,30.404,30.256,8.848,0.0,0.0
636,6.0,10.0,0.0,1.0,1.0,0.0,4020.327,4172.019,-8.451,30.097,29.946,8.758,0.0,0.0
637,6.0,10.0,0.0,2.0,2.0,0.0,3620.468,4182.963,-7.853,32.602,30.906,9.001,0.0,0.0
641,6.0,10.0,0.0,6.0,6.0,0.0,3771.432,4391.399,52.369,30.166,30.082,8.788,0.0,0.0
642,7.0,10.0,0.0,0.0,2.0,0.0,4232.685,4217.535,49.389,30.371,30.339,8.855,0.0,0.0
644,7.0,10.0,0.0,2.0,4.0,0.0,4085.618,4309.306,51.784,29.722,29.663,8.748,0.0,0.0
646,7.0,10.0,0.0,4.0,6.0,0.0,4139.57,4351.7,124.586,30.194,30.1,8.795,0.0,0.0
650,8.0,10.0,0.0,0.0,1.0,0.0,4806.557,4098.711,74.045,29.895,29.785,8.792,0.0,0.0
651,8.0,10.0,0.0,1.0,2.0,0.0,4953.761,4106.098,121.32,29.928,29.786,8.71,0.0,0.0
652,8.0,10.0,0.0,2.0,4.0,0.0,4777.156,4229.669,76.122,30.237,29.938,8.777,0.0,0.0
653,8.0,10.0,0.0,3.0,5.0,0.0,4791.701,4296.714,59.119,29.838,29.667,8.766,0.0,0.0
654,8.0,10.0,0.0,4.0,6.0,0.0,5084.529,4336.345,46.902,30.041,29.954,8.751,0.0,0.0
655,8.0,10.0,0.0,5.0,7.0,0.0,4643.645,4399.477,-35.135,30.246,29.764,8.669,0.0,0.0
656,8.0,10.0,0.0,6.0,9.0,0.0,4674.259,4487.258,-18.104,30.718,30.612,8.859,0.0,0.0
657,9.0,10.0,0.0,0.0,3.0,0.0,5435.749,4175.309,93.707,30.128,30.048,8.777,0.0,0.0
658,9.0,10.0,0.0,1.0,4.0,0.0,5649.192,4222.041,87.434,30.256,30.168,8.814,0.0,0.0
659,9.0,10.0,0.0,2.0,5.0,0.0,5257.247,4373.242,114.65,30.208,30.053,8.79,0.0,0.0
660,9.0,10.0,0.0,3.0,6.0,0.0,5421.505,4396.045,2.525,30.092,29.971,8.761,0.0,0.0
661,9.0,10.0,0.0,4.0,7.0,0.0,5376.946,4414.965,8.629,30.284,30.19,8.821,0.0,0.0
662,9.0,10.0,0.0,5.0,9.0,0.0,5495.577,4465.989,25.834,30.047,29.89,8.83,0.0,0.0
664,9.0,10.0,0.0,7.0,11.0,0.0,5581.243,4477.7,88.863,30.487,30.28,8.863,0.0,0.0
665,0.0,11.0,0.0,0.0,0.0,0.0,164.27,4676.878,64.194,29.587,29.473,8.7,0.0,0.0
666,0.0,11.0,0.0,1.0,1.0,0.0,60.645,4810.18,-19.841,29.997,29.919,8.827,0.0,0.0
667,1.0,11.0,0.0,0.0,0.0,0.0,929.231,4633.282,43.532,30.188,30.075,8.79,0.0,0.0
668,1.0,11.0,0.0,1.0,1.0,0.0,954.189,4693.844,35.754,30.172,30.065,8.786,0.0,0.0
669,1.0,11.0,0.0,2.0,2.0,0.0,828.823,4831.421,-41.368,30.033,29.98,8.754,0.0,0.0
670,2.0,11.0,0.0,0.0,0.0,0.0,1512.186,4873.007,2.946,30.097,30.015,8.856,0.0,0.0
671,3.0,11.0,0.0,0.0,1.0,0.0,2210.198,4533.16,112.487,30.306,30.219,8.828,0.0,0.0
672,3.0,11.0,0.0,1.0,2.0,0.0,2287.24,4615.727,-23.127,30.698,30.425,8.83,0.0,0.0
673,3.0,11.0,0.0,2.0,3.0,0.0,1882.799,4644.975,67.223,29.729,29.437,8.716,0.0,0.0
676,4.0,11.0,0.0,1.0,1.0,0.0,2483.237,4590.582,41.087,29.637,29.443,8.703,0.0,0.0
677,4.0,11.0,0.0,2.0,2.0,0.0,2815.047,4650.382,-37.023,30.381,29.69,8.678,0.0,0.0
678,4.0,11.0,0.0,3.0,3.0,0.0,2450.14,4712.157,-5.841,29.958,29.904,8.819,0.0,0.0
680,4.0,11.0,0.0,5.0,5.0,0.0,2833.07,4819.083,117.49,30.652,30.467,8.829,0.0,0.0
681,5.0,11.0,0.0,0.0,0.0,0.0,3282.024,4506.432,-14.68,30.069,30.004,8.85,0.0,0.0
682,5.0,11.0,0.0,1.0,1.0,0.0,3206.927,4509.721,2.721,30.135,30.025,8.775,0.0,0.0
684,5.0,11.0,0.0,3.0,4.0,0.0,2935.665,4588.689,47.116,29.504,29.289,8.749,0.0,0.0
686,5.0,11.0,0.0,5.0,7.0,0.0,3104.651,4616.088,-17.678,29.668,29.555,8.724,0.0,0.0
687,5.0,11.0,0.0,6.0,8.0,0.0,3327.607,4690.561,128.882,30.266,30.182,8.817,0.0,0.0
688,5.0,11.0,0.0,7.0,9.0,0.0,3016.393,4886.553,-3.909,30.34,30.273,8.756,0.0,0.0
689,5.0,11.0,0.0,8.0,10.0,0.0,3050.45,4906.418,-1.654,30.944,28.834,8.634,0.0,0.0
690,6.0,11.0,0.0,0.0,0.0,0.0,3867.51,4507.994,-19.466,29.879,29.731,8.782,0.0,0.0
692,6.0,11.0,0.0,2.0,2.0,0.0,3547.29,4692.403,3.137,29.851,29.627,8.762,0.0,0.0
693,6.0,11.0,0.0,3.0,3.0,0.0,3820.763,4753.448,69.078,30.204,30.039,8.787,0.0,0.0
694,6.0,11.0,0.0,4.0,4.0,0.0,3641.19,4797.009,79.104,29.909,29.622,8.77,0.0,0.0
695,6.0,11.0,0.0,5.0,5.0,0.0,3886.003,4824.455,73.565,29.968,29.954,8.827,0.0,0.0
696,6.0,11.0,0.0,6.0,6.0,0.0,3618.559,4870.842,122.712,29.952,29.736,8.793,0.0,0.0
699,7.0,11.0,0.0,2.0,3.0,0.0,4115.701,4664.927,83.216,29.803,29.68,8.763,0.0,0.0
700,7.0,11.0,0.0,3.0,4.0,0.0,4438.139,4669.223,107.543,30.165,30.119,8.793,0.0,0.0
701,7.0,11.0,0.0,4.0,5.0,0.0,4421.559,4711.795,78.036,30.035,29.86,8.736,0.0,0.0
703,7.0,11.0,0.0,6.0,8.0,0.0,4436.67,4817.297,-44.608,29.944,29.853,8.809,0.0,0.0
706,8.0,11.0,0.0,2.0,3.0,0.0,4947.934,4620.331,13.596,29.868,29.591,8.759,0.0,0.0
709,8.0,11.0,0.0,5.0,6.0,0.0,5139.891,4683.82,-13.113,30.482,30.165,8.847,0.0,0.0
710,8.0,11.0,0.0,6.0,7.0,0.0,4688.969,4685.822,34.777,30.161,29.833,8.751,0.0,0.0
711,8.0,11.0,0.0,7.0,8.0,0.0,4826.917,4694.39,28.998,29.892,29.735,8.784,0.0,0.0
713,8.0,11.0,0.0,9.0,10.0,0.0,4848.697,4737.825,8.784,29.772,28.842,9.106,0.0,0.0
714,8.0,11.0,0.0,10.0,12.0,0.0,4881.586,4767.668,17.074,29.847,29.748,8.779,0.0,0.0
716,8.0,11.0,0.0,12.0,14.0,0.0,5010.961,4854.992,96.65,30.175,30.104,8.792,0.0,0.0
718,9.0,11.0,0.0,1.0,1.0,0.0,5268.474,4519.281,117.195,30.179,30.071,9.154,0.0,0.0
719,9.0,11.0,0.0,2.0,2.0,0.0,5398.851,4560.266,74.384,30.015,29.905,8.827,0.0,0.0
720,9.0,11.0,0.0,3.0,3.0,0.0,5545.246,4595.397,-23.327,29.708,29.609,9.772,0.0,0.0
721,9.0,11.0,0.0,4.0,3.0,0.0,5528.315,4578.24,45.82,30.583,29.834,9.69,0.0,0.0
722,9.0,11.0,0.0,5.0,4.0,0.0,5249.25,4587.846,32.622,29.931,29.697,8.784,0.0,0.0
723,9.0,11.0,0.0,6.0,5.0,0.0,5491.035,4591.302,9.609,29.652,29.558,8.723,0.0,0.0
724,9.0,11.0,0.0,7.0,7.0,0.0,5730.466,4798.356,-19.648,30.47,30.313,8.78,0.0,0.0
725,0.0,12.0,0.0,0.0,0.0,0.0,84.423,4955.416,94.74,29.734,29.593,8.74,0.0,0.0
726,0.0,12.0,0.0,1.0,1.0,0.0,383.708,5056.87,48.952,30.261,30.133,8.809,0.0,0.0
727,0.0,12.0,0.0,2.0,2.0,0.0,387.996,5135.227,-27.891,30.126,30.061,8.779,0.0,0.0
731,0.0,12.0,0.0,6.0,5.0,0.0,397.497,5274.872,-6.824,30.451,30.407,8.877,0.0,0.0
732,0.0,12.0,0.0,7.0,6.0,0.0,95.242,5282.885,90.873,30.366,30.073,8.816,0.0,0.0
733,0.0,12.0,0.0,8.0,7.0,0.0,355.299,5290.923,78.133,30.337,30.17,8.826,0.0,0.0
734,1.0,12.0,0.0,0.0,0.0,0.0,711.128,4982.907,27.13,29.427,29.331,8.744,0.0,0.0
735,1.0,12.0,0.0,1.0,1.0,0.0,954.603,5000.609,82.578,30.433,30.218,8.847,0.0,0.0
736,1.0,12.0,0.0,2.0,2.0,0.0,882.422,5006.887,-8.368,29.755,29.513,8.731,0.0,0.0
737,1.0,12.0,0.0,3.0,3.0,0.0,944.582,5102.465,25.814,30.142,29.977,8.769,0.0,0.0
738,1.0,12.0,0.0,4.0,4.0,0.0,947.507,5169.463,54.268,29.95,29.896,8.729,0.0,0.0
739,1.0,12.0,0.0,5.0,5.0,0.0,701.758,5195.971,49.956,29.882,29.843,8.798,0.0,0.0
740,1.0,12.0,0.0,6.0,7.0,0.0,921.405,5314.441,-1.07,30.937,28.989,8.654,0.0,0.0
742,2.0,12.0,0.0,1.0,1.0,0.0,1347.355,5146.112,87.319,30.102,29.975,8.85,0.0,0.0
743,2.0,12.0,0.0,2.0,2.0,0.0,1357.445,5193.421,27.192,29.951,29.862,8.811,0.0,0.0
745,2.0,12.0,0.0,4.0,5.0,0.0,1209.723,5265.328,-30.125,30.31,30.134,8.816,0.0,0.0
746,2.0,12.0,0.0,5.0,6.0,0.0,1545.665,5277.841,-32.121,30.513,30.354,8.878,0.0,0.0
747,2.0,12.0,0.0,6.0,7.0,0.0,1390.587,5295.025,25.159,30.648,30.505,8.92,0.0,0.0
748,3.0,12.0,0.0,0.0,0.0,0.0,2021.666,4916.843,-22.592,29.647,29.566,8.723,0.0,0.0
749,3.0,12.0,0.0,1.0,1.0,0.0,1808.099,4936.9,57.04,29.903,29.725,8.784,0.0,0.0
750,3.0,12.0,0.0,2.0,2.0,0.0,2289.386,4939.106,97.301,30.426,30.204,8.843,0.0,0.0
751,3.0,12.0,0.0,3.0,3.0,0.0,1933.055,5013.81,60.357,29.832,29.694,8.769,0.0,0.0
752,3.0,12.0,0.0,4.0,4.0,0.0,1756.672,5194.186,12.958,29.794,29.725,8.768,0.0,0.0
753,3.0,12.0,0.0,5.0,5.0,0.0,2106.286,5268.144,127.383,30.201,30.06,8.79,0.0,0.0
755,4.0,12.0,0.0,1.0,1.0,0.0,2417.187,5286.29,129.39,30.724,30.678,8.87,0.0,0.0
756,5.0,12.0,0.0,0.0,3.0,0.0,3170.774,4941.14,11.382,29.892,29.759,8.788,0.0,0.0
757,5.0,12.0,0.0,1.0,4.0,0.0,3443.456,4960.927,106.896,30.536,30.361,8.882,0.0,0.0
758,5.0,12.0,0.0,2.0,6.0,0.0,3185.969,4992.449,-8.104,29.346,29.211,8.714,0.0,0.0
759,6.0,12.0,0.0,0.0,0.0,0.0,3783.908,5078.996,46.625,29.879,29.79,8.79,0.0,0.0
760,6.0,12.0,0.0,1.0,1.0,0.0,3554.141,5315.713,-1.133,31.3,26.915,8.48,0.0,0.0
762,8.0,12.0,0.0,0.0,1.0,0.0,4957.46,4997.418,75.67,30.039,29.899,8.83,0.0,0.0
763,8.0,12.0,0.0,1.0,2.0,0.0,4796.142,5010.876,58.33,29.512,29.25,8.744,0.0,0.0
764,8.0,12.0,0.0,2.0,4.0,0.0,5014.429,5101.021,-6.776,29.887,29.842,8.712,0.0,0.0
765,8.0,12.0,0.0,3.0,5.0,0.0,4713.003,5225.245,17.036,29.892,29.742,8.785,0.0,0.0
766,8.0,12.0,0.0,4.0,6.0,0.0,4910.901,5257.258,27.44,29.817,29.782,8.78,0.0,0.0
767,8.0,12.0,0.0,5.0,7.0,0.0,4845.816,5291.045,102.04,30.416,30.288,8.854,0.0,0.0
768,9.0,12.0,0.0,0.0,1.0,0.0,5400.328,5034.264,125.706,29.77,29.731,8.765,0.0,0.0
769,9.0,12.0,0.0,1.0,2.0,0.0,5209.195,5069.849,2.133,30.127,30.001,8.77,0.0,0.0
770,9.0,12.0,0.0,2.0,3.0,0.0,5758.039,5155.703,1.5,30.48,30.39,8.967,0.0,0.0
772,9.0,12.0,0.0,4.0,5.0,0.0,5643.397,5269.124,124.449,30.404,30.345,8.861,0.0,0.0
773,9.0,12.0,0.0,5.0,7.0,0.0,5406.065,5306.968,113.704,30.321,30.205,8.828,0.0,0.0
775,0.0,1.0,0.0,0.0,0.0,0.0,13.586,552.694,-8.313,29.813,29.549,21.854,4.0,
776,0.0,4.0,0.0,0.0,0.0,0.0,213.732,1986.964,60.31,30.2,28.554,24.957,4.0,
777,0.0,6.0,0.0,0.0,0.0,0.0,8.557,2595.448,48.267,31.354,28.674,25.539,4.0,
779,0.0,10.0,0.0,0.0,0.0,0.0,587.931,4224.069,56.364,29.793,28.89,25.018,4.0,
780,1.0,1.0,0.0,0.0,0.0,0.0,1158.373,771.975,110.978,29.7,29.229,25.071,4.0,
781,1.0,2.0,0.0,0.0,0.0,0.0,765.838,1236.35,51.032,30.479,29.387,25.511,4.0,
782,1.0,2.0,0.0,0.0,0.0,0.0,1090.073,1037.95,70.869,29.908,28.807,24.876,4.0,
783,1.0,4.0,0.0,0.0,0.0,0.0,780.794,1892.52,81.609,29.818,28.557,24.969,4.0,
784,1.0,4.0,0.0,0.0,0.0,0.0,793.857,1889.891,54.893,29.531,29.43,25.083,4.0,
785,1.0,9.0,0.0,0.0,0.0,0.0,1166.001,3810.627,105.479,30.619,29.663,23.776,4.0,
787,1.0,10.0,0.0,0.0,0.0,0.0,588.054,4223.665,92.128,29.973,28.97,23.189,4.0,
789,1.0,12.0,0.0,0.0,0.0,0.0,1116.46,5308.064,-12.617,30.337,29.853,25.611,4.0,
791,2.0,8.0,0.0,0.0,0.0,0.0,1463.853,3284.403,127.13,30.372,29.467,22.096,4.0,
792,2.0,8.0,0.0,0.0,0.0,0.0,1479.461,3290.371,24.017,30.175,29.073,23.229,4.0,
793,2.0,8.0,0.0,0.0,0.0,0.0,1385.17,3356.593,0.003,31.481,29.129,25.469,4.0,
794,2.0,8.0,0.0,0.0,0.0,0.0,1482.771,3566.418,-38.934,29.45,29.221,24.973,4.0,
795,3.0,11.0,0.0,0.0,0.0,0.0,2282.449,4872.035,-32.652,30.164,28.966,25.116,4.0,
797,4.0,2.0,0.0,0.0,0.0,0.0,2651.095,1119.952,51.577,29.801,28.873,23.117,4.0,
798,4.0,2.0,0.0,0.0,0.0,0.0,2648.008,1093.321,124.416,29.205,28.915,24.726,4.0,
800,4.0,4.0,0.0,0.0,0.0,0.0,2315.177,2013.823,16.713,30.238,29.902,22.134,4.0,
802,4.0,11.0,0.0,0.0,0.0,0.0,2342.772,4840.176,68.445,29.596,29.104,24.957,4.0,
803,4.0,11.0,0.0,0.0,0.0,0.0,2885.308,4535.686,70.298,31.631,29.547,25.867,4.0,
804,4.0,11.0,0.0,0.0,0.0,0.0,2886.596,4539.105,100.298,30.391,29.2,25.27,4.0,
805,5.0,5.0,0.0,0.0,0.0,0.0,3434.266,2461.522,51.327,30.048,29.978,23.633,4.0,
806,5.0,10.0,0.0,0.0,0.0,0.0,3351.475,4118.958,56.788,30.182,29.325,25.226,4.0,
807,5.0,10.0,0.0,0.0,0.0,0.0,3355.381,4124.175,37.708,30.34,29.419,25.332,4.0,
809,6.0,0.0,0.0,0.0,0.0,0.0,3543.309,8.21,2.752,30.393,29.215,23.612,4.0,
810,6.0,2.0,0.0,0.0,0.0,0.0,4015.363,1215.285,-4.448,30.064,29.642,25.368,4.0,
812,6.0,2.0,0.0,0.0,0.0,0.0,3777.288,827.17,111.795,30.521,29.555,23.587,4.0,
813,6.0,5.0,0.0,0.0,0.0,0.0,3847.271,2108.928,37.121,28.978,24.615,23.047,4.0,
814,7.0,9.0,0.0,0.0,0.0,0.0,4487.312,4086.377,-18.547,30.258,29.009,25.205,4.0,
816,7.0,10.0,0.0,0.0,0.0,0.0,4497.055,4419.359,-30.057,30.312,29.525,25.44,4.0,
818,8.0,0.0,0.0,0.0,0.0,0.0,5159.533,15.748,85.177,30.496,29.87,25.691,4.0,
819,8.0,3.0,0.0,0.0,0.0,0.0,4974.991,1644.981,-22.214,29.948,28.394,24.949,4.0,
820,8.0,3.0,0.0,0.0,0.0,0.0,5000.321,1635.876,-37.449,30.952,28.91,23.539,4.0,
822,8.0,10.0,0.0,0.0,0.0,0.0,5161.839,4471.109,-36.567,30.699,29.343,25.512,4.0,
823,9.0,8.0,0.0,0.0,0.0,0.0,5682.725,3405.731,48.355,29.64,28.947,24.947,4.0,
824,9.0,8.0,0.0,0.0,0.0,0.0,5696.69,3401.104,7.14,30.645,29.003,25.285,4.0,
826,9.0,8.0,0.0,0.0,0.0,0.0,5754.029,3664.691,63.884,29.777,29.016,25.025,4.0,
828,9.0,10.0,0.0,0.0,0.0,0.0,5495.032,4106.013,-18.307,29.564,29.019,23.106,4.0,
829,9.0,10.0,0.0,0.0,0.0,0.0,5496.012,4122.853,90.358,30.548,29.253,23.431,4.0,
</ResultDatas>,,,,,,,,,,,,,,
<ElementResult>,,,,,,,,,,,,,,
0,0.0,,,,,,,,,,,,,
1,1.0,,,,,,,,,,,,,
2,0.0,,,,,,,,,,,,,
3,0.0,,,,,,,,,,,,,
4,1.0,,,,,,,,,,,,,
5,625.0,,,,,,,,,,,,,
</ElementResult>,,,,,,,,,,,,,,
0,0.0,0.0,0.0,0.0,0.0,0.0,383.854,24.635,69.695,30.049,29.82,8.819,0.0,0.0
1,0.0,0.0,0.0,1.0,1.0,0.0,193.875,34.564,9.084,29.846,29.692,8.771,0.0,0.0
2,0.0,0.0,0.0,2.0,2.0,0.0,89.043,101.873,-40.46,29.885,29.794,8.792,0.0,0.0
3,0.0,0.0,0.0,3.0,3.0,0.0,29.619,211.974,21.045,30.873,30.578,8.877,0.0,0.0
4,0.0,0.0,0.0,4.0,4.0,0.0,569.136,284.904,7.377,30.642,30.589,8.845,0.0,0.0
7,1.0,0.0,0.0,0.0,0.0,0.0,699.144,17.518,17.792,29.712,29.659,8.746,0.0,0.0
8,1.0,0.0,0.0,1.0,1.0,0.0,906.592,42.6,49.043,29.825,29.793,8.783,0.0,0.0
9,1.0,0.0,0.0,2.0,2.0,0.0,772.328,54.093,47.898,29.779,29.552,8.74,0.0,0.0
11,1.0,0.0,0.0,4.0,5.0,0.0,906.124,194.661,116.242,29.967,29.763,8.799,0.0,0.0
12,1.0,0.0,0.0,5.0,7.0,0.0,914.589,393.204,47.115,30.011,29.858,8.733,0.0,0.0
14,2.0,0.0,0.0,0.0,0.0,0.0,1170.448,123.228,31.271,29.902,29.788,8.793,0.0,0.0
15,2.0,0.0,0.0,1.0,1.0,0.0,1440.473,146.629,103.826,29.852,29.663,8.767,0.0,0.0
16,2.0,0.0,0.0,2.0,2.0,0.0,1244.772,330.227,-30.591,29.659,29.476,8.711,0.0,0.0
17,2.0,0.0,0.0,3.0,3.0,0.0,1324.948,365.847,82.837,30.086,29.957,8.758,0.0,0.0
18,3.0,0.0,0.0,0.0,1.0,0.0,2003.184,61.256,126.134,29.748,29.634,8.748,0.0,0.0
19,3.0,0.0,0.0,1.0,2.0,0.0,2294.098,114.246,-36.949,30.152,29.953,8.767,0.0,0.0
20,3.0,0.0,0.0,2.0,3.0,0.0,2153.653,364.743,64.344,29.905,29.865,8.805,0.0,0.0
21,3.0,0.0,0.0,3.0,4.0,0.0,1912.836,377.365,126.55,30.306,29.523,8.645,0.0,0.0
22,3.0,0.0,0.0,4.0,5.0,0.0,2287.686,399.434,21.415,30.994,30.55,9.444,0.0,0.0
23,4.0,0.0,0.0,0.0,0.0,0.0,2336.746,34.237,63.255,30.386,30.031,8.812,0.0,0.0
24,4.0,0.0,0.0,1.0,2.0,0.0,2848.38,137.029,-37.419,29.943,29.706,8.787,0.0,0.0
25,4.0,0.0,0.0,2.0,3.0,0.0,2631.335,203.21,-7.535,30.002,29.959,8.746,0.0,0.0
26,4.0,0.0,0.0,3.0,4.0,0.0,2880.598,276.6,95.712,30.295,30.229,8.743,0.0,0.0
27,5.0,0.0,0.0,0.0,0.0,0.0,3101.983,17.535,87.855,29.68,29.598,8.733,0.0,0.0
28,5.0,0.0,0.0,1.0,1.0,0.0,2978.868,34.075,7.183,30.369,30.144,8.741,0.0,0.0
30,5.0,0.0,0.0,3.0,3.0,0.0,3416.883,165.919,111.993,30.417,30.157,8.835,0.0,0.0
31,5.0,0.0,0.0,4.0,4.0,0.0,2935.66,205.774,37.963,29.872,29.767,8.786,0.0,0.0
32,5.0,0.0,0.0,5.0,5.0,0.0,3392.765,271.885,51.873,30.325,30.291,8.842,0.0,0.0
34,5.0,0.0,0.0,7.0,8.0,0.0,3115.796,415.325,-15.458,30.375,30.233,8.84,0.0,0.0
36,6.0,0.0,0.0,1.0,1.0,0.0,3707.959,33.027,86.092,29.524,29.34,8.759,0.0,0.0
38,6.0,0.0,0.0,3.0,3.0,0.0,4027.93,165.948,48.664,30.661,30.503,8.921,0.0,0.0
39,6.0,0.0,0.0,4.0,5.0,0.0,3940.211,356.239,-19.5,30.835,30.718,8.891,0.0,0.0
40,6.0,0.0,0.0,5.0,6.0,0.0,3615.246,364.116,42.9,30.014,29.862,8.734,0.0,0.0
41,6.0,0.0,0.0,6.0,7.0,0.0,3646.362,385.301,5.349,30.226,29.889,8.769,0.0,0.0
42,7.0,0.0,0.0,0.0,0.0,0.0,4333.594,53.597,64.884,29.633,29.437,8.702,0.0,0.0
43,7.0,0.0,0.0,1.0,1.0,0.0,4372.049,85.446,60.658,29.886,29.799,8.792,0.0,0.0
46,7.0,0.0,0.0,4.0,5.0,0.0,4559.428,230.478,-28.926,30.542,30.452,8.811,0.0,0.0
47,7.0,0.0,0.0,5.0,7.0,0.0,4076.426,271.602,-17.946,30.067,30.031,8.766,0.0,0.0
48,7.0,0.0,0.0,6.0,8.0,0.0,4433.207,279.682,124.262,29.959,29.944,8.825,0.0,0.0
49,7.0,0.0,0.0,7.0,9.0,0.0,4276.235,335.525,115.419,30.289,30.129,8.813,0.0,0.0
50,8.0,0.0,0.0,0.0,0.0,0.0,4721.601,31.119,63.497,30.101,29.925,8.756,0.0,0.0
51,8.0,0.0,0.0,1.0,1.0,0.0,4857.847,197.848,73.313,29.593,29.447,8.697,0.0,0.0
52,8.0,0.0,0.0,2.0,2.0,0.0,4842.822,344.01,93.331,29.905,29.718,8.783,0.0,0.0
54,9.0,0.0,0.0,1.0,2.0,0.0,5604.166,108.133,83.334,30.059,29.96,8.841,0.0,0.0
57,9.0,0.0,0.0,4.0,5.0,0.0,5239.425,353.454,-10.022,30.213,29.978,8.78,0.0,0.0
58,9.0,0.0,0.0,5.0,6.0,0.0,5205.343,368.429,-15.776,30.85,30.624,8.88,0.0,0.0
59,0.0,1.0,0.0,0.0,0.0,0.0,143.508,461.406,33.049,29.936,29.758,8.794,0.0,0.0
60,0.0,1.0,0.0,1.0,1.0,0.0,234.609,579.527,64.55,29.404,29.197,8.72,0.0,0.0
61,0.0,1.0,0.0,2.0,2.0,0.0,445.533,607.177,18.15,29.802,29.691,8.764,0.0,0.0
65,0.0,1.0,0.0,6.0,7.0,0.0,66.295,777.054,115.592,30.058,29.948,8.753,0.0,0.0
66,0.0,1.0,0.0,7.0,8.0,0.0,206.138,781.675,40.803,30.649,30.197,8.708,0.0,0.0
67,1.0,1.0,0.0,0.0,1.0,0.0,706.156,510.689,27.91,29.835,29.645,8.762,0.0,0.0
68,1.0,1.0,0.0,1.0,2.0,0.0,807.106,598.668,129.45,29.936,29.871,8.81,0.0,0.0
69,1.0,1.0,0.0,2.0,3.0,0.0,642.281,621.017,38.623,29.926,29.871,8.809,0.0,0.0
70,1.0,1.0,0.0,3.0,4.0,0.0,618.938,754.875,-22.468,30.15,30.142,8.794,0.0,0.0
71,2.0,1.0,0.0,0.0,1.0,0.0,1508.305,555.972,45.099,29.464,29.128,8.719,0.0,0.0
72,2.0,1.0,0.0,1.0,2.0,0.0,1659.982,696.642,76.003,30.538,30.475,8.814,0.0,0.0
73,2.0,1.0,0.0,2.0,3.0,0.0,1305.185,728.967,-22.065,29.655,29.628,8.733,0.0,0.0
74,2.0,1.0,0.0,3.0,4.0,0.0,1458.221,760.974,83.002,30.53,30.135,9.117,0.0,0.0
75,2.0,1.0,0.0,4.0,4.0,0.0,1456.611,731.071,86.654,30.098,29.841,9.202,0.0,0.0
77,3.0,1.0,0.0,0.0,2.0,0.0,2257.12,468.902,23.336,29.888,29.856,8.801,0.0,0.0
78,3.0,1.0,0.0,1.0,3.0,0.0,2156.079,617.92,0.991,29.917,29.668,9.947,0.0,0.0
79,3.0,1.0,0.0,2.0,3.0,0.0,2158.885,595.949,96.14,30.421,29.599,9.858,0.0,0.0
80,3.0,1.0,0.0,3.0,4.0,0.0,1992.987,687.793,1.059,29.794,29.651,8.757,0.0,0.0
81,3.0,1.0,0.0,4.0,5.0,0.0,1777.815,825.539,-1.703,30.876,29.958,8.788,0.0,0.0
82,4.0,1.0,0.0,0.0,0.0,0.0,2883.234,437.817,94.643,31.116,30.415,8.888,0.0,0.0
83,4.0,1.0,0.0,1.0,1.0,0.0,2634.42,537.863,76.438,15.494,14.003,7.876,0.0,0.0
84,4.0,1.0,0.0,2.0,1.0,0.0,2620.189,540.846,-38.759,14.45,13.323,5.909,0.0,0.0
85,4.0,1.0,0.0,3.0,1.0,0.0,2637.166,526.892,121.137,14.036,12.795,6.389,0.0,0.0
86,4.0,1.0,0.0,4.0,2.0,0.0,2815.189,558.227,95.223,29.886,29.731,8.782,0.0,0.0
88,4.0,1.0,0.0,6.0,4.0,0.0,2729.117,794.859,81.194,30.383,30.261,8.846,0.0,0.0
89,4.0,1.0,0.0,7.0,5.0,0.0,2668.565,815.441,123.268,30.439,30.321,8.863,0.0,0.0
90,4.0,1.0,0.0,8.0,6.0,0.0,2551.795,816.134,71.844,30.355,30.207,8.748,0.0,0.0
91,5.0,1.0,0.0,0.0,2.0,0.0,3287.772,707.431,-28.811,30.463,30.301,8.863,0.0,0.0
92,5.0,1.0,0.0,1.0,3.0,0.0,3023.737,720.61,-39.871,30.07,30.009,8.763,0.0,0.0
95,6.0,1.0,0.0,2.0,2.0,0.0,3859.445,486.469,-38.896,30.065,29.934,8.839,0.0,0.0
96,6.0,1.0,0.0,3.0,3.0,0.0,3702.93,577.403,102.933,29.737,29.563,8.736,0.0,0.0
97,6.0,1.0,0.0,4.0,4.0,0.0,3657.433,604.51,50.237,30.018,29.632,9.261,0.0,0.0
100,6.0,1.0,0.0,7.0,7.0,0.0,3909.824,730.348,122.087,30.347,30.236,8.837,0.0,0.0
101,6.0,1.0,0.0,8.0,8.0,0.0,3603.667,752.936,56.21,30.066,30.02,8.764,0.0,0.0
102,6.0,1.0,0.0,9.0,9.0,0.0,3955.589,813.764,41.164,31.153,30.985,8.809,0.0,0.0
104,7.0,1.0,0.0,1.0,2.0,0.0,4498.329,523.867,114.903,30.583,29.8,9.465,0.0,0.0
105,7.0,1.0,0.0,2.0,3.0,0.0,4152.148,539.987,61.251,29.462,29.337,8.662,0.0,0.0
107,7.0,1.0,0.0,4.0,5.0,0.0,4473.27,617.764,125.849,30.008,29.946,8.745,0.0,0.0
110,7.0,1.0,0.0,7.0,8.0,0.0,4190.326,761.427,-27.564,29.92,29.872,8.808,0.0,0.0
111,7.0,1.0,0.0,8.0,9.0,0.0,4077.303,783.187,-27.806,30.652,30.113,8.778,0.0,0.0
113,7.0,1.0,0.0,10.0,11.0,0.0,4156.564,792.629,12.305,30.068,30.005,8.762,0.0,0.0
114,8.0,1.0,0.0,0.0,0.0,0.0,4683.064,448.1,-15.997,29.932,29.783,8.797,0.0,0.0
116,8.0,1.0,0.0,2.0,2.0,0.0,5081.851,543.118,82.82,30.337,30.108,8.817,0.0,0.0
117,8.0,1.0,0.0,3.0,3.0,0.0,4876.819,588.731,69.852,30.029,29.826,8.817,0.0,0.0
119,9.0,1.0,0.0,0.0,0.0,0.0,5713.376,494.655,131.723,30.294,30.146,8.816,0.0,0.0
120,9.0,1.0,0.0,1.0,1.0,0.0,5533.036,534.34,78.845,29.941,29.701,8.786,0.0,0.0
121,9.0,1.0,0.0,2.0,2.0,0.0,5772.132,581.333,91.815,31.334,26.193,8.363,0.0,0.0
122,9.0,1.0,0.0,3.0,3.0,0.0,5475.45,617.758,48.382,29.797,29.625,8.754,0.0,0.0
125,0.0,2.0,0.0,0.0,0.0,0.0,442.881,838.391,56.558,29.797,29.664,8.759,0.0,0.0
126,0.0,2.0,0.0,1.0,1.0,0.0,447.42,916.88,64.024,29.624,29.598,8.724,0.0,0.0
127,0.0,2.0,0.0,2.0,2.0,0.0,554.61,918.047,94.201,30.615,30.408,8.901,0.0,0.0
128,0.0,2.0,0.0,3.0,3.0,0.0,29.44,929.918,53.726,30.074,29.935,8.753,0.0,0.0
129,0.0,2.0,0.0,4.0,4.0,0.0,284.082,965.388,64.29,29.558,29.34,8.676,0.0,0.0
130,0.0,2.0,0.0,5.0,5.0,0.0,122.573,971.585,116.351,29.737,29.719,8.759,0.0,0.0
131,0.0,2.0,0.0,6.0,6.0,0.0,316.829,980.979,72.625,29.548,29.523,8.702,0.0,0.0
132,0.0,2.0,0.0,7.0,7.0,0.0,414.376,1215.595,-8.095,30.645,30.595,8.846,0.0,0.0
133,0.0,2.0,0.0,8.0,8.0,0.0,367.336,1229.617,-37.495,30.295,30.231,8.829,0.0,0.0
134,1.0,2.0,0.0,0.0,0.0,0.0,908.698,875.942,87.79,29.6,29.391,8.69,0.0,0.0
135,1.0,2.0,0.0,1.0,1.0,0.0,847.293,921.216,72.266,29.872,29.722,8.779,0.0,0.0
136,1.0,2.0,0.0,2.0,2.0,0.0,634.971,952.595,-17.322,30.283,29.634,8.741,0.0,0.0
137,1.0,2.0,0.0,3.0,3.0,0.0,673.376,1001.644,90.804,30.292,30.219,8.826,0.0,0.0
138,1.0,2.0,0.0,4.0,4.0,0.0,784.56,1128.309,-8.885,29.699,29.564,8.73,0.0,0.0
139,2.0,2.0,0.0,0.0,1.0,0.0,1354.841,889.013,68.931,29.502,29.274,8.746,0.0,0.0
140,2.0,2.0,0.0,1.0,2.0,0.0,1521.36,965.067,58.755,29.959,29.796,8.803,0.0,0.0
141,2.0,2.0,0.0,2.0,3.0,0.0,1702.117,1162.155,25.968,30.28,30.237,8.827,0.0,0.0
142,2.0,2.0,0.0,3.0,4.0,0.0,1169.625,1206.969,122.381,30.761,30.6,8.864,0.0,0.0
143,3.0,2.0,0.0,0.0,1.0,0.0,1790.629,890.483,97.679,29.787,29.709,8.765,0.0,0.0
144,3.0,2.0,0.0,1.0,2.0,0.0,2002.213,966.55,96.722,29.43,29.244,8.643,0.0,0.0
145,3.0,2.0,0.0,2.0,3.0,0.0,2289.512,1065.088,-5.15,30.278,30.104,8.807,0.0,0.0
146,3.0,2.0,0.0,3.0,4.0,0.0,2106.451,1106.036,114.28,30.154,30.047,8.781,0.0,0.0
147,3.0,2.0,0.0,4.0,5.0,0.0,1977.003,1118.294,11.516,29.887,29.69,8.777,0.0,0.0
148,3.0,2.0,0.0,5.0,7.0,0.0,1974.748,1214.382,122.721,30.246,29.966,8.783,0.0,0.0
149,4.0,2.0,0.0,0.0,2.0,0.0,2824.178,1015.999,-25.272,30.215,29.996,8.783,0.0,0.0
150,4.0,2.0,0.0,1.0,3.0,0.0,2892.088,1019.49,92.035,31.852,26.424,8.395,0.0,0.0
151,4.0,2.0,0.0,2.0,4.0,0.0,2689.085,1020.629,-11.149,29.927,29.793,8.798,0.0,0.0
152,4.0,2.0,0.0,3.0,5.0,0.0,2539.115,1023.611,91.46,30.139,30.002,8.772,0.0,0.0
153,4.0,2.0,0.0,4.0,6.0,0.0,2777.622,1144.677,-23.701,30.433,30.254,8.852,0.0,0.0
154,4.0,2.0,0.0,5.0,7.0,0.0,2862.74,1160.501,-38.111,29.943,29.832,8.719,0.0,0.0
155,4.0,2.0,0.0,6.0,8.0,0.0,2519.457,1163.432,25.113,30.014,29.969,8.749,0.0,0.0
156,4.0,2.0,0.0,7.0,9.0,0.0,2408.151,1187.506,79.526,30.021,29.98,8.752,0.0,0.0
157,5.0,2.0,0.0,0.0,0.0,0.0,3038.374,867.953,68.882,29.583,29.492,8.703,0.0,0.0
158,5.0,2.0,0.0,1.0,1.0,0.0,3466.48,884.233,91.238,31.14,28.79,8.732,0.0,0.0
159,5.0,2.0,0.0,2.0,2.0,0.0,3267.261,929.485,120.744,29.954,29.824,8.806,0.0,0.0
160,5.0,2.0,0.0,3.0,3.0,0.0,3318.165,1013.794,89.92,30.41,30.267,8.85,0.0,0.0
163,5.0,2.0,0.0,6.0,7.0,0.0,3074.69,1083.045,129.156,29.772,29.638,8.752,0.0,0.0
165,5.0,2.0,0.0,8.0,9.0,0.0,3299.115,1180.2,125.962,29.915,29.806,8.798,0.0,0.0
166,5.0,2.0,0.0,9.0,10.0,0.0,3065.054,1223.787,103.11,30.457,30.186,9.022,0.0,0.0
168,5.0,2.0,0.0,11.0,11.0,0.0,3173.856,1220.269,121.553,30.43,30.399,8.873,0.0,0.0
171,6.0,2.0,0.0,2.0,3.0,0.0,3914.834,858.139,133.96,29.937,29.906,8.816,0.0,0.0
172,6.0,2.0,0.0,3.0,5.0,0.0,3884.079,893.973,57.434,29.985,29.809,8.722,0.0,0.0
174,6.0,2.0,0.0,5.0,7.0,0.0,3471.289,1039.855,18.417,29.672,29.63,8.736,0.0,0.0
175,6.0,2.0,0.0,6.0,9.0,0.0,3521.435,1120.872,16.393,30.518,30.267,8.866,0.0,0.0
176,6.0,2.0,0.0,7.0,11.0,0.0,3914.756,1188.178,115.55,30.402,30.307,8.855,0.0,0.0
177,7.0,2.0,0.0,0.0,0.0,0.0,4474.592,850.335,-5.437,30.311,30.147,8.819,0.0,0.0
179,7.0,2.0,0.0,2.0,3.0,0.0,4575.784,884.291,86.828,33.759,32.088,9.245,0.0,0.0
180,7.0,2.0,0.0,3.0,4.0,0.0,4553.61,960.571,86.452,30.244,30.185,8.814,0.0,0.0
181,7.0,2.0,0.0,4.0,5.0,0.0,4512.932,1093.372,113.099,30.328,30.162,8.823,0.0,0.0
182,7.0,2.0,0.0,5.0,6.0,0.0,4296.67,1115.39,27.298,30.005,29.879,8.822,0.0,0.0
184,8.0,2.0,0.0,0.0,0.0,0.0,5169.982,835.648,-33.614,30.276,30.049,8.799,0.0,0.0
185,8.0,2.0,0.0,1.0,1.0,0.0,4798.067,854.483,38.287,30.143,30.037,8.778,0.0,0.0
187,8.0,2.0,0.0,3.0,3.0,0.0,4711.288,886.423,124.044,29.929,29.823,8.802,0.0,0.0
188,8.0,2.0,0.0,4.0,4.0,0.0,4691.899,1035.745,7.744,29.922,29.764,8.793,0.0,0.0
190,8.0,2.0,0.0,6.0,6.0,0.0,4660.736,1200.054,127.07,30.255,30.066,8.799,0.0,0.0
191,9.0,2.0,0.0,0.0,0.0,0.0,5668.416,979.429,-18.094,30.452,30.293,8.861,0.0,0.0
192,9.0,2.0,0.0,1.0,1.0,0.0,5623.558,1006.373,-42.724,30.172,30.086,8.789,0.0,0.0
193,9.0,2.0,0.0,2.0,2.0,0.0,5504.068,1026.09,125.234,29.55,29.444,8.691,0.0,0.0
194,9.0,2.0,0.0,3.0,4.0,0.0,5346.929,1093.553,29.652,30.223,30.099,8.799,0.0,0.0
195,9.0,2.0,0.0,4.0,5.0,0.0,5639.941,1096.141,72.795,30.237,30.211,8.817,0.0,0.0
197,0.0,3.0,0.0,0.0,2.0,0.0,65.932,1285.589,43.126,29.841,29.611,8.758,0.0,0.0
198,0.0,3.0,0.0,1.0,3.0,0.0,344.955,1298.216,90.609,30.081,29.784,8.819,0.0,0.0
199,0.0,3.0,0.0,2.0,4.0,0.0,485.514,1386.579,10.592,30.24,30.119,8.804,0.0,0.0
200,0.0,3.0,0.0,3.0,5.0,0.0,536.97,1405.638,33.918,30.139,29.745,8.822,0.0,0.0
201,0.0,3.0,0.0,4.0,6.0,0.0,144.786,1413.105,61.791,29.71,29.566,8.732,0.0,0.0
202,0.0,3.0,0.0,5.0,7.0,0.0,262.071,1523.057,54.715,29.815,29.697,8.767,0.0,0.0
203,0.0,3.0,0.0,6.0,8.0,0.0,309.679,1557.785,-41.853,30.042,29.977,8.755,0.0,0.0
204,0.0,3.0,0.0,7.0,9.0,0.0,343.696,1641.195,46.645,29.972,29.83,8.81,0.0,0.0
205,1.0,3.0,0.0,0.0,0.0,0.0,652.711,1288.642,17.222,29.801,29.661,8.76,0.0,0.0
206,1.0,3.0,0.0,1.0,1.0,0.0,743.207,1322.759,-7.254,29.465,29.309,8.658,0.0,0.0
207,1.0,3.0,0.0,2.0,2.0,0.0,1109.979,1432.761,29.157,29.925,29.875,8.723,0.0,0.0
208,1.0,3.0,0.0,3.0,3.0,0.0,630.67,1580.873,60.461,30.04,29.942,8.836,0.0,0.0
209,1.0,3.0,0.0,4.0,4.0,0.0,949.087,1644.141,-4.462,31.35,26.394,8.419,0.0,0.0
210,2.0,3.0,0.0,0.0,0.0,0.0,1201.941,1244.715,52.321,30.246,30.031,8.792,0.0,0.0
211,2.0,3.0,0.0,1.0,1.0,0.0,1454.105,1345.154,68.738,29.791,29.705,8.764,0.0,0.0
212,2.0,3.0,0.0,2.0,2.0,0.0,1450.613,1392.688,96.485,29.928,29.775,8.795,0.0,0.0
213,2.0,3.0,0.0,3.0,3.0,0.0,1372.299,1424.643,49.518,29.898,29.838,8.8,0.0,0.0
214,2.0,3.0,0.0,4.0,4.0,0.0,1487.676,1472.532,81.953,29.78,29.606,8.748,0.0,0.0
215,2.0,3.0,0.0,5.0,5.0,0.0,1545.474,1538.375,49.53,29.744,29.513,8.729,0.0,0.0
216,2.0,3.0,0.0,6.0,6.0,0.0,1667.078,1548.127,-9.913,30.19,30.096,8.794,0.0,0.0
217,2.0,3.0,0.0,7.0,7.0,0.0,1468.307,1562.432,37.853,29.807,29.765,9.811,0.0,0.0
218,2.0,3.0,0.0,8.0,8.0,0.0,1398.029,1572.837,-19.435,30.331,29.904,8.787,0.0,0.0
220,2.0,3.0,0.0,10.0,9.0,0.0,1665.673,1637.877,-31.984,31.807,30.381,9.73,0.0,0.0
221,3.0,3.0,0.0,0.0,1.0,0.0,2262.195,1249.186,123.552,30.251,30.15,8.81,0.0,0.0
222,3.0,3.0,0.0,1.0,2.0,0.0,1966.811,1368.628,83.048,30.061,29.877,8.829,0.0,0.0
223,3.0,3.0,0.0,2.0,3.0,0.0,2071.418,1449.661,119.802,29.757,29.664,8.754,0.0,0.0
224,3.0,3.0,0.0,3.0,4.0,0.0,1958.666,1518.752,131.573,23.34,14.821,7.002,0.0,0.0
225,3.0,3.0,0.0,4.0,5.0,0.0,2225.83,1613.081,56.151,31.227,30.481,8.75,0.0,0.0
226,3.0,3.0,0.0,5.0,6.0,0.0,2128.073,1614.912,36.684,30.165,30.076,8.787,0.0,0.0
227,5.0,3.0,0.0,0.0,2.0,0.0,3193.975,1353.616,82.55,29.722,29.529,8.728,0.0,0.0
228,5.0,3.0,0.0,1.0,3.0,0.0,2913.58,1375.089,23.844,29.828,29.701,8.77,0.0,0.0
230,5.0,3.0,0.0,3.0,5.0,0.0,2922.936,1463.823,16.697,29.724,29.463,8.719,0.0,0.0
231,5.0,3.0,0.0,4.0,6.0,0.0,3340.532,1544.945,55.224,30.09,29.949,8.758,0.0,0.0
232,5.0,3.0,0.0,5.0,7.0,0.0,3320.71,1596.505,17.165,30.25,29.981,8.786,0.0,0.0
234,6.0,3.0,0.0,1.0,1.0,0.0,3907.882,1364.543,76.974,30.51,30.378,8.881,0.0,0.0
236,6.0,3.0,0.0,3.0,3.0,0.0,3580.504,1598.536,-27.668,30.099,30.031,8.771,0.0,0.0
238,7.0,3.0,0.0,0.0,0.0,0.0,4492.715,1376.836,78.154,30.282,30.208,8.823,0.0,0.0
239,7.0,3.0,0.0,1.0,1.0,0.0,4502.935,1447.302,-7.438,30.041,30.018,8.76,0.0,0.0
240,7.0,3.0,0.0,2.0,2.0,0.0,4243.164,1461.138,92.466,29.777,29.638,8.753,0.0,0.0
242,7.0,3.0,0.0,4.0,4.0,0.0,4538.163,1528.726,109.322,30.233,30.189,8.813,0.0,0.0
245,8.0,3.0,0.0,2.0,3.0,0.0,4699.515,1482.709,70.803,29.442,29.416,8.759,0.0,0.0
246,8.0,3.0,0.0,3.0,4.0,0.0,4985.133,1574.091,133.652,29.934,29.908,8.815,0.0,0.0
248,8.0,3.0,0.0,5.0,7.0,0.0,4848.59,1629.068,-5.948,30.378,30.296,8.85,0.0,0.0
249,9.0,3.0,0.0,0.0,0.0,0.0,5395.66,1301.0,18.935,29.968,29.91,8.821,0.0,0.0
250,9.0,3.0,0.0,1.0,1.0,0.0,5559.251,1398.565,96.096,29.887,29.816,8.795,0.0,0.0
251,9.0,3.0,0.0,2.0,2.0,0.0,5524.011,1440.747,122.403,29.651,29.393,8.698,0.0,0.0
252,9.0,3.0,0.0,3.0,4.0,0.0,5442.788,1576.419,113.155,30.054,30.019,8.762,0.0,0.0
253,0.0,4.0,0.0,0.0,1.0,0.0,225.407,1688.22,88.48,29.962,29.793,8.802,0.0,0.0
254,0.0,4.0,0.0,1.0,2.0,0.0,359.885,1804.198,118.269,30.08,29.778,8.731,0.0,0.0
255,0.0,4.0,0.0,2.0,3.0,0.0,549.628,1827.689,-30.137,30.219,30.044,8.79,0.0,0.0
256,0.0,4.0,0.0,3.0,4.0,0.0,91.246,1932.832,106.296,29.735,29.646,8.748,0.0,0.0
257,0.0,4.0,0.0,4.0,5.0,0.0,307.495,1961.229,65.293,30.018,29.999,8.841,0.0,0.0
258,0.0,4.0,0.0,5.0,6.0,0.0,242.698,2051.173,-3.871,30.476,27.699,8.479,0.0,0.0
259,1.0,4.0,0.0,0.0,1.0,0.0,685.47,1649.168,61.273,29.715,29.361,8.703,0.0,0.0
260,1.0,4.0,0.0,1.0,2.0,0.0,854.058,1713.996,55.358,29.835,29.727,8.774,0.0,0.0
261,1.0,4.0,0.0,2.0,3.0,0.0,1040.555,1731.293,-35.68,30.158,30.031,8.867,0.0,0.0
262,1.0,4.0,0.0,3.0,4.0,0.0,830.928,1841.276,100.561,29.704,29.552,8.729,0.0,0.0
263,1.0,4.0,0.0,4.0,5.0,0.0,950.212,1891.414,32.368,29.849,29.412,8.73,0.0,0.0
265,2.0,4.0,0.0,0.0,1.0,0.0,1412.028,1939.445,98.596,29.757,29.45,8.722,0.0,0.0
267,3.0,4.0,0.0,0.0,0.0,0.0,1997.049,1760.805,54.14,30.007,29.928,8.829,0.0,0.0
268,3.0,4.0,0.0,1.0,1.0,0.0,2045.614,1795.673,102.149,29.533,29.28,8.664,0.0,0.0
269,3.0,4.0,0.0,2.0,2.0,0.0,1858.84,1904.935,40.261,29.906,29.845,8.802,0.0,0.0
270,3.0,4.0,0.0,3.0,3.0,0.0,2249.976,1928.317,125.354,30.104,29.864,8.747,0.0,0.0
271,4.0,4.0,0.0,0.0,0.0,0.0,2477.558,1655.373,56.981,30.165,29.196,8.489,0.0,0.0
272,4.0,4.0,0.0,1.0,1.0,0.0,2482.252,1784.835,80.5,29.665,29.651,8.738,0.0,0.0
273,4.0,4.0,0.0,2.0,2.0,0.0,2592.671,1938.919,118.819,29.523,29.444,8.687,0.0,0.0
274,5.0,4.0,0.0,0.0,0.0,0.0,3196.38,1705.353,90.973,29.624,29.539,8.716,0.0,0.0
275,5.0,4.0,0.0,1.0,1.0,0.0,3377.546,1820.869,-38.949,30.11,29.976,8.764,0.0,0.0
276,5.0,4.0,0.0,2.0,2.0,0.0,3390.17,1877.167,99.051,30.074,29.975,8.759,0.0,0.0
277,5.0,4.0,0.0,3.0,3.0,0.0,2923.176,1939.768,98.923,30.436,30.195,8.844,0.0,0.0
279,6.0,4.0,0.0,0.0,3.0,0.0,3540.558,1766.565,55.098,30.335,30.182,8.827,0.0,0.0
280,6.0,4.0,0.0,1.0,4.0,0.0,3979.235,1823.268,127.438,30.634,30.538,8.837,0.0,0.0
281,6.0,4.0,0.0,2.0,5.0,0.0,3801.969,1837.191,81.084,29.73,29.606,8.741,0.0,0.0
282,6.0,4.0,0.0,3.0,6.0,0.0,3604.305,1838.078,-19.862,29.912,29.83,8.714,0.0,0.0
283,6.0,4.0,0.0,4.0,7.0,0.0,3540.657,1869.006,-29.894,29.851,29.695,8.772,0.0,0.0
284,7.0,4.0,0.0,0.0,0.0,0.0,4282.128,1720.279,110.252,29.821,29.629,8.758,0.0,0.0
285,7.0,4.0,0.0,1.0,1.0,0.0,4054.85,1732.504,41.139,29.885,29.85,8.8,0.0,0.0
286,7.0,4.0,0.0,2.0,2.0,0.0,4177.606,1748.134,75.281,30.014,29.929,8.743,0.0,0.0
287,7.0,4.0,0.0,3.0,4.0,0.0,4289.266,1780.725,44.669,29.587,29.508,8.706,0.0,0.0
288,7.0,4.0,0.0,4.0,5.0,0.0,4054.04,2010.585,-17.864,30.5,30.245,8.86,0.0,0.0
289,7.0,4.0,0.0,5.0,6.0,0.0,4230.621,2024.953,115.055,30.539,30.341,8.88,0.0,0.0
290,8.0,4.0,0.0,0.0,1.0,0.0,5132.917,1653.965,51.957,30.103,30.065,8.776,0.0,0.0
291,8.0,4.0,0.0,1.0,2.0,0.0,5168.599,1710.349,-10.585,30.403,30.17,8.836,0.0,0.0
293,8.0,4.0,0.0,3.0,4.0,0.0,4883.764,2041.092,117.982,30.071,29.912,8.836,0.0,0.0
295,9.0,4.0,0.0,1.0,1.0,0.0,5767.675,1874.2,93.197,30.54,30.459,8.811,0.0,0.0
296,9.0,4.0,0.0,2.0,2.0,0.0,5533.117,2001.561,54.842,30.219,30.099,8.798,0.0,0.0
297,0.0,5.0,0.0,0.0,1.0,0.0,557.62,2066.702,5.87,30.105,29.903,8.753,0.0,0.0
298,0.0,5.0,0.0,1.0,2.0,0.0,302.412,2077.214,102.425,29.99,29.797,8.807,0.0,0.0
299,0.0,5.0,0.0,2.0,3.0,0.0,299.919,2198.662,86.616,29.8,29.688,8.763,0.0,0.0
301,1.0,5.0,0.0,0.0,0.0,0.0,659.023,2273.486,90.801,29.357,29.22,8.717,0.0,0.0
302,1.0,5.0,0.0,1.0,1.0,0.0,623.75,2326.301,47.932,29.838,29.62,8.759,0.0,0.0
303,1.0,5.0,0.0,2.0,2.0,0.0,895.016,2341.349,127.833,29.922,29.632,8.773,0.0,0.0
305,1.0,5.0,0.0,4.0,4.0,0.0,925.732,2431.323,77.862,30.1,29.875,8.748,0.0,0.0
306,1.0,5.0,0.0,5.0,5.0,0.0,1010.219,2450.214,129.82,30.802,30.747,8.891,0.0,0.0
308,2.0,5.0,0.0,0.0,0.0,0.0,1688.48,2100.865,112.927,30.221,30.137,8.804,0.0,0.0
309,2.0,5.0,0.0,1.0,1.0,0.0,1560.053,2152.034,52.21,29.73,29.579,8.737,0.0,0.0
310,2.0,5.0,0.0,2.0,3.0,0.0,1366.649,2242.037,44.197,29.815,29.736,8.773,0.0,0.0
311,3.0,5.0,0.0,0.0,1.0,0.0,1873.189,2077.38,69.741,30.002,29.549,8.772,0.0,0.0
312,3.0,5.0,0.0,1.0,2.0,0.0,1959.79,2140.291,57.895,29.657,29.597,8.729,0.0,0.0
313,3.0,5.0,0.0,2.0,3.0,0.0,1883.637,2291.89,33.727,29.483,29.39,8.761,0.0,0.0
315,3.0,5.0,0.0,4.0,5.0,0.0,2028.832,2412.31,106.776,30.202,30.105,8.797,0.0,0.0
316,4.0,5.0,0.0,0.0,0.0,0.0,2823.238,2065.612,116.886,30.414,30.381,8.868,0.0,0.0
317,4.0,5.0,0.0,1.0,1.0,0.0,2342.372,2200.231,11.291,30.215,30.18,8.809,0.0,0.0
319,4.0,5.0,0.0,3.0,4.0,0.0,2621.337,2279.907,-7.994,29.764,29.747,8.767,0.0,0.0
321,5.0,5.0,0.0,0.0,0.0,0.0,3233.602,2095.546,81.777,29.836,29.569,8.751,0.0,0.0
322,5.0,5.0,0.0,1.0,1.0,0.0,3362.672,2119.338,89.723,30.138,30.032,8.777,0.0,0.0
323,5.0,5.0,0.0,2.0,2.0,0.0,3007.106,2222.667,45.181,30.62,29.668,8.881,0.0,0.0
324,5.0,5.0,0.0,3.0,3.0,0.0,2939.514,2312.622,122.684,29.38,29.255,8.725,0.0,0.0
325,5.0,5.0,0.0,4.0,4.0,0.0,3378.676,2350.428,22.682,29.915,29.788,8.795,0.0,0.0
326,5.0,5.0,0.0,5.0,5.0,0.0,3438.507,2395.271,-19.579,9.428,8.927,4.777,0.0,0.0
327,5.0,5.0,0.0,6.0,6.0,0.0,3263.308,2453.345,111.749,30.372,30.27,8.845,0.0,0.0
328,6.0,5.0,0.0,0.0,0.0,0.0,3594.99,2154.821,45.001,29.994,29.784,8.806,0.0,0.0
329,6.0,5.0,0.0,1.0,1.0,0.0,3951.534,2184.73,134.148,30.109,29.971,8.763,0.0,0.0
330,6.0,5.0,0.0,2.0,2.0,0.0,3753.901,2193.98,75.344,29.519,29.396,8.679,0.0,0.0
331,6.0,5.0,0.0,3.0,3.0,0.0,3531.663,2197.126,53.919,30.019,29.816,8.814,0.0,0.0
333,6.0,5.0,0.0,5.0,6.0,0.0,3548.046,2307.435,-24.232,30.211,29.84,9.643,0.0,0.0
334,6.0,5.0,0.0,6.0,6.0,0.0,3573.073,2301.218,-22.981,30.156,29.92,9.538,0.0,0.0
337,7.0,5.0,0.0,0.0,0.0,0.0,4411.978,2072.049,124.496,30.051,29.739,8.721,0.0,0.0
338,7.0,5.0,0.0,1.0,1.0,0.0,4455.971,2185.884,89.371,30.317,30.274,8.838,0.0,0.0
339,7.0,5.0,0.0,2.0,2.0,0.0,4055.856,2210.529,35.902,29.744,29.527,8.732,0.0,0.0
340,7.0,5.0,0.0,3.0,3.0,0.0,4616.213,2340.52,19.064,30.895,30.755,8.906,0.0,0.0
341,7.0,5.0,0.0,4.0,4.0,0.0,4069.463,2407.685,44.982,29.947,29.898,8.816,0.0,0.0
343,8.0,5.0,0.0,0.0,1.0,0.0,5185.524,2083.396,132.042,30.3,30.16,8.819,0.0,0.0
344,8.0,5.0,0.0,1.0,2.0,0.0,5031.206,2145.545,119.27,30.006,29.88,8.735,0.0,0.0
345,8.0,5.0,0.0,2.0,3.0,0.0,4981.428,2164.736,49.729,29.792,29.729,8.768,0.0,0.0
346,8.0,5.0,0.0,3.0,4.0,0.0,4875.548,2201.921,28.393,29.678,29.649,8.74,0.0,0.0
348,9.0,5.0,0.0,0.0,0.0,0.0,5550.688,2073.634,53.19,30.424,30.286,8.855,0.0,0.0
349,9.0,5.0,0.0,1.0,1.0,0.0,5651.759,2078.135,-8.041,30.078,29.957,8.844,0.0,0.0
351,9.0,5.0,0.0,3.0,4.0,0.0,5473.202,2292.666,75.441,29.674,29.406,8.703,0.0,0.0
354,9.0,5.0,0.0,6.0,7.0,0.0,5296.905,2438.233,-22.059,30.444,30.39,8.788,0.0,0.0
355,0.0,6.0,0.0,0.0,0.0,0.0,521.132,2470.119,115.039,29.935,29.718,8.788,0.0,0.0
356,0.0,6.0,0.0,1.0,1.0,0.0,59.577,2493.249,25.088,29.743,29.665,8.752,0.0,0.0
357,0.0,6.0,0.0,2.0,3.0,0.0,59.56,2729.628,5.291,29.868,29.778,8.787,0.0,0.0
358,0.0,6.0,0.0,3.0,4.0,0.0,275.129,2754.437,-7.436,30.029,29.962,8.838,0.0,0.0
359,1.0,6.0,0.0,0.0,1.0,0.0,716.921,2499.063,82.55,30.028,29.642,9.473,0.0,0.0
360,1.0,6.0,0.0,1.0,1.0,0.0,724.083,2474.221,80.826,29.514,29.187,9.43,0.0,0.0
361,1.0,6.0,0.0,2.0,2.0,0.0,1063.219,2614.657,-35.069,30.063,29.953,8.841,0.0,0.0
362,1.0,6.0,0.0,3.0,3.0,0.0,746.042,2616.863,59.162,29.758,29.711,8.761,0.0,0.0
363,1.0,6.0,0.0,4.0,4.0,0.0,950.944,2739.127,83.133,30.014,29.94,8.832,0.0,0.0
365,1.0,6.0,0.0,6.0,6.0,0.0,681.785,2858.605,-9.807,30.229,30.174,8.811,0.0,0.0
367,2.0,6.0,0.0,0.0,1.0,0.0,1458.178,2471.937,88.639,29.716,29.531,8.728,0.0,0.0
368,2.0,6.0,0.0,1.0,2.0,0.0,1618.286,2522.852,127.579,29.85,29.692,8.771,0.0,0.0
369,2.0,6.0,0.0,2.0,3.0,0.0,1529.94,2527.207,66.97,29.85,29.735,8.778,0.0,0.0
370,2.0,6.0,0.0,3.0,4.0,0.0,1697.852,2550.41,131.429,30.324,30.06,8.808,0.0,0.0
371,2.0,6.0,0.0,4.0,5.0,0.0,1449.324,2551.948,74.016,29.701,29.675,8.747,0.0,0.0
372,2.0,6.0,0.0,5.0,6.0,0.0,1589.426,2597.516,36.569,29.977,29.757,8.713,0.0,0.0
373,2.0,6.0,0.0,6.0,7.0,0.0,1620.846,2659.257,-4.733,29.953,29.595,8.686,0.0,0.0
375,2.0,6.0,0.0,8.0,8.0,0.0,1448.001,2701.226,73.05,29.87,29.642,9.137,0.0,0.0
376,3.0,6.0,0.0,0.0,0.0,0.0,2281.426,2693.242,110.673,30.382,30.25,8.844,0.0,0.0
377,3.0,6.0,0.0,1.0,1.0,0.0,1954.898,2699.425,90.489,29.766,29.726,8.764,0.0,0.0
378,3.0,6.0,0.0,2.0,2.0,0.0,1981.151,2741.318,125.209,29.6,29.552,8.714,0.0,0.0
379,3.0,6.0,0.0,3.0,3.0,0.0,2018.884,2769.827,82.616,29.921,29.803,8.798,0.0,0.0
380,3.0,6.0,0.0,4.0,5.0,0.0,1946.068,2817.0,-39.49,30.048,29.902,8.745,0.0,0.0
381,3.0,6.0,0.0,5.0,7.0,0.0,2032.599,2832.623,37.062,30.236,30.045,8.793,0.0,0.0
383,3.0,6.0,0.0,7.0,8.0,0.0,2202.759,2853.28,123.315,30.519,30.15,9.981,0.0,0.0
384,3.0,6.0,0.0,8.0,9.0,0.0,2131.842,2859.272,-3.222,30.508,30.207,8.77,0.0,0.0
385,4.0,6.0,0.0,0.0,1.0,0.0,2829.158,2522.806,85.592,30.186,30.137,8.799,0.0,0.0
386,4.0,6.0,0.0,1.0,2.0,0.0,2787.9,2590.042,92.2,30.052,29.891,8.83,0.0,0.0
387,4.0,6.0,0.0,2.0,3.0,0.0,2638.233,2765.925,99.743,29.495,29.36,8.758,0.0,0.0
388,4.0,6.0,0.0,3.0,4.0,0.0,2334.398,2771.512,8.755,29.975,29.754,8.712,0.0,0.0
389,5.0,6.0,0.0,0.0,1.0,0.0,3146.085,2564.467,86.891,29.93,29.73,8.788,0.0,0.0
390,5.0,6.0,0.0,1.0,2.0,0.0,3179.561,2598.305,-40.638,29.865,29.839,8.795,0.0,0.0
392,5.0,6.0,0.0,3.0,5.0,0.0,2918.177,2712.318,26.996,30.279,30.217,8.824,0.0,0.0
393,5.0,6.0,0.0,4.0,6.0,0.0,2950.813,2757.393,12.386,30.107,29.93,8.757,0.0,0.0
395,6.0,6.0,0.0,1.0,2.0,0.0,3861.177,2658.353,68.342,29.888,29.807,8.794,0.0,0.0
396,6.0,6.0,0.0,2.0,3.0,0.0,3722.876,2739.177,124.885,29.889,29.719,8.781,0.0,0.0
397,6.0,6.0,0.0,3.0,4.0,0.0,3647.567,2801.32,33.336,29.785,29.616,8.751,0.0,0.0
398,6.0,6.0,0.0,4.0,5.0,0.0,3737.693,2829.232,75.959,30.614,30.58,8.84,0.0,0.0
399,6.0,6.0,0.0,5.0,6.0,0.0,3847.062,2855.561,88.339,30.276,30.18,8.818,0.0,0.0
400,7.0,6.0,0.0,0.0,1.0,0.0,4509.625,2520.077,116.693,30.196,29.908,8.767,0.0,0.0
402,7.0,6.0,0.0,2.0,4.0,0.0,4102.492,2778.182,31.218,30.304,30.252,8.833,0.0,0.0
403,7.0,6.0,0.0,3.0,5.0,0.0,4599.937,2793.044,-18.115,30.392,30.307,8.768,0.0,0.0
405,7.0,6.0,0.0,5.0,7.0,0.0,4222.05,2827.021,117.863,30.165,30.043,8.782,0.0,0.0
406,8.0,6.0,0.0,0.0,0.0,0.0,5172.255,2598.622,-9.435,30.644,30.423,8.821,0.0,0.0
408,9.0,6.0,0.0,0.0,1.0,0.0,5770.514,2518.219,92.088,30.507,28.654,8.624,0.0,0.0
409,9.0,6.0,0.0,1.0,2.0,0.0,5300.538,2530.024,81.818,29.728,29.581,8.737,0.0,0.0
410,9.0,6.0,0.0,2.0,3.0,0.0,5379.814,2538.512,43.704,29.688,29.64,8.74,0.0,0.0
411,9.0,6.0,0.0,3.0,6.0,0.0,5666.819,2685.308,-16.845,29.695,29.55,8.728,0.0,0.0
412,0.0,7.0,0.0,0.0,0.0,0.0,122.319,2908.494,82.265,29.691,29.644,8.741,0.0,0.0
413,0.0,7.0,0.0,1.0,2.0,0.0,269.995,2948.545,60.24,29.314,29.184,8.705,0.0,0.0
414,0.0,7.0,0.0,2.0,3.0,0.0,67.901,2964.649,43.614,29.956,29.732,8.793,0.0,0.0
415,0.0,7.0,0.0,3.0,4.0,0.0,496.199,3147.17,-11.639,30.317,30.149,8.82,0.0,0.0
416,0.0,7.0,0.0,4.0,6.0,0.0,84.054,3243.925,126.565,29.912,29.715,8.784,0.0,0.0
418,1.0,7.0,0.0,1.0,3.0,0.0,687.436,3071.014,16.445,30.063,29.831,8.823,0.0,0.0
419,1.0,7.0,0.0,2.0,4.0,0.0,721.177,3091.971,9.653,29.572,29.521,8.705,0.0,0.0
420,1.0,7.0,0.0,3.0,5.0,0.0,850.229,3092.497,75.924,30.07,30.007,9.129,0.0,0.0
421,1.0,7.0,0.0,4.0,6.0,0.0,675.164,3191.039,2.258,30.207,30.059,8.878,0.0,0.0
422,1.0,7.0,0.0,5.0,7.0,0.0,611.675,3240.581,93.387,30.455,30.42,8.794,0.0,0.0
423,2.0,7.0,0.0,0.0,0.0,0.0,1235.531,2880.374,77.261,30.232,29.733,8.921,0.0,0.0
424,2.0,7.0,0.0,1.0,1.0,0.0,1309.251,2948.485,100.977,30.182,30.108,8.794,0.0,0.0
425,2.0,7.0,0.0,2.0,2.0,0.0,1374.873,2976.109,100.529,29.517,29.319,8.667,0.0,0.0
426,2.0,7.0,0.0,3.0,3.0,0.0,1610.265,3030.82,78.768,30.066,30.038,8.767,0.0,0.0
427,2.0,7.0,0.0,4.0,4.0,0.0,1286.927,3035.488,-41.755,29.971,29.829,8.809,0.0,0.0
428,2.0,7.0,0.0,5.0,5.0,0.0,1614.69,3145.33,-2.937,30.337,30.265,8.84,0.0,0.0
429,2.0,7.0,0.0,6.0,6.0,0.0,1456.674,3211.364,95.793,30.183,30.026,8.869,0.0,0.0
430,2.0,7.0,0.0,7.0,7.0,0.0,1377.002,3218.312,106.729,29.886,29.842,8.712,0.0,0.0
432,3.0,7.0,0.0,0.0,2.0,0.0,2310.118,3207.055,5.31,31.388,30.978,8.842,0.0,0.0
433,3.0,7.0,0.0,1.0,3.0,0.0,2218.875,3250.196,7.47,30.411,30.117,8.829,0.0,0.0
434,4.0,7.0,0.0,0.0,0.0,0.0,2384.029,2885.217,29.78,30.264,30.148,8.812,0.0,0.0
435,4.0,7.0,0.0,1.0,1.0,0.0,2358.124,2939.817,14.418,29.955,29.739,8.794,0.0,0.0
436,4.0,7.0,0.0,2.0,2.0,0.0,2575.246,2940.941,47.556,29.818,29.751,8.775,0.0,0.0
438,4.0,7.0,0.0,4.0,4.0,0.0,2493.386,3109.43,-22.968,29.854,29.775,8.784,0.0,0.0
439,4.0,7.0,0.0,5.0,5.0,0.0,2764.99,3186.716,132.445,30.273,30.063,8.801,0.0,0.0
440,4.0,7.0,0.0,6.0,7.0,0.0,2369.334,3228.803,42.046,30.489,30.33,8.785,0.0,0.0
441,5.0,7.0,0.0,0.0,0.0,0.0,3430.414,2967.099,-20.132,30.035,29.983,8.754,0.0,0.0
442,5.0,7.0,0.0,1.0,1.0,0.0,3423.736,3038.451,-22.657,30.088,29.991,8.763,0.0,0.0
443,5.0,7.0,0.0,2.0,2.0,0.0,3301.583,3079.808,-11.621,30.479,30.404,8.881,0.0,0.0
445,5.0,7.0,0.0,4.0,4.0,0.0,3304.647,3267.067,2.395,30.423,30.245,8.849,0.0,0.0
446,5.0,7.0,0.0,5.0,5.0,0.0,3012.585,3276.522,-3.015,31.12,25.425,8.309,0.0,0.0
448,6.0,7.0,0.0,1.0,2.0,0.0,3885.807,3030.905,107.494,29.834,29.758,8.779,0.0,0.0
449,6.0,7.0,0.0,2.0,3.0,0.0,3662.237,3040.565,39.434,30.035,29.698,8.8,0.0,0.0
450,6.0,7.0,0.0,3.0,4.0,0.0,3664.623,3125.548,54.449,29.706,29.667,8.746,0.0,0.0
451,6.0,7.0,0.0,4.0,5.0,0.0,3702.762,3204.173,55.607,30.097,29.98,8.763,0.0,0.0
452,6.0,7.0,0.0,5.0,6.0,0.0,3663.372,3268.955,56.126,30.248,30.063,8.797,0.0,0.0
453,7.0,7.0,0.0,0.0,0.0,0.0,4590.089,3010.697,1.15,30.538,30.481,8.814,0.0,0.0
454,7.0,7.0,0.0,1.0,1.0,0.0,4258.256,3030.918,42.792,29.609,29.493,8.707,0.0,0.0
458,7.0,7.0,0.0,5.0,5.0,0.0,4163.0,3251.89,87.704,30.252,30.189,8.816,0.0,0.0
459,8.0,7.0,0.0,0.0,0.0,0.0,4862.645,2929.64,85.882,30.244,30.173,8.812,0.0,0.0
461,8.0,7.0,0.0,2.0,2.0,0.0,4949.477,3005.371,-39.771,32.384,30.758,9.037,0.0,0.0
462,8.0,7.0,0.0,3.0,3.0,0.0,4874.2,3048.096,90.552,29.759,29.659,8.753,0.0,0.0
463,8.0,7.0,0.0,4.0,4.0,0.0,5000.095,3087.548,50.964,30.389,30.194,8.837,0.0,0.0
464,8.0,7.0,0.0,5.0,5.0,0.0,5133.195,3165.611,-28.919,30.652,30.572,8.844,0.0,0.0
465,9.0,7.0,0.0,0.0,0.0,0.0,5439.741,2937.913,64.568,29.756,29.365,8.709,0.0,0.0
466,9.0,7.0,0.0,1.0,1.0,0.0,5681.07,2971.221,131.319,29.942,29.832,8.805,0.0,0.0
467,9.0,7.0,0.0,2.0,2.0,0.0,5341.195,2989.228,3.371,29.826,29.8,8.784,0.0,0.0
469,9.0,7.0,0.0,4.0,4.0,0.0,5608.718,3051.728,116.845,30.28,30.203,8.822,0.0,0.0
470,9.0,7.0,0.0,5.0,5.0,0.0,5416.02,3147.27,130.523,29.71,29.674,8.748,0.0,0.0
471,9.0,7.0,0.0,6.0,6.0,0.0,5704.178,3150.681,30.853,30.364,30.281,8.846,0.0,0.0
472,9.0,7.0,0.0,7.0,7.0,0.0,5332.71,3168.153,97.844,30.032,30.004,8.757,0.0,0.0
474,9.0,7.0,0.0,9.0,10.0,0.0,5279.537,3269.02,118.461,30.198,30.062,8.789,0.0,0.0
476,0.0,8.0,0.0,1.0,1.0,0.0,402.52,3325.615,123.408,29.795,29.78,8.776,0.0,0.0
477,0.0,8.0,0.0,2.0,2.0,0.0,220.136,3385.131,80.099,29.726,29.502,8.725,0.0,0.0
479,0.0,8.0,0.0,4.0,5.0,0.0,510.494,3682.286,1.955,30.994,29.27,8.621,0.0,0.0
481,1.0,8.0,0.0,1.0,1.0,0.0,830.811,3412.328,124.355,30.781,29.298,8.682,0.0,0.0
482,1.0,8.0,0.0,2.0,2.0,0.0,868.461,3463.153,63.213,30.125,29.981,8.854,0.0,0.0
483,1.0,8.0,0.0,3.0,3.0,0.0,1025.924,3485.847,130.802,30.031,29.855,8.822,0.0,0.0
484,1.0,8.0,0.0,4.0,7.0,0.0,767.206,3656.823,19.864,29.881,29.709,8.779,0.0,0.0
485,2.0,8.0,0.0,0.0,1.0,0.0,1716.381,3283.607,124.336,30.552,30.374,8.887,0.0,0.0
486,2.0,8.0,0.0,1.0,2.0,0.0,1451.492,3399.213,100.975,30.029,29.979,8.84,0.0,0.0
487,2.0,8.0,0.0,2.0,3.0,0.0,1172.388,3497.698,24.604,29.747,29.687,8.755,0.0,0.0
488,2.0,8.0,0.0,3.0,4.0,0.0,1372.657,3542.228,84.99,29.791,29.705,8.765,0.0,0.0
489,3.0,8.0,0.0,0.0,1.0,0.0,1953.487,3382.92,-2.562,29.382,29.301,8.733,0.0,0.0
490,3.0,8.0,0.0,1.0,2.0,0.0,2164.163,3499.363,-16.415,30.204,30.02,8.784,0.0,0.0
491,3.0,8.0,0.0,2.0,3.0,0.0,2265.672,3550.231,-20.619,30.391,30.279,8.85,0.0,0.0
492,3.0,8.0,0.0,3.0,4.0,0.0,2161.771,3622.671,129.472,30.147,30.018,8.776,0.0,0.0
493,4.0,8.0,0.0,0.0,0.0,0.0,2779.576,3301.316,-14.525,30.298,30.271,8.835,0.0,0.0
494,4.0,8.0,0.0,1.0,1.0,0.0,2505.146,3307.838,62.24,29.903,29.778,8.792,0.0,0.0
495,4.0,8.0,0.0,2.0,2.0,0.0,2694.262,3479.42,133.116,30.154,29.948,8.767,0.0,0.0
496,4.0,8.0,0.0,3.0,3.0,0.0,2527.287,3492.929,116.587,29.483,29.47,8.773,0.0,0.0
497,4.0,8.0,0.0,4.0,4.0,0.0,2784.15,3516.186,14.454,30.26,30.259,8.827,0.0,0.0
503,5.0,8.0,0.0,2.0,4.0,0.0,3240.095,3509.024,99.494,30.286,30.098,8.808,0.0,0.0
504,5.0,8.0,0.0,3.0,5.0,0.0,3095.965,3516.846,48.459,30.181,29.891,8.762,0.0,0.0
505,5.0,8.0,0.0,4.0,6.0,0.0,3336.543,3553.937,2.947,29.933,29.848,8.807,0.0,0.0
507,6.0,8.0,0.0,0.0,1.0,0.0,3720.143,3289.154,26.544,30.164,30.015,8.778,0.0,0.0
508,6.0,8.0,0.0,1.0,2.0,0.0,3938.967,3296.285,-12.091,30.433,30.284,8.857,0.0,0.0
509,6.0,8.0,0.0,2.0,3.0,0.0,3827.938,3302.652,131.423,30.327,30.121,8.817,0.0,0.0
511,6.0,8.0,0.0,4.0,5.0,0.0,3745.543,3384.33,23.084,30.105,30.062,8.863,0.0,0.0
512,6.0,8.0,0.0,5.0,6.0,0.0,3563.673,3425.287,38.729,30.264,29.975,8.786,0.0,0.0
513,6.0,8.0,0.0,6.0,7.0,0.0,4019.529,3439.489,113.65,30.557,30.293,8.875,0.0,0.0
514,6.0,8.0,0.0,7.0,8.0,0.0,3817.58,3549.972,97.036,29.986,29.871,8.731,0.0,0.0
515,6.0,8.0,0.0,8.0,9.0,0.0,3548.086,3577.003,8.237,30.976,30.758,8.918,0.0,0.0
517,6.0,8.0,0.0,10.0,11.0,0.0,3649.673,3614.537,54.327,30.249,30.096,8.802,0.0,0.0
518,7.0,8.0,0.0,0.0,0.0,0.0,4443.286,3284.113,-24.305,29.66,29.627,8.734,0.0,0.0
519,7.0,8.0,0.0,1.0,1.0,0.0,4592.004,3441.166,-20.666,30.566,30.364,8.888,0.0,0.0
521,7.0,8.0,0.0,3.0,3.0,0.0,4120.84,3663.061,42.979,30.663,30.61,8.851,0.0,0.0
523,8.0,8.0,0.0,1.0,1.0,0.0,4997.002,3338.875,93.558,29.932,29.728,8.789,0.0,0.0
524,8.0,8.0,0.0,2.0,3.0,0.0,5053.32,3394.676,-41.111,29.817,29.64,8.759,0.0,0.0
525,8.0,8.0,0.0,3.0,4.0,0.0,5187.451,3432.828,-23.23,30.52,30.222,8.86,0.0,0.0
526,8.0,8.0,0.0,4.0,5.0,0.0,4711.329,3499.402,-6.8,29.782,29.653,8.756,0.0,0.0
527,8.0,8.0,0.0,5.0,6.0,0.0,5124.898,3548.353,25.298,30.591,30.185,8.865,0.0,0.0
528,8.0,8.0,0.0,6.0,7.0,0.0,4901.613,3550.257,82.935,29.806,29.581,9.322,0.0,0.0
529,9.0,8.0,0.0,0.0,4.0,0.0,5618.505,3339.179,117.637,29.86,29.669,8.769,0.0,0.0
530,9.0,8.0,0.0,1.0,5.0,0.0,5420.439,3367.829,73.909,29.846,29.598,8.756,0.0,0.0
531,9.0,8.0,0.0,2.0,6.0,0.0,5503.173,3411.602,78.421,29.565,29.43,8.691,0.0,0.0
532,9.0,8.0,0.0,3.0,9.0,0.0,5572.554,3434.002,37.11,12.705,12.469,5.721,0.0,0.0
533,9.0,8.0,0.0,4.0,10.0,0.0,5593.925,3441.641,42.979,13.094,13.03,5.802,0.0,0.0
534,9.0,8.0,0.0,5.0,11.0,0.0,5710.394,3456.242,6.153,30.215,30.091,8.796,0.0,0.0
535,9.0,8.0,0.0,6.0,12.0,0.0,5415.763,3503.242,94.201,30.251,29.962,8.783,0.0,0.0
536,9.0,8.0,0.0,7.0,13.0,0.0,5323.01,3553.579,-1.764,29.636,29.564,8.721,0.0,0.0
538,0.0,9.0,0.0,1.0,2.0,0.0,303.43,3772.78,91.532,29.294,29.119,8.692,0.0,0.0
539,0.0,9.0,0.0,2.0,3.0,0.0,272.217,3783.138,-6.657,29.591,29.471,8.701,0.0,0.0
540,0.0,9.0,0.0,3.0,4.0,0.0,290.042,3859.704,84.318,27.696,27.412,8.373,0.0,0.0
541,0.0,9.0,0.0,4.0,5.0,0.0,464.266,3889.729,13.952,30.086,29.981,8.761,0.0,0.0
543,1.0,9.0,0.0,1.0,1.0,0.0,607.936,3975.318,11.755,30.123,29.868,9.416,0.0,0.0
546,2.0,9.0,0.0,0.0,1.0,0.0,1543.471,3869.995,9.321,30.456,30.274,8.858,0.0,0.0
547,2.0,9.0,0.0,1.0,2.0,0.0,1304.406,3900.685,7.315,29.884,29.821,8.795,0.0,0.0
549,2.0,9.0,0.0,3.0,4.0,0.0,1591.161,3983.585,115.659,29.803,29.688,8.764,0.0,0.0
550,2.0,9.0,0.0,4.0,5.0,0.0,1372.933,4048.109,92.333,30.102,29.962,8.761,0.0,0.0
551,2.0,9.0,0.0,5.0,6.0,0.0,1644.731,4090.767,-4.082,31.151,28.718,8.562,0.0,0.0
552,3.0,9.0,0.0,0.0,0.0,0.0,1842.615,3692.954,46.973,29.858,29.711,8.775,0.0,0.0
554,3.0,9.0,0.0,2.0,2.0,0.0,1831.959,3931.585,33.144,29.821,29.688,8.766,0.0,0.0
555,3.0,9.0,0.0,3.0,3.0,0.0,2101.409,3949.414,100.16,30.245,30.192,8.816,0.0,0.0
556,3.0,9.0,0.0,4.0,4.0,0.0,2179.374,3969.031,91.093,30.281,30.09,8.806,0.0,0.0
557,3.0,9.0,0.0,5.0,5.0,0.0,1896.109,4016.864,132.072,30.439,30.312,8.861,0.0,0.0
559,4.0,9.0,0.0,1.0,1.0,0.0,2821.254,3711.184,126.39,30.076,30.001,8.763,0.0,0.0
560,4.0,9.0,0.0,2.0,2.0,0.0,2672.691,3795.195,70.828,29.965,29.738,8.795,0.0,0.0
561,4.0,9.0,0.0,3.0,3.0,0.0,2346.792,3815.327,28.776,29.855,29.588,8.757,0.0,0.0
562,4.0,9.0,0.0,4.0,4.0,0.0,2353.977,3895.725,4.356,30.177,30.083,8.79,0.0,0.0
563,4.0,9.0,0.0,5.0,5.0,0.0,2449.857,4032.398,67.239,30.015,29.878,8.823,0.0,0.0
564,5.0,9.0,0.0,0.0,1.0,0.0,3288.022,3931.011,83.273,30.146,29.995,8.772,0.0,0.0
565,5.0,9.0,0.0,1.0,2.0,0.0,3101.836,3998.142,103.847,30.121,29.945,8.848,0.0,0.0
567,6.0,9.0,0.0,0.0,0.0,0.0,3761.852,3833.183,69.775,29.983,29.924,8.825,0.0,0.0
568,6.0,9.0,0.0,1.0,1.0,0.0,3890.218,3955.514,29.172,30.51,30.452,8.892,0.0,0.0
569,6.0,9.0,0.0,2.0,2.0,0.0,3688.635,3999.464,-13.516,29.932,29.821,8.803,0.0,0.0
570,6.0,9.0,0.0,3.0,3.0,0.0,3751.241,4076.315,126.233,30.383,30.24,8.843,0.0,0.0
571,7.0,9.0,0.0,0.0,1.0,0.0,4279.496,3735.319,80.414,29.785,29.625,8.752,0.0,0.0
572,7.0,9.0,0.0,1.0,2.0,0.0,4364.925,3891.238,79.606,29.549,29.403,8.772,0.0,0.0
573,7.0,9.0,0.0,2.0,3.0,0.0,4217.058,3915.019,94.067,29.512,29.348,8.671,0.0,0.0
574,7.0,9.0,0.0,3.0,4.0,0.0,4418.72,3943.971,77.064,29.85,29.67,8.768,0.0,0.0
575,7.0,9.0,0.0,4.0,5.0,0.0,4296.83,4009.983,8.332,29.974,29.886,8.818,0.0,0.0
576,8.0,9.0,0.0,0.0,0.0,0.0,5183.521,3799.247,46.043,30.759,30.638,8.869,0.0,0.0
578,8.0,9.0,0.0,2.0,2.0,0.0,5068.378,3943.461,-24.526,29.903,29.805,8.796,0.0,0.0
579,8.0,9.0,0.0,3.0,3.0,0.0,5101.537,3959.11,130.048,30.266,30.233,8.825,0.0,0.0
580,8.0,9.0,0.0,4.0,4.0,0.0,4630.799,4028.869,108.34,30.407,30.178,8.837,0.0,0.0
581,8.0,9.0,0.0,5.0,5.0,0.0,4654.707,4061.868,36.943,30.3,30.24,8.83,0.0,0.0
582,9.0,9.0,0.0,0.0,0.0,0.0,5485.231,3707.071,106.901,29.353,29.19,8.712,0.0,0.0
583,9.0,9.0,0.0,1.0,2.0,0.0,5404.559,3825.382,30.734,29.787,29.663,8.758,0.0,0.0
585,0.0,10.0,0.0,0.0,2.0,0.0,348.585,4308.495,118.869,30.272,30.164,8.815,0.0,0.0
586,0.0,10.0,0.0,1.0,3.0,0.0,286.418,4311.155,88.303,29.693,29.586,8.733,0.0,0.0
587,0.0,10.0,0.0,2.0,4.0,0.0,467.183,4348.188,2.441,30.177,30.096,8.879,0.0,0.0
588,0.0,10.0,0.0,3.0,5.0,0.0,401.298,4362.437,8.131,30.567,30.305,8.879,0.0,0.0
589,0.0,10.0,0.0,4.0,6.0,0.0,428.687,4401.734,21.13,30.213,30.031,8.788,0.0,0.0
590,0.0,10.0,0.0,5.0,7.0,0.0,38.246,4443.691,-23.821,30.208,30.143,8.803,0.0,0.0
591,1.0,10.0,0.0,0.0,0.0,0.0,595.02,4105.191,47.461,29.829,29.657,8.763,0.0,0.0
592,2.0,10.0,0.0,0.0,1.0,0.0,1727.24,4107.493,129.622,30.449,30.107,8.833,0.0,0.0
593,2.0,10.0,0.0,1.0,2.0,0.0,1170.705,4160.717,55.015,29.936,29.774,8.796,0.0,0.0
594,2.0,10.0,0.0,2.0,3.0,0.0,1339.687,4160.918,62.594,29.623,29.363,8.689,0.0,0.0
595,2.0,10.0,0.0,3.0,4.0,0.0,1234.354,4292.884,54.362,29.9,29.811,8.796,0.0,0.0
597,2.0,10.0,0.0,5.0,6.0,0.0,1313.097,4445.121,130.297,30.555,30.54,8.825,0.0,0.0
598,3.0,10.0,0.0,0.0,0.0,0.0,2091.312,4104.964,78.937,29.951,29.799,8.802,0.0,0.0
599,3.0,10.0,0.0,1.0,2.0,0.0,2298.216,4204.29,-4.091,30.3,30.24,8.83,0.0,0.0
603,3.0,10.0,0.0,5.0,5.0,0.0,2135.37,4314.888,95.874,30.229,29.976,8.781,0.0,0.0
605,3.0,10.0,0.0,7.0,7.0,0.0,1980.463,4474.068,89.353,29.939,29.893,8.814,0.0,0.0
606,3.0,10.0,0.0,8.0,8.0,0.0,2060.592,4475.153,65.196,30.596,30.514,8.828,0.0,0.0
607,4.0,10.0,0.0,0.0,0.0,0.0,2744.073,4096.57,68.888,30.397,30.222,8.842,0.0,0.0
608,4.0,10.0,0.0,1.0,1.0,0.0,2621.582,4145.439,100.72,29.499,29.339,8.755,0.0,0.0
610,4.0,10.0,0.0,3.0,4.0,0.0,2563.831,4269.358,65.366,30.192,30.105,8.795,0.0,0.0
611,4.0,10.0,0.0,4.0,5.0,0.0,2440.854,4396.321,93.407,30.052,29.931,8.836,0.0,0.0
612,4.0,10.0,0.0,5.0,6.0,0.0,2513.698,4417.751,97.783,30.22,29.996,8.783,0.0,0.0
614,5.0,10.0,0.0,1.0,2.0,0.0,3317.155,4172.068,112.995,30.059,29.932,8.837,0.0,0.0
616,5.0,10.0,0.0,3.0,4.0,0.0,3397.083,4255.229,11.92,30.14,30.013,8.774,0.0,0.0
619,5.0,10.0,0.0,6.0,7.0,0.0,3222.047,4290.516,54.417,29.81,29.641,8.758,0.0,0.0
620,5.0,10.0,0.0,7.0,10.0,0.0,3320.923,4407.072,86.672,30.496,30.358,8.791,0.0,0.0
621,6.0,10.0,0.0,0.0,1.0,0.0,3604.022,4261.756,7.3,29.775,29.612,8.749,0.0,0.0
622,6.0,10.0,0.0,1.0,2.0,0.0,3651.124,4269.811,-31.795,30.079,29.882,8.833,0.0,0.0
623,6.0,10.0,0.0,2.0,3.0,0.0,3614.201,4397.365,54.672,29.804,29.667,8.849,0.0,0.0
625,6.0,10.0,0.0,4.0,5.0,0.0,3756.673,4478.17,-31.87,30.146,30.045,8.78,0.0,0.0
627,7.0,10.0,0.0,1.0,1.0,0.0,4388.335,4180.524,125.357,29.896,29.63,8.769,0.0,0.0
628,7.0,10.0,0.0,2.0,2.0,0.0,4356.196,4196.283,25.846,29.905,29.837,8.801,0.0,0.0
629,7.0,10.0,0.0,3.0,3.0,0.0,4533.409,4306.027,121.729,30.295,30.111,8.811,0.0,0.0
630,7.0,10.0,0.0,4.0,5.0,0.0,4605.857,4358.082,-7.508,30.238,30.05,8.794,0.0,0.0
631,7.0,10.0,0.0,5.0,6.0,0.0,4232.946,4373.476,81.426,30.169,29.922,8.765,0.0,0.0
632,7.0,10.0,0.0,6.0,7.0,0.0,4144.812,4381.588,-38.68,29.939,29.841,8.72,0.0,0.0
634,8.0,10.0,0.0,1.0,1.0,0.0,4919.929,4157.907,70.877,29.968,29.928,8.823,0.0,0.0
635,8.0,10.0,0.0,2.0,2.0,0.0,4928.081,4242.989,28.577,29.617,29.559,8.718,0.0,0.0
637,8.0,10.0,0.0,4.0,3.0,0.0,4656.858,4294.344,105.968,29.947,29.832,8.806,0.0,0.0
638,8.0,10.0,0.0,5.0,4.0,0.0,5157.881,4297.816,34.45,30.338,30.161,8.824,0.0,0.0
639,8.0,10.0,0.0,6.0,5.0,0.0,4940.057,4356.154,31.102,30.368,30.288,8.847,0.0,0.0
640,8.0,10.0,0.0,7.0,7.0,0.0,5136.685,4397.048,11.431,30.003,29.937,8.743,0.0,0.0
641,9.0,10.0,0.0,0.0,0.0,0.0,5770.529,4143.925,92.0,31.268,28.88,8.68,0.0,0.0
642,9.0,10.0,0.0,1.0,1.0,0.0,5646.884,4161.756,100.089,29.911,29.778,8.793,0.0,0.0
643,9.0,10.0,0.0,2.0,2.0,0.0,5541.061,4226.604,56.274,30.153,29.913,8.676,0.0,0.0
644,9.0,10.0,0.0,3.0,3.0,0.0,5399.508,4229.32,-1.06,29.911,29.746,8.788,0.0,0.0
647,0.0,11.0,0.0,0.0,0.0,0.0,65.018,4750.044,39.365,30.021,29.773,8.809,0.0,0.0
648,0.0,11.0,0.0,1.0,1.0,0.0,397.22,4799.37,-40.907,30.08,29.882,8.833,0.0,0.0
649,0.0,11.0,0.0,2.0,2.0,0.0,26.051,4880.485,-17.993,30.598,30.39,8.896,0.0,0.0
650,1.0,11.0,0.0,0.0,0.0,0.0,1136.752,4535.025,-38.246,30.486,30.31,8.868,0.0,0.0
651,1.0,11.0,0.0,1.0,1.0,0.0,745.401,4590.257,42.798,29.702,29.587,8.734,0.0,0.0
652,1.0,11.0,0.0,2.0,2.0,0.0,1049.28,4665.365,85.872,29.894,29.765,8.788,0.0,0.0
653,1.0,11.0,0.0,3.0,3.0,0.0,885.664,4765.135,-13.436,30.007,29.936,8.743,0.0,0.0
654,2.0,11.0,0.0,0.0,0.0,0.0,1687.741,4627.767,124.076,30.065,29.89,8.832,0.0,0.0
655,2.0,11.0,0.0,1.0,1.0,0.0,1312.615,4746.644,9.608,29.848,29.718,8.775,0.0,0.0
656,2.0,11.0,0.0,2.0,2.0,0.0,1638.785,4775.175,80.896,30.094,30.065,8.775,0.0,0.0
657,2.0,11.0,0.0,3.0,3.0,0.0,1520.511,4862.103,69.217,30.057,29.904,8.833,0.0,0.0
658,2.0,11.0,0.0,4.0,4.0,0.0,1191.169,4882.067,1.316,30.479,30.379,8.877,0.0,0.0
659,2.0,11.0,0.0,5.0,5.0,0.0,1287.722,4903.055,-6.844,30.361,30.259,8.842,0.0,0.0
660,3.0,11.0,0.0,0.0,0.0,0.0,2270.247,4798.799,112.372,30.392,30.332,8.772,0.0,0.0
661,3.0,11.0,0.0,1.0,1.0,0.0,2117.864,4848.278,124.123,30.037,29.96,8.838,0.0,0.0
662,4.0,11.0,0.0,0.0,0.0,0.0,2612.115,4529.527,130.68,29.802,29.667,8.761,0.0,0.0
663,4.0,11.0,0.0,1.0,1.0,0.0,2614.523,4622.691,-28.892,30.012,29.887,8.824,0.0,0.0
664,4.0,11.0,0.0,2.0,2.0,0.0,2474.404,4622.74,10.958,29.292,29.222,8.707,0.0,0.0
666,4.0,11.0,0.0,4.0,5.0,0.0,2649.533,4737.064,126.289,30.094,29.999,8.852,0.0,0.0
667,4.0,11.0,0.0,5.0,6.0,0.0,2414.521,4777.866,25.654,29.973,29.523,9.233,0.0,0.0
668,4.0,11.0,0.0,6.0,6.0,0.0,2395.064,4758.646,22.214,29.659,29.51,9.29,0.0,0.0
669,4.0,11.0,0.0,7.0,7.0,0.0,2603.034,4773.607,-37.346,29.957,29.88,8.815,0.0,0.0
672,4.0,11.0,0.0,10.0,10.0,0.0,2401.949,4896.685,56.575,30.733,30.569,8.856,0.0,0.0
673,5.0,11.0,0.0,0.0,0.0,0.0,3273.003,4522.092,105.48,30.146,29.974,8.769,0.0,0.0
674,5.0,11.0,0.0,1.0,2.0,0.0,2917.124,4585.164,62.485,30.236,29.82,8.76,0.0,0.0
675,5.0,11.0,0.0,2.0,3.0,0.0,3405.68,4638.78,123.175,29.763,29.586,8.743,0.0,0.0
676,5.0,11.0,0.0,3.0,4.0,0.0,3060.902,4676.748,71.891,29.866,29.621,8.763,0.0,0.0
677,5.0,11.0,0.0,4.0,5.0,0.0,3138.758,4790.659,73.462,30.103,29.935,8.844,0.0,0.0
678,6.0,11.0,0.0,0.0,1.0,0.0,3918.382,4519.684,122.742,30.359,30.211,8.835,0.0,0.0
679,6.0,11.0,0.0,1.0,3.0,0.0,3993.246,4699.027,125.979,30.195,29.963,9.142,0.0,0.0
681,6.0,11.0,0.0,3.0,5.0,0.0,3835.363,4761.639,112.672,29.792,29.701,8.764,0.0,0.0
682,6.0,11.0,0.0,4.0,6.0,0.0,3661.938,4768.121,-27.281,29.997,29.662,8.789,0.0,0.0
683,6.0,11.0,0.0,5.0,7.0,0.0,3637.379,4816.439,-33.308,30.052,29.857,8.738,0.0,0.0
684,6.0,11.0,0.0,6.0,8.0,0.0,3975.199,4831.649,-35.147,31.034,30.654,8.911,0.0,0.0
686,7.0,11.0,0.0,0.0,0.0,0.0,4395.678,4526.444,102.312,29.892,29.793,8.792,0.0,0.0
687,7.0,11.0,0.0,1.0,1.0,0.0,4062.143,4592.384,107.696,29.879,29.786,8.789,0.0,0.0
688,7.0,11.0,0.0,2.0,2.0,0.0,4616.741,4638.299,115.699,30.531,30.352,8.88,0.0,0.0
690,7.0,11.0,0.0,4.0,4.0,0.0,4479.543,4703.703,104.383,30.171,29.995,8.776,0.0,0.0
692,7.0,11.0,0.0,6.0,6.0,0.0,4136.895,4786.442,42.582,30.129,30.095,8.784,0.0,0.0
693,7.0,11.0,0.0,7.0,7.0,0.0,4399.317,4813.577,53.628,29.996,29.916,8.739,0.0,0.0
694,7.0,11.0,0.0,8.0,8.0,0.0,4502.328,4889.343,-18.348,30.618,30.408,8.816,0.0,0.0
695,8.0,11.0,0.0,0.0,0.0,0.0,4703.656,4594.104,37.193,29.834,29.548,8.748,0.0,0.0
696,8.0,11.0,0.0,1.0,2.0,0.0,4815.241,4654.264,129.963,30.01,29.985,8.838,0.0,0.0
697,8.0,11.0,0.0,2.0,3.0,0.0,4731.482,4707.861,8.781,29.689,29.574,8.73,0.0,0.0
701,8.0,11.0,0.0,6.0,9.0,0.0,4977.222,4868.506,14.25,30.447,30.397,9.447,0.0,0.0
702,9.0,11.0,0.0,0.0,2.0,0.0,5572.229,4593.612,66.614,30.286,30.256,8.831,0.0,0.0
705,9.0,11.0,0.0,3.0,5.0,0.0,5226.218,4636.211,67.352,30.061,29.807,8.733,0.0,0.0
709,0.0,12.0,0.0,0.0,0.0,0.0,351.6,5024.512,130.604,29.608,29.524,8.711,0.0,0.0
710,0.0,12.0,0.0,1.0,1.0,0.0,304.679,5045.836,117.479,29.83,29.649,8.762,0.0,0.0
711,0.0,12.0,0.0,2.0,2.0,0.0,493.727,5052.661,1.727,29.8,29.574,8.747,0.0,0.0
712,0.0,12.0,0.0,3.0,3.0,0.0,572.751,5078.923,-27.985,30.36,30.214,8.836,0.0,0.0
713,0.0,12.0,0.0,4.0,4.0,0.0,421.255,5102.99,-17.17,30.419,30.347,8.864,0.0,0.0
714,0.0,12.0,0.0,5.0,5.0,0.0,35.05,5106.258,37.542,30.106,29.789,8.737,0.0,0.0
715,0.0,12.0,0.0,6.0,6.0,0.0,194.035,5154.519,70.285,29.856,29.708,8.775,0.0,0.0
716,0.0,12.0,0.0,7.0,7.0,0.0,29.949,5166.315,101.765,30.153,30.118,8.791,0.0,0.0
717,0.0,12.0,0.0,8.0,8.0,0.0,399.024,5288.069,32.168,30.316,30.158,8.821,0.0,0.0
718,1.0,12.0,0.0,0.0,0.0,0.0,956.116,5067.417,55.47,29.7,29.604,8.736,0.0,0.0
719,1.0,12.0,0.0,1.0,3.0,0.0,981.581,5206.665,120.432,29.914,29.687,9.251,0.0,0.0
720,1.0,12.0,0.0,2.0,3.0,0.0,993.949,5181.653,-27.943,30.338,30.206,9.298,0.0,0.0
721,1.0,12.0,0.0,3.0,4.0,0.0,1061.543,5232.987,119.84,30.138,30.091,8.785,0.0,0.0
722,2.0,12.0,0.0,0.0,1.0,0.0,1534.519,4912.827,101.176,29.95,29.83,8.806,0.0,0.0
723,2.0,12.0,0.0,1.0,2.0,0.0,1396.502,4986.488,63.619,29.622,29.542,8.716,0.0,0.0
724,2.0,12.0,0.0,2.0,3.0,0.0,1410.257,5172.732,134.071,29.876,29.754,8.784,0.0,0.0
725,2.0,12.0,0.0,3.0,4.0,0.0,1496.951,5211.085,129.23,30.004,29.945,8.831,0.0,0.0
726,3.0,12.0,0.0,0.0,0.0,0.0,1842.341,5095.238,25.64,29.715,29.567,8.733,0.0,0.0
727,3.0,12.0,0.0,1.0,1.0,0.0,1823.976,5240.776,134.676,30.232,30.122,8.803,0.0,0.0
728,3.0,12.0,0.0,2.0,2.0,0.0,1961.833,5262.743,14.506,30.189,30.026,8.783,0.0,0.0
729,4.0,12.0,0.0,0.0,1.0,0.0,2860.974,4927.998,132.944,30.333,30.18,8.827,0.0,0.0
730,4.0,12.0,0.0,1.0,2.0,0.0,2359.634,4937.099,66.711,30.175,30.098,8.792,0.0,0.0
731,4.0,12.0,0.0,2.0,3.0,0.0,2679.485,4972.757,-34.145,29.755,29.721,8.762,0.0,0.0
732,4.0,12.0,0.0,3.0,4.0,0.0,2773.867,4990.685,90.17,30.318,29.879,8.867,0.0,0.0
733,4.0,12.0,0.0,4.0,5.0,0.0,2466.064,5034.413,39.222,30.03,29.959,8.837,0.0,0.0
734,4.0,12.0,0.0,5.0,6.0,0.0,2534.633,5171.714,-13.231,29.664,29.486,8.714,0.0,0.0
735,4.0,12.0,0.0,6.0,7.0,0.0,2435.795,5195.998,87.307,30.291,30.104,8.809,0.0,0.0
736,4.0,12.0,0.0,7.0,8.0,0.0,2656.675,5241.505,-39.428,30.276,30.008,9.358,0.0,0.0
738,4.0,12.0,0.0,9.0,9.0,0.0,2535.352,5284.156,-1.671,30.317,30.205,8.828,0.0,0.0
739,5.0,12.0,0.0,0.0,1.0,0.0,3258.918,4946.112,106.305,30.086,29.851,8.743,0.0,0.0
740,5.0,12.0,0.0,1.0,2.0,0.0,2960.299,4999.515,31.81,29.784,29.632,8.753,0.0,0.0
741,5.0,12.0,0.0,2.0,3.0,0.0,3294.454,5258.236,46.484,30.59,30.409,8.897,0.0,0.0
742,5.0,12.0,0.0,3.0,4.0,0.0,3342.933,5294.03,67.618,30.701,30.58,8.852,0.0,0.0
743,6.0,12.0,0.0,0.0,2.0,0.0,3604.535,4962.729,39.947,29.959,29.897,8.818,0.0,0.0
744,6.0,12.0,0.0,1.0,3.0,0.0,3788.085,5246.058,22.714,30.004,29.939,8.831,0.0,0.0
746,7.0,12.0,0.0,0.0,1.0,0.0,4523.086,4943.665,130.81,30.128,29.934,8.761,0.0,0.0
747,7.0,12.0,0.0,1.0,2.0,0.0,4479.147,4987.546,116.406,30.218,30.007,8.785,0.0,0.0
748,7.0,12.0,0.0,2.0,3.0,0.0,4377.338,4993.18,130.818,29.774,29.692,8.76,0.0,0.0
750,7.0,12.0,0.0,4.0,5.0,0.0,4367.894,5237.813,-1.763,30.078,29.962,8.845,0.0,0.0
751,7.0,12.0,0.0,5.0,6.0,0.0,4084.897,5293.24,-41.735,30.275,30.117,8.809,0.0,0.0
752,8.0,12.0,0.0,0.0,0.0,0.0,4695.873,5046.271,-23.622,30.168,30.012,8.778,0.0,0.0
753,8.0,12.0,0.0,1.0,1.0,0.0,4977.302,5273.112,124.927,30.962,30.342,8.774,0.0,0.0
754,8.0,12.0,0.0,2.0,2.0,0.0,4779.389,5298.168,39.439,30.509,30.28,8.782,0.0,0.0
756,0.0,0.0,0.0,0.0,0.0,0.0,293.717,383.21,119.377,30.17,29.163,25.18,4.0,
757,0.0,0.0,0.0,0.0,0.0,0.0,296.81,374.552,84.708,30.202,29.178,25.186,4.0,
758,0.0,8.0,0.0,0.0,0.0,0.0,463.003,3310.552,-36.858,29.725,29.477,25.186,4.0,
759,0.0,8.0,0.0,0.0,0.0,0.0,463.118,3298.413,83.671,30.656,29.22,25.239,4.0,
760,1.0,4.0,0.0,0.0,0.0,0.0,1032.233,2010.721,131.302,29.802,29.67,21.898,4.0,
761,1.0,7.0,0.0,0.0,0.0,0.0,821.644,3100.81,63.27,29.558,28.08,22.796,4.0,
762,1.0,7.0,0.0,0.0,0.0,0.0,808.335,3104.309,-8.013,30.812,29.839,23.784,4.0,
764,1.0,8.0,0.0,0.0,0.0,0.0,1141.487,3637.547,-5.179,29.777,29.147,21.692,4.0,
765,1.0,8.0,0.0,0.0,0.0,0.0,1162.699,3650.825,88.67,29.95,29.446,23.399,4.0,
766,1.0,12.0,0.0,0.0,0.0,0.0,739.716,5180.641,133.876,30.36,28.893,25.153,4.0,
768,2.0,0.0,0.0,0.0,0.0,0.0,1716.616,416.811,-38.442,30.127,29.788,23.593,4.0,
769,2.0,1.0,0.0,0.0,0.0,0.0,1497.159,829.42,114.823,30.407,29.534,23.534,4.0,
770,2.0,3.0,0.0,0.0,0.0,0.0,1481.283,1582.409,-37.645,29.817,29.546,21.875,4.0,
771,2.0,5.0,0.0,0.0,0.0,0.0,1580.811,2176.493,-29.801,30.004,29.461,21.889,4.0,
772,2.0,5.0,0.0,0.0,0.0,0.0,1574.069,2190.663,61.979,29.519,28.709,22.942,4.0,
773,2.0,10.0,0.0,0.0,0.0,0.0,1420.181,4308.437,95.455,30.1,28.767,23.22,4.0,
775,3.0,4.0,0.0,0.0,0.0,0.0,1865.146,2044.308,71.469,29.555,29.038,21.565,4.0,
776,3.0,6.0,0.0,0.0,0.0,0.0,2194.459,2874.46,90.841,31.121,29.677,25.549,4.0,
777,3.0,6.0,0.0,0.0,0.0,0.0,2282.853,2818.519,-13.799,31.401,29.342,23.799,4.0,
778,3.0,6.0,0.0,0.0,0.0,0.0,2262.233,2820.632,131.639,30.008,29.411,23.387,4.0,
779,5.0,0.0,0.0,0.0,0.0,0.0,2991.418,72.303,0.343,29.956,27.035,24.018,4.0,
780,5.0,0.0,0.0,0.0,0.0,0.0,2998.239,71.548,7.796,29.399,28.917,24.761,4.0,
781,5.0,2.0,0.0,0.0,0.0,0.0,3124.218,1067.307,-6.742,29.239,29.025,24.794,4.0,
782,5.0,2.0,0.0,0.0,0.0,0.0,3129.659,1074.047,59.935,28.979,28.169,24.233,4.0,
784,5.0,11.0,0.0,0.0,0.0,0.0,3045.379,4540.693,47.14,30.396,29.247,25.351,4.0,
785,5.0,11.0,0.0,0.0,0.0,0.0,3024.659,4539.509,-14.369,30.738,29.851,23.821,4.0,
787,7.0,0.0,0.0,0.0,0.0,0.0,4315.287,253.514,117.822,29.742,29.068,23.194,4.0,
788,7.0,12.0,0.0,0.0,0.0,0.0,4086.234,5133.536,134.962,29.329,29.241,23.064,4.0,
789,8.0,8.0,0.0,0.0,0.0,0.0,4913.294,3574.983,104.425,29.616,29.192,25.017,4.0,
790,8.0,8.0,0.0,0.0,0.0,0.0,4920.675,3587.952,-33.442,30.199,29.579,23.578,4.0,
791,9.0,2.0,0.0,0.0,0.0,0.0,5694.59,1091.386,66.31,30.229,29.209,23.455,4.0,
792,9.0,2.0,0.0,0.0,0.0,0.0,5714.465,1082.279,20.377,30.108,29.917,23.632,4.0,
794,9.0,8.0,0.0,0.0,0.0,0.0,5778.4,3413.592,112.837,30.087,28.863,25.174,4.0,
796,9.0,11.0,0.0,0.0,0.0,0.0,5381.365,4591.667,59.135,29.805,29.428,21.814,4.0,
</ResultDatas>,,,,,,,,,,,,,,
<ElementResult>,,,,,,,,,,,,,,
0,0.0,,,,,,,,,,,,,
1,0.0,,,,,,,,,,,,,
2,1.0,,,,,,,,,,,,,
3,6.0,,,,,,,,,,,,,
4,0.0,,,,,,,,,,,,,
5,634.0,,,,,,,,,,,,,
</ElementResult>,,,,,,,,,,,,,,
0,0.0,0.0,0.0,0.0,1.0,0.0,409.558,30.752,103.863,29.986,29.833,8.725,0.0,0.0
1,0.0,0.0,0.0,1.0,2.0,0.0,105.201,77.459,57.556,29.947,29.872,8.812,0.0,0.0
3,0.0,0.0,0.0,3.0,4.0,0.0,379.014,129.966,120.768,30.079,29.978,8.847,0.0,0.0
5,0.0,0.0,0.0,5.0,6.0,0.0,368.169,363.834,95.868,30.406,30.373,8.865,0.0,0.0
8,1.0,0.0,0.0,1.0,2.0,0.0,747.289,40.629,0.378,30.448,30.03,9.596,0.0,0.0
9,1.0,0.0,0.0,2.0,2.0,0.0,721.62,39.922,7.968,29.787,29.641,9.664,0.0,0.0
10,1.0,0.0,0.0,3.0,3.0,0.0,731.837,75.435,49.803,29.669,29.545,8.723,0.0,0.0
13,1.0,0.0,0.0,6.0,5.0,0.0,1126.397,290.987,-28.065,31.566,29.962,8.801,0.0,0.0
14,1.0,0.0,0.0,7.0,6.0,0.0,1080.036,362.663,68.284,31.015,30.812,8.931,0.0,0.0
15,2.0,0.0,0.0,0.0,0.0,0.0,1699.754,35.905,133.046,30.408,30.125,8.83,0.0,0.0
16,2.0,0.0,0.0,1.0,1.0,0.0,1601.946,191.568,91.222,30.02,29.815,8.728,0.0,0.0
18,2.0,0.0,0.0,3.0,3.0,0.0,1643.873,239.995,34.002,30.462,30.018,9.383,0.0,0.0
19,2.0,0.0,0.0,4.0,3.0,0.0,1621.631,224.249,-13.758,30.083,29.816,9.407,0.0,0.0
20,2.0,0.0,0.0,5.0,4.0,0.0,1367.272,370.901,55.813,29.73,29.695,8.754,0.0,0.0
21,2.0,0.0,0.0,6.0,5.0,0.0,1566.468,392.711,26.832,30.462,30.238,8.854,0.0,0.0
22,3.0,0.0,0.0,0.0,0.0,0.0,1941.361,76.018,82.505,29.851,29.769,8.783,0.0,0.0
23,3.0,0.0,0.0,1.0,1.0,0.0,1868.092,127.839,43.67,29.54,29.312,8.67,0.0,0.0
24,3.0,0.0,0.0,2.0,2.0,0.0,2229.089,218.574,-11.996,30.43,30.141,8.835,0.0,0.0
25,3.0,0.0,0.0,3.0,3.0,0.0,2124.814,229.122,82.63,30.145,30.025,8.777,0.0,0.0
26,3.0,0.0,0.0,4.0,4.0,0.0,1788.892,414.328,-19.324,30.527,30.384,8.799,0.0,0.0
27,3.0,0.0,0.0,5.0,5.0,0.0,2157.664,415.092,41.927,30.861,30.743,8.899,0.0,0.0
30,4.0,0.0,0.0,2.0,2.0,0.0,2615.584,75.833,20.831,29.619,29.506,8.71,0.0,0.0
31,4.0,0.0,0.0,3.0,3.0,0.0,2795.792,141.261,-2.533,29.54,29.5,8.697,0.0,0.0
32,5.0,0.0,0.0,0.0,0.0,0.0,3408.665,204.584,-12.115,30.188,30.03,8.871,0.0,0.0
33,5.0,0.0,0.0,1.0,1.0,0.0,3458.183,225.94,-29.475,30.635,30.532,8.836,0.0,0.0
34,5.0,0.0,0.0,2.0,2.0,0.0,3204.789,335.881,128.305,30.357,30.232,8.838,0.0,0.0
35,5.0,0.0,0.0,3.0,3.0,0.0,3449.818,339.864,45.462,31.005,30.883,8.94,0.0,0.0
37,6.0,0.0,0.0,1.0,1.0,0.0,3608.523,125.404,69.753,29.977,29.392,9.64,0.0,0.0
38,6.0,0.0,0.0,2.0,1.0,0.0,3602.169,102.431,85.295,30.04,29.851,9.738,0.0,0.0
39,6.0,0.0,0.0,3.0,2.0,0.0,3912.52,116.488,125.242,30.367,29.849,8.699,0.0,0.0
41,6.0,0.0,0.0,5.0,5.0,0.0,3636.147,229.777,44.414,29.712,29.677,8.749,0.0,0.0
42,6.0,0.0,0.0,6.0,8.0,0.0,3844.939,350.256,61.719,30.165,30.125,8.794,0.0,0.0
43,6.0,0.0,0.0,7.0,9.0,0.0,3533.881,411.349,0.788,30.465,30.284,8.861,0.0,0.0
44,7.0,0.0,0.0,0.0,0.0,0.0,4602.849,20.26,-11.472,30.44,30.26,8.854,0.0,0.0
45,7.0,0.0,0.0,1.0,1.0,0.0,4096.453,105.664,63.497,30.033,29.779,8.724,0.0,0.0
46,7.0,0.0,0.0,2.0,2.0,0.0,4419.328,117.547,114.359,29.977,29.736,8.796,0.0,0.0
47,7.0,0.0,0.0,3.0,3.0,0.0,4491.987,146.284,122.145,29.93,29.76,8.707,0.0,0.0
48,7.0,0.0,0.0,4.0,4.0,0.0,4337.238,180.166,109.986,29.931,29.875,8.723,0.0,0.0
49,7.0,0.0,0.0,5.0,5.0,0.0,4238.001,218.15,123.813,30.204,30.096,8.796,0.0,0.0
51,7.0,0.0,0.0,7.0,7.0,0.0,4126.859,251.336,28.412,29.778,29.678,8.759,0.0,0.0
52,7.0,0.0,0.0,8.0,8.0,0.0,4057.321,279.32,37.375,30.088,30.047,8.859,0.0,0.0
53,7.0,0.0,0.0,9.0,9.0,0.0,4191.702,310.981,47.279,29.678,29.545,8.724,0.0,0.0
54,7.0,0.0,0.0,10.0,10.0,0.0,4379.973,405.398,35.248,30.087,29.999,8.764,0.0,0.0
55,8.0,0.0,0.0,0.0,2.0,0.0,5110.465,90.267,-40.447,30.42,30.247,8.849,0.0,0.0
56,8.0,0.0,0.0,1.0,3.0,0.0,5154.846,107.758,-43.505,30.25,30.112,8.805,0.0,0.0
57,8.0,0.0,0.0,2.0,4.0,0.0,4848.794,120.484,-31.653,29.678,29.609,8.734,0.0,0.0
58,8.0,0.0,0.0,3.0,5.0,0.0,4736.232,282.74,42.537,30.063,29.829,8.736,0.0,0.0
59,8.0,0.0,0.0,4.0,6.0,0.0,5092.218,339.892,43.193,30.208,30.19,8.81,0.0,0.0
60,8.0,0.0,0.0,5.0,7.0,0.0,5055.789,353.028,95.131,30.193,30.063,8.789,0.0,0.0
61,8.0,0.0,0.0,6.0,8.0,0.0,4712.252,381.453,71.572,30.847,30.76,8.899,0.0,0.0
62,9.0,0.0,0.0,0.0,0.0,0.0,5602.214,94.163,113.002,29.888,29.802,8.793,0.0,0.0
63,9.0,0.0,0.0,1.0,1.0,0.0,5754.94,140.971,125.97,30.125,29.983,8.768,0.0,0.0
65,9.0,0.0,0.0,3.0,3.0,0.0,5525.189,252.362,-41.804,29.667,29.646,8.738,0.0,0.0
66,9.0,0.0,0.0,4.0,4.0,0.0,5741.074,283.56,-4.851,30.919,30.636,8.892,0.0,0.0
67,9.0,0.0,0.0,5.0,5.0,0.0,5646.75,315.652,85.886,30.326,30.024,9.47,0.0,0.0
69,9.0,0.0,0.0,7.0,6.0,0.0,5606.662,291.159,82.452,30.16,30.119,8.793,0.0,0.0
70,9.0,0.0,0.0,8.0,7.0,0.0,5523.428,383.612,43.545,30.375,30.172,8.832,0.0,0.0
71,0.0,1.0,0.0,0.0,1.0,0.0,214.383,464.536,76.462,29.97,29.723,8.793,0.0,0.0
73,0.0,1.0,0.0,2.0,3.0,0.0,34.064,503.853,61.04,29.976,29.859,8.814,0.0,0.0
74,0.0,1.0,0.0,3.0,4.0,0.0,274.402,551.195,124.219,29.518,29.483,8.692,0.0,0.0
76,0.0,1.0,0.0,5.0,8.0,0.0,484.271,624.768,128.014,30.261,30.168,8.814,0.0,0.0
77,0.0,1.0,0.0,6.0,9.0,0.0,348.869,666.803,102.361,30.207,30.055,8.79,0.0,0.0
78,1.0,1.0,0.0,0.0,0.0,0.0,738.084,467.51,70.968,29.917,29.773,8.793,0.0,0.0
79,1.0,1.0,0.0,1.0,1.0,0.0,1038.785,597.069,108.113,29.871,29.743,8.782,0.0,0.0
80,1.0,1.0,0.0,2.0,2.0,0.0,1052.065,628.119,-19.07,30.149,29.996,8.86,0.0,0.0
81,1.0,1.0,0.0,3.0,3.0,0.0,818.13,722.63,47.349,30.06,29.977,8.844,0.0,0.0
83,3.0,1.0,0.0,0.0,3.0,0.0,2128.528,470.015,-32.381,29.97,29.901,8.733,0.0,0.0
84,3.0,1.0,0.0,1.0,4.0,0.0,1871.546,553.914,-38.099,30.025,29.63,8.875,0.0,0.0
85,3.0,1.0,0.0,2.0,4.0,0.0,1896.236,537.03,107.236,29.632,29.522,8.988,0.0,0.0
86,3.0,1.0,0.0,3.0,5.0,0.0,1815.836,625.565,-28.148,30.096,29.986,8.764,0.0,0.0
88,3.0,1.0,0.0,5.0,9.0,0.0,2139.146,773.169,11.499,30.133,30.077,8.783,0.0,0.0
90,4.0,1.0,0.0,1.0,2.0,0.0,2520.181,461.718,60.426,29.701,29.577,8.733,0.0,0.0
92,4.0,1.0,0.0,3.0,4.0,0.0,2852.2,470.011,126.405,30.196,29.951,8.773,0.0,0.0
93,4.0,1.0,0.0,4.0,5.0,0.0,2467.829,497.562,37.555,29.787,29.618,8.751,0.0,0.0
94,4.0,1.0,0.0,5.0,6.0,0.0,2715.095,516.66,111.69,29.885,29.772,8.788,0.0,0.0
97,4.0,1.0,0.0,8.0,9.0,0.0,2607.141,639.32,86.248,29.77,29.574,8.742,0.0,0.0
99,4.0,1.0,0.0,10.0,11.0,0.0,2514.695,778.836,111.455,29.767,29.709,8.762,0.0,0.0
100,4.0,1.0,0.0,11.0,12.0,0.0,2585.316,816.204,123.584,30.682,30.561,8.933,0.0,0.0
101,5.0,1.0,0.0,0.0,2.0,0.0,2951.407,462.182,-38.534,28.798,27.403,8.541,0.0,0.0
102,5.0,1.0,0.0,1.0,4.0,0.0,3133.674,541.119,42.24,29.933,29.872,8.81,0.0,0.0
104,5.0,1.0,0.0,3.0,7.0,0.0,3033.662,636.282,80.38,29.724,29.583,8.737,0.0,0.0
105,5.0,1.0,0.0,4.0,8.0,0.0,3312.789,753.861,54.492,30.494,30.405,8.797,0.0,0.0
106,5.0,1.0,0.0,5.0,9.0,0.0,3449.514,762.0,-24.84,30.563,30.326,8.882,0.0,0.0
107,6.0,1.0,0.0,0.0,1.0,0.0,3923.787,425.425,-22.843,30.38,30.364,8.775,0.0,0.0
109,6.0,1.0,0.0,2.0,3.0,0.0,3482.324,518.086,20.857,29.838,29.78,8.783,0.0,0.0
110,6.0,1.0,0.0,3.0,4.0,0.0,3863.103,541.359,86.089,29.845,29.605,8.758,0.0,0.0
111,6.0,1.0,0.0,4.0,5.0,0.0,3472.536,587.829,95.331,29.743,29.542,8.734,0.0,0.0
114,6.0,1.0,0.0,7.0,8.0,0.0,3807.14,673.259,100.023,30.027,29.744,9.715,0.0,0.0
117,7.0,1.0,0.0,0.0,1.0,0.0,4542.22,542.295,102.366,29.911,29.867,8.806,0.0,0.0
118,7.0,1.0,0.0,1.0,2.0,0.0,4305.568,590.147,1.57,29.894,29.789,8.792,0.0,0.0
121,7.0,1.0,0.0,4.0,4.0,0.0,4098.051,632.235,-4.831,29.825,29.783,8.781,0.0,0.0
123,7.0,1.0,0.0,6.0,6.0,0.0,4586.692,782.738,64.271,30.918,30.72,8.904,0.0,0.0
126,8.0,1.0,0.0,0.0,0.0,0.0,4803.591,666.241,36.946,29.892,29.786,8.792,0.0,0.0
127,8.0,1.0,0.0,1.0,1.0,0.0,4839.805,801.796,86.698,30.02,29.856,8.734,0.0,0.0
128,9.0,1.0,0.0,0.0,0.0,0.0,5748.002,452.296,132.808,30.007,29.799,8.723,0.0,0.0
129,9.0,1.0,0.0,1.0,1.0,0.0,5627.441,544.414,-28.236,30.378,30.15,8.829,0.0,0.0
130,9.0,1.0,0.0,2.0,2.0,0.0,5736.838,589.171,3.348,30.218,30.154,8.806,0.0,0.0
131,9.0,1.0,0.0,3.0,3.0,0.0,5541.392,615.135,74.255,29.828,29.61,8.756,0.0,0.0
133,9.0,1.0,0.0,5.0,5.0,0.0,5260.886,801.576,57.406,30.314,30.128,8.816,0.0,0.0
134,0.0,2.0,0.0,0.0,0.0,0.0,302.381,911.968,77.471,29.776,29.082,8.671,0.0,0.0
136,0.0,2.0,0.0,2.0,2.0,0.0,169.714,948.891,-22.203,30.138,30.037,8.777,0.0,0.0
137,0.0,2.0,0.0,3.0,3.0,0.0,480.764,958.616,129.944,29.977,29.889,8.819,0.0,0.0
138,0.0,2.0,0.0,4.0,4.0,0.0,124.914,975.818,21.164,29.933,29.894,8.813,0.0,0.0
140,0.0,2.0,0.0,6.0,7.0,0.0,215.607,1051.569,-23.153,30.198,29.77,9.988,0.0,0.0
141,0.0,2.0,0.0,7.0,8.0,0.0,141.354,1065.569,44.059,29.928,29.767,8.794,0.0,0.0
142,0.0,2.0,0.0,8.0,9.0,0.0,522.199,1215.323,17.076,30.679,30.48,8.835,0.0,0.0
143,1.0,2.0,0.0,0.0,0.0,0.0,883.132,851.749,62.853,30.157,29.848,8.752,0.0,0.0
144,1.0,2.0,0.0,1.0,2.0,0.0,766.504,1040.045,48.827,29.965,29.776,8.801,0.0,0.0
145,1.0,2.0,0.0,2.0,3.0,0.0,980.735,1072.308,73.267,29.92,29.807,8.798,0.0,0.0
146,1.0,2.0,0.0,3.0,4.0,0.0,923.168,1075.148,41.62,30.179,30.076,8.789,0.0,0.0
147,1.0,2.0,0.0,4.0,5.0,0.0,845.271,1121.548,104.96,30.027,29.975,8.752,0.0,0.0
148,1.0,2.0,0.0,5.0,6.0,0.0,1033.243,1155.647,109.669,29.88,29.746,8.697,0.0,0.0
149,2.0,2.0,0.0,0.0,0.0,0.0,1333.76,887.081,99.149,29.631,29.504,8.711,0.0,0.0
150,2.0,2.0,0.0,1.0,1.0,0.0,1395.702,903.493,56.714,29.93,29.798,8.799,0.0,0.0
151,2.0,2.0,0.0,2.0,3.0,0.0,1451.112,941.932,37.056,29.518,29.404,8.768,0.0,0.0
153,2.0,2.0,0.0,4.0,5.0,0.0,1256.5,1073.697,29.018,30.005,29.737,8.801,0.0,0.0
154,2.0,2.0,0.0,5.0,6.0,0.0,1416.961,1080.477,85.417,30.129,29.834,8.746,0.0,0.0
155,2.0,2.0,0.0,6.0,8.0,0.0,1327.83,1156.922,119.487,29.873,29.797,8.79,0.0,0.0
158,3.0,2.0,0.0,1.0,1.0,0.0,2169.774,866.828,71.828,29.816,29.633,8.757,0.0,0.0
159,3.0,2.0,0.0,2.0,2.0,0.0,1817.65,929.118,112.295,29.462,29.427,8.675,0.0,0.0
160,3.0,2.0,0.0,3.0,3.0,0.0,1753.631,930.392,31.064,29.907,29.746,8.788,0.0,0.0
161,3.0,2.0,0.0,4.0,7.0,0.0,1879.091,1161.621,-1.836,29.934,29.703,8.786,0.0,0.0
162,4.0,2.0,0.0,0.0,2.0,0.0,2433.594,1037.375,34.586,30.069,29.956,8.843,0.0,0.0
163,4.0,2.0,0.0,1.0,3.0,0.0,2325.098,1090.924,-1.223,29.991,29.975,8.834,0.0,0.0
164,4.0,2.0,0.0,2.0,4.0,0.0,2396.251,1145.828,45.369,29.673,29.599,8.732,0.0,0.0
165,4.0,2.0,0.0,3.0,5.0,0.0,2788.452,1150.484,-0.7,30.532,30.432,8.892,0.0,0.0
166,4.0,2.0,0.0,4.0,6.0,0.0,2665.662,1197.537,56.857,29.765,29.491,8.729,0.0,0.0
168,5.0,2.0,0.0,1.0,1.0,0.0,3160.207,890.705,71.058,29.754,29.604,8.744,0.0,0.0
169,5.0,2.0,0.0,2.0,2.0,0.0,3191.723,1028.722,86.593,29.974,29.806,8.806,0.0,0.0
171,5.0,2.0,0.0,4.0,4.0,0.0,2945.633,1151.99,10.669,30.449,30.215,8.849,0.0,0.0
172,5.0,2.0,0.0,5.0,5.0,0.0,3336.498,1198.523,44.217,30.141,30.024,8.776,0.0,0.0
173,5.0,2.0,0.0,6.0,6.0,0.0,3443.378,1232.1,-34.513,27.43,14.437,9.731,0.0,0.0
174,6.0,2.0,0.0,0.0,0.0,0.0,3768.777,857.786,101.062,29.826,29.589,8.752,0.0,0.0
175,6.0,2.0,0.0,1.0,1.0,0.0,3635.68,906.001,56.03,29.22,29.129,8.683,0.0,0.0
176,6.0,2.0,0.0,2.0,4.0,0.0,3634.531,1221.949,59.943,30.142,30.004,8.773,0.0,0.0
177,7.0,2.0,0.0,0.0,2.0,0.0,4557.247,833.686,-34.653,30.265,30.02,8.793,0.0,0.0
180,7.0,2.0,0.0,3.0,5.0,0.0,4059.078,984.962,-26.066,30.028,29.844,8.82,0.0,0.0
181,7.0,2.0,0.0,4.0,6.0,0.0,4064.137,1073.707,-13.25,29.724,29.649,8.746,0.0,0.0
182,7.0,2.0,0.0,5.0,7.0,0.0,4087.867,1114.908,35.883,30.078,29.942,8.755,0.0,0.0
183,7.0,2.0,0.0,6.0,8.0,0.0,4097.652,1150.587,-1.115,30.019,29.804,8.813,0.0,0.0
186,8.0,2.0,0.0,0.0,0.0,0.0,4828.522,1048.049,33.532,29.748,29.613,8.745,0.0,0.0
187,8.0,2.0,0.0,1.0,1.0,0.0,5127.492,1053.877,-32.184,30.199,30.104,8.796,0.0,0.0
188,8.0,2.0,0.0,2.0,2.0,0.0,4959.611,1095.991,124.003,30.91,30.745,8.906,0.0,0.0
189,8.0,2.0,0.0,3.0,4.0,0.0,4792.27,1192.782,-0.717,30.553,30.364,8.799,0.0,0.0
191,9.0,2.0,0.0,0.0,0.0,0.0,5250.974,926.208,63.793,30.216,29.946,8.862,0.0,0.0
194,9.0,2.0,0.0,3.0,3.0,0.0,5428.43,1184.067,2.452,30.204,30.196,8.81,0.0,0.0
195,9.0,2.0,0.0,4.0,4.0,0.0,5639.828,1204.231,128.535,30.632,30.537,8.836,0.0,0.0
196,0.0,3.0,0.0,0.0,1.0,0.0,306.616,1243.443,99.853,29.78,29.616,8.75,0.0,0.0
197,0.0,3.0,0.0,1.0,2.0,0.0,60.466,1368.149,25.429,29.777,29.716,8.764,0.0,0.0
198,0.0,3.0,0.0,2.0,3.0,0.0,25.225,1410.337,-23.642,29.599,29.531,8.711,0.0,0.0
199,0.0,3.0,0.0,3.0,4.0,0.0,307.399,1407.709,101.045,10.722,10.486,5.206,0.0,0.0
200,0.0,3.0,0.0,4.0,5.0,0.0,284.642,1526.06,77.374,29.786,29.661,8.757,0.0,0.0
201,1.0,3.0,0.0,0.0,0.0,0.0,668.78,1274.476,23.948,29.612,29.415,8.696,0.0,0.0
202,1.0,3.0,0.0,1.0,1.0,0.0,751.136,1299.102,71.944,29.758,29.572,8.74,0.0,0.0
204,1.0,3.0,0.0,3.0,3.0,0.0,1139.552,1498.251,-5.071,30.491,30.207,8.854,0.0,0.0
205,1.0,3.0,0.0,4.0,4.0,0.0,961.554,1599.221,-9.747,30.282,30.055,8.801,0.0,0.0
206,2.0,3.0,0.0,0.0,0.0,0.0,1676.879,1255.288,117.405,30.067,29.874,8.743,0.0,0.0
207,2.0,3.0,0.0,1.0,2.0,0.0,1216.863,1291.65,31.635,29.764,29.667,8.755,0.0,0.0
208,2.0,3.0,0.0,2.0,3.0,0.0,1543.935,1304.288,4.58,29.876,29.77,8.787,0.0,0.0
209,2.0,3.0,0.0,3.0,4.0,0.0,1240.171,1418.351,64.001,29.708,29.628,8.741,0.0,0.0
210,2.0,3.0,0.0,4.0,5.0,0.0,1403.462,1467.344,69.097,29.822,29.456,8.732,0.0,0.0
211,2.0,3.0,0.0,5.0,6.0,0.0,1484.581,1476.646,77.285,29.98,29.84,8.812,0.0,0.0
212,2.0,3.0,0.0,6.0,7.0,0.0,1220.601,1506.07,4.04,30.29,30.131,8.813,0.0,0.0
213,2.0,3.0,0.0,7.0,8.0,0.0,1378.681,1521.977,-16.766,29.552,29.413,8.686,0.0,0.0
215,3.0,3.0,0.0,1.0,1.0,0.0,1776.641,1370.543,67.089,29.983,29.925,8.738,0.0,0.0
216,3.0,3.0,0.0,2.0,3.0,0.0,1788.018,1437.497,42.511,29.669,29.526,8.72,0.0,0.0
220,4.0,3.0,0.0,0.0,0.0,0.0,2351.359,1269.295,62.604,30.132,29.976,8.767,0.0,0.0
221,4.0,3.0,0.0,1.0,1.0,0.0,2396.563,1497.12,6.792,29.73,29.586,8.738,0.0,0.0
222,4.0,3.0,0.0,2.0,2.0,0.0,2535.475,1502.909,14.001,30.123,29.893,8.841,0.0,0.0
223,4.0,3.0,0.0,3.0,3.0,0.0,2379.352,1590.37,29.609,30.287,30.184,8.82,0.0,0.0
224,4.0,3.0,0.0,4.0,4.0,0.0,2824.288,1615.146,-31.503,30.82,30.444,8.85,0.0,0.0
225,5.0,3.0,0.0,0.0,1.0,0.0,3232.968,1253.611,-31.05,30.05,29.852,8.825,0.0,0.0
226,5.0,3.0,0.0,1.0,2.0,0.0,3282.538,1451.95,61.044,29.958,29.817,8.806,0.0,0.0
228,5.0,3.0,0.0,3.0,4.0,0.0,3403.831,1503.355,29.037,30.214,29.985,8.781,0.0,0.0
229,5.0,3.0,0.0,4.0,6.0,0.0,3126.033,1527.403,86.384,30.172,30.034,9.458,0.0,0.0
230,5.0,3.0,0.0,5.0,6.0,0.0,3098.28,1524.824,-2.36,30.202,29.619,9.384,0.0,0.0
233,6.0,3.0,0.0,0.0,2.0,0.0,3843.35,1428.638,94.05,30.111,29.969,8.764,0.0,0.0
237,7.0,3.0,0.0,0.0,0.0,0.0,4562.807,1331.065,7.258,30.001,29.904,8.738,0.0,0.0
238,7.0,3.0,0.0,1.0,1.0,0.0,4584.376,1352.021,95.251,15.996,15.526,6.319,0.0,0.0
240,7.0,3.0,0.0,3.0,4.0,0.0,4529.351,1429.098,22.041,30.084,30.013,8.766,0.0,0.0
241,8.0,3.0,0.0,0.0,1.0,0.0,5041.358,1414.294,-44.555,30.38,30.22,8.839,0.0,0.0
242,8.0,3.0,0.0,1.0,2.0,0.0,5126.73,1495.705,117.474,30.413,30.227,8.845,0.0,0.0
243,8.0,3.0,0.0,2.0,3.0,0.0,5164.932,1601.891,31.456,30.603,30.345,8.721,0.0,0.0
244,9.0,3.0,0.0,0.0,0.0,0.0,5718.667,1348.529,-44.902,29.806,29.652,8.759,0.0,0.0
245,9.0,3.0,0.0,1.0,1.0,0.0,5372.259,1421.231,24.808,30.001,29.813,8.811,0.0,0.0
247,9.0,3.0,0.0,3.0,4.0,0.0,5698.425,1561.862,26.848,30.913,30.792,8.913,0.0,0.0
251,0.0,4.0,0.0,1.0,2.0,0.0,459.837,1808.448,112.09,30.333,30.294,8.843,0.0,0.0
252,0.0,4.0,0.0,2.0,3.0,0.0,268.925,1843.81,63.837,29.906,29.767,8.791,0.0,0.0
253,0.0,4.0,0.0,3.0,4.0,0.0,34.496,1971.215,82.874,30.239,30.072,8.797,0.0,0.0
254,0.0,4.0,0.0,4.0,5.0,0.0,367.493,2019.012,91.262,30.064,29.952,8.754,0.0,0.0
255,0.0,4.0,0.0,5.0,6.0,0.0,51.719,2042.57,44.9,31.022,30.976,8.871,0.0,0.0
256,0.0,4.0,0.0,6.0,7.0,0.0,152.906,2047.02,-7.483,30.355,30.255,8.841,0.0,0.0
257,1.0,4.0,0.0,0.0,0.0,0.0,1134.911,1696.616,119.553,30.333,30.214,8.831,0.0,0.0
258,1.0,4.0,0.0,1.0,1.0,0.0,953.771,1773.907,76.076,29.787,29.569,8.744,0.0,0.0
259,1.0,4.0,0.0,2.0,2.0,0.0,598.796,1776.011,10.578,30.351,30.175,8.828,0.0,0.0
260,1.0,4.0,0.0,3.0,3.0,0.0,799.472,1803.743,77.022,29.741,29.635,8.747,0.0,0.0
262,1.0,4.0,0.0,5.0,5.0,0.0,794.139,1886.821,14.881,29.508,29.453,8.686,0.0,0.0
263,1.0,4.0,0.0,6.0,6.0,0.0,1029.521,2018.175,90.304,30.927,30.622,8.891,0.0,0.0
264,2.0,4.0,0.0,0.0,0.0,0.0,1455.705,1667.31,-19.63,30.243,30.128,8.806,0.0,0.0
265,2.0,4.0,0.0,1.0,1.0,0.0,1739.032,1694.312,92.161,31.155,28.019,8.617,0.0,0.0
266,2.0,4.0,0.0,2.0,2.0,0.0,1620.359,1735.421,103.052,30.415,30.268,8.851,0.0,0.0
267,2.0,4.0,0.0,3.0,3.0,0.0,1333.059,1916.602,-33.825,29.83,29.737,8.775,0.0,0.0
269,2.0,4.0,0.0,5.0,5.0,0.0,1390.211,2048.019,-6.623,30.205,30.017,8.784,0.0,0.0
270,3.0,4.0,0.0,0.0,1.0,0.0,2026.553,1649.069,65.205,30.238,30.028,8.791,0.0,0.0
271,3.0,4.0,0.0,1.0,3.0,0.0,2241.11,1696.556,97.844,30.155,30.028,8.778,0.0,0.0
272,3.0,4.0,0.0,2.0,4.0,0.0,2236.655,1733.574,88.445,30.031,29.759,8.808,0.0,0.0
273,3.0,4.0,0.0,3.0,5.0,0.0,2040.965,1765.491,96.503,29.987,29.872,8.818,0.0,0.0
274,3.0,4.0,0.0,4.0,6.0,0.0,2131.867,1837.504,49.38,29.759,29.532,8.734,0.0,0.0
275,3.0,4.0,0.0,5.0,7.0,0.0,2147.523,1869.944,75.04,29.486,29.404,8.675,0.0,0.0
276,3.0,4.0,0.0,6.0,8.0,0.0,1870.016,1969.238,-24.342,29.822,29.709,8.77,0.0,0.0
277,3.0,4.0,0.0,7.0,9.0,0.0,2217.733,1972.709,130.285,30.596,30.433,8.816,0.0,0.0
278,4.0,4.0,0.0,0.0,0.0,0.0,2645.991,1651.063,85.073,30.462,30.406,8.878,0.0,0.0
280,4.0,4.0,0.0,2.0,2.0,0.0,2821.132,1799.812,10.799,30.541,30.292,8.874,0.0,0.0
283,4.0,4.0,0.0,5.0,5.0,0.0,2678.539,2021.208,-24.198,30.472,30.372,8.875,0.0,0.0
285,5.0,4.0,0.0,1.0,2.0,0.0,3357.179,1763.549,103.471,30.222,30.105,8.799,0.0,0.0
286,5.0,4.0,0.0,2.0,3.0,0.0,3121.119,1771.754,115.559,29.643,29.451,8.705,0.0,0.0
287,5.0,4.0,0.0,3.0,4.0,0.0,3157.145,1826.374,65.126,30.123,29.967,8.852,0.0,0.0
290,6.0,4.0,0.0,1.0,3.0,0.0,4006.662,1669.896,92.696,30.321,30.188,8.826,0.0,0.0
291,6.0,4.0,0.0,2.0,4.0,0.0,3508.741,1672.311,29.299,30.087,29.974,8.761,0.0,0.0
292,6.0,4.0,0.0,3.0,5.0,0.0,3690.586,1726.018,59.015,30.063,29.909,8.834,0.0,0.0
293,6.0,4.0,0.0,4.0,6.0,0.0,3560.141,1731.69,-19.687,29.912,29.729,8.786,0.0,0.0
294,6.0,4.0,0.0,5.0,7.0,0.0,3538.443,1756.089,50.666,30.084,29.873,8.746,0.0,0.0
295,6.0,4.0,0.0,6.0,9.0,0.0,3564.951,1801.641,4.133,30.038,29.621,8.789,0.0,0.0
296,6.0,4.0,0.0,7.0,10.0,0.0,3816.912,1948.859,116.654,30.557,30.228,8.866,0.0,0.0
297,6.0,4.0,0.0,8.0,11.0,0.0,3971.632,1987.93,-1.481,30.346,30.283,8.844,0.0,0.0
298,6.0,4.0,0.0,9.0,12.0,0.0,3839.512,2046.592,13.72,30.31,30.254,8.834,0.0,0.0
299,7.0,4.0,0.0,0.0,0.0,0.0,4555.688,1669.348,122.302,30.144,29.791,8.743,0.0,0.0
300,7.0,4.0,0.0,1.0,1.0,0.0,4093.61,1705.039,7.086,29.877,29.651,8.769,0.0,0.0
301,7.0,4.0,0.0,2.0,2.0,0.0,4423.187,1761.801,-34.294,29.988,29.658,8.787,0.0,0.0
305,8.0,4.0,0.0,0.0,0.0,0.0,5113.596,1688.479,56.329,30.121,30.047,8.776,0.0,0.0
306,8.0,4.0,0.0,1.0,1.0,0.0,4936.033,1783.65,42.907,29.774,29.663,8.756,0.0,0.0
307,8.0,4.0,0.0,2.0,2.0,0.0,5108.119,1893.862,-33.727,30.427,30.367,8.868,0.0,0.0
308,8.0,4.0,0.0,3.0,3.0,0.0,4975.016,1971.879,107.774,30.05,30.009,8.848,0.0,0.0
309,8.0,4.0,0.0,4.0,4.0,0.0,5148.751,1995.371,55.733,30.822,30.77,8.897,0.0,0.0
310,8.0,4.0,0.0,5.0,5.0,0.0,4883.814,2021.939,36.69,30.141,29.989,8.771,0.0,0.0
312,9.0,4.0,0.0,1.0,2.0,0.0,5703.239,1937.411,-31.286,30.538,30.342,8.88,0.0,0.0
313,9.0,4.0,0.0,2.0,3.0,0.0,5554.937,1947.154,92.02,30.125,30.017,8.772,0.0,0.0
314,9.0,4.0,0.0,3.0,4.0,0.0,5642.413,1961.301,118.231,30.553,30.436,8.896,0.0,0.0
315,9.0,4.0,0.0,4.0,5.0,0.0,5633.995,1994.788,-16.564,30.812,30.714,8.888,0.0,0.0
316,9.0,4.0,0.0,5.0,6.0,0.0,5530.808,2020.89,55.647,30.712,30.681,8.868,0.0,0.0
317,9.0,4.0,0.0,6.0,7.0,0.0,5244.12,2024.016,10.095,30.626,30.486,8.914,0.0,0.0
320,0.0,5.0,0.0,2.0,4.0,0.0,366.556,2136.916,73.252,29.831,29.597,8.754,0.0,0.0
323,0.0,5.0,0.0,5.0,7.0,0.0,378.419,2290.708,58.755,29.787,29.505,8.735,0.0,0.0
324,1.0,5.0,0.0,0.0,1.0,0.0,737.864,2145.608,109.898,29.6,29.48,8.703,0.0,0.0
325,1.0,5.0,0.0,1.0,2.0,0.0,758.373,2207.982,21.249,29.853,29.606,8.759,0.0,0.0
327,1.0,5.0,0.0,3.0,4.0,0.0,1045.95,2402.806,86.935,30.926,30.646,8.811,0.0,0.0
328,2.0,5.0,0.0,0.0,1.0,0.0,1184.508,2068.44,23.768,30.27,30.145,8.812,0.0,0.0
332,2.0,5.0,0.0,4.0,6.0,0.0,1274.071,2282.752,129.415,29.836,29.806,8.786,0.0,0.0
333,2.0,5.0,0.0,5.0,7.0,0.0,1531.511,2307.166,110.184,29.866,29.837,8.795,0.0,0.0
334,2.0,5.0,0.0,6.0,8.0,0.0,1283.544,2344.821,9.248,29.979,29.856,8.728,0.0,0.0
335,2.0,5.0,0.0,7.0,9.0,0.0,1420.316,2360.61,-12.723,30.079,29.96,8.757,0.0,0.0
336,2.0,5.0,0.0,8.0,10.0,0.0,1737.802,2384.143,93.547,30.835,29.649,8.736,0.0,0.0
338,3.0,5.0,0.0,0.0,0.0,0.0,1992.596,2066.607,95.324,30.106,29.808,8.825,0.0,0.0
340,3.0,5.0,0.0,2.0,2.0,0.0,2139.441,2133.689,61.978,30.17,29.989,8.862,0.0,0.0
342,3.0,5.0,0.0,4.0,4.0,0.0,2232.631,2173.29,-17.311,29.829,29.639,8.761,0.0,0.0
345,3.0,5.0,0.0,7.0,9.0,0.0,2223.243,2400.079,57.859,30.675,30.185,8.71,0.0,0.0
346,3.0,5.0,0.0,8.0,10.0,0.0,1778.807,2428.165,-9.16,30.565,30.462,8.816,0.0,0.0
347,4.0,5.0,0.0,0.0,0.0,0.0,2436.61,2136.343,83.22,30.101,29.942,8.845,0.0,0.0
348,4.0,5.0,0.0,1.0,1.0,0.0,2583.737,2180.285,61.386,29.574,29.418,8.69,0.0,0.0
349,4.0,5.0,0.0,2.0,2.0,0.0,2632.263,2214.542,95.048,29.991,29.887,8.734,0.0,0.0
350,4.0,5.0,0.0,3.0,3.0,0.0,2612.452,2272.245,9.69,29.88,29.853,8.799,0.0,0.0
351,4.0,5.0,0.0,4.0,4.0,0.0,2675.315,2308.805,-35.208,29.944,29.884,8.814,0.0,0.0
352,4.0,5.0,0.0,5.0,5.0,0.0,2412.699,2348.919,58.768,30.132,29.992,8.77,0.0,0.0
354,4.0,5.0,0.0,7.0,9.0,0.0,2809.294,2398.494,47.116,30.494,30.394,8.796,0.0,0.0
355,4.0,5.0,0.0,8.0,10.0,0.0,2534.195,2406.275,-13.653,30.195,30.163,8.804,0.0,0.0
356,4.0,5.0,0.0,9.0,11.0,0.0,2839.636,2424.191,39.97,31.147,30.956,8.803,0.0,0.0
357,4.0,5.0,0.0,10.0,12.0,0.0,2482.694,2427.655,-42.008,30.309,30.177,8.823,0.0,0.0
358,5.0,5.0,0.0,0.0,0.0,0.0,3323.032,2093.665,4.884,29.594,29.371,8.686,0.0,0.0
360,5.0,5.0,0.0,2.0,2.0,0.0,3428.57,2204.227,-26.782,30.214,30.097,8.797,0.0,0.0
361,5.0,5.0,0.0,3.0,3.0,0.0,3343.21,2289.573,-17.464,30.187,30.075,8.878,0.0,0.0
364,5.0,5.0,0.0,6.0,6.0,0.0,3030.567,2377.599,60.375,29.609,29.453,8.701,0.0,0.0
365,5.0,5.0,0.0,7.0,7.0,0.0,3398.728,2389.98,28.283,30.238,30.119,8.804,0.0,0.0
367,6.0,5.0,0.0,1.0,3.0,0.0,3714.278,2372.557,118.934,29.927,29.687,8.782,0.0,0.0
368,7.0,5.0,0.0,0.0,0.0,0.0,4466.407,2061.016,115.177,30.241,29.875,8.769,0.0,0.0
369,7.0,5.0,0.0,1.0,1.0,0.0,4388.623,2086.154,89.791,29.806,29.679,8.763,0.0,0.0
370,7.0,5.0,0.0,2.0,3.0,0.0,4306.871,2176.647,123.406,29.844,29.679,8.769,0.0,0.0
371,7.0,5.0,0.0,3.0,4.0,0.0,4564.721,2316.51,-25.822,30.326,30.204,8.829,0.0,0.0
372,8.0,5.0,0.0,0.0,0.0,0.0,4987.65,2097.698,100.9,29.846,29.811,8.788,0.0,0.0
374,8.0,5.0,0.0,2.0,2.0,0.0,5079.512,2142.938,107.292,30.341,30.149,8.823,0.0,0.0
375,8.0,5.0,0.0,3.0,3.0,0.0,4627.709,2142.703,-19.547,30.162,30.108,8.791,0.0,0.0
376,8.0,5.0,0.0,4.0,4.0,0.0,4678.379,2227.438,29.216,29.926,29.86,8.807,0.0,0.0
377,8.0,5.0,0.0,5.0,5.0,0.0,4717.299,2264.049,33.059,30.281,30.04,8.799,0.0,0.0
378,8.0,5.0,0.0,6.0,6.0,0.0,4777.946,2429.684,79.555,30.426,30.406,8.873,0.0,0.0
379,8.0,5.0,0.0,7.0,7.0,0.0,4803.756,2447.882,26.389,30.129,30.095,8.784,0.0,0.0
380,9.0,5.0,0.0,0.0,0.0,0.0,5236.052,2152.958,50.881,30.422,30.234,8.847,0.0,0.0
381,9.0,5.0,0.0,1.0,1.0,0.0,5456.469,2238.608,32.843,29.885,29.812,8.794,0.0,0.0
382,9.0,5.0,0.0,2.0,2.0,0.0,5500.052,2267.927,55.544,29.816,29.566,8.748,0.0,0.0
384,0.0,6.0,0.0,0.0,0.0,0.0,272.365,2488.135,75.011,29.716,29.519,8.726,0.0,0.0
385,0.0,6.0,0.0,1.0,1.0,0.0,501.853,2623.065,-0.77,30.11,30.068,8.778,0.0,0.0
386,0.0,6.0,0.0,2.0,2.0,0.0,168.657,2655.006,31.413,29.292,29.183,8.702,0.0,0.0
387,0.0,6.0,0.0,3.0,3.0,0.0,339.716,2802.838,45.246,30.518,30.426,8.803,0.0,0.0
389,1.0,6.0,0.0,0.0,0.0,0.0,995.062,2487.302,89.142,29.821,29.61,8.755,0.0,0.0
391,1.0,6.0,0.0,2.0,2.0,0.0,996.041,2519.538,119.233,29.803,29.622,8.754,0.0,0.0
392,1.0,6.0,0.0,3.0,3.0,0.0,1151.51,2638.58,6.956,30.648,30.524,8.923,0.0,0.0
394,1.0,6.0,0.0,5.0,5.0,0.0,956.457,2731.95,101.662,29.616,29.481,8.706,0.0,0.0
395,1.0,6.0,0.0,6.0,6.0,0.0,688.329,2761.431,-9.289,29.952,29.845,8.809,0.0,0.0
396,1.0,6.0,0.0,7.0,8.0,0.0,718.803,2819.621,-33.028,30.258,30.201,8.819,0.0,0.0
397,2.0,6.0,0.0,0.0,0.0,0.0,1707.72,2478.459,111.951,30.082,29.991,8.762,0.0,0.0
398,2.0,6.0,0.0,1.0,1.0,0.0,1720.536,2512.613,123.91,30.366,30.275,8.845,0.0,0.0
399,2.0,6.0,0.0,2.0,2.0,0.0,1441.446,2556.777,115.644,29.81,29.63,8.756,0.0,0.0
401,2.0,6.0,0.0,4.0,5.0,0.0,1193.354,2822.098,95.86,30.55,29.981,9.289,0.0,0.0
402,2.0,6.0,0.0,5.0,5.0,0.0,1186.619,2794.606,50.753,30.16,29.632,9.279,0.0,0.0
403,2.0,6.0,0.0,6.0,6.0,0.0,1349.771,2801.779,-29.932,29.851,29.429,8.91,0.0,0.0
405,2.0,6.0,0.0,8.0,7.0,0.0,1347.501,2864.902,-23.608,30.417,30.239,8.848,0.0,0.0
406,3.0,6.0,0.0,0.0,0.0,0.0,2171.788,2498.196,110.467,29.975,29.791,8.804,0.0,0.0
410,4.0,6.0,0.0,0.0,0.0,0.0,2690.475,2523.02,55.439,30.016,29.811,8.813,0.0,0.0
412,4.0,6.0,0.0,2.0,3.0,0.0,2559.876,2773.747,-32.011,29.896,29.728,8.784,0.0,0.0
413,4.0,6.0,0.0,3.0,4.0,0.0,2329.92,2801.313,-2.421,30.281,30.15,8.815,0.0,0.0
414,4.0,6.0,0.0,4.0,5.0,0.0,2513.889,2846.193,14.48,30.238,29.975,9.559,0.0,0.0
415,4.0,6.0,0.0,5.0,5.0,0.0,2487.428,2846.405,-8.393,30.173,29.895,9.535,0.0,0.0
416,5.0,6.0,0.0,0.0,0.0,0.0,3099.81,2544.154,64.459,29.861,29.763,8.783,0.0,0.0
417,5.0,6.0,0.0,1.0,1.0,0.0,3158.137,2611.572,47.216,29.862,29.452,8.652,0.0,0.0
418,5.0,6.0,0.0,2.0,2.0,0.0,3154.373,2651.691,68.912,30.305,29.905,8.782,0.0,0.0
419,5.0,6.0,0.0,3.0,3.0,0.0,3246.436,2670.504,56.948,29.953,29.746,8.794,0.0,0.0
420,5.0,6.0,0.0,4.0,4.0,0.0,3262.818,2776.143,29.246,30.662,30.277,8.641,0.0,0.0
421,5.0,6.0,0.0,5.0,5.0,0.0,3052.625,2776.957,44.604,30.081,29.954,8.844,0.0,0.0
422,5.0,6.0,0.0,6.0,6.0,0.0,2980.275,2794.236,-40.496,30.179,30.068,8.788,0.0,0.0
424,6.0,6.0,0.0,0.0,0.0,0.0,4038.425,2492.648,130.157,30.61,30.394,8.898,0.0,0.0
425,6.0,6.0,0.0,1.0,1.0,0.0,3982.349,2610.359,-16.93,30.273,30.15,8.813,0.0,0.0
426,6.0,6.0,0.0,2.0,2.0,0.0,3846.352,2634.239,87.484,30.059,29.803,8.732,0.0,0.0
428,7.0,6.0,0.0,0.0,1.0,0.0,4148.8,2671.812,43.943,29.833,29.739,8.776,0.0,0.0
429,7.0,6.0,0.0,1.0,2.0,0.0,4568.418,2859.26,58.803,31.356,31.203,8.868,0.0,0.0
430,8.0,6.0,0.0,0.0,1.0,0.0,5196.623,2472.842,90.28,32.173,25.274,8.328,0.0,0.0
431,8.0,6.0,0.0,1.0,2.0,0.0,4931.637,2506.876,89.671,30.152,30.047,8.781,0.0,0.0
432,8.0,6.0,0.0,2.0,4.0,0.0,4824.824,2607.599,50.804,29.591,29.534,8.71,0.0,0.0
433,8.0,6.0,0.0,3.0,5.0,0.0,4644.011,2684.389,86.168,29.991,29.856,8.816,0.0,0.0
434,8.0,6.0,0.0,4.0,7.0,0.0,5152.106,2800.476,128.274,30.693,30.45,8.833,0.0,0.0
435,8.0,6.0,0.0,5.0,8.0,0.0,4916.654,2839.022,-26.005,30.052,30.019,8.762,0.0,0.0
438,9.0,6.0,0.0,1.0,3.0,0.0,5218.799,2568.522,6.476,30.258,30.17,8.814,0.0,0.0
439,9.0,6.0,0.0,2.0,4.0,0.0,5757.527,2577.976,-25.483,30.076,30.037,8.768,0.0,0.0
440,9.0,6.0,0.0,3.0,5.0,0.0,5748.632,2643.072,130.719,32.704,32.455,9.152,0.0,0.0
441,9.0,6.0,0.0,4.0,6.0,0.0,5693.656,2737.11,19.015,30.441,30.283,8.772,0.0,0.0
442,9.0,6.0,0.0,5.0,7.0,0.0,5398.828,2821.307,101.898,30.459,30.362,8.786,0.0,0.0
443,0.0,7.0,0.0,0.0,0.0,0.0,456.544,2898.109,83.113,30.37,30.205,8.836,0.0,0.0
444,0.0,7.0,0.0,1.0,1.0,0.0,182.932,2940.886,59.284,29.612,29.481,8.705,0.0,0.0
445,0.0,7.0,0.0,2.0,2.0,0.0,501.863,2969.796,-12.048,30.403,30.23,8.844,0.0,0.0
446,0.0,7.0,0.0,3.0,3.0,0.0,110.694,3021.299,52.364,30.055,29.974,8.756,0.0,0.0
447,0.0,7.0,0.0,4.0,4.0,0.0,206.097,3120.289,37.14,29.761,29.64,8.751,0.0,0.0
449,0.0,7.0,0.0,6.0,6.0,0.0,326.778,3204.793,127.259,29.548,29.388,8.682,0.0,0.0
453,1.0,7.0,0.0,0.0,0.0,0.0,801.443,3144.43,-41.259,29.678,29.589,8.731,0.0,0.0
455,1.0,7.0,0.0,2.0,2.0,0.0,1121.741,3196.551,86.562,30.401,30.276,8.85,0.0,0.0
456,2.0,7.0,0.0,0.0,1.0,0.0,1228.913,3001.938,26.653,29.904,29.626,8.769,0.0,0.0
459,2.0,7.0,0.0,3.0,4.0,0.0,1374.426,3150.036,73.393,30.095,30.026,8.769,0.0,0.0
460,2.0,7.0,0.0,4.0,5.0,0.0,1708.07,3153.855,118.91,30.644,30.442,8.824,0.0,0.0
461,2.0,7.0,0.0,5.0,6.0,0.0,1290.374,3173.154,89.449,29.761,29.739,8.765,0.0,0.0
463,3.0,7.0,0.0,0.0,0.0,0.0,2182.876,2923.96,102.753,30.074,29.814,8.822,0.0,0.0
465,3.0,7.0,0.0,2.0,2.0,0.0,2045.26,3119.905,40.602,29.78,29.648,8.755,0.0,0.0
467,3.0,7.0,0.0,4.0,4.0,0.0,1875.378,3167.92,37.86,29.806,29.736,8.771,0.0,0.0
469,4.0,7.0,0.0,1.0,4.0,0.0,2463.935,3091.3,107.661,29.809,29.633,8.757,0.0,0.0
470,4.0,7.0,0.0,2.0,5.0,0.0,2322.479,3170.063,128.434,29.894,29.825,8.797,0.0,0.0
471,4.0,7.0,0.0,3.0,6.0,0.0,2658.556,3191.132,119.995,30.233,30.083,8.798,0.0,0.0
472,4.0,7.0,0.0,4.0,7.0,0.0,2872.692,3198.024,-6.407,30.233,30.051,8.709,0.0,0.0
473,4.0,7.0,0.0,5.0,8.0,0.0,2829.2,3215.294,22.023,30.607,30.363,8.807,0.0,0.0
474,5.0,7.0,0.0,0.0,0.0,0.0,3297.228,2884.258,116.542,30.37,30.071,8.816,0.0,0.0
475,5.0,7.0,0.0,1.0,1.0,0.0,2924.931,2950.932,65.143,29.908,29.323,8.725,0.0,0.0
477,6.0,7.0,0.0,0.0,1.0,0.0,3613.807,2941.69,-17.875,30.237,30.205,8.816,0.0,0.0
478,6.0,7.0,0.0,1.0,2.0,0.0,3524.007,2955.903,18.619,29.679,29.333,8.693,0.0,0.0
479,6.0,7.0,0.0,2.0,3.0,0.0,3651.288,3082.472,49.665,30.047,29.957,8.839,0.0,0.0
481,6.0,7.0,0.0,4.0,5.0,0.0,3618.475,3228.233,-17.304,29.796,29.687,8.763,0.0,0.0
483,7.0,7.0,0.0,0.0,1.0,0.0,4348.453,3075.535,-18.409,29.99,29.823,8.724,0.0,0.0
484,7.0,7.0,0.0,1.0,2.0,0.0,4480.26,3248.092,84.011,30.584,30.543,8.83,0.0,0.0
485,8.0,7.0,0.0,0.0,1.0,0.0,4739.863,2923.508,51.762,29.844,29.496,8.742,0.0,0.0
486,8.0,7.0,0.0,1.0,2.0,0.0,5101.222,3183.29,-15.68,30.352,30.201,8.833,0.0,0.0
487,9.0,7.0,0.0,0.0,0.0,0.0,5625.135,2879.83,101.863,30.348,30.196,8.831,0.0,0.0
488,9.0,7.0,0.0,1.0,1.0,0.0,5717.059,2881.909,98.02,30.296,30.137,8.815,0.0,0.0
489,9.0,7.0,0.0,2.0,2.0,0.0,5477.29,2896.432,101.773,29.865,29.719,8.777,0.0,0.0
490,9.0,7.0,0.0,3.0,3.0,0.0,5228.394,2941.471,35.424,30.04,29.742,8.807,0.0,0.0
491,9.0,7.0,0.0,4.0,4.0,0.0,5750.332,2962.221,-17.133,30.329,30.166,8.824,0.0,0.0
493,9.0,7.0,0.0,6.0,6.0,0.0,5582.037,2986.158,79.364,30.106,30.034,8.772,0.0,0.0
494,9.0,7.0,0.0,7.0,7.0,0.0,5377.452,3039.471,39.338,29.996,29.946,8.83,0.0,0.0
495,9.0,7.0,0.0,8.0,8.0,0.0,5732.213,3061.569,-27.489,30.731,30.479,8.928,0.0,0.0
496,9.0,7.0,0.0,9.0,9.0,0.0,5520.123,3099.204,92.498,29.935,29.744,8.791,0.0,0.0
498,0.0,8.0,0.0,0.0,1.0,0.0,120.445,3308.842,52.583,29.642,29.519,8.715,0.0,0.0
499,0.0,8.0,0.0,1.0,3.0,0.0,280.22,3383.24,77.57,29.711,29.558,8.645,0.0,0.0
500,0.0,8.0,0.0,2.0,4.0,0.0,332.584,3385.766,50.382,29.913,29.784,8.794,0.0,0.0
501,0.0,8.0,0.0,3.0,5.0,0.0,74.468,3403.519,32.631,12.485,11.955,5.554,0.0,0.0
502,0.0,8.0,0.0,4.0,6.0,0.0,95.93,3411.3,64.192,12.753,12.412,5.72,0.0,0.0
503,0.0,8.0,0.0,5.0,7.0,0.0,212.439,3426.106,30.024,29.689,29.564,8.729,0.0,0.0
504,0.0,8.0,0.0,6.0,8.0,0.0,487.815,3526.154,57.994,30.252,29.949,8.781,0.0,0.0
507,1.0,8.0,0.0,2.0,3.0,0.0,1027.162,3586.916,123.46,30.366,30.22,8.837,0.0,0.0
508,2.0,8.0,0.0,0.0,0.0,0.0,1368.677,3311.852,75.514,29.928,29.823,8.802,0.0,0.0
509,2.0,8.0,0.0,1.0,1.0,0.0,1424.748,3427.641,67.392,29.555,29.498,8.699,0.0,0.0
510,2.0,8.0,0.0,2.0,2.0,0.0,1461.158,3486.48,84.97,30.24,30.096,8.801,0.0,0.0
511,2.0,8.0,0.0,3.0,3.0,0.0,1223.224,3507.459,-23.925,29.833,29.744,8.777,0.0,0.0
512,2.0,8.0,0.0,4.0,4.0,0.0,1296.242,3605.034,75.297,30.538,30.356,8.882,0.0,0.0
513,2.0,8.0,0.0,5.0,5.0,0.0,1454.656,3624.986,86.193,30.387,30.301,8.852,0.0,0.0
514,2.0,8.0,0.0,6.0,6.0,0.0,1303.489,3643.133,68.335,30.227,30.022,8.788,0.0,0.0
515,2.0,8.0,0.0,7.0,7.0,0.0,1406.463,3664.976,8.75,30.225,30.163,8.808,0.0,0.0
516,3.0,8.0,0.0,0.0,0.0,0.0,2071.404,3325.546,-19.113,30.119,29.962,8.763,0.0,0.0
517,3.0,8.0,0.0,1.0,1.0,0.0,1880.428,3335.156,47.965,29.713,29.546,8.73,0.0,0.0
518,3.0,8.0,0.0,2.0,2.0,0.0,2031.857,3537.1,50.023,29.992,29.9,8.823,0.0,0.0
519,3.0,8.0,0.0,3.0,3.0,0.0,1824.929,3631.292,11.876,30.381,30.201,8.837,0.0,0.0
520,4.0,8.0,0.0,0.0,0.0,0.0,2341.337,3330.109,58.46,30.099,29.801,8.737,0.0,0.0
521,4.0,8.0,0.0,1.0,1.0,0.0,2609.37,3337.472,99.643,29.805,29.549,8.743,0.0,0.0
523,4.0,8.0,0.0,3.0,3.0,0.0,2845.928,3466.003,-44.07,29.927,29.818,8.715,0.0,0.0
524,4.0,8.0,0.0,4.0,4.0,0.0,2518.216,3481.258,3.052,30.016,29.805,8.726,0.0,0.0
525,4.0,8.0,0.0,5.0,5.0,0.0,2792.835,3585.569,-25.187,30.35,30.122,8.736,0.0,0.0
527,5.0,8.0,0.0,0.0,0.0,0.0,2933.37,3314.288,60.142,30.07,29.769,8.728,0.0,0.0
529,5.0,8.0,0.0,2.0,2.0,0.0,3245.549,3361.901,-23.15,29.706,29.639,8.742,0.0,0.0
530,5.0,8.0,0.0,3.0,3.0,0.0,3157.782,3388.863,42.752,29.902,29.602,8.766,0.0,0.0
532,5.0,8.0,0.0,5.0,5.0,0.0,3013.947,3451.032,33.314,29.611,29.379,8.778,0.0,0.0
533,5.0,8.0,0.0,6.0,6.0,0.0,3427.114,3592.05,5.981,30.545,30.421,8.893,0.0,0.0
534,5.0,8.0,0.0,7.0,7.0,0.0,2899.726,3618.51,0.843,30.212,30.016,8.785,0.0,0.0
536,6.0,8.0,0.0,0.0,0.0,0.0,3507.798,3415.146,35.019,29.418,29.117,8.711,0.0,0.0
538,6.0,8.0,0.0,2.0,2.0,0.0,3510.752,3588.35,-2.662,30.111,29.986,8.853,0.0,0.0
539,6.0,8.0,0.0,3.0,3.0,0.0,3685.289,3602.142,52.766,30.039,29.909,8.831,0.0,0.0
540,6.0,8.0,0.0,4.0,4.0,0.0,3682.037,3637.803,68.206,30.161,30.018,8.778,0.0,0.0
541,7.0,8.0,0.0,0.0,0.0,0.0,4071.029,3297.224,33.052,29.786,29.588,8.747,0.0,0.0
542,7.0,8.0,0.0,1.0,2.0,0.0,4404.968,3412.23,-14.135,30.252,29.926,8.778,0.0,0.0
543,7.0,8.0,0.0,2.0,3.0,0.0,4199.108,3487.869,58.232,29.723,29.677,8.751,0.0,0.0
544,7.0,8.0,0.0,3.0,4.0,0.0,4302.527,3590.757,1.818,30.144,30.026,8.777,0.0,0.0
545,7.0,8.0,0.0,4.0,6.0,0.0,4221.881,3661.889,-18.673,30.04,29.914,8.832,0.0,0.0
546,8.0,8.0,0.0,0.0,0.0,0.0,5168.348,3330.772,-42.829,30.511,30.335,8.875,0.0,0.0
547,8.0,8.0,0.0,1.0,1.0,0.0,5123.26,3353.026,71.079,29.69,29.574,8.73,0.0,0.0
548,8.0,8.0,0.0,2.0,2.0,0.0,5067.77,3475.282,12.231,29.973,29.92,8.823,0.0,0.0
550,8.0,8.0,0.0,4.0,4.0,0.0,4865.583,3556.442,35.019,29.833,29.574,8.751,0.0,0.0
551,8.0,8.0,0.0,5.0,5.0,0.0,4834.49,3604.991,114.557,30.123,30.054,8.778,0.0,0.0
552,8.0,8.0,0.0,6.0,6.0,0.0,4989.301,3668.118,58.709,30.453,30.4,8.79,0.0,0.0
553,9.0,8.0,0.0,0.0,0.0,0.0,5529.501,3292.974,121.489,29.769,29.701,8.761,0.0,0.0
554,9.0,8.0,0.0,1.0,1.0,0.0,5586.878,3412.12,-37.146,29.723,29.566,8.734,0.0,0.0
555,9.0,8.0,0.0,2.0,2.0,0.0,5518.404,3474.462,128.499,30.154,29.962,8.856,0.0,0.0
556,9.0,8.0,0.0,3.0,3.0,0.0,5325.157,3495.762,82.263,29.733,29.633,8.745,0.0,0.0
557,9.0,8.0,0.0,4.0,4.0,0.0,5439.627,3529.749,-38.556,29.568,29.359,8.681,0.0,0.0
558,9.0,8.0,0.0,5.0,5.0,0.0,5413.336,3552.016,101.28,29.788,29.671,8.759,0.0,0.0
559,9.0,8.0,0.0,6.0,6.0,0.0,5460.474,3570.797,77.049,29.888,29.741,8.784,0.0,0.0
560,9.0,8.0,0.0,7.0,7.0,0.0,5557.621,3577.795,-12.425,30.071,30.028,8.766,0.0,0.0
562,0.0,9.0,0.0,1.0,1.0,0.0,325.207,4044.249,19.272,29.796,29.623,8.753,0.0,0.0
563,1.0,9.0,0.0,0.0,0.0,0.0,668.668,3714.551,49.8,30.312,30.026,8.801,0.0,0.0
564,1.0,9.0,0.0,1.0,1.0,0.0,695.707,3730.397,31.735,29.915,29.767,8.792,0.0,0.0
566,1.0,9.0,0.0,3.0,3.0,0.0,731.467,3820.246,62.584,29.699,29.639,8.741,0.0,0.0
567,2.0,9.0,0.0,0.0,1.0,0.0,1437.615,3689.965,60.224,29.723,29.577,8.736,0.0,0.0
569,3.0,9.0,0.0,0.0,0.0,0.0,2139.65,3691.209,103.126,30.329,30.106,8.815,0.0,0.0
570,3.0,9.0,0.0,1.0,1.0,0.0,1984.708,3813.0,107.936,29.561,29.433,8.779,0.0,0.0
571,3.0,9.0,0.0,2.0,2.0,0.0,2195.335,3975.969,19.841,30.556,30.412,8.893,0.0,0.0
573,4.0,9.0,0.0,0.0,0.0,0.0,2347.921,3743.724,32.166,30.097,29.772,8.82,0.0,0.0
574,4.0,9.0,0.0,1.0,1.0,0.0,2402.684,3811.598,37.269,29.92,29.656,8.776,0.0,0.0
575,4.0,9.0,0.0,2.0,3.0,0.0,2523.81,3911.854,111.971,29.824,29.762,8.778,0.0,0.0
577,4.0,9.0,0.0,4.0,5.0,0.0,2419.302,3928.481,-22.963,29.765,29.616,8.748,0.0,0.0
578,4.0,9.0,0.0,5.0,6.0,0.0,2609.357,3978.887,112.161,30.438,30.361,8.868,0.0,0.0
581,5.0,9.0,0.0,1.0,1.0,0.0,3435.296,3777.506,-34.483,29.733,29.594,8.74,0.0,0.0
582,5.0,9.0,0.0,2.0,2.0,0.0,3072.712,3825.912,48.15,29.306,29.142,8.698,0.0,0.0
583,5.0,9.0,0.0,3.0,3.0,0.0,3253.993,3835.193,73.961,30.046,29.949,8.751,0.0,0.0
584,5.0,9.0,0.0,4.0,4.0,0.0,3191.617,3835.899,56.63,30.145,29.957,8.854,0.0,0.0
585,5.0,9.0,0.0,5.0,5.0,0.0,3064.446,3928.64,-10.21,29.933,29.759,8.794,0.0,0.0
586,5.0,9.0,0.0,6.0,6.0,0.0,3282.369,3937.404,46.791,30.638,30.397,8.903,0.0,0.0
587,5.0,9.0,0.0,7.0,7.0,0.0,2970.112,4045.727,-14.134,30.112,30.004,8.769,0.0,0.0
588,5.0,9.0,0.0,8.0,8.0,0.0,2895.892,4080.571,-15.296,30.946,30.661,8.9,0.0,0.0
589,6.0,9.0,0.0,0.0,0.0,0.0,3860.144,3688.421,111.941,30.086,29.913,8.752,0.0,0.0
590,6.0,9.0,0.0,1.0,1.0,0.0,3738.945,3733.133,56.55,37.774,37.386,9.864,0.0,0.0
591,6.0,9.0,0.0,2.0,2.0,0.0,3736.482,3775.95,76.579,37.584,37.25,9.821,0.0,0.0
592,6.0,9.0,0.0,3.0,3.0,0.0,3584.825,3833.246,16.846,29.746,29.615,8.745,0.0,0.0
593,6.0,9.0,0.0,4.0,4.0,0.0,3862.552,3850.805,-18.359,33.335,33.275,9.272,0.0,0.0
594,6.0,9.0,0.0,5.0,5.0,0.0,3893.827,3876.205,63.866,30.054,29.854,8.738,0.0,0.0
595,6.0,9.0,0.0,6.0,7.0,0.0,3731.875,3995.084,84.011,30.112,29.756,8.818,0.0,0.0
597,7.0,9.0,0.0,0.0,1.0,0.0,4466.406,3723.719,83.852,29.984,29.485,8.76,0.0,0.0
598,7.0,9.0,0.0,1.0,2.0,0.0,4445.012,3777.134,110.427,29.803,29.661,8.76,0.0,0.0
599,7.0,9.0,0.0,2.0,3.0,0.0,4225.102,3856.338,114.053,29.704,29.502,8.722,0.0,0.0
600,8.0,9.0,0.0,0.0,1.0,0.0,4737.646,3886.635,78.986,29.504,29.396,8.677,0.0,0.0
601,8.0,9.0,0.0,1.0,2.0,0.0,4818.279,3992.999,62.809,30.048,29.783,8.814,0.0,0.0
602,8.0,9.0,0.0,2.0,3.0,0.0,4913.698,3999.152,96.069,29.857,29.591,8.757,0.0,0.0
604,9.0,9.0,0.0,0.0,0.0,0.0,5409.37,3786.788,103.727,29.797,29.425,8.724,0.0,0.0
605,9.0,9.0,0.0,1.0,1.0,0.0,5437.203,3824.501,41.62,29.876,29.799,8.791,0.0,0.0
606,9.0,9.0,0.0,2.0,2.0,0.0,5509.121,3826.885,83.881,29.805,29.63,8.755,0.0,0.0
607,9.0,9.0,0.0,3.0,3.0,0.0,5708.809,3834.824,-22.197,30.012,29.892,8.825,0.0,0.0
608,9.0,9.0,0.0,4.0,4.0,0.0,5474.818,3954.897,108.071,30.362,30.116,8.821,0.0,0.0
610,0.0,10.0,0.0,0.0,0.0,0.0,272.936,4113.838,45.944,30.357,30.235,8.838,0.0,0.0
611,0.0,10.0,0.0,1.0,1.0,0.0,148.934,4131.418,58.647,29.77,29.485,8.729,0.0,0.0
612,0.0,10.0,0.0,2.0,2.0,0.0,43.065,4196.126,40.782,30.246,29.923,8.776,0.0,0.0
613,0.0,10.0,0.0,3.0,3.0,0.0,402.022,4198.779,72.835,30.323,30.15,8.821,0.0,0.0
614,0.0,10.0,0.0,4.0,4.0,0.0,344.201,4230.815,-3.641,30.149,30.031,8.778,0.0,0.0
617,1.0,10.0,0.0,0.0,0.0,0.0,1098.338,4204.997,26.758,30.558,30.193,9.426,0.0,0.0
618,1.0,10.0,0.0,1.0,0.0,0.0,1066.597,4174.083,81.462,30.601,30.267,9.244,0.0,0.0
619,1.0,10.0,0.0,2.0,1.0,0.0,820.09,4230.509,-3.718,30.278,30.075,8.803,0.0,0.0
620,1.0,10.0,0.0,3.0,2.0,0.0,1142.823,4252.744,-4.136,30.848,30.639,8.882,0.0,0.0
621,1.0,10.0,0.0,4.0,3.0,0.0,713.574,4279.539,1.752,30.114,30.071,8.866,0.0,0.0
622,1.0,10.0,0.0,5.0,5.0,0.0,929.368,4356.023,72.86,29.737,29.603,8.742,0.0,0.0
626,2.0,10.0,0.0,0.0,0.0,0.0,1502.918,4155.136,118.554,30.216,30.052,8.791,0.0,0.0
627,2.0,10.0,0.0,1.0,1.0,0.0,1310.602,4190.68,40.954,29.773,29.647,8.753,0.0,0.0
628,2.0,10.0,0.0,2.0,2.0,0.0,1190.765,4229.564,68.423,30.05,29.94,8.75,0.0,0.0
629,2.0,10.0,0.0,3.0,4.0,0.0,1512.964,4337.415,-23.015,30.056,29.997,8.847,0.0,0.0
630,2.0,10.0,0.0,4.0,6.0,0.0,1487.688,4405.319,55.135,30.229,30.114,8.802,0.0,0.0
631,3.0,10.0,0.0,0.0,0.0,0.0,2163.884,4178.577,106.497,30.381,30.068,8.817,0.0,0.0
632,3.0,10.0,0.0,1.0,1.0,0.0,2120.268,4196.816,114.167,29.714,29.524,8.726,0.0,0.0
634,3.0,10.0,0.0,3.0,3.0,0.0,2060.393,4370.459,63.882,30.233,30.093,8.799,0.0,0.0
635,3.0,10.0,0.0,4.0,4.0,0.0,2112.904,4435.391,53.576,29.915,29.822,8.8,0.0,0.0
640,4.0,10.0,0.0,3.0,4.0,0.0,2844.63,4391.137,40.523,30.376,30.135,8.826,0.0,0.0
641,4.0,10.0,0.0,4.0,5.0,0.0,2526.456,4439.158,107.921,29.987,29.893,8.734,0.0,0.0
642,4.0,10.0,0.0,5.0,6.0,0.0,2783.512,4467.568,-15.105,30.63,30.419,8.819,0.0,0.0
643,4.0,10.0,0.0,6.0,7.0,0.0,2445.799,4482.291,67.232,30.409,30.227,8.844,0.0,0.0
644,4.0,10.0,0.0,7.0,8.0,0.0,2394.803,4495.093,1.126,30.44,30.416,8.877,0.0,0.0
645,5.0,10.0,0.0,0.0,1.0,0.0,2952.727,4418.794,42.759,30.315,30.097,8.812,0.0,0.0
647,6.0,10.0,0.0,1.0,1.0,0.0,3501.273,4253.109,20.797,30.288,30.13,8.813,0.0,0.0
648,6.0,10.0,0.0,2.0,2.0,0.0,3521.277,4345.694,88.559,30.602,30.585,8.839,0.0,0.0
650,6.0,10.0,0.0,4.0,4.0,0.0,3906.059,4405.016,130.275,29.795,29.764,8.774,0.0,0.0
651,6.0,10.0,0.0,5.0,6.0,0.0,3976.625,4490.515,-36.736,30.93,30.517,8.711,0.0,0.0
652,7.0,10.0,0.0,0.0,0.0,0.0,4460.556,4150.688,66.841,30.014,29.593,8.695,0.0,0.0
653,7.0,10.0,0.0,1.0,1.0,0.0,4410.744,4144.36,122.755,13.068,12.761,5.736,0.0,0.0
654,7.0,10.0,0.0,2.0,2.0,0.0,4161.309,4328.209,-40.971,29.792,29.744,8.771,0.0,0.0
655,7.0,10.0,0.0,3.0,3.0,0.0,4315.596,4330.372,47.937,29.998,29.856,8.817,0.0,0.0
656,7.0,10.0,0.0,4.0,4.0,0.0,4479.711,4334.707,-19.446,29.998,29.949,8.744,0.0,0.0
657,8.0,10.0,0.0,0.0,0.0,0.0,5014.265,4112.606,75.415,29.871,29.693,8.774,0.0,0.0
658,8.0,10.0,0.0,1.0,2.0,0.0,4855.948,4191.434,61.956,29.756,29.546,8.736,0.0,0.0
661,8.0,10.0,0.0,4.0,5.0,0.0,5154.071,4250.794,18.938,30.064,29.999,8.761,0.0,0.0
662,8.0,10.0,0.0,5.0,6.0,0.0,4858.928,4261.816,60.005,29.928,29.548,8.676,0.0,0.0
666,9.0,10.0,0.0,3.0,4.0,0.0,5558.456,4315.63,112.053,30.085,29.925,8.84,0.0,0.0
668,9.0,10.0,0.0,5.0,6.0,0.0,5305.286,4400.636,52.585,29.558,29.458,8.782,0.0,0.0
670,9.0,10.0,0.0,7.0,8.0,0.0,5372.52,4495.864,-6.46,30.439,30.223,8.849,0.0,0.0
671,0.0,11.0,0.0,0.0,1.0,0.0,74.343,4563.437,31.906,30.254,30.131,8.808,0.0,0.0
672,0.0,11.0,0.0,1.0,2.0,0.0,584.521,4600.192,-22.773,30.707,30.621,8.859,0.0,0.0
674,0.0,11.0,0.0,3.0,4.0,0.0,472.02,4792.678,41.713,30.391,30.321,8.856,0.0,0.0
675,1.0,11.0,0.0,0.0,1.0,0.0,1164.68,4509.563,90.451,32.331,25.165,8.328,0.0,0.0
676,1.0,11.0,0.0,1.0,4.0,0.0,679.206,4769.082,42.639,29.877,29.84,8.797,0.0,0.0
677,2.0,11.0,0.0,0.0,1.0,0.0,1453.344,4525.974,95.669,30.065,29.918,8.836,0.0,0.0
679,2.0,11.0,0.0,2.0,3.0,0.0,1168.193,4584.359,63.093,29.982,29.886,8.819,0.0,0.0
680,2.0,11.0,0.0,3.0,4.0,0.0,1586.524,4829.934,116.651,30.423,30.345,8.864,0.0,0.0
682,3.0,11.0,0.0,0.0,0.0,0.0,1950.891,4541.767,74.571,29.81,29.543,8.743,0.0,0.0
683,3.0,11.0,0.0,1.0,1.0,0.0,2147.374,4570.391,-44.27,29.944,29.876,8.812,0.0,0.0
686,3.0,11.0,0.0,4.0,4.0,0.0,2032.544,4806.027,-36.67,30.274,30.133,8.811,0.0,0.0
687,3.0,11.0,0.0,5.0,5.0,0.0,1943.592,4840.333,131.968,29.967,29.871,8.815,0.0,0.0
688,3.0,11.0,0.0,6.0,6.0,0.0,1916.407,4898.198,-28.318,30.415,30.309,8.857,0.0,0.0
689,3.0,11.0,0.0,7.0,7.0,0.0,2127.333,4906.59,-1.138,30.757,28.772,8.595,0.0,0.0
690,4.0,11.0,0.0,0.0,3.0,0.0,2483.49,4594.717,-30.438,29.525,29.496,8.695,0.0,0.0
691,4.0,11.0,0.0,1.0,4.0,0.0,2815.235,4605.1,-25.193,30.238,30.198,8.815,0.0,0.0
692,4.0,11.0,0.0,2.0,5.0,0.0,2424.641,4610.669,43.921,29.923,29.821,8.801,0.0,0.0
693,4.0,11.0,0.0,3.0,6.0,0.0,2562.674,4711.677,95.396,29.748,29.517,8.73,0.0,0.0
694,4.0,11.0,0.0,4.0,7.0,0.0,2757.054,4713.666,6.566,30.441,30.399,8.874,0.0,0.0
695,4.0,11.0,0.0,5.0,8.0,0.0,2435.924,4731.306,-23.847,30.327,29.924,9.913,0.0,0.0
696,4.0,11.0,0.0,6.0,8.0,0.0,2453.121,4716.841,-28.028,29.887,29.708,9.935,0.0,0.0
697,4.0,11.0,0.0,7.0,9.0,0.0,2754.899,4786.051,54.245,30.479,30.406,8.881,0.0,0.0
698,4.0,11.0,0.0,8.0,10.0,0.0,2442.985,4805.124,38.521,30.077,30.016,8.852,0.0,0.0
699,4.0,11.0,0.0,9.0,11.0,0.0,2856.946,4851.038,6.306,30.987,30.879,8.937,0.0,0.0
700,4.0,11.0,0.0,10.0,12.0,0.0,2748.721,4860.365,-3.523,30.376,30.253,8.844,0.0,0.0
701,5.0,11.0,0.0,0.0,0.0,0.0,2907.432,4572.984,35.514,30.239,30.205,8.817,0.0,0.0
703,5.0,11.0,0.0,2.0,2.0,0.0,2970.683,4746.799,28.678,30.034,29.808,8.816,0.0,0.0
704,5.0,11.0,0.0,3.0,3.0,0.0,3306.538,4758.495,6.744,13.333,12.648,5.769,0.0,0.0
705,5.0,11.0,0.0,4.0,4.0,0.0,3262.927,4816.18,61.079,29.808,29.707,8.767,0.0,0.0
706,5.0,11.0,0.0,5.0,5.0,0.0,3175.599,4831.894,63.479,30.409,30.285,8.768,0.0,0.0
707,5.0,11.0,0.0,6.0,6.0,0.0,3116.892,4862.045,44.913,30.155,29.981,8.772,0.0,0.0
709,5.0,11.0,0.0,8.0,8.0,0.0,3312.342,4881.513,0.636,30.85,30.674,8.887,0.0,0.0
710,5.0,11.0,0.0,9.0,9.0,0.0,2973.993,4907.466,-1.381,31.429,27.325,8.471,0.0,0.0
713,6.0,11.0,0.0,2.0,3.0,0.0,3606.325,4725.295,37.676,29.741,29.639,8.747,0.0,0.0
714,6.0,11.0,0.0,3.0,4.0,0.0,3871.065,4738.184,94.714,30.061,29.88,8.743,0.0,0.0
715,6.0,11.0,0.0,4.0,5.0,0.0,3820.219,4844.402,43.222,30.179,29.965,8.773,0.0,0.0
716,6.0,11.0,0.0,5.0,6.0,0.0,3538.482,4879.745,-35.153,30.31,30.126,8.815,0.0,0.0
721,7.0,11.0,0.0,4.0,4.0,0.0,4263.064,4701.487,47.163,39.284,32.456,9.578,0.0,0.0
722,7.0,11.0,0.0,5.0,5.0,0.0,4400.465,4739.376,42.624,29.867,29.694,8.774,0.0,0.0
723,7.0,11.0,0.0,6.0,7.0,0.0,4238.122,4854.068,118.995,29.561,29.504,8.701,0.0,0.0
725,7.0,11.0,0.0,8.0,9.0,0.0,4504.873,4880.762,2.668,30.482,30.183,8.764,0.0,0.0
726,8.0,11.0,0.0,0.0,0.0,0.0,4872.265,4515.363,44.491,29.92,29.774,8.794,0.0,0.0
727,8.0,11.0,0.0,1.0,1.0,0.0,4832.308,4527.205,6.652,29.848,29.77,8.783,0.0,0.0
728,8.0,11.0,0.0,2.0,2.0,0.0,5044.388,4777.798,-10.157,30.212,29.875,8.852,0.0,0.0
730,9.0,11.0,0.0,1.0,2.0,0.0,5557.012,4808.011,97.643,29.895,29.81,8.795,0.0,0.0
732,0.0,12.0,0.0,1.0,1.0,0.0,585.671,5121.644,101.499,30.446,29.648,8.764,0.0,0.0
733,0.0,12.0,0.0,2.0,3.0,0.0,573.671,5232.701,-0.033,30.773,30.563,8.86,0.0,0.0
736,1.0,12.0,0.0,1.0,1.0,0.0,900.923,5002.69,-44.447,29.917,29.7,8.782,0.0,0.0
737,1.0,12.0,0.0,2.0,2.0,0.0,828.189,5020.715,89.231,29.901,29.665,8.775,0.0,0.0
738,1.0,12.0,0.0,3.0,3.0,0.0,1034.07,5052.633,107.468,30.548,30.337,8.795,0.0,0.0
739,1.0,12.0,0.0,4.0,6.0,0.0,948.138,5315.941,-3.329,31.152,26.704,8.362,0.0,0.0
740,2.0,12.0,0.0,0.0,0.0,0.0,1257.321,4934.824,47.973,29.695,29.422,8.709,0.0,0.0
741,2.0,12.0,0.0,1.0,1.0,0.0,1455.689,4935.041,96.168,29.846,29.729,8.776,0.0,0.0
742,2.0,12.0,0.0,2.0,2.0,0.0,1548.82,4962.441,48.729,29.902,29.854,8.803,0.0,0.0
743,2.0,12.0,0.0,3.0,3.0,0.0,1580.588,4974.182,65.312,29.615,29.516,8.711,0.0,0.0
745,2.0,12.0,0.0,5.0,5.0,0.0,1202.695,5186.517,-15.949,30.041,29.924,8.834,0.0,0.0
746,3.0,12.0,0.0,0.0,2.0,0.0,2304.176,5045.085,-22.802,29.905,29.852,8.716,0.0,0.0
750,3.0,12.0,0.0,4.0,6.0,0.0,1937.565,5210.066,113.959,29.817,29.673,8.764,0.0,0.0
751,3.0,12.0,0.0,5.0,7.0,0.0,1830.035,5214.232,4.597,29.855,29.758,8.782,0.0,0.0
752,4.0,12.0,0.0,0.0,2.0,0.0,2352.433,5045.065,19.073,30.348,30.11,8.818,0.0,0.0
753,4.0,12.0,0.0,1.0,3.0,0.0,2459.777,5076.417,51.228,29.6,29.406,8.692,0.0,0.0
754,4.0,12.0,0.0,2.0,6.0,0.0,2520.455,5144.91,-13.566,30.308,29.892,8.781,0.0,0.0
755,4.0,12.0,0.0,3.0,7.0,0.0,2683.21,5267.42,69.045,23.876,23.748,7.844,0.0,0.0
758,5.0,12.0,0.0,1.0,2.0,0.0,2911.105,4955.776,46.807,30.553,30.385,8.888,0.0,0.0
760,5.0,12.0,0.0,3.0,5.0,0.0,2926.691,5020.75,32.706,29.759,29.531,8.734,0.0,0.0
761,5.0,12.0,0.0,4.0,6.0,0.0,3066.107,5032.184,48.743,29.978,29.678,8.788,0.0,0.0
763,5.0,12.0,0.0,6.0,8.0,0.0,2909.138,5128.365,-0.75,29.822,29.687,8.767,0.0,0.0
764,5.0,12.0,0.0,7.0,10.0,0.0,3306.583,5253.043,-38.875,30.887,30.21,8.744,0.0,0.0
765,5.0,12.0,0.0,8.0,11.0,0.0,3396.38,5316.549,-4.545,32.007,25.873,8.355,0.0,0.0
767,6.0,12.0,0.0,1.0,1.0,0.0,3614.532,4921.8,62.382,29.938,29.71,8.787,0.0,0.0
769,6.0,12.0,0.0,3.0,3.0,0.0,3557.991,5004.169,39.953,30.059,29.77,8.813,0.0,0.0
770,6.0,12.0,0.0,4.0,4.0,0.0,3835.03,5087.568,22.081,30.487,30.403,8.882,0.0,0.0
771,6.0,12.0,0.0,5.0,5.0,0.0,3560.533,5121.761,-36.638,30.317,30.211,8.829,0.0,0.0
773,6.0,12.0,0.0,7.0,7.0,0.0,3824.342,5217.31,62.038,30.018,29.854,8.733,0.0,0.0
774,6.0,12.0,0.0,8.0,8.0,0.0,3754.924,5281.453,127.167,33.458,28.833,8.924,0.0,0.0
775,7.0,12.0,0.0,0.0,1.0,0.0,4112.974,4918.551,54.868,29.588,29.529,8.709,0.0,0.0
776,7.0,12.0,0.0,1.0,3.0,0.0,4182.474,4983.624,73.111,29.982,29.812,8.808,0.0,0.0
777,8.0,12.0,0.0,0.0,1.0,0.0,5031.99,4922.903,73.441,21.769,20.147,7.378,0.0,0.0
778,8.0,12.0,0.0,1.0,2.0,0.0,5083.635,4972.602,131.296,29.793,29.635,8.755,0.0,0.0
780,8.0,12.0,0.0,3.0,4.0,0.0,4728.125,5056.034,-8.548,30.005,29.862,8.732,0.0,0.0
781,8.0,12.0,0.0,4.0,5.0,0.0,4652.435,5076.412,-5.917,30.072,29.962,8.757,0.0,0.0
782,8.0,12.0,0.0,5.0,6.0,0.0,4797.079,5095.043,77.655,29.987,29.926,8.826,0.0,0.0
783,8.0,12.0,0.0,6.0,7.0,0.0,4750.924,5143.811,21.48,29.865,29.851,8.797,0.0,0.0
784,8.0,12.0,0.0,7.0,8.0,0.0,4669.212,5151.109,22.806,29.625,29.519,8.713,0.0,0.0
785,9.0,12.0,0.0,0.0,0.0,0.0,5429.832,4994.36,63.203,29.86,29.725,8.778,0.0,0.0
786,9.0,12.0,0.0,1.0,1.0,0.0,5629.39,5052.029,-21.799,29.772,29.71,8.763,0.0,0.0
788,9.0,12.0,0.0,3.0,3.0,0.0,5570.923,5108.789,-0.961,29.962,29.729,8.794,0.0,0.0
790,9.0,12.0,0.0,5.0,5.0,0.0,5344.482,5140.214,13.888,29.622,29.405,8.784,0.0,0.0
793,9.0,12.0,0.0,8.0,9.0,0.0,5602.801,5287.288,25.259,30.452,30.362,8.871,0.0,0.0
794,0.0,2.0,0.0,0.0,0.0,0.0,195.96,1060.311,7.881,30.39,29.44,20.731,4.0,
795,1.0,0.0,0.0,0.0,0.0,0.0,686.108,13.479,50.889,30.014,29.335,23.366,4.0,
797,1.0,6.0,0.0,0.0,0.0,0.0,1138.388,2840.824,69.428,30.034,29.465,23.419,4.0,
798,1.0,10.0,0.0,0.0,0.0,0.0,661.287,4367.951,22.902,30.161,29.75,25.453,4.0,
799,1.0,10.0,0.0,0.0,0.0,0.0,670.165,4374.506,66.706,29.405,28.752,24.705,4.0,
800,2.0,3.0,0.0,0.0,0.0,0.0,1452.648,1261.803,49.101,30.22,28.657,25.106,4.0,
801,2.0,3.0,0.0,0.0,0.0,0.0,1434.676,1265.845,88.054,30.073,29.17,23.384,4.0,
802,2.0,5.0,0.0,0.0,0.0,0.0,1490.227,2262.891,-16.323,29.154,28.575,22.697,4.0,
803,2.0,6.0,0.0,0.0,0.0,0.0,1325.397,2819.095,48.648,29.869,29.356,23.297,4.0,
804,2.0,6.0,0.0,0.0,0.0,0.0,1317.362,2798.851,14.082,29.27,28.327,24.555,4.0,
805,3.0,3.0,0.0,0.0,0.0,0.0,1914.794,1400.709,93.223,31.351,29.939,25.927,4.0,
806,3.0,3.0,0.0,0.0,0.0,0.0,1917.004,1384.707,81.102,29.695,28.377,24.61,4.0,
807,4.0,5.0,0.0,0.0,0.0,0.0,2573.42,2353.172,94.279,30.525,29.262,25.335,4.0,
808,4.0,5.0,0.0,0.0,0.0,0.0,2567.147,2364.788,130.722,30.15,29.179,25.119,4.0,
810,5.0,3.0,0.0,0.0,0.0,0.0,3447.572,1238.669,104.158,29.382,28.755,24.749,4.0,
811,5.0,3.0,0.0,0.0,0.0,0.0,3455.088,1242.815,102.727,29.311,28.536,22.828,4.0,
812,5.0,8.0,0.0,0.0,0.0,0.0,3278.278,3649.009,-19.399,29.346,27.103,24.204,4.0,
813,5.0,8.0,0.0,0.0,0.0,0.0,3281.403,3655.631,98.892,29.846,29.012,23.132,4.0,
814,5.0,9.0,0.0,0.0,0.0,0.0,2976.904,3739.35,80.446,30.031,29.294,23.354,4.0,
815,5.0,12.0,0.0,0.0,0.0,0.0,3218.226,4953.106,46.531,29.593,28.999,24.945,4.0,
816,5.0,12.0,0.0,0.0,0.0,0.0,3205.796,4955.168,134.89,29.946,29.23,25.172,4.0,
818,6.0,5.0,0.0,0.0,0.0,0.0,3999.423,2269.452,117.174,31.166,30.371,26.135,4.0,
819,6.0,6.0,0.0,0.0,0.0,0.0,3851.986,2869.136,37.598,30.223,29.19,25.257,4.0,
820,6.0,6.0,0.0,0.0,0.0,0.0,3840.463,2853.585,131.23,29.578,29.269,23.193,4.0,
822,6.0,9.0,0.0,0.0,0.0,0.0,3983.885,3978.781,-31.563,29.522,29.052,23.075,4.0,
823,6.0,9.0,0.0,0.0,0.0,0.0,3966.152,3971.872,-27.784,29.743,29.44,23.301,4.0,
824,6.0,12.0,0.0,0.0,0.0,0.0,3481.805,4999.902,-19.535,29.83,28.384,23.027,4.0,
825,7.0,1.0,0.0,0.0,0.0,0.0,4319.182,819.219,42.107,29.685,29.346,23.237,4.0,
826,7.0,8.0,0.0,0.0,0.0,0.0,4436.164,3406.619,-8.898,30.675,29.885,23.792,4.0,
827,7.0,8.0,0.0,0.0,0.0,0.0,4454.14,3399.637,-14.047,30.179,29.542,23.494,4.0,
829,7.0,10.0,0.0,0.0,0.0,0.0,4102.879,4439.293,117.183,33.09,30.185,24.835,4.0,
830,9.0,12.0,0.0,0.0,0.0,0.0,5467.65,5267.953,109.665,29.756,26.412,24.061,4.0,
831,9.0,12.0,0.0,0.0,0.0,0.0,5476.655,5271.166,97.392,29.881,28.535,24.935,4.0,
</ResultDatas>,,,,,,,,,,,,,,
<ElementResult>,,,,,,,,,,,,,,
0,0.0,,,,,,,,,,,,,
1,0.0,,,,,,,,,,,,,
2,0.0,,,,,,,,,,,,,
3,6.0,,,,,,,,,,,,,
4,1.0,,,,,,,,,,,,,
5,622.0,,,,,,,,,,,,,
</ElementResult>,,,,,,,,,,,,,,
